survey_year,borough,demographic_group,category,pct_active,pct_fairly_active,pct_inactive,respondents,weighted_base,suppress
2022-23,London,Age9,16-24,69.7,8.8,21.5,1413,3554.5,False
2022-23,London,Age9,25-34,72.0,9.1,18.9,2859,5886.6,False
2022-23,London,Age9,35-44,67.7,9.3,22.9,3466,5367.0,False
2022-23,London,Age9,45-54,65.8,11.0,23.2,2826,4213.2,False
2022-23,London,Age9,55-64,64.3,9.9,25.8,2663,3352.5,False
2022-23,London,Age9,65-74,64.6,10.3,25.1,2045,2289.2,False
2022-23,London,Age9,75-84,51.9,12.5,35.6,1082,1478.6,False
2022-23,London,Age9,85+,32.9,11.4,55.8,258,360.3,False
2022-23,Barking and Dagenham,Age9,16-24,59.6,8.0,32.4,70,122.8,False
2022-23,Barking and Dagenham,Age9,25-34,54.4,13.4,32.3,76,111.5,False
2022-23,Barking and Dagenham,Age9,35-44,54.3,5.6,40.1,117,134.0,False
2022-23,Barking and Dagenham,Age9,45-54,53.9,8.9,37.2,94,114.6,False
2022-23,Barking and Dagenham,Age9,55-64,35.6,19.7,44.7,65,62.1,False
2022-23,Barking and Dagenham,Age9,65-74,43.1,7.5,49.4,53,33.2,False
2022-23,Barking and Dagenham,Age9,75-84,32.8,14.3,52.9,21,16.2,True
2022-23,Barking and Dagenham,Age9,85+,100.0,0.0,0.0,1,1.0,True
2022-23,Barnet,Age9,16-24,73.9,7.5,18.6,40,147.0,False
2022-23,Barnet,Age9,25-34,83.8,4.0,12.1,52,175.5,False
2022-23,Barnet,Age9,35-44,87.7,2.3,10.0,93,209.1,False
2022-23,Barnet,Age9,45-54,72.1,13.8,14.2,84,226.3,False
2022-23,Barnet,Age9,55-64,68.0,9.6,22.4,91,169.4,False
2022-23,Barnet,Age9,65-74,63.7,19.9,16.4,80,140.1,False
2022-23,Barnet,Age9,75-84,57.3,6.0,36.7,33,74.1,False
2022-23,Barnet,Age9,85+,92.5,0.0,7.5,11,23.1,True
2022-23,Bexley,Age9,16-24,79.2,0.8,20.0,44,119.6,False
2022-23,Bexley,Age9,25-34,74.6,8.3,17.1,56,107.4,False
2022-23,Bexley,Age9,35-44,69.5,10.2,20.3,102,152.4,False
2022-23,Bexley,Age9,45-54,54.1,17.6,28.2,80,116.2,False
2022-23,Bexley,Age9,55-64,64.2,7.4,28.4,77,90.5,False
2022-23,Bexley,Age9,65-74,54.1,8.5,37.4,87,81.2,False
2022-23,Bexley,Age9,75-84,33.8,15.5,50.7,32,47.5,False
2022-23,Bexley,Age9,85+,44.7,27.5,27.8,10,9.2,True
2022-23,Brent,Age9,16-24,71.0,13.2,15.9,51,165.1,False
2022-23,Brent,Age9,25-34,55.7,17.4,26.9,75,179.5,False
2022-23,Brent,Age9,35-44,64.4,8.7,26.9,120,221.4,False
2022-23,Brent,Age9,45-54,56.6,12.0,31.3,77,161.9,False
2022-23,Brent,Age9,55-64,70.4,9.6,20.0,84,143.1,False
2022-23,Brent,Age9,65-74,53.6,20.9,25.5,62,80.1,False
2022-23,Brent,Age9,75-84,35.8,12.1,52.1,17,35.0,True
2022-23,Brent,Age9,85+,42.9,7.1,50.0,17,28.4,True
2022-23,Bromley,Age9,16-24,81.2,6.4,12.4,28,89.9,True
2022-23,Bromley,Age9,25-34,65.7,14.9,19.4,47,146.0,False
2022-23,Bromley,Age9,35-44,76.0,7.9,16.1,89,204.1,False
2022-23,Bromley,Age9,45-54,62.9,15.3,21.7,94,181.8,False
2022-23,Bromley,Age9,55-64,69.1,5.0,25.8,106,168.4,False
2022-23,Bromley,Age9,65-74,63.6,11.8,24.6,76,111.7,False
2022-23,Bromley,Age9,75-84,52.1,12.1,35.8,53,97.7,False
2022-23,Bromley,Age9,85+,18.4,0.0,81.6,4,4.7,True
2022-23,Camden,Age9,16-24,81.9,9.0,9.1,46,85.6,False
2022-23,Camden,Age9,25-34,74.8,10.3,14.9,86,156.4,False
2022-23,Camden,Age9,35-44,73.4,5.5,21.1,98,134.6,False
2022-23,Camden,Age9,45-54,71.7,12.1,16.2,96,106.5,False
2022-23,Camden,Age9,55-64,70.5,7.3,22.2,81,83.8,False
2022-23,Camden,Age9,65-74,75.0,10.5,14.5,52,46.5,False
2022-23,Camden,Age9,75-84,79.9,3.6,16.5,38,44.7,False
2022-23,Camden,Age9,85+,47.4,15.6,37.0,11,17.8,True
2022-23,City of London,Age9,16-24,100.0,0.0,0.0,6,1.3,True
2022-23,City of London,Age9,25-34,70.3,12.9,16.7,43,7.9,False
2022-23,City of London,Age9,35-44,42.5,27.0,30.6,49,6.4,False
2022-23,City of London,Age9,45-54,27.4,22.7,49.9,40,4.8,False
2022-23,City of London,Age9,55-64,38.3,17.0,44.6,37,3.3,False
2022-23,City of London,Age9,65-74,50.6,0.0,49.4,34,3.6,False
2022-23,City of London,Age9,75-84,39.7,5.3,55.1,24,3.6,True
2022-23,Croydon,Age9,16-24,74.1,1.9,24.0,38,149.9,False
2022-23,Croydon,Age9,25-34,69.3,9.2,21.5,81,249.8,False
2022-23,Croydon,Age9,35-44,64.2,14.6,21.2,111,222.9,False
2022-23,Croydon,Age9,45-54,74.5,14.2,11.2,89,174.6,False
2022-23,Croydon,Age9,55-64,53.3,13.0,33.7,79,146.2,False
2022-23,Croydon,Age9,65-74,66.0,7.8,26.2,72,108.5,False
2022-23,Croydon,Age9,75-84,56.6,16.1,27.3,42,89.7,False
2022-23,Croydon,Age9,85+,16.5,0.0,83.5,7,18.5,True
2022-23,Ealing,Age9,16-24,72.3,3.0,24.7,64,214.8,False
2022-23,Ealing,Age9,25-34,64.5,3.3,32.3,58,161.7,False
2022-23,Ealing,Age9,35-44,68.8,8.2,23.0,106,204.2,False
2022-23,Ealing,Age9,45-54,72.7,8.7,18.5,100,208.7,False
2022-23,Ealing,Age9,55-64,68.2,4.5,27.3,84,134.0,False
2022-23,Ealing,Age9,65-74,72.1,7.0,20.9,64,85.3,False
2022-23,Ealing,Age9,75-84,68.5,12.8,18.7,32,51.5,False
2022-23,Ealing,Age9,85+,25.6,22.4,52.0,11,19.8,True
2022-23,Enfield,Age9,16-24,60.4,14.6,25.0,39,134.8,False
2022-23,Enfield,Age9,25-34,64.0,11.7,24.4,51,123.4,False
2022-23,Enfield,Age9,35-44,54.7,5.7,39.6,97,202.4,False
2022-23,Enfield,Age9,45-54,71.7,5.5,22.8,80,169.2,False
2022-23,Enfield,Age9,55-64,65.4,13.1,21.5,96,138.2,False
2022-23,Enfield,Age9,65-74,54.4,4.4,41.2,69,92.3,False
2022-23,Enfield,Age9,75-84,54.5,14.9,30.6,44,81.4,False
2022-23,Enfield,Age9,85+,9.0,11.3,79.7,18,25.6,True
2022-23,Greenwich,Age9,16-24,51.6,12.3,36.2,79,103.9,False
2022-23,Greenwich,Age9,25-34,68.2,14.3,17.5,187,218.8,False
2022-23,Greenwich,Age9,35-44,63.9,10.0,26.1,247,204.2,False
2022-23,Greenwich,Age9,45-54,66.1,7.2,26.7,170,145.1,False
2022-23,Greenwich,Age9,55-64,57.0,12.7,30.3,133,84.7,False
2022-23,Greenwich,Age9,65-74,69.8,9.4,20.8,99,59.6,False
2022-23,Greenwich,Age9,75-84,35.1,23.2,41.7,60,45.0,False
2022-23,Greenwich,Age9,85+,38.1,14.3,47.7,8,4.8,True
2022-23,Hackney,Age9,16-24,66.8,11.2,22.0,39,105.5,False
2022-23,Hackney,Age9,25-34,82.2,6.1,11.7,103,200.8,False
2022-23,Hackney,Age9,35-44,65.1,8.0,26.9,104,167.5,False
2022-23,Hackney,Age9,45-54,74.2,4.5,21.3,90,128.0,False
2022-23,Hackney,Age9,55-64,51.5,4.7,43.8,68,72.9,False
2022-23,Hackney,Age9,65-74,54.6,11.2,34.2,66,77.8,False
2022-23,Hackney,Age9,75-84,22.5,9.3,68.2,19,25.3,True
2022-23,Hackney,Age9,85+,49.3,0.0,50.7,3,4.1,True
2022-23,Hammersmith and Fulham,Age9,16-24,82.4,5.5,12.1,48,78.0,False
2022-23,Hammersmith and Fulham,Age9,25-34,80.5,9.4,10.1,98,144.8,False
2022-23,Hammersmith and Fulham,Age9,35-44,65.1,10.1,24.8,97,114.5,False
2022-23,Hammersmith and Fulham,Age9,45-54,85.5,5.1,9.4,88,93.8,False
2022-23,Hammersmith and Fulham,Age9,55-64,66.3,9.5,24.1,76,73.7,False
2022-23,Hammersmith and Fulham,Age9,65-74,70.9,5.1,23.9,49,36.7,False
2022-23,Hammersmith and Fulham,Age9,75-84,39.1,34.1,26.8,29,33.0,True
2022-23,Hammersmith and Fulham,Age9,85+,64.3,9.6,26.1,7,6.0,True
2022-23,Haringey,Age9,16-24,56.9,15.6,27.5,48,106.6,False
2022-23,Haringey,Age9,25-34,74.1,10.9,15.0,80,185.9,False
2022-23,Haringey,Age9,35-44,74.4,6.4,19.1,103,141.7,False
2022-23,Haringey,Age9,45-54,71.4,6.1,22.4,94,113.5,False
2022-23,Haringey,Age9,55-64,63.2,9.0,27.8,80,100.0,False
2022-23,Haringey,Age9,65-74,68.4,11.8,19.8,68,75.1,False
2022-23,Haringey,Age9,75-84,57.7,10.6,31.8,46,68.5,False
2022-23,Haringey,Age9,85+,31.6,0.0,68.4,8,12.3,True
2022-23,Harrow,Age9,16-24,79.3,2.2,18.5,35,94.9,False
2022-23,Harrow,Age9,25-34,55.7,13.1,31.3,46,117.1,False
2022-23,Harrow,Age9,35-44,60.4,14.2,25.4,94,167.3,False
2022-23,Harrow,Age9,45-54,62.8,15.1,22.1,74,96.1,False
2022-23,Harrow,Age9,55-64,64.6,12.0,23.4,109,170.4,False
2022-23,Harrow,Age9,65-74,60.9,22.7,16.4,63,69.9,False
2022-23,Harrow,Age9,75-84,42.4,7.5,50.1,43,51.0,False
2022-23,Harrow,Age9,85+,20.1,15.3,64.6,11,16.5,True
2022-23,Havering,Age9,16-24,67.0,12.7,20.3,26,73.9,True
2022-23,Havering,Age9,25-34,74.2,9.5,16.3,59,107.6,False
2022-23,Havering,Age9,35-44,64.5,11.0,24.6,90,182.3,False
2022-23,Havering,Age9,45-54,62.9,19.2,18.0,68,118.2,False
2022-23,Havering,Age9,55-64,70.2,7.9,21.9,86,114.7,False
2022-23,Havering,Age9,65-74,64.1,3.6,32.3,99,135.7,False
2022-23,Havering,Age9,75-84,52.2,13.5,34.2,34,47.6,False
2022-23,Havering,Age9,85+,11.3,0.0,88.7,14,21.8,True
2022-23,Hillingdon,Age9,16-24,59.0,9.2,31.8,41,121.4,False
2022-23,Hillingdon,Age9,25-34,68.9,7.5,23.6,54,143.5,False
2022-23,Hillingdon,Age9,35-44,62.4,9.4,28.3,104,185.3,False
2022-23,Hillingdon,Age9,45-54,52.3,16.3,31.4,72,119.3,False
2022-23,Hillingdon,Age9,55-64,61.2,12.2,26.5,96,159.8,False
2022-23,Hillingdon,Age9,65-74,49.3,14.0,36.6,68,89.9,False
2022-23,Hillingdon,Age9,75-84,65.6,11.3,23.1,41,63.3,False
2022-23,Hillingdon,Age9,85+,15.9,31.0,53.0,10,15.6,True
2022-23,Hounslow,Age9,16-24,69.0,9.3,21.7,42,89.5,False
2022-23,Hounslow,Age9,25-34,46.7,13.1,40.2,70,171.0,False
2022-23,Hounslow,Age9,35-44,61.8,10.2,28.0,89,169.9,False
2022-23,Hounslow,Age9,45-54,63.1,17.7,19.2,94,152.7,False
2022-23,Hounslow,Age9,55-64,51.2,14.5,34.2,94,138.3,False
2022-23,Hounslow,Age9,65-74,68.9,7.1,24.0,53,56.3,False
2022-23,Hounslow,Age9,75-84,52.1,14.8,33.1,35,49.8,False
2022-23,Hounslow,Age9,85+,40.6,35.9,23.5,6,6.5,True
2022-23,Islington,Age9,16-24,78.7,12.1,9.2,47,108.0,False
2022-23,Islington,Age9,25-34,86.0,4.8,9.2,135,216.8,False
2022-23,Islington,Age9,35-44,72.6,12.2,15.2,95,116.6,False
2022-23,Islington,Age9,45-54,69.9,9.0,21.1,85,101.1,False
2022-23,Islington,Age9,55-64,69.2,9.1,21.7,56,66.0,False
2022-23,Islington,Age9,65-74,79.6,1.0,19.4,50,48.3,False
2022-23,Islington,Age9,75-84,40.0,13.4,46.6,29,32.7,True
2022-23,Islington,Age9,85+,22.2,0.0,77.8,8,10.1,True
2022-23,Kensington and Chelsea,Age9,16-24,85.2,2.8,12.0,40,55.1,False
2022-23,Kensington and Chelsea,Age9,25-34,73.8,5.1,21.1,68,81.5,False
2022-23,Kensington and Chelsea,Age9,35-44,69.1,13.1,17.8,56,51.6,False
2022-23,Kensington and Chelsea,Age9,45-54,62.6,9.7,27.7,75,73.8,False
2022-23,Kensington and Chelsea,Age9,55-64,73.4,12.1,14.5,105,87.1,False
2022-23,Kensington and Chelsea,Age9,65-74,64.8,8.6,26.6,76,53.0,False
2022-23,Kensington and Chelsea,Age9,75-84,65.2,8.3,26.5,44,34.9,False
2022-23,Kensington and Chelsea,Age9,85+,47.4,18.9,33.7,17,15.3,True
2022-23,Kingston upon Thames,Age9,16-24,68.8,12.1,19.1,30,61.1,False
2022-23,Kingston upon Thames,Age9,25-34,83.8,7.4,8.7,49,62.3,False
2022-23,Kingston upon Thames,Age9,35-44,73.0,12.1,14.9,107,104.7,False
2022-23,Kingston upon Thames,Age9,45-54,64.1,9.5,26.5,105,99.0,False
2022-23,Kingston upon Thames,Age9,55-64,72.5,5.7,21.8,91,81.2,False
2022-23,Kingston upon Thames,Age9,65-74,71.2,11.0,17.7,61,45.1,False
2022-23,Kingston upon Thames,Age9,75-84,54.6,18.8,26.6,49,48.5,False
2022-23,Kingston upon Thames,Age9,85+,37.6,13.0,49.4,7,10.2,True
2022-23,Lambeth,Age9,16-24,60.3,17.3,22.4,47,114.3,False
2022-23,Lambeth,Age9,25-34,81.1,5.7,13.2,129,351.2,False
2022-23,Lambeth,Age9,35-44,76.8,8.3,15.0,102,193.1,False
2022-23,Lambeth,Age9,45-54,74.7,12.8,12.5,85,114.6,False
2022-23,Lambeth,Age9,55-64,63.0,9.4,27.6,70,114.3,False
2022-23,Lambeth,Age9,65-74,59.1,13.6,27.3,51,67.5,False
2022-23,Lambeth,Age9,75-84,47.1,8.2,44.7,28,47.3,True
2022-23,Lambeth,Age9,85+,0.0,24.3,75.7,3,3.6,True
2022-23,Lewisham,Age9,16-24,72.7,13.3,14.1,42,132.8,False
2022-23,Lewisham,Age9,25-34,75.5,4.6,19.9,119,261.7,False
2022-23,Lewisham,Age9,35-44,76.5,10.6,13.0,98,158.8,False
2022-23,Lewisham,Age9,45-54,63.3,10.6,26.1,88,147.6,False
2022-23,Lewisham,Age9,55-64,55.4,8.4,36.2,85,104.3,False
2022-23,Lewisham,Age9,65-74,70.8,5.7,23.5,47,64.2,False
2022-23,Lewisham,Age9,75-84,49.3,21.7,29.0,22,33.9,True
2022-23,Lewisham,Age9,85+,21.4,0.0,78.6,4,4.0,True
2022-23,Merton,Age9,16-24,77.7,7.3,14.9,31,65.5,False
2022-23,Merton,Age9,25-34,82.3,8.3,9.4,86,125.2,False
2022-23,Merton,Age9,35-44,59.0,12.9,28.1,134,167.6,False
2022-23,Merton,Age9,45-54,64.2,8.0,27.8,88,122.8,False
2022-23,Merton,Age9,55-64,63.4,12.5,24.1,62,56.6,False
2022-23,Merton,Age9,65-74,57.6,16.9,25.5,57,46.5,False
2022-23,Merton,Age9,75-84,44.8,6.5,48.7,38,44.0,False
2022-23,Merton,Age9,85+,56.8,7.4,35.9,7,9.6,True
2022-23,Newham,Age9,16-24,51.9,10.5,37.6,62,171.6,False
2022-23,Newham,Age9,25-34,63.9,9.3,26.7,133,328.2,False
2022-23,Newham,Age9,35-44,58.6,13.0,28.4,121,237.2,False
2022-23,Newham,Age9,45-54,50.7,13.9,35.4,70,135.5,False
2022-23,Newham,Age9,55-64,50.8,8.0,41.2,40,57.1,False
2022-23,Newham,Age9,65-74,56.0,10.7,33.3,26,34.3,True
2022-23,Newham,Age9,75-84,31.3,13.2,55.5,16,19.7,True
2022-23,Newham,Age9,85+,0.0,16.4,83.6,5,4.7,True
2022-23,Redbridge,Age9,16-24,68.6,6.3,25.0,44,131.3,False
2022-23,Redbridge,Age9,25-34,56.0,16.3,27.7,82,180.9,False
2022-23,Redbridge,Age9,35-44,57.4,8.6,34.0,108,207.7,False
2022-23,Redbridge,Age9,45-54,62.2,11.8,26.0,95,169.0,False
2022-23,Redbridge,Age9,55-64,61.2,17.2,21.7,69,84.4,False
2022-23,Redbridge,Age9,65-74,63.4,10.7,25.9,56,73.3,False
2022-23,Redbridge,Age9,75-84,44.2,18.0,37.8,25,33.4,True
2022-23,Redbridge,Age9,85+,36.2,15.7,48.2,8,13.5,True
2022-23,Richmond upon Thames,Age9,16-24,100.0,0.0,0.0,15,46.6,True
2022-23,Richmond upon Thames,Age9,25-34,84.3,4.3,11.4,46,74.0,False
2022-23,Richmond upon Thames,Age9,35-44,70.3,11.5,18.3,91,109.6,False
2022-23,Richmond upon Thames,Age9,45-54,77.6,11.3,11.1,100,113.2,False
2022-23,Richmond upon Thames,Age9,55-64,78.3,9.4,12.3,118,111.3,False
2022-23,Richmond upon Thames,Age9,65-74,75.8,8.5,15.7,98,87.0,False
2022-23,Richmond upon Thames,Age9,75-84,56.2,14.7,29.0,45,51.2,False
2022-23,Richmond upon Thames,Age9,85+,51.3,35.1,13.6,7,6.0,True
2022-23,Southwark,Age9,16-24,66.2,8.1,25.7,58,140.7,False
2022-23,Southwark,Age9,25-34,80.1,9.4,10.5,137,289.4,False
2022-23,Southwark,Age9,35-44,78.9,6.1,15.0,106,182.5,False
2022-23,Southwark,Age9,45-54,64.0,20.0,16.0,77,125.5,False
2022-23,Southwark,Age9,55-64,63.9,4.5,31.5,62,102.1,False
2022-23,Southwark,Age9,65-74,71.9,8.2,20.0,50,77.5,False
2022-23,Southwark,Age9,75-84,64.7,12.9,22.4,19,28.8,True
2022-23,Southwark,Age9,85+,0.0,0.0,100.0,2,5.4,True
2022-23,Sutton,Age9,16-24,70.4,14.8,14.8,23,58.0,True
2022-23,Sutton,Age9,25-34,80.6,7.7,11.7,59,92.5,False
2022-23,Sutton,Age9,35-44,75.5,9.0,15.5,101,146.0,False
2022-23,Sutton,Age9,45-54,81.4,6.8,11.8,92,131.6,False
2022-23,Sutton,Age9,55-64,64.3,17.7,18.0,70,86.3,False
2022-23,Sutton,Age9,65-74,74.6,10.5,14.9,78,73.8,False
2022-23,Sutton,Age9,75-84,46.6,11.2,42.2,27,32.1,True
2022-23,Sutton,Age9,85+,0.0,13.4,86.6,6,7.1,True
2022-23,Tower Hamlets,Age9,16-24,66.7,0.0,33.3,56,135.3,False
2022-23,Tower Hamlets,Age9,25-34,71.3,10.5,18.2,162,356.4,False
2022-23,Tower Hamlets,Age9,35-44,72.2,10.2,17.6,140,233.9,False
2022-23,Tower Hamlets,Age9,45-54,47.1,6.2,46.8,62,107.7,False
2022-23,Tower Hamlets,Age9,55-64,54.0,14.7,31.2,41,57.3,False
2022-23,Tower Hamlets,Age9,65-74,70.1,3.6,26.4,25,31.2,True
2022-23,Tower Hamlets,Age9,75-84,28.6,7.7,63.7,12,22.0,True
2022-23,Tower Hamlets,Age9,85+,48.5,0.0,51.5,5,5.8,True
2022-23,Waltham Forest,Age9,16-24,68.3,7.3,24.4,30,68.0,False
2022-23,Waltham Forest,Age9,25-34,55.2,7.4,37.4,91,204.6,False
2022-23,Waltham Forest,Age9,35-44,60.9,10.6,28.5,123,168.8,False
2022-23,Waltham Forest,Age9,45-54,52.4,10.0,37.7,92,139.3,False
2022-23,Waltham Forest,Age9,55-64,69.8,7.0,23.2,76,96.6,False
2022-23,Waltham Forest,Age9,65-74,71.2,4.2,24.5,66,79.8,False
2022-23,Waltham Forest,Age9,75-84,49.2,8.1,42.7,30,45.5,False
2022-23,Waltham Forest,Age9,85+,17.0,10.2,72.7,9,11.7,True
2022-23,Wandsworth,Age9,16-24,85.9,12.9,1.2,47,147.9,False
2022-23,Wandsworth,Age9,25-34,83.8,10.0,6.2,139,360.4,False
2022-23,Wandsworth,Age9,35-44,74.3,9.8,15.8,87,156.6,False
2022-23,Wandsworth,Age9,45-54,69.1,2.5,28.5,72,137.8,False
2022-23,Wandsworth,Age9,55-64,81.1,6.0,12.9,90,112.2,False
2022-23,Wandsworth,Age9,65-74,71.5,9.4,19.1,46,75.8,False
2022-23,Wandsworth,Age9,75-84,76.0,3.0,21.0,19,29.4,True
2022-23,Wandsworth,Age9,85+,100.0,0.0,0.0,1,1.3,True
2022-23,Westminster,Age9,16-24,62.3,13.9,23.8,57,114.1,False
2022-23,Westminster,Age9,25-34,78.3,3.7,18.0,102,192.7,False
2022-23,Westminster,Age9,35-44,72.9,4.1,23.0,87,107.8,False
2022-23,Westminster,Age9,45-54,69.0,2.7,28.3,56,63.6,False
2022-23,Westminster,Age9,55-64,65.0,6.6,28.4,86,82.3,False
2022-23,Westminster,Age9,65-74,63.4,15.4,21.1,44,48.2,False
2022-23,Westminster,Age9,75-84,59.1,6.9,34.0,36,50.3,False
2022-23,Westminster,Age9,85+,23.7,14.3,62.0,12,16.4,True
2022-23,London,Gend3,Female,63.7,10.6,25.8,9313,13264.9,False
2022-23,London,Gend3,Male,69.3,9.1,21.6,7278,13151.6,False
2022-23,London,Gend3,Other,61.3,8.3,30.4,123,219.4,False
2022-23,Barking and Dagenham,Gend3,Female,52.3,11.5,36.1,301,329.2,False
2022-23,Barking and Dagenham,Gend3,Male,52.2,7.3,40.5,193,262.1,False
2022-23,Barking and Dagenham,Gend3,Other,59.3,27.6,13.1,6,8.7,True
2022-23,Barnet,Gend3,Female,70.3,10.1,19.6,273,587.7,False
2022-23,Barnet,Gend3,Male,77.8,7.6,14.7,209,566.6,False
2022-23,Barnet,Gend3,Other,94.4,0.0,5.6,5,15.8,True
2022-23,Bexley,Gend3,Female,61.5,11.8,26.7,276,377.7,False
2022-23,Bexley,Gend3,Male,67.0,7.8,25.2,216,350.7,False
2022-23,Bexley,Gend3,Other,0.0,0.0,100.0,1,1.3,True
2022-23,Brent,Gend3,Female,54.6,11.4,33.9,268,482.0,False
2022-23,Brent,Gend3,Male,66.4,13.3,20.2,234,533.8,False
2022-23,Brent,Gend3,Other,70.6,0.0,29.4,3,4.0,True
2022-23,Bromley,Gend3,Female,66.7,13.2,20.0,283,514.9,False
2022-23,Bromley,Gend3,Male,68.3,7.6,24.1,212,487.7,False
2022-23,Bromley,Gend3,Other,52.6,0.0,47.4,2,1.7,True
2022-23,Camden,Gend3,Female,75.8,8.7,15.5,293,335.8,False
2022-23,Camden,Gend3,Male,71.7,9.0,19.2,211,334.3,False
2022-23,Camden,Gend3,Other,93.8,0.0,6.2,5,6.5,True
2022-23,City of London,Gend3,Female,40.6,9.8,49.6,103,12.4,False
2022-23,City of London,Gend3,Male,57.2,17.3,25.5,128,18.2,False
2022-23,City of London,Gend3,Other,0.0,62.7,37.3,2,0.4,True
2022-23,Croydon,Gend3,Female,59.6,11.9,28.5,285,571.8,False
2022-23,Croydon,Gend3,Male,70.4,9.9,19.7,232,572.1,False
2022-23,Croydon,Gend3,Other,95.0,0.0,5.0,4,15.1,True
2022-23,Ealing,Gend3,Female,61.8,9.1,29.0,268,478.0,False
2022-23,Ealing,Gend3,Male,73.7,4.3,22.0,251,600.6,False
2022-23,Ealing,Gend3,Other,75.0,0.0,25.0,5,11.9,True
2022-23,Enfield,Gend3,Female,56.1,10.0,33.9,296,528.0,False
2022-23,Enfield,Gend3,Male,65.4,9.0,25.6,200,440.2,False
2022-23,Enfield,Gend3,Other,54.2,0.0,45.8,4,12.9,True
2022-23,Greenwich,Gend3,Female,60.6,11.0,28.4,548,424.7,False
2022-23,Greenwich,Gend3,Male,63.4,11.8,24.7,431,439.8,False
2022-23,Greenwich,Gend3,Other,28.0,49.4,22.6,11,7.2,True
2022-23,Hackney,Gend3,Female,68.7,4.9,26.4,283,386.1,False
2022-23,Hackney,Gend3,Male,66.6,9.9,23.5,205,391.6,False
2022-23,Hackney,Gend3,Other,23.3,0.0,76.7,5,7.4,True
2022-23,Hammersmith and Fulham,Gend3,Female,70.9,11.0,18.1,259,272.7,False
2022-23,Hammersmith and Fulham,Gend3,Male,75.6,8.4,16.0,233,307.1,False
2022-23,Hammersmith and Fulham,Gend3,Other,100.0,0.0,0.0,3,3.5,True
2022-23,Haringey,Gend3,Female,65.6,10.7,23.7,310,413.8,False
2022-23,Haringey,Gend3,Male,70.4,8.7,20.9,215,383.6,False
2022-23,Haringey,Gend3,Other,51.2,5.0,43.8,6,11.5,True
2022-23,Harrow,Gend3,Female,57.9,11.7,30.4,258,367.3,False
2022-23,Harrow,Gend3,Male,65.0,13.6,21.4,218,410.6,False
2022-23,Harrow,Gend3,Other,0.0,0.0,100.0,2,7.4,True
2022-23,Havering,Gend3,Female,59.9,13.4,26.8,272,418.8,False
2022-23,Havering,Gend3,Male,67.9,7.6,24.5,204,384.3,False
2022-23,Havering,Gend3,Other,85.2,0.0,14.8,4,5.7,True
2022-23,Hillingdon,Gend3,Female,58.7,11.9,29.4,271,470.9,False
2022-23,Hillingdon,Gend3,Male,60.7,11.3,28.0,214,420.3,False
2022-23,Hillingdon,Gend3,Other,48.2,0.0,51.8,4,8.8,True
2022-23,Hounslow,Gend3,Female,64.1,8.6,27.3,259,372.5,False
2022-23,Hounslow,Gend3,Male,53.4,16.2,30.4,221,452.2,False
2022-23,Hounslow,Gend3,Other,33.1,25.8,41.0,8,15.2,True
2022-23,Islington,Gend3,Female,74.5,7.7,17.8,294,367.5,False
2022-23,Islington,Gend3,Male,77.1,8.3,14.6,204,319.0,False
2022-23,Islington,Gend3,Other,47.5,22.2,30.3,7,12.9,True
2022-23,Kensington and Chelsea,Gend3,Female,64.2,8.2,27.7,257,217.4,False
2022-23,Kensington and Chelsea,Gend3,Male,74.3,9.6,16.1,230,238.2,False
2022-23,Kensington and Chelsea,Gend3,Other,100.0,0.0,0.0,1,2.0,True
2022-23,Kingston upon Thames,Gend3,Female,66.0,8.1,25.9,289,262.1,False
2022-23,Kingston upon Thames,Gend3,Male,72.7,13.3,14.1,209,247.3,False
2022-23,Kingston upon Thames,Gend3,Other,100.0,0.0,0.0,2,3.1,True
2022-23,Lambeth,Gend3,Female,64.6,12.2,23.2,295,552.0,False
2022-23,Lambeth,Gend3,Male,79.6,6.2,14.2,219,451.7,False
2022-23,Lambeth,Gend3,Other,78.9,0.0,21.1,3,7.5,True
2022-23,Lewisham,Gend3,Female,61.0,12.8,26.2,299,486.0,False
2022-23,Lewisham,Gend3,Male,78.9,4.7,16.3,205,417.2,False
2022-23,Lewisham,Gend3,Other,72.8,0.0,27.2,2,5.8,True
2022-23,Merton,Gend3,Female,65.5,8.3,26.2,280,321.3,False
2022-23,Merton,Gend3,Male,66.7,12.0,21.4,226,322.8,False
2022-23,Merton,Gend3,Other,100.0,0.0,0.0,1,1.0,True
2022-23,Newham,Gend3,Female,53.5,14.8,31.7,252,467.9,False
2022-23,Newham,Gend3,Male,58.8,7.7,33.5,225,525.6,False
2022-23,Newham,Gend3,Other,52.5,0.0,47.5,3,3.3,True
2022-23,Redbridge,Gend3,Female,59.7,10.0,30.2,258,401.4,False
2022-23,Redbridge,Gend3,Male,60.2,13.3,26.5,230,494.9,False
2022-23,Redbridge,Gend3,Other,100.0,0.0,0.0,1,0.9,True
2022-23,Richmond upon Thames,Gend3,Female,77.1,11.2,11.7,287,301.3,False
2022-23,Richmond upon Thames,Gend3,Male,76.0,7.6,16.4,233,296.4,False
2022-23,Richmond upon Thames,Gend3,Other,100.0,0.0,0.0,1,1.8,True
2022-23,Southwark,Gend3,Female,67.6,12.2,20.3,289,477.7,False
2022-23,Southwark,Gend3,Male,76.2,6.5,17.3,220,471.9,False
2022-23,Southwark,Gend3,Other,66.0,7.4,26.5,4,8.2,True
2022-23,Sutton,Gend3,Female,67.1,12.0,20.9,272,344.8,False
2022-23,Sutton,Gend3,Male,80.4,8.4,11.2,185,282.7,False
2022-23,Sutton,Gend3,Other,100.0,0.0,0.0,2,1.4,True
2022-23,Tower Hamlets,Gend3,Female,63.7,8.8,27.5,265,424.0,False
2022-23,Tower Hamlets,Gend3,Male,67.7,8.1,24.2,234,517.4,False
2022-23,Tower Hamlets,Gend3,Other,53.9,0.0,46.1,4,9.7,True
2022-23,Waltham Forest,Gend3,Female,57.2,8.4,34.4,299,424.5,False
2022-23,Waltham Forest,Gend3,Male,62.1,7.5,30.4,220,389.5,False
2022-23,Waltham Forest,Gend3,Other,18.9,33.9,47.2,6,6.2,True
2022-23,Wandsworth,Gend3,Female,77.0,9.3,13.7,286,513.9,False
2022-23,Wandsworth,Gend3,Male,81.5,7.8,10.7,215,501.3,False
2022-23,Wandsworth,Gend3,Other,76.6,23.4,0.0,3,8.2,True
2022-23,Westminster,Gend3,Female,63.5,7.9,28.6,285,358.7,False
2022-23,Westminster,Gend3,Male,75.0,6.1,18.9,196,319.4,False
2022-23,Westminster,Gend3,Other,35.4,0.0,64.6,3,2.5,True
2022-23,London,Eth7,Asian (excl. Chinese),58.8,10.2,31.0,2399,5329.8,False
2022-23,London,Eth7,Black,55.1,12.2,32.8,1079,2245.6,False
2022-23,London,Eth7,Chinese,62.2,15.6,22.2,463,771.9,False
2022-23,London,Eth7,Mixed,70.4,10.4,19.2,577,1190.3,False
2022-23,London,Eth7,Other ethnic group,60.8,9.0,30.2,448,877.8,False
2022-23,London,Eth7,White British,73.3,8.8,18.0,7997,10767.2,False
2022-23,London,Eth7,White Other,71.3,8.8,19.9,2621,3755.9,False
2022-23,Barking and Dagenham,Eth7,Asian (excl. Chinese),48.5,5.5,46.0,125,206.0,False
2022-23,Barking and Dagenham,Eth7,Black,67.3,12.0,20.7,84,124.3,False
2022-23,Barking and Dagenham,Eth7,Mixed,0.0,40.4,59.6,11,17.2,True
2022-23,Barking and Dagenham,Eth7,Other ethnic group,23.6,21.5,54.9,7,8.8,True
2022-23,Barking and Dagenham,Eth7,White British,51.5,11.3,37.2,181,165.6,False
2022-23,Barking and Dagenham,Eth7,White Other,68.2,6.4,25.4,46,39.3,False
2022-23,Barnet,Eth7,Asian (excl. Chinese),73.5,12.6,13.8,78,244.0,False
2022-23,Barnet,Eth7,Black,65.0,9.6,25.4,15,55.1,True
2022-23,Barnet,Eth7,Chinese,65.9,23.2,10.9,19,43.5,True
2022-23,Barnet,Eth7,Mixed,90.4,2.1,7.5,18,51.7,True
2022-23,Barnet,Eth7,Other ethnic group,74.3,4.7,21.0,18,66.0,True
2022-23,Barnet,Eth7,White British,80.4,5.6,14.0,221,459.4,False
2022-23,Barnet,Eth7,White Other,66.1,11.7,22.1,93,205.9,False
2022-23,Bexley,Eth7,Asian (excl. Chinese),61.5,5.5,33.1,46,81.0,False
2022-23,Bexley,Eth7,Black,60.1,1.8,38.1,32,79.5,False
2022-23,Bexley,Eth7,Chinese,56.1,19.0,25.0,20,35.1,True
2022-23,Bexley,Eth7,Mixed,93.5,0.0,6.5,8,18.0,True
2022-23,Bexley,Eth7,Other ethnic group,91.5,8.5,0.0,5,7.5,True
2022-23,Bexley,Eth7,White British,66.5,11.0,22.4,325,429.5,False
2022-23,Bexley,Eth7,White Other,57.0,12.5,30.5,37,58.3,False
2022-23,Brent,Eth7,Asian (excl. Chinese),66.0,10.8,23.2,163,402.4,False
2022-23,Brent,Eth7,Black,56.1,20.1,23.8,42,85.2,False
2022-23,Brent,Eth7,Chinese,68.1,29.0,2.9,10,15.7,True
2022-23,Brent,Eth7,Mixed,63.4,23.6,12.9,24,57.9,True
2022-23,Brent,Eth7,Other ethnic group,49.7,9.4,40.8,25,66.3,True
2022-23,Brent,Eth7,White British,61.4,10.6,28.0,117,189.7,False
2022-23,Brent,Eth7,White Other,57.5,13.3,29.3,78,118.5,False
2022-23,Bromley,Eth7,Asian (excl. Chinese),49.8,15.3,35.0,21,34.8,True
2022-23,Bromley,Eth7,Black,82.3,3.3,14.5,16,43.9,True
2022-23,Bromley,Eth7,Chinese,82.7,17.3,0.0,8,19.5,True
2022-23,Bromley,Eth7,Mixed,83.8,0.0,16.2,14,53.1,True
2022-23,Bromley,Eth7,Other ethnic group,100.0,0.0,0.0,2,4.2,True
2022-23,Bromley,Eth7,White British,65.8,10.4,23.8,366,722.9,False
2022-23,Bromley,Eth7,White Other,76.5,14.2,9.3,50,89.4,False
2022-23,Camden,Eth7,Asian (excl. Chinese),60.2,5.4,34.4,44,71.6,False
2022-23,Camden,Eth7,Black,66.2,2.7,31.1,20,31.5,True
2022-23,Camden,Eth7,Chinese,58.7,15.5,25.9,22,33.9,True
2022-23,Camden,Eth7,Mixed,82.8,0.0,17.2,26,54.0,True
2022-23,Camden,Eth7,Other ethnic group,90.0,3.0,7.0,25,47.3,True
2022-23,Camden,Eth7,White British,80.8,7.8,11.4,211,231.9,False
2022-23,Camden,Eth7,White Other,80.5,6.2,13.3,116,126.0,False
2022-23,City of London,Eth7,Asian (excl. Chinese),47.3,32.6,20.1,12,2.3,True
2022-23,City of London,Eth7,Black,0.0,0.0,100.0,1,0.3,True
2022-23,City of London,Eth7,Chinese,35.0,13.5,51.5,12,1.4,True
2022-23,City of London,Eth7,Mixed,54.5,11.5,34.0,6,1.0,True
2022-23,City of London,Eth7,Other ethnic group,100.0,0.0,0.0,6,0.8,True
2022-23,City of London,Eth7,White British,46.4,15.9,37.8,169,21.7,False
2022-23,City of London,Eth7,White Other,72.7,0.0,27.3,22,3.0,True
2022-23,Croydon,Eth7,Asian (excl. Chinese),61.8,15.6,22.7,68,203.6,False
2022-23,Croydon,Eth7,Black,57.1,10.9,32.0,54,159.9,False
2022-23,Croydon,Eth7,Chinese,61.1,9.2,29.6,11,21.6,True
2022-23,Croydon,Eth7,Mixed,72.1,17.5,10.4,24,68.3,True
2022-23,Croydon,Eth7,Other ethnic group,74.6,0.0,25.4,11,16.9,True
2022-23,Croydon,Eth7,White British,70.6,8.5,20.9,260,499.1,False
2022-23,Croydon,Eth7,White Other,63.1,6.0,30.9,61,126.6,False
2022-23,Ealing,Eth7,Asian (excl. Chinese),65.9,8.1,26.0,112,319.1,False
2022-23,Ealing,Eth7,Black,47.1,9.4,43.5,21,50.8,True
2022-23,Ealing,Eth7,Chinese,47.0,8.3,44.6,14,36.3,True
2022-23,Ealing,Eth7,Mixed,92.3,0.0,7.7,15,33.4,True
2022-23,Ealing,Eth7,Other ethnic group,59.6,5.3,35.0,13,47.0,True
2022-23,Ealing,Eth7,White British,77.0,5.3,17.6,204,332.6,False
2022-23,Ealing,Eth7,White Other,69.1,6.5,24.4,106,191.4,False
2022-23,Enfield,Eth7,Asian (excl. Chinese),64.4,12.7,22.9,44,125.6,False
2022-23,Enfield,Eth7,Black,58.7,11.4,29.9,38,97.4,False
2022-23,Enfield,Eth7,Chinese,46.6,11.5,41.9,7,14.1,True
2022-23,Enfield,Eth7,Mixed,69.3,11.0,19.7,13,25.3,True
2022-23,Enfield,Eth7,Other ethnic group,44.5,6.7,48.8,20,37.0,True
2022-23,Enfield,Eth7,White British,64.8,9.4,25.8,271,470.6,False
2022-23,Enfield,Eth7,White Other,52.5,4.6,42.9,59,112.7,False
2022-23,Greenwich,Eth7,Asian (excl. Chinese),50.2,14.2,35.6,92,109.9,False
2022-23,Greenwich,Eth7,Black,59.0,11.8,29.1,96,121.8,False
2022-23,Greenwich,Eth7,Chinese,62.2,18.2,19.5,41,46.5,False
2022-23,Greenwich,Eth7,Mixed,50.4,3.5,46.1,37,38.1,False
2022-23,Greenwich,Eth7,Other ethnic group,57.2,6.2,36.6,21,25.3,True
2022-23,Greenwich,Eth7,White British,69.0,10.8,20.2,472,355.9,False
2022-23,Greenwich,Eth7,White Other,63.2,12.8,24.0,156,119.7,False
2022-23,Hackney,Eth7,Asian (excl. Chinese),56.9,6.6,36.5,32,82.6,False
2022-23,Hackney,Eth7,Black,39.2,19.2,41.6,47,99.4,False
2022-23,Hackney,Eth7,Chinese,22.6,30.7,46.7,10,20.7,True
2022-23,Hackney,Eth7,Mixed,69.8,0.0,30.2,21,44.3,True
2022-23,Hackney,Eth7,Other ethnic group,61.2,1.5,37.4,19,42.9,True
2022-23,Hackney,Eth7,White British,78.5,4.6,16.9,233,307.5,False
2022-23,Hackney,Eth7,White Other,77.3,3.3,19.4,95,136.5,False
2022-23,Hammersmith and Fulham,Eth7,Asian (excl. Chinese),68.6,19.9,11.5,38,59.9,False
2022-23,Hammersmith and Fulham,Eth7,Black,40.7,19.5,39.8,15,25.2,True
2022-23,Hammersmith and Fulham,Eth7,Chinese,78.7,0.0,21.3,16,29.3,True
2022-23,Hammersmith and Fulham,Eth7,Mixed,64.1,10.5,25.4,19,27.0,True
2022-23,Hammersmith and Fulham,Eth7,Other ethnic group,65.8,10.0,24.3,16,20.9,True
2022-23,Hammersmith and Fulham,Eth7,White British,77.6,8.4,14.0,249,270.8,False
2022-23,Hammersmith and Fulham,Eth7,White Other,72.5,8.5,18.9,105,102.4,False
2022-23,Haringey,Eth7,Asian (excl. Chinese),29.1,38.9,32.0,28,52.5,True
2022-23,Haringey,Eth7,Black,55.1,4.7,40.2,59,125.5,False
2022-23,Haringey,Eth7,Chinese,73.4,0.0,26.6,8,12.0,True
2022-23,Haringey,Eth7,Mixed,73.1,3.7,23.2,30,49.7,False
2022-23,Haringey,Eth7,Other ethnic group,55.4,1.9,42.7,22,31.1,True
2022-23,Haringey,Eth7,White British,77.5,8.9,13.6,252,344.3,False
2022-23,Haringey,Eth7,White Other,77.0,8.6,14.3,96,147.9,False
2022-23,Harrow,Eth7,Asian (excl. Chinese),62.4,12.6,25.0,216,426.2,False
2022-23,Harrow,Eth7,Black,37.0,22.0,41.0,14,25.0,True
2022-23,Harrow,Eth7,Chinese,56.7,10.0,33.3,12,17.6,True
2022-23,Harrow,Eth7,Mixed,64.7,25.7,9.6,6,12.4,True
2022-23,Harrow,Eth7,Other ethnic group,59.1,9.2,31.7,12,20.8,True
2022-23,Harrow,Eth7,White British,61.2,14.7,24.1,141,179.0,False
2022-23,Harrow,Eth7,White Other,78.7,4.0,17.2,39,49.6,False
2022-23,Havering,Eth7,Asian (excl. Chinese),64.0,3.7,32.3,53,126.1,False
2022-23,Havering,Eth7,Black,72.7,14.3,13.0,22,47.0,True
2022-23,Havering,Eth7,Chinese,62.2,19.5,18.4,15,26.0,True
2022-23,Havering,Eth7,Mixed,26.8,35.2,38.0,11,30.9,True
2022-23,Havering,Eth7,Other ethnic group,37.8,0.0,62.2,4,8.1,True
2022-23,Havering,Eth7,White British,67.9,8.2,23.8,321,485.9,False
2022-23,Havering,Eth7,White Other,70.8,6.8,22.4,28,44.4,True
2022-23,Hillingdon,Eth7,Asian (excl. Chinese),40.1,11.6,48.3,124,302.6,False
2022-23,Hillingdon,Eth7,Black,47.8,26.8,25.3,19,36.3,True
2022-23,Hillingdon,Eth7,Chinese,38.4,0.0,61.6,6,10.2,True
2022-23,Hillingdon,Eth7,Mixed,77.2,14.7,8.1,11,35.7,True
2022-23,Hillingdon,Eth7,Other ethnic group,57.8,9.2,33.0,18,36.8,True
2022-23,Hillingdon,Eth7,White British,71.3,11.4,17.3,229,338.1,False
2022-23,Hillingdon,Eth7,White Other,79.3,11.1,9.6,50,76.6,False
2022-23,Hounslow,Eth7,Asian (excl. Chinese),61.8,8.9,29.3,141,330.3,False
2022-23,Hounslow,Eth7,Black,60.3,5.1,34.5,22,48.7,True
2022-23,Hounslow,Eth7,Chinese,64.1,27.1,8.8,8,11.9,True
2022-23,Hounslow,Eth7,Mixed,58.5,26.0,15.5,16,27.6,True
2022-23,Hounslow,Eth7,Other ethnic group,15.7,12.8,71.5,13,41.7,True
2022-23,Hounslow,Eth7,White British,66.2,12.9,20.9,186,227.5,False
2022-23,Hounslow,Eth7,White Other,60.0,20.4,19.6,66,90.0,False
2022-23,Islington,Eth7,Asian (excl. Chinese),62.4,13.6,24.0,19,27.7,True
2022-23,Islington,Eth7,Black,40.7,21.9,37.4,27,56.9,True
2022-23,Islington,Eth7,Chinese,83.3,16.7,0.0,16,30.6,True
2022-23,Islington,Eth7,Mixed,81.7,5.4,13.0,23,41.6,True
2022-23,Islington,Eth7,Other ethnic group,91.1,8.9,0.0,15,29.1,True
2022-23,Islington,Eth7,White British,78.1,7.2,14.7,230,277.7,False
2022-23,Islington,Eth7,White Other,80.4,4.7,14.9,141,195.2,False
2022-23,Kensington and Chelsea,Eth7,Asian (excl. Chinese),83.3,8.0,8.7,26,36.8,True
2022-23,Kensington and Chelsea,Eth7,Black,31.5,16.6,51.8,22,32.3,True
2022-23,Kensington and Chelsea,Eth7,Chinese,74.2,0.0,25.8,16,22.7,True
2022-23,Kensington and Chelsea,Eth7,Mixed,66.3,13.2,20.5,19,17.6,True
2022-23,Kensington and Chelsea,Eth7,Other ethnic group,50.4,0.0,49.6,20,21.1,True
2022-23,Kensington and Chelsea,Eth7,White British,71.2,10.6,18.2,223,177.9,False
2022-23,Kensington and Chelsea,Eth7,White Other,75.8,8.2,16.0,122,119.0,False
2022-23,Kingston upon Thames,Eth7,Asian (excl. Chinese),70.0,5.6,24.5,45,67.5,False
2022-23,Kingston upon Thames,Eth7,Black,45.1,54.9,0.0,4,10.1,True
2022-23,Kingston upon Thames,Eth7,Chinese,50.2,35.2,14.6,17,13.6,True
2022-23,Kingston upon Thames,Eth7,Mixed,58.0,16.0,26.0,12,12.8,True
2022-23,Kingston upon Thames,Eth7,Other ethnic group,67.6,0.0,32.4,12,10.6,True
2022-23,Kingston upon Thames,Eth7,White British,75.0,8.7,16.3,309,280.6,False
2022-23,Kingston upon Thames,Eth7,White Other,72.3,7.3,20.4,65,75.6,False
2022-23,Lambeth,Eth7,Asian (excl. Chinese),76.1,7.8,16.1,28,61.6,True
2022-23,Lambeth,Eth7,Black,48.9,10.6,40.4,57,139.7,False
2022-23,Lambeth,Eth7,Chinese,42.5,34.8,22.7,9,18.4,True
2022-23,Lambeth,Eth7,Mixed,83.3,3.6,13.1,29,68.0,True
2022-23,Lambeth,Eth7,Other ethnic group,46.7,29.2,24.1,12,28.7,True
2022-23,Lambeth,Eth7,White British,81.8,8.3,9.8,260,473.9,False
2022-23,Lambeth,Eth7,White Other,67.4,8.8,23.8,85,152.1,False
2022-23,Lewisham,Eth7,Asian (excl. Chinese),60.0,7.2,32.8,37,91.8,False
2022-23,Lewisham,Eth7,Black,53.0,14.8,32.2,68,131.0,False
2022-23,Lewisham,Eth7,Chinese,24.6,39.5,35.9,9,23.5,True
2022-23,Lewisham,Eth7,Mixed,77.1,11.7,11.2,24,49.2,True
2022-23,Lewisham,Eth7,Other ethnic group,62.5,6.3,31.1,8,14.3,True
2022-23,Lewisham,Eth7,White British,77.3,6.1,16.6,255,417.5,False
2022-23,Lewisham,Eth7,White Other,77.7,6.4,16.0,69,124.1,False
2022-23,Merton,Eth7,Asian (excl. Chinese),59.3,6.0,34.8,74,133.2,False
2022-23,Merton,Eth7,Black,37.1,9.8,53.1,20,31.5,True
2022-23,Merton,Eth7,Chinese,44.5,20.7,34.8,11,18.9,True
2022-23,Merton,Eth7,Mixed,52.2,9.0,38.8,15,31.9,True
2022-23,Merton,Eth7,Other ethnic group,84.2,0.0,15.8,9,15.1,True
2022-23,Merton,Eth7,White British,74.5,11.1,14.3,266,304.5,False
2022-23,Merton,Eth7,White Other,63.8,12.0,24.2,86,84.4,False
2022-23,Newham,Eth7,Asian (excl. Chinese),46.6,11.4,42.0,162,458.3,False
2022-23,Newham,Eth7,Black,56.1,7.4,36.6,50,94.0,False
2022-23,Newham,Eth7,Chinese,58.9,14.2,26.9,14,20.0,True
2022-23,Newham,Eth7,Mixed,83.5,10.9,5.6,17,40.7,True
2022-23,Newham,Eth7,Other ethnic group,84.1,13.7,2.1,15,34.5,True
2022-23,Newham,Eth7,White British,70.7,7.3,22.0,114,160.2,False
2022-23,Newham,Eth7,White Other,63.7,16.8,19.5,82,140.1,False
2022-23,Redbridge,Eth7,Asian (excl. Chinese),59.9,11.0,29.1,191,417.2,False
2022-23,Redbridge,Eth7,Black,50.6,30.0,19.4,21,46.0,True
2022-23,Redbridge,Eth7,Chinese,100.0,0.0,0.0,3,3.9,True
2022-23,Redbridge,Eth7,Mixed,44.4,0.0,55.6,4,10.7,True
2022-23,Redbridge,Eth7,Other ethnic group,46.7,20.1,33.2,17,32.3,True
2022-23,Redbridge,Eth7,White British,66.4,11.1,22.5,158,205.5,False
2022-23,Redbridge,Eth7,White Other,63.0,8.3,28.7,54,104.1,False
2022-23,Richmond upon Thames,Eth7,Asian (excl. Chinese),68.7,7.1,24.2,30,46.5,False
2022-23,Richmond upon Thames,Eth7,Black,100.0,0.0,0.0,2,1.7,True
2022-23,Richmond upon Thames,Eth7,Chinese,69.8,7.6,22.6,14,17.2,True
2022-23,Richmond upon Thames,Eth7,Mixed,80.7,8.2,11.1,14,23.0,True
2022-23,Richmond upon Thames,Eth7,Other ethnic group,75.5,24.5,0.0,6,11.6,True
2022-23,Richmond upon Thames,Eth7,White British,78.2,9.6,12.3,356,376.4,False
2022-23,Richmond upon Thames,Eth7,White Other,75.8,10.2,14.0,83,105.6,False
2022-23,Southwark,Eth7,Asian (excl. Chinese),76.8,0.0,23.2,25,60.3,True
2022-23,Southwark,Eth7,Black,47.2,14.9,38.0,64,166.4,False
2022-23,Southwark,Eth7,Chinese,79.2,5.9,14.9,25,39.8,True
2022-23,Southwark,Eth7,Mixed,55.3,8.0,36.7,19,47.1,True
2022-23,Southwark,Eth7,Other ethnic group,61.5,15.4,23.1,13,38.1,True
2022-23,Southwark,Eth7,White British,81.6,6.8,11.6,222,359.3,False
2022-23,Southwark,Eth7,White Other,82.8,9.5,7.7,106,162.2,False
2022-23,Sutton,Eth7,Asian (excl. Chinese),72.6,10.0,17.5,69,128.3,False
2022-23,Sutton,Eth7,Black,82.8,0.0,17.2,8,10.0,True
2022-23,Sutton,Eth7,Chinese,92.4,7.6,0.0,11,19.6,True
2022-23,Sutton,Eth7,Mixed,67.8,16.0,16.2,14,27.2,True
2022-23,Sutton,Eth7,Other ethnic group,65.0,10.2,24.8,10,18.3,True
2022-23,Sutton,Eth7,White British,73.8,10.6,15.6,288,348.9,False
2022-23,Sutton,Eth7,White Other,81.0,10.3,8.7,38,46.5,False
2022-23,Tower Hamlets,Eth7,Asian (excl. Chinese),54.2,8.0,37.8,118,290.9,False
2022-23,Tower Hamlets,Eth7,Black,51.8,1.3,46.8,15,44.3,True
2022-23,Tower Hamlets,Eth7,Chinese,60.6,29.7,9.8,31,54.0,False
2022-23,Tower Hamlets,Eth7,Mixed,71.5,1.2,27.3,18,52.8,True
2022-23,Tower Hamlets,Eth7,Other ethnic group,81.6,0.0,18.4,9,11.1,True
2022-23,Tower Hamlets,Eth7,White British,72.8,10.3,16.8,178,275.4,False
2022-23,Tower Hamlets,Eth7,White Other,81.6,4.3,14.1,92,147.9,False
2022-23,Waltham Forest,Eth7,Asian (excl. Chinese),38.3,9.1,52.6,68,164.5,False
2022-23,Waltham Forest,Eth7,Black,57.1,10.5,32.4,54,88.0,False
2022-23,Waltham Forest,Eth7,Chinese,15.8,0.0,84.2,5,13.3,True
2022-23,Waltham Forest,Eth7,Mixed,87.1,0.0,12.9,15,26.7,True
2022-23,Waltham Forest,Eth7,Other ethnic group,45.8,16.3,37.9,14,26.3,True
2022-23,Waltham Forest,Eth7,White British,71.3,5.4,23.3,259,324.8,False
2022-23,Waltham Forest,Eth7,White Other,56.1,13.6,30.3,76,129.0,False
2022-23,Wandsworth,Eth7,Asian (excl. Chinese),52.2,12.9,34.9,24,77.1,True
2022-23,Wandsworth,Eth7,Black,64.5,10.7,24.8,28,101.5,True
2022-23,Wandsworth,Eth7,Chinese,87.7,6.4,5.9,13,34.7,True
2022-23,Wandsworth,Eth7,Mixed,60.4,21.5,18.1,23,60.1,True
2022-23,Wandsworth,Eth7,Other ethnic group,27.9,38.8,33.3,6,18.5,True
2022-23,Wandsworth,Eth7,White British,89.2,5.3,5.4,288,517.1,False
2022-23,Wandsworth,Eth7,White Other,81.3,7.3,11.4,107,196.3,False
2022-23,Westminster,Eth7,Asian (excl. Chinese),64.7,5.0,30.2,46,87.5,False
2022-23,Westminster,Eth7,Black,59.2,8.6,32.2,22,35.3,True
2022-23,Westminster,Eth7,Chinese,65.8,6.7,27.5,30,46.7,False
2022-23,Westminster,Eth7,Mixed,66.8,24.9,8.3,21,35.1,True
2022-23,Westminster,Eth7,Other ethnic group,76.0,0.0,24.0,25,38.9,True
2022-23,Westminster,Eth7,White British,73.1,9.4,17.6,183,235.6,False
2022-23,Westminster,Eth7,White Other,75.8,2.4,21.8,112,135.3,False
2022-23,London,IMD10,Fifth least deprived decile,69.3,11.6,19.1,1892,3083.1,False
2022-23,London,IMD10,Fifth most deprived decile,67.0,8.5,24.5,2032,3202.3,False
2022-23,London,IMD10,Fourth least deprived decile,70.9,10.4,18.7,1638,2538.7,False
2022-23,London,IMD10,Fourth most deprived decile,66.1,9.3,24.5,2220,3784.2,False
2022-23,London,IMD10,Least deprived decile,74.6,8.7,16.7,915,1185.3,False
2022-23,London,IMD10,Most deprived decile,52.6,12.3,35.1,304,530.1,False
2022-23,London,IMD10,Second least deprived decile,73.1,9.9,17.0,1583,2240.7,False
2022-23,London,IMD10,Second most deprived decile,59.3,8.7,32.0,2063,3360.4,False
2022-23,London,IMD10,Third least deprived decile,71.9,9.5,18.6,1603,2414.1,False
2022-23,London,IMD10,Third most deprived decile,60.0,10.5,29.5,2498,4341.7,False
2022-23,Barking and Dagenham,IMD10,Fifth least deprived decile,2.1,0.0,97.9,5,12.8,True
2022-23,Barking and Dagenham,IMD10,Fifth most deprived decile,46.8,13.2,40.0,49,49.7,False
2022-23,Barking and Dagenham,IMD10,Fourth most deprived decile,58.9,13.0,28.1,60,60.5,False
2022-23,Barking and Dagenham,IMD10,Most deprived decile,36.9,19.7,43.4,16,21.1,True
2022-23,Barking and Dagenham,IMD10,Second most deprived decile,52.7,10.4,36.9,250,321.3,False
2022-23,Barking and Dagenham,IMD10,Third most deprived decile,56.9,5.6,37.5,121,136.7,False
2022-23,Barnet,IMD10,Fifth least deprived decile,74.7,14.9,10.4,63,166.2,False
2022-23,Barnet,IMD10,Fifth most deprived decile,68.7,8.7,22.5,53,143.0,False
2022-23,Barnet,IMD10,Fourth least deprived decile,75.6,4.8,19.6,97,211.8,False
2022-23,Barnet,IMD10,Fourth most deprived decile,72.1,0.0,27.9,43,112.0,False
2022-23,Barnet,IMD10,Least deprived decile,77.1,9.0,13.9,22,57.5,True
2022-23,Barnet,IMD10,Most deprived decile,29.3,0.0,70.7,3,7.1,True
2022-23,Barnet,IMD10,Second least deprived decile,76.1,13.4,10.5,90,195.4,False
2022-23,Barnet,IMD10,Second most deprived decile,61.3,7.1,31.6,8,14.1,True
2022-23,Barnet,IMD10,Third least deprived decile,77.9,9.1,13.0,71,184.2,False
2022-23,Barnet,IMD10,Third most deprived decile,74.8,6.7,18.5,39,86.5,False
2022-23,Bexley,IMD10,Fifth least deprived decile,59.6,10.1,30.3,38,50.0,False
2022-23,Bexley,IMD10,Fifth most deprived decile,61.0,10.4,28.6,59,104.7,False
2022-23,Bexley,IMD10,Fourth least deprived decile,72.4,10.4,17.2,83,114.5,False
2022-23,Bexley,IMD10,Fourth most deprived decile,58.6,15.5,25.9,48,71.8,False
2022-23,Bexley,IMD10,Least deprived decile,70.1,10.8,19.1,47,46.3,False
2022-23,Bexley,IMD10,Second least deprived decile,61.9,8.9,29.2,104,148.4,False
2022-23,Bexley,IMD10,Second most deprived decile,66.7,2.5,30.8,25,45.6,True
2022-23,Bexley,IMD10,Third least deprived decile,61.1,14.0,24.9,54,82.6,False
2022-23,Bexley,IMD10,Third most deprived decile,66.1,3.1,30.9,35,65.8,False
2022-23,Brent,IMD10,Fifth least deprived decile,73.4,15.2,11.3,61,132.1,False
2022-23,Brent,IMD10,Fifth most deprived decile,56.8,13.4,29.8,100,200.7,False
2022-23,Brent,IMD10,Fourth least deprived decile,66.6,7.9,25.4,24,59.0,True
2022-23,Brent,IMD10,Fourth most deprived decile,71.3,7.2,21.4,121,242.8,False
2022-23,Brent,IMD10,Most deprived decile,51.6,10.4,38.0,29,64.4,True
2022-23,Brent,IMD10,Second most deprived decile,42.7,22.9,34.4,42,88.6,False
2022-23,Brent,IMD10,Third least deprived decile,56.5,16.6,27.0,28,55.9,True
2022-23,Brent,IMD10,Third most deprived decile,53.6,12.6,33.8,102,180.5,False
2022-23,Bromley,IMD10,Fifth least deprived decile,68.4,12.9,18.6,36,68.0,False
2022-23,Bromley,IMD10,Fifth most deprived decile,62.2,13.2,24.6,35,81.7,False
2022-23,Bromley,IMD10,Fourth least deprived decile,52.6,21.8,25.6,40,73.3,False
2022-23,Bromley,IMD10,Fourth most deprived decile,68.9,15.3,15.8,36,94.1,False
2022-23,Bromley,IMD10,Least deprived decile,80.3,2.3,17.4,105,212.9,False
2022-23,Bromley,IMD10,Most deprived decile,100.0,0.0,0.0,3,14.2,True
2022-23,Bromley,IMD10,Second least deprived decile,65.4,13.0,21.7,115,206.4,False
2022-23,Bromley,IMD10,Second most deprived decile,53.8,2.1,44.1,19,39.2,True
2022-23,Bromley,IMD10,Third least deprived decile,62.7,12.5,24.8,96,179.9,False
2022-23,Bromley,IMD10,Third most deprived decile,69.1,0.0,30.9,13,38.1,True
2022-23,Camden,IMD10,Fifth least deprived decile,71.9,4.6,23.4,79,98.2,False
2022-23,Camden,IMD10,Fifth most deprived decile,83.2,3.5,13.3,63,84.0,False
2022-23,Camden,IMD10,Fourth least deprived decile,83.6,6.6,9.8,37,47.0,False
2022-23,Camden,IMD10,Fourth most deprived decile,66.3,6.6,27.2,74,98.6,False
2022-23,Camden,IMD10,Least deprived decile,83.8,6.7,9.5,30,32.8,False
2022-23,Camden,IMD10,Second least deprived decile,85.4,7.2,7.4,57,58.5,False
2022-23,Camden,IMD10,Second most deprived decile,64.2,15.1,20.7,86,137.4,False
2022-23,Camden,IMD10,Third least deprived decile,80.4,5.5,14.1,33,50.8,False
2022-23,Camden,IMD10,Third most deprived decile,70.4,17.9,11.7,50,69.3,False
2022-23,City of London,IMD10,Fifth least deprived decile,69.7,21.0,9.3,23,3.4,True
2022-23,City of London,IMD10,Fifth most deprived decile,45.2,15.4,39.4,53,7.9,False
2022-23,City of London,IMD10,Fourth least deprived decile,84.4,0.0,15.6,13,1.8,True
2022-23,City of London,IMD10,Least deprived decile,38.4,12.9,48.8,78,9.7,False
2022-23,City of London,IMD10,Second least deprived decile,46.3,18.5,35.2,60,7.0,False
2022-23,City of London,IMD10,Third most deprived decile,89.3,10.7,0.0,6,1.1,True
2022-23,Croydon,IMD10,Fifth least deprived decile,76.6,6.9,16.5,47,123.3,False
2022-23,Croydon,IMD10,Fifth most deprived decile,62.6,6.9,30.5,91,160.9,False
2022-23,Croydon,IMD10,Fourth least deprived decile,62.8,16.1,21.1,61,165.3,False
2022-23,Croydon,IMD10,Fourth most deprived decile,70.7,7.7,21.6,57,128.7,False
2022-23,Croydon,IMD10,Least deprived decile,80.0,7.9,12.1,22,38.8,True
2022-23,Croydon,IMD10,Most deprived decile,19.8,40.4,39.8,7,9.2,True
2022-23,Croydon,IMD10,Second least deprived decile,75.5,5.9,18.6,61,125.1,False
2022-23,Croydon,IMD10,Second most deprived decile,63.7,10.9,25.5,60,144.1,False
2022-23,Croydon,IMD10,Third least deprived decile,57.0,18.5,24.5,53,105.3,False
2022-23,Croydon,IMD10,Third most deprived decile,57.4,12.1,30.6,63,163.0,False
2022-23,Ealing,IMD10,Fifth least deprived decile,70.3,13.1,16.7,71,146.5,False
2022-23,Ealing,IMD10,Fifth most deprived decile,67.0,5.2,27.8,65,133.7,False
2022-23,Ealing,IMD10,Fourth least deprived decile,83.7,6.4,9.8,64,123.7,False
2022-23,Ealing,IMD10,Fourth most deprived decile,64.3,7.0,28.7,80,181.9,False
2022-23,Ealing,IMD10,Least deprived decile,69.7,30.3,0.0,8,8.1,True
2022-23,Ealing,IMD10,Most deprived decile,77.3,0.0,22.7,10,29.3,True
2022-23,Ealing,IMD10,Second least deprived decile,79.2,2.5,18.3,39,79.8,False
2022-23,Ealing,IMD10,Second most deprived decile,63.0,2.7,34.3,65,120.5,False
2022-23,Ealing,IMD10,Third least deprived decile,86.1,5.3,8.6,54,86.6,False
2022-23,Ealing,IMD10,Third most deprived decile,50.6,5.8,43.6,69,181.8,False
2022-23,Enfield,IMD10,Fifth least deprived decile,57.4,7.5,35.1,61,121.9,False
2022-23,Enfield,IMD10,Fifth most deprived decile,66.4,3.2,30.4,59,90.7,False
2022-23,Enfield,IMD10,Fourth least deprived decile,78.4,12.7,9.0,54,96.7,False
2022-23,Enfield,IMD10,Fourth most deprived decile,72.6,10.5,16.9,66,123.6,False
2022-23,Enfield,IMD10,Least deprived decile,76.8,23.2,0.0,4,9.3,True
2022-23,Enfield,IMD10,Most deprived decile,47.8,1.5,50.7,21,48.9,True
2022-23,Enfield,IMD10,Second least deprived decile,63.9,9.4,26.6,32,63.3,False
2022-23,Enfield,IMD10,Second most deprived decile,36.9,4.9,58.2,60,132.6,False
2022-23,Enfield,IMD10,Third least deprived decile,68.6,17.6,13.8,74,143.8,False
2022-23,Enfield,IMD10,Third most deprived decile,51.2,9.4,39.3,69,150.3,False
2022-23,Greenwich,IMD10,Fifth least deprived decile,63.3,11.9,24.8,139,134.6,False
2022-23,Greenwich,IMD10,Fifth most deprived decile,70.1,8.2,21.8,129,103.1,False
2022-23,Greenwich,IMD10,Fourth least deprived decile,71.0,15.8,13.1,91,79.6,False
2022-23,Greenwich,IMD10,Fourth most deprived decile,55.1,12.0,32.9,181,161.5,False
2022-23,Greenwich,IMD10,Most deprived decile,0.0,0.0,100.0,3,1.7,True
2022-23,Greenwich,IMD10,Second least deprived decile,81.6,4.3,14.1,31,28.4,False
2022-23,Greenwich,IMD10,Second most deprived decile,50.4,10.7,38.9,196,170.8,False
2022-23,Greenwich,IMD10,Third least deprived decile,81.4,6.9,11.6,70,47.7,False
2022-23,Greenwich,IMD10,Third most deprived decile,60.7,15.9,23.4,151,144.8,False
2022-23,Hackney,IMD10,Fifth least deprived decile,56.6,0.0,43.4,16,25.5,True
2022-23,Hackney,IMD10,Fifth most deprived decile,77.1,0.0,22.9,42,47.3,False
2022-23,Hackney,IMD10,Fourth most deprived decile,79.7,6.4,13.9,77,114.9,False
2022-23,Hackney,IMD10,Most deprived decile,70.0,6.0,24.0,36,65.3,False
2022-23,Hackney,IMD10,Second most deprived decile,66.8,4.9,28.4,140,209.1,False
2022-23,Hackney,IMD10,Third most deprived decile,61.5,11.1,27.3,185,325.9,False
2022-23,Hammersmith and Fulham,IMD10,Fifth least deprived decile,80.4,2.1,17.5,50,59.2,False
2022-23,Hammersmith and Fulham,IMD10,Fifth most deprived decile,81.5,6.3,12.2,84,93.6,False
2022-23,Hammersmith and Fulham,IMD10,Fourth least deprived decile,70.0,18.2,11.9,65,66.0,False
2022-23,Hammersmith and Fulham,IMD10,Fourth most deprived decile,74.8,9.9,15.3,79,98.7,False
2022-23,Hammersmith and Fulham,IMD10,Most deprived decile,38.6,53.5,7.9,5,4.8,True
2022-23,Hammersmith and Fulham,IMD10,Second least deprived decile,94.1,0.0,5.9,18,18.1,True
2022-23,Hammersmith and Fulham,IMD10,Second most deprived decile,63.6,8.3,28.1,71,95.8,False
2022-23,Hammersmith and Fulham,IMD10,Third least deprived decile,88.6,4.7,6.7,50,60.0,False
2022-23,Hammersmith and Fulham,IMD10,Third most deprived decile,60.1,15.6,24.3,73,87.1,False
2022-23,Haringey,IMD10,Fifth least deprived decile,66.2,15.4,18.5,75,105.4,False
2022-23,Haringey,IMD10,Fifth most deprived decile,72.3,10.4,17.4,65,97.3,False
2022-23,Haringey,IMD10,Fourth least deprived decile,80.4,5.3,14.3,29,37.1,True
2022-23,Haringey,IMD10,Fourth most deprived decile,55.6,14.0,30.4,62,112.0,False
2022-23,Haringey,IMD10,Most deprived decile,50.6,12.9,36.5,35,61.0,False
2022-23,Haringey,IMD10,Second least deprived decile,85.9,2.5,11.6,29,38.0,True
2022-23,Haringey,IMD10,Second most deprived decile,65.1,4.7,30.2,92,141.0,False
2022-23,Haringey,IMD10,Third least deprived decile,88.5,4.0,7.5,42,59.4,False
2022-23,Haringey,IMD10,Third most deprived decile,67.7,10.3,22.0,103,158.6,False
2022-23,Harrow,IMD10,Fifth least deprived decile,66.6,9.6,23.9,82,135.7,False
2022-23,Harrow,IMD10,Fifth most deprived decile,56.5,15.5,28.1,81,137.5,False
2022-23,Harrow,IMD10,Fourth least deprived decile,46.3,14.1,39.6,97,158.0,False
2022-23,Harrow,IMD10,Fourth most deprived decile,65.4,12.2,22.4,16,26.9,True
2022-23,Harrow,IMD10,Least deprived decile,80.6,8.4,10.9,50,65.7,False
2022-23,Harrow,IMD10,Second least deprived decile,59.9,17.4,22.7,45,76.8,False
2022-23,Harrow,IMD10,Second most deprived decile,67.8,32.2,0.0,2,6.5,True
2022-23,Harrow,IMD10,Third least deprived decile,66.5,10.8,22.7,82,147.2,False
2022-23,Harrow,IMD10,Third most deprived decile,61.0,6.8,32.3,24,31.9,True
2022-23,Havering,IMD10,Fifth least deprived decile,71.9,12.2,15.9,61,98.8,False
2022-23,Havering,IMD10,Fifth most deprived decile,73.1,7.3,19.6,65,116.2,False
2022-23,Havering,IMD10,Fourth least deprived decile,79.1,7.8,13.1,61,109.9,False
2022-23,Havering,IMD10,Fourth most deprived decile,54.5,14.7,30.8,24,39.4,True
2022-23,Havering,IMD10,Least deprived decile,58.3,7.4,34.3,46,66.6,False
2022-23,Havering,IMD10,Second least deprived decile,63.5,17.2,19.3,79,141.7,False
2022-23,Havering,IMD10,Second most deprived decile,52.2,2.9,44.9,31,59.7,False
2022-23,Havering,IMD10,Third least deprived decile,55.4,14.5,30.2,81,123.4,False
2022-23,Havering,IMD10,Third most deprived decile,44.6,3.1,52.4,32,53.1,False
2022-23,Hillingdon,IMD10,Fifth least deprived decile,59.9,5.0,35.2,45,93.5,False
2022-23,Hillingdon,IMD10,Fifth most deprived decile,48.1,0.0,51.9,45,92.2,False
2022-23,Hillingdon,IMD10,Fourth least deprived decile,70.5,11.0,18.5,50,79.2,False
2022-23,Hillingdon,IMD10,Fourth most deprived decile,46.4,23.3,30.3,67,125.0,False
2022-23,Hillingdon,IMD10,Least deprived decile,71.6,11.8,16.7,44,72.0,False
2022-23,Hillingdon,IMD10,Second least deprived decile,73.5,12.8,13.8,102,172.9,False
2022-23,Hillingdon,IMD10,Second most deprived decile,32.8,24.4,42.8,18,42.4,True
2022-23,Hillingdon,IMD10,Third least deprived decile,62.7,12.9,24.5,61,108.8,False
2022-23,Hillingdon,IMD10,Third most deprived decile,52.6,5.2,42.2,58,116.1,False
2022-23,Hounslow,IMD10,Fifth least deprived decile,64.2,13.6,22.2,96,163.0,False
2022-23,Hounslow,IMD10,Fifth most deprived decile,49.0,15.3,35.7,104,165.2,False
2022-23,Hounslow,IMD10,Fourth least deprived decile,69.7,10.7,19.6,50,77.3,False
2022-23,Hounslow,IMD10,Fourth most deprived decile,47.9,13.8,38.3,108,211.7,False
2022-23,Hounslow,IMD10,Least deprived decile,81.8,0.0,18.2,8,7.7,True
2022-23,Hounslow,IMD10,Most deprived decile,34.8,36.2,29.0,7,15.5,True
2022-23,Hounslow,IMD10,Second least deprived decile,66.2,0.0,33.8,2,1.8,True
2022-23,Hounslow,IMD10,Second most deprived decile,69.5,7.3,23.1,27,57.1,True
2022-23,Hounslow,IMD10,Third least deprived decile,73.7,3.0,23.3,25,38.1,True
2022-23,Hounslow,IMD10,Third most deprived decile,62.5,12.8,24.7,61,102.6,False
2022-23,Islington,IMD10,Fifth least deprived decile,89.1,5.7,5.2,74,106.7,False
2022-23,Islington,IMD10,Fifth most deprived decile,78.0,16.2,5.8,49,58.6,False
2022-23,Islington,IMD10,Fourth least deprived decile,83.6,3.3,13.1,33,43.7,False
2022-23,Islington,IMD10,Fourth most deprived decile,78.4,2.6,19.0,96,137.0,False
2022-23,Islington,IMD10,Most deprived decile,67.2,15.9,16.9,27,39.4,True
2022-23,Islington,IMD10,Second most deprived decile,70.7,5.7,23.6,83,104.6,False
2022-23,Islington,IMD10,Third least deprived decile,41.5,0.0,58.5,4,5.2,True
2022-23,Islington,IMD10,Third most deprived decile,67.5,12.0,20.4,141,205.5,False
2022-23,Kensington and Chelsea,IMD10,Fifth least deprived decile,84.8,9.7,5.5,45,34.5,False
2022-23,Kensington and Chelsea,IMD10,Fifth most deprived decile,69.2,6.5,24.2,65,58.2,False
2022-23,Kensington and Chelsea,IMD10,Fourth least deprived decile,70.8,13.6,15.6,53,43.2,False
2022-23,Kensington and Chelsea,IMD10,Fourth most deprived decile,80.0,2.8,17.1,54,65.1,False
2022-23,Kensington and Chelsea,IMD10,Most deprived decile,43.3,9.2,47.6,39,40.0,False
2022-23,Kensington and Chelsea,IMD10,Second least deprived decile,79.8,13.9,6.3,17,15.3,True
2022-23,Kensington and Chelsea,IMD10,Second most deprived decile,64.6,11.5,23.8,64,64.3,False
2022-23,Kensington and Chelsea,IMD10,Third least deprived decile,68.4,7.6,24.0,107,98.3,False
2022-23,Kensington and Chelsea,IMD10,Third most deprived decile,70.9,12.4,16.7,46,39.8,False
2022-23,Kingston upon Thames,IMD10,Fifth least deprived decile,62.6,21.6,15.8,66,69.5,False
2022-23,Kingston upon Thames,IMD10,Fifth most deprived decile,62.3,9.0,28.7,40,43.7,False
2022-23,Kingston upon Thames,IMD10,Fourth least deprived decile,72.0,7.6,20.5,89,93.2,False
2022-23,Kingston upon Thames,IMD10,Fourth most deprived decile,100.0,0.0,0.0,3,3.1,True
2022-23,Kingston upon Thames,IMD10,Least deprived decile,70.3,12.1,17.6,68,69.7,False
2022-23,Kingston upon Thames,IMD10,Second least deprived decile,69.6,12.0,18.4,128,118.4,False
2022-23,Kingston upon Thames,IMD10,Second most deprived decile,44.7,0.0,55.3,5,5.6,True
2022-23,Kingston upon Thames,IMD10,Third least deprived decile,76.7,4.3,19.0,97,102.8,False
2022-23,Kingston upon Thames,IMD10,Third most deprived decile,32.4,15.3,52.3,5,7.1,True
2022-23,Lambeth,IMD10,Fifth least deprived decile,78.7,11.0,10.3,62,107.1,False
2022-23,Lambeth,IMD10,Fifth most deprived decile,84.9,5.9,9.2,80,157.7,False
2022-23,Lambeth,IMD10,Fourth least deprived decile,69.0,12.2,18.7,21,52.4,True
2022-23,Lambeth,IMD10,Fourth most deprived decile,62.8,15.1,22.1,104,185.2,False
2022-23,Lambeth,IMD10,Second least deprived decile,92.0,0.0,8.0,8,19.9,True
2022-23,Lambeth,IMD10,Second most deprived decile,65.0,6.7,28.4,97,209.5,False
2022-23,Lambeth,IMD10,Third least deprived decile,87.1,8.7,4.3,19,24.9,True
2022-23,Lambeth,IMD10,Third most deprived decile,68.5,9.2,22.2,127,255.8,False
2022-23,Lewisham,IMD10,Fifth least deprived decile,81.7,9.4,8.9,67,122.2,False
2022-23,Lewisham,IMD10,Fifth most deprived decile,65.5,15.4,19.2,65,125.9,False
2022-23,Lewisham,IMD10,Fourth least deprived decile,76.1,23.9,0.0,30,40.5,False
2022-23,Lewisham,IMD10,Fourth most deprived decile,77.0,4.2,18.8,92,178.7,False
2022-23,Lewisham,IMD10,Most deprived decile,55.4,13.0,31.6,14,17.8,True
2022-23,Lewisham,IMD10,Second most deprived decile,56.7,4.1,39.2,80,139.1,False
2022-23,Lewisham,IMD10,Third least deprived decile,81.9,0.0,18.1,14,21.4,True
2022-23,Lewisham,IMD10,Third most deprived decile,65.5,10.1,24.4,145,264.3,False
2022-23,Merton,IMD10,Fifth least deprived decile,61.1,14.6,24.4,59,81.8,False
2022-23,Merton,IMD10,Fifth most deprived decile,85.4,2.5,12.1,15,29.8,True
2022-23,Merton,IMD10,Fourth least deprived decile,55.7,11.4,32.9,76,104.3,False
2022-23,Merton,IMD10,Fourth most deprived decile,49.8,12.9,37.3,52,65.3,False
2022-23,Merton,IMD10,Least deprived decile,78.3,7.4,14.3,96,122.1,False
2022-23,Merton,IMD10,Second least deprived decile,77.7,12.3,10.0,91,105.2,False
2022-23,Merton,IMD10,Second most deprived decile,45.9,0.0,54.1,11,12.3,True
2022-23,Merton,IMD10,Third least deprived decile,64.7,6.4,28.9,80,86.4,False
2022-23,Merton,IMD10,Third most deprived decile,57.3,13.0,29.6,27,37.8,True
2022-23,Newham,IMD10,Fifth least deprived decile,100.0,0.0,0.0,2,1.3,True
2022-23,Newham,IMD10,Fifth most deprived decile,81.6,4.4,14.0,30,56.1,False
2022-23,Newham,IMD10,Fourth most deprived decile,62.1,12.6,25.3,89,177.5,False
2022-23,Newham,IMD10,Most deprived decile,20.6,30.1,49.4,12,16.2,True
2022-23,Newham,IMD10,Second most deprived decile,63.8,9.2,27.0,111,213.1,False
2022-23,Newham,IMD10,Third least deprived decile,45.7,0.0,54.3,6,5.8,True
2022-23,Newham,IMD10,Third most deprived decile,49.6,11.5,39.0,232,528.3,False
2022-23,Redbridge,IMD10,Fifth least deprived decile,61.4,15.0,23.6,106,193.8,False
2022-23,Redbridge,IMD10,Fifth most deprived decile,54.6,12.4,33.0,87,167.6,False
2022-23,Redbridge,IMD10,Fourth least deprived decile,69.8,10.6,19.6,67,118.0,False
2022-23,Redbridge,IMD10,Fourth most deprived decile,41.1,13.8,45.1,47,103.5,False
2022-23,Redbridge,IMD10,Least deprived decile,62.7,18.7,18.7,19,23.3,True
2022-23,Redbridge,IMD10,Second least deprived decile,63.3,9.7,27.0,54,82.7,False
2022-23,Redbridge,IMD10,Second most deprived decile,38.8,9.4,51.8,22,32.9,True
2022-23,Redbridge,IMD10,Third least deprived decile,77.0,6.8,16.3,53,100.2,False
2022-23,Redbridge,IMD10,Third most deprived decile,61.4,9.3,29.3,37,78.2,False
2022-23,Richmond upon Thames,IMD10,Fifth least deprived decile,40.7,21.9,37.4,11,19.3,True
2022-23,Richmond upon Thames,IMD10,Fifth most deprived decile,80.6,7.4,12.0,31,33.1,False
2022-23,Richmond upon Thames,IMD10,Fourth least deprived decile,84.0,7.3,8.6,75,92.9,False
2022-23,Richmond upon Thames,IMD10,Fourth most deprived decile,67.3,3.4,29.3,8,16.1,True
2022-23,Richmond upon Thames,IMD10,Least deprived decile,77.7,8.5,13.7,143,168.7,False
2022-23,Richmond upon Thames,IMD10,Second least deprived decile,76.3,10.2,13.4,199,207.8,False
2022-23,Richmond upon Thames,IMD10,Second most deprived decile,100.0,0.0,0.0,4,6.2,True
2022-23,Richmond upon Thames,IMD10,Third least deprived decile,74.5,7.4,18.1,46,52.1,False
2022-23,Richmond upon Thames,IMD10,Third most deprived decile,32.1,67.9,0.0,5,3.8,True
2022-23,Southwark,IMD10,Fifth least deprived decile,76.5,15.6,8.0,69,118.2,False
2022-23,Southwark,IMD10,Fifth most deprived decile,74.5,2.5,23.0,59,104.2,False
2022-23,Southwark,IMD10,Fourth least deprived decile,88.6,0.0,11.4,7,9.0,True
2022-23,Southwark,IMD10,Fourth most deprived decile,74.7,4.9,20.3,99,210.3,False
2022-23,Southwark,IMD10,Most deprived decile,42.2,19.8,38.0,11,25.0,True
2022-23,Southwark,IMD10,Second least deprived decile,71.8,0.0,28.2,19,38.8,True
2022-23,Southwark,IMD10,Second most deprived decile,64.3,14.5,21.2,96,191.9,False
2022-23,Southwark,IMD10,Third least deprived decile,84.6,5.8,9.6,29,40.4,True
2022-23,Southwark,IMD10,Third most deprived decile,72.3,10.3,17.4,125,221.1,False
2022-23,Sutton,IMD10,Fifth least deprived decile,74.2,9.9,15.9,46,55.6,False
2022-23,Sutton,IMD10,Fifth most deprived decile,66.1,16.9,17.0,26,34.0,True
2022-23,Sutton,IMD10,Fourth least deprived decile,73.7,13.7,12.6,98,134.2,False
2022-23,Sutton,IMD10,Fourth most deprived decile,56.7,17.4,25.9,29,36.0,True
2022-23,Sutton,IMD10,Least deprived decile,70.1,11.0,18.8,82,108.0,False
2022-23,Sutton,IMD10,Second least deprived decile,79.9,4.6,15.5,70,101.4,False
2022-23,Sutton,IMD10,Second most deprived decile,84.7,0.0,15.3,13,28.2,True
2022-23,Sutton,IMD10,Third least deprived decile,77.3,4.2,18.5,71,96.2,False
2022-23,Sutton,IMD10,Third most deprived decile,61.6,23.9,14.5,26,36.5,True
2022-23,Tower Hamlets,IMD10,Fifth least deprived decile,62.9,12.5,24.6,24,44.2,True
2022-23,Tower Hamlets,IMD10,Fifth most deprived decile,78.2,5.3,16.5,36,65.2,False
2022-23,Tower Hamlets,IMD10,Fourth least deprived decile,61.5,1.8,36.7,26,53.8,True
2022-23,Tower Hamlets,IMD10,Fourth most deprived decile,71.9,6.0,22.1,97,177.4,False
2022-23,Tower Hamlets,IMD10,Least deprived decile,85.6,14.4,0.0,6,7.7,True
2022-23,Tower Hamlets,IMD10,Most deprived decile,63.7,0.0,36.3,4,7.5,True
2022-23,Tower Hamlets,IMD10,Second least deprived decile,55.6,8.6,35.8,18,18.5,True
2022-23,Tower Hamlets,IMD10,Second most deprived decile,61.1,9.5,29.4,133,266.1,False
2022-23,Tower Hamlets,IMD10,Third least deprived decile,79.0,5.4,15.6,30,43.4,False
2022-23,Tower Hamlets,IMD10,Third most deprived decile,62.5,10.5,27.0,130,268.6,False
2022-23,Waltham Forest,IMD10,Fifth least deprived decile,61.8,12.2,26.0,96,147.3,False
2022-23,Waltham Forest,IMD10,Fifth most deprived decile,59.8,0.9,39.4,79,135.8,False
2022-23,Waltham Forest,IMD10,Fourth least deprived decile,53.9,9.6,36.5,29,42.2,True
2022-23,Waltham Forest,IMD10,Fourth most deprived decile,65.3,8.0,26.6,137,208.4,False
2022-23,Waltham Forest,IMD10,Most deprived decile,59.5,20.8,19.7,8,16.8,True
2022-23,Waltham Forest,IMD10,Second least deprived decile,90.6,0.0,9.4,8,9.9,True
2022-23,Waltham Forest,IMD10,Second most deprived decile,52.5,11.4,36.1,64,109.4,False
2022-23,Waltham Forest,IMD10,Third least deprived decile,84.1,0.0,15.9,5,6.3,True
2022-23,Waltham Forest,IMD10,Third most deprived decile,50.6,7.6,41.8,99,144.2,False
2022-23,Wandsworth,IMD10,Fifth least deprived decile,77.7,11.9,10.4,70,165.6,False
2022-23,Wandsworth,IMD10,Fifth most deprived decile,79.7,8.0,12.3,71,146.1,False
2022-23,Wandsworth,IMD10,Fourth least deprived decile,80.9,6.8,12.2,91,166.6,False
2022-23,Wandsworth,IMD10,Fourth most deprived decile,86.0,3.8,10.2,45,117.3,False
2022-23,Wandsworth,IMD10,Least deprived decile,72.9,14.7,12.4,26,47.0,True
2022-23,Wandsworth,IMD10,Second least deprived decile,96.0,2.2,1.7,61,104.1,False
2022-23,Wandsworth,IMD10,Second most deprived decile,74.7,1.7,23.6,20,46.8,True
2022-23,Wandsworth,IMD10,Third least deprived decile,82.8,8.5,8.7,82,148.0,False
2022-23,Wandsworth,IMD10,Third most deprived decile,47.0,22.7,30.3,39,82.6,False
2022-23,Westminster,IMD10,Fifth least deprived decile,65.2,14.7,20.1,47,78.0,False
2022-23,Westminster,IMD10,Fifth most deprived decile,76.8,5.8,17.4,57,77.0,False
2022-23,Westminster,IMD10,Fourth least deprived decile,81.5,0.0,18.5,27,44.7,True
2022-23,Westminster,IMD10,Fourth most deprived decile,74.1,4.9,21.1,69,99.3,False
2022-23,Westminster,IMD10,Least deprived decile,45.7,13.2,41.1,11,11.4,True
2022-23,Westminster,IMD10,Most deprived decile,29.7,18.0,52.4,14,24.8,True
2022-23,Westminster,IMD10,Second least deprived decile,71.6,9.4,19.0,46,57.5,False
2022-23,Westminster,IMD10,Second most deprived decile,53.8,6.6,39.6,68,104.7,False
2022-23,Westminster,IMD10,Third least deprived decile,76.6,7.2,16.1,86,108.9,False
2022-23,Westminster,IMD10,Third most deprived decile,72.7,1.3,26.0,60,75.2,False
2022-23,London,Disab3,Limiting disability,51.1,10.3,38.6,2638,4296.6,False
2022-23,London,Disab3,No disability,70.5,9.5,20.1,10530,16567.7,False
2022-23,London,Disab3,Non-limiting disability,71.4,10.2,18.4,2408,3872.9,False
2022-23,Barking and Dagenham,Disab3,Limiting disability,44.0,11.2,44.9,90,100.5,False
2022-23,Barking and Dagenham,Disab3,No disability,54.4,11.0,34.6,317,377.4,False
2022-23,Barking and Dagenham,Disab3,Non-limiting disability,60.3,3.7,36.0,53,71.2,False
2022-23,Barnet,Disab3,Limiting disability,59.9,10.1,30.0,67,164.4,False
2022-23,Barnet,Disab3,No disability,79.2,6.9,13.9,323,769.6,False
2022-23,Barnet,Disab3,Non-limiting disability,74.5,13.9,11.7,71,176.4,False
2022-23,Bexley,Disab3,Limiting disability,45.3,15.8,38.9,83,121.2,False
2022-23,Bexley,Disab3,No disability,67.2,8.2,24.6,300,445.4,False
2022-23,Bexley,Disab3,Non-limiting disability,72.1,6.6,21.3,76,117.7,False
2022-23,Brent,Disab3,Limiting disability,47.7,15.5,36.8,85,183.4,False
2022-23,Brent,Disab3,No disability,64.4,12.0,23.6,323,653.9,False
2022-23,Brent,Disab3,Non-limiting disability,68.2,5.3,26.5,55,97.0,False
2022-23,Bromley,Disab3,Limiting disability,43.3,7.6,49.1,91,187.6,False
2022-23,Bromley,Disab3,No disability,74.0,11.3,14.8,298,604.2,False
2022-23,Bromley,Disab3,Non-limiting disability,76.9,11.5,11.6,81,155.2,False
2022-23,Camden,Disab3,Limiting disability,54.8,6.2,39.1,87,121.7,False
2022-23,Camden,Disab3,No disability,78.7,8.4,12.9,287,367.9,False
2022-23,Camden,Disab3,Non-limiting disability,80.5,6.2,13.3,95,127.2,False
2022-23,City of London,Disab3,Limiting disability,81.3,0.0,18.7,10,1.4,True
2022-23,City of London,Disab3,No disability,45.6,14.4,40.0,203,26.1,False
2022-23,City of London,Disab3,Non-limiting disability,63.5,36.5,0.0,12,2.3,True
2022-23,Croydon,Disab3,Limiting disability,51.3,8.8,39.9,97,211.1,False
2022-23,Croydon,Disab3,No disability,70.6,11.0,18.4,324,704.5,False
2022-23,Croydon,Disab3,Non-limiting disability,64.0,12.4,23.6,71,161.9,False
2022-23,Ealing,Disab3,Limiting disability,58.5,7.1,34.4,86,170.4,False
2022-23,Ealing,Disab3,No disability,66.9,6.0,27.0,340,699.5,False
2022-23,Ealing,Disab3,Non-limiting disability,87.0,8.0,5.0,60,127.0,False
2022-23,Enfield,Disab3,Limiting disability,55.2,2.6,42.3,96,190.2,False
2022-23,Enfield,Disab3,No disability,63.3,10.1,26.6,286,574.4,False
2022-23,Enfield,Disab3,Non-limiting disability,59.7,13.7,26.6,80,143.0,False
2022-23,Greenwich,Disab3,Limiting disability,49.1,9.9,41.0,179,158.4,False
2022-23,Greenwich,Disab3,No disability,64.1,11.8,24.0,603,541.5,False
2022-23,Greenwich,Disab3,Non-limiting disability,68.8,12.2,19.0,129,111.3,False
2022-23,Hackney,Disab3,Limiting disability,52.1,6.0,41.9,91,148.0,False
2022-23,Hackney,Disab3,No disability,71.4,7.0,21.6,302,478.0,False
2022-23,Hackney,Disab3,Non-limiting disability,75.8,10.8,13.3,73,112.8,False
2022-23,Hammersmith and Fulham,Disab3,Limiting disability,46.4,11.1,42.4,60,69.2,False
2022-23,Hammersmith and Fulham,Disab3,No disability,77.1,9.5,13.4,337,397.2,False
2022-23,Hammersmith and Fulham,Disab3,Non-limiting disability,75.4,13.0,11.7,69,81.3,False
2022-23,Haringey,Disab3,Limiting disability,57.5,8.5,34.0,77,127.6,False
2022-23,Haringey,Disab3,No disability,72.5,8.5,19.0,327,492.1,False
2022-23,Haringey,Disab3,Non-limiting disability,66.9,13.8,19.3,97,147.5,False
2022-23,Harrow,Disab3,Limiting disability,44.2,18.8,37.0,70,113.1,False
2022-23,Harrow,Disab3,No disability,66.8,11.6,21.6,298,504.7,False
2022-23,Harrow,Disab3,Non-limiting disability,58.3,13.0,28.7,76,114.3,False
2022-23,Havering,Disab3,Limiting disability,40.0,18.1,41.9,93,139.0,False
2022-23,Havering,Disab3,No disability,69.8,8.8,21.4,276,479.4,False
2022-23,Havering,Disab3,Non-limiting disability,71.7,5.7,22.6,78,139.9,False
2022-23,Hillingdon,Disab3,Limiting disability,44.9,19.4,35.7,61,108.7,False
2022-23,Hillingdon,Disab3,No disability,63.9,11.2,24.9,315,572.5,False
2022-23,Hillingdon,Disab3,Non-limiting disability,56.4,8.9,34.7,77,153.2,False
2022-23,Hounslow,Disab3,Limiting disability,49.2,12.0,38.8,84,150.2,False
2022-23,Hounslow,Disab3,No disability,60.6,12.7,26.7,298,516.0,False
2022-23,Hounslow,Disab3,Non-limiting disability,63.2,14.3,22.5,69,117.8,False
2022-23,Islington,Disab3,Limiting disability,55.9,5.7,38.4,77,111.7,False
2022-23,Islington,Disab3,No disability,79.0,9.1,11.9,318,442.8,False
2022-23,Islington,Disab3,Non-limiting disability,83.1,8.6,8.3,72,102.3,False
2022-23,Kensington and Chelsea,Disab3,Limiting disability,38.7,10.0,51.3,83,80.7,False
2022-23,Kensington and Chelsea,Disab3,No disability,75.4,9.5,15.1,313,291.3,False
2022-23,Kensington and Chelsea,Disab3,Non-limiting disability,86.6,2.5,10.9,64,67.0,False
2022-23,Kingston upon Thames,Disab3,Limiting disability,51.1,14.4,34.6,79,82.6,False
2022-23,Kingston upon Thames,Disab3,No disability,73.1,8.4,18.5,323,330.3,False
2022-23,Kingston upon Thames,Disab3,Non-limiting disability,72.5,15.9,11.6,74,73.7,False
2022-23,Lambeth,Disab3,Limiting disability,60.8,8.7,30.5,95,210.5,False
2022-23,Lambeth,Disab3,No disability,73.7,10.1,16.2,308,574.9,False
2022-23,Lambeth,Disab3,Non-limiting disability,76.7,8.7,14.7,77,150.7,False
2022-23,Lewisham,Disab3,Limiting disability,55.2,12.8,32.0,76,138.4,False
2022-23,Lewisham,Disab3,No disability,73.7,7.8,18.4,323,580.2,False
2022-23,Lewisham,Disab3,Non-limiting disability,74.3,10.4,15.3,76,133.9,False
2022-23,Merton,Disab3,Limiting disability,37.8,12.2,50.1,64,79.3,False
2022-23,Merton,Disab3,No disability,75.9,7.4,16.7,355,450.3,False
2022-23,Merton,Disab3,Non-limiting disability,56.1,24.1,19.9,62,75.9,False
2022-23,Newham,Disab3,Limiting disability,46.9,11.8,41.4,64,141.5,False
2022-23,Newham,Disab3,No disability,60.9,10.4,28.7,305,604.6,False
2022-23,Newham,Disab3,Non-limiting disability,62.5,4.0,33.5,57,113.1,False
2022-23,Redbridge,Disab3,Limiting disability,45.8,16.1,38.1,82,134.1,False
2022-23,Redbridge,Disab3,No disability,62.4,11.8,25.8,301,542.7,False
2022-23,Redbridge,Disab3,Non-limiting disability,65.0,11.8,23.2,66,147.2,False
2022-23,Richmond upon Thames,Disab3,Limiting disability,66.3,18.8,14.9,58,67.6,False
2022-23,Richmond upon Thames,Disab3,No disability,77.0,8.9,14.1,334,366.0,False
2022-23,Richmond upon Thames,Disab3,Non-limiting disability,81.2,7.5,11.3,110,136.7,False
2022-23,Southwark,Disab3,Limiting disability,49.4,13.2,37.4,64,134.2,False
2022-23,Southwark,Disab3,No disability,75.9,10.7,13.4,340,639.7,False
2022-23,Southwark,Disab3,Non-limiting disability,84.5,1.6,13.9,76,113.1,False
2022-23,Sutton,Disab3,Limiting disability,60.4,6.2,33.4,78,108.7,False
2022-23,Sutton,Disab3,No disability,77.5,9.6,12.8,273,367.1,False
2022-23,Sutton,Disab3,Non-limiting disability,66.7,18.7,14.6,86,115.5,False
2022-23,Tower Hamlets,Disab3,Limiting disability,50.5,3.5,46.0,63,147.6,False
2022-23,Tower Hamlets,Disab3,No disability,74.8,8.4,16.8,320,552.1,False
2022-23,Tower Hamlets,Disab3,Non-limiting disability,63.9,9.9,26.2,62,136.1,False
2022-23,Waltham Forest,Disab3,Limiting disability,50.8,4.2,45.0,82,131.9,False
2022-23,Waltham Forest,Disab3,No disability,58.5,8.8,32.7,335,539.7,False
2022-23,Waltham Forest,Disab3,Non-limiting disability,75.4,11.7,12.9,73,100.2,False
2022-23,Wandsworth,Disab3,Limiting disability,61.8,12.1,26.0,66,129.1,False
2022-23,Wandsworth,Disab3,No disability,83.4,8.9,7.7,336,674.5,False
2022-23,Wandsworth,Disab3,Non-limiting disability,84.7,4.1,11.2,74,163.0,False
2022-23,Westminster,Disab3,Limiting disability,47.7,5.8,46.5,100,132.4,False
2022-23,Westminster,Disab3,No disability,74.8,5.9,19.3,289,407.3,False
2022-23,Westminster,Disab3,Non-limiting disability,69.9,16.4,13.7,57,87.5,False
2022-23,London,LondInOut,Inner London,69.7,8.9,21.4,6777,10585.3,False
2022-23,London,LondInOut,Outer London,64.3,10.4,25.4,9971,16095.4,False
2022-23,Barking and Dagenham,LondInOut,Outer London,52.2,9.9,37.9,501,602.2,False
2022-23,Barnet,LondInOut,Outer London,74.3,8.7,17.0,489,1177.7,False
2022-23,Bexley,LondInOut,Outer London,64.0,9.9,26.1,493,729.7,False
2022-23,Brent,LondInOut,Outer London,60.8,12.5,26.6,507,1023.9,False
2022-23,Bromley,LondInOut,Outer London,67.6,10.4,22.0,498,1007.8,False
2022-23,Camden,LondInOut,Inner London,74.0,8.8,17.3,509,676.5,False
2022-23,City of London,LondInOut,Inner London,49.9,14.9,35.3,233,31.0,False
2022-23,Croydon,LondInOut,Outer London,65.5,10.7,23.7,522,1163.7,False
2022-23,Ealing,LondInOut,Outer London,68.4,6.4,25.2,525,1091.8,False
2022-23,Enfield,LondInOut,Outer London,60.3,9.4,30.3,500,981.0,False
2022-23,Greenwich,LondInOut,Outer London,61.8,11.7,26.5,991,872.3,False
2022-23,Hackney,LondInOut,Inner London,67.0,7.3,25.6,496,787.9,False
2022-23,Hammersmith and Fulham,LondInOut,Inner London,73.6,9.6,16.9,495,583.4,False
2022-23,Haringey,LondInOut,Inner London,67.6,9.6,22.8,532,809.8,False
2022-23,Harrow,LondInOut,Outer London,61.0,12.6,26.4,479,786.1,False
2022-23,Havering,LondInOut,Outer London,63.8,10.6,25.6,480,808.7,False
2022-23,Hillingdon,LondInOut,Outer London,59.4,11.5,29.1,490,902.0,False
2022-23,Hounslow,LondInOut,Outer London,57.8,13.0,29.2,488,839.9,False
2022-23,Islington,LondInOut,Inner London,75.1,8.2,16.7,507,700.7,False
2022-23,Kensington and Chelsea,LondInOut,Inner London,69.5,8.8,21.7,490,458.5,False
2022-23,Kingston upon Thames,LondInOut,Outer London,69.4,10.6,20.1,501,513.1,False
2022-23,Lambeth,LondInOut,Inner London,71.3,9.4,19.3,518,1012.5,False
2022-23,Lewisham,LondInOut,Inner London,69.2,9.1,21.7,507,909.9,False
2022-23,Merton,LondInOut,Outer London,66.1,10.1,23.7,507,645.1,False
2022-23,Newham,LondInOut,Inner London,56.2,11.0,32.8,482,998.2,False
2022-23,Redbridge,LondInOut,Outer London,60.0,11.8,28.2,492,900.2,False
2022-23,Richmond upon Thames,LondInOut,Outer London,76.6,9.4,14.1,522,599.9,False
2022-23,Southwark,LondInOut,Inner London,71.8,9.3,18.8,514,958.9,False
2022-23,Sutton,LondInOut,Outer London,73.1,10.4,16.5,461,630.1,False
2022-23,Tower Hamlets,LondInOut,Inner London,65.7,8.3,26.0,504,952.3,False
2022-23,Waltham Forest,LondInOut,Outer London,59.2,8.2,32.6,525,820.2,False
2022-23,Wandsworth,LondInOut,Inner London,79.2,8.7,12.1,505,1024.1,False
2022-23,Westminster,LondInOut,Inner London,68.7,7.0,24.3,485,681.6,False
2022-23,London,NSSEC5,NS SEC 1-2: Higher social groups,76.1,9.1,14.8,9773,12414.9,False
2022-23,London,NSSEC5,NS SEC 3-5: Middle social groups,64.8,10.9,24.3,2602,4794.0,False
2022-23,London,NSSEC5,NS SEC 6-8: Lower social groups,48.4,9.6,42.1,1450,3652.0,False
2022-23,London,NSSEC5,NS SEC 9: Students and other / unclassified,63.1,9.6,27.3,1583,3980.9,False
2022-23,Barking and Dagenham,NSSEC5,NS SEC 1-2: Higher social groups,58.4,13.2,28.5,200,163.4,False
2022-23,Barking and Dagenham,NSSEC5,NS SEC 3-5: Middle social groups,55.2,7.9,36.9,98,131.3,False
2022-23,Barking and Dagenham,NSSEC5,NS SEC 6-8: Lower social groups,38.5,10.1,51.4,113,172.1,False
2022-23,Barking and Dagenham,NSSEC5,NS SEC 9: Students and other / unclassified,62.4,6.8,30.9,68,118.3,False
2022-23,Barnet,NSSEC5,NS SEC 1-2: Higher social groups,82.4,8.5,9.1,276,525.6,False
2022-23,Barnet,NSSEC5,NS SEC 3-5: Middle social groups,72.6,13.6,13.8,95,272.3,False
2022-23,Barnet,NSSEC5,NS SEC 6-8: Lower social groups,65.1,2.7,32.2,28,115.4,True
2022-23,Barnet,NSSEC5,NS SEC 9: Students and other / unclassified,63.0,8.0,29.1,46,167.3,False
2022-23,Bexley,NSSEC5,NS SEC 1-2: Higher social groups,70.2,9.7,20.1,247,274.0,False
2022-23,Bexley,NSSEC5,NS SEC 3-5: Middle social groups,65.6,12.0,22.4,117,207.9,False
2022-23,Bexley,NSSEC5,NS SEC 6-8: Lower social groups,52.4,7.0,40.7,46,87.5,False
2022-23,Bexley,NSSEC5,NS SEC 9: Students and other / unclassified,70.0,4.3,25.7,41,103.6,False
2022-23,Brent,NSSEC5,NS SEC 1-2: Higher social groups,67.8,13.7,18.5,269,410.0,False
2022-23,Brent,NSSEC5,NS SEC 3-5: Middle social groups,61.0,16.0,22.9,82,201.2,False
2022-23,Brent,NSSEC5,NS SEC 6-8: Lower social groups,48.4,9.5,42.1,68,175.6,False
2022-23,Brent,NSSEC5,NS SEC 9: Students and other / unclassified,64.7,9.8,25.6,54,173.7,False
2022-23,Bromley,NSSEC5,NS SEC 1-2: Higher social groups,73.4,10.6,16.0,288,466.2,False
2022-23,Bromley,NSSEC5,NS SEC 3-5: Middle social groups,60.6,16.0,23.4,91,207.4,False
2022-23,Bromley,NSSEC5,NS SEC 6-8: Lower social groups,72.3,2.7,25.0,33,121.5,False
2022-23,Bromley,NSSEC5,NS SEC 9: Students and other / unclassified,66.8,6.5,26.7,29,110.3,True
2022-23,Camden,NSSEC5,NS SEC 1-2: Higher social groups,81.9,5.0,13.2,299,318.0,False
2022-23,Camden,NSSEC5,NS SEC 3-5: Middle social groups,72.2,8.0,19.8,66,96.4,False
2022-23,Camden,NSSEC5,NS SEC 6-8: Lower social groups,44.6,19.4,35.9,29,69.6,True
2022-23,Camden,NSSEC5,NS SEC 9: Students and other / unclassified,73.3,13.9,12.9,66,130.0,False
2022-23,City of London,NSSEC5,NS SEC 1-2: Higher social groups,50.3,17.1,32.6,188,23.4,False
2022-23,City of London,NSSEC5,NS SEC 3-5: Middle social groups,73.9,6.0,20.1,10,1.0,True
2022-23,City of London,NSSEC5,NS SEC 6-8: Lower social groups,0.0,12.3,87.7,5,0.9,True
2022-23,City of London,NSSEC5,NS SEC 9: Students and other / unclassified,73.6,12.3,14.1,6,2.0,True
2022-23,Croydon,NSSEC5,NS SEC 1-2: Higher social groups,72.1,10.5,17.4,306,564.8,False
2022-23,Croydon,NSSEC5,NS SEC 3-5: Middle social groups,59.8,13.4,26.8,90,203.2,False
2022-23,Croydon,NSSEC5,NS SEC 6-8: Lower social groups,55.7,16.7,27.5,32,139.5,False
2022-23,Croydon,NSSEC5,NS SEC 9: Students and other / unclassified,69.0,0.6,30.4,45,148.1,False
2022-23,Ealing,NSSEC5,NS SEC 1-2: Higher social groups,79.1,4.7,16.1,292,453.4,False
2022-23,Ealing,NSSEC5,NS SEC 3-5: Middle social groups,64.2,8.7,27.2,85,199.2,False
2022-23,Ealing,NSSEC5,NS SEC 6-8: Lower social groups,51.2,8.4,40.3,54,177.5,False
2022-23,Ealing,NSSEC5,NS SEC 9: Students and other / unclassified,67.8,2.6,29.7,51,190.6,False
2022-23,Enfield,NSSEC5,NS SEC 1-2: Higher social groups,71.2,7.2,21.5,264,404.4,False
2022-23,Enfield,NSSEC5,NS SEC 3-5: Middle social groups,67.8,8.1,24.2,74,160.9,False
2022-23,Enfield,NSSEC5,NS SEC 6-8: Lower social groups,36.1,8.1,55.8,49,144.4,False
2022-23,Enfield,NSSEC5,NS SEC 9: Students and other / unclassified,58.0,14.1,27.9,51,164.2,False
2022-23,Greenwich,NSSEC5,NS SEC 1-2: Higher social groups,70.9,11.9,17.2,574,409.3,False
2022-23,Greenwich,NSSEC5,NS SEC 3-5: Middle social groups,58.8,9.0,32.2,166,164.1,False
2022-23,Greenwich,NSSEC5,NS SEC 6-8: Lower social groups,58.8,5.2,36.0,95,129.7,False
2022-23,Greenwich,NSSEC5,NS SEC 9: Students and other / unclassified,48.9,17.5,33.5,88,119.3,False
2022-23,Hackney,NSSEC5,NS SEC 1-2: Higher social groups,81.3,5.2,13.5,312,403.7,False
2022-23,Hackney,NSSEC5,NS SEC 3-5: Middle social groups,71.4,9.3,19.3,54,90.3,False
2022-23,Hackney,NSSEC5,NS SEC 6-8: Lower social groups,43.9,7.4,48.7,53,134.2,False
2022-23,Hackney,NSSEC5,NS SEC 9: Students and other / unclassified,52.9,12.5,34.6,55,130.4,False
2022-23,Hammersmith and Fulham,NSSEC5,NS SEC 1-2: Higher social groups,81.7,5.7,12.6,315,312.9,False
2022-23,Hammersmith and Fulham,NSSEC5,NS SEC 3-5: Middle social groups,74.2,3.4,22.4,61,76.2,False
2022-23,Hammersmith and Fulham,NSSEC5,NS SEC 6-8: Lower social groups,47.0,24.1,28.9,34,62.6,False
2022-23,Hammersmith and Fulham,NSSEC5,NS SEC 9: Students and other / unclassified,76.3,9.3,14.4,49,92.7,False
2022-23,Haringey,NSSEC5,NS SEC 1-2: Higher social groups,75.7,9.5,14.7,320,393.3,False
2022-23,Haringey,NSSEC5,NS SEC 3-5: Middle social groups,55.2,12.0,32.8,69,124.8,False
2022-23,Haringey,NSSEC5,NS SEC 6-8: Lower social groups,54.7,6.3,38.9,38,85.7,False
2022-23,Haringey,NSSEC5,NS SEC 9: Students and other / unclassified,72.2,10.4,17.5,51,125.1,False
2022-23,Harrow,NSSEC5,NS SEC 1-2: Higher social groups,73.6,11.6,14.8,245,316.2,False
2022-23,Harrow,NSSEC5,NS SEC 3-5: Middle social groups,52.2,20.9,27.0,87,160.5,False
2022-23,Harrow,NSSEC5,NS SEC 6-8: Lower social groups,42.4,15.6,42.1,41,121.5,False
2022-23,Harrow,NSSEC5,NS SEC 9: Students and other / unclassified,71.8,2.9,25.3,52,120.4,False
2022-23,Havering,NSSEC5,NS SEC 1-2: Higher social groups,66.9,9.5,23.6,247,359.5,False
2022-23,Havering,NSSEC5,NS SEC 3-5: Middle social groups,65.9,12.9,21.2,113,211.6,False
2022-23,Havering,NSSEC5,NS SEC 6-8: Lower social groups,58.8,5.0,36.1,39,87.9,False
2022-23,Havering,NSSEC5,NS SEC 9: Students and other / unclassified,71.4,16.0,12.6,33,80.5,False
2022-23,Hillingdon,NSSEC5,NS SEC 1-2: Higher social groups,61.7,15.6,22.7,263,380.1,False
2022-23,Hillingdon,NSSEC5,NS SEC 3-5: Middle social groups,67.1,9.0,23.9,95,190.8,False
2022-23,Hillingdon,NSSEC5,NS SEC 6-8: Lower social groups,43.2,5.2,51.6,44,122.4,False
2022-23,Hillingdon,NSSEC5,NS SEC 9: Students and other / unclassified,58.8,6.7,34.6,37,129.8,False
2022-23,Hounslow,NSSEC5,NS SEC 1-2: Higher social groups,69.8,14.3,15.9,244,294.7,False
2022-23,Hounslow,NSSEC5,NS SEC 3-5: Middle social groups,64.7,10.6,24.8,99,204.3,False
2022-23,Hounslow,NSSEC5,NS SEC 6-8: Lower social groups,28.9,17.3,53.8,58,170.1,False
2022-23,Hounslow,NSSEC5,NS SEC 9: Students and other / unclassified,61.2,5.3,33.5,46,114.5,False
2022-23,Islington,NSSEC5,NS SEC 1-2: Higher social groups,82.2,6.9,10.8,323,375.3,False
2022-23,Islington,NSSEC5,NS SEC 3-5: Middle social groups,80.0,12.1,7.9,57,87.5,False
2022-23,Islington,NSSEC5,NS SEC 6-8: Lower social groups,50.6,12.1,37.3,35,72.1,False
2022-23,Islington,NSSEC5,NS SEC 9: Students and other / unclassified,77.7,6.4,15.9,55,123.1,False
2022-23,Kensington and Chelsea,NSSEC5,NS SEC 1-2: Higher social groups,78.3,7.4,14.3,261,192.2,False
2022-23,Kensington and Chelsea,NSSEC5,NS SEC 3-5: Middle social groups,66.4,10.4,23.2,68,64.9,False
2022-23,Kensington and Chelsea,NSSEC5,NS SEC 6-8: Lower social groups,54.0,14.6,31.4,41,67.8,False
2022-23,Kensington and Chelsea,NSSEC5,NS SEC 9: Students and other / unclassified,70.0,4.7,25.3,59,83.4,False
2022-23,Kingston upon Thames,NSSEC5,NS SEC 1-2: Higher social groups,79.1,9.0,12.0,306,244.4,False
2022-23,Kingston upon Thames,NSSEC5,NS SEC 3-5: Middle social groups,79.7,7.1,13.2,72,83.4,False
2022-23,Kingston upon Thames,NSSEC5,NS SEC 6-8: Lower social groups,53.5,8.8,37.8,35,64.6,False
2022-23,Kingston upon Thames,NSSEC5,NS SEC 9: Students and other / unclassified,50.5,16.5,33.0,32,62.0,False
2022-23,Lambeth,NSSEC5,NS SEC 1-2: Higher social groups,84.4,6.9,8.7,347,602.1,False
2022-23,Lambeth,NSSEC5,NS SEC 3-5: Middle social groups,59.4,11.3,29.3,58,155.6,False
2022-23,Lambeth,NSSEC5,NS SEC 6-8: Lower social groups,49.8,13.9,36.3,41,103.4,False
2022-23,Lambeth,NSSEC5,NS SEC 9: Students and other / unclassified,47.3,16.9,35.8,41,100.5,False
2022-23,Lewisham,NSSEC5,NS SEC 1-2: Higher social groups,81.5,8.6,9.9,303,438.6,False
2022-23,Lewisham,NSSEC5,NS SEC 3-5: Middle social groups,65.5,3.7,30.8,71,155.8,False
2022-23,Lewisham,NSSEC5,NS SEC 6-8: Lower social groups,51.0,8.6,40.4,56,140.5,False
2022-23,Lewisham,NSSEC5,NS SEC 9: Students and other / unclassified,59.2,14.4,26.4,51,137.0,False
2022-23,Merton,NSSEC5,NS SEC 1-2: Higher social groups,73.3,12.6,14.1,329,347.4,False
2022-23,Merton,NSSEC5,NS SEC 3-5: Middle social groups,68.6,9.8,21.7,71,98.3,False
2022-23,Merton,NSSEC5,NS SEC 6-8: Lower social groups,32.4,7.8,59.8,26,67.3,True
2022-23,Merton,NSSEC5,NS SEC 9: Students and other / unclassified,73.4,4.0,22.6,36,78.4,False
2022-23,Newham,NSSEC5,NS SEC 1-2: Higher social groups,65.7,11.6,22.7,241,366.7,False
2022-23,Newham,NSSEC5,NS SEC 3-5: Middle social groups,56.1,8.4,35.5,71,169.1,False
2022-23,Newham,NSSEC5,NS SEC 6-8: Lower social groups,56.0,7.8,36.2,74,255.7,False
2022-23,Newham,NSSEC5,NS SEC 9: Students and other / unclassified,41.6,16.4,42.1,75,182.3,False
2022-23,Redbridge,NSSEC5,NS SEC 1-2: Higher social groups,65.3,16.0,18.7,276,401.1,False
2022-23,Redbridge,NSSEC5,NS SEC 3-5: Middle social groups,65.2,8.7,26.1,85,155.7,False
2022-23,Redbridge,NSSEC5,NS SEC 6-8: Lower social groups,39.1,7.4,53.5,44,140.2,False
2022-23,Redbridge,NSSEC5,NS SEC 9: Students and other / unclassified,65.4,6.4,28.2,54,156.3,False
2022-23,Richmond upon Thames,NSSEC5,NS SEC 1-2: Higher social groups,79.2,8.8,12.0,330,324.4,False
2022-23,Richmond upon Thames,NSSEC5,NS SEC 3-5: Middle social groups,75.0,7.6,17.4,91,128.2,False
2022-23,Richmond upon Thames,NSSEC5,NS SEC 6-8: Lower social groups,65.7,17.2,17.1,21,35.0,True
2022-23,Richmond upon Thames,NSSEC5,NS SEC 9: Students and other / unclassified,93.0,4.0,3.0,28,55.1,True
2022-23,Southwark,NSSEC5,NS SEC 1-2: Higher social groups,82.1,7.5,10.5,347,507.0,False
2022-23,Southwark,NSSEC5,NS SEC 3-5: Middle social groups,71.5,11.2,17.3,54,127.4,False
2022-23,Southwark,NSSEC5,NS SEC 6-8: Lower social groups,53.0,6.3,40.7,39,120.6,False
2022-23,Southwark,NSSEC5,NS SEC 9: Students and other / unclassified,58.4,15.4,26.3,53,169.7,False
2022-23,Sutton,NSSEC5,NS SEC 1-2: Higher social groups,79.6,10.1,10.3,261,299.3,False
2022-23,Sutton,NSSEC5,NS SEC 3-5: Middle social groups,72.4,10.8,16.8,101,169.2,False
2022-23,Sutton,NSSEC5,NS SEC 6-8: Lower social groups,62.9,6.5,30.6,33,54.3,False
2022-23,Sutton,NSSEC5,NS SEC 9: Students and other / unclassified,74.6,12.6,12.8,33,68.0,False
2022-23,Tower Hamlets,NSSEC5,NS SEC 1-2: Higher social groups,78.8,7.4,13.8,331,503.1,False
2022-23,Tower Hamlets,NSSEC5,NS SEC 3-5: Middle social groups,56.5,9.5,34.0,66,154.0,False
2022-23,Tower Hamlets,NSSEC5,NS SEC 6-8: Lower social groups,51.8,9.2,39.0,40,110.2,False
2022-23,Tower Hamlets,NSSEC5,NS SEC 9: Students and other / unclassified,48.5,9.7,41.8,50,157.3,False
2022-23,Waltham Forest,NSSEC5,NS SEC 1-2: Higher social groups,76.8,5.3,17.9,328,395.5,False
2022-23,Waltham Forest,NSSEC5,NS SEC 3-5: Middle social groups,52.8,12.9,34.3,74,141.1,False
2022-23,Waltham Forest,NSSEC5,NS SEC 6-8: Lower social groups,27.0,12.9,60.1,47,147.4,False
2022-23,Waltham Forest,NSSEC5,NS SEC 9: Students and other / unclassified,54.9,4.7,40.4,37,79.1,False
2022-23,Wandsworth,NSSEC5,NS SEC 1-2: Higher social groups,86.3,7.2,6.5,364,648.8,False
2022-23,Wandsworth,NSSEC5,NS SEC 3-5: Middle social groups,63.4,14.2,22.4,52,112.7,False
2022-23,Wandsworth,NSSEC5,NS SEC 6-8: Lower social groups,47.3,11.6,41.1,27,79.3,True
2022-23,Wandsworth,NSSEC5,NS SEC 9: Students and other / unclassified,77.9,10.5,11.6,42,152.6,False
2022-23,Westminster,NSSEC5,NS SEC 1-2: Higher social groups,83.4,4.8,11.7,277,296.0,False
2022-23,Westminster,NSSEC5,NS SEC 3-5: Middle social groups,82.4,3.8,13.9,59,88.0,False
2022-23,Westminster,NSSEC5,NS SEC 6-8: Lower social groups,41.8,1.5,56.7,32,75.5,False
2022-23,Westminster,NSSEC5,NS SEC 9: Students and other / unclassified,53.8,15.0,31.2,69,155.4,False
2022-23,London,Educ6,Another type of qualification,55.3,8.4,36.3,556,1181.0,False
2022-23,London,Educ6,Level 1 and below,41.6,10.0,48.4,215,484.8,False
2022-23,London,Educ6,Level 2 and equivalents,58.2,10.2,31.6,1774,3255.8,False
2022-23,London,Educ6,Level 3 and equivalents,65.0,9.9,25.1,1775,3512.4,False
2022-23,London,Educ6,Level 4 or above,73.3,9.7,17.1,10938,15926.3,False
2022-23,London,Educ6,No qualifications,41.8,10.8,47.4,964,1528.1,False
2022-23,Barking and Dagenham,Educ6,Another type of qualification,59.8,2.0,38.1,21,33.1,True
2022-23,Barking and Dagenham,Educ6,Level 1 and below,58.0,8.0,34.0,17,32.5,True
2022-23,Barking and Dagenham,Educ6,Level 2 and equivalents,52.1,9.4,38.4,90,108.0,False
2022-23,Barking and Dagenham,Educ6,Level 3 and equivalents,59.2,10.8,29.9,78,97.3,False
2022-23,Barking and Dagenham,Educ6,Level 4 or above,53.0,12.0,35.1,207,238.2,False
2022-23,Barking and Dagenham,Educ6,No qualifications,36.9,3.6,59.5,62,70.8,False
2022-23,Barnet,Educ6,Another type of qualification,68.8,14.3,16.9,23,57.3,True
2022-23,Barnet,Educ6,Level 1 and below,0.0,60.8,39.2,4,10.2,True
2022-23,Barnet,Educ6,Level 2 and equivalents,61.6,8.9,29.6,58,165.2,False
2022-23,Barnet,Educ6,Level 3 and equivalents,79.3,4.3,16.3,39,117.9,False
2022-23,Barnet,Educ6,Level 4 or above,81.8,7.6,10.6,328,748.7,False
2022-23,Barnet,Educ6,No qualifications,34.6,16.1,49.3,28,55.4,True
2022-23,Bexley,Educ6,Another type of qualification,31.4,5.6,63.1,26,60.8,True
2022-23,Bexley,Educ6,Level 1 and below,67.2,0.0,32.8,7,14.9,True
2022-23,Bexley,Educ6,Level 2 and equivalents,69.9,9.4,20.7,93,135.7,False
2022-23,Bexley,Educ6,Level 3 and equivalents,66.2,13.1,20.7,82,134.2,False
2022-23,Bexley,Educ6,Level 4 or above,69.6,9.0,21.4,229,315.9,False
2022-23,Bexley,Educ6,No qualifications,58.5,7.9,33.6,39,49.2,False
2022-23,Brent,Educ6,Another type of qualification,42.7,13.2,44.1,27,78.7,True
2022-23,Brent,Educ6,Level 1 and below,41.5,7.5,51.0,7,27.3,True
2022-23,Brent,Educ6,Level 2 and equivalents,69.4,5.5,25.1,43,109.9,False
2022-23,Brent,Educ6,Level 3 and equivalents,55.2,25.9,18.8,60,147.0,False
2022-23,Brent,Educ6,Level 4 or above,66.5,11.8,21.6,315,557.9,False
2022-23,Brent,Educ6,No qualifications,39.2,10.5,50.3,32,54.3,False
2022-23,Bromley,Educ6,Another type of qualification,69.7,9.7,20.6,17,42.5,True
2022-23,Bromley,Educ6,Level 1 and below,27.5,0.0,72.5,5,10.6,True
2022-23,Bromley,Educ6,Level 2 and equivalents,54.2,18.8,27.1,84,162.0,False
2022-23,Bromley,Educ6,Level 3 and equivalents,76.2,5.4,18.4,64,138.8,False
2022-23,Bromley,Educ6,Level 4 or above,73.1,10.1,16.8,287,557.5,False
2022-23,Bromley,Educ6,No qualifications,47.4,4.2,48.3,29,72.9,True
2022-23,Camden,Educ6,Another type of qualification,57.6,4.3,38.1,12,21.6,True
2022-23,Camden,Educ6,Level 1 and below,56.9,0.0,43.1,4,8.1,True
2022-23,Camden,Educ6,Level 2 and equivalents,44.6,28.6,26.8,29,55.3,True
2022-23,Camden,Educ6,Level 3 and equivalents,85.5,2.8,11.7,55,95.8,False
2022-23,Camden,Educ6,Level 4 or above,78.5,7.8,13.6,372,454.4,False
2022-23,Camden,Educ6,No qualifications,42.1,6.6,51.3,21,22.0,True
2022-23,City of London,Educ6,Another type of qualification,31.2,68.8,0.0,2,0.5,True
2022-23,City of London,Educ6,Level 1 and below,43.7,0.0,56.3,2,0.2,True
2022-23,City of London,Educ6,Level 2 and equivalents,88.8,0.0,11.2,6,0.8,True
2022-23,City of London,Educ6,Level 3 and equivalents,55.0,25.0,20.0,11,2.1,True
2022-23,City of London,Educ6,Level 4 or above,49.1,13.8,37.1,211,27.0,False
2022-23,City of London,Educ6,No qualifications,0.0,0.0,100.0,1,0.3,True
2022-23,Croydon,Educ6,Another type of qualification,66.0,5.1,29.0,20,56.3,True
2022-23,Croydon,Educ6,Level 1 and below,47.8,0.0,52.2,8,18.4,True
2022-23,Croydon,Educ6,Level 2 and equivalents,46.4,10.6,43.0,68,178.2,False
2022-23,Croydon,Educ6,Level 3 and equivalents,71.3,14.9,13.7,62,161.8,False
2022-23,Croydon,Educ6,Level 4 or above,72.0,10.5,17.4,313,624.5,False
2022-23,Croydon,Educ6,No qualifications,62.0,9.8,28.2,34,88.8,False
2022-23,Ealing,Educ6,Another type of qualification,54.4,13.3,32.3,19,55.2,True
2022-23,Ealing,Educ6,Level 1 and below,9.4,25.7,64.9,5,15.9,True
2022-23,Ealing,Educ6,Level 2 and equivalents,59.8,2.1,38.0,54,137.7,False
2022-23,Ealing,Educ6,Level 3 and equivalents,72.6,3.3,24.2,61,175.5,False
2022-23,Ealing,Educ6,Level 4 or above,75.6,5.8,18.6,342,625.9,False
2022-23,Ealing,Educ6,No qualifications,46.0,16.4,37.6,29,53.2,True
2022-23,Enfield,Educ6,Another type of qualification,70.1,3.2,26.8,26,54.5,True
2022-23,Enfield,Educ6,Level 1 and below,47.6,0.0,52.4,5,14.5,True
2022-23,Enfield,Educ6,Level 2 and equivalents,55.2,8.9,35.9,79,160.6,False
2022-23,Enfield,Educ6,Level 3 and equivalents,49.7,12.4,37.9,59,135.9,False
2022-23,Enfield,Educ6,Level 4 or above,69.6,10.7,19.7,276,513.4,False
2022-23,Enfield,Educ6,No qualifications,27.1,0.0,72.9,38,70.0,False
2022-23,Greenwich,Educ6,Another type of qualification,41.3,11.4,47.3,31,36.6,False
2022-23,Greenwich,Educ6,Level 1 and below,54.6,22.9,22.5,12,19.0,True
2022-23,Greenwich,Educ6,Level 2 and equivalents,48.3,12.3,39.3,120,113.1,False
2022-23,Greenwich,Educ6,Level 3 and equivalents,73.2,5.9,20.9,82,90.7,False
2022-23,Greenwich,Educ6,Level 4 or above,67.5,11.5,21.0,643,529.4,False
2022-23,Greenwich,Educ6,No qualifications,37.3,16.6,46.1,69,61.5,False
2022-23,Hackney,Educ6,Another type of qualification,0.0,27.5,72.5,9,14.3,True
2022-23,Hackney,Educ6,Level 1 and below,37.8,0.0,62.2,6,11.3,True
2022-23,Hackney,Educ6,Level 2 and equivalents,46.1,15.0,38.8,39,88.9,False
2022-23,Hackney,Educ6,Level 3 and equivalents,76.0,2.3,21.7,45,106.7,False
2022-23,Hackney,Educ6,Level 4 or above,79.2,5.7,15.2,337,479.3,False
2022-23,Hackney,Educ6,No qualifications,26.6,8.7,64.7,42,58.7,False
2022-23,Hammersmith and Fulham,Educ6,Another type of qualification,71.2,3.0,25.8,15,25.7,True
2022-23,Hammersmith and Fulham,Educ6,Level 1 and below,20.6,43.1,36.2,4,5.3,True
2022-23,Hammersmith and Fulham,Educ6,Level 2 and equivalents,57.4,14.1,28.5,35,41.1,False
2022-23,Hammersmith and Fulham,Educ6,Level 3 and equivalents,87.8,3.1,9.1,49,70.2,False
2022-23,Hammersmith and Fulham,Educ6,Level 4 or above,75.4,9.3,15.3,364,404.9,False
2022-23,Hammersmith and Fulham,Educ6,No qualifications,41.5,27.1,31.5,14,20.6,True
2022-23,Haringey,Educ6,Another type of qualification,34.0,3.6,62.4,12,16.8,True
2022-23,Haringey,Educ6,Level 1 and below,54.3,2.9,42.8,10,25.2,True
2022-23,Haringey,Educ6,Level 2 and equivalents,61.6,11.8,26.6,37,71.2,False
2022-23,Haringey,Educ6,Level 3 and equivalents,58.7,7.3,34.0,53,102.1,False
2022-23,Haringey,Educ6,Level 4 or above,76.6,9.4,14.0,380,523.7,False
2022-23,Haringey,Educ6,No qualifications,26.3,26.2,47.5,22,40.4,True
2022-23,Harrow,Educ6,Another type of qualification,59.5,0.0,40.5,18,39.5,True
2022-23,Harrow,Educ6,Level 1 and below,7.9,43.9,48.2,9,21.3,True
2022-23,Harrow,Educ6,Level 2 and equivalents,69.8,11.6,18.6,58,119.2,False
2022-23,Harrow,Educ6,Level 3 and equivalents,61.1,8.7,30.2,52,90.9,False
2022-23,Harrow,Educ6,Level 4 or above,65.1,13.1,21.8,287,439.7,False
2022-23,Harrow,Educ6,No qualifications,34.2,23.2,42.6,31,42.0,False
2022-23,Havering,Educ6,Another type of qualification,62.1,10.0,27.9,24,49.7,True
2022-23,Havering,Educ6,Level 1 and below,28.4,0.0,71.6,6,8.3,True
2022-23,Havering,Educ6,Level 2 and equivalents,65.0,7.4,27.6,96,178.7,False
2022-23,Havering,Educ6,Level 3 and equivalents,63.9,13.8,22.3,82,154.8,False
2022-23,Havering,Educ6,Level 4 or above,67.7,11.2,21.2,218,340.9,False
2022-23,Havering,Educ6,No qualifications,49.8,3.6,46.6,40,54.2,False
2022-23,Hillingdon,Educ6,Another type of qualification,76.7,3.7,19.7,21,55.1,True
2022-23,Hillingdon,Educ6,Level 1 and below,32.8,0.0,67.2,7,16.0,True
2022-23,Hillingdon,Educ6,Level 2 and equivalents,49.3,14.3,36.4,65,99.7,False
2022-23,Hillingdon,Educ6,Level 3 and equivalents,56.4,11.7,31.8,61,142.9,False
2022-23,Hillingdon,Educ6,Level 4 or above,62.3,13.8,23.9,281,485.5,False
2022-23,Hillingdon,Educ6,No qualifications,49.9,4.2,45.9,41,75.4,False
2022-23,Hounslow,Educ6,Another type of qualification,43.4,17.9,38.8,27,53.6,True
2022-23,Hounslow,Educ6,Level 1 and below,54.3,8.1,37.7,12,47.6,True
2022-23,Hounslow,Educ6,Level 2 and equivalents,65.6,15.1,19.3,53,92.5,False
2022-23,Hounslow,Educ6,Level 3 and equivalents,53.5,15.4,31.1,59,122.9,False
2022-23,Hounslow,Educ6,Level 4 or above,62.2,11.0,26.8,288,448.3,False
2022-23,Hounslow,Educ6,No qualifications,39.1,19.9,41.0,29,45.0,True
2022-23,Islington,Educ6,Another type of qualification,48.3,5.0,46.7,14,23.7,True
2022-23,Islington,Educ6,Level 1 and below,0.0,27.4,72.6,4,7.8,True
2022-23,Islington,Educ6,Level 2 and equivalents,56.3,12.8,30.9,32,50.6,False
2022-23,Islington,Educ6,Level 3 and equivalents,72.2,12.7,15.0,34,58.2,False
2022-23,Islington,Educ6,Level 4 or above,81.5,7.4,11.1,383,508.8,False
2022-23,Islington,Educ6,No qualifications,53.7,9.2,37.2,22,31.6,True
2022-23,Kensington and Chelsea,Educ6,Another type of qualification,76.6,5.9,17.5,12,17.5,True
2022-23,Kensington and Chelsea,Educ6,Level 1 and below,56.8,0.0,43.2,5,6.4,True
2022-23,Kensington and Chelsea,Educ6,Level 2 and equivalents,74.5,1.7,23.8,45,51.7,False
2022-23,Kensington and Chelsea,Educ6,Level 3 and equivalents,72.2,12.7,15.1,43,44.6,False
2022-23,Kensington and Chelsea,Educ6,Level 4 or above,71.3,8.5,20.2,343,293.2,False
2022-23,Kensington and Chelsea,Educ6,No qualifications,46.8,19.6,33.6,28,33.0,True
2022-23,Kingston upon Thames,Educ6,Another type of qualification,69.9,0.0,30.1,21,28.2,True
2022-23,Kingston upon Thames,Educ6,Level 1 and below,87.5,0.0,12.5,4,4.6,True
2022-23,Kingston upon Thames,Educ6,Level 2 and equivalents,63.0,13.8,23.3,60,85.0,False
2022-23,Kingston upon Thames,Educ6,Level 3 and equivalents,69.3,11.2,19.5,46,44.2,False
2022-23,Kingston upon Thames,Educ6,Level 4 or above,73.3,9.4,17.3,343,323.7,False
2022-23,Kingston upon Thames,Educ6,No qualifications,42.2,27.8,30.1,20,18.3,True
2022-23,Lambeth,Educ6,Another type of qualification,35.2,10.9,53.9,11,27.4,True
2022-23,Lambeth,Educ6,Level 1 and below,0.0,26.9,73.1,2,2.7,True
2022-23,Lambeth,Educ6,Level 2 and equivalents,45.2,12.2,42.5,32,76.0,False
2022-23,Lambeth,Educ6,Level 3 and equivalents,70.5,8.4,21.1,33,88.0,False
2022-23,Lambeth,Educ6,Level 4 or above,77.7,9.7,12.6,396,755.6,False
2022-23,Lambeth,Educ6,No qualifications,57.0,1.7,41.3,27,34.7,True
2022-23,Lewisham,Educ6,Another type of qualification,60.8,0.0,39.2,9,28.5,True
2022-23,Lewisham,Educ6,Level 1 and below,100.0,0.0,0.0,2,4.8,True
2022-23,Lewisham,Educ6,Level 2 and equivalents,65.5,10.8,23.7,58,106.8,False
2022-23,Lewisham,Educ6,Level 3 and equivalents,65.0,9.4,25.5,39,101.6,False
2022-23,Lewisham,Educ6,Level 4 or above,76.9,9.0,14.1,348,575.2,False
2022-23,Lewisham,Educ6,No qualifications,14.7,10.9,74.4,29,54.9,True
2022-23,Merton,Educ6,Another type of qualification,35.7,15.6,48.7,16,19.8,True
2022-23,Merton,Educ6,Level 1 and below,90.8,0.0,9.2,4,5.0,True
2022-23,Merton,Educ6,Level 2 and equivalents,59.1,6.9,34.0,39,52.5,False
2022-23,Merton,Educ6,Level 3 and equivalents,44.6,10.0,45.4,54,103.3,False
2022-23,Merton,Educ6,Level 4 or above,75.0,11.0,14.0,367,432.3,False
2022-23,Merton,Educ6,No qualifications,31.8,3.3,65.0,14,21.6,True
2022-23,Newham,Educ6,Another type of qualification,53.7,0.0,46.3,15,50.8,True
2022-23,Newham,Educ6,Level 1 and below,30.4,9.1,60.5,17,47.0,True
2022-23,Newham,Educ6,Level 2 and equivalents,50.9,11.3,37.8,45,118.0,False
2022-23,Newham,Educ6,Level 3 and equivalents,62.2,10.2,27.6,59,147.1,False
2022-23,Newham,Educ6,Level 4 or above,62.5,13.0,24.5,289,536.2,False
2022-23,Newham,Educ6,No qualifications,28.4,13.7,57.9,31,55.1,False
2022-23,Redbridge,Educ6,Another type of qualification,40.4,14.3,45.3,22,51.9,True
2022-23,Redbridge,Educ6,Level 1 and below,66.6,33.4,0.0,3,5.4,True
2022-23,Redbridge,Educ6,Level 2 and equivalents,53.7,4.6,41.7,56,127.4,False
2022-23,Redbridge,Educ6,Level 3 and equivalents,60.8,8.6,30.6,76,157.7,False
2022-23,Redbridge,Educ6,Level 4 or above,62.5,15.3,22.2,283,460.1,False
2022-23,Redbridge,Educ6,No qualifications,71.1,5.3,23.6,34,68.1,False
2022-23,Richmond upon Thames,Educ6,Another type of qualification,56.6,4.8,38.6,10,13.2,True
2022-23,Richmond upon Thames,Educ6,Level 1 and below,49.7,0.0,50.3,3,2.0,True
2022-23,Richmond upon Thames,Educ6,Level 2 and equivalents,70.0,6.0,24.0,47,60.7,False
2022-23,Richmond upon Thames,Educ6,Level 3 and equivalents,89.2,6.1,4.7,40,53.8,False
2022-23,Richmond upon Thames,Educ6,Level 4 or above,76.3,11.1,12.6,402,438.2,False
2022-23,Richmond upon Thames,Educ6,No qualifications,82.7,0.0,17.3,13,26.1,True
2022-23,Southwark,Educ6,Another type of qualification,77.2,7.3,15.5,12,29.5,True
2022-23,Southwark,Educ6,Level 1 and below,63.8,8.6,27.6,7,14.7,True
2022-23,Southwark,Educ6,Level 2 and equivalents,55.3,6.0,38.6,42,100.8,False
2022-23,Southwark,Educ6,Level 3 and equivalents,37.0,13.4,49.5,38,91.7,False
2022-23,Southwark,Educ6,Level 4 or above,79.6,9.3,11.1,382,663.6,False
2022-23,Southwark,Educ6,No qualifications,71.3,0.0,28.7,19,38.2,True
2022-23,Sutton,Educ6,Another type of qualification,76.1,0.0,23.9,17,27.7,True
2022-23,Sutton,Educ6,Level 1 and below,32.2,14.1,53.7,8,12.9,True
2022-23,Sutton,Educ6,Level 2 and equivalents,66.3,11.4,22.3,64,87.5,False
2022-23,Sutton,Educ6,Level 3 and equivalents,77.7,9.0,13.3,69,108.5,False
2022-23,Sutton,Educ6,Level 4 or above,77.8,9.6,12.6,257,340.5,False
2022-23,Sutton,Educ6,No qualifications,49.7,18.6,31.8,32,36.7,False
2022-23,Tower Hamlets,Educ6,Another type of qualification,80.7,0.0,19.3,6,24.5,True
2022-23,Tower Hamlets,Educ6,Level 1 and below,34.6,3.8,61.6,11,28.1,True
2022-23,Tower Hamlets,Educ6,Level 2 and equivalents,48.1,3.6,48.3,29,80.3,True
2022-23,Tower Hamlets,Educ6,Level 3 and equivalents,61.0,7.7,31.3,59,126.0,False
2022-23,Tower Hamlets,Educ6,Level 4 or above,75.3,8.4,16.4,360,606.0,False
2022-23,Tower Hamlets,Educ6,No qualifications,19.6,22.4,57.9,24,51.6,True
2022-23,Waltham Forest,Educ6,Another type of qualification,54.9,4.8,40.3,20,39.9,True
2022-23,Waltham Forest,Educ6,Level 1 and below,42.4,0.0,57.6,7,22.0,True
2022-23,Waltham Forest,Educ6,Level 2 and equivalents,45.4,9.1,45.5,61,113.5,False
2022-23,Waltham Forest,Educ6,Level 3 and equivalents,61.0,13.7,25.2,53,105.7,False
2022-23,Waltham Forest,Educ6,Level 4 or above,67.1,7.7,25.2,345,474.4,False
2022-23,Waltham Forest,Educ6,No qualifications,16.2,7.6,76.2,29,46.3,True
2022-23,Wandsworth,Educ6,Another type of qualification,36.6,42.3,21.1,10,25.3,True
2022-23,Wandsworth,Educ6,Level 1 and below,68.4,0.0,31.6,2,2.0,True
2022-23,Wandsworth,Educ6,Level 2 and equivalents,74.1,16.2,9.7,25,72.8,True
2022-23,Wandsworth,Educ6,Level 3 and equivalents,66.2,3.7,30.1,42,124.7,False
2022-23,Wandsworth,Educ6,Level 4 or above,86.7,6.8,6.5,398,734.9,False
2022-23,Wandsworth,Educ6,No qualifications,32.7,24.4,43.0,17,37.9,True
2022-23,Westminster,Educ6,Another type of qualification,27.8,9.1,63.1,11,21.0,True
2022-23,Westminster,Educ6,Level 1 and below,18.0,0.0,82.0,6,12.9,True
2022-23,Westminster,Educ6,Level 2 and equivalents,78.5,2.1,19.4,32,54.3,False
2022-23,Westminster,Educ6,Level 3 and equivalents,53.2,12.9,33.9,36,69.7,False
2022-23,Westminster,Educ6,Level 4 or above,77.2,7.2,15.6,364,468.3,False
2022-23,Westminster,Educ6,No qualifications,28.7,5.4,65.9,24,39.3,True
2022-23,London,Orient4,Bisexual,73.1,9.5,17.4,392,742.1,False
2022-23,London,Orient4,Gay or Lesbian,76.5,6.3,17.2,490,736.6,False
2022-23,London,Orient4,Heterosexual or Straight,67.5,9.9,22.7,11295,18504.9,False
2022-23,London,Orient4,Other sexual orientation,52.0,5.2,42.8,100,161.1,False
2022-23,Barking and Dagenham,Orient4,Bisexual,65.9,0.0,34.1,5,11.0,True
2022-23,Barking and Dagenham,Orient4,Gay or Lesbian,79.0,13.5,7.5,6,4.4,True
2022-23,Barking and Dagenham,Orient4,Heterosexual or Straight,52.3,8.7,39.0,352,459.3,False
2022-23,Barking and Dagenham,Orient4,Other sexual orientation,38.7,0.0,61.3,4,7.8,True
2022-23,Barnet,Orient4,Bisexual,69.4,30.6,0.0,12,40.5,True
2022-23,Barnet,Orient4,Gay or Lesbian,78.2,0.0,21.8,9,30.0,True
2022-23,Barnet,Orient4,Heterosexual or Straight,77.6,7.3,15.1,330,817.4,False
2022-23,Barnet,Orient4,Other sexual orientation,100.0,0.0,0.0,1,2.7,True
2022-23,Bexley,Orient4,Bisexual,64.6,9.5,25.9,9,24.8,True
2022-23,Bexley,Orient4,Gay or Lesbian,57.9,42.1,0.0,5,6.0,True
2022-23,Bexley,Orient4,Heterosexual or Straight,64.6,9.8,25.5,347,509.9,False
2022-23,Bexley,Orient4,Other sexual orientation,100.0,0.0,0.0,2,4.2,True
2022-23,Brent,Orient4,Bisexual,80.6,11.0,8.4,13,18.4,True
2022-23,Brent,Orient4,Gay or Lesbian,92.2,0.0,7.8,10,12.9,True
2022-23,Brent,Orient4,Heterosexual or Straight,61.1,14.1,24.8,337,733.5,False
2022-23,Brent,Orient4,Other sexual orientation,0.0,0.0,100.0,3,6.0,True
2022-23,Bromley,Orient4,Bisexual,59.3,0.0,40.7,11,26.7,True
2022-23,Bromley,Orient4,Gay or Lesbian,51.6,0.0,48.4,5,30.7,True
2022-23,Bromley,Orient4,Heterosexual or Straight,69.0,11.5,19.5,327,681.4,False
2022-23,Bromley,Orient4,Other sexual orientation,100.0,0.0,0.0,1,2.4,True
2022-23,Camden,Orient4,Bisexual,83.0,4.9,12.1,14,17.5,True
2022-23,Camden,Orient4,Gay or Lesbian,75.4,3.8,20.8,31,29.2,False
2022-23,Camden,Orient4,Heterosexual or Straight,72.4,10.1,17.6,326,475.8,False
2022-23,Camden,Orient4,Other sexual orientation,100.0,0.0,0.0,4,5.3,True
2022-23,City of London,Orient4,Bisexual,100.0,0.0,0.0,3,1.2,True
2022-23,City of London,Orient4,Gay or Lesbian,93.4,6.6,0.0,24,3.5,True
2022-23,City of London,Orient4,Heterosexual or Straight,32.4,19.2,48.4,174,21.5,False
2022-23,Croydon,Orient4,Bisexual,67.2,0.0,32.8,7,17.2,True
2022-23,Croydon,Orient4,Gay or Lesbian,77.7,4.8,17.5,14,21.3,True
2022-23,Croydon,Orient4,Heterosexual or Straight,66.8,11.2,22.0,373,858.0,False
2022-23,Ealing,Orient4,Bisexual,75.1,0.0,24.9,13,20.9,True
2022-23,Ealing,Orient4,Gay or Lesbian,90.9,6.3,2.9,17,28.1,True
2022-23,Ealing,Orient4,Heterosexual or Straight,69.1,6.3,24.6,369,797.8,False
2022-23,Ealing,Orient4,Other sexual orientation,51.3,0.0,48.7,3,4.2,True
2022-23,Enfield,Orient4,Bisexual,85.1,10.7,4.1,9,20.0,True
2022-23,Enfield,Orient4,Gay or Lesbian,67.1,0.0,32.9,4,12.2,True
2022-23,Enfield,Orient4,Heterosexual or Straight,60.8,8.9,30.3,318,640.2,False
2022-23,Enfield,Orient4,Other sexual orientation,82.1,0.0,17.9,3,4.9,True
2022-23,Greenwich,Orient4,Bisexual,77.3,2.5,20.2,33,28.2,False
2022-23,Greenwich,Orient4,Gay or Lesbian,72.7,9.1,18.2,26,21.4,True
2022-23,Greenwich,Orient4,Heterosexual or Straight,61.5,11.4,27.2,657,622.8,False
2022-23,Greenwich,Orient4,Other sexual orientation,100.0,0.0,0.0,4,4.7,True
2022-23,Hackney,Orient4,Bisexual,89.8,0.0,10.2,20,38.7,True
2022-23,Hackney,Orient4,Gay or Lesbian,69.5,1.7,28.8,20,37.0,True
2022-23,Hackney,Orient4,Heterosexual or Straight,69.5,8.1,22.4,306,497.1,False
2022-23,Hackney,Orient4,Other sexual orientation,38.2,0.0,61.8,6,9.6,True
2022-23,Hammersmith and Fulham,Orient4,Bisexual,68.7,17.7,13.6,9,15.0,True
2022-23,Hammersmith and Fulham,Orient4,Gay or Lesbian,79.9,1.8,18.2,20,24.2,True
2022-23,Hammersmith and Fulham,Orient4,Heterosexual or Straight,72.5,9.9,17.6,322,396.2,False
2022-23,Hammersmith and Fulham,Orient4,Other sexual orientation,30.6,0.0,69.4,2,2.2,True
2022-23,Haringey,Orient4,Bisexual,85.4,0.0,14.6,9,16.3,True
2022-23,Haringey,Orient4,Gay or Lesbian,47.9,19.7,32.3,17,28.8,True
2022-23,Haringey,Orient4,Heterosexual or Straight,71.5,10.2,18.3,358,546.6,False
2022-23,Haringey,Orient4,Other sexual orientation,72.6,27.4,0.0,6,8.1,True
2022-23,Harrow,Orient4,Bisexual,100.0,0.0,0.0,1,0.9,True
2022-23,Harrow,Orient4,Gay or Lesbian,30.3,22.0,47.8,3,3.5,True
2022-23,Harrow,Orient4,Heterosexual or Straight,63.6,11.9,24.5,334,575.1,False
2022-23,Harrow,Orient4,Other sexual orientation,74.3,0.0,25.7,5,3.8,True
2022-23,Havering,Orient4,Bisexual,46.4,29.7,23.8,12,20.4,True
2022-23,Havering,Orient4,Gay or Lesbian,100.0,0.0,0.0,3,4.5,True
2022-23,Havering,Orient4,Heterosexual or Straight,67.5,10.7,21.8,320,558.9,False
2022-23,Havering,Orient4,Other sexual orientation,0.0,0.0,100.0,1,2.6,True
2022-23,Hillingdon,Orient4,Bisexual,71.3,8.8,19.9,5,14.3,True
2022-23,Hillingdon,Orient4,Gay or Lesbian,65.2,0.0,34.8,7,9.5,True
2022-23,Hillingdon,Orient4,Heterosexual or Straight,59.3,12.0,28.7,339,633.9,False
2022-23,Hillingdon,Orient4,Other sexual orientation,0.0,0.0,100.0,1,2.6,True
2022-23,Hounslow,Orient4,Bisexual,42.2,14.6,43.2,13,33.6,True
2022-23,Hounslow,Orient4,Gay or Lesbian,85.6,3.7,10.7,9,14.2,True
2022-23,Hounslow,Orient4,Heterosexual or Straight,62.5,12.3,25.3,321,540.8,False
2022-23,Hounslow,Orient4,Other sexual orientation,7.8,9.7,82.6,7,19.3,True
2022-23,Islington,Orient4,Bisexual,58.2,14.6,27.2,20,30.1,True
2022-23,Islington,Orient4,Gay or Lesbian,71.3,12.8,15.9,34,55.7,False
2022-23,Islington,Orient4,Heterosexual or Straight,78.4,6.8,14.9,321,433.3,False
2022-23,Islington,Orient4,Other sexual orientation,54.0,18.3,27.7,10,14.0,True
2022-23,Kensington and Chelsea,Orient4,Bisexual,71.9,5.5,22.7,10,11.0,True
2022-23,Kensington and Chelsea,Orient4,Gay or Lesbian,73.9,6.5,19.6,21,13.3,True
2022-23,Kensington and Chelsea,Orient4,Heterosexual or Straight,68.2,10.9,20.9,302,295.3,False
2022-23,Kensington and Chelsea,Orient4,Other sexual orientation,92.2,0.0,7.8,4,5.8,True
2022-23,Kingston upon Thames,Orient4,Bisexual,93.6,0.0,6.4,11,8.4,True
2022-23,Kingston upon Thames,Orient4,Gay or Lesbian,100.0,0.0,0.0,6,6.7,True
2022-23,Kingston upon Thames,Orient4,Heterosexual or Straight,70.6,9.7,19.7,347,360.3,False
2022-23,Kingston upon Thames,Orient4,Other sexual orientation,49.3,0.0,50.7,2,1.4,True
2022-23,Lambeth,Orient4,Bisexual,79.5,5.8,14.7,21,53.7,True
2022-23,Lambeth,Orient4,Gay or Lesbian,82.5,2.4,15.1,27,54.1,True
2022-23,Lambeth,Orient4,Heterosexual or Straight,70.5,10.0,19.5,325,643.2,False
2022-23,Lambeth,Orient4,Other sexual orientation,72.0,0.0,28.0,3,5.1,True
2022-23,Lewisham,Orient4,Bisexual,51.1,20.8,28.2,14,35.4,True
2022-23,Lewisham,Orient4,Gay or Lesbian,62.1,0.0,37.9,16,33.1,True
2022-23,Lewisham,Orient4,Heterosexual or Straight,73.1,8.1,18.8,360,654.2,False
2022-23,Lewisham,Orient4,Other sexual orientation,100.0,0.0,0.0,1,4.2,True
2022-23,Merton,Orient4,Bisexual,83.7,0.0,16.3,11,16.6,True
2022-23,Merton,Orient4,Gay or Lesbian,76.0,5.8,18.2,14,16.6,True
2022-23,Merton,Orient4,Heterosexual or Straight,67.2,9.4,23.4,372,494.9,False
2022-23,Newham,Orient4,Bisexual,61.8,20.8,17.4,15,27.6,True
2022-23,Newham,Orient4,Gay or Lesbian,66.2,21.1,12.7,15,26.5,True
2022-23,Newham,Orient4,Heterosexual or Straight,56.1,11.3,32.6,341,759.0,False
2022-23,Newham,Orient4,Other sexual orientation,100.0,0.0,0.0,1,1.2,True
2022-23,Redbridge,Orient4,Bisexual,63.8,0.0,36.2,6,11.9,True
2022-23,Redbridge,Orient4,Gay or Lesbian,67.0,33.0,0.0,8,12.0,True
2022-23,Redbridge,Orient4,Heterosexual or Straight,60.5,11.2,28.3,352,671.0,False
2022-23,Redbridge,Orient4,Other sexual orientation,100.0,0.0,0.0,2,1.5,True
2022-23,Richmond upon Thames,Orient4,Bisexual,100.0,0.0,0.0,4,4.8,True
2022-23,Richmond upon Thames,Orient4,Gay or Lesbian,90.9,0.0,9.1,13,18.7,True
2022-23,Richmond upon Thames,Orient4,Heterosexual or Straight,75.6,9.8,14.6,355,404.9,False
2022-23,Richmond upon Thames,Orient4,Other sexual orientation,100.0,0.0,0.0,1,1.3,True
2022-23,Southwark,Orient4,Bisexual,73.5,0.0,26.5,12,34.2,True
2022-23,Southwark,Orient4,Gay or Lesbian,88.2,7.3,4.5,30,58.4,False
2022-23,Southwark,Orient4,Heterosexual or Straight,71.7,10.2,18.1,343,640.0,False
2022-23,Southwark,Orient4,Other sexual orientation,85.9,14.1,0.0,6,8.2,True
2022-23,Sutton,Orient4,Bisexual,87.4,0.0,12.6,6,8.2,True
2022-23,Sutton,Orient4,Gay or Lesbian,100.0,0.0,0.0,5,9.5,True
2022-23,Sutton,Orient4,Heterosexual or Straight,72.6,11.8,15.7,314,440.5,False
2022-23,Sutton,Orient4,Other sexual orientation,100.0,0.0,0.0,2,1.7,True
2022-23,Tower Hamlets,Orient4,Bisexual,93.3,0.0,6.7,29,52.3,True
2022-23,Tower Hamlets,Orient4,Gay or Lesbian,78.0,2.6,19.4,23,41.8,True
2022-23,Tower Hamlets,Orient4,Heterosexual or Straight,68.0,8.8,23.2,336,627.8,False
2022-23,Tower Hamlets,Orient4,Other sexual orientation,10.5,7.6,82.0,6,8.3,True
2022-23,Waltham Forest,Orient4,Bisexual,100.0,0.0,0.0,10,14.6,True
2022-23,Waltham Forest,Orient4,Gay or Lesbian,100.0,0.0,0.0,9,10.0,True
2022-23,Waltham Forest,Orient4,Heterosexual or Straight,58.1,7.7,34.2,368,579.5,False
2022-23,Waltham Forest,Orient4,Other sexual orientation,8.7,0.0,91.3,3,9.4,True
2022-23,Wandsworth,Orient4,Bisexual,74.0,22.3,3.7,17,56.8,True
2022-23,Wandsworth,Orient4,Gay or Lesbian,81.2,12.4,6.5,20,28.1,True
2022-23,Wandsworth,Orient4,Heterosexual or Straight,82.5,7.7,9.8,337,696.4,False
2022-23,Wandsworth,Orient4,Other sexual orientation,100.0,0.0,0.0,2,3.2,True
2022-23,Westminster,Orient4,Bisexual,89.8,10.2,0.0,8,11.0,True
2022-23,Westminster,Orient4,Gay or Lesbian,93.3,1.1,5.6,19,30.9,True
2022-23,Westminster,Orient4,Heterosexual or Straight,72.5,6.9,20.5,312,438.4,False
2022-23,Westminster,Orient4,Other sexual orientation,26.1,0.0,73.9,4,5.2,True
2022-23,London,Relig7,Any other religion,65.9,13.1,21.0,178,301.7,False
2022-23,London,Relig7,Buddhist,59.7,12.7,27.5,166,287.8,False
2022-23,London,Relig7,Christian,65.6,9.8,24.6,4575,6742.0,False
2022-23,London,Relig7,Hindu,64.7,10.0,25.3,660,1326.9,False
2022-23,London,Relig7,Jewish,72.5,6.6,20.9,227,363.2,False
2022-23,London,Relig7,Muslim,52.4,11.7,35.9,1128,2824.4,False
2022-23,London,Relig7,No religion,77.2,8.2,14.5,4863,7387.3,False
2022-23,London,Relig7,Sikh,55.3,9.4,35.4,147,357.5,False
2022-23,Barking and Dagenham,Relig7,Any other religion,36.8,16.7,46.5,5,3.3,True
2022-23,Barking and Dagenham,Relig7,Christian,56.4,9.7,33.9,153,191.3,False
2022-23,Barking and Dagenham,Relig7,Hindu,56.8,6.0,37.2,20,28.2,True
2022-23,Barking and Dagenham,Relig7,Jewish,0.0,0.0,100.0,1,0.5,True
2022-23,Barking and Dagenham,Relig7,Muslim,47.7,7.4,45.0,92,145.0,False
2022-23,Barking and Dagenham,Relig7,No religion,55.5,7.3,37.1,81,90.6,False
2022-23,Barking and Dagenham,Relig7,Sikh,100.0,0.0,0.0,2,1.9,True
2022-23,Barnet,Relig7,Any other religion,71.3,2.5,26.1,10,35.4,True
2022-23,Barnet,Relig7,Buddhist,0.0,0.0,100.0,1,0.8,True
2022-23,Barnet,Relig7,Christian,72.6,9.3,18.1,105,234.7,False
2022-23,Barnet,Relig7,Hindu,65.8,21.4,12.8,24,62.5,True
2022-23,Barnet,Relig7,Jewish,83.4,8.6,8.1,59,133.9,False
2022-23,Barnet,Relig7,Muslim,81.7,0.0,18.3,17,85.8,True
2022-23,Barnet,Relig7,No religion,80.2,7.5,12.3,110,249.5,False
2022-23,Barnet,Relig7,Sikh,85.9,14.1,0.0,3,14.3,True
2022-23,Bexley,Relig7,Any other religion,100.0,0.0,0.0,1,4.1,True
2022-23,Bexley,Relig7,Buddhist,62.8,0.0,37.2,3,3.8,True
2022-23,Bexley,Relig7,Christian,62.0,10.0,28.0,176,265.5,False
2022-23,Bexley,Relig7,Hindu,71.7,0.0,28.3,19,35.0,True
2022-23,Bexley,Relig7,Jewish,65.2,0.0,34.8,4,5.0,True
2022-23,Bexley,Relig7,Muslim,87.0,9.0,4.0,8,17.1,True
2022-23,Bexley,Relig7,No religion,68.3,9.1,22.7,141,214.3,False
2022-23,Bexley,Relig7,Sikh,32.1,7.3,60.7,7,7.8,True
2022-23,Brent,Relig7,Any other religion,68.5,4.7,26.8,9,11.5,True
2022-23,Brent,Relig7,Buddhist,63.7,15.7,20.6,6,21.7,True
2022-23,Brent,Relig7,Christian,56.2,16.5,27.3,118,221.5,False
2022-23,Brent,Relig7,Hindu,71.6,9.3,19.2,74,175.3,False
2022-23,Brent,Relig7,Jewish,44.6,7.8,47.6,12,26.4,True
2022-23,Brent,Relig7,Muslim,61.7,11.1,27.2,49,131.1,False
2022-23,Brent,Relig7,No religion,61.0,16.6,22.4,89,148.8,False
2022-23,Brent,Relig7,Sikh,100.0,0.0,0.0,2,8.3,True
2022-23,Bromley,Relig7,Buddhist,60.5,29.4,10.0,5,8.7,True
2022-23,Bromley,Relig7,Christian,69.8,10.7,19.4,163,320.5,False
2022-23,Bromley,Relig7,Hindu,63.9,11.3,24.8,10,14.5,True
2022-23,Bromley,Relig7,Jewish,100.0,0.0,0.0,1,1.1,True
2022-23,Bromley,Relig7,Muslim,26.6,0.0,73.4,4,6.8,True
2022-23,Bromley,Relig7,No religion,67.0,9.9,23.1,155,388.8,False
2022-23,Camden,Relig7,Any other religion,63.9,0.0,36.1,11,10.7,True
2022-23,Camden,Relig7,Buddhist,57.4,0.0,42.6,7,8.3,True
2022-23,Camden,Relig7,Christian,81.5,6.7,11.8,107,152.1,False
2022-23,Camden,Relig7,Hindu,100.0,0.0,0.0,9,13.4,True
2022-23,Camden,Relig7,Jewish,90.0,2.1,8.0,20,22.3,True
2022-23,Camden,Relig7,Muslim,46.3,4.7,49.0,34,70.7,False
2022-23,Camden,Relig7,No religion,75.9,11.3,12.8,174,223.4,False
2022-23,Camden,Relig7,Sikh,100.0,0.0,0.0,1,3.0,True
2022-23,City of London,Relig7,Any other religion,0.0,100.0,0.0,1,0.3,True
2022-23,City of London,Relig7,Buddhist,0.0,40.6,59.4,6,0.7,True
2022-23,City of London,Relig7,Christian,21.8,21.0,57.1,120,14.1,False
2022-23,City of London,Relig7,Hindu,33.2,31.5,35.3,8,1.3,True
2022-23,City of London,Relig7,Jewish,100.0,0.0,0.0,1,0.1,True
2022-23,City of London,Relig7,Muslim,20.7,35.2,44.1,3,0.6,True
2022-23,City of London,Relig7,No religion,86.6,0.0,13.4,63,9.2,False
2022-23,Croydon,Relig7,Any other religion,54.7,27.3,18.0,10,20.6,True
2022-23,Croydon,Relig7,Buddhist,100.0,0.0,0.0,3,5.3,True
2022-23,Croydon,Relig7,Christian,67.6,11.2,21.2,189,387.1,False
2022-23,Croydon,Relig7,Hindu,46.4,24.9,28.7,22,69.9,True
2022-23,Croydon,Relig7,Jewish,100.0,0.0,0.0,1,0.6,True
2022-23,Croydon,Relig7,Muslim,66.2,7.8,26.0,24,102.7,True
2022-23,Croydon,Relig7,No religion,70.4,6.4,23.2,138,295.3,False
2022-23,Croydon,Relig7,Sikh,100.0,0.0,0.0,2,6.3,True
2022-23,Ealing,Relig7,Any other religion,0.0,0.0,100.0,1,0.9,True
2022-23,Ealing,Relig7,Buddhist,100.0,0.0,0.0,5,21.0,True
2022-23,Ealing,Relig7,Christian,66.6,6.0,27.4,141,270.0,False
2022-23,Ealing,Relig7,Hindu,70.8,10.6,18.6,33,93.8,False
2022-23,Ealing,Relig7,Jewish,100.0,0.0,0.0,2,5.4,True
2022-23,Ealing,Relig7,Muslim,57.7,7.1,35.2,43,115.1,False
2022-23,Ealing,Relig7,No religion,78.8,3.5,17.6,140,240.9,False
2022-23,Ealing,Relig7,Sikh,60.1,6.2,33.7,23,64.0,True
2022-23,Enfield,Relig7,Any other religion,87.6,12.4,0.0,9,22.5,True
2022-23,Enfield,Relig7,Buddhist,14.0,52.3,33.7,5,13.2,True
2022-23,Enfield,Relig7,Christian,64.6,4.4,31.0,124,247.4,False
2022-23,Enfield,Relig7,Hindu,56.0,7.0,37.0,15,34.9,True
2022-23,Enfield,Relig7,Jewish,79.6,5.9,14.5,11,17.0,True
2022-23,Enfield,Relig7,Muslim,51.6,9.1,39.2,39,102.6,False
2022-23,Enfield,Relig7,No religion,56.8,12.4,30.8,117,224.1,False
2022-23,Greenwich,Relig7,Any other religion,68.8,10.3,20.9,10,10.8,True
2022-23,Greenwich,Relig7,Buddhist,40.2,33.2,26.6,17,24.4,True
2022-23,Greenwich,Relig7,Christian,58.9,10.9,30.3,273,239.3,False
2022-23,Greenwich,Relig7,Hindu,60.9,3.8,35.3,31,39.4,False
2022-23,Greenwich,Relig7,Jewish,84.1,0.0,15.9,3,2.8,True
2022-23,Greenwich,Relig7,Muslim,35.8,8.5,55.7,32,39.3,False
2022-23,Greenwich,Relig7,No religion,73.0,10.1,17.0,324,292.0,False
2022-23,Greenwich,Relig7,Sikh,60.2,11.7,28.2,5,4.4,True
2022-23,Hackney,Relig7,Any other religion,86.7,0.0,13.3,4,5.1,True
2022-23,Hackney,Relig7,Buddhist,18.6,7.0,74.4,9,9.9,True
2022-23,Hackney,Relig7,Christian,54.7,9.0,36.3,87,124.2,False
2022-23,Hackney,Relig7,Hindu,61.3,0.0,38.7,7,13.4,True
2022-23,Hackney,Relig7,Jewish,69.5,6.7,23.8,11,12.7,True
2022-23,Hackney,Relig7,Muslim,60.3,12.1,27.6,31,90.8,False
2022-23,Hackney,Relig7,No religion,84.2,5.3,10.4,192,287.3,False
2022-23,Hackney,Relig7,Sikh,38.5,0.0,61.5,4,16.0,True
2022-23,Hammersmith and Fulham,Relig7,Any other religion,100.0,0.0,0.0,2,2.3,True
2022-23,Hammersmith and Fulham,Relig7,Buddhist,100.0,0.0,0.0,3,2.8,True
2022-23,Hammersmith and Fulham,Relig7,Christian,68.9,9.5,21.6,147,151.6,False
2022-23,Hammersmith and Fulham,Relig7,Hindu,39.0,0.0,61.0,5,6.1,True
2022-23,Hammersmith and Fulham,Relig7,Muslim,81.2,3.6,15.2,19,35.6,True
2022-23,Hammersmith and Fulham,Relig7,No religion,79.4,8.7,11.9,164,219.4,False
2022-23,Hammersmith and Fulham,Relig7,Sikh,50.4,49.6,0.0,2,8.7,True
2022-23,Haringey,Relig7,Any other religion,83.6,0.0,16.4,7,12.4,True
2022-23,Haringey,Relig7,Buddhist,60.0,10.6,29.4,6,6.3,True
2022-23,Haringey,Relig7,Christian,67.0,9.0,24.0,132,188.9,False
2022-23,Haringey,Relig7,Hindu,31.2,41.0,27.8,4,8.1,True
2022-23,Haringey,Relig7,Jewish,58.9,26.9,14.2,11,15.5,True
2022-23,Haringey,Relig7,Muslim,53.0,28.3,18.7,23,54.4,True
2022-23,Haringey,Relig7,No religion,79.8,7.6,12.6,197,306.2,False
2022-23,Haringey,Relig7,Sikh,100.0,0.0,0.0,1,0.8,True
2022-23,Harrow,Relig7,Any other religion,80.2,12.8,7.0,10,20.4,True
2022-23,Harrow,Relig7,Buddhist,60.4,0.0,39.6,8,12.6,True
2022-23,Harrow,Relig7,Christian,59.7,9.7,30.6,89,120.1,False
2022-23,Harrow,Relig7,Hindu,58.0,13.9,28.1,116,209.2,False
2022-23,Harrow,Relig7,Jewish,49.1,3.3,47.6,22,23.3,True
2022-23,Harrow,Relig7,Muslim,61.2,16.9,21.9,29,70.5,True
2022-23,Harrow,Relig7,No religion,72.3,11.4,16.3,55,103.0,False
2022-23,Harrow,Relig7,Sikh,54.5,28.1,17.4,4,5.0,True
2022-23,Havering,Relig7,Any other religion,35.7,7.3,57.0,5,7.5,True
2022-23,Havering,Relig7,Buddhist,63.9,15.8,20.3,3,11.7,True
2022-23,Havering,Relig7,Christian,69.8,12.6,17.6,168,267.0,False
2022-23,Havering,Relig7,Hindu,74.6,5.5,19.9,11,22.3,True
2022-23,Havering,Relig7,Jewish,0.0,0.0,100.0,2,2.3,True
2022-23,Havering,Relig7,Muslim,32.6,15.0,52.4,24,52.6,True
2022-23,Havering,Relig7,No religion,76.0,6.3,17.7,117,204.6,False
2022-23,Havering,Relig7,Sikh,66.6,16.8,16.7,6,15.4,True
2022-23,Hillingdon,Relig7,Any other religion,66.8,19.6,13.6,8,10.0,True
2022-23,Hillingdon,Relig7,Buddhist,0.0,52.7,47.3,3,2.5,True
2022-23,Hillingdon,Relig7,Christian,62.6,14.8,22.6,142,230.3,False
2022-23,Hillingdon,Relig7,Hindu,46.3,4.5,49.1,38,70.0,False
2022-23,Hillingdon,Relig7,Jewish,100.0,0.0,0.0,3,2.2,True
2022-23,Hillingdon,Relig7,Muslim,42.8,18.1,39.1,46,143.0,False
2022-23,Hillingdon,Relig7,No religion,77.9,5.0,17.0,92,162.4,False
2022-23,Hillingdon,Relig7,Sikh,37.5,12.0,50.5,19,39.0,True
2022-23,Hounslow,Relig7,Any other religion,59.2,22.5,18.3,10,16.3,True
2022-23,Hounslow,Relig7,Buddhist,42.0,0.0,58.0,6,10.7,True
2022-23,Hounslow,Relig7,Christian,65.5,14.3,20.2,121,161.6,False
2022-23,Hounslow,Relig7,Hindu,67.4,9.2,23.4,37,83.1,False
2022-23,Hounslow,Relig7,Jewish,0.0,100.0,0.0,1,0.6,True
2022-23,Hounslow,Relig7,Muslim,51.4,11.1,37.5,48,125.1,False
2022-23,Hounslow,Relig7,No religion,70.0,17.7,12.4,91,117.8,False
2022-23,Hounslow,Relig7,Sikh,45.4,6.0,48.6,31,100.8,False
2022-23,Islington,Relig7,Any other religion,25.9,0.0,74.1,3,2.1,True
2022-23,Islington,Relig7,Buddhist,59.5,0.0,40.5,5,5.1,True
2022-23,Islington,Relig7,Christian,68.7,8.1,23.2,118,167.3,False
2022-23,Islington,Relig7,Hindu,100.0,0.0,0.0,3,3.5,True
2022-23,Islington,Relig7,Jewish,81.4,0.0,18.6,5,3.9,True
2022-23,Islington,Relig7,Muslim,57.8,6.8,35.5,20,38.0,True
2022-23,Islington,Relig7,No religion,82.0,8.5,9.5,213,305.5,False
2022-23,Islington,Relig7,Sikh,100.0,0.0,0.0,1,1.4,True
2022-23,Kensington and Chelsea,Relig7,Any other religion,17.0,22.8,60.2,4,2.8,True
2022-23,Kensington and Chelsea,Relig7,Buddhist,54.1,24.5,21.3,3,1.8,True
2022-23,Kensington and Chelsea,Relig7,Christian,67.1,9.2,23.7,167,147.2,False
2022-23,Kensington and Chelsea,Relig7,Hindu,100.0,0.0,0.0,4,4.8,True
2022-23,Kensington and Chelsea,Relig7,Jewish,94.7,0.0,5.3,9,5.6,True
2022-23,Kensington and Chelsea,Relig7,Muslim,73.8,13.9,12.2,20,29.2,True
2022-23,Kensington and Chelsea,Relig7,No religion,75.6,9.8,14.6,113,113.9,False
2022-23,Kingston upon Thames,Relig7,Any other religion,92.5,0.0,7.5,8,10.5,True
2022-23,Kingston upon Thames,Relig7,Buddhist,51.3,0.0,48.7,5,3.3,True
2022-23,Kingston upon Thames,Relig7,Christian,68.5,9.9,21.6,152,149.3,False
2022-23,Kingston upon Thames,Relig7,Hindu,92.8,4.1,3.1,10,17.6,True
2022-23,Kingston upon Thames,Relig7,Jewish,54.7,45.3,0.0,2,3.5,True
2022-23,Kingston upon Thames,Relig7,Muslim,50.8,7.8,41.4,20,34.3,True
2022-23,Kingston upon Thames,Relig7,No religion,74.8,10.1,15.0,166,160.8,False
2022-23,Kingston upon Thames,Relig7,Sikh,100.0,0.0,0.0,2,1.9,True
2022-23,Lambeth,Relig7,Any other religion,19.3,60.9,19.8,3,4.4,True
2022-23,Lambeth,Relig7,Buddhist,54.5,0.0,45.5,3,3.0,True
2022-23,Lambeth,Relig7,Christian,64.2,10.9,24.9,131,250.1,False
2022-23,Lambeth,Relig7,Jewish,100.0,0.0,0.0,3,6.9,True
2022-23,Lambeth,Relig7,Muslim,47.0,20.5,32.5,17,47.4,True
2022-23,Lambeth,Relig7,No religion,80.9,7.0,12.2,205,403.4,False
2022-23,Lewisham,Relig7,Any other religion,58.3,29.8,11.9,4,13.3,True
2022-23,Lewisham,Relig7,Buddhist,7.1,39.7,53.2,6,18.5,True
2022-23,Lewisham,Relig7,Christian,63.2,7.1,29.7,151,261.6,False
2022-23,Lewisham,Relig7,Hindu,80.7,0.0,19.3,14,37.4,True
2022-23,Lewisham,Relig7,Jewish,0.0,0.0,100.0,1,6.4,True
2022-23,Lewisham,Relig7,Muslim,63.6,9.8,26.5,17,41.8,True
2022-23,Lewisham,Relig7,No religion,82.2,7.9,9.9,183,302.7,False
2022-23,Lewisham,Relig7,Sikh,100.0,0.0,0.0,1,0.9,True
2022-23,Merton,Relig7,Any other religion,54.6,45.4,0.0,5,5.6,True
2022-23,Merton,Relig7,Buddhist,40.7,0.0,59.3,6,7.2,True
2022-23,Merton,Relig7,Christian,70.4,6.2,23.4,160,198.2,False
2022-23,Merton,Relig7,Hindu,61.1,7.2,31.6,16,38.3,True
2022-23,Merton,Relig7,Jewish,100.0,0.0,0.0,3,6.7,True
2022-23,Merton,Relig7,Muslim,38.5,17.9,43.7,22,48.9,True
2022-23,Merton,Relig7,No religion,78.5,9.8,11.7,170,197.8,False
2022-23,Merton,Relig7,Sikh,100.0,0.0,0.0,1,1.5,True
2022-23,Newham,Relig7,Any other religion,61.6,0.0,38.4,6,15.1,True
2022-23,Newham,Relig7,Buddhist,87.0,13.0,0.0,5,7.7,True
2022-23,Newham,Relig7,Christian,60.1,9.8,30.1,117,217.1,False
2022-23,Newham,Relig7,Hindu,48.1,11.0,40.9,22,38.6,True
2022-23,Newham,Relig7,Jewish,100.0,0.0,0.0,1,0.5,True
2022-23,Newham,Relig7,Muslim,46.8,13.7,39.5,115,358.1,False
2022-23,Newham,Relig7,No religion,80.4,8.9,10.7,106,168.1,False
2022-23,Newham,Relig7,Sikh,83.5,0.0,16.5,4,9.4,True
2022-23,Redbridge,Relig7,Any other religion,63.9,36.1,0.0,4,10.0,True
2022-23,Redbridge,Relig7,Buddhist,46.8,0.0,53.2,4,5.3,True
2022-23,Redbridge,Relig7,Christian,55.2,10.2,34.6,114,181.9,False
2022-23,Redbridge,Relig7,Hindu,73.9,7.9,18.2,35,73.1,False
2022-23,Redbridge,Relig7,Jewish,63.3,0.0,36.7,7,9.7,True
2022-23,Redbridge,Relig7,Muslim,55.4,14.0,30.5,98,263.5,False
2022-23,Redbridge,Relig7,No religion,71.9,15.3,12.8,76,106.6,False
2022-23,Redbridge,Relig7,Sikh,49.8,24.5,25.7,16,30.3,True
2022-23,Richmond upon Thames,Relig7,Any other religion,50.1,36.0,13.9,8,8.4,True
2022-23,Richmond upon Thames,Relig7,Buddhist,85.8,0.0,14.2,8,11.1,True
2022-23,Richmond upon Thames,Relig7,Christian,74.2,12.0,13.8,158,165.2,False
2022-23,Richmond upon Thames,Relig7,Hindu,100.0,0.0,0.0,4,6.8,True
2022-23,Richmond upon Thames,Relig7,Jewish,100.0,0.0,0.0,4,8.0,True
2022-23,Richmond upon Thames,Relig7,Muslim,53.3,12.1,34.6,11,18.4,True
2022-23,Richmond upon Thames,Relig7,No religion,80.9,6.7,12.4,162,189.8,False
2022-23,Richmond upon Thames,Relig7,Sikh,35.8,0.0,64.2,5,9.6,True
2022-23,Southwark,Relig7,Any other religion,16.4,12.7,70.8,7,10.8,True
2022-23,Southwark,Relig7,Buddhist,89.0,11.0,0.0,7,11.7,True
2022-23,Southwark,Relig7,Christian,63.3,10.6,26.1,147,286.9,False
2022-23,Southwark,Relig7,Hindu,18.5,0.0,81.5,2,4.1,True
2022-23,Southwark,Relig7,Jewish,100.0,0.0,0.0,6,7.5,True
2022-23,Southwark,Relig7,Muslim,46.4,10.9,42.7,18,45.2,True
2022-23,Southwark,Relig7,No religion,85.2,6.4,8.4,186,326.2,False
2022-23,Sutton,Relig7,Any other religion,79.0,21.0,0.0,3,4.6,True
2022-23,Sutton,Relig7,Buddhist,100.0,0.0,0.0,4,17.0,True
2022-23,Sutton,Relig7,Christian,66.9,12.5,20.6,134,171.2,False
2022-23,Sutton,Relig7,Hindu,69.2,3.9,27.0,35,61.2,False
2022-23,Sutton,Relig7,Jewish,50.5,49.5,0.0,3,2.3,True
2022-23,Sutton,Relig7,Muslim,72.9,22.1,5.1,11,21.7,True
2022-23,Sutton,Relig7,No religion,81.9,10.1,8.0,127,173.3,False
2022-23,Sutton,Relig7,Sikh,100.0,0.0,0.0,2,3.3,True
2022-23,Tower Hamlets,Relig7,Buddhist,52.8,16.3,30.9,4,5.2,True
2022-23,Tower Hamlets,Relig7,Christian,71.7,3.4,25.0,85,144.7,False
2022-23,Tower Hamlets,Relig7,Hindu,70.7,19.8,9.5,15,25.0,True
2022-23,Tower Hamlets,Relig7,Jewish,88.5,0.0,11.5,6,9.1,True
2022-23,Tower Hamlets,Relig7,Muslim,48.5,7.7,43.8,91,233.8,False
2022-23,Tower Hamlets,Relig7,No religion,79.0,9.4,11.6,184,306.0,False
2022-23,Tower Hamlets,Relig7,Sikh,100.0,0.0,0.0,2,2.2,True
2022-23,Waltham Forest,Relig7,Any other religion,92.9,0.0,7.1,5,12.1,True
2022-23,Waltham Forest,Relig7,Buddhist,0.0,0.0,100.0,1,3.1,True
2022-23,Waltham Forest,Relig7,Christian,50.6,9.1,40.3,129,188.9,False
2022-23,Waltham Forest,Relig7,Hindu,84.1,0.0,15.9,4,16.5,True
2022-23,Waltham Forest,Relig7,Muslim,35.3,6.1,58.6,56,131.9,False
2022-23,Waltham Forest,Relig7,No religion,78.2,5.5,16.3,187,250.3,False
2022-23,Waltham Forest,Relig7,Sikh,0.0,0.0,100.0,1,1.4,True
2022-23,Wandsworth,Relig7,Any other religion,100.0,0.0,0.0,2,3.0,True
2022-23,Wandsworth,Relig7,Buddhist,74.7,0.0,25.3,4,16.4,True
2022-23,Wandsworth,Relig7,Christian,76.8,8.3,15.0,138,255.6,False
2022-23,Wandsworth,Relig7,Hindu,61.1,21.1,17.8,7,11.9,True
2022-23,Wandsworth,Relig7,Jewish,55.4,0.0,44.6,4,8.4,True
2022-23,Wandsworth,Relig7,Muslim,53.6,35.1,11.3,14,70.1,True
2022-23,Wandsworth,Relig7,No religion,92.4,3.6,4.0,197,399.1,False
2022-23,Westminster,Relig7,Any other religion,12.9,0.0,87.1,3,4.7,True
2022-23,Westminster,Relig7,Buddhist,100.0,0.0,0.0,5,7.1,True
2022-23,Westminster,Relig7,Christian,77.0,6.7,16.2,119,169.7,False
2022-23,Westminster,Relig7,Hindu,84.5,0.0,15.5,6,7.8,True
2022-23,Westminster,Relig7,Jewish,14.8,0.0,85.2,8,13.1,True
2022-23,Westminster,Relig7,Muslim,45.3,5.2,49.5,33,53.3,False
2022-23,Westminster,Relig7,No religion,79.7,7.3,13.0,148,206.0,False
2022-23,London,ChildAgeU13,No,68.0,9.5,22.5,12799,19846.9,False
2022-23,London,ChildAgeU13,Yes,61.8,10.6,27.6,3949,6833.9,False
2022-23,Barking and Dagenham,ChildAgeU13,No,55.9,9.7,34.4,308,360.7,False
2022-23,Barking and Dagenham,ChildAgeU13,Yes,46.6,10.1,43.3,193,241.5,False
2022-23,Barnet,ChildAgeU13,No,73.7,10.3,15.9,388,919.1,False
2022-23,Barnet,ChildAgeU13,Yes,76.3,2.9,20.9,101,258.6,False
2022-23,Bexley,ChildAgeU13,No,63.7,9.4,27.0,354,516.1,False
2022-23,Bexley,ChildAgeU13,Yes,64.9,11.0,24.1,139,213.6,False
2022-23,Brent,ChildAgeU13,No,64.8,11.1,24.1,365,717.4,False
2022-23,Brent,ChildAgeU13,Yes,51.5,16.0,32.6,142,306.5,False
2022-23,Bromley,ChildAgeU13,No,67.6,11.5,20.9,393,766.5,False
2022-23,Bromley,ChildAgeU13,Yes,67.5,6.8,25.6,105,241.3,False
2022-23,Camden,ChildAgeU13,No,74.9,8.3,16.8,403,526.9,False
2022-23,Camden,ChildAgeU13,Yes,70.8,10.5,18.7,106,149.6,False
2022-23,City of London,ChildAgeU13,No,57.1,7.2,35.7,184,24.6,False
2022-23,City of London,ChildAgeU13,Yes,22.1,44.2,33.7,49,6.4,False
2022-23,Croydon,ChildAgeU13,No,66.6,8.8,24.5,380,820.9,False
2022-23,Croydon,ChildAgeU13,Yes,62.9,15.3,21.8,142,342.9,False
2022-23,Ealing,ChildAgeU13,No,68.9,5.8,25.2,393,807.7,False
2022-23,Ealing,ChildAgeU13,Yes,66.9,7.9,25.2,132,284.2,False
2022-23,Enfield,ChildAgeU13,No,60.6,10.2,29.2,373,718.2,False
2022-23,Enfield,ChildAgeU13,Yes,59.3,7.1,33.6,127,262.8,False
2022-23,Greenwich,ChildAgeU13,No,65.0,11.4,23.7,735,625.3,False
2022-23,Greenwich,ChildAgeU13,Yes,53.7,12.7,33.6,256,246.9,False
2022-23,Hackney,ChildAgeU13,No,68.9,5.9,25.2,400,623.3,False
2022-23,Hackney,ChildAgeU13,Yes,59.9,12.9,27.2,96,164.5,False
2022-23,Hammersmith and Fulham,ChildAgeU13,No,73.6,10.1,16.4,422,505.1,False
2022-23,Hammersmith and Fulham,ChildAgeU13,Yes,73.7,6.4,19.9,73,78.3,False
2022-23,Haringey,ChildAgeU13,No,66.0,10.8,23.2,411,619.4,False
2022-23,Haringey,ChildAgeU13,Yes,72.9,6.0,21.1,121,190.4,False
2022-23,Harrow,ChildAgeU13,No,63.8,13.3,22.9,347,559.4,False
2022-23,Harrow,ChildAgeU13,Yes,54.1,10.7,35.2,132,226.7,False
2022-23,Havering,ChildAgeU13,No,67.0,9.6,23.3,360,562.5,False
2022-23,Havering,ChildAgeU13,Yes,56.5,12.7,30.8,120,246.3,False
2022-23,Hillingdon,ChildAgeU13,No,59.4,11.8,28.9,371,645.8,False
2022-23,Hillingdon,ChildAgeU13,Yes,59.4,10.7,29.8,119,256.2,False
2022-23,Hounslow,ChildAgeU13,No,62.7,9.8,27.5,345,524.5,False
2022-23,Hounslow,ChildAgeU13,Yes,49.8,18.2,32.0,143,315.4,False
2022-23,Islington,ChildAgeU13,No,75.2,8.7,16.2,429,594.2,False
2022-23,Islington,ChildAgeU13,Yes,74.5,5.8,19.7,78,106.5,False
2022-23,Kensington and Chelsea,ChildAgeU13,No,70.9,8.4,20.7,427,379.7,False
2022-23,Kensington and Chelsea,ChildAgeU13,Yes,62.7,11.0,26.4,63,78.8,False
2022-23,Kingston upon Thames,ChildAgeU13,No,68.8,10.8,20.4,365,380.9,False
2022-23,Kingston upon Thames,ChildAgeU13,Yes,70.9,9.9,19.2,136,132.2,False
2022-23,Lambeth,ChildAgeU13,No,73.9,8.9,17.2,409,812.0,False
2022-23,Lambeth,ChildAgeU13,Yes,60.8,11.4,27.8,109,200.5,False
2022-23,Lewisham,ChildAgeU13,No,70.3,9.7,20.1,394,707.6,False
2022-23,Lewisham,ChildAgeU13,Yes,65.6,7.1,27.3,113,202.3,False
2022-23,Merton,ChildAgeU13,No,66.0,9.6,24.4,370,476.1,False
2022-23,Merton,ChildAgeU13,Yes,66.5,11.6,21.9,137,169.0,False
2022-23,Newham,ChildAgeU13,No,58.3,10.4,31.3,342,647.0,False
2022-23,Newham,ChildAgeU13,Yes,52.3,12.1,35.6,140,351.3,False
2022-23,Redbridge,ChildAgeU13,No,58.1,12.8,29.2,338,593.1,False
2022-23,Redbridge,ChildAgeU13,Yes,63.8,9.9,26.3,154,307.0,False
2022-23,Richmond upon Thames,ChildAgeU13,No,77.6,8.5,14.0,396,437.4,False
2022-23,Richmond upon Thames,ChildAgeU13,Yes,73.9,11.7,14.4,126,162.5,False
2022-23,Southwark,ChildAgeU13,No,70.9,9.5,19.5,415,757.9,False
2022-23,Southwark,ChildAgeU13,Yes,75.3,8.5,16.2,99,201.0,False
2022-23,Sutton,ChildAgeU13,No,74.4,9.5,16.1,341,453.2,False
2022-23,Sutton,ChildAgeU13,Yes,69.8,12.6,17.6,120,176.8,False
2022-23,Tower Hamlets,ChildAgeU13,No,68.4,8.6,23.0,397,707.0,False
2022-23,Tower Hamlets,ChildAgeU13,Yes,58.0,7.4,34.6,107,245.3,False
2022-23,Waltham Forest,ChildAgeU13,No,62.4,7.2,30.4,402,627.3,False
2022-23,Waltham Forest,ChildAgeU13,Yes,48.8,11.4,39.8,123,192.9,False
2022-23,Wandsworth,ChildAgeU13,No,81.1,8.5,10.4,427,857.6,False
2022-23,Wandsworth,ChildAgeU13,Yes,69.7,9.6,20.7,78,166.5,False
2022-23,Westminster,ChildAgeU13,No,70.0,6.8,23.3,415,572.3,False
2022-23,Westminster,ChildAgeU13,Yes,62.2,8.2,29.7,70,109.3,False
2022-23,London,Maternity_pop,No,66.6,9.8,23.6,16348,26048.6,False
2022-23,London,Maternity_pop,Yes,59.6,10.4,30.0,400,632.1,False
2022-23,Barking and Dagenham,Maternity_pop,No,52.0,9.9,38.1,488,590.5,False
2022-23,Barking and Dagenham,Maternity_pop,Yes,59.5,9.7,30.7,13,11.7,True
2022-23,Barnet,Maternity_pop,No,75.0,8.9,16.2,483,1155.8,False
2022-23,Barnet,Maternity_pop,Yes,38.8,0.0,61.2,6,22.0,True
2022-23,Bexley,Maternity_pop,No,63.8,10.0,26.2,483,717.3,False
2022-23,Bexley,Maternity_pop,Yes,76.7,3.6,19.8,10,12.4,True
2022-23,Brent,Maternity_pop,No,61.4,12.0,26.6,491,986.4,False
2022-23,Brent,Maternity_pop,Yes,45.3,26.2,28.5,16,37.5,True
2022-23,Bromley,Maternity_pop,No,67.4,10.5,22.1,485,975.8,False
2022-23,Bromley,Maternity_pop,Yes,74.0,8.4,17.6,13,32.0,True
2022-23,Camden,Maternity_pop,No,74.1,8.9,17.0,501,666.6,False
2022-23,Camden,Maternity_pop,Yes,66.0,0.0,34.0,8,9.9,True
2022-23,City of London,Maternity_pop,No,50.4,15.0,34.6,232,30.6,False
2022-23,City of London,Maternity_pop,Yes,0.0,0.0,100.0,1,0.3,True
2022-23,Croydon,Maternity_pop,No,65.4,10.7,23.9,503,1118.6,False
2022-23,Croydon,Maternity_pop,Yes,68.6,12.0,19.4,19,45.1,True
2022-23,Ealing,Maternity_pop,No,68.3,6.5,25.2,508,1059.8,False
2022-23,Ealing,Maternity_pop,Yes,72.2,3.4,24.4,17,32.1,True
2022-23,Enfield,Maternity_pop,No,60.5,9.4,30.1,486,961.7,False
2022-23,Enfield,Maternity_pop,Yes,46.4,9.4,44.2,14,19.3,True
2022-23,Greenwich,Maternity_pop,No,62.2,11.5,26.3,964,846.7,False
2022-23,Greenwich,Maternity_pop,Yes,47.2,19.7,33.1,27,25.5,True
2022-23,Hackney,Maternity_pop,No,67.0,7.4,25.5,487,778.0,False
2022-23,Hackney,Maternity_pop,Yes,68.0,0.0,32.0,9,9.9,True
2022-23,Hammersmith and Fulham,Maternity_pop,No,73.6,9.6,16.8,492,580.9,False
2022-23,Hammersmith and Fulham,Maternity_pop,Yes,70.2,0.0,29.8,3,2.5,True
2022-23,Haringey,Maternity_pop,No,67.8,9.3,22.9,521,797.8,False
2022-23,Haringey,Maternity_pop,Yes,58.1,29.7,12.2,11,12.0,True
2022-23,Harrow,Maternity_pop,No,61.0,12.8,26.2,466,770.8,False
2022-23,Harrow,Maternity_pop,Yes,59.3,3.4,37.3,13,15.3,True
2022-23,Havering,Maternity_pop,No,64.1,10.5,25.4,469,787.8,False
2022-23,Havering,Maternity_pop,Yes,56.2,10.9,32.9,11,20.9,True
2022-23,Hillingdon,Maternity_pop,No,59.9,11.6,28.5,478,873.3,False
2022-23,Hillingdon,Maternity_pop,Yes,43.5,6.7,49.8,12,28.7,True
2022-23,Hounslow,Maternity_pop,No,58.2,13.1,28.7,476,819.3,False
2022-23,Hounslow,Maternity_pop,Yes,44.2,6.8,49.0,12,20.6,True
2022-23,Islington,Maternity_pop,No,75.1,8.1,16.8,494,684.5,False
2022-23,Islington,Maternity_pop,Yes,75.0,13.7,11.2,13,16.2,True
2022-23,Kensington and Chelsea,Maternity_pop,No,69.6,9.0,21.4,483,451.3,False
2022-23,Kensington and Chelsea,Maternity_pop,Yes,63.4,0.0,36.6,7,7.2,True
2022-23,Kingston upon Thames,Maternity_pop,No,70.1,10.2,19.7,487,499.5,False
2022-23,Kingston upon Thames,Maternity_pop,Yes,40.7,23.5,35.8,14,13.6,True
2022-23,Lambeth,Maternity_pop,No,71.7,9.5,18.8,499,975.9,False
2022-23,Lambeth,Maternity_pop,Yes,61.5,5.7,32.8,19,36.6,True
2022-23,Lewisham,Maternity_pop,No,69.5,9.2,21.3,495,891.6,False
2022-23,Lewisham,Maternity_pop,Yes,55.1,2.9,42.0,12,18.2,True
2022-23,Merton,Maternity_pop,No,65.9,10.0,24.2,489,622.4,False
2022-23,Merton,Maternity_pop,Yes,73.2,14.8,11.9,18,22.7,True
2022-23,Newham,Maternity_pop,No,56.3,10.6,33.0,473,986.9,False
2022-23,Newham,Maternity_pop,Yes,46.4,42.4,11.1,9,11.3,True
2022-23,Redbridge,Maternity_pop,No,60.7,12.0,27.3,476,874.8,False
2022-23,Redbridge,Maternity_pop,Yes,35.2,4.5,60.3,16,25.4,True
2022-23,Richmond upon Thames,Maternity_pop,No,76.8,9.5,13.7,511,591.7,False
2022-23,Richmond upon Thames,Maternity_pop,Yes,60.8,0.0,39.2,11,8.2,True
2022-23,Southwark,Maternity_pop,No,71.7,9.1,19.2,503,939.2,False
2022-23,Southwark,Maternity_pop,Yes,79.5,20.5,0.0,11,19.7,True
2022-23,Sutton,Maternity_pop,No,73.5,10.0,16.5,452,619.9,False
2022-23,Sutton,Maternity_pop,Yes,45.8,31.8,22.4,9,10.2,True
2022-23,Tower Hamlets,Maternity_pop,No,65.3,8.4,26.3,491,921.5,False
2022-23,Tower Hamlets,Maternity_pop,Yes,79.2,5.1,15.7,13,30.9,True
2022-23,Waltham Forest,Maternity_pop,No,59.3,8.1,32.6,510,801.8,False
2022-23,Waltham Forest,Maternity_pop,Yes,55.5,10.3,34.2,15,18.3,True
2022-23,Wandsworth,Maternity_pop,No,79.5,8.8,11.7,494,997.0,False
2022-23,Wandsworth,Maternity_pop,Yes,69.2,2.7,28.1,11,27.1,True
2022-23,Westminster,Maternity_pop,No,68.5,7.1,24.4,478,672.7,False
2022-23,Westminster,Maternity_pop,Yes,81.1,0.0,18.9,7,8.9,True
