survey_year,borough,demographic_group,category,pct_active,pct_fairly_active,pct_inactive,respondents,weighted_base,suppress
2021-22,London,Age9,16-24,67.6,9.7,22.7,1309,3670.6,False
2021-22,London,Age9,25-34,71.2,10.2,18.6,3091,6171.9,False
2021-22,London,Age9,35-44,66.6,10.6,22.8,3428,5630.9,False
2021-22,London,Age9,45-54,68.1,10.5,21.4,2753,4389.6,False
2021-22,London,Age9,55-64,66.8,9.2,24.0,2482,3475.3,False
2021-22,London,Age9,65-74,66.4,10.2,23.4,1961,2346.3,False
2021-22,London,Age9,75-84,51.0,12.8,36.3,977,1512.4,False
2021-22,London,Age9,85+,32.5,13.5,54.0,245,385.0,False
2021-22,Barking and Dagenham,Age9,16-24,52.9,12.5,34.6,58,105.3,False
2021-22,Barking and Dagenham,Age9,25-34,61.2,5.4,33.4,98,125.8,False
2021-22,Barking and Dagenham,Age9,35-44,58.9,8.6,32.5,123,148.7,False
2021-22,Barking and Dagenham,Age9,45-54,64.9,6.8,28.4,80,97.6,False
2021-22,Barking and Dagenham,Age9,55-64,37.8,3.6,58.6,68,65.3,False
2021-22,Barking and Dagenham,Age9,65-74,63.3,4.9,31.8,52,30.6,False
2021-22,Barking and Dagenham,Age9,75-84,55.1,5.0,39.9,22,16.1,True
2021-22,Barking and Dagenham,Age9,85+,41.1,6.3,52.6,8,6.3,True
2021-22,Barnet,Age9,16-24,70.2,16.7,13.2,37,167.0,False
2021-22,Barnet,Age9,25-34,62.6,14.2,23.1,81,253.1,False
2021-22,Barnet,Age9,35-44,61.1,15.6,23.3,84,196.8,False
2021-22,Barnet,Age9,45-54,75.1,5.9,19.0,86,198.3,False
2021-22,Barnet,Age9,55-64,74.6,13.8,11.7,86,164.8,False
2021-22,Barnet,Age9,65-74,76.0,6.1,17.8,73,137.3,False
2021-22,Barnet,Age9,75-84,37.1,15.4,47.5,40,91.5,False
2021-22,Barnet,Age9,85+,15.2,0.0,84.8,13,26.8,True
2021-22,Bexley,Age9,16-24,73.8,5.9,20.3,29,71.1,True
2021-22,Bexley,Age9,25-34,67.7,10.1,22.3,69,125.3,False
2021-22,Bexley,Age9,35-44,69.0,13.3,17.7,105,167.7,False
2021-22,Bexley,Age9,45-54,58.7,19.8,21.5,86,142.6,False
2021-22,Bexley,Age9,55-64,60.2,6.6,33.2,87,123.9,False
2021-22,Bexley,Age9,65-74,60.0,12.9,27.1,66,67.1,False
2021-22,Bexley,Age9,75-84,58.7,4.0,37.3,29,41.4,True
2021-22,Bexley,Age9,85+,38.1,20.5,41.4,11,13.7,True
2021-22,Brent,Age9,16-24,66.2,6.8,27.0,54,158.7,False
2021-22,Brent,Age9,25-34,72.3,10.5,17.2,112,258.6,False
2021-22,Brent,Age9,35-44,66.9,8.7,24.4,114,220.6,False
2021-22,Brent,Age9,45-54,42.9,14.5,42.6,72,129.0,False
2021-22,Brent,Age9,55-64,49.4,13.5,37.1,66,115.0,False
2021-22,Brent,Age9,65-74,52.7,23.1,24.2,59,73.6,False
2021-22,Brent,Age9,75-84,37.8,18.5,43.7,19,31.3,True
2021-22,Brent,Age9,85+,0.0,0.0,100.0,7,8.2,True
2021-22,Bromley,Age9,16-24,69.1,10.6,20.2,22,100.6,True
2021-22,Bromley,Age9,25-34,77.8,11.2,11.0,62,131.9,False
2021-22,Bromley,Age9,35-44,79.4,11.9,8.7,84,184.4,False
2021-22,Bromley,Age9,45-54,85.0,4.4,10.6,79,177.6,False
2021-22,Bromley,Age9,55-64,63.9,2.4,33.7,95,182.5,False
2021-22,Bromley,Age9,65-74,77.8,8.9,13.3,97,158.0,False
2021-22,Bromley,Age9,75-84,62.0,5.2,32.8,41,83.7,False
2021-22,Bromley,Age9,85+,16.2,8.3,75.5,10,16.7,True
2021-22,Camden,Age9,16-24,68.7,1.5,29.7,44,126.7,False
2021-22,Camden,Age9,25-34,73.9,13.3,12.8,83,173.1,False
2021-22,Camden,Age9,35-44,80.6,7.5,11.9,86,149.6,False
2021-22,Camden,Age9,45-54,79.3,8.9,11.9,76,134.9,False
2021-22,Camden,Age9,55-64,64.1,10.1,25.7,84,107.5,False
2021-22,Camden,Age9,65-74,58.9,21.8,19.3,67,94.7,False
2021-22,Camden,Age9,75-84,63.9,6.1,30.0,40,80.0,False
2021-22,Camden,Age9,85+,80.7,7.0,12.3,10,22.8,True
2021-22,City of London,Age9,16-24,85.8,8.4,5.8,10,1.5,True
2021-22,City of London,Age9,25-34,52.5,29.7,17.9,52,9.1,False
2021-22,City of London,Age9,35-44,34.8,42.5,22.7,57,7.2,False
2021-22,City of London,Age9,45-54,42.8,13.7,43.5,42,6.4,False
2021-22,City of London,Age9,55-64,42.0,17.4,40.6,17,2.1,True
2021-22,City of London,Age9,65-74,28.4,2.6,69.0,29,3.0,True
2021-22,City of London,Age9,75-84,0.0,0.0,100.0,34,6.4,False
2021-22,City of London,Age9,85+,100.0,0.0,0.0,1,0.1,True
2021-22,Croydon,Age9,16-24,70.2,6.3,23.5,40,134.4,False
2021-22,Croydon,Age9,25-34,62.2,18.1,19.7,79,235.6,False
2021-22,Croydon,Age9,35-44,64.3,15.9,19.7,98,264.8,False
2021-22,Croydon,Age9,45-54,64.8,10.9,24.3,100,189.1,False
2021-22,Croydon,Age9,55-64,66.9,10.2,22.9,85,182.5,False
2021-22,Croydon,Age9,65-74,58.4,5.0,36.6,58,90.4,False
2021-22,Croydon,Age9,75-84,47.0,27.0,26.0,27,53.0,True
2021-22,Croydon,Age9,85+,20.9,0.0,79.1,8,22.1,True
2021-22,Ealing,Age9,16-24,67.9,8.5,23.6,51,201.5,False
2021-22,Ealing,Age9,25-34,73.1,8.2,18.8,75,191.4,False
2021-22,Ealing,Age9,35-44,67.6,14.9,17.5,96,189.6,False
2021-22,Ealing,Age9,45-54,59.5,16.5,24.0,84,181.7,False
2021-22,Ealing,Age9,55-64,69.2,4.7,26.1,87,121.3,False
2021-22,Ealing,Age9,65-74,70.8,8.0,21.2,52,73.5,False
2021-22,Ealing,Age9,75-84,42.1,24.6,33.3,27,54.5,True
2021-22,Ealing,Age9,85+,76.8,23.2,0.0,8,15.6,True
2021-22,Enfield,Age9,16-24,60.7,14.8,24.4,45,134.5,False
2021-22,Enfield,Age9,25-34,48.4,15.5,36.1,59,129.0,False
2021-22,Enfield,Age9,35-44,58.4,1.3,40.3,73,149.9,False
2021-22,Enfield,Age9,45-54,74.2,8.6,17.1,92,202.1,False
2021-22,Enfield,Age9,55-64,69.5,8.6,21.9,91,171.5,False
2021-22,Enfield,Age9,65-74,58.0,11.9,30.0,81,105.0,False
2021-22,Enfield,Age9,75-84,47.1,5.4,47.5,45,82.2,False
2021-22,Enfield,Age9,85+,58.6,0.0,41.4,15,18.5,True
2021-22,Greenwich,Age9,16-24,58.1,7.6,34.3,32,87.1,False
2021-22,Greenwich,Age9,25-34,66.6,14.8,18.5,99,196.1,False
2021-22,Greenwich,Age9,35-44,56.0,10.4,33.7,121,208.1,False
2021-22,Greenwich,Age9,45-54,62.4,16.0,21.6,99,160.0,False
2021-22,Greenwich,Age9,55-64,68.1,5.4,26.5,68,95.0,False
2021-22,Greenwich,Age9,65-74,65.0,11.5,23.5,47,70.7,False
2021-22,Greenwich,Age9,75-84,70.9,0.0,29.1,19,25.5,True
2021-22,Greenwich,Age9,85+,36.4,47.9,15.7,8,21.0,True
2021-22,Hackney,Age9,16-24,54.0,7.6,38.4,47,113.5,False
2021-22,Hackney,Age9,25-34,83.4,6.4,10.1,148,280.7,False
2021-22,Hackney,Age9,35-44,67.4,8.9,23.7,111,189.0,False
2021-22,Hackney,Age9,45-54,67.8,17.0,15.2,86,119.5,False
2021-22,Hackney,Age9,55-64,67.5,4.1,28.4,61,75.6,False
2021-22,Hackney,Age9,65-74,79.5,8.2,12.3,36,49.1,False
2021-22,Hackney,Age9,75-84,64.3,27.7,8.0,19,37.1,True
2021-22,Hackney,Age9,85+,0.0,28.9,71.1,3,4.5,True
2021-22,Hammersmith and Fulham,Age9,16-24,78.4,7.8,13.8,66,145.5,False
2021-22,Hammersmith and Fulham,Age9,25-34,83.3,4.8,11.9,100,117.5,False
2021-22,Hammersmith and Fulham,Age9,35-44,63.9,13.8,22.2,103,90.4,False
2021-22,Hammersmith and Fulham,Age9,45-54,75.4,3.5,21.1,91,87.8,False
2021-22,Hammersmith and Fulham,Age9,55-64,77.9,3.7,18.4,71,62.2,False
2021-22,Hammersmith and Fulham,Age9,65-74,73.6,3.2,23.2,63,44.3,False
2021-22,Hammersmith and Fulham,Age9,75-84,41.6,13.2,45.2,30,31.9,False
2021-22,Hammersmith and Fulham,Age9,85+,15.7,17.4,66.9,4,2.9,True
2021-22,Haringey,Age9,16-24,64.9,12.9,22.1,45,146.6,False
2021-22,Haringey,Age9,25-34,77.8,6.6,15.6,85,160.0,False
2021-22,Haringey,Age9,35-44,70.8,14.0,15.2,106,157.0,False
2021-22,Haringey,Age9,45-54,71.0,11.2,17.8,86,128.2,False
2021-22,Haringey,Age9,55-64,67.2,14.0,18.8,87,122.2,False
2021-22,Haringey,Age9,65-74,62.1,16.2,21.7,51,60.6,False
2021-22,Haringey,Age9,75-84,44.2,10.1,45.7,21,24.5,True
2021-22,Haringey,Age9,85+,0.0,0.0,100.0,3,6.4,True
2021-22,Harrow,Age9,16-24,69.0,9.0,22.0,30,99.3,False
2021-22,Harrow,Age9,25-34,69.5,6.4,24.1,80,145.8,False
2021-22,Harrow,Age9,35-44,67.6,6.9,25.5,114,157.5,False
2021-22,Harrow,Age9,45-54,53.9,13.2,32.9,84,123.2,False
2021-22,Harrow,Age9,55-64,66.8,9.3,23.9,84,109.0,False
2021-22,Harrow,Age9,65-74,56.0,15.5,28.5,75,76.9,False
2021-22,Harrow,Age9,75-84,52.4,10.3,37.4,33,50.8,False
2021-22,Harrow,Age9,85+,25.7,7.8,66.6,14,16.7,True
2021-22,Havering,Age9,16-24,85.7,3.5,10.7,23,61.9,True
2021-22,Havering,Age9,25-34,57.1,7.2,35.6,64,125.5,False
2021-22,Havering,Age9,35-44,64.9,10.8,24.3,114,157.0,False
2021-22,Havering,Age9,45-54,72.2,11.3,16.5,88,147.0,False
2021-22,Havering,Age9,55-64,62.3,16.0,21.7,81,111.3,False
2021-22,Havering,Age9,65-74,71.4,8.1,20.5,73,86.0,False
2021-22,Havering,Age9,75-84,31.8,11.3,56.9,56,94.6,False
2021-22,Havering,Age9,85+,6.6,27.7,65.8,9,16.4,True
2021-22,Hillingdon,Age9,16-24,65.2,5.3,29.6,41,117.2,False
2021-22,Hillingdon,Age9,25-34,71.5,6.0,22.5,59,125.2,False
2021-22,Hillingdon,Age9,35-44,61.8,11.2,27.1,105,193.8,False
2021-22,Hillingdon,Age9,45-54,67.0,6.8,26.2,76,154.4,False
2021-22,Hillingdon,Age9,55-64,74.6,4.3,21.1,106,202.0,False
2021-22,Hillingdon,Age9,65-74,46.6,18.8,34.6,63,72.4,False
2021-22,Hillingdon,Age9,75-84,58.6,22.0,19.3,24,42.8,True
2021-22,Hillingdon,Age9,85+,16.4,15.8,67.8,8,19.2,True
2021-22,Hounslow,Age9,16-24,60.5,3.3,36.2,36,79.0,False
2021-22,Hounslow,Age9,25-34,62.5,7.2,30.3,72,158.7,False
2021-22,Hounslow,Age9,35-44,60.5,4.6,34.9,125,218.2,False
2021-22,Hounslow,Age9,45-54,64.0,9.0,27.0,80,135.0,False
2021-22,Hounslow,Age9,55-64,63.4,10.7,25.9,75,96.5,False
2021-22,Hounslow,Age9,65-74,66.1,7.1,26.8,76,86.6,False
2021-22,Hounslow,Age9,75-84,36.7,24.2,39.1,26,29.6,True
2021-22,Hounslow,Age9,85+,15.4,9.6,75.0,5,6.9,True
2021-22,Islington,Age9,16-24,73.5,10.5,16.0,47,124.5,False
2021-22,Islington,Age9,25-34,76.4,11.8,11.8,140,231.2,False
2021-22,Islington,Age9,35-44,62.0,9.5,28.5,90,130.7,False
2021-22,Islington,Age9,45-54,75.7,6.3,18.0,80,125.8,False
2021-22,Islington,Age9,55-64,76.1,10.2,13.7,61,66.2,False
2021-22,Islington,Age9,65-74,67.1,21.2,11.7,64,79.5,False
2021-22,Islington,Age9,75-84,61.8,7.1,31.1,25,39.9,True
2021-22,Islington,Age9,85+,20.3,21.8,57.9,6,7.1,True
2021-22,Kensington and Chelsea,Age9,16-24,77.1,9.3,13.6,51,78.2,False
2021-22,Kensington and Chelsea,Age9,25-34,55.8,16.0,28.2,61,77.3,False
2021-22,Kensington and Chelsea,Age9,35-44,62.2,14.2,23.6,74,71.6,False
2021-22,Kensington and Chelsea,Age9,45-54,58.1,14.9,27.0,85,81.6,False
2021-22,Kensington and Chelsea,Age9,55-64,72.6,16.0,11.4,87,63.5,False
2021-22,Kensington and Chelsea,Age9,65-74,63.3,12.3,24.4,88,66.8,False
2021-22,Kensington and Chelsea,Age9,75-84,61.6,7.7,30.7,50,54.4,False
2021-22,Kensington and Chelsea,Age9,85+,42.3,8.7,49.0,12,10.8,True
2021-22,Kingston upon Thames,Age9,16-24,99.3,0.0,0.7,23,53.5,True
2021-22,Kingston upon Thames,Age9,25-34,79.4,11.4,9.2,76,100.1,False
2021-22,Kingston upon Thames,Age9,35-44,61.6,21.0,17.4,86,104.8,False
2021-22,Kingston upon Thames,Age9,45-54,71.3,11.4,17.3,104,112.2,False
2021-22,Kingston upon Thames,Age9,55-64,83.6,4.7,11.7,76,69.6,False
2021-22,Kingston upon Thames,Age9,65-74,75.1,10.0,14.9,75,64.8,False
2021-22,Kingston upon Thames,Age9,75-84,68.8,8.1,23.2,39,44.6,False
2021-22,Kingston upon Thames,Age9,85+,35.8,21.1,43.1,11,12.4,True
2021-22,Lambeth,Age9,16-24,69.6,9.6,20.8,38,98.2,False
2021-22,Lambeth,Age9,25-34,78.3,5.9,15.8,150,339.0,False
2021-22,Lambeth,Age9,35-44,63.9,8.0,28.1,107,231.4,False
2021-22,Lambeth,Age9,45-54,71.3,8.5,20.2,84,153.5,False
2021-22,Lambeth,Age9,55-64,72.5,14.5,13.0,57,89.4,False
2021-22,Lambeth,Age9,65-74,70.2,5.6,24.2,34,50.5,False
2021-22,Lambeth,Age9,75-84,29.3,38.4,32.2,20,41.5,True
2021-22,Lambeth,Age9,85+,12.6,0.0,87.4,5,8.6,True
2021-22,Lewisham,Age9,16-24,63.8,15.7,20.5,35,130.2,False
2021-22,Lewisham,Age9,25-34,78.6,9.6,11.8,116,246.7,False
2021-22,Lewisham,Age9,35-44,76.7,9.4,13.8,122,211.1,False
2021-22,Lewisham,Age9,45-54,67.0,19.1,13.9,87,135.3,False
2021-22,Lewisham,Age9,55-64,64.8,9.9,25.3,70,97.9,False
2021-22,Lewisham,Age9,65-74,71.7,4.0,24.2,57,61.3,False
2021-22,Lewisham,Age9,75-84,74.6,6.4,19.0,23,43.2,True
2021-22,Lewisham,Age9,85+,22.5,0.0,77.5,4,5.1,True
2021-22,Merton,Age9,16-24,69.1,2.4,28.6,35,80.7,False
2021-22,Merton,Age9,25-34,69.3,9.3,21.4,93,136.8,False
2021-22,Merton,Age9,35-44,69.5,8.8,21.7,126,137.1,False
2021-22,Merton,Age9,45-54,70.8,11.5,17.7,93,117.4,False
2021-22,Merton,Age9,55-64,64.8,4.2,31.0,72,67.8,False
2021-22,Merton,Age9,65-74,61.9,12.4,25.7,41,34.2,False
2021-22,Merton,Age9,75-84,39.5,14.2,46.3,32,46.5,False
2021-22,Merton,Age9,85+,44.9,0.0,55.1,2,1.4,True
2021-22,Newham,Age9,16-24,60.3,8.1,31.6,44,117.7,False
2021-22,Newham,Age9,25-34,71.8,11.8,16.5,137,332.1,False
2021-22,Newham,Age9,35-44,62.5,10.8,26.6,144,266.9,False
2021-22,Newham,Age9,45-54,58.4,11.6,30.0,77,168.2,False
2021-22,Newham,Age9,55-64,55.8,4.4,39.8,51,92.6,False
2021-22,Newham,Age9,65-74,62.6,10.0,27.4,30,44.5,False
2021-22,Newham,Age9,75-84,34.8,26.7,38.5,12,17.1,True
2021-22,Newham,Age9,85+,29.4,0.0,70.6,2,6.7,True
2021-22,Redbridge,Age9,16-24,63.6,16.6,19.9,43,148.2,False
2021-22,Redbridge,Age9,25-34,68.3,11.6,20.1,80,183.1,False
2021-22,Redbridge,Age9,35-44,61.8,6.6,31.6,128,222.5,False
2021-22,Redbridge,Age9,45-54,71.6,6.5,21.9,80,131.5,False
2021-22,Redbridge,Age9,55-64,65.7,18.9,15.4,66,101.6,False
2021-22,Redbridge,Age9,65-74,60.8,7.5,31.7,62,81.9,False
2021-22,Redbridge,Age9,75-84,32.4,12.4,55.1,25,37.2,True
2021-22,Redbridge,Age9,85+,26.4,41.8,31.8,12,17.4,True
2021-22,Richmond upon Thames,Age9,16-24,90.0,3.7,6.3,29,67.2,True
2021-22,Richmond upon Thames,Age9,25-34,68.0,9.0,23.0,44,79.8,False
2021-22,Richmond upon Thames,Age9,35-44,79.8,7.9,12.4,70,79.3,False
2021-22,Richmond upon Thames,Age9,45-54,90.4,2.1,7.5,109,123.9,False
2021-22,Richmond upon Thames,Age9,55-64,67.4,9.4,23.2,92,95.1,False
2021-22,Richmond upon Thames,Age9,65-74,72.5,11.3,16.2,76,88.0,False
2021-22,Richmond upon Thames,Age9,75-84,48.5,15.7,35.8,44,61.5,False
2021-22,Richmond upon Thames,Age9,85+,19.6,23.9,56.6,10,13.7,True
2021-22,Southwark,Age9,16-24,56.0,16.0,28.0,41,131.4,False
2021-22,Southwark,Age9,25-34,67.3,9.9,22.8,118,274.7,False
2021-22,Southwark,Age9,35-44,72.9,6.8,20.3,127,237.5,False
2021-22,Southwark,Age9,45-54,72.0,7.2,20.9,78,119.5,False
2021-22,Southwark,Age9,55-64,61.8,18.7,19.5,78,122.1,False
2021-22,Southwark,Age9,65-74,72.2,2.4,25.4,51,66.1,False
2021-22,Southwark,Age9,75-84,66.7,0.0,33.3,23,40.8,True
2021-22,Southwark,Age9,85+,22.3,21.9,55.9,3,7.0,True
2021-22,Sutton,Age9,16-24,67.5,6.6,25.8,30,56.6,False
2021-22,Sutton,Age9,25-34,62.3,13.8,23.9,64,88.7,False
2021-22,Sutton,Age9,35-44,60.4,9.3,30.3,112,143.3,False
2021-22,Sutton,Age9,45-54,66.2,12.1,21.8,98,106.6,False
2021-22,Sutton,Age9,55-64,64.7,14.7,20.6,90,105.5,False
2021-22,Sutton,Age9,65-74,68.3,4.6,27.1,68,61.0,False
2021-22,Sutton,Age9,75-84,55.0,6.2,38.7,44,49.6,False
2021-22,Sutton,Age9,85+,21.3,9.0,69.7,10,9.8,True
2021-22,Tower Hamlets,Age9,16-24,68.9,7.9,23.2,60,154.3,False
2021-22,Tower Hamlets,Age9,25-34,73.2,11.5,15.3,196,426.8,False
2021-22,Tower Hamlets,Age9,35-44,59.3,18.2,22.4,119,205.0,False
2021-22,Tower Hamlets,Age9,45-54,58.4,11.8,29.8,64,105.6,False
2021-22,Tower Hamlets,Age9,55-64,66.4,5.1,28.5,58,81.1,False
2021-22,Tower Hamlets,Age9,65-74,63.5,13.6,23.0,27,28.8,True
2021-22,Tower Hamlets,Age9,75-84,65.1,0.0,34.9,11,15.8,True
2021-22,Tower Hamlets,Age9,85+,0.0,0.0,100.0,2,2.1,True
2021-22,Waltham Forest,Age9,16-24,72.9,1.4,25.7,37,96.9,False
2021-22,Waltham Forest,Age9,25-34,62.6,11.5,25.9,116,217.5,False
2021-22,Waltham Forest,Age9,35-44,72.6,15.6,11.8,114,176.5,False
2021-22,Waltham Forest,Age9,45-54,55.5,7.8,36.6,85,133.7,False
2021-22,Waltham Forest,Age9,55-64,79.7,2.1,18.2,69,102.3,False
2021-22,Waltham Forest,Age9,65-74,60.5,11.6,27.9,45,50.1,False
2021-22,Waltham Forest,Age9,75-84,36.7,34.6,28.7,24,43.9,True
2021-22,Waltham Forest,Age9,85+,66.4,9.5,24.2,7,12.9,True
2021-22,Wandsworth,Age9,16-24,65.3,19.4,15.3,34,143.2,False
2021-22,Wandsworth,Age9,25-34,84.2,8.3,7.5,126,309.5,False
2021-22,Wandsworth,Age9,35-44,77.3,10.6,12.1,111,216.5,False
2021-22,Wandsworth,Age9,45-54,70.9,13.9,15.2,74,160.1,False
2021-22,Wandsworth,Age9,55-64,60.7,9.7,29.6,64,104.1,False
2021-22,Wandsworth,Age9,65-74,76.6,0.0,23.4,56,79.8,False
2021-22,Wandsworth,Age9,75-84,68.7,4.8,26.6,16,30.7,True
2021-22,Wandsworth,Age9,85+,0.0,0.0,100.0,3,6.6,True
2021-22,Westminster,Age9,16-24,67.7,16.4,15.9,52,138.5,False
2021-22,Westminster,Age9,25-34,73.1,5.8,21.1,97,186.1,False
2021-22,Westminster,Age9,35-44,74.2,7.1,18.6,79,146.3,False
2021-22,Westminster,Age9,45-54,79.3,5.3,15.4,68,100.1,False
2021-22,Westminster,Age9,55-64,74.1,7.0,18.9,92,106.2,False
2021-22,Westminster,Age9,65-74,67.0,7.9,25.1,69,109.3,False
2021-22,Westminster,Age9,75-84,61.2,8.0,30.8,37,68.8,False
2021-22,Westminster,Age9,85+,65.9,7.7,26.4,11,18.5,True
2021-22,London,Gend3,Female,62.9,11.8,25.3,8961,13831.6,False
2021-22,London,Gend3,Male,70.5,8.9,20.6,7274,13682.5,False
2021-22,London,Gend3,Other,54.9,5.5,39.7,122,221.5,False
2021-22,Barking and Dagenham,Gend3,Female,50.0,9.6,40.4,298,310.0,False
2021-22,Barking and Dagenham,Gend3,Male,63.3,5.3,31.4,220,291.8,False
2021-22,Barking and Dagenham,Gend3,Other,100.0,0.0,0.0,1,2.5,True
2021-22,Barnet,Gend3,Female,66.3,10.3,23.3,274,614.0,False
2021-22,Barnet,Gend3,Male,64.8,14.6,20.6,228,620.2,False
2021-22,Barnet,Gend3,Other,65.3,0.0,34.7,4,10.4,True
2021-22,Bexley,Gend3,Female,58.5,14.7,26.7,271,406.1,False
2021-22,Bexley,Gend3,Male,69.7,8.8,21.5,214,352.4,False
2021-22,Bexley,Gend3,Other,51.4,0.0,48.6,2,5.6,True
2021-22,Brent,Gend3,Female,52.3,13.3,34.3,257,436.9,False
2021-22,Brent,Gend3,Male,66.1,9.9,23.9,247,561.2,False
2021-22,Brent,Gend3,Other,65.6,0.0,34.4,5,8.0,True
2021-22,Bromley,Gend3,Female,70.9,7.3,21.8,264,541.1,False
2021-22,Bromley,Gend3,Male,76.5,8.1,15.4,224,493.1,False
2021-22,Bromley,Gend3,Other,58.5,0.0,41.5,3,4.7,True
2021-22,Camden,Gend3,Female,72.2,9.2,18.7,281,499.7,False
2021-22,Camden,Gend3,Male,70.0,10.1,19.9,218,400.5,False
2021-22,Camden,Gend3,Other,70.6,0.0,29.4,4,6.4,True
2021-22,City of London,Gend3,Female,21.8,18.2,60.1,114,16.2,False
2021-22,City of London,Gend3,Male,49.8,20.7,29.5,128,19.5,False
2021-22,City of London,Gend3,Other,0.0,100.0,0.0,1,0.2,True
2021-22,Croydon,Gend3,Female,60.8,16.0,23.3,281,615.9,False
2021-22,Croydon,Gend3,Male,65.8,9.7,24.6,214,557.2,False
2021-22,Croydon,Gend3,Other,0.0,0.0,100.0,1,0.9,True
2021-22,Ealing,Gend3,Female,64.1,12.0,23.9,254,537.4,False
2021-22,Ealing,Gend3,Male,69.9,10.9,19.2,226,497.3,False
2021-22,Ealing,Gend3,Other,37.8,27.7,34.4,4,4.2,True
2021-22,Enfield,Gend3,Female,54.1,13.9,32.0,285,519.3,False
2021-22,Enfield,Gend3,Male,70.4,3.0,26.6,216,471.0,False
2021-22,Enfield,Gend3,Other,33.2,66.8,0.0,5,8.7,True
2021-22,Greenwich,Gend3,Female,58.3,14.7,26.9,284,436.5,False
2021-22,Greenwich,Gend3,Male,66.3,9.9,23.8,206,421.5,False
2021-22,Greenwich,Gend3,Other,0.0,11.2,88.8,6,8.4,True
2021-22,Hackney,Gend3,Female,69.2,11.8,19.0,291,419.8,False
2021-22,Hackney,Gend3,Male,73.7,7.7,18.6,214,429.7,False
2021-22,Hackney,Gend3,Other,60.5,0.0,39.5,6,20.4,True
2021-22,Hammersmith and Fulham,Gend3,Female,69.6,7.4,23.0,291,282.5,False
2021-22,Hammersmith and Fulham,Gend3,Male,78.3,6.8,14.9,239,300.9,False
2021-22,Hammersmith and Fulham,Gend3,Other,37.5,0.0,62.5,2,1.8,True
2021-22,Haringey,Gend3,Female,64.8,9.7,25.5,278,381.7,False
2021-22,Haringey,Gend3,Male,72.9,13.4,13.7,207,419.2,False
2021-22,Haringey,Gend3,Other,4.4,0.0,95.6,4,10.1,True
2021-22,Harrow,Gend3,Female,57.0,10.4,32.5,268,364.8,False
2021-22,Harrow,Gend3,Male,67.1,8.6,24.3,243,400.9,False
2021-22,Harrow,Gend3,Other,92.2,7.8,0.0,5,15.2,True
2021-22,Havering,Gend3,Female,59.7,10.0,30.3,304,448.4,False
2021-22,Havering,Gend3,Male,65.2,11.5,23.3,209,356.9,False
2021-22,Havering,Gend3,Other,0.0,0.0,100.0,1,2.0,True
2021-22,Hillingdon,Gend3,Female,58.6,11.9,29.6,255,437.2,False
2021-22,Hillingdon,Gend3,Male,70.8,5.5,23.7,222,476.9,False
2021-22,Hillingdon,Gend3,Other,70.9,0.0,29.1,6,15.7,True
2021-22,Hounslow,Gend3,Female,54.2,10.3,35.5,274,390.2,False
2021-22,Hounslow,Gend3,Male,68.5,5.1,26.4,216,414.1,False
2021-22,Hounslow,Gend3,Other,12.6,0.0,87.4,5,5.6,True
2021-22,Islington,Gend3,Female,65.1,12.8,22.1,299,433.6,False
2021-22,Islington,Gend3,Male,78.8,9.0,12.2,212,370.4,False
2021-22,Islington,Gend3,Other,42.8,0.0,57.2,4,2.7,True
2021-22,Kensington and Chelsea,Gend3,Female,60.7,13.8,25.5,268,234.1,False
2021-22,Kensington and Chelsea,Gend3,Male,65.8,12.3,21.9,239,271.0,False
2021-22,Kensington and Chelsea,Gend3,Other,68.7,0.0,31.3,5,3.3,True
2021-22,Kingston upon Thames,Gend3,Female,72.8,10.4,16.9,272,285.6,False
2021-22,Kingston upon Thames,Gend3,Male,76.6,11.8,11.6,218,275.8,False
2021-22,Kingston upon Thames,Gend3,Other,0.0,0.0,100.0,1,1.2,True
2021-22,Lambeth,Gend3,Female,69.7,9.2,21.1,288,529.1,False
2021-22,Lambeth,Gend3,Male,68.9,8.9,22.2,210,494.7,False
2021-22,Lambeth,Gend3,Other,100.0,0.0,0.0,3,4.1,True
2021-22,Lewisham,Gend3,Female,68.4,13.2,18.4,278,465.4,False
2021-22,Lewisham,Gend3,Male,75.7,9.6,14.7,231,451.7,False
2021-22,Lewisham,Gend3,Other,82.9,0.0,17.1,6,14.1,True
2021-22,Merton,Gend3,Female,61.4,10.2,28.4,272,311.5,False
2021-22,Merton,Gend3,Male,73.2,7.3,19.6,223,306.4,False
2021-22,Merton,Gend3,Other,0.0,0.0,100.0,1,5.1,True
2021-22,Newham,Gend3,Female,55.5,13.4,31.1,253,450.9,False
2021-22,Newham,Gend3,Male,69.7,8.3,22.0,239,586.9,False
2021-22,Newham,Gend3,Other,42.4,5.8,51.8,8,15.6,True
2021-22,Redbridge,Gend3,Female,54.3,15.4,30.3,269,460.5,False
2021-22,Redbridge,Gend3,Male,72.0,7.6,20.4,228,463.1,False
2021-22,Richmond upon Thames,Gend3,Female,73.6,10.1,16.3,265,312.7,False
2021-22,Richmond upon Thames,Gend3,Male,76.1,6.7,17.2,207,289.0,False
2021-22,Richmond upon Thames,Gend3,Other,25.7,7.1,67.2,5,10.5,True
2021-22,Southwark,Gend3,Female,63.9,11.5,24.6,284,493.8,False
2021-22,Southwark,Gend3,Male,69.8,8.4,21.8,232,500.4,False
2021-22,Southwark,Gend3,Other,45.0,0.0,55.0,4,4.6,True
2021-22,Sutton,Gend3,Female,55.1,15.0,29.9,290,305.0,False
2021-22,Sutton,Gend3,Male,69.6,5.7,24.7,225,314.3,False
2021-22,Sutton,Gend3,Other,79.6,10.6,9.8,5,5.5,True
2021-22,Tower Hamlets,Gend3,Female,62.3,12.5,25.2,267,479.7,False
2021-22,Tower Hamlets,Gend3,Male,71.3,11.2,17.4,265,528.2,False
2021-22,Tower Hamlets,Gend3,Other,79.8,0.0,20.2,7,14.9,True
2021-22,Waltham Forest,Gend3,Female,63.7,13.4,22.9,294,438.8,False
2021-22,Waltham Forest,Gend3,Male,67.2,7.6,25.2,201,392.2,False
2021-22,Waltham Forest,Gend3,Other,100.0,0.0,0.0,3,3.4,True
2021-22,Wandsworth,Gend3,Female,75.8,8.3,15.9,266,537.6,False
2021-22,Wandsworth,Gend3,Male,73.0,12.9,14.1,216,510.5,False
2021-22,Wandsworth,Gend3,Other,0.0,0.0,100.0,2,2.3,True
2021-22,Westminster,Gend3,Female,66.0,13.5,20.5,272,435.8,False
2021-22,Westminster,Gend3,Male,76.2,3.3,20.6,237,443.6,False
2021-22,Westminster,Gend3,Other,83.3,16.7,0.0,3,3.4,True
2021-22,London,Eth7,Asian (excl. Chinese),59.9,12.1,28.1,2337,5335.0,False
2021-22,London,Eth7,Black,55.7,12.5,31.8,1040,2291.2,False
2021-22,London,Eth7,Chinese,62.7,11.1,26.2,362,602.2,False
2021-22,London,Eth7,Mixed,72.3,9.2,18.5,534,1078.8,False
2021-22,London,Eth7,Other ethnic group,59.1,12.3,28.6,462,953.8,False
2021-22,London,Eth7,White British,73.1,9.3,17.6,7918,11579.2,False
2021-22,London,Eth7,White Other,70.4,9.3,20.2,2565,4018.0,False
2021-22,Barking and Dagenham,Eth7,Asian (excl. Chinese),55.7,7.2,37.1,134,199.0,False
2021-22,Barking and Dagenham,Eth7,Black,57.3,9.7,33.0,64,110.9,False
2021-22,Barking and Dagenham,Eth7,Chinese,44.8,12.4,42.9,7,4.6,True
2021-22,Barking and Dagenham,Eth7,Mixed,80.5,6.8,12.7,20,23.5,True
2021-22,Barking and Dagenham,Eth7,Other ethnic group,38.4,0.0,61.6,13,17.5,True
2021-22,Barking and Dagenham,Eth7,White British,52.7,8.0,39.3,185,153.5,False
2021-22,Barking and Dagenham,Eth7,White Other,71.8,2.1,26.1,48,52.6,False
2021-22,Barnet,Eth7,Asian (excl. Chinese),56.5,21.3,22.3,78,256.7,False
2021-22,Barnet,Eth7,Black,62.1,14.0,23.9,18,44.2,True
2021-22,Barnet,Eth7,Chinese,41.5,19.2,39.3,15,36.4,True
2021-22,Barnet,Eth7,Mixed,71.8,7.2,21.0,18,41.8,True
2021-22,Barnet,Eth7,Other ethnic group,83.1,0.0,16.9,11,27.9,True
2021-22,Barnet,Eth7,White British,72.6,9.9,17.5,234,500.5,False
2021-22,Barnet,Eth7,White Other,67.3,8.3,24.3,99,256.9,False
2021-22,Bexley,Eth7,Asian (excl. Chinese),71.3,9.6,19.1,32,48.1,False
2021-22,Bexley,Eth7,Black,54.6,18.8,26.6,36,67.4,False
2021-22,Bexley,Eth7,Chinese,58.9,13.9,27.2,12,21.4,True
2021-22,Bexley,Eth7,Mixed,28.6,25.4,46.0,9,17.9,True
2021-22,Bexley,Eth7,Other ethnic group,0.0,0.0,100.0,2,2.0,True
2021-22,Bexley,Eth7,White British,63.7,11.1,25.2,335,522.2,False
2021-22,Bexley,Eth7,White Other,75.3,9.1,15.6,43,61.4,False
2021-22,Brent,Eth7,Asian (excl. Chinese),58.9,13.2,27.9,173,395.4,False
2021-22,Brent,Eth7,Black,46.7,10.4,42.9,45,105.4,False
2021-22,Brent,Eth7,Chinese,62.4,0.0,37.6,15,22.7,True
2021-22,Brent,Eth7,Mixed,71.6,17.6,10.8,12,37.7,True
2021-22,Brent,Eth7,Other ethnic group,49.5,7.6,42.8,28,68.7,True
2021-22,Brent,Eth7,White British,69.5,11.9,18.6,118,175.9,False
2021-22,Brent,Eth7,White Other,68.3,5.0,26.7,77,130.2,False
2021-22,Bromley,Eth7,Asian (excl. Chinese),85.3,1.4,13.3,28,78.0,True
2021-22,Bromley,Eth7,Black,61.5,15.2,23.3,15,43.7,True
2021-22,Bromley,Eth7,Chinese,76.5,9.1,14.4,12,24.0,True
2021-22,Bromley,Eth7,Mixed,82.4,0.0,17.6,11,26.7,True
2021-22,Bromley,Eth7,Other ethnic group,78.2,21.8,0.0,6,19.2,True
2021-22,Bromley,Eth7,White British,74.7,8.0,17.2,355,692.5,False
2021-22,Bromley,Eth7,White Other,60.9,8.9,30.2,36,94.1,False
2021-22,Camden,Eth7,Asian (excl. Chinese),47.6,20.3,32.1,46,103.7,False
2021-22,Camden,Eth7,Black,55.3,8.8,35.9,26,72.3,True
2021-22,Camden,Eth7,Chinese,73.4,6.1,20.5,19,30.9,True
2021-22,Camden,Eth7,Mixed,77.0,4.6,18.4,33,80.2,False
2021-22,Camden,Eth7,Other ethnic group,78.5,13.2,8.3,14,32.9,True
2021-22,Camden,Eth7,White British,77.1,7.5,15.4,228,358.4,False
2021-22,Camden,Eth7,White Other,77.6,8.5,13.9,110,184.3,False
2021-22,City of London,Eth7,Asian (excl. Chinese),77.3,0.0,22.7,2,0.4,True
2021-22,City of London,Eth7,Black,100.0,0.0,0.0,2,0.5,True
2021-22,City of London,Eth7,Chinese,49.8,0.0,50.2,7,1.0,True
2021-22,City of London,Eth7,Mixed,38.2,61.8,0.0,3,0.7,True
2021-22,City of London,Eth7,Other ethnic group,30.1,69.9,0.0,3,0.9,True
2021-22,City of London,Eth7,White British,30.1,19.5,50.3,203,29.1,False
2021-22,City of London,Eth7,White Other,78.4,14.2,7.3,20,2.9,True
2021-22,Croydon,Eth7,Asian (excl. Chinese),55.5,21.5,23.0,70,206.5,False
2021-22,Croydon,Eth7,Black,41.9,29.7,28.4,57,170.2,False
2021-22,Croydon,Eth7,Chinese,56.2,12.3,31.5,7,15.5,True
2021-22,Croydon,Eth7,Mixed,94.2,0.0,5.8,13,32.8,True
2021-22,Croydon,Eth7,Other ethnic group,54.6,2.1,43.3,15,45.6,True
2021-22,Croydon,Eth7,White British,71.4,7.0,21.6,249,517.7,False
2021-22,Croydon,Eth7,White Other,67.5,12.1,20.4,57,120.4,False
2021-22,Ealing,Eth7,Asian (excl. Chinese),64.5,14.1,21.4,121,362.7,False
2021-22,Ealing,Eth7,Black,63.0,12.4,24.6,30,66.1,False
2021-22,Ealing,Eth7,Chinese,100.0,0.0,0.0,8,17.8,True
2021-22,Ealing,Eth7,Mixed,61.7,0.0,38.3,14,39.6,True
2021-22,Ealing,Eth7,Other ethnic group,69.3,13.6,17.2,19,61.3,True
2021-22,Ealing,Eth7,White British,73.4,8.8,17.8,175,287.9,False
2021-22,Ealing,Eth7,White Other,63.2,11.4,25.4,80,129.4,False
2021-22,Enfield,Eth7,Asian (excl. Chinese),49.7,10.3,40.0,52,127.1,False
2021-22,Enfield,Eth7,Black,81.8,4.8,13.4,52,143.3,False
2021-22,Enfield,Eth7,Chinese,48.6,0.0,51.4,4,4.9,True
2021-22,Enfield,Eth7,Mixed,36.5,22.2,41.3,11,26.1,True
2021-22,Enfield,Eth7,Other ethnic group,48.6,31.3,20.0,18,45.8,True
2021-22,Enfield,Eth7,White British,69.0,7.0,24.0,240,393.5,False
2021-22,Enfield,Eth7,White Other,56.4,6.1,37.5,77,146.5,False
2021-22,Greenwich,Eth7,Asian (excl. Chinese),52.8,8.7,38.5,53,128.0,False
2021-22,Greenwich,Eth7,Black,67.1,6.6,26.3,51,89.1,False
2021-22,Greenwich,Eth7,Chinese,54.9,21.3,23.8,13,25.8,True
2021-22,Greenwich,Eth7,Mixed,63.0,11.2,25.8,22,46.4,True
2021-22,Greenwich,Eth7,Other ethnic group,37.5,11.8,50.7,11,15.3,True
2021-22,Greenwich,Eth7,White British,68.4,13.1,18.5,245,414.1,False
2021-22,Greenwich,Eth7,White Other,54.3,15.1,30.6,68,91.8,False
2021-22,Hackney,Eth7,Asian (excl. Chinese),59.6,16.3,24.1,32,79.6,False
2021-22,Hackney,Eth7,Black,51.9,13.0,35.2,55,115.5,False
2021-22,Hackney,Eth7,Chinese,50.1,49.9,0.0,7,10.2,True
2021-22,Hackney,Eth7,Mixed,73.2,6.6,20.2,28,50.7,True
2021-22,Hackney,Eth7,Other ethnic group,62.2,0.0,37.8,14,39.6,True
2021-22,Hackney,Eth7,White British,78.8,7.9,13.3,229,358.4,False
2021-22,Hackney,Eth7,White Other,80.0,10.0,10.0,98,142.6,False
2021-22,Hammersmith and Fulham,Eth7,Asian (excl. Chinese),57.7,17.0,25.2,26,31.2,True
2021-22,Hammersmith and Fulham,Eth7,Black,48.5,7.7,43.7,28,55.5,True
2021-22,Hammersmith and Fulham,Eth7,Chinese,95.0,5.0,0.0,12,19.0,True
2021-22,Hammersmith and Fulham,Eth7,Mixed,62.0,21.4,16.5,28,35.7,True
2021-22,Hammersmith and Fulham,Eth7,Other ethnic group,59.6,10.1,30.4,23,25.8,True
2021-22,Hammersmith and Fulham,Eth7,White British,81.3,5.4,13.4,252,258.8,False
2021-22,Hammersmith and Fulham,Eth7,White Other,82.2,4.5,13.3,132,126.9,False
2021-22,Haringey,Eth7,Asian (excl. Chinese),56.7,15.2,28.1,40,92.0,False
2021-22,Haringey,Eth7,Black,64.2,6.6,29.2,35,88.3,False
2021-22,Haringey,Eth7,Chinese,43.4,17.6,39.0,15,18.2,True
2021-22,Haringey,Eth7,Mixed,71.6,15.3,13.1,19,48.4,True
2021-22,Haringey,Eth7,Other ethnic group,49.9,9.0,41.1,15,42.6,True
2021-22,Haringey,Eth7,White British,75.6,11.5,12.9,233,321.8,False
2021-22,Haringey,Eth7,White Other,72.7,13.6,13.6,99,153.8,False
2021-22,Harrow,Eth7,Asian (excl. Chinese),61.5,9.5,29.0,215,362.1,False
2021-22,Harrow,Eth7,Black,48.8,2.2,49.0,19,28.1,True
2021-22,Harrow,Eth7,Chinese,64.9,11.4,23.7,9,12.1,True
2021-22,Harrow,Eth7,Mixed,94.4,0.0,5.6,12,20.4,True
2021-22,Harrow,Eth7,Other ethnic group,63.1,22.7,14.3,13,32.0,True
2021-22,Harrow,Eth7,White British,63.9,8.6,27.5,170,216.4,False
2021-22,Harrow,Eth7,White Other,62.4,12.0,25.6,54,74.3,False
2021-22,Havering,Eth7,Asian (excl. Chinese),43.8,9.0,47.2,49,101.1,False
2021-22,Havering,Eth7,Black,60.6,9.4,30.1,26,59.4,True
2021-22,Havering,Eth7,Chinese,18.9,0.0,81.1,4,6.8,True
2021-22,Havering,Eth7,Mixed,96.0,0.0,4.0,6,10.0,True
2021-22,Havering,Eth7,Other ethnic group,31.3,0.0,68.7,4,9.1,True
2021-22,Havering,Eth7,White British,66.8,10.8,22.4,357,515.0,False
2021-22,Havering,Eth7,White Other,58.4,15.6,25.9,52,83.2,False
2021-22,Hillingdon,Eth7,Asian (excl. Chinese),65.5,9.0,25.6,135,315.5,False
2021-22,Hillingdon,Eth7,Black,39.9,14.1,46.0,31,64.7,False
2021-22,Hillingdon,Eth7,Chinese,44.8,0.0,55.2,3,5.4,True
2021-22,Hillingdon,Eth7,Mixed,51.7,6.7,41.7,18,43.5,True
2021-22,Hillingdon,Eth7,Other ethnic group,67.3,0.0,32.7,12,18.3,True
2021-22,Hillingdon,Eth7,White British,71.7,7.8,20.5,216,358.8,False
2021-22,Hillingdon,Eth7,White Other,71.3,11.7,17.0,42,73.0,False
2021-22,Hounslow,Eth7,Asian (excl. Chinese),61.7,7.1,31.2,132,290.4,False
2021-22,Hounslow,Eth7,Black,64.0,5.0,31.0,14,30.9,True
2021-22,Hounslow,Eth7,Chinese,76.1,0.0,23.9,5,11.8,True
2021-22,Hounslow,Eth7,Mixed,22.2,12.5,65.3,11,23.8,True
2021-22,Hounslow,Eth7,Other ethnic group,57.2,17.3,25.5,14,22.0,True
2021-22,Hounslow,Eth7,White British,66.9,9.9,23.2,207,252.6,False
2021-22,Hounslow,Eth7,White Other,74.1,3.4,22.5,59,84.4,False
2021-22,Islington,Eth7,Asian (excl. Chinese),93.0,4.7,2.3,34,66.4,False
2021-22,Islington,Eth7,Black,54.0,2.7,43.3,28,61.4,True
2021-22,Islington,Eth7,Chinese,57.9,10.3,31.8,17,28.4,True
2021-22,Islington,Eth7,Mixed,94.7,2.9,2.4,26,53.1,True
2021-22,Islington,Eth7,Other ethnic group,49.9,26.4,23.7,20,40.2,True
2021-22,Islington,Eth7,White British,70.8,11.2,18.1,243,339.3,False
2021-22,Islington,Eth7,White Other,75.6,14.6,9.8,111,165.2,False
2021-22,Kensington and Chelsea,Eth7,Asian (excl. Chinese),38.6,16.7,44.7,31,44.5,False
2021-22,Kensington and Chelsea,Eth7,Black,52.1,12.5,35.5,22,27.1,True
2021-22,Kensington and Chelsea,Eth7,Chinese,78.9,19.1,2.0,19,21.3,True
2021-22,Kensington and Chelsea,Eth7,Mixed,89.6,4.8,5.6,20,26.2,True
2021-22,Kensington and Chelsea,Eth7,Other ethnic group,54.0,21.8,24.2,27,32.5,True
2021-22,Kensington and Chelsea,Eth7,White British,68.4,11.0,20.6,226,201.5,False
2021-22,Kensington and Chelsea,Eth7,White Other,64.8,13.8,21.4,115,111.8,False
2021-22,Kingston upon Thames,Eth7,Asian (excl. Chinese),88.6,4.9,6.5,42,64.1,False
2021-22,Kingston upon Thames,Eth7,Black,63.7,3.6,32.7,11,13.3,True
2021-22,Kingston upon Thames,Eth7,Chinese,80.9,0.0,19.1,8,9.0,True
2021-22,Kingston upon Thames,Eth7,Mixed,82.5,0.0,17.5,7,6.6,True
2021-22,Kingston upon Thames,Eth7,Other ethnic group,46.9,20.0,33.1,12,9.7,True
2021-22,Kingston upon Thames,Eth7,White British,77.0,10.5,12.5,314,345.6,False
2021-22,Kingston upon Thames,Eth7,White Other,62.4,17.6,20.0,75,84.7,False
2021-22,Lambeth,Eth7,Asian (excl. Chinese),58.1,8.3,33.6,22,57.0,True
2021-22,Lambeth,Eth7,Black,60.6,7.4,32.0,50,124.6,False
2021-22,Lambeth,Eth7,Chinese,54.9,0.0,45.1,10,33.5,True
2021-22,Lambeth,Eth7,Mixed,78.3,14.1,7.6,20,38.8,True
2021-22,Lambeth,Eth7,Other ethnic group,65.2,14.0,20.8,14,35.8,True
2021-22,Lambeth,Eth7,White British,77.5,10.3,12.3,268,505.4,False
2021-22,Lambeth,Eth7,White Other,66.0,9.0,25.1,86,166.8,False
2021-22,Lewisham,Eth7,Asian (excl. Chinese),66.1,7.5,26.3,36,85.3,False
2021-22,Lewisham,Eth7,Black,61.5,13.9,24.6,63,144.5,False
2021-22,Lewisham,Eth7,Chinese,57.0,17.4,25.6,16,27.2,True
2021-22,Lewisham,Eth7,Mixed,80.7,9.4,9.9,19,45.3,True
2021-22,Lewisham,Eth7,Other ethnic group,38.5,21.3,40.2,21,42.1,True
2021-22,Lewisham,Eth7,White British,78.1,12.2,9.7,251,410.3,False
2021-22,Lewisham,Eth7,White Other,82.5,3.4,14.1,78,114.1,False
2021-22,Merton,Eth7,Asian (excl. Chinese),36.4,5.7,57.9,66,108.5,False
2021-22,Merton,Eth7,Black,55.7,28.4,16.0,14,22.0,True
2021-22,Merton,Eth7,Chinese,53.2,8.2,38.5,12,14.0,True
2021-22,Merton,Eth7,Mixed,91.5,4.3,4.2,14,22.2,True
2021-22,Merton,Eth7,Other ethnic group,50.5,0.0,49.5,6,7.3,True
2021-22,Merton,Eth7,White British,78.2,8.2,13.6,259,302.7,False
2021-22,Merton,Eth7,White Other,69.4,8.4,22.2,102,112.8,False
2021-22,Newham,Eth7,Asian (excl. Chinese),62.2,13.7,24.2,165,443.7,False
2021-22,Newham,Eth7,Black,47.0,6.3,46.6,44,104.5,False
2021-22,Newham,Eth7,Chinese,91.3,8.7,0.0,7,13.9,True
2021-22,Newham,Eth7,Mixed,74.7,18.0,7.4,20,37.4,True
2021-22,Newham,Eth7,Other ethnic group,59.3,10.0,30.7,19,33.4,True
2021-22,Newham,Eth7,White British,78.3,7.7,14.0,120,187.8,False
2021-22,Newham,Eth7,White Other,68.9,3.7,27.4,79,150.5,False
2021-22,Redbridge,Eth7,Asian (excl. Chinese),62.4,11.7,25.9,161,401.5,False
2021-22,Redbridge,Eth7,Black,50.3,12.6,37.1,29,57.7,True
2021-22,Redbridge,Eth7,Chinese,95.6,0.0,4.4,8,11.8,True
2021-22,Redbridge,Eth7,Mixed,68.8,2.6,28.6,12,24.2,True
2021-22,Redbridge,Eth7,Other ethnic group,62.5,11.6,25.9,19,33.8,True
2021-22,Redbridge,Eth7,White British,63.9,14.5,21.6,185,234.1,False
2021-22,Redbridge,Eth7,White Other,72.6,9.7,17.7,44,90.5,False
2021-22,Richmond upon Thames,Eth7,Asian (excl. Chinese),58.0,18.5,23.6,35,64.1,False
2021-22,Richmond upon Thames,Eth7,Black,85.8,0.0,14.2,3,5.3,True
2021-22,Richmond upon Thames,Eth7,Chinese,39.6,46.5,13.9,5,5.2,True
2021-22,Richmond upon Thames,Eth7,Mixed,60.1,2.8,37.1,15,21.9,True
2021-22,Richmond upon Thames,Eth7,Other ethnic group,72.3,0.0,27.7,5,5.0,True
2021-22,Richmond upon Thames,Eth7,White British,76.9,7.8,15.3,331,414.0,False
2021-22,Richmond upon Thames,Eth7,White Other,79.0,5.9,15.1,62,73.1,False
2021-22,Southwark,Eth7,Asian (excl. Chinese),48.2,9.9,42.0,17,52.7,True
2021-22,Southwark,Eth7,Black,47.0,15.6,37.4,60,147.8,False
2021-22,Southwark,Eth7,Chinese,64.5,0.0,35.5,13,27.2,True
2021-22,Southwark,Eth7,Mixed,62.9,11.2,25.9,17,38.3,True
2021-22,Southwark,Eth7,Other ethnic group,49.1,26.9,23.9,18,48.2,True
2021-22,Southwark,Eth7,White British,76.6,7.7,15.7,257,441.6,False
2021-22,Southwark,Eth7,White Other,77.7,7.3,15.0,94,169.1,False
2021-22,Sutton,Eth7,Asian (excl. Chinese),53.0,11.7,35.4,56,83.7,False
2021-22,Sutton,Eth7,Black,94.3,0.0,5.7,12,14.1,True
2021-22,Sutton,Eth7,Chinese,47.5,9.4,43.1,18,18.2,True
2021-22,Sutton,Eth7,Mixed,87.7,12.3,0.0,11,19.9,True
2021-22,Sutton,Eth7,Other ethnic group,79.5,0.0,20.5,5,5.8,True
2021-22,Sutton,Eth7,White British,66.1,9.5,24.4,321,370.9,False
2021-22,Sutton,Eth7,White Other,60.4,15.2,24.4,62,74.3,False
2021-22,Tower Hamlets,Eth7,Asian (excl. Chinese),61.6,12.4,26.0,127,343.4,False
2021-22,Tower Hamlets,Eth7,Black,37.7,19.8,42.5,18,28.1,True
2021-22,Tower Hamlets,Eth7,Chinese,54.8,15.9,29.3,28,49.1,True
2021-22,Tower Hamlets,Eth7,Mixed,64.1,13.1,22.7,24,54.7,True
2021-22,Tower Hamlets,Eth7,Other ethnic group,92.4,5.2,2.4,10,14.4,True
2021-22,Tower Hamlets,Eth7,White British,72.1,10.9,17.0,168,243.3,False
2021-22,Tower Hamlets,Eth7,White Other,82.2,10.4,7.4,113,189.7,False
2021-22,Waltham Forest,Eth7,Asian (excl. Chinese),59.7,9.4,30.9,62,168.6,False
2021-22,Waltham Forest,Eth7,Black,48.9,24.1,27.0,41,75.4,False
2021-22,Waltham Forest,Eth7,Chinese,78.0,22.0,0.0,5,9.7,True
2021-22,Waltham Forest,Eth7,Mixed,98.1,0.0,1.9,13,24.6,True
2021-22,Waltham Forest,Eth7,Other ethnic group,66.0,8.5,25.4,9,18.0,True
2021-22,Waltham Forest,Eth7,White British,72.4,10.8,16.8,257,356.1,False
2021-22,Waltham Forest,Eth7,White Other,65.1,8.1,26.7,69,109.2,False
2021-22,Wandsworth,Eth7,Asian (excl. Chinese),33.5,25.1,41.4,27,87.5,True
2021-22,Wandsworth,Eth7,Black,43.4,15.8,40.8,21,64.5,True
2021-22,Wandsworth,Eth7,Chinese,100.0,0.0,0.0,4,14.9,True
2021-22,Wandsworth,Eth7,Mixed,85.3,14.7,0.0,14,37.7,True
2021-22,Wandsworth,Eth7,Other ethnic group,96.3,3.7,0.0,8,26.0,True
2021-22,Wandsworth,Eth7,White British,85.7,7.1,7.2,283,569.8,False
2021-22,Wandsworth,Eth7,White Other,70.9,10.1,19.0,90,187.0,False
2021-22,Westminster,Eth7,Asian (excl. Chinese),74.8,8.4,16.8,38,86.8,False
2021-22,Westminster,Eth7,Black,66.5,14.0,19.5,20,45.5,True
2021-22,Westminster,Eth7,Chinese,45.9,20.4,33.8,18,30.2,True
2021-22,Westminster,Eth7,Mixed,58.7,15.0,26.3,14,22.3,True
2021-22,Westminster,Eth7,Other ethnic group,61.1,3.6,35.2,34,75.3,False
2021-22,Westminster,Eth7,White British,81.9,5.8,12.3,204,329.6,False
2021-22,Westminster,Eth7,White Other,70.8,8.4,20.8,134,210.4,False
2021-22,London,IMD10,Fifth least deprived decile,69.5,11.0,19.6,1872,3115.6,False
2021-22,London,IMD10,Fifth most deprived decile,65.0,10.6,24.4,1990,3290.3,False
2021-22,London,IMD10,Fourth least deprived decile,70.1,10.9,19.0,1493,2475.6,False
2021-22,London,IMD10,Fourth most deprived decile,65.7,9.2,25.2,2156,3914.7,False
2021-22,London,IMD10,Least deprived decile,74.2,8.5,17.4,949,1317.4,False
2021-22,London,IMD10,Most deprived decile,61.7,11.3,27.0,338,602.5,False
2021-22,London,IMD10,Second least deprived decile,72.9,10.3,16.8,1521,2345.1,False
2021-22,London,IMD10,Second most deprived decile,61.7,10.7,27.6,1959,3542.0,False
2021-22,London,IMD10,Third least deprived decile,70.2,9.6,20.1,1554,2526.0,False
2021-22,London,IMD10,Third most deprived decile,61.4,10.8,27.8,2550,4648.0,False
2021-22,Barking and Dagenham,IMD10,Fifth least deprived decile,77.7,0.0,22.3,8,7.6,True
2021-22,Barking and Dagenham,IMD10,Fifth most deprived decile,60.5,4.5,35.1,30,38.6,False
2021-22,Barking and Dagenham,IMD10,Fourth most deprived decile,59.2,6.8,34.0,48,50.9,False
2021-22,Barking and Dagenham,IMD10,Most deprived decile,39.9,5.5,54.6,11,9.4,True
2021-22,Barking and Dagenham,IMD10,Second most deprived decile,55.5,8.5,36.0,267,313.6,False
2021-22,Barking and Dagenham,IMD10,Third most deprived decile,57.0,7.1,36.0,155,184.1,False
2021-22,Barnet,IMD10,Fifth least deprived decile,68.2,11.6,20.2,67,162.3,False
2021-22,Barnet,IMD10,Fifth most deprived decile,46.1,16.4,37.5,62,120.7,False
2021-22,Barnet,IMD10,Fourth least deprived decile,63.6,7.3,29.1,82,205.5,False
2021-22,Barnet,IMD10,Fourth most deprived decile,61.1,19.7,19.2,51,136.7,False
2021-22,Barnet,IMD10,Least deprived decile,74.3,10.7,15.0,38,92.7,False
2021-22,Barnet,IMD10,Most deprived decile,0.0,0.0,100.0,1,9.4,True
2021-22,Barnet,IMD10,Second least deprived decile,73.5,15.9,10.5,98,240.6,False
2021-22,Barnet,IMD10,Second most deprived decile,60.4,10.2,29.4,11,23.9,True
2021-22,Barnet,IMD10,Third least deprived decile,78.2,8.1,13.8,59,144.4,False
2021-22,Barnet,IMD10,Third most deprived decile,57.3,10.4,32.4,37,108.3,False
2021-22,Bexley,IMD10,Fifth least deprived decile,76.9,10.5,12.5,48,70.8,False
2021-22,Bexley,IMD10,Fifth most deprived decile,65.0,12.8,22.2,56,95.0,False
2021-22,Bexley,IMD10,Fourth least deprived decile,65.1,12.5,22.4,51,94.6,False
2021-22,Bexley,IMD10,Fourth most deprived decile,59.1,12.8,28.1,44,72.3,False
2021-22,Bexley,IMD10,Least deprived decile,67.2,9.2,23.6,46,73.3,False
2021-22,Bexley,IMD10,Second least deprived decile,58.0,13.0,29.0,104,129.2,False
2021-22,Bexley,IMD10,Second most deprived decile,30.2,19.3,50.5,21,33.6,True
2021-22,Bexley,IMD10,Third least deprived decile,67.8,12.6,19.6,67,117.2,False
2021-22,Bexley,IMD10,Third most deprived decile,66.5,7.0,26.5,50,77.9,False
2021-22,Brent,IMD10,Fifth least deprived decile,62.3,12.0,25.7,64,122.3,False
2021-22,Brent,IMD10,Fifth most deprived decile,47.4,18.9,33.8,105,205.4,False
2021-22,Brent,IMD10,Fourth least deprived decile,59.8,16.4,23.8,17,38.6,True
2021-22,Brent,IMD10,Fourth most deprived decile,69.3,7.7,23.0,137,278.5,False
2021-22,Brent,IMD10,Most deprived decile,69.8,3.2,27.0,24,47.0,True
2021-22,Brent,IMD10,Second most deprived decile,62.0,7.5,30.6,59,108.8,False
2021-22,Brent,IMD10,Third least deprived decile,60.2,22.2,17.6,32,52.0,False
2021-22,Brent,IMD10,Third most deprived decile,53.4,7.4,39.1,74,157.4,False
2021-22,Bromley,IMD10,Fifth least deprived decile,71.0,7.5,21.4,30,42.1,False
2021-22,Bromley,IMD10,Fifth most deprived decile,85.4,1.2,13.3,36,70.2,False
2021-22,Bromley,IMD10,Fourth least deprived decile,77.3,15.4,7.4,62,143.3,False
2021-22,Bromley,IMD10,Fourth most deprived decile,69.4,9.0,21.5,30,69.6,False
2021-22,Bromley,IMD10,Least deprived decile,78.1,9.4,12.6,94,184.0,False
2021-22,Bromley,IMD10,Second least deprived decile,71.0,5.3,23.7,132,272.7,False
2021-22,Bromley,IMD10,Second most deprived decile,63.8,6.0,30.2,9,25.2,True
2021-22,Bromley,IMD10,Third least deprived decile,82.2,4.6,13.2,75,178.9,False
2021-22,Bromley,IMD10,Third most deprived decile,27.2,10.6,62.1,23,53.0,True
2021-22,Camden,IMD10,Fifth least deprived decile,70.1,11.7,18.1,84,128.1,False
2021-22,Camden,IMD10,Fifth most deprived decile,74.1,7.5,18.4,48,76.2,False
2021-22,Camden,IMD10,Fourth least deprived decile,83.4,8.7,7.9,34,49.5,False
2021-22,Camden,IMD10,Fourth most deprived decile,78.6,2.8,18.6,72,156.1,False
2021-22,Camden,IMD10,Least deprived decile,76.8,13.5,9.7,34,51.8,False
2021-22,Camden,IMD10,Second least deprived decile,80.0,3.2,16.8,53,90.8,False
2021-22,Camden,IMD10,Second most deprived decile,61.4,17.6,21.1,77,149.8,False
2021-22,Camden,IMD10,Third least deprived decile,73.5,13.2,13.3,43,86.9,False
2021-22,Camden,IMD10,Third most deprived decile,57.0,7.8,35.3,58,117.4,False
2021-22,City of London,IMD10,Fifth least deprived decile,87.3,2.2,10.5,16,2.9,True
2021-22,City of London,IMD10,Fifth most deprived decile,37.8,22.3,39.9,46,5.8,False
2021-22,City of London,IMD10,Fourth least deprived decile,52.8,47.2,0.0,11,1.4,True
2021-22,City of London,IMD10,Least deprived decile,38.4,15.4,46.2,92,14.2,False
2021-22,City of London,IMD10,Second least deprived decile,16.4,26.8,56.8,74,10.8,False
2021-22,City of London,IMD10,Third most deprived decile,67.0,14.2,18.7,4,0.8,True
2021-22,Croydon,IMD10,Fifth least deprived decile,67.5,20.1,12.3,54,132.8,False
2021-22,Croydon,IMD10,Fifth most deprived decile,61.7,6.5,31.8,93,218.9,False
2021-22,Croydon,IMD10,Fourth least deprived decile,71.9,9.7,18.4,49,100.1,False
2021-22,Croydon,IMD10,Fourth most deprived decile,61.6,13.0,25.4,67,166.0,False
2021-22,Croydon,IMD10,Least deprived decile,76.3,12.3,11.5,18,47.4,True
2021-22,Croydon,IMD10,Most deprived decile,29.1,25.2,45.7,6,17.4,True
2021-22,Croydon,IMD10,Second least deprived decile,69.3,11.1,19.6,39,72.8,False
2021-22,Croydon,IMD10,Second most deprived decile,52.3,19.3,28.4,42,109.6,False
2021-22,Croydon,IMD10,Third least deprived decile,57.7,8.0,34.3,53,132.4,False
2021-22,Croydon,IMD10,Third most deprived decile,65.3,16.9,17.8,76,178.0,False
2021-22,Ealing,IMD10,Fifth least deprived decile,52.9,23.2,23.9,74,152.3,False
2021-22,Ealing,IMD10,Fifth most deprived decile,68.9,8.5,22.5,58,105.4,False
2021-22,Ealing,IMD10,Fourth least deprived decile,78.6,7.9,13.4,47,99.9,False
2021-22,Ealing,IMD10,Fourth most deprived decile,63.7,8.3,28.1,91,218.2,False
2021-22,Ealing,IMD10,Least deprived decile,65.5,0.0,34.5,5,7.8,True
2021-22,Ealing,IMD10,Most deprived decile,100.0,0.0,0.0,6,22.2,True
2021-22,Ealing,IMD10,Second least deprived decile,68.2,13.9,17.9,45,92.0,False
2021-22,Ealing,IMD10,Second most deprived decile,69.1,3.2,27.8,66,143.9,False
2021-22,Ealing,IMD10,Third least deprived decile,71.5,20.0,8.5,34,59.4,False
2021-22,Ealing,IMD10,Third most deprived decile,66.4,14.5,19.0,59,139.2,False
2021-22,Enfield,IMD10,Fifth least deprived decile,71.4,2.1,26.5,59,114.2,False
2021-22,Enfield,IMD10,Fifth most deprived decile,68.6,5.5,25.9,39,64.6,False
2021-22,Enfield,IMD10,Fourth least deprived decile,59.4,13.5,27.1,52,94.0,False
2021-22,Enfield,IMD10,Fourth most deprived decile,48.9,14.3,36.8,50,101.5,False
2021-22,Enfield,IMD10,Least deprived decile,100.0,0.0,0.0,3,4.6,True
2021-22,Enfield,IMD10,Most deprived decile,85.1,10.4,4.5,9,15.6,True
2021-22,Enfield,IMD10,Second least deprived decile,76.1,3.0,20.8,38,56.3,False
2021-22,Enfield,IMD10,Second most deprived decile,53.0,10.1,36.9,101,243.8,False
2021-22,Enfield,IMD10,Third least deprived decile,66.1,10.6,23.2,70,126.5,False
2021-22,Enfield,IMD10,Third most deprived decile,62.0,9.8,28.2,85,177.8,False
2021-22,Greenwich,IMD10,Fifth least deprived decile,71.7,14.5,13.8,74,141.0,False
2021-22,Greenwich,IMD10,Fifth most deprived decile,69.6,11.8,18.6,62,116.7,False
2021-22,Greenwich,IMD10,Fourth least deprived decile,83.8,11.0,5.2,60,92.2,False
2021-22,Greenwich,IMD10,Fourth most deprived decile,47.6,15.9,36.4,72,136.2,False
2021-22,Greenwich,IMD10,Most deprived decile,100.0,0.0,0.0,1,1.8,True
2021-22,Greenwich,IMD10,Second least deprived decile,49.9,44.7,5.4,11,16.5,True
2021-22,Greenwich,IMD10,Second most deprived decile,64.9,12.4,22.7,75,133.3,False
2021-22,Greenwich,IMD10,Third least deprived decile,65.2,8.5,26.3,40,65.3,False
2021-22,Greenwich,IMD10,Third most deprived decile,43.0,7.1,49.8,101,163.3,False
2021-22,Hackney,IMD10,Fifth least deprived decile,69.2,10.8,20.0,16,27.0,True
2021-22,Hackney,IMD10,Fifth most deprived decile,86.1,7.5,6.4,36,61.9,False
2021-22,Hackney,IMD10,Fourth most deprived decile,83.8,5.0,11.2,67,114.4,False
2021-22,Hackney,IMD10,Most deprived decile,68.0,13.9,18.1,85,139.0,False
2021-22,Hackney,IMD10,Second most deprived decile,65.0,8.7,26.2,156,262.3,False
2021-22,Hackney,IMD10,Third most deprived decile,69.4,11.1,19.5,153,268.7,False
2021-22,Hammersmith and Fulham,IMD10,Fifth least deprived decile,85.4,7.1,7.5,67,66.1,False
2021-22,Hammersmith and Fulham,IMD10,Fifth most deprived decile,72.4,11.5,16.1,74,68.9,False
2021-22,Hammersmith and Fulham,IMD10,Fourth least deprived decile,84.4,5.4,10.3,65,86.0,False
2021-22,Hammersmith and Fulham,IMD10,Fourth most deprived decile,67.5,6.3,26.2,98,115.5,False
2021-22,Hammersmith and Fulham,IMD10,Most deprived decile,54.9,0.0,45.1,4,5.8,True
2021-22,Hammersmith and Fulham,IMD10,Second least deprived decile,72.2,23.6,4.3,21,21.4,True
2021-22,Hammersmith and Fulham,IMD10,Second most deprived decile,64.8,0.6,34.6,78,98.1,False
2021-22,Hammersmith and Fulham,IMD10,Third least deprived decile,81.1,9.4,9.4,53,54.2,False
2021-22,Hammersmith and Fulham,IMD10,Third most deprived decile,70.6,8.6,20.8,73,70.5,False
2021-22,Haringey,IMD10,Fifth least deprived decile,63.6,14.2,22.2,64,104.4,False
2021-22,Haringey,IMD10,Fifth most deprived decile,65.9,9.8,24.3,43,64.2,False
2021-22,Haringey,IMD10,Fourth least deprived decile,76.5,23.5,0.0,25,45.3,True
2021-22,Haringey,IMD10,Fourth most deprived decile,75.2,6.6,18.1,65,96.1,False
2021-22,Haringey,IMD10,Most deprived decile,62.3,6.6,31.1,41,84.4,False
2021-22,Haringey,IMD10,Second least deprived decile,73.0,16.0,11.0,26,50.6,True
2021-22,Haringey,IMD10,Second most deprived decile,72.3,13.1,14.6,89,163.1,False
2021-22,Haringey,IMD10,Third least deprived decile,72.6,5.4,22.0,42,65.7,False
2021-22,Haringey,IMD10,Third most deprived decile,59.0,13.8,27.1,95,140.4,False
2021-22,Harrow,IMD10,Fifth least deprived decile,67.5,4.9,27.5,97,144.2,False
2021-22,Harrow,IMD10,Fifth most deprived decile,48.6,16.0,35.4,87,140.6,False
2021-22,Harrow,IMD10,Fourth least deprived decile,68.6,10.6,20.8,99,148.7,False
2021-22,Harrow,IMD10,Fourth most deprived decile,49.9,12.2,37.9,34,39.9,False
2021-22,Harrow,IMD10,Least deprived decile,90.2,5.3,4.4,36,48.2,False
2021-22,Harrow,IMD10,Second least deprived decile,66.3,13.1,20.6,61,97.1,False
2021-22,Harrow,IMD10,Second most deprived decile,75.7,0.0,24.3,6,13.0,True
2021-22,Harrow,IMD10,Third least deprived decile,55.1,3.3,41.6,73,120.2,False
2021-22,Harrow,IMD10,Third most deprived decile,58.7,13.1,28.2,25,33.1,True
2021-22,Havering,IMD10,Fifth least deprived decile,59.9,17.0,23.1,64,81.7,False
2021-22,Havering,IMD10,Fifth most deprived decile,51.4,6.7,41.9,85,129.1,False
2021-22,Havering,IMD10,Fourth least deprived decile,61.7,14.9,23.4,54,92.6,False
2021-22,Havering,IMD10,Fourth most deprived decile,44.0,8.6,47.4,35,69.8,False
2021-22,Havering,IMD10,Least deprived decile,59.3,14.1,26.6,39,58.1,False
2021-22,Havering,IMD10,Most deprived decile,100.0,0.0,0.0,2,1.7,True
2021-22,Havering,IMD10,Second least deprived decile,76.7,6.4,16.9,102,168.6,False
2021-22,Havering,IMD10,Second most deprived decile,65.5,1.8,32.7,27,46.2,True
2021-22,Havering,IMD10,Third least deprived decile,65.1,16.7,18.1,60,85.6,False
2021-22,Havering,IMD10,Third most deprived decile,62.5,12.7,24.9,47,75.5,False
2021-22,Hillingdon,IMD10,Fifth least deprived decile,51.2,8.9,39.9,49,82.7,False
2021-22,Hillingdon,IMD10,Fifth most deprived decile,73.0,4.8,22.2,65,127.8,False
2021-22,Hillingdon,IMD10,Fourth least deprived decile,56.5,10.1,33.5,44,75.6,False
2021-22,Hillingdon,IMD10,Fourth most deprived decile,65.5,9.8,24.7,78,154.8,False
2021-22,Hillingdon,IMD10,Least deprived decile,80.9,0.0,19.1,23,48.3,True
2021-22,Hillingdon,IMD10,Second least deprived decile,70.7,10.5,18.8,67,120.9,False
2021-22,Hillingdon,IMD10,Second most deprived decile,34.7,0.0,65.3,9,17.6,True
2021-22,Hillingdon,IMD10,Third least deprived decile,75.8,8.4,15.8,71,142.6,False
2021-22,Hillingdon,IMD10,Third most deprived decile,53.0,12.0,35.0,79,162.5,False
2021-22,Hounslow,IMD10,Fifth least deprived decile,59.0,10.2,30.9,84,117.9,False
2021-22,Hounslow,IMD10,Fifth most deprived decile,64.2,8.1,27.7,124,202.4,False
2021-22,Hounslow,IMD10,Fourth least deprived decile,72.3,10.9,16.8,57,72.9,False
2021-22,Hounslow,IMD10,Fourth most deprived decile,56.8,5.9,37.3,99,187.4,False
2021-22,Hounslow,IMD10,Least deprived decile,100.0,0.0,0.0,1,0.5,True
2021-22,Hounslow,IMD10,Second least deprived decile,19.4,32.8,47.8,3,2.9,True
2021-22,Hounslow,IMD10,Second most deprived decile,72.8,8.9,18.3,27,40.0,True
2021-22,Hounslow,IMD10,Third least deprived decile,81.9,7.2,10.9,25,37.5,True
2021-22,Hounslow,IMD10,Third most deprived decile,50.9,4.6,44.6,76,149.9,False
2021-22,Islington,IMD10,Fifth least deprived decile,85.9,6.6,7.5,46,66.4,False
2021-22,Islington,IMD10,Fifth most deprived decile,71.4,10.2,18.4,49,75.8,False
2021-22,Islington,IMD10,Fourth least deprived decile,75.1,20.3,4.6,28,44.7,True
2021-22,Islington,IMD10,Fourth most deprived decile,64.3,3.8,31.9,118,190.2,False
2021-22,Islington,IMD10,Most deprived decile,65.8,19.1,15.2,29,55.5,True
2021-22,Islington,IMD10,Second most deprived decile,61.2,16.7,22.1,72,105.2,False
2021-22,Islington,IMD10,Third least deprived decile,84.5,15.5,0.0,6,6.8,True
2021-22,Islington,IMD10,Third most deprived decile,77.0,11.8,11.2,167,262.1,False
2021-22,Kensington and Chelsea,IMD10,Fifth least deprived decile,69.9,11.3,18.9,65,56.0,False
2021-22,Kensington and Chelsea,IMD10,Fifth most deprived decile,67.6,17.1,15.3,66,64.8,False
2021-22,Kensington and Chelsea,IMD10,Fourth least deprived decile,71.8,11.5,16.8,49,51.0,False
2021-22,Kensington and Chelsea,IMD10,Fourth most deprived decile,61.0,14.6,24.5,61,59.5,False
2021-22,Kensington and Chelsea,IMD10,Most deprived decile,58.1,4.7,37.2,47,56.8,False
2021-22,Kensington and Chelsea,IMD10,Second least deprived decile,61.8,7.4,30.8,24,28.3,True
2021-22,Kensington and Chelsea,IMD10,Second most deprived decile,53.9,17.7,28.4,83,88.3,False
2021-22,Kensington and Chelsea,IMD10,Third least deprived decile,72.3,10.1,17.6,81,67.0,False
2021-22,Kensington and Chelsea,IMD10,Third most deprived decile,55.8,17.6,26.6,36,36.7,False
2021-22,Kingston upon Thames,IMD10,Fifth least deprived decile,69.1,16.4,14.5,66,76.7,False
2021-22,Kingston upon Thames,IMD10,Fifth most deprived decile,54.0,13.6,32.4,33,36.4,False
2021-22,Kingston upon Thames,IMD10,Fourth least deprived decile,66.4,14.6,19.1,79,94.4,False
2021-22,Kingston upon Thames,IMD10,Fourth most deprived decile,100.0,0.0,0.0,1,1.9,True
2021-22,Kingston upon Thames,IMD10,Least deprived decile,82.6,8.8,8.7,71,87.6,False
2021-22,Kingston upon Thames,IMD10,Second least deprived decile,83.2,8.3,8.4,132,151.1,False
2021-22,Kingston upon Thames,IMD10,Second most deprived decile,0.0,0.0,100.0,1,0.4,True
2021-22,Kingston upon Thames,IMD10,Third least deprived decile,73.9,8.7,17.4,101,103.4,False
2021-22,Kingston upon Thames,IMD10,Third most deprived decile,67.4,15.4,17.2,7,10.9,True
2021-22,Lambeth,IMD10,Fifth least deprived decile,80.6,3.2,16.2,64,148.7,False
2021-22,Lambeth,IMD10,Fifth most deprived decile,63.3,10.9,25.9,90,169.9,False
2021-22,Lambeth,IMD10,Fourth least deprived decile,65.3,3.3,31.4,18,35.9,True
2021-22,Lambeth,IMD10,Fourth most deprived decile,69.2,10.2,20.6,110,221.7,False
2021-22,Lambeth,IMD10,Second least deprived decile,66.2,33.8,0.0,6,9.0,True
2021-22,Lambeth,IMD10,Second most deprived decile,72.5,6.8,20.7,98,213.4,False
2021-22,Lambeth,IMD10,Third least deprived decile,83.5,6.5,10.0,12,29.8,True
2021-22,Lambeth,IMD10,Third most deprived decile,62.0,13.2,24.8,103,199.6,False
2021-22,Lewisham,IMD10,Fifth least deprived decile,88.4,2.9,8.7,62,102.3,False
2021-22,Lewisham,IMD10,Fifth most deprived decile,80.9,9.9,9.2,79,160.3,False
2021-22,Lewisham,IMD10,Fourth least deprived decile,79.5,12.7,7.8,30,59.0,False
2021-22,Lewisham,IMD10,Fourth most deprived decile,66.9,13.5,19.6,90,146.1,False
2021-22,Lewisham,IMD10,Most deprived decile,68.0,13.9,18.1,19,44.2,True
2021-22,Lewisham,IMD10,Second most deprived decile,60.0,21.6,18.3,94,182.2,False
2021-22,Lewisham,IMD10,Third least deprived decile,94.7,0.0,5.3,12,17.7,True
2021-22,Lewisham,IMD10,Third most deprived decile,67.3,5.9,26.8,131,224.2,False
2021-22,Merton,IMD10,Fifth least deprived decile,68.9,9.9,21.2,68,105.0,False
2021-22,Merton,IMD10,Fifth most deprived decile,65.5,9.2,25.2,19,19.0,True
2021-22,Merton,IMD10,Fourth least deprived decile,53.5,7.7,38.8,71,94.7,False
2021-22,Merton,IMD10,Fourth most deprived decile,68.3,6.0,25.7,44,48.9,False
2021-22,Merton,IMD10,Least deprived decile,74.8,4.8,20.3,130,145.6,False
2021-22,Merton,IMD10,Second least deprived decile,81.2,5.8,12.9,72,78.9,False
2021-22,Merton,IMD10,Second most deprived decile,0.0,100.0,0.0,1,1.1,True
2021-22,Merton,IMD10,Third least deprived decile,73.4,11.5,15.1,64,74.7,False
2021-22,Merton,IMD10,Third most deprived decile,32.6,17.6,49.8,28,57.6,True
2021-22,Newham,IMD10,Fifth most deprived decile,62.1,12.5,25.4,44,63.5,False
2021-22,Newham,IMD10,Fourth most deprived decile,68.0,11.8,20.1,108,209.7,False
2021-22,Newham,IMD10,Most deprived decile,55.3,5.5,39.3,8,15.1,True
2021-22,Newham,IMD10,Second most deprived decile,64.1,7.4,28.5,111,232.3,False
2021-22,Newham,IMD10,Third most deprived decile,61.0,11.6,27.4,230,535.5,False
2021-22,Redbridge,IMD10,Fifth least deprived decile,63.3,13.3,23.4,108,225.0,False
2021-22,Redbridge,IMD10,Fifth most deprived decile,57.0,14.3,28.7,76,162.8,False
2021-22,Redbridge,IMD10,Fourth least deprived decile,71.0,8.8,20.2,64,107.4,False
2021-22,Redbridge,IMD10,Fourth most deprived decile,57.2,11.1,31.7,55,108.3,False
2021-22,Redbridge,IMD10,Least deprived decile,73.9,0.0,26.1,23,38.4,True
2021-22,Redbridge,IMD10,Second least deprived decile,65.0,14.9,20.1,40,58.7,False
2021-22,Redbridge,IMD10,Second most deprived decile,49.3,16.6,34.1,18,31.1,True
2021-22,Redbridge,IMD10,Third least deprived decile,65.0,10.3,24.7,78,127.5,False
2021-22,Redbridge,IMD10,Third most deprived decile,70.6,6.6,22.8,36,65.1,False
2021-22,Richmond upon Thames,IMD10,Fifth least deprived decile,76.7,5.3,18.0,22,22.9,True
2021-22,Richmond upon Thames,IMD10,Fifth most deprived decile,68.1,9.4,22.5,41,52.0,False
2021-22,Richmond upon Thames,IMD10,Fourth least deprived decile,74.9,10.5,14.6,39,56.5,False
2021-22,Richmond upon Thames,IMD10,Fourth most deprived decile,62.7,20.2,17.2,5,3.7,True
2021-22,Richmond upon Thames,IMD10,Least deprived decile,69.4,9.4,21.2,150,193.8,False
2021-22,Richmond upon Thames,IMD10,Second least deprived decile,81.5,8.3,10.3,165,214.6,False
2021-22,Richmond upon Thames,IMD10,Second most deprived decile,100.0,0.0,0.0,2,1.1,True
2021-22,Richmond upon Thames,IMD10,Third least deprived decile,65.7,3.8,30.5,47,63.3,False
2021-22,Richmond upon Thames,IMD10,Third most deprived decile,74.8,12.6,12.6,6,4.3,True
2021-22,Southwark,IMD10,Fifth least deprived decile,77.1,11.3,11.6,67,113.8,False
2021-22,Southwark,IMD10,Fifth most deprived decile,79.7,5.9,14.4,52,95.6,False
2021-22,Southwark,IMD10,Fourth least deprived decile,90.9,2.7,6.4,29,38.9,True
2021-22,Southwark,IMD10,Fourth most deprived decile,65.5,3.6,30.9,70,132.5,False
2021-22,Southwark,IMD10,Least deprived decile,55.9,0.0,44.1,4,9.9,True
2021-22,Southwark,IMD10,Most deprived decile,60.1,28.9,11.0,18,34.6,True
2021-22,Southwark,IMD10,Second least deprived decile,92.8,2.6,4.6,8,18.3,True
2021-22,Southwark,IMD10,Second most deprived decile,56.3,10.4,33.3,92,205.8,False
2021-22,Southwark,IMD10,Third least deprived decile,71.5,15.5,13.0,41,65.2,False
2021-22,Southwark,IMD10,Third most deprived decile,62.0,11.4,26.6,140,286.4,False
2021-22,Sutton,IMD10,Fifth least deprived decile,56.1,7.8,36.1,36,33.4,False
2021-22,Sutton,IMD10,Fifth most deprived decile,62.2,1.5,36.2,25,26.1,True
2021-22,Sutton,IMD10,Fourth least deprived decile,68.7,10.4,21.0,101,119.6,False
2021-22,Sutton,IMD10,Fourth most deprived decile,69.0,10.1,20.9,26,23.2,True
2021-22,Sutton,IMD10,Least deprived decile,72.9,10.5,16.6,105,130.3,False
2021-22,Sutton,IMD10,Most deprived decile,100.0,0.0,0.0,3,3.2,True
2021-22,Sutton,IMD10,Second least deprived decile,56.9,13.1,30.0,70,84.1,False
2021-22,Sutton,IMD10,Second most deprived decile,45.3,9.7,45.0,21,30.6,True
2021-22,Sutton,IMD10,Third least deprived decile,53.6,10.5,35.9,100,133.1,False
2021-22,Sutton,IMD10,Third most deprived decile,64.2,12.0,23.8,34,41.8,False
2021-22,Tower Hamlets,IMD10,Fifth least deprived decile,64.2,10.0,25.8,40,82.1,False
2021-22,Tower Hamlets,IMD10,Fifth most deprived decile,68.8,15.7,15.5,60,99.1,False
2021-22,Tower Hamlets,IMD10,Fourth least deprived decile,70.2,6.6,23.2,36,56.9,False
2021-22,Tower Hamlets,IMD10,Fourth most deprived decile,76.3,8.2,15.6,101,181.1,False
2021-22,Tower Hamlets,IMD10,Most deprived decile,24.0,10.3,65.7,7,16.3,True
2021-22,Tower Hamlets,IMD10,Second least deprived decile,73.7,16.1,10.1,9,10.5,True
2021-22,Tower Hamlets,IMD10,Second most deprived decile,66.0,12.9,21.1,120,258.9,False
2021-22,Tower Hamlets,IMD10,Third least deprived decile,64.0,26.3,9.8,17,21.1,True
2021-22,Tower Hamlets,IMD10,Third most deprived decile,64.7,11.6,23.7,150,297.6,False
2021-22,Waltham Forest,IMD10,Fifth least deprived decile,76.6,7.1,16.3,85,136.5,False
2021-22,Waltham Forest,IMD10,Fifth most deprived decile,69.8,15.1,15.1,82,125.6,False
2021-22,Waltham Forest,IMD10,Fourth least deprived decile,60.8,11.2,28.1,28,52.8,True
2021-22,Waltham Forest,IMD10,Fourth most deprived decile,67.0,8.0,25.0,131,217.6,False
2021-22,Waltham Forest,IMD10,Most deprived decile,43.8,0.0,56.2,6,5.1,True
2021-22,Waltham Forest,IMD10,Second least deprived decile,38.7,4.0,57.4,6,15.2,True
2021-22,Waltham Forest,IMD10,Second most deprived decile,53.4,13.9,32.6,53,111.5,False
2021-22,Waltham Forest,IMD10,Third least deprived decile,90.0,0.0,10.0,9,11.3,True
2021-22,Waltham Forest,IMD10,Third most deprived decile,62.1,12.9,25.0,98,158.8,False
2021-22,Wandsworth,IMD10,Fifth least deprived decile,74.7,14.9,10.4,79,188.7,False
2021-22,Wandsworth,IMD10,Fifth most deprived decile,74.6,12.8,12.6,64,123.7,False
2021-22,Wandsworth,IMD10,Fourth least deprived decile,70.0,12.2,17.8,83,184.6,False
2021-22,Wandsworth,IMD10,Fourth most deprived decile,74.3,5.5,20.1,42,109.0,False
2021-22,Wandsworth,IMD10,Least deprived decile,76.6,6.0,17.4,27,61.5,True
2021-22,Wandsworth,IMD10,Second least deprived decile,85.4,7.4,7.2,64,131.3,False
2021-22,Wandsworth,IMD10,Second most deprived decile,76.1,0.0,23.9,16,31.5,True
2021-22,Wandsworth,IMD10,Third least deprived decile,77.0,10.2,12.8,72,136.9,False
2021-22,Wandsworth,IMD10,Third most deprived decile,58.5,12.5,29.0,38,84.5,False
2021-22,Westminster,IMD10,Fifth least deprived decile,80.1,1.0,19.0,45,57.9,False
2021-22,Westminster,IMD10,Fifth most deprived decile,67.7,4.4,28.0,61,103.3,False
2021-22,Westminster,IMD10,Fourth least deprived decile,79.0,9.7,11.3,29,39.0,True
2021-22,Westminster,IMD10,Fourth most deprived decile,72.0,10.6,17.4,56,97.3,False
2021-22,Westminster,IMD10,Least deprived decile,76.3,9.6,14.1,10,19.3,True
2021-22,Westminster,IMD10,Most deprived decile,15.9,19.8,64.3,11,17.9,True
2021-22,Westminster,IMD10,Second least deprived decile,75.1,12.4,12.5,51,101.9,False
2021-22,Westminster,IMD10,Second most deprived decile,70.4,6.9,22.7,57,122.6,False
2021-22,Westminster,IMD10,Third least deprived decile,72.1,8.0,20.0,117,199.2,False
2021-22,Westminster,IMD10,Third most deprived decile,69.9,9.8,20.2,76,125.1,False
2021-22,London,Disab3,Limiting disability,55.3,11.2,33.5,2557,4433.0,False
2021-22,London,Disab3,No disability,69.2,9.7,21.2,10303,17276.5,False
2021-22,London,Disab3,Non-limiting disability,72.5,11.0,16.5,2380,4233.5,False
2021-22,Barking and Dagenham,Disab3,Limiting disability,43.6,3.3,53.1,100,105.3,False
2021-22,Barking and Dagenham,Disab3,No disability,59.5,8.1,32.4,315,390.1,False
2021-22,Barking and Dagenham,Disab3,Non-limiting disability,62.3,9.8,27.9,54,58.6,False
2021-22,Barnet,Disab3,Limiting disability,65.3,9.5,25.2,72,180.1,False
2021-22,Barnet,Disab3,No disability,66.6,11.3,22.2,343,809.0,False
2021-22,Barnet,Disab3,Non-limiting disability,64.7,19.8,15.5,79,226.0,False
2021-22,Bexley,Disab3,Limiting disability,53.3,10.0,36.6,82,127.1,False
2021-22,Bexley,Disab3,No disability,64.8,12.3,22.9,307,476.3,False
2021-22,Bexley,Disab3,Non-limiting disability,68.2,12.1,19.7,63,107.1,False
2021-22,Brent,Disab3,Limiting disability,48.2,12.2,39.6,92,183.1,False
2021-22,Brent,Disab3,No disability,63.0,10.1,27.0,320,624.5,False
2021-22,Brent,Disab3,Non-limiting disability,70.3,11.7,18.0,60,124.2,False
2021-22,Bromley,Disab3,Limiting disability,59.8,7.2,33.0,60,120.0,False
2021-22,Bromley,Disab3,No disability,76.7,7.8,15.5,324,683.8,False
2021-22,Bromley,Disab3,Non-limiting disability,72.0,7.1,20.9,81,198.2,False
2021-22,Camden,Disab3,Limiting disability,61.2,15.5,23.3,74,146.2,False
2021-22,Camden,Disab3,No disability,74.5,8.0,17.4,301,505.4,False
2021-22,Camden,Disab3,Non-limiting disability,76.2,7.4,16.5,84,177.7,False
2021-22,City of London,Disab3,Limiting disability,14.2,4.7,81.2,28,5.2,True
2021-22,City of London,Disab3,No disability,38.1,25.2,36.7,192,26.8,False
2021-22,City of London,Disab3,Non-limiting disability,49.3,7.1,43.5,17,2.9,True
2021-22,Croydon,Disab3,Limiting disability,56.1,14.5,29.3,82,195.5,False
2021-22,Croydon,Disab3,No disability,65.2,9.7,25.0,302,692.4,False
2021-22,Croydon,Disab3,Non-limiting disability,69.3,12.8,17.9,81,199.4,False
2021-22,Ealing,Disab3,Limiting disability,57.7,10.2,32.1,67,150.3,False
2021-22,Ealing,Disab3,No disability,69.0,10.7,20.3,324,725.5,False
2021-22,Ealing,Disab3,Non-limiting disability,74.2,14.5,11.3,66,117.3,False
2021-22,Enfield,Disab3,Limiting disability,52.2,5.6,42.2,79,142.7,False
2021-22,Enfield,Disab3,No disability,64.4,9.2,26.4,303,622.8,False
2021-22,Enfield,Disab3,Non-limiting disability,70.9,12.0,17.2,79,155.5,False
2021-22,Greenwich,Disab3,Limiting disability,46.6,17.8,35.5,74,147.0,False
2021-22,Greenwich,Disab3,No disability,63.9,11.0,25.1,316,525.3,False
2021-22,Greenwich,Disab3,Non-limiting disability,76.0,11.2,12.8,72,132.3,False
2021-22,Hackney,Disab3,Limiting disability,53.5,14.6,31.9,90,160.5,False
2021-22,Hackney,Disab3,No disability,77.3,7.3,15.4,311,516.5,False
2021-22,Hackney,Disab3,Non-limiting disability,69.2,13.2,17.7,61,115.0,False
2021-22,Hammersmith and Fulham,Disab3,Limiting disability,62.6,4.5,32.8,84,90.6,False
2021-22,Hammersmith and Fulham,Disab3,No disability,77.2,7.0,15.8,341,363.7,False
2021-22,Hammersmith and Fulham,Disab3,Non-limiting disability,79.3,7.6,13.1,79,98.6,False
2021-22,Haringey,Disab3,Limiting disability,48.4,10.6,41.0,98,163.4,False
2021-22,Haringey,Disab3,No disability,72.7,12.3,15.1,273,467.6,False
2021-22,Haringey,Disab3,Non-limiting disability,75.8,13.6,10.7,84,132.4,False
2021-22,Harrow,Disab3,Limiting disability,50.1,13.0,36.9,92,144.0,False
2021-22,Harrow,Disab3,No disability,64.1,8.3,27.6,331,474.9,False
2021-22,Harrow,Disab3,Non-limiting disability,73.8,5.2,21.0,62,110.2,False
2021-22,Havering,Disab3,Limiting disability,44.8,10.3,44.9,80,128.9,False
2021-22,Havering,Disab3,No disability,66.8,10.6,22.7,306,481.2,False
2021-22,Havering,Disab3,Non-limiting disability,62.6,10.8,26.6,91,149.7,False
2021-22,Hillingdon,Disab3,Limiting disability,54.3,6.7,39.0,82,153.4,False
2021-22,Hillingdon,Disab3,No disability,66.7,8.3,25.0,316,602.9,False
2021-22,Hillingdon,Disab3,Non-limiting disability,70.8,9.1,20.1,60,130.3,False
2021-22,Hounslow,Disab3,Limiting disability,48.4,8.5,43.0,85,135.1,False
2021-22,Hounslow,Disab3,No disability,63.8,5.9,30.3,300,501.6,False
2021-22,Hounslow,Disab3,Non-limiting disability,61.6,14.6,23.8,71,114.3,False
2021-22,Islington,Disab3,Limiting disability,59.7,12.5,27.8,83,146.3,False
2021-22,Islington,Disab3,No disability,73.7,10.4,15.9,302,457.2,False
2021-22,Islington,Disab3,Non-limiting disability,84.0,9.7,6.3,88,144.1,False
2021-22,Kensington and Chelsea,Disab3,Limiting disability,43.9,19.8,36.3,88,80.2,False
2021-22,Kensington and Chelsea,Disab3,No disability,66.9,12.4,20.7,310,325.7,False
2021-22,Kensington and Chelsea,Disab3,Non-limiting disability,73.6,9.5,16.9,71,68.4,False
2021-22,Kingston upon Thames,Disab3,Limiting disability,57.5,15.8,26.7,82,109.6,False
2021-22,Kingston upon Thames,Disab3,No disability,78.3,10.9,10.8,306,320.8,False
2021-22,Kingston upon Thames,Disab3,Non-limiting disability,85.2,6.9,7.9,81,104.6,False
2021-22,Lambeth,Disab3,Limiting disability,52.4,11.0,36.6,79,175.6,False
2021-22,Lambeth,Disab3,No disability,73.0,8.2,18.8,306,624.9,False
2021-22,Lambeth,Disab3,Non-limiting disability,81.1,8.2,10.6,78,151.1,False
2021-22,Lewisham,Disab3,Limiting disability,62.1,19.9,18.0,76,166.2,False
2021-22,Lewisham,Disab3,No disability,71.2,10.2,18.6,316,542.0,False
2021-22,Lewisham,Disab3,Non-limiting disability,84.9,6.2,8.9,89,151.0,False
2021-22,Merton,Disab3,Limiting disability,46.3,9.2,44.5,67,101.5,False
2021-22,Merton,Disab3,No disability,71.4,6.6,21.9,320,376.0,False
2021-22,Merton,Disab3,Non-limiting disability,77.0,13.7,9.3,73,99.3,False
2021-22,Newham,Disab3,Limiting disability,48.5,12.0,39.6,81,172.5,False
2021-22,Newham,Disab3,No disability,66.3,9.8,23.9,318,670.6,False
2021-22,Newham,Disab3,Non-limiting disability,70.5,14.3,15.2,52,108.0,False
2021-22,Redbridge,Disab3,Limiting disability,53.6,16.8,29.7,72,128.3,False
2021-22,Redbridge,Disab3,No disability,67.3,9.6,23.1,319,603.6,False
2021-22,Redbridge,Disab3,Non-limiting disability,61.5,15.9,22.6,77,140.0,False
2021-22,Richmond upon Thames,Disab3,Limiting disability,51.1,9.6,39.4,68,99.0,False
2021-22,Richmond upon Thames,Disab3,No disability,81.5,8.2,10.3,295,358.5,False
2021-22,Richmond upon Thames,Disab3,Non-limiting disability,76.3,8.0,15.7,85,116.6,False
2021-22,Southwark,Disab3,Limiting disability,71.4,4.9,23.7,74,127.6,False
2021-22,Southwark,Disab3,No disability,66.7,10.0,23.2,329,644.9,False
2021-22,Southwark,Disab3,Non-limiting disability,67.2,13.0,19.8,86,174.7,False
2021-22,Sutton,Disab3,Limiting disability,52.1,6.5,41.4,84,98.9,False
2021-22,Sutton,Disab3,No disability,67.7,10.3,21.9,326,391.1,False
2021-22,Sutton,Disab3,Non-limiting disability,63.2,10.1,26.7,68,82.3,False
2021-22,Tower Hamlets,Disab3,Limiting disability,72.7,6.7,20.6,60,142.5,False
2021-22,Tower Hamlets,Disab3,No disability,66.5,12.7,20.8,364,678.9,False
2021-22,Tower Hamlets,Disab3,Non-limiting disability,69.7,9.5,20.7,72,135.8,False
2021-22,Waltham Forest,Disab3,Limiting disability,59.6,11.4,29.0,86,142.4,False
2021-22,Waltham Forest,Disab3,No disability,66.4,10.6,23.0,313,532.5,False
2021-22,Waltham Forest,Disab3,Non-limiting disability,73.8,12.3,13.9,72,110.1,False
2021-22,Wandsworth,Disab3,Limiting disability,66.5,11.7,21.8,59,145.4,False
2021-22,Wandsworth,Disab3,No disability,79.0,10.3,10.7,329,690.4,False
2021-22,Wandsworth,Disab3,Non-limiting disability,75.1,12.3,12.5,60,136.0,False
2021-22,Westminster,Disab3,Limiting disability,61.7,9.7,28.6,77,118.7,False
2021-22,Westminster,Disab3,No disability,70.8,9.1,20.1,325,568.8,False
2021-22,Westminster,Disab3,Non-limiting disability,79.8,5.6,14.6,84,161.7,False
2021-22,London,LondInOut,E13000001 Inner London,69.3,10.3,20.4,6887,11511.7,False
2021-22,London,LondInOut,E13000002 Outer London,64.6,10.3,25.1,9495,16265.6,False
2021-22,Barking and Dagenham,LondInOut,E13000002 Outer London,56.6,7.5,35.9,519,604.3,False
2021-22,Barnet,LondInOut,E13000002 Outer London,65.5,12.4,22.1,506,1244.6,False
2021-22,Bexley,LondInOut,E13000002 Outer London,63.6,11.9,24.5,487,764.1,False
2021-22,Brent,LondInOut,E13000002 Outer London,59.9,11.3,28.8,512,1010.1,False
2021-22,Bromley,LondInOut,E13000002 Outer London,73.5,7.6,18.9,491,1038.9,False
2021-22,Camden,LondInOut,E13000001 Inner London,71.2,9.5,19.3,503,906.6,False
2021-22,City of London,LondInOut,E13000001 Inner London,36.8,20.1,43.1,243,35.9,False
2021-22,Croydon,LondInOut,E13000002 Outer London,63.0,13.0,24.0,497,1175.4,False
2021-22,Ealing,LondInOut,E13000002 Outer London,66.8,11.5,21.7,485,1040.3,False
2021-22,Enfield,LondInOut,E13000002 Outer London,61.6,9.2,29.2,506,998.9,False
2021-22,Greenwich,LondInOut,E13000002 Outer London,61.6,12.4,26.0,496,866.3,False
2021-22,Hackney,LondInOut,E13000001 Inner London,70.9,9.8,19.3,513,873.4,False
2021-22,Hammersmith and Fulham,LondInOut,E13000001 Inner London,73.8,7.0,19.2,533,586.5,False
2021-22,Haringey,LondInOut,E13000001 Inner London,68.0,11.8,20.2,490,814.2,False
2021-22,Harrow,LondInOut,E13000002 Outer London,62.5,9.4,28.1,518,785.0,False
2021-22,Havering,LondInOut,E13000002 Outer London,62.0,10.6,27.3,515,809.0,False
2021-22,Hillingdon,LondInOut,E13000002 Outer London,64.8,8.6,26.5,485,932.9,False
2021-22,Hounslow,LondInOut,E13000002 Outer London,61.1,7.6,31.3,496,811.3,False
2021-22,Islington,LondInOut,E13000001 Inner London,71.3,11.0,17.7,515,806.7,False
2021-22,Kensington and Chelsea,LondInOut,E13000001 Inner London,63.5,12.9,23.6,512,508.4,False
2021-22,Kingston upon Thames,LondInOut,E13000002 Outer London,74.5,11.1,14.5,491,562.7,False
2021-22,Lambeth,LondInOut,E13000001 Inner London,69.4,9.0,21.6,501,1027.9,False
2021-22,Lewisham,LondInOut,E13000001 Inner London,71.8,11.2,17.0,517,936.0,False
2021-22,Merton,LondInOut,E13000002 Outer London,66.4,8.6,25.0,497,625.6,False
2021-22,Newham,LondInOut,E13000001 Inner London,63.1,10.7,26.3,501,1056.1,False
2021-22,Redbridge,LondInOut,E13000002 Outer London,63.2,11.5,25.3,498,924.3,False
2021-22,Richmond upon Thames,LondInOut,E13000002 Outer London,74.0,8.4,17.6,477,612.2,False
2021-22,Southwark,LondInOut,E13000001 Inner London,66.9,9.9,23.2,521,1001.0,False
2021-22,Sutton,LondInOut,E13000002 Outer London,62.5,10.3,27.2,521,625.3,False
2021-22,Tower Hamlets,LondInOut,E13000001 Inner London,67.2,11.7,21.2,540,1023.7,False
2021-22,Waltham Forest,LondInOut,E13000002 Outer London,65.5,10.6,23.9,498,834.5,False
2021-22,Wandsworth,LondInOut,E13000001 Inner London,74.3,10.5,15.2,485,1051.7,False
2021-22,Westminster,LondInOut,E13000001 Inner London,71.1,8.4,20.5,513,883.5,False
2021-22,London,NSSEC5,NS SEC 1-2: Higher social groups,75.0,10.1,15.0,9507,13097.6,False
2021-22,London,NSSEC5,NS SEC 3-5: Middle social groups,64.9,10.1,24.9,2652,4950.8,False
2021-22,London,NSSEC5,NS SEC 6-8: Lower social groups,52.0,11.0,37.0,1531,3978.6,False
2021-22,London,NSSEC5,NS SEC 9: Students and other / unclassified,64.4,9.5,26.1,1470,3852.9,False
2021-22,Barking and Dagenham,NSSEC5,NS SEC 1-2: Higher social groups,66.2,7.4,26.4,215,206.6,False
2021-22,Barking and Dagenham,NSSEC5,NS SEC 3-5: Middle social groups,56.8,11.1,32.1,113,124.1,False
2021-22,Barking and Dagenham,NSSEC5,NS SEC 6-8: Lower social groups,50.1,4.5,45.3,84,133.4,False
2021-22,Barking and Dagenham,NSSEC5,NS SEC 9: Students and other / unclassified,47.9,7.7,44.4,77,117.7,False
2021-22,Barnet,NSSEC5,NS SEC 1-2: Higher social groups,74.8,10.0,15.2,297,608.0,False
2021-22,Barnet,NSSEC5,NS SEC 3-5: Middle social groups,63.9,11.5,24.6,81,211.0,False
2021-22,Barnet,NSSEC5,NS SEC 6-8: Lower social groups,58.7,13.0,28.3,30,110.5,False
2021-22,Barnet,NSSEC5,NS SEC 9: Students and other / unclassified,62.7,20.6,16.7,45,196.8,False
2021-22,Bexley,NSSEC5,NS SEC 1-2: Higher social groups,70.8,10.1,19.1,234,287.3,False
2021-22,Bexley,NSSEC5,NS SEC 3-5: Middle social groups,60.2,15.4,24.5,116,195.5,False
2021-22,Bexley,NSSEC5,NS SEC 6-8: Lower social groups,58.1,13.4,28.5,64,150.5,False
2021-22,Bexley,NSSEC5,NS SEC 9: Students and other / unclassified,63.7,9.5,26.8,33,75.7,False
2021-22,Brent,NSSEC5,NS SEC 1-2: Higher social groups,65.8,13.0,21.3,263,405.1,False
2021-22,Brent,NSSEC5,NS SEC 3-5: Middle social groups,57.0,13.4,29.6,96,189.8,False
2021-22,Brent,NSSEC5,NS SEC 6-8: Lower social groups,53.8,9.1,37.1,67,203.6,False
2021-22,Brent,NSSEC5,NS SEC 9: Students and other / unclassified,63.5,6.9,29.6,60,172.0,False
2021-22,Bromley,NSSEC5,NS SEC 1-2: Higher social groups,80.4,8.7,10.9,298,529.2,False
2021-22,Bromley,NSSEC5,NS SEC 3-5: Middle social groups,74.7,6.4,18.9,91,235.1,False
2021-22,Bromley,NSSEC5,NS SEC 6-8: Lower social groups,63.3,7.4,29.3,27,96.7,True
2021-22,Bromley,NSSEC5,NS SEC 9: Students and other / unclassified,60.4,6.9,32.7,24,77.5,True
2021-22,Camden,NSSEC5,NS SEC 1-2: Higher social groups,82.8,9.6,7.5,307,464.6,False
2021-22,Camden,NSSEC5,NS SEC 3-5: Middle social groups,57.0,8.4,34.6,63,120.9,False
2021-22,Camden,NSSEC5,NS SEC 6-8: Lower social groups,31.2,30.2,38.6,29,75.0,True
2021-22,Camden,NSSEC5,NS SEC 9: Students and other / unclassified,69.0,1.5,29.5,54,143.2,False
2021-22,City of London,NSSEC5,NS SEC 1-2: Higher social groups,50.4,22.7,26.8,165,21.4,False
2021-22,City of London,NSSEC5,NS SEC 3-5: Middle social groups,34.2,24.3,41.6,23,3.1,True
2021-22,City of London,NSSEC5,NS SEC 6-8: Lower social groups,9.3,35.0,55.7,14,3.6,True
2021-22,City of London,NSSEC5,NS SEC 9: Students and other / unclassified,74.1,25.9,0.0,6,1.3,True
2021-22,Croydon,NSSEC5,NS SEC 1-2: Higher social groups,70.5,11.1,18.4,281,543.8,False
2021-22,Croydon,NSSEC5,NS SEC 3-5: Middle social groups,59.0,13.3,27.7,94,256.6,False
2021-22,Croydon,NSSEC5,NS SEC 6-8: Lower social groups,53.3,17.4,29.4,49,175.2,False
2021-22,Croydon,NSSEC5,NS SEC 9: Students and other / unclassified,66.7,10.5,22.7,38,124.6,False
2021-22,Ealing,NSSEC5,NS SEC 1-2: Higher social groups,74.8,12.0,13.3,268,464.1,False
2021-22,Ealing,NSSEC5,NS SEC 3-5: Middle social groups,63.5,9.5,27.0,83,169.1,False
2021-22,Ealing,NSSEC5,NS SEC 6-8: Lower social groups,55.2,8.2,36.6,51,165.9,False
2021-22,Ealing,NSSEC5,NS SEC 9: Students and other / unclassified,66.8,10.2,23.0,48,171.1,False
2021-22,Enfield,NSSEC5,NS SEC 1-2: Higher social groups,70.9,9.4,19.6,234,380.4,False
2021-22,Enfield,NSSEC5,NS SEC 3-5: Middle social groups,65.7,11.0,23.3,90,166.4,False
2021-22,Enfield,NSSEC5,NS SEC 6-8: Lower social groups,60.1,6.3,33.6,67,200.6,False
2021-22,Enfield,NSSEC5,NS SEC 9: Students and other / unclassified,43.6,13.8,42.6,55,150.9,False
2021-22,Greenwich,NSSEC5,NS SEC 1-2: Higher social groups,70.4,12.0,17.6,305,421.7,False
2021-22,Greenwich,NSSEC5,NS SEC 3-5: Middle social groups,61.2,12.3,26.5,76,156.2,False
2021-22,Greenwich,NSSEC5,NS SEC 6-8: Lower social groups,41.1,13.6,45.3,56,158.2,False
2021-22,Greenwich,NSSEC5,NS SEC 9: Students and other / unclassified,60.6,6.8,32.7,32,83.5,False
2021-22,Hackney,NSSEC5,NS SEC 1-2: Higher social groups,81.6,7.4,11.0,331,470.0,False
2021-22,Hackney,NSSEC5,NS SEC 3-5: Middle social groups,76.0,6.4,17.6,69,129.6,False
2021-22,Hackney,NSSEC5,NS SEC 6-8: Lower social groups,31.5,20.7,47.9,40,105.2,False
2021-22,Hackney,NSSEC5,NS SEC 9: Students and other / unclassified,63.4,7.2,29.4,51,127.0,False
2021-22,Hammersmith and Fulham,NSSEC5,NS SEC 1-2: Higher social groups,81.2,7.1,11.8,329,288.5,False
2021-22,Hammersmith and Fulham,NSSEC5,NS SEC 3-5: Middle social groups,79.2,0.5,20.2,63,73.1,False
2021-22,Hammersmith and Fulham,NSSEC5,NS SEC 6-8: Lower social groups,56.0,8.8,35.2,42,58.4,False
2021-22,Hammersmith and Fulham,NSSEC5,NS SEC 9: Students and other / unclassified,71.6,8.1,20.3,65,131.8,False
2021-22,Haringey,NSSEC5,NS SEC 1-2: Higher social groups,76.6,11.6,11.8,287,388.3,False
2021-22,Haringey,NSSEC5,NS SEC 3-5: Middle social groups,65.8,13.2,20.9,69,105.9,False
2021-22,Haringey,NSSEC5,NS SEC 6-8: Lower social groups,47.0,15.3,37.7,49,120.4,False
2021-22,Haringey,NSSEC5,NS SEC 9: Students and other / unclassified,70.6,9.6,19.8,61,168.8,False
2021-22,Harrow,NSSEC5,NS SEC 1-2: Higher social groups,69.4,11.2,19.4,290,344.1,False
2021-22,Harrow,NSSEC5,NS SEC 3-5: Middle social groups,60.4,6.9,32.8,95,146.6,False
2021-22,Harrow,NSSEC5,NS SEC 6-8: Lower social groups,51.6,7.9,40.5,50,120.2,False
2021-22,Harrow,NSSEC5,NS SEC 9: Students and other / unclassified,66.2,8.8,25.0,36,106.7,False
2021-22,Havering,NSSEC5,NS SEC 1-2: Higher social groups,74.6,8.8,16.5,264,340.0,False
2021-22,Havering,NSSEC5,NS SEC 3-5: Middle social groups,69.0,10.9,20.1,118,197.1,False
2021-22,Havering,NSSEC5,NS SEC 6-8: Lower social groups,44.7,17.0,38.4,39,101.7,False
2021-22,Havering,NSSEC5,NS SEC 9: Students and other / unclassified,60.1,3.5,36.3,29,59.3,True
2021-22,Hillingdon,NSSEC5,NS SEC 1-2: Higher social groups,65.9,9.6,24.5,257,412.9,False
2021-22,Hillingdon,NSSEC5,NS SEC 3-5: Middle social groups,74.2,6.0,19.8,105,200.4,False
2021-22,Hillingdon,NSSEC5,NS SEC 6-8: Lower social groups,52.0,6.7,41.4,46,122.3,False
2021-22,Hillingdon,NSSEC5,NS SEC 9: Students and other / unclassified,68.0,6.0,26.0,45,135.3,False
2021-22,Hounslow,NSSEC5,NS SEC 1-2: Higher social groups,66.2,11.1,22.6,254,292.5,False
2021-22,Hounslow,NSSEC5,NS SEC 3-5: Middle social groups,62.3,9.0,28.7,93,175.0,False
2021-22,Hounslow,NSSEC5,NS SEC 6-8: Lower social groups,55.1,2.1,42.7,71,196.3,False
2021-22,Hounslow,NSSEC5,NS SEC 9: Students and other / unclassified,65.7,0.8,33.5,47,111.0,False
2021-22,Islington,NSSEC5,NS SEC 1-2: Higher social groups,77.2,12.6,10.2,334,429.2,False
2021-22,Islington,NSSEC5,NS SEC 3-5: Middle social groups,64.8,12.1,23.2,62,126.2,False
2021-22,Islington,NSSEC5,NS SEC 6-8: Lower social groups,56.3,6.8,36.9,42,92.7,False
2021-22,Islington,NSSEC5,NS SEC 9: Students and other / unclassified,75.1,7.9,17.0,46,111.7,False
2021-22,Kensington and Chelsea,NSSEC5,NS SEC 1-2: Higher social groups,70.1,11.9,17.9,269,216.7,False
2021-22,Kensington and Chelsea,NSSEC5,NS SEC 3-5: Middle social groups,61.9,18.9,19.2,85,87.6,False
2021-22,Kensington and Chelsea,NSSEC5,NS SEC 6-8: Lower social groups,43.6,13.4,43.0,41,61.7,False
2021-22,Kensington and Chelsea,NSSEC5,NS SEC 9: Students and other / unclassified,66.8,12.6,20.6,55,77.2,False
2021-22,Kingston upon Thames,NSSEC5,NS SEC 1-2: Higher social groups,75.7,14.2,10.2,301,282.0,False
2021-22,Kingston upon Thames,NSSEC5,NS SEC 3-5: Middle social groups,79.8,11.0,9.2,72,91.7,False
2021-22,Kingston upon Thames,NSSEC5,NS SEC 6-8: Lower social groups,52.7,8.4,39.0,30,56.9,False
2021-22,Kingston upon Thames,NSSEC5,NS SEC 9: Students and other / unclassified,89.9,1.5,8.6,38,75.1,False
2021-22,Lambeth,NSSEC5,NS SEC 1-2: Higher social groups,79.5,9.5,11.0,331,574.9,False
2021-22,Lambeth,NSSEC5,NS SEC 3-5: Middle social groups,64.2,3.9,31.9,68,155.8,False
2021-22,Lambeth,NSSEC5,NS SEC 6-8: Lower social groups,53.0,6.1,41.0,39,127.8,False
2021-22,Lambeth,NSSEC5,NS SEC 9: Students and other / unclassified,63.3,7.0,29.7,38,119.5,False
2021-22,Lewisham,NSSEC5,NS SEC 1-2: Higher social groups,79.9,10.5,9.6,335,472.8,False
2021-22,Lewisham,NSSEC5,NS SEC 3-5: Middle social groups,74.3,14.6,11.1,66,155.1,False
2021-22,Lewisham,NSSEC5,NS SEC 6-8: Lower social groups,53.2,9.6,37.2,52,148.2,False
2021-22,Lewisham,NSSEC5,NS SEC 9: Students and other / unclassified,59.6,13.9,26.5,37,111.6,False
2021-22,Merton,NSSEC5,NS SEC 1-2: Higher social groups,77.3,9.0,13.7,323,321.4,False
2021-22,Merton,NSSEC5,NS SEC 3-5: Middle social groups,65.0,6.5,28.5,67,105.6,False
2021-22,Merton,NSSEC5,NS SEC 6-8: Lower social groups,29.6,9.7,60.7,33,64.9,False
2021-22,Merton,NSSEC5,NS SEC 9: Students and other / unclassified,70.1,6.0,23.9,40,85.7,False
2021-22,Newham,NSSEC5,NS SEC 1-2: Higher social groups,73.8,8.8,17.4,252,399.1,False
2021-22,Newham,NSSEC5,NS SEC 3-5: Middle social groups,62.2,11.8,26.0,94,225.8,False
2021-22,Newham,NSSEC5,NS SEC 6-8: Lower social groups,56.2,12.4,31.4,88,266.6,False
2021-22,Newham,NSSEC5,NS SEC 9: Students and other / unclassified,52.1,9.5,38.4,53,140.8,False
2021-22,Redbridge,NSSEC5,NS SEC 1-2: Higher social groups,72.1,7.0,20.9,267,379.7,False
2021-22,Redbridge,NSSEC5,NS SEC 3-5: Middle social groups,64.3,10.2,25.6,95,208.0,False
2021-22,Redbridge,NSSEC5,NS SEC 6-8: Lower social groups,51.5,18.1,30.4,45,127.8,False
2021-22,Redbridge,NSSEC5,NS SEC 9: Students and other / unclassified,61.0,15.2,23.8,54,154.2,False
2021-22,Richmond upon Thames,NSSEC5,NS SEC 1-2: Higher social groups,82.9,5.5,11.7,306,344.5,False
2021-22,Richmond upon Thames,NSSEC5,NS SEC 3-5: Middle social groups,60.2,9.8,30.0,58,74.1,False
2021-22,Richmond upon Thames,NSSEC5,NS SEC 6-8: Lower social groups,64.7,17.4,18.0,20,39.9,True
2021-22,Richmond upon Thames,NSSEC5,NS SEC 9: Students and other / unclassified,81.9,7.3,10.8,39,78.6,False
2021-22,Southwark,NSSEC5,NS SEC 1-2: Higher social groups,75.5,8.2,16.3,322,508.3,False
2021-22,Southwark,NSSEC5,NS SEC 3-5: Middle social groups,73.9,8.7,17.4,64,134.0,False
2021-22,Southwark,NSSEC5,NS SEC 6-8: Lower social groups,45.7,9.5,44.7,61,160.1,False
2021-22,Southwark,NSSEC5,NS SEC 9: Students and other / unclassified,56.2,19.0,24.8,48,150.8,False
2021-22,Sutton,NSSEC5,NS SEC 1-2: Higher social groups,71.4,9.7,18.9,270,279.0,False
2021-22,Sutton,NSSEC5,NS SEC 3-5: Middle social groups,64.3,11.7,23.9,105,138.7,False
2021-22,Sutton,NSSEC5,NS SEC 6-8: Lower social groups,35.9,20.1,44.0,52,84.7,False
2021-22,Sutton,NSSEC5,NS SEC 9: Students and other / unclassified,67.5,0.0,32.5,40,63.4,False
2021-22,Tower Hamlets,NSSEC5,NS SEC 1-2: Higher social groups,73.8,14.6,11.6,363,536.2,False
2021-22,Tower Hamlets,NSSEC5,NS SEC 3-5: Middle social groups,54.9,12.2,33.0,67,159.4,False
2021-22,Tower Hamlets,NSSEC5,NS SEC 6-8: Lower social groups,55.7,9.7,34.6,51,157.7,False
2021-22,Tower Hamlets,NSSEC5,NS SEC 9: Students and other / unclassified,69.5,4.3,26.1,46,152.5,False
2021-22,Waltham Forest,NSSEC5,NS SEC 1-2: Higher social groups,72.7,11.5,15.7,295,378.4,False
2021-22,Waltham Forest,NSSEC5,NS SEC 3-5: Middle social groups,54.2,6.4,39.5,85,171.1,False
2021-22,Waltham Forest,NSSEC5,NS SEC 6-8: Lower social groups,71.1,10.9,18.0,48,128.9,False
2021-22,Waltham Forest,NSSEC5,NS SEC 9: Students and other / unclassified,62.8,3.5,33.7,39,99.3,False
2021-22,Wandsworth,NSSEC5,NS SEC 1-2: Higher social groups,80.7,9.3,10.0,341,655.2,False
2021-22,Wandsworth,NSSEC5,NS SEC 3-5: Middle social groups,71.1,9.2,19.8,67,155.0,False
2021-22,Wandsworth,NSSEC5,NS SEC 6-8: Lower social groups,61.9,8.7,29.5,26,82.6,True
2021-22,Wandsworth,NSSEC5,NS SEC 9: Students and other / unclassified,58.0,21.9,20.0,32,121.6,False
2021-22,Westminster,NSSEC5,NS SEC 1-2: Higher social groups,77.8,7.7,14.5,319,451.8,False
2021-22,Westminster,NSSEC5,NS SEC 3-5: Middle social groups,71.1,5.9,23.0,59,107.5,False
2021-22,Westminster,NSSEC5,NS SEC 6-8: Lower social groups,40.0,5.6,54.4,28,80.1,True
2021-22,Westminster,NSSEC5,NS SEC 9: Students and other / unclassified,72.8,13.7,13.5,59,156.9,False
2021-22,London,Educ6,Another type of qualification,52.4,9.4,38.2,555,1323.5,False
2021-22,London,Educ6,Level 1 and below,48.5,11.3,40.2,230,551.9,False
2021-22,London,Educ6,Level 2 and equivalents,60.9,10.9,28.1,1760,3434.7,False
2021-22,London,Educ6,Level 3 and equivalents,65.9,9.7,24.5,1715,3723.1,False
2021-22,London,Educ6,Level 4 or above,73.1,10.3,16.6,10662,16370.5,False
2021-22,London,Educ6,No qualifications,40.2,10.1,49.7,934,1533.0,False
2021-22,Barking and Dagenham,Educ6,Another type of qualification,38.0,0.0,62.0,15,26.0,True
2021-22,Barking and Dagenham,Educ6,Level 1 and below,11.7,22.5,65.7,9,16.6,True
2021-22,Barking and Dagenham,Educ6,Level 2 and equivalents,43.8,12.1,44.1,85,100.3,False
2021-22,Barking and Dagenham,Educ6,Level 3 and equivalents,62.8,5.0,32.1,61,100.7,False
2021-22,Barking and Dagenham,Educ6,Level 4 or above,65.3,8.1,26.6,245,272.0,False
2021-22,Barking and Dagenham,Educ6,No qualifications,54.0,3.9,42.1,76,61.9,False
2021-22,Barnet,Educ6,Another type of qualification,33.0,7.5,59.5,14,40.4,True
2021-22,Barnet,Educ6,Level 1 and below,79.5,0.0,20.5,2,7.1,True
2021-22,Barnet,Educ6,Level 2 and equivalents,48.0,25.8,26.2,54,155.1,False
2021-22,Barnet,Educ6,Level 3 and equivalents,64.9,9.9,25.2,53,168.1,False
2021-22,Barnet,Educ6,Level 4 or above,73.6,11.1,15.3,343,793.8,False
2021-22,Barnet,Educ6,No qualifications,33.5,10.9,55.6,28,57.9,True
2021-22,Bexley,Educ6,Another type of qualification,54.3,15.2,30.5,24,32.4,True
2021-22,Bexley,Educ6,Level 1 and below,48.6,34.1,17.3,10,22.4,True
2021-22,Bexley,Educ6,Level 2 and equivalents,56.0,7.7,36.3,101,178.1,False
2021-22,Bexley,Educ6,Level 3 and equivalents,68.4,11.9,19.7,84,174.7,False
2021-22,Bexley,Educ6,Level 4 or above,70.7,13.0,16.4,221,300.9,False
2021-22,Bexley,Educ6,No qualifications,45.4,9.4,45.2,31,34.8,False
2021-22,Brent,Educ6,Another type of qualification,48.7,12.5,38.9,19,47.2,True
2021-22,Brent,Educ6,Level 1 and below,51.4,0.0,48.6,11,29.2,True
2021-22,Brent,Educ6,Level 2 and equivalents,58.2,8.1,33.7,52,114.2,False
2021-22,Brent,Educ6,Level 3 and equivalents,59.4,12.5,28.0,52,130.3,False
2021-22,Brent,Educ6,Level 4 or above,63.8,13.2,23.0,327,606.5,False
2021-22,Brent,Educ6,No qualifications,53.9,2.3,43.8,26,42.2,True
2021-22,Bromley,Educ6,Another type of qualification,63.3,0.0,36.7,12,42.4,True
2021-22,Bromley,Educ6,Level 1 and below,22.2,0.0,77.8,6,16.6,True
2021-22,Bromley,Educ6,Level 2 and equivalents,66.4,15.7,17.9,76,187.4,False
2021-22,Bromley,Educ6,Level 3 and equivalents,78.8,2.8,18.4,62,140.4,False
2021-22,Bromley,Educ6,Level 4 or above,78.7,5.5,15.8,295,574.1,False
2021-22,Bromley,Educ6,No qualifications,56.1,18.9,25.1,27,50.8,True
2021-22,Camden,Educ6,Another type of qualification,79.6,0.0,20.4,18,50.1,True
2021-22,Camden,Educ6,Level 1 and below,65.2,0.0,34.8,2,4.2,True
2021-22,Camden,Educ6,Level 2 and equivalents,66.4,3.8,29.9,31,62.4,False
2021-22,Camden,Educ6,Level 3 and equivalents,43.9,15.4,40.6,44,101.2,False
2021-22,Camden,Educ6,Level 4 or above,78.8,10.1,11.1,380,632.9,False
2021-22,Camden,Educ6,No qualifications,5.9,15.8,78.3,16,28.2,True
2021-22,City of London,Educ6,Another type of qualification,0.0,0.0,100.0,4,1.0,True
2021-22,City of London,Educ6,Level 1 and below,100.0,0.0,0.0,1,0.2,True
2021-22,City of London,Educ6,Level 2 and equivalents,74.7,0.0,25.3,3,0.5,True
2021-22,City of London,Educ6,Level 3 and equivalents,37.5,28.5,34.0,10,2.7,True
2021-22,City of London,Educ6,Level 4 or above,36.0,20.8,43.2,224,31.1,False
2021-22,Croydon,Educ6,Another type of qualification,60.6,7.0,32.5,18,62.8,True
2021-22,Croydon,Educ6,Level 1 and below,82.0,0.0,18.0,4,13.5,True
2021-22,Croydon,Educ6,Level 2 and equivalents,69.4,7.6,23.0,65,173.1,False
2021-22,Croydon,Educ6,Level 3 and equivalents,53.9,10.0,36.1,73,221.1,False
2021-22,Croydon,Educ6,Level 4 or above,67.9,14.5,17.6,306,640.5,False
2021-22,Croydon,Educ6,No qualifications,33.8,30.7,35.5,18,31.5,True
2021-22,Ealing,Educ6,Another type of qualification,41.8,22.7,35.5,22,72.3,True
2021-22,Ealing,Educ6,Level 1 and below,51.9,0.0,48.1,7,25.4,True
2021-22,Ealing,Educ6,Level 2 and equivalents,59.4,12.5,28.1,49,134.6,False
2021-22,Ealing,Educ6,Level 3 and equivalents,80.6,3.1,16.3,47,117.2,False
2021-22,Ealing,Educ6,Level 4 or above,73.2,12.0,14.9,312,584.1,False
2021-22,Ealing,Educ6,No qualifications,46.1,3.5,50.4,26,59.3,True
2021-22,Enfield,Educ6,Another type of qualification,42.4,6.3,51.3,34,75.7,False
2021-22,Enfield,Educ6,Level 1 and below,26.2,7.8,66.1,7,15.0,True
2021-22,Enfield,Educ6,Level 2 and equivalents,59.8,8.6,31.6,77,177.5,False
2021-22,Enfield,Educ6,Level 3 and equivalents,71.2,13.7,15.0,67,167.6,False
2021-22,Enfield,Educ6,Level 4 or above,69.9,9.3,20.8,246,440.1,False
2021-22,Enfield,Educ6,No qualifications,40.0,4.0,56.0,53,83.4,False
2021-22,Greenwich,Educ6,Another type of qualification,34.5,12.3,53.2,12,36.7,True
2021-22,Greenwich,Educ6,Level 1 and below,51.8,20.4,27.8,13,37.6,True
2021-22,Greenwich,Educ6,Level 2 and equivalents,53.8,15.0,31.2,46,83.1,False
2021-22,Greenwich,Educ6,Level 3 and equivalents,61.5,12.4,26.1,58,114.2,False
2021-22,Greenwich,Educ6,Level 4 or above,69.4,12.2,18.4,326,524.3,False
2021-22,Greenwich,Educ6,No qualifications,31.9,4.1,64.1,27,50.0,True
2021-22,Hackney,Educ6,Another type of qualification,86.4,0.0,13.6,10,22.0,True
2021-22,Hackney,Educ6,Level 1 and below,22.5,0.0,77.5,2,3.5,True
2021-22,Hackney,Educ6,Level 2 and equivalents,52.1,2.7,45.2,37,71.8,False
2021-22,Hackney,Educ6,Level 3 and equivalents,58.1,9.1,32.8,46,108.0,False
2021-22,Hackney,Educ6,Level 4 or above,79.6,9.7,10.8,373,587.5,False
2021-22,Hackney,Educ6,No qualifications,33.8,22.9,43.3,31,61.0,False
2021-22,Hammersmith and Fulham,Educ6,Another type of qualification,48.5,2.7,48.8,23,29.7,True
2021-22,Hammersmith and Fulham,Educ6,Level 1 and below,100.0,0.0,0.0,2,5.7,True
2021-22,Hammersmith and Fulham,Educ6,Level 2 and equivalents,65.6,13.8,20.6,43,47.4,False
2021-22,Hammersmith and Fulham,Educ6,Level 3 and equivalents,74.1,5.9,20.0,45,89.4,False
2021-22,Hammersmith and Fulham,Educ6,Level 4 or above,79.4,7.0,13.5,383,379.3,False
2021-22,Hammersmith and Fulham,Educ6,No qualifications,43.6,3.0,53.4,21,22.2,True
2021-22,Haringey,Educ6,Another type of qualification,61.8,0.0,38.2,11,34.1,True
2021-22,Haringey,Educ6,Level 1 and below,84.2,0.0,15.8,9,21.1,True
2021-22,Haringey,Educ6,Level 2 and equivalents,61.0,17.8,21.2,43,108.4,False
2021-22,Haringey,Educ6,Level 3 and equivalents,68.6,6.6,24.8,44,99.3,False
2021-22,Haringey,Educ6,Level 4 or above,73.2,12.8,14.0,343,483.0,False
2021-22,Haringey,Educ6,No qualifications,35.5,4.9,59.6,21,42.1,True
2021-22,Harrow,Educ6,Another type of qualification,67.4,8.7,23.9,19,36.1,True
2021-22,Harrow,Educ6,Level 1 and below,88.1,0.0,11.9,3,4.3,True
2021-22,Harrow,Educ6,Level 2 and equivalents,55.5,13.7,30.8,51,80.1,False
2021-22,Harrow,Educ6,Level 3 and equivalents,79.1,7.5,13.4,55,108.9,False
2021-22,Harrow,Educ6,Level 4 or above,62.9,9.8,27.3,335,478.2,False
2021-22,Harrow,Educ6,No qualifications,45.5,5.4,49.1,41,57.3,False
2021-22,Havering,Educ6,Another type of qualification,56.9,10.5,32.6,19,52.2,True
2021-22,Havering,Educ6,Level 1 and below,65.3,7.7,27.0,16,28.6,True
2021-22,Havering,Educ6,Level 2 and equivalents,60.4,14.1,25.5,102,152.1,False
2021-22,Havering,Educ6,Level 3 and equivalents,72.4,9.7,17.9,85,147.5,False
2021-22,Havering,Educ6,Level 4 or above,66.2,10.5,23.3,225,322.4,False
2021-22,Havering,Educ6,No qualifications,37.3,8.3,54.4,49,78.0,False
2021-22,Hillingdon,Educ6,Another type of qualification,55.1,5.9,39.0,28,82.7,True
2021-22,Hillingdon,Educ6,Level 1 and below,31.2,18.8,50.0,15,31.0,True
2021-22,Hillingdon,Educ6,Level 2 and equivalents,69.8,6.5,23.7,91,157.3,False
2021-22,Hillingdon,Educ6,Level 3 and equivalents,68.1,5.8,26.1,62,174.6,False
2021-22,Hillingdon,Educ6,Level 4 or above,69.7,8.8,21.5,242,402.0,False
2021-22,Hillingdon,Educ6,No qualifications,35.5,20.6,43.9,33,53.2,False
2021-22,Hounslow,Educ6,Another type of qualification,35.3,9.4,55.3,28,50.3,True
2021-22,Hounslow,Educ6,Level 1 and below,46.9,12.0,41.1,9,16.3,True
2021-22,Hounslow,Educ6,Level 2 and equivalents,52.3,15.6,32.1,66,113.0,False
2021-22,Hounslow,Educ6,Level 3 and equivalents,65.3,1.5,33.2,48,111.3,False
2021-22,Hounslow,Educ6,Level 4 or above,67.2,7.4,25.4,297,451.7,False
2021-22,Hounslow,Educ6,No qualifications,31.8,2.9,65.3,25,36.0,True
2021-22,Islington,Educ6,Another type of qualification,33.5,23.7,42.7,12,34.0,True
2021-22,Islington,Educ6,Level 1 and below,0.0,24.9,75.1,2,3.9,True
2021-22,Islington,Educ6,Level 2 and equivalents,70.9,5.2,23.9,45,83.4,False
2021-22,Islington,Educ6,Level 3 and equivalents,79.2,7.0,13.7,39,73.4,False
2021-22,Islington,Educ6,Level 4 or above,77.9,11.4,10.7,377,543.5,False
2021-22,Islington,Educ6,No qualifications,20.2,15.9,63.9,22,39.6,True
2021-22,Kensington and Chelsea,Educ6,Another type of qualification,25.9,27.4,46.7,12,18.8,True
2021-22,Kensington and Chelsea,Educ6,Level 1 and below,59.2,0.0,40.8,2,2.1,True
2021-22,Kensington and Chelsea,Educ6,Level 2 and equivalents,70.4,9.9,19.6,35,36.0,False
2021-22,Kensington and Chelsea,Educ6,Level 3 and equivalents,68.6,10.4,21.0,50,61.2,False
2021-22,Kensington and Chelsea,Educ6,Level 4 or above,66.9,13.4,19.7,373,351.7,False
2021-22,Kensington and Chelsea,Educ6,No qualifications,14.6,8.0,77.4,24,20.9,True
2021-22,Kingston upon Thames,Educ6,Another type of qualification,67.5,2.4,30.1,20,21.2,True
2021-22,Kingston upon Thames,Educ6,Level 1 and below,88.9,0.0,11.1,5,10.5,True
2021-22,Kingston upon Thames,Educ6,Level 2 and equivalents,73.0,9.0,18.0,54,63.8,False
2021-22,Kingston upon Thames,Educ6,Level 3 and equivalents,83.4,8.0,8.6,51,69.9,False
2021-22,Kingston upon Thames,Educ6,Level 4 or above,75.1,13.2,11.7,331,360.8,False
2021-22,Kingston upon Thames,Educ6,No qualifications,40.1,12.1,47.7,18,21.2,True
2021-22,Lambeth,Educ6,Another type of qualification,7.4,27.5,65.1,6,13.1,True
2021-22,Lambeth,Educ6,Level 1 and below,65.0,0.0,35.0,6,16.0,True
2021-22,Lambeth,Educ6,Level 2 and equivalents,71.5,4.0,24.5,34,90.5,False
2021-22,Lambeth,Educ6,Level 3 and equivalents,70.5,10.9,18.5,35,104.1,False
2021-22,Lambeth,Educ6,Level 4 or above,75.1,9.0,16.0,384,723.9,False
2021-22,Lambeth,Educ6,No qualifications,26.0,18.2,55.8,23,51.0,True
2021-22,Lewisham,Educ6,Another type of qualification,44.7,40.4,14.9,15,33.1,True
2021-22,Lewisham,Educ6,Level 1 and below,57.8,21.7,20.5,6,18.8,True
2021-22,Lewisham,Educ6,Level 2 and equivalents,55.7,3.3,41.0,41,100.9,False
2021-22,Lewisham,Educ6,Level 3 and equivalents,72.8,18.4,8.7,40,101.4,False
2021-22,Lewisham,Educ6,Level 4 or above,79.2,9.5,11.3,373,588.2,False
2021-22,Lewisham,Educ6,No qualifications,48.6,11.0,40.5,33,75.4,False
2021-22,Merton,Educ6,Another type of qualification,41.8,7.1,51.1,18,25.9,True
2021-22,Merton,Educ6,Level 1 and below,85.0,0.0,15.0,7,12.7,True
2021-22,Merton,Educ6,Level 2 and equivalents,52.6,14.6,32.8,34,48.9,False
2021-22,Merton,Educ6,Level 3 and equivalents,56.3,7.5,36.1,51,80.9,False
2021-22,Merton,Educ6,Level 4 or above,74.4,9.4,16.2,348,392.9,False
2021-22,Merton,Educ6,No qualifications,53.0,4.1,43.0,29,48.5,True
2021-22,Newham,Educ6,Another type of qualification,70.2,0.0,29.8,23,61.0,True
2021-22,Newham,Educ6,Level 1 and below,10.5,21.4,68.1,13,37.9,True
2021-22,Newham,Educ6,Level 2 and equivalents,64.0,11.0,25.0,58,188.2,False
2021-22,Newham,Educ6,Level 3 and equivalents,58.6,10.7,30.7,59,127.7,False
2021-22,Newham,Educ6,Level 4 or above,70.9,10.1,19.0,293,523.2,False
2021-22,Newham,Educ6,No qualifications,47.5,14.0,38.4,31,76.9,False
2021-22,Redbridge,Educ6,Another type of qualification,56.0,6.4,37.6,22,59.8,True
2021-22,Redbridge,Educ6,Level 1 and below,72.8,18.0,9.2,13,46.8,True
2021-22,Redbridge,Educ6,Level 2 and equivalents,60.3,11.4,28.2,71,145.7,False
2021-22,Redbridge,Educ6,Level 3 and equivalents,62.1,11.7,26.2,66,147.0,False
2021-22,Redbridge,Educ6,Level 4 or above,67.0,11.9,21.2,283,448.4,False
2021-22,Redbridge,Educ6,No qualifications,42.3,1.7,56.0,27,49.8,True
2021-22,Richmond upon Thames,Educ6,Another type of qualification,27.0,10.3,62.7,11,18.4,True
2021-22,Richmond upon Thames,Educ6,Level 1 and below,38.3,5.5,56.2,6,9.7,True
2021-22,Richmond upon Thames,Educ6,Level 2 and equivalents,76.4,2.1,21.5,32,50.3,False
2021-22,Richmond upon Thames,Educ6,Level 3 and equivalents,66.3,12.6,21.1,54,79.2,False
2021-22,Richmond upon Thames,Educ6,Level 4 or above,80.6,7.1,12.4,344,417.3,False
2021-22,Richmond upon Thames,Educ6,No qualifications,40.3,20.0,39.7,12,16.0,True
2021-22,Southwark,Educ6,Another type of qualification,40.9,26.1,33.0,8,23.9,True
2021-22,Southwark,Educ6,Level 1 and below,23.8,0.0,76.2,9,26.6,True
2021-22,Southwark,Educ6,Level 2 and equivalents,45.6,21.9,32.5,43,84.2,False
2021-22,Southwark,Educ6,Level 3 and equivalents,52.2,4.8,42.9,38,92.2,False
2021-22,Southwark,Educ6,Level 4 or above,78.1,7.9,14.0,372,669.7,False
2021-22,Southwark,Educ6,No qualifications,40.3,14.1,45.7,35,83.0,False
2021-22,Sutton,Educ6,Another type of qualification,55.3,21.9,22.8,20,43.2,True
2021-22,Sutton,Educ6,Level 1 and below,57.1,0.0,42.9,13,17.9,True
2021-22,Sutton,Educ6,Level 2 and equivalents,66.9,6.3,26.8,100,122.3,False
2021-22,Sutton,Educ6,Level 3 and equivalents,61.7,14.0,24.3,68,102.1,False
2021-22,Sutton,Educ6,Level 4 or above,70.0,9.5,20.5,261,280.2,False
2021-22,Sutton,Educ6,No qualifications,17.1,17.0,65.9,37,34.8,False
2021-22,Tower Hamlets,Educ6,Another type of qualification,51.4,18.7,29.9,14,36.2,True
2021-22,Tower Hamlets,Educ6,Level 1 and below,49.7,17.8,32.5,4,13.3,True
2021-22,Tower Hamlets,Educ6,Level 2 and equivalents,53.7,10.9,35.5,39,105.8,False
2021-22,Tower Hamlets,Educ6,Level 3 and equivalents,59.0,11.5,29.6,47,112.5,False
2021-22,Tower Hamlets,Educ6,Level 4 or above,73.7,12.5,13.8,397,681.1,False
2021-22,Tower Hamlets,Educ6,No qualifications,48.0,0.7,51.2,32,58.9,False
2021-22,Waltham Forest,Educ6,Another type of qualification,54.0,2.6,43.4,16,47.1,True
2021-22,Waltham Forest,Educ6,Level 1 and below,24.3,9.1,66.6,7,13.0,True
2021-22,Waltham Forest,Educ6,Level 2 and equivalents,59.3,10.8,29.9,60,105.5,False
2021-22,Waltham Forest,Educ6,Level 3 and equivalents,77.7,6.7,15.5,54,128.3,False
2021-22,Waltham Forest,Educ6,Level 4 or above,68.8,11.9,19.3,318,466.2,False
2021-22,Waltham Forest,Educ6,No qualifications,47.5,10.0,42.5,24,36.7,True
2021-22,Wandsworth,Educ6,Another type of qualification,66.5,0.0,33.5,15,64.8,True
2021-22,Wandsworth,Educ6,Level 1 and below,22.7,33.5,43.8,3,12.4,True
2021-22,Wandsworth,Educ6,Level 2 and equivalents,73.7,10.5,15.8,22,56.5,True
2021-22,Wandsworth,Educ6,Level 3 and equivalents,59.9,13.3,26.8,38,92.2,False
2021-22,Wandsworth,Educ6,Level 4 or above,80.1,10.4,9.4,377,763.5,False
2021-22,Wandsworth,Educ6,No qualifications,46.6,11.2,42.2,16,35.6,True
2021-22,Westminster,Educ6,Another type of qualification,65.4,0.0,34.6,13,28.8,True
2021-22,Westminster,Educ6,Level 1 and below,18.7,19.8,61.5,6,12.0,True
2021-22,Westminster,Educ6,Level 2 and equivalents,81.0,3.8,15.2,20,56.0,True
2021-22,Westminster,Educ6,Level 3 and equivalents,53.3,20.7,25.9,29,73.6,True
2021-22,Westminster,Educ6,Level 4 or above,74.7,7.5,17.9,408,655.4,False
2021-22,Westminster,Educ6,No qualifications,46.1,4.5,49.3,22,35.2,True
2021-22,London,Orient4,Bisexual,73.5,3.9,22.6,162,339.4,False
2021-22,London,Orient4,Gay or Lesbian,80.3,6.5,13.2,275,453.8,False
2021-22,London,Orient4,Heterosexual or Straight,66.9,10.8,22.4,5426,9317.4,False
2021-22,London,Orient4,Other sexual orientation,69.3,4.8,26.0,39,74.6,False
2021-22,Barking and Dagenham,Orient4,Bisexual,36.4,0.0,63.6,6,10.4,True
2021-22,Barking and Dagenham,Orient4,Gay or Lesbian,83.7,0.0,16.3,3,4.0,True
2021-22,Barking and Dagenham,Orient4,Heterosexual or Straight,57.2,10.9,31.9,178,235.6,False
2021-22,Barking and Dagenham,Orient4,Other sexual orientation,100.0,0.0,0.0,2,4.1,True
2021-22,Barnet,Orient4,Bisexual,47.8,0.0,52.2,2,2.5,True
2021-22,Barnet,Orient4,Gay or Lesbian,93.4,0.0,6.6,6,17.7,True
2021-22,Barnet,Orient4,Heterosexual or Straight,64.2,12.8,23.0,167,426.8,False
2021-22,Barnet,Orient4,Other sexual orientation,40.1,0.0,59.9,3,4.5,True
2021-22,Bexley,Orient4,Bisexual,77.1,0.0,22.9,4,5.5,True
2021-22,Bexley,Orient4,Heterosexual or Straight,65.4,9.9,24.7,170,281.4,False
2021-22,Bexley,Orient4,Other sexual orientation,0.0,0.0,100.0,1,1.0,True
2021-22,Brent,Orient4,Bisexual,65.8,0.0,34.2,6,15.0,True
2021-22,Brent,Orient4,Gay or Lesbian,85.4,14.6,0.0,5,4.7,True
2021-22,Brent,Orient4,Heterosexual or Straight,60.2,12.3,27.5,177,380.0,False
2021-22,Brent,Orient4,Other sexual orientation,100.0,0.0,0.0,1,2.1,True
2021-22,Bromley,Orient4,Bisexual,100.0,0.0,0.0,2,3.9,True
2021-22,Bromley,Orient4,Gay or Lesbian,94.3,0.0,5.7,6,18.7,True
2021-22,Bromley,Orient4,Heterosexual or Straight,78.7,8.7,12.6,168,349.9,False
2021-22,Camden,Orient4,Bisexual,32.7,0.0,67.3,6,21.1,True
2021-22,Camden,Orient4,Gay or Lesbian,75.7,0.0,24.3,12,15.0,True
2021-22,Camden,Orient4,Heterosexual or Straight,66.6,13.3,20.0,146,252.7,False
2021-22,Camden,Orient4,Other sexual orientation,100.0,0.0,0.0,4,8.0,True
2021-22,City of London,Orient4,Bisexual,45.0,55.0,0.0,3,0.6,True
2021-22,City of London,Orient4,Gay or Lesbian,89.4,0.0,10.6,16,2.2,True
2021-22,City of London,Orient4,Heterosexual or Straight,17.8,28.0,54.2,105,15.4,False
2021-22,Croydon,Orient4,Bisexual,100.0,0.0,0.0,1,1.1,True
2021-22,Croydon,Orient4,Gay or Lesbian,84.3,4.5,11.2,11,33.1,True
2021-22,Croydon,Orient4,Heterosexual or Straight,63.0,13.6,23.4,175,410.5,False
2021-22,Croydon,Orient4,Other sexual orientation,0.0,0.0,100.0,1,0.9,True
2021-22,Ealing,Orient4,Bisexual,100.0,0.0,0.0,3,9.1,True
2021-22,Ealing,Orient4,Gay or Lesbian,65.0,16.9,18.1,8,12.2,True
2021-22,Ealing,Orient4,Heterosexual or Straight,68.7,13.7,17.6,143,311.5,False
2021-22,Ealing,Orient4,Other sexual orientation,20.5,0.0,79.5,3,7.8,True
2021-22,Enfield,Orient4,Bisexual,66.8,14.7,18.4,6,14.8,True
2021-22,Enfield,Orient4,Gay or Lesbian,30.9,0.0,69.1,2,2.7,True
2021-22,Enfield,Orient4,Heterosexual or Straight,64.5,10.8,24.7,166,332.2,False
2021-22,Enfield,Orient4,Other sexual orientation,0.0,0.0,100.0,1,1.4,True
2021-22,Greenwich,Orient4,Bisexual,81.9,0.0,18.1,5,6.9,True
2021-22,Greenwich,Orient4,Gay or Lesbian,80.5,19.5,0.0,9,13.6,True
2021-22,Greenwich,Orient4,Heterosexual or Straight,57.3,12.1,30.5,163,290.0,False
2021-22,Hackney,Orient4,Bisexual,97.8,2.2,0.0,8,26.0,True
2021-22,Hackney,Orient4,Gay or Lesbian,82.0,1.9,16.2,19,29.3,True
2021-22,Hackney,Orient4,Heterosexual or Straight,72.9,9.7,17.4,163,265.2,False
2021-22,Hackney,Orient4,Other sexual orientation,44.6,55.4,0.0,2,5.4,True
2021-22,Hammersmith and Fulham,Orient4,Bisexual,88.1,0.0,11.9,2,2.4,True
2021-22,Hammersmith and Fulham,Orient4,Gay or Lesbian,79.4,10.2,10.4,17,28.4,True
2021-22,Hammersmith and Fulham,Orient4,Heterosexual or Straight,79.0,4.7,16.3,153,162.6,False
2021-22,Haringey,Orient4,Bisexual,45.4,0.0,54.6,5,11.4,True
2021-22,Haringey,Orient4,Gay or Lesbian,72.9,13.6,13.5,13,23.9,True
2021-22,Haringey,Orient4,Heterosexual or Straight,71.9,13.0,15.1,160,242.6,False
2021-22,Harrow,Orient4,Bisexual,100.0,0.0,0.0,1,2.3,True
2021-22,Harrow,Orient4,Gay or Lesbian,100.0,0.0,0.0,1,2.4,True
2021-22,Harrow,Orient4,Heterosexual or Straight,66.6,8.6,24.9,175,260.9,False
2021-22,Harrow,Orient4,Other sexual orientation,100.0,0.0,0.0,2,3.0,True
2021-22,Havering,Orient4,Bisexual,88.0,0.0,12.0,5,4.8,True
2021-22,Havering,Orient4,Heterosexual or Straight,58.7,12.7,28.7,181,290.6,False
2021-22,Havering,Orient4,Other sexual orientation,0.0,0.0,100.0,1,2.0,True
2021-22,Hillingdon,Orient4,Gay or Lesbian,100.0,0.0,0.0,2,4.7,True
2021-22,Hillingdon,Orient4,Heterosexual or Straight,56.1,8.5,35.4,176,316.9,False
2021-22,Hillingdon,Orient4,Other sexual orientation,100.0,0.0,0.0,2,6.2,True
2021-22,Hounslow,Orient4,Bisexual,96.4,0.0,3.6,5,16.9,True
2021-22,Hounslow,Orient4,Gay or Lesbian,36.3,25.4,38.3,5,4.8,True
2021-22,Hounslow,Orient4,Heterosexual or Straight,71.1,3.9,25.0,161,271.2,False
2021-22,Islington,Orient4,Bisexual,88.6,0.0,11.4,5,6.5,True
2021-22,Islington,Orient4,Gay or Lesbian,80.9,0.0,19.1,13,20.2,True
2021-22,Islington,Orient4,Heterosexual or Straight,75.0,10.8,14.2,171,276.0,False
2021-22,Islington,Orient4,Other sexual orientation,33.9,0.0,66.1,2,2.0,True
2021-22,Kensington and Chelsea,Orient4,Bisexual,38.7,47.6,13.7,4,2.6,True
2021-22,Kensington and Chelsea,Orient4,Gay or Lesbian,71.7,0.0,28.3,8,7.6,True
2021-22,Kensington and Chelsea,Orient4,Heterosexual or Straight,59.0,14.3,26.7,182,194.5,False
2021-22,Kensington and Chelsea,Orient4,Other sexual orientation,100.0,0.0,0.0,1,1.2,True
2021-22,Kingston upon Thames,Orient4,Bisexual,100.0,0.0,0.0,7,11.9,True
2021-22,Kingston upon Thames,Orient4,Gay or Lesbian,90.1,0.0,9.9,5,9.8,True
2021-22,Kingston upon Thames,Orient4,Heterosexual or Straight,73.3,14.1,12.5,172,202.7,False
2021-22,Kingston upon Thames,Orient4,Other sexual orientation,56.2,0.0,43.8,3,4.3,True
2021-22,Lambeth,Orient4,Bisexual,100.0,0.0,0.0,4,9.5,True
2021-22,Lambeth,Orient4,Gay or Lesbian,67.5,14.8,17.7,17,28.0,True
2021-22,Lambeth,Orient4,Heterosexual or Straight,71.8,10.4,17.9,158,336.8,False
2021-22,Lambeth,Orient4,Other sexual orientation,100.0,0.0,0.0,1,0.7,True
2021-22,Lewisham,Orient4,Bisexual,65.6,0.0,34.4,9,15.4,True
2021-22,Lewisham,Orient4,Gay or Lesbian,94.4,3.2,2.3,13,21.6,True
2021-22,Lewisham,Orient4,Heterosexual or Straight,68.7,13.3,18.0,158,319.6,False
2021-22,Lewisham,Orient4,Other sexual orientation,100.0,0.0,0.0,1,1.9,True
2021-22,Merton,Orient4,Bisexual,100.0,0.0,0.0,4,9.5,True
2021-22,Merton,Orient4,Gay or Lesbian,74.5,25.5,0.0,5,5.7,True
2021-22,Merton,Orient4,Heterosexual or Straight,66.9,7.9,25.2,166,205.2,False
2021-22,Newham,Orient4,Bisexual,57.1,6.6,36.3,7,13.6,True
2021-22,Newham,Orient4,Gay or Lesbian,95.7,4.3,0.0,10,18.7,True
2021-22,Newham,Orient4,Heterosexual or Straight,64.4,12.3,23.3,161,327.2,False
2021-22,Redbridge,Orient4,Bisexual,46.2,53.8,0.0,6,9.7,True
2021-22,Redbridge,Orient4,Gay or Lesbian,100.0,0.0,0.0,2,3.9,True
2021-22,Redbridge,Orient4,Heterosexual or Straight,64.2,11.5,24.3,167,349.8,False
2021-22,Redbridge,Orient4,Other sexual orientation,100.0,0.0,0.0,1,6.0,True
2021-22,Richmond upon Thames,Orient4,Bisexual,63.5,0.0,36.5,2,6.3,True
2021-22,Richmond upon Thames,Orient4,Gay or Lesbian,100.0,0.0,0.0,1,1.0,True
2021-22,Richmond upon Thames,Orient4,Heterosexual or Straight,73.3,8.5,18.3,147,197.5,False
2021-22,Southwark,Orient4,Bisexual,17.5,0.0,82.5,5,11.2,True
2021-22,Southwark,Orient4,Gay or Lesbian,92.9,0.0,7.1,13,24.0,True
2021-22,Southwark,Orient4,Heterosexual or Straight,60.6,13.3,26.0,165,327.7,False
2021-22,Southwark,Orient4,Other sexual orientation,31.1,0.0,68.9,2,2.3,True
2021-22,Sutton,Orient4,Bisexual,69.9,0.0,30.1,4,9.5,True
2021-22,Sutton,Orient4,Gay or Lesbian,18.4,0.0,81.6,2,3.9,True
2021-22,Sutton,Orient4,Heterosexual or Straight,68.4,7.8,23.8,162,181.5,False
2021-22,Tower Hamlets,Orient4,Bisexual,78.2,0.0,21.8,12,28.2,True
2021-22,Tower Hamlets,Orient4,Gay or Lesbian,92.6,0.0,7.4,17,29.3,True
2021-22,Tower Hamlets,Orient4,Heterosexual or Straight,63.5,11.8,24.7,204,395.1,False
2021-22,Tower Hamlets,Orient4,Other sexual orientation,100.0,0.0,0.0,1,0.4,True
2021-22,Waltham Forest,Orient4,Bisexual,58.0,0.0,42.0,4,11.0,True
2021-22,Waltham Forest,Orient4,Gay or Lesbian,58.9,22.8,18.3,9,12.5,True
2021-22,Waltham Forest,Orient4,Heterosexual or Straight,70.6,11.2,18.2,156,256.2,False
2021-22,Waltham Forest,Orient4,Other sexual orientation,76.4,0.0,23.6,2,2.0,True
2021-22,Wandsworth,Orient4,Bisexual,93.9,6.1,0.0,10,23.8,True
2021-22,Wandsworth,Orient4,Gay or Lesbian,59.6,15.6,24.7,13,29.9,True
2021-22,Wandsworth,Orient4,Heterosexual or Straight,82.9,4.4,12.8,160,354.5,False
2021-22,Wandsworth,Orient4,Other sexual orientation,100.0,0.0,0.0,1,7.0,True
2021-22,Westminster,Orient4,Bisexual,91.4,8.6,0.0,9,15.9,True
2021-22,Westminster,Orient4,Gay or Lesbian,83.7,0.0,16.3,12,20.6,True
2021-22,Westminster,Orient4,Heterosexual or Straight,67.5,8.3,24.2,170,297.2,False
2021-22,Westminster,Orient4,Other sexual orientation,0.0,100.0,0.0,1,0.6,True
2021-22,London,Relig7,Any other religion,56.8,8.4,34.8,97,160.1,False
2021-22,London,Relig7,Buddhist,67.2,5.7,27.1,72,125.4,False
2021-22,London,Relig7,Christian,64.1,12.5,23.4,2265,3582.5,False
2021-22,London,Relig7,Hindu,65.0,8.4,26.6,305,613.2,False
2021-22,London,Relig7,Jewish,68.9,11.0,20.1,108,191.5,False
2021-22,London,Relig7,Muslim,54.9,11.8,33.3,540,1271.8,False
2021-22,London,Relig7,No religion,75.7,8.8,15.6,2251,3783.2,False
2021-22,London,Relig7,Sikh,71.0,3.0,26.0,54,122.9,False
2021-22,Barking and Dagenham,Relig7,Any other religion,100.0,0.0,0.0,2,1.6,True
2021-22,Barking and Dagenham,Relig7,Buddhist,33.6,0.0,66.4,2,1.8,True
2021-22,Barking and Dagenham,Relig7,Christian,61.1,8.8,30.1,74,102.9,False
2021-22,Barking and Dagenham,Relig7,Hindu,86.3,0.0,13.7,14,18.5,True
2021-22,Barking and Dagenham,Relig7,Jewish,0.0,0.0,100.0,1,1.7,True
2021-22,Barking and Dagenham,Relig7,Muslim,42.3,16.7,41.0,43,65.3,False
2021-22,Barking and Dagenham,Relig7,No religion,62.9,10.7,26.4,34,43.0,False
2021-22,Barking and Dagenham,Relig7,Sikh,81.8,18.2,0.0,5,3.4,True
2021-22,Barnet,Relig7,Any other religion,26.0,0.0,74.0,6,11.7,True
2021-22,Barnet,Relig7,Buddhist,43.5,24.7,31.9,3,10.2,True
2021-22,Barnet,Relig7,Christian,64.3,16.8,18.9,64,172.4,False
2021-22,Barnet,Relig7,Hindu,64.2,26.2,9.6,13,30.2,True
2021-22,Barnet,Relig7,Jewish,65.6,11.1,23.4,32,63.6,False
2021-22,Barnet,Relig7,Muslim,20.4,0.0,79.6,6,20.0,True
2021-22,Barnet,Relig7,No religion,79.1,4.7,16.2,55,134.7,False
2021-22,Barnet,Relig7,Sikh,0.0,100.0,0.0,1,1.7,True
2021-22,Bexley,Relig7,Any other religion,0.0,0.0,100.0,1,1.4,True
2021-22,Bexley,Relig7,Buddhist,100.0,0.0,0.0,2,2.9,True
2021-22,Bexley,Relig7,Christian,65.2,11.1,23.7,89,154.6,False
2021-22,Bexley,Relig7,Hindu,97.0,0.0,3.0,9,13.6,True
2021-22,Bexley,Relig7,Muslim,49.7,7.0,43.3,9,14.5,True
2021-22,Bexley,Relig7,No religion,64.5,10.1,25.4,57,91.4,False
2021-22,Bexley,Relig7,Sikh,0.0,0.0,100.0,2,2.4,True
2021-22,Brent,Relig7,Any other religion,13.2,0.0,86.8,6,9.7,True
2021-22,Brent,Relig7,Buddhist,100.0,0.0,0.0,1,0.6,True
2021-22,Brent,Relig7,Christian,52.5,10.0,37.5,56,107.1,False
2021-22,Brent,Relig7,Hindu,67.5,6.9,25.5,39,96.1,False
2021-22,Brent,Relig7,Jewish,100.0,0.0,0.0,2,6.7,True
2021-22,Brent,Relig7,Muslim,41.7,20.9,37.3,31,77.0,False
2021-22,Brent,Relig7,No religion,71.6,8.0,20.4,50,103.8,False
2021-22,Brent,Relig7,Sikh,0.0,100.0,0.0,1,1.4,True
2021-22,Bromley,Relig7,Any other religion,100.0,0.0,0.0,1,1.3,True
2021-22,Bromley,Relig7,Christian,73.9,4.1,22.0,81,182.4,False
2021-22,Bromley,Relig7,Hindu,100.0,0.0,0.0,3,7.4,True
2021-22,Bromley,Relig7,Muslim,100.0,0.0,0.0,4,13.7,True
2021-22,Bromley,Relig7,No religion,74.5,14.7,10.8,79,155.0,False
2021-22,Camden,Relig7,Any other religion,100.0,0.0,0.0,3,4.9,True
2021-22,Camden,Relig7,Buddhist,43.9,29.3,26.8,3,4.0,True
2021-22,Camden,Relig7,Christian,64.7,10.5,24.8,53,99.7,False
2021-22,Camden,Relig7,Hindu,38.2,0.0,61.8,2,2.1,True
2021-22,Camden,Relig7,Jewish,33.8,50.3,15.9,4,8.6,True
2021-22,Camden,Relig7,Muslim,23.9,7.8,68.3,7,25.2,True
2021-22,Camden,Relig7,No religion,78.0,8.0,14.0,92,146.4,False
2021-22,City of London,Relig7,Buddhist,0.0,0.0,100.0,1,0.1,True
2021-22,City of London,Relig7,Christian,11.9,28.8,59.3,87,13.1,False
2021-22,City of London,Relig7,Jewish,100.0,0.0,0.0,1,0.1,True
2021-22,City of London,Relig7,No religion,69.1,17.1,13.8,35,4.9,False
2021-22,Croydon,Relig7,Any other religion,24.1,0.0,75.9,4,19.6,True
2021-22,Croydon,Relig7,Buddhist,64.9,0.0,35.1,2,6.1,True
2021-22,Croydon,Relig7,Christian,61.1,16.6,22.3,66,153.9,False
2021-22,Croydon,Relig7,Hindu,71.1,19.9,9.1,13,25.6,True
2021-22,Croydon,Relig7,Jewish,100.0,0.0,0.0,1,2.6,True
2021-22,Croydon,Relig7,Muslim,53.0,18.2,28.8,10,27.6,True
2021-22,Croydon,Relig7,No religion,69.0,10.4,20.5,82,188.8,False
2021-22,Ealing,Relig7,Any other religion,74.5,25.5,0.0,4,8.1,True
2021-22,Ealing,Relig7,Buddhist,100.0,0.0,0.0,1,1.2,True
2021-22,Ealing,Relig7,Christian,64.5,7.5,28.0,58,126.1,False
2021-22,Ealing,Relig7,Hindu,63.4,25.4,11.3,12,32.8,True
2021-22,Ealing,Relig7,Jewish,0.0,100.0,0.0,1,1.3,True
2021-22,Ealing,Relig7,Muslim,72.0,14.9,13.1,22,61.1,True
2021-22,Ealing,Relig7,No religion,64.0,21.6,14.3,52,84.4,False
2021-22,Ealing,Relig7,Sikh,66.6,0.0,33.4,7,25.4,True
2021-22,Enfield,Relig7,Any other religion,0.0,45.5,54.5,4,8.7,True
2021-22,Enfield,Relig7,Christian,74.2,5.9,19.9,82,162.9,False
2021-22,Enfield,Relig7,Hindu,12.4,16.9,70.8,5,9.9,True
2021-22,Enfield,Relig7,Jewish,51.9,0.0,48.1,3,3.8,True
2021-22,Enfield,Relig7,Muslim,50.5,3.8,45.7,20,52.2,True
2021-22,Enfield,Relig7,No religion,75.1,8.0,16.9,53,103.5,False
2021-22,Greenwich,Relig7,Any other religion,86.7,13.3,0.0,4,5.0,True
2021-22,Greenwich,Relig7,Buddhist,39.4,19.6,40.9,4,7.1,True
2021-22,Greenwich,Relig7,Christian,54.0,12.6,33.3,65,118.9,False
2021-22,Greenwich,Relig7,Hindu,35.2,0.0,64.8,8,21.4,True
2021-22,Greenwich,Relig7,Jewish,100.0,0.0,0.0,3,4.1,True
2021-22,Greenwich,Relig7,Muslim,49.9,9.2,41.0,7,10.7,True
2021-22,Greenwich,Relig7,No religion,65.7,17.0,17.3,76,118.8,False
2021-22,Greenwich,Relig7,Sikh,100.0,0.0,0.0,2,7.8,True
2021-22,Hackney,Relig7,Any other religion,100.0,0.0,0.0,2,3.6,True
2021-22,Hackney,Relig7,Buddhist,100.0,0.0,0.0,2,3.1,True
2021-22,Hackney,Relig7,Christian,64.2,17.4,18.5,56,89.4,False
2021-22,Hackney,Relig7,Hindu,54.0,0.0,46.0,2,3.6,True
2021-22,Hackney,Relig7,Jewish,100.0,0.0,0.0,1,4.0,True
2021-22,Hackney,Relig7,Muslim,70.9,0.0,29.1,13,26.7,True
2021-22,Hackney,Relig7,No religion,83.3,6.2,10.5,108,175.4,False
2021-22,Hammersmith and Fulham,Relig7,Any other religion,92.7,7.3,0.0,5,8.1,True
2021-22,Hammersmith and Fulham,Relig7,Buddhist,57.4,0.0,42.6,3,4.1,True
2021-22,Hammersmith and Fulham,Relig7,Christian,85.9,2.2,11.9,75,83.2,False
2021-22,Hammersmith and Fulham,Relig7,Hindu,51.7,48.3,0.0,3,3.0,True
2021-22,Hammersmith and Fulham,Relig7,Muslim,53.1,1.4,45.5,16,20.1,True
2021-22,Hammersmith and Fulham,Relig7,No religion,77.9,10.9,11.2,73,79.3,False
2021-22,Haringey,Relig7,Any other religion,100.0,0.0,0.0,1,1.3,True
2021-22,Haringey,Relig7,Buddhist,100.0,0.0,0.0,1,1.5,True
2021-22,Haringey,Relig7,Christian,73.2,18.2,8.6,45,73.2,False
2021-22,Haringey,Relig7,Hindu,100.0,0.0,0.0,2,7.8,True
2021-22,Haringey,Relig7,Jewish,80.8,0.0,19.2,5,5.7,True
2021-22,Haringey,Relig7,Muslim,47.9,6.2,45.9,15,28.4,True
2021-22,Haringey,Relig7,No religion,72.2,12.9,14.9,102,150.7,False
2021-22,Haringey,Relig7,Sikh,100.0,0.0,0.0,1,2.4,True
2021-22,Harrow,Relig7,Any other religion,57.7,4.1,38.2,12,14.8,True
2021-22,Harrow,Relig7,Buddhist,0.0,0.0,100.0,2,1.5,True
2021-22,Harrow,Relig7,Christian,72.7,5.9,21.4,52,67.4,False
2021-22,Harrow,Relig7,Hindu,66.4,5.4,28.2,53,90.2,False
2021-22,Harrow,Relig7,Jewish,49.5,10.1,40.4,7,8.9,True
2021-22,Harrow,Relig7,Muslim,55.9,26.3,17.8,20,33.3,True
2021-22,Harrow,Relig7,No religion,84.6,7.5,7.9,29,49.1,True
2021-22,Harrow,Relig7,Sikh,100.0,0.0,0.0,3,4.0,True
2021-22,Havering,Relig7,Any other religion,73.0,0.0,27.0,3,2.1,True
2021-22,Havering,Relig7,Buddhist,100.0,0.0,0.0,1,1.1,True
2021-22,Havering,Relig7,Christian,59.2,19.2,21.6,88,138.7,False
2021-22,Havering,Relig7,Hindu,54.1,12.3,33.6,10,23.9,True
2021-22,Havering,Relig7,Jewish,100.0,0.0,0.0,1,1.6,True
2021-22,Havering,Relig7,Muslim,9.4,7.6,82.9,10,30.9,True
2021-22,Havering,Relig7,No religion,63.9,5.6,30.5,64,88.6,False
2021-22,Havering,Relig7,Sikh,59.7,0.0,40.3,3,7.7,True
2021-22,Hillingdon,Relig7,Any other religion,50.1,0.0,49.9,2,5.5,True
2021-22,Hillingdon,Relig7,Buddhist,83.7,0.0,16.3,4,9.5,True
2021-22,Hillingdon,Relig7,Christian,45.8,13.5,40.7,76,117.5,False
2021-22,Hillingdon,Relig7,Hindu,45.5,0.0,54.5,19,37.8,True
2021-22,Hillingdon,Relig7,Jewish,59.6,40.4,0.0,2,2.0,True
2021-22,Hillingdon,Relig7,Muslim,34.0,7.2,58.8,17,38.2,True
2021-22,Hillingdon,Relig7,No religion,76.2,6.0,17.8,47,96.9,False
2021-22,Hillingdon,Relig7,Sikh,79.2,0.0,20.8,5,5.6,True
2021-22,Hounslow,Relig7,Any other religion,100.0,0.0,0.0,2,8.7,True
2021-22,Hounslow,Relig7,Buddhist,89.9,10.1,0.0,4,10.6,True
2021-22,Hounslow,Relig7,Christian,67.0,4.8,28.3,79,123.3,False
2021-22,Hounslow,Relig7,Hindu,67.8,12.5,19.7,13,21.0,True
2021-22,Hounslow,Relig7,Muslim,68.8,9.3,21.9,16,39.1,True
2021-22,Hounslow,Relig7,No religion,79.2,0.9,19.9,43,58.1,False
2021-22,Hounslow,Relig7,Sikh,47.8,0.0,52.2,9,24.8,True
2021-22,Islington,Relig7,Any other religion,0.0,0.0,100.0,1,1.0,True
2021-22,Islington,Relig7,Buddhist,62.1,0.0,37.9,2,1.8,True
2021-22,Islington,Relig7,Christian,78.2,5.2,16.6,58,77.6,False
2021-22,Islington,Relig7,Hindu,100.0,0.0,0.0,2,3.2,True
2021-22,Islington,Relig7,Jewish,92.2,0.0,7.8,4,5.8,True
2021-22,Islington,Relig7,Muslim,56.0,0.0,44.0,9,23.5,True
2021-22,Islington,Relig7,No religion,76.4,14.6,8.9,104,181.6,False
2021-22,Islington,Relig7,Sikh,54.8,0.0,45.2,2,1.9,True
2021-22,Kensington and Chelsea,Relig7,Any other religion,24.0,17.3,58.7,8,7.3,True
2021-22,Kensington and Chelsea,Relig7,Buddhist,20.1,26.9,53.0,3,1.3,True
2021-22,Kensington and Chelsea,Relig7,Christian,65.0,18.1,16.9,88,79.2,False
2021-22,Kensington and Chelsea,Relig7,Jewish,42.3,36.2,21.5,6,8.7,True
2021-22,Kensington and Chelsea,Relig7,Muslim,45.7,22.5,31.8,19,30.0,True
2021-22,Kensington and Chelsea,Relig7,No religion,71.1,4.6,24.3,55,63.8,False
2021-22,Kensington and Chelsea,Relig7,Sikh,100.0,0.0,0.0,1,2.2,True
2021-22,Kingston upon Thames,Relig7,Any other religion,36.2,46.7,17.1,6,8.6,True
2021-22,Kingston upon Thames,Relig7,Buddhist,100.0,0.0,0.0,1,3.3,True
2021-22,Kingston upon Thames,Relig7,Christian,68.2,12.0,19.8,90,93.9,False
2021-22,Kingston upon Thames,Relig7,Hindu,83.0,12.2,4.8,10,11.7,True
2021-22,Kingston upon Thames,Relig7,Jewish,51.7,0.0,48.3,3,4.2,True
2021-22,Kingston upon Thames,Relig7,Muslim,71.5,28.5,0.0,4,12.2,True
2021-22,Kingston upon Thames,Relig7,No religion,85.6,8.6,5.8,70,96.2,False
2021-22,Lambeth,Relig7,Any other religion,100.0,0.0,0.0,1,1.3,True
2021-22,Lambeth,Relig7,Buddhist,100.0,0.0,0.0,3,8.1,True
2021-22,Lambeth,Relig7,Christian,66.8,11.6,21.7,66,138.0,False
2021-22,Lambeth,Relig7,Jewish,66.0,22.8,11.2,6,6.7,True
2021-22,Lambeth,Relig7,Muslim,80.5,0.0,19.5,5,11.6,True
2021-22,Lambeth,Relig7,No religion,74.6,10.5,14.9,94,196.4,False
2021-22,Lewisham,Relig7,Any other religion,100.0,0.0,0.0,1,0.9,True
2021-22,Lewisham,Relig7,Buddhist,100.0,0.0,0.0,2,3.4,True
2021-22,Lewisham,Relig7,Christian,47.5,31.0,21.5,62,115.4,False
2021-22,Lewisham,Relig7,Hindu,65.0,0.0,35.0,2,8.8,True
2021-22,Lewisham,Relig7,Jewish,33.1,0.0,66.9,2,4.9,True
2021-22,Lewisham,Relig7,Muslim,53.7,25.6,20.7,9,17.7,True
2021-22,Lewisham,Relig7,No religion,79.6,5.5,14.9,97,188.4,False
2021-22,Merton,Relig7,Any other religion,55.4,44.6,0.0,2,0.7,True
2021-22,Merton,Relig7,Buddhist,63.4,36.6,0.0,3,1.6,True
2021-22,Merton,Relig7,Christian,69.5,6.5,24.0,69,78.5,False
2021-22,Merton,Relig7,Hindu,76.0,0.0,24.0,11,19.9,True
2021-22,Merton,Relig7,Muslim,4.5,20.0,75.5,11,12.9,True
2021-22,Merton,Relig7,No religion,73.1,5.5,21.4,76,107.9,False
2021-22,Newham,Relig7,Buddhist,54.4,0.0,45.6,2,3.7,True
2021-22,Newham,Relig7,Christian,58.2,6.9,34.8,62,109.7,False
2021-22,Newham,Relig7,Hindu,59.7,9.1,31.2,14,24.3,True
2021-22,Newham,Relig7,Jewish,100.0,0.0,0.0,2,2.8,True
2021-22,Newham,Relig7,Muslim,65.6,18.3,16.1,50,146.3,False
2021-22,Newham,Relig7,No religion,78.9,8.3,12.8,42,64.7,False
2021-22,Newham,Relig7,Sikh,100.0,0.0,0.0,2,2.2,True
2021-22,Redbridge,Relig7,Any other religion,100.0,0.0,0.0,2,3.3,True
2021-22,Redbridge,Relig7,Buddhist,100.0,0.0,0.0,2,2.7,True
2021-22,Redbridge,Relig7,Christian,53.2,19.9,26.9,51,88.3,False
2021-22,Redbridge,Relig7,Hindu,63.6,11.9,24.5,12,32.2,True
2021-22,Redbridge,Relig7,Jewish,49.3,33.5,17.2,6,6.0,True
2021-22,Redbridge,Relig7,Muslim,63.9,10.3,25.8,49,138.2,False
2021-22,Redbridge,Relig7,No religion,74.4,8.2,17.5,39,62.4,False
2021-22,Redbridge,Relig7,Sikh,91.8,0.0,8.2,4,16.8,True
2021-22,Richmond upon Thames,Relig7,Buddhist,100.0,0.0,0.0,1,1.5,True
2021-22,Richmond upon Thames,Relig7,Christian,69.7,9.3,21.0,67,83.0,False
2021-22,Richmond upon Thames,Relig7,Hindu,73.1,9.5,17.3,5,8.7,True
2021-22,Richmond upon Thames,Relig7,Muslim,54.8,11.4,33.7,5,8.7,True
2021-22,Richmond upon Thames,Relig7,No religion,79.8,7.5,12.7,61,100.2,False
2021-22,Southwark,Relig7,Any other religion,100.0,0.0,0.0,1,1.1,True
2021-22,Southwark,Relig7,Buddhist,32.2,0.0,67.8,3,4.6,True
2021-22,Southwark,Relig7,Christian,52.5,24.3,23.2,75,133.9,False
2021-22,Southwark,Relig7,Hindu,39.9,0.0,60.1,3,8.1,True
2021-22,Southwark,Relig7,Muslim,3.2,9.8,86.9,8,21.7,True
2021-22,Southwark,Relig7,No religion,77.7,4.8,17.4,93,186.0,False
2021-22,Sutton,Relig7,Any other religion,100.0,0.0,0.0,2,3.7,True
2021-22,Sutton,Relig7,Buddhist,100.0,0.0,0.0,3,2.6,True
2021-22,Sutton,Relig7,Christian,62.5,11.4,26.1,76,74.2,False
2021-22,Sutton,Relig7,Hindu,35.3,10.6,54.1,10,14.3,True
2021-22,Sutton,Relig7,Muslim,93.2,0.0,6.8,4,6.9,True
2021-22,Sutton,Relig7,No religion,74.4,5.5,20.1,62,76.8,False
2021-22,Sutton,Relig7,Sikh,100.0,0.0,0.0,1,2.8,True
2021-22,Tower Hamlets,Relig7,Any other religion,100.0,0.0,0.0,2,4.3,True
2021-22,Tower Hamlets,Relig7,Buddhist,89.4,0.0,10.6,4,7.7,True
2021-22,Tower Hamlets,Relig7,Christian,56.9,26.1,17.0,59,80.7,False
2021-22,Tower Hamlets,Relig7,Hindu,84.3,3.2,12.5,8,13.5,True
2021-22,Tower Hamlets,Relig7,Jewish,56.8,0.0,43.2,2,8.2,True
2021-22,Tower Hamlets,Relig7,Muslim,54.0,12.2,33.8,50,138.2,False
2021-22,Tower Hamlets,Relig7,No religion,81.6,4.1,14.3,101,185.0,False
2021-22,Tower Hamlets,Relig7,Sikh,40.3,0.0,59.7,2,2.7,True
2021-22,Waltham Forest,Relig7,Any other religion,62.3,0.0,37.7,5,5.0,True
2021-22,Waltham Forest,Relig7,Christian,58.4,13.9,27.7,47,91.0,False
2021-22,Waltham Forest,Relig7,Hindu,100.0,0.0,0.0,1,0.6,True
2021-22,Waltham Forest,Relig7,Jewish,100.0,0.0,0.0,1,1.3,True
2021-22,Waltham Forest,Relig7,Muslim,81.2,8.4,10.4,26,59.7,True
2021-22,Waltham Forest,Relig7,No religion,75.4,10.7,14.0,81,107.4,False
2021-22,Waltham Forest,Relig7,Sikh,100.0,0.0,0.0,1,2.4,True
2021-22,Wandsworth,Relig7,Any other religion,100.0,0.0,0.0,1,1.7,True
2021-22,Wandsworth,Relig7,Buddhist,6.4,0.0,93.6,3,12.4,True
2021-22,Wandsworth,Relig7,Christian,80.7,10.5,8.8,72,138.8,False
2021-22,Wandsworth,Relig7,Hindu,63.3,0.0,36.7,3,13.3,True
2021-22,Wandsworth,Relig7,Jewish,100.0,0.0,0.0,2,5.5,True
2021-22,Wandsworth,Relig7,Muslim,65.6,0.0,34.4,7,18.1,True
2021-22,Wandsworth,Relig7,No religion,88.7,3.0,8.3,79,187.8,False
2021-22,Wandsworth,Relig7,Sikh,100.0,0.0,0.0,1,2.6,True
2021-22,Westminster,Relig7,Any other religion,100.0,0.0,0.0,3,5.0,True
2021-22,Westminster,Relig7,Buddhist,100.0,0.0,0.0,4,5.2,True
2021-22,Westminster,Relig7,Christian,69.8,8.7,21.5,77,113.5,False
2021-22,Westminster,Relig7,Hindu,100.0,0.0,0.0,4,9.5,True
2021-22,Westminster,Relig7,Jewish,95.1,0.0,4.9,10,23.1,True
2021-22,Westminster,Relig7,Muslim,61.9,0.0,38.1,18,42.0,True
2021-22,Westminster,Relig7,No religion,64.8,16.4,18.9,66,105.6,False
2021-22,Westminster,Relig7,Sikh,100.0,0.0,0.0,1,2.7,True
2021-22,London,ChildAgeU13,No,68.0,9.7,22.2,12305,20495.0,False
2021-22,London,ChildAgeU13,Yes,62.3,11.9,25.7,4077,7282.3,False
2021-22,Barking and Dagenham,ChildAgeU13,No,57.3,7.2,35.5,334,369.7,False
2021-22,Barking and Dagenham,ChildAgeU13,Yes,55.5,7.9,36.5,185,234.6,False
2021-22,Barnet,ChildAgeU13,No,69.6,10.4,20.1,382,921.1,False
2021-22,Barnet,ChildAgeU13,Yes,54.0,18.2,27.8,124,323.4,False
2021-22,Bexley,ChildAgeU13,No,64.5,10.9,24.6,339,527.0,False
2021-22,Bexley,ChildAgeU13,Yes,61.7,14.1,24.2,148,237.1,False
2021-22,Brent,ChildAgeU13,No,60.7,11.8,27.5,379,705.9,False
2021-22,Brent,ChildAgeU13,Yes,58.2,10.1,31.7,133,304.2,False
2021-22,Bromley,ChildAgeU13,No,73.7,5.4,20.9,373,775.3,False
2021-22,Bromley,ChildAgeU13,Yes,72.9,14.2,12.9,118,263.6,False
2021-22,Camden,ChildAgeU13,No,70.6,8.7,20.7,414,734.7,False
2021-22,Camden,ChildAgeU13,Yes,73.9,12.9,13.2,89,171.9,False
2021-22,City of London,ChildAgeU13,No,42.8,12.8,44.4,184,28.4,False
2021-22,City of London,ChildAgeU13,Yes,14.3,47.8,37.9,59,7.5,False
2021-22,Croydon,ChildAgeU13,No,64.3,11.8,23.9,378,878.9,False
2021-22,Croydon,ChildAgeU13,Yes,59.2,16.2,24.6,119,296.5,False
2021-22,Ealing,ChildAgeU13,No,69.2,10.1,20.7,347,694.5,False
2021-22,Ealing,ChildAgeU13,Yes,62.0,14.4,23.6,138,345.9,False
2021-22,Enfield,ChildAgeU13,No,63.5,8.2,28.2,391,773.7,False
2021-22,Enfield,ChildAgeU13,Yes,54.9,12.6,32.5,115,225.2,False
2021-22,Greenwich,ChildAgeU13,No,65.1,12.7,22.2,371,645.1,False
2021-22,Greenwich,ChildAgeU13,Yes,51.5,11.4,37.1,125,221.2,False
2021-22,Hackney,ChildAgeU13,No,71.6,10.7,17.7,413,686.5,False
2021-22,Hackney,ChildAgeU13,Yes,68.3,6.4,25.3,100,186.9,False
2021-22,Hammersmith and Fulham,ChildAgeU13,No,75.7,6.3,18.0,436,489.3,False
2021-22,Hammersmith and Fulham,ChildAgeU13,Yes,64.2,10.8,25.0,97,97.3,False
2021-22,Haringey,ChildAgeU13,No,68.8,11.6,19.6,379,630.6,False
2021-22,Haringey,ChildAgeU13,Yes,65.3,12.7,22.0,111,183.6,False
2021-22,Harrow,ChildAgeU13,No,63.8,9.0,27.1,372,547.2,False
2021-22,Harrow,ChildAgeU13,Yes,59.6,10.3,30.1,146,237.8,False
2021-22,Havering,ChildAgeU13,No,62.3,10.0,27.8,380,594.7,False
2021-22,Havering,ChildAgeU13,Yes,61.4,12.5,26.1,135,214.3,False
2021-22,Hillingdon,ChildAgeU13,No,67.3,8.1,24.6,365,706.6,False
2021-22,Hillingdon,ChildAgeU13,Yes,57.1,10.3,32.6,120,226.3,False
2021-22,Hounslow,ChildAgeU13,No,59.0,8.3,32.7,340,525.8,False
2021-22,Hounslow,ChildAgeU13,Yes,65.1,6.1,28.8,156,285.5,False
2021-22,Islington,ChildAgeU13,No,72.8,11.7,15.6,405,627.6,False
2021-22,Islington,ChildAgeU13,Yes,66.2,8.6,25.2,110,179.1,False
2021-22,Kensington and Chelsea,ChildAgeU13,No,65.2,12.0,22.8,438,434.2,False
2021-22,Kensington and Chelsea,ChildAgeU13,Yes,53.6,18.1,28.3,74,74.2,False
2021-22,Kingston upon Thames,ChildAgeU13,No,75.7,9.7,14.6,370,415.2,False
2021-22,Kingston upon Thames,ChildAgeU13,Yes,71.1,14.8,14.1,121,147.5,False
2021-22,Lambeth,ChildAgeU13,No,69.0,9.7,21.3,406,830.7,False
2021-22,Lambeth,ChildAgeU13,Yes,71.2,6.1,22.7,95,197.2,False
2021-22,Lewisham,ChildAgeU13,No,72.9,9.8,17.2,383,696.9,False
2021-22,Lewisham,ChildAgeU13,Yes,68.5,15.2,16.4,134,239.1,False
2021-22,Merton,ChildAgeU13,No,66.5,10.6,22.8,357,451.5,False
2021-22,Merton,ChildAgeU13,Yes,66.2,3.3,30.5,140,174.1,False
2021-22,Newham,ChildAgeU13,No,65.6,11.3,23.0,325,684.3,False
2021-22,Newham,ChildAgeU13,Yes,58.3,9.5,32.2,176,371.8,False
2021-22,Redbridge,ChildAgeU13,No,61.0,11.9,27.1,293,508.6,False
2021-22,Redbridge,ChildAgeU13,Yes,65.9,10.9,23.2,205,415.7,False
2021-22,Richmond upon Thames,ChildAgeU13,No,72.7,8.5,18.8,361,477.2,False
2021-22,Richmond upon Thames,ChildAgeU13,Yes,78.5,8.2,13.3,116,135.0,False
2021-22,Southwark,ChildAgeU13,No,70.1,8.8,21.1,406,767.9,False
2021-22,Southwark,ChildAgeU13,Yes,56.4,13.3,30.3,115,233.2,False
2021-22,Sutton,ChildAgeU13,No,61.1,10.7,28.2,374,440.4,False
2021-22,Sutton,ChildAgeU13,Yes,65.9,9.4,24.6,147,184.9,False
2021-22,Tower Hamlets,ChildAgeU13,No,71.6,9.8,18.6,433,776.6,False
2021-22,Tower Hamlets,ChildAgeU13,Yes,53.2,17.4,29.4,107,247.1,False
2021-22,Waltham Forest,ChildAgeU13,No,68.3,8.9,22.8,346,563.8,False
2021-22,Waltham Forest,ChildAgeU13,Yes,59.6,14.2,26.2,152,270.7,False
2021-22,Wandsworth,ChildAgeU13,No,75.3,9.6,15.1,375,806.1,False
2021-22,Wandsworth,ChildAgeU13,Yes,70.9,13.6,15.5,110,245.7,False
2021-22,Westminster,ChildAgeU13,No,72.3,7.6,20.1,456,779.1,False
2021-22,Westminster,ChildAgeU13,Yes,62.2,14.1,23.7,57,104.4,False
2021-22,London,Maternity_pop,No,66.8,10.2,23.0,15700,26615.7,False
2021-22,London,Maternity_pop,Yes,60.5,12.3,27.2,682,1161.5,False
2021-22,Barking and Dagenham,Maternity_pop,No,57.3,7.1,35.5,488,568.9,False
2021-22,Barking and Dagenham,Maternity_pop,Yes,44.7,13.1,42.2,31,35.3,False
2021-22,Barnet,Maternity_pop,No,66.8,11.7,21.5,488,1193.6,False
2021-22,Barnet,Maternity_pop,Yes,35.9,28.7,35.3,18,51.0,True
2021-22,Bexley,Maternity_pop,No,64.4,11.8,23.7,468,734.4,False
2021-22,Bexley,Maternity_pop,Yes,43.4,13.3,43.3,19,29.7,True
2021-22,Brent,Maternity_pop,No,60.1,11.5,28.4,494,972.2,False
2021-22,Brent,Maternity_pop,Yes,56.2,5.1,38.7,18,37.9,True
2021-22,Bromley,Maternity_pop,No,73.3,7.1,19.6,475,998.4,False
2021-22,Bromley,Maternity_pop,Yes,78.9,21.1,0.0,16,40.6,True
2021-22,Camden,Maternity_pop,No,71.3,9.5,19.2,492,893.0,False
2021-22,Camden,Maternity_pop,Yes,65.7,11.0,23.2,11,13.5,True
2021-22,City of London,Maternity_pop,No,37.4,20.0,42.6,240,35.4,False
2021-22,City of London,Maternity_pop,Yes,0.0,24.6,75.4,3,0.5,True
2021-22,Croydon,Maternity_pop,No,62.9,12.8,24.3,478,1143.2,False
2021-22,Croydon,Maternity_pop,Yes,65.8,19.5,14.7,19,32.2,True
2021-22,Ealing,Maternity_pop,No,67.5,11.9,20.6,457,971.3,False
2021-22,Ealing,Maternity_pop,Yes,57.5,5.5,37.0,28,69.0,True
2021-22,Enfield,Maternity_pop,No,61.5,9.5,29.0,494,969.3,False
2021-22,Enfield,Maternity_pop,Yes,65.0,0.0,35.0,12,29.5,True
2021-22,Greenwich,Maternity_pop,No,63.1,12.0,24.9,479,831.8,False
2021-22,Greenwich,Maternity_pop,Yes,26.4,21.6,52.1,17,34.5,True
2021-22,Hackney,Maternity_pop,No,70.8,9.4,19.8,494,849.0,False
2021-22,Hackney,Maternity_pop,Yes,75.6,22.0,2.5,19,24.4,True
2021-22,Hammersmith and Fulham,Maternity_pop,No,74.0,7.1,18.9,520,573.5,False
2021-22,Hammersmith and Fulham,Maternity_pop,Yes,63.0,4.1,32.8,13,13.0,True
2021-22,Haringey,Maternity_pop,No,67.5,12.0,20.5,469,775.7,False
2021-22,Haringey,Maternity_pop,Yes,78.7,7.8,13.5,21,38.5,True
2021-22,Harrow,Maternity_pop,No,62.2,9.7,28.1,508,760.1,False
2021-22,Harrow,Maternity_pop,Yes,72.6,0.0,27.4,10,24.9,True
2021-22,Havering,Maternity_pop,No,63.1,10.1,26.8,484,757.0,False
2021-22,Havering,Maternity_pop,Yes,46.2,18.2,35.5,31,52.0,False
2021-22,Hillingdon,Maternity_pop,No,65.3,8.6,26.1,469,904.7,False
2021-22,Hillingdon,Maternity_pop,Yes,49.4,10.3,40.3,16,28.2,True
2021-22,Hounslow,Maternity_pop,No,61.6,7.4,31.0,466,766.9,False
2021-22,Hounslow,Maternity_pop,Yes,53.2,9.4,37.4,30,44.4,False
2021-22,Islington,Maternity_pop,No,71.3,11.7,17.0,486,746.6,False
2021-22,Islington,Maternity_pop,Yes,71.4,1.9,26.7,29,60.1,True
2021-22,Kensington and Chelsea,Maternity_pop,No,64.3,11.9,23.8,503,500.8,False
2021-22,Kensington and Chelsea,Maternity_pop,Yes,11.4,78.0,10.6,9,7.6,True
2021-22,Kingston upon Thames,Maternity_pop,No,75.0,10.9,14.1,473,542.8,False
2021-22,Kingston upon Thames,Maternity_pop,Yes,60.6,15.6,23.7,18,19.9,True
2021-22,Lambeth,Maternity_pop,No,69.4,9.0,21.6,486,1002.3,False
2021-22,Lambeth,Maternity_pop,Yes,70.0,8.7,21.4,15,25.6,True
2021-22,Lewisham,Maternity_pop,No,71.4,11.3,17.2,494,903.3,False
2021-22,Lewisham,Maternity_pop,Yes,81.3,7.6,11.1,23,32.8,True
2021-22,Merton,Maternity_pop,No,66.2,8.6,25.2,472,601.8,False
2021-22,Merton,Maternity_pop,Yes,72.8,9.2,18.0,25,23.8,True
2021-22,Newham,Maternity_pop,No,63.3,10.8,26.0,463,989.5,False
2021-22,Newham,Maternity_pop,Yes,60.1,9.8,30.2,38,66.6,False
2021-22,Redbridge,Maternity_pop,No,63.2,11.2,25.7,458,849.1,False
2021-22,Redbridge,Maternity_pop,Yes,63.2,15.3,21.6,40,75.1,False
2021-22,Richmond upon Thames,Maternity_pop,No,74.2,8.3,17.6,465,599.2,False
2021-22,Richmond upon Thames,Maternity_pop,Yes,64.1,16.3,19.6,12,13.0,True
2021-22,Southwark,Maternity_pop,No,67.7,9.5,22.8,491,943.8,False
2021-22,Southwark,Maternity_pop,Yes,52.7,16.2,31.1,30,57.3,False
2021-22,Sutton,Maternity_pop,No,62.4,10.4,27.2,488,589.9,False
2021-22,Sutton,Maternity_pop,Yes,64.6,8.2,27.2,33,35.4,False
2021-22,Tower Hamlets,Maternity_pop,No,66.9,11.9,21.2,530,1006.6,False
2021-22,Tower Hamlets,Maternity_pop,Yes,79.6,0.0,20.4,10,17.1,True
2021-22,Waltham Forest,Maternity_pop,No,66.2,10.5,23.3,466,781.7,False
2021-22,Waltham Forest,Maternity_pop,Yes,55.1,11.8,33.0,32,52.8,False
2021-22,Wandsworth,Maternity_pop,No,73.9,10.3,15.8,463,1000.8,False
2021-22,Wandsworth,Maternity_pop,Yes,82.3,14.8,2.9,22,50.9,True
2021-22,Westminster,Maternity_pop,No,71.2,8.5,20.4,499,859.2,False
2021-22,Westminster,Maternity_pop,Yes,70.1,4.8,25.1,14,24.3,True
