session_id,provider_group,source_operator,name,activity_type,activity_raw,is_free,price_gbp,location_name,postcode,borough,latitude,longitude,start_time,end_time,days_of_week,session_count,is_online,url
ourparks_105332_0,Our Parks,Our Parks,Yoga,"Yoga, Pilates & Studio",Yoga,True,0.0,Willesden Library,NW10 2SF,Brent,51.546774,-0.2289203,13:30,14:30,,1,False,https://ourparks.org.uk/borough/yoga-105332
ourparks_105333_1,Our Parks,Our Parks,Yoga,"Yoga, Pilates & Studio",Yoga,True,0.0,Willesden Library,NW10 2SF,Brent,51.546774,-0.2289203,13:30,14:30,,1,False,https://ourparks.org.uk/borough/yoga-105333
ourparks_105397_2,Our Parks,Our Parks,Low Impact Stretch,Martial Arts,Tai Chi,True,0.0,Kingsbury Library,NW9 9HE,Brent,51.5860156,-0.2765225,13:00,14:00,,1,False,https://ourparks.org.uk/borough/low-impact-stretch-105397
ourparks_105398_3,Our Parks,Our Parks,Low Impact Stretch,Martial Arts,Tai Chi,True,0.0,Kingsbury Library,NW9 9HE,Brent,51.5860156,-0.2765225,13:00,14:00,,1,False,https://ourparks.org.uk/borough/low-impact-stretch-105398
ourparks_105399_4,Our Parks,Our Parks,Low Impact Stretch,Martial Arts,Tai Chi,True,0.0,Kingsbury Library,NW9 9HE,Brent,51.5860156,-0.2765225,13:00,14:00,,1,False,https://ourparks.org.uk/borough/low-impact-stretch-105399
ourparks_105400_5,Our Parks,Our Parks,Low Impact Stretch,Martial Arts,Tai Chi,True,0.0,Kingsbury Library,NW9 9HE,Brent,51.5860156,-0.2765225,13:00,14:00,,1,False,https://ourparks.org.uk/borough/low-impact-stretch-105400
ourparks_105401_6,Our Parks,Our Parks,Low Impact Stretch,Martial Arts,Tai Chi,True,0.0,Kingsbury Library,NW9 9HE,Brent,51.5860156,-0.2765225,13:00,14:00,,1,False,https://ourparks.org.uk/borough/low-impact-stretch-105401
ourparks_105403_7,Our Parks,Our Parks,Low Impact Stretch,Martial Arts,Tai Chi,True,0.0,Kingsbury Library,NW9 9HE,Brent,51.5860156,-0.2765225,13:00,14:00,,1,False,https://ourparks.org.uk/borough/low-impact-stretch-105403
ourparks_105404_8,Our Parks,Our Parks,Low Impact Stretch,Martial Arts,Tai Chi,True,0.0,Kingsbury Library,NW9 9HE,Brent,51.5860156,-0.2765225,13:00,14:00,,1,False,https://ourparks.org.uk/borough/low-impact-stretch-105404
ourparks_105405_9,Our Parks,Our Parks,Low Impact Stretch,Martial Arts,Tai Chi,True,0.0,Kingsbury Library,NW9 9HE,Brent,51.5860156,-0.2765225,13:00,14:00,,1,False,https://ourparks.org.uk/borough/low-impact-stretch-105405
ourparks_105406_10,Our Parks,Our Parks,Low Impact Stretch,Martial Arts,Tai Chi,True,0.0,Kingsbury Library,NW9 9HE,Brent,51.5860156,-0.2765225,13:00,14:00,,1,False,https://ourparks.org.uk/borough/low-impact-stretch-105406
ourparks_105407_11,Our Parks,Our Parks,Low Impact Stretch,Martial Arts,Tai Chi,True,0.0,Kingsbury Library,NW9 9HE,Brent,51.5860156,-0.2765225,13:00,14:00,,1,False,https://ourparks.org.uk/borough/low-impact-stretch-105407
ourparks_105408_12,Our Parks,Our Parks,Low Impact Stretch,Martial Arts,Tai Chi,True,0.0,Kingsbury Library,NW9 9HE,Brent,51.5860156,-0.2765225,13:00,14:00,,1,False,https://ourparks.org.uk/borough/low-impact-stretch-105408
ourparks_105409_13,Our Parks,Our Parks,Low Impact Stretch,Martial Arts,Tai Chi,True,0.0,Kingsbury Library,NW9 9HE,Brent,51.5860156,-0.2765225,13:00,14:00,,1,False,https://ourparks.org.uk/borough/low-impact-stretch-105409
ourparks_105415_14,Our Parks,Our Parks,Low Impact Stretch,Martial Arts,Tai Chi,True,0.0,Kingsbury Library,NW9 9HE,Brent,51.5860156,-0.2765225,13:00,14:00,,1,False,https://ourparks.org.uk/borough/low-impact-stretch-105415
ourparks_105416_15,Our Parks,Our Parks,Low Impact Stretch,Martial Arts,Tai Chi,True,0.0,Kingsbury Library,NW9 9HE,Brent,51.5860156,-0.2765225,13:00,14:00,,1,False,https://ourparks.org.uk/borough/low-impact-stretch-105416
ourparks_105417_16,Our Parks,Our Parks,Low Impact Stretch,Martial Arts,Tai Chi,True,0.0,Kingsbury Library,NW9 9HE,Brent,51.5860156,-0.2765225,13:00,14:00,,1,False,https://ourparks.org.uk/borough/low-impact-stretch-105417
ourparks_105420_17,Our Parks,Our Parks,Low Impact Stretch,Martial Arts,Tai Chi,True,0.0,Kingsbury Library,NW9 9HE,Brent,51.5860156,-0.2765225,13:00,14:00,,1,False,https://ourparks.org.uk/borough/low-impact-stretch-105420
ourparks_105421_18,Our Parks,Our Parks,Low Impact Stretch,Martial Arts,Tai Chi,True,0.0,Kingsbury Library,NW9 9HE,Brent,51.5860156,-0.2765225,13:00,14:00,,1,False,https://ourparks.org.uk/borough/low-impact-stretch-105421
ourparks_105422_19,Our Parks,Our Parks,Low Impact Stretch,Martial Arts,Tai Chi,True,0.0,Kingsbury Library,NW9 9HE,Brent,51.5860156,-0.2765225,13:00,14:00,,1,False,https://ourparks.org.uk/borough/low-impact-stretch-105422
ourparks_105423_20,Our Parks,Our Parks,Low Impact Stretch,Martial Arts,Tai Chi,True,0.0,Kingsbury Library,NW9 9HE,Brent,51.5860156,-0.2765225,13:00,14:00,,1,False,https://ourparks.org.uk/borough/low-impact-stretch-105423
ourparks_105503_21,Our Parks,Our Parks,Strength building class,"Yoga, Pilates & Studio",Yoga,True,0.0,Harlesden Library,NW10 8SE,Brent,51.538725110209,-0.25043846365,13:00,14:00,,1,False,https://ourparks.org.uk/borough/strength-building-class-105503
ourparks_105504_22,Our Parks,Our Parks,Strength building class,"Yoga, Pilates & Studio",Yoga,True,0.0,Harlesden Library,NW10 8SE,Brent,51.538725110209,-0.25043846365,13:00,14:00,,1,False,https://ourparks.org.uk/borough/strength-building-class-105504
ourparks_105505_23,Our Parks,Our Parks,Strength building class,"Yoga, Pilates & Studio",Yoga,True,0.0,Harlesden Library,NW10 8SE,Brent,51.538725110209,-0.25043846365,13:00,14:00,,1,False,https://ourparks.org.uk/borough/strength-building-class-105505
ourparks_105506_24,Our Parks,Our Parks,Strength building class,"Yoga, Pilates & Studio",Yoga,True,0.0,Harlesden Library,NW10 8SE,Brent,51.538725110209,-0.25043846365,13:00,14:00,,1,False,https://ourparks.org.uk/borough/strength-building-class-105506
ourparks_105507_25,Our Parks,Our Parks,Strength building class,"Yoga, Pilates & Studio",Yoga,True,0.0,Harlesden Library,NW10 8SE,Brent,51.538725110209,-0.25043846365,13:00,14:00,,1,False,https://ourparks.org.uk/borough/strength-building-class-105507
ourparks_105508_26,Our Parks,Our Parks,Strength building class,"Yoga, Pilates & Studio",Yoga,True,0.0,Harlesden Library,NW10 8SE,Brent,51.538725110209,-0.25043846365,13:00,14:00,,1,False,https://ourparks.org.uk/borough/strength-building-class-105508
ourparks_105511_27,Our Parks,Our Parks,Strength building class,"Yoga, Pilates & Studio",Yoga,True,0.0,Harlesden Library,NW10 8SE,Brent,51.538725110209,-0.25043846365,13:00,14:00,,1,False,https://ourparks.org.uk/borough/strength-building-class-105511
ourparks_105512_28,Our Parks,Our Parks,Strength building class,"Yoga, Pilates & Studio",Yoga,True,0.0,Harlesden Library,NW10 8SE,Brent,51.538725110209,-0.25043846365,13:00,14:00,,1,False,https://ourparks.org.uk/borough/strength-building-class-105512
ourparks_105513_29,Our Parks,Our Parks,Strength building class,"Yoga, Pilates & Studio",Yoga,True,0.0,Harlesden Library,NW10 8SE,Brent,51.538725110209,-0.25043846365,13:00,14:00,,1,False,https://ourparks.org.uk/borough/strength-building-class-105513
ourparks_105514_30,Our Parks,Our Parks,Strength building class,"Yoga, Pilates & Studio",Yoga,True,0.0,Harlesden Library,NW10 8SE,Brent,51.538725110209,-0.25043846365,13:00,14:00,,1,False,https://ourparks.org.uk/borough/strength-building-class-105514
ourparks_105515_31,Our Parks,Our Parks,Strength building class,"Yoga, Pilates & Studio",Yoga,True,0.0,Harlesden Library,NW10 8SE,Brent,51.538725110209,-0.25043846365,13:00,14:00,,1,False,https://ourparks.org.uk/borough/strength-building-class-105515
ourparks_105516_32,Our Parks,Our Parks,Strength building class,"Yoga, Pilates & Studio",Yoga,True,0.0,Harlesden Library,NW10 8SE,Brent,51.538725110209,-0.25043846365,13:00,14:00,,1,False,https://ourparks.org.uk/borough/strength-building-class-105516
ourparks_105519_33,Our Parks,Our Parks,Strength building class,"Yoga, Pilates & Studio",Yoga,True,0.0,Harlesden Library,NW10 8SE,Brent,51.538725110209,-0.25043846365,13:00,14:00,,1,False,https://ourparks.org.uk/borough/strength-building-class-105519
ourparks_105520_34,Our Parks,Our Parks,Strength building class,"Yoga, Pilates & Studio",Yoga,True,0.0,Harlesden Library,NW10 8SE,Brent,51.538725110209,-0.25043846365,13:00,14:00,,1,False,https://ourparks.org.uk/borough/strength-building-class-105520
ourparks_105521_35,Our Parks,Our Parks,Strength building class,"Yoga, Pilates & Studio",Yoga,True,0.0,Harlesden Library,NW10 8SE,Brent,51.538725110209,-0.25043846365,13:00,14:00,,1,False,https://ourparks.org.uk/borough/strength-building-class-105521
ourparks_105522_36,Our Parks,Our Parks,Strength building class,"Yoga, Pilates & Studio",Yoga,True,0.0,Harlesden Library,NW10 8SE,Brent,51.538725110209,-0.25043846365,13:00,14:00,,1,False,https://ourparks.org.uk/borough/strength-building-class-105522
ourparks_105019_37,Our Parks,Our Parks,Bootcamp,Bootcamp & Outdoor Fitness,Bootcamp,True,0.0,Hoblingwell Wood Recreation Ground,BR5 2QB,Bromley,51.402261016538,0.099742592442,09:00,10:00,,1,False,https://ourparks.org.uk/borough/bootcamp-105019
ourparks_105018_38,Our Parks,Our Parks,Bootcamp,Bootcamp & Outdoor Fitness,Bootcamp,True,0.0,Hoblingwell Wood Recreation Ground,BR5 2QB,Bromley,51.402261016538,0.099742592442,09:00,10:00,,1,False,https://ourparks.org.uk/borough/bootcamp-105018
ourparks_105017_39,Our Parks,Our Parks,Bootcamp,Bootcamp & Outdoor Fitness,Bootcamp,True,0.0,Hoblingwell Wood Recreation Ground,BR5 2QB,Bromley,51.402261016538,0.099742592442,09:00,10:00,,1,False,https://ourparks.org.uk/borough/bootcamp-105017
ourparks_104966_40,Our Parks,Our Parks,Bootcamp,Bootcamp & Outdoor Fitness,Bootcamp,True,0.0,Lloyd Park,E17 5JW,Waltham Forest,51.594659049141,-0.020824090333,09:30,10:30,,1,False,https://ourparks.org.uk/borough/bootcamp-104966
ourparks_105127_41,Our Parks,Our Parks,Beginners Bootcamp,Bootcamp & Outdoor Fitness,Bootcamp,True,0.0,Gladstone Park,NW2,Brent,51.5596147901,-0.236722632917,09:00,10:00,,1,False,https://ourparks.org.uk/borough/beginners-bootcamp-105127
ourparks_105128_42,Our Parks,Our Parks,Beginners Bootcamp,Bootcamp & Outdoor Fitness,Bootcamp,True,0.0,Gladstone Park,NW2,Brent,51.5596147901,-0.236722632917,09:00,10:00,,1,False,https://ourparks.org.uk/borough/beginners-bootcamp-105128
ourparks_105129_43,Our Parks,Our Parks,Beginners Bootcamp,Bootcamp & Outdoor Fitness,Bootcamp,True,0.0,Gladstone Park,NW2,Brent,51.5596147901,-0.236722632917,09:00,10:00,,1,False,https://ourparks.org.uk/borough/beginners-bootcamp-105129
ourparks_105130_44,Our Parks,Our Parks,Beginners Bootcamp,Bootcamp & Outdoor Fitness,Bootcamp,True,0.0,Gladstone Park,NW2,Brent,51.5596147901,-0.236722632917,09:00,10:00,,1,False,https://ourparks.org.uk/borough/beginners-bootcamp-105130
ourparks_105131_45,Our Parks,Our Parks,Beginners Bootcamp,Bootcamp & Outdoor Fitness,Bootcamp,True,0.0,Gladstone Park,NW2,Brent,51.5596147901,-0.236722632917,09:00,10:00,,1,False,https://ourparks.org.uk/borough/beginners-bootcamp-105131
ourparks_105132_46,Our Parks,Our Parks,Beginners Bootcamp,Bootcamp & Outdoor Fitness,Bootcamp,True,0.0,Gladstone Park,NW2,Brent,51.5596147901,-0.236722632917,09:00,10:00,,1,False,https://ourparks.org.uk/borough/beginners-bootcamp-105132
ourparks_105136_47,Our Parks,Our Parks,Beginners Bootcamp,Bootcamp & Outdoor Fitness,Bootcamp,True,0.0,Gladstone Park,NW2,Brent,51.5596147901,-0.236722632917,09:00,10:00,,1,False,https://ourparks.org.uk/borough/beginners-bootcamp-105136
ourparks_105137_48,Our Parks,Our Parks,Beginners Bootcamp,Bootcamp & Outdoor Fitness,Bootcamp,True,0.0,Gladstone Park,NW2,Brent,51.5596147901,-0.236722632917,09:00,10:00,,1,False,https://ourparks.org.uk/borough/beginners-bootcamp-105137
ourparks_105138_49,Our Parks,Our Parks,Beginners Bootcamp,Bootcamp & Outdoor Fitness,Bootcamp,True,0.0,Gladstone Park,NW2,Brent,51.5596147901,-0.236722632917,09:00,10:00,,1,False,https://ourparks.org.uk/borough/beginners-bootcamp-105138
ourparks_105139_50,Our Parks,Our Parks,Beginners Bootcamp,Bootcamp & Outdoor Fitness,Bootcamp,True,0.0,Gladstone Park,NW2,Brent,51.5596147901,-0.236722632917,09:00,10:00,,1,False,https://ourparks.org.uk/borough/beginners-bootcamp-105139
ourparks_105140_51,Our Parks,Our Parks,Beginners Bootcamp,Bootcamp & Outdoor Fitness,Bootcamp,True,0.0,Gladstone Park,NW2,Brent,51.5596147901,-0.236722632917,09:00,10:00,,1,False,https://ourparks.org.uk/borough/beginners-bootcamp-105140
ourparks_105141_52,Our Parks,Our Parks,Beginners Bootcamp,Bootcamp & Outdoor Fitness,Bootcamp,True,0.0,Gladstone Park,NW2,Brent,51.5596147901,-0.236722632917,09:00,10:00,,1,False,https://ourparks.org.uk/borough/beginners-bootcamp-105141
ourparks_105143_53,Our Parks,Our Parks,Beginners Bootcamp,Bootcamp & Outdoor Fitness,Bootcamp,True,0.0,Gladstone Park,NW2,Brent,51.5596147901,-0.236722632917,09:00,10:00,,1,False,https://ourparks.org.uk/borough/beginners-bootcamp-105143
ourparks_105145_54,Our Parks,Our Parks,Beginners Bootcamp,Bootcamp & Outdoor Fitness,Bootcamp,True,0.0,Gladstone Park,NW2,Brent,51.5596147901,-0.236722632917,09:00,10:00,,1,False,https://ourparks.org.uk/borough/beginners-bootcamp-105145
ourparks_105146_55,Our Parks,Our Parks,Beginners Bootcamp,Bootcamp & Outdoor Fitness,Bootcamp,True,0.0,Gladstone Park,NW2,Brent,51.5596147901,-0.236722632917,09:00,10:00,,1,False,https://ourparks.org.uk/borough/beginners-bootcamp-105146
ourparks_105147_56,Our Parks,Our Parks,Beginners Bootcamp,Bootcamp & Outdoor Fitness,Bootcamp,True,0.0,Gladstone Park,NW2,Brent,51.5596147901,-0.236722632917,09:00,10:00,,1,False,https://ourparks.org.uk/borough/beginners-bootcamp-105147
ourparks_105148_57,Our Parks,Our Parks,Beginners Bootcamp,Bootcamp & Outdoor Fitness,Bootcamp,True,0.0,Gladstone Park,NW2,Brent,51.5596147901,-0.236722632917,09:00,10:00,,1,False,https://ourparks.org.uk/borough/beginners-bootcamp-105148
ourparks_105606_58,Our Parks,Our Parks,Bootcamp,Bootcamp & Outdoor Fitness,Bootcamp,True,0.0,Lloyd Park,E17 5JW,Waltham Forest,51.594659049141,-0.020824090333,09:00,10:00,,1,False,https://ourparks.org.uk/borough/bootcamp-105606
ourparks_104813_59,Our Parks,Our Parks,Bootcamp,Bootcamp & Outdoor Fitness,Bootcamp,True,0.0,Barra Hall Park,UB3 2NH,Hillingdon,51.5179777,-0.4235929,09:30,10:30,,1,False,https://ourparks.org.uk/borough/bootcamp-104813
ourparks_103848_60,Our Parks,Our Parks,Bootcamp,Bootcamp & Outdoor Fitness,Bootcamp,True,0.0,Hyde Park,SW7 1SG,Kensington and Chelsea,51.502586484832,-0.173725612847,09:00,10:00,,1,False,https://ourparks.org.uk/borough/bootcamp-103848
ourparks_100416_61,Our Parks,Our Parks,Back to Exercise,Gym / Fitness,Abs/Core,True,0.0,Queens Park,NW6 6LR,Brent,51.5365323,-0.2092666,09:00,10:00,,1,False,https://ourparks.org.uk/borough/back-exercise-100416
ourparks_103991_62,Our Parks,Our Parks,Bootcamp,Bootcamp & Outdoor Fitness,Bootcamp,True,0.0,Queens Park Gardens,W10 4QH,Westminster,51.5284574,-0.2089447,08:30,09:30,,1,False,https://ourparks.org.uk/borough/bootcamp-103991
ourparks_103995_63,Our Parks,Our Parks,Bootcamp,Bootcamp & Outdoor Fitness,Bootcamp,True,0.0,Queens Park Gardens,W10 4QH,Westminster,51.5284574,-0.2089447,08:30,09:30,,1,False,https://ourparks.org.uk/borough/bootcamp-103995
ourparks_103997_64,Our Parks,Our Parks,Bootcamp,Bootcamp & Outdoor Fitness,Bootcamp,True,0.0,Queens Park Gardens,W10 4QH,Westminster,51.5284574,-0.2089447,08:30,09:30,,1,False,https://ourparks.org.uk/borough/bootcamp-103997
ourparks_103996_65,Our Parks,Our Parks,Bootcamp,Bootcamp & Outdoor Fitness,Bootcamp,True,0.0,Queens Park Gardens,W10 4QH,Westminster,51.5284574,-0.2089447,08:30,09:30,,1,False,https://ourparks.org.uk/borough/bootcamp-103996
ourparks_103578_66,Our Parks,Our Parks,Beginners Bootcamp,Bootcamp & Outdoor Fitness,Bootcamp,True,0.0,Fair Green at Mitcham Market,CR4 2PF,Merton,51.4058202,-0.1638252,09:00,10:00,,1,False,https://ourparks.org.uk/borough/beginners-bootcamp-103578
ourparks_103579_67,Our Parks,Our Parks,Beginners Bootcamp,Bootcamp & Outdoor Fitness,Bootcamp,True,0.0,Fair Green at Mitcham Market,CR4 2PF,Merton,51.4058202,-0.1638252,09:00,10:00,,1,False,https://ourparks.org.uk/borough/beginners-bootcamp-103579
ourparks_103580_68,Our Parks,Our Parks,Beginners Bootcamp,Bootcamp & Outdoor Fitness,Bootcamp,True,0.0,Fair Green at Mitcham Market,CR4 2PF,Merton,51.4058202,-0.1638252,09:00,10:00,,1,False,https://ourparks.org.uk/borough/beginners-bootcamp-103580
ourparks_105688_69,Our Parks,Our Parks,Beginners Bootcamp,Bootcamp & Outdoor Fitness,Bootcamp,True,0.0,Fair Green at Mitcham Market,CR4 2PF,Merton,51.4058202,-0.1638252,09:00,10:00,,1,False,https://ourparks.org.uk/borough/beginners-bootcamp-105688
ourparks_105689_70,Our Parks,Our Parks,Beginners Bootcamp,Bootcamp & Outdoor Fitness,Bootcamp,True,0.0,Fair Green at Mitcham Market,CR4 2PF,Merton,51.4058202,-0.1638252,09:00,10:00,,1,False,https://ourparks.org.uk/borough/beginners-bootcamp-105689
ourparks_105690_71,Our Parks,Our Parks,Beginners Bootcamp,Bootcamp & Outdoor Fitness,Bootcamp,True,0.0,Fair Green at Mitcham Market,CR4 2PF,Merton,51.4058202,-0.1638252,09:00,10:00,,1,False,https://ourparks.org.uk/borough/beginners-bootcamp-105690
ourparks_105691_72,Our Parks,Our Parks,Beginners Bootcamp,Bootcamp & Outdoor Fitness,Bootcamp,True,0.0,Fair Green at Mitcham Market,CR4 2PF,Merton,51.4058202,-0.1638252,09:00,10:00,,1,False,https://ourparks.org.uk/borough/beginners-bootcamp-105691
ourparks_105692_73,Our Parks,Our Parks,Beginners Bootcamp,Bootcamp & Outdoor Fitness,Bootcamp,True,0.0,Fair Green at Mitcham Market,CR4 2PF,Merton,51.4058202,-0.1638252,09:00,10:00,,1,False,https://ourparks.org.uk/borough/beginners-bootcamp-105692
ourparks_105693_74,Our Parks,Our Parks,Beginners Bootcamp,Bootcamp & Outdoor Fitness,Bootcamp,True,0.0,Fair Green at Mitcham Market,CR4 2PF,Merton,51.4058202,-0.1638252,09:00,10:00,,1,False,https://ourparks.org.uk/borough/beginners-bootcamp-105693
ourparks_105694_75,Our Parks,Our Parks,Beginners Bootcamp,Bootcamp & Outdoor Fitness,Bootcamp,True,0.0,Fair Green at Mitcham Market,CR4 2PF,Merton,51.4058202,-0.1638252,09:00,10:00,,1,False,https://ourparks.org.uk/borough/beginners-bootcamp-105694
ourparks_105695_76,Our Parks,Our Parks,Beginners Bootcamp,Bootcamp & Outdoor Fitness,Bootcamp,True,0.0,Fair Green at Mitcham Market,CR4 2PF,Merton,51.4058202,-0.1638252,09:00,10:00,,1,False,https://ourparks.org.uk/borough/beginners-bootcamp-105695
ourparks_105696_77,Our Parks,Our Parks,Beginners Bootcamp,Bootcamp & Outdoor Fitness,Bootcamp,True,0.0,Fair Green at Mitcham Market,CR4 2PF,Merton,51.4058202,-0.1638252,09:00,10:00,,1,False,https://ourparks.org.uk/borough/beginners-bootcamp-105696
ourparks_105697_78,Our Parks,Our Parks,Beginners Bootcamp,Bootcamp & Outdoor Fitness,Bootcamp,True,0.0,Fair Green at Mitcham Market,CR4 2PF,Merton,51.4058202,-0.1638252,09:00,10:00,,1,False,https://ourparks.org.uk/borough/beginners-bootcamp-105697
ourparks_105698_79,Our Parks,Our Parks,Beginners Bootcamp,Bootcamp & Outdoor Fitness,Bootcamp,True,0.0,Fair Green at Mitcham Market,CR4 2PF,Merton,51.4058202,-0.1638252,09:00,10:00,,1,False,https://ourparks.org.uk/borough/beginners-bootcamp-105698
ourparks_105699_80,Our Parks,Our Parks,Beginners Bootcamp,Bootcamp & Outdoor Fitness,Bootcamp,True,0.0,Fair Green at Mitcham Market,CR4 2PF,Merton,51.4058202,-0.1638252,09:00,10:00,,1,False,https://ourparks.org.uk/borough/beginners-bootcamp-105699
ourparks_105700_81,Our Parks,Our Parks,Beginners Bootcamp,Bootcamp & Outdoor Fitness,Bootcamp,True,0.0,Fair Green at Mitcham Market,CR4 2PF,Merton,51.4058202,-0.1638252,09:00,10:00,,1,False,https://ourparks.org.uk/borough/beginners-bootcamp-105700
ourparks_105394_82,Our Parks,Our Parks,Low Impact Stretch,Martial Arts,Tai Chi,True,0.0,Kingsbury Library,NW9 9HE,Brent,51.5860156,-0.2765225,13:00,14:00,,1,False,https://ourparks.org.uk/borough/low-impact-stretch-105394
ourparks_105395_83,Our Parks,Our Parks,Low Impact Stretch,Martial Arts,Tai Chi,True,0.0,Kingsbury Library,NW9 9HE,Brent,51.5860156,-0.2765225,13:00,14:00,,1,False,https://ourparks.org.uk/borough/low-impact-stretch-105395
ourparks_105396_84,Our Parks,Our Parks,Low Impact Stretch,Martial Arts,Tai Chi,True,0.0,Kingsbury Library,NW9 9HE,Brent,51.5860156,-0.2765225,13:00,14:00,,1,False,https://ourparks.org.uk/borough/low-impact-stretch-105396
ourparks_101118_85,Our Parks,Our Parks,Box Fit,Gym / Fitness,Boxing Fitness,True,0.0,Mabley Green,E9 5HS,Hackney,51.548910987039,-0.029284231249,09:00,10:00,,1,False,https://ourparks.org.uk/borough/box-fit-101118
ourparks_101119_86,Our Parks,Our Parks,Box Fit,Gym / Fitness,Boxing Fitness,True,0.0,Mabley Green,E9 5HS,Hackney,51.548910987039,-0.029284231249,09:00,10:00,,1,False,https://ourparks.org.uk/borough/box-fit-101119
ourparks_103577_87,Our Parks,Our Parks,Beginners Bootcamp,Bootcamp & Outdoor Fitness,Bootcamp,True,0.0,Fair Green at Mitcham Market,CR4 2PF,Merton,51.4058202,-0.1638252,09:00,10:00,,1,False,https://ourparks.org.uk/borough/beginners-bootcamp-103577
ourparks_101166_88,Our Parks,Our Parks,Pilates,"Yoga, Pilates & Studio",Pilates,True,0.0,Victoria Park (LBTH),E9 5HT,Tower Hamlets,51.539720884667,-0.030759174101,09:30,10:30,,1,False,https://ourparks.org.uk/borough/pilates-101166
ourparks_103992_89,Our Parks,Our Parks,Bootcamp,Bootcamp & Outdoor Fitness,Bootcamp,True,0.0,Queens Park Gardens,W10 4QH,Westminster,51.5284574,-0.2089447,08:30,09:30,,1,False,https://ourparks.org.uk/borough/bootcamp-103992
ourparks_103993_90,Our Parks,Our Parks,Bootcamp,Bootcamp & Outdoor Fitness,Bootcamp,True,0.0,Queens Park Gardens,W10 4QH,Westminster,51.5284574,-0.2089447,08:30,09:30,,1,False,https://ourparks.org.uk/borough/bootcamp-103993
ourparks_104186_91,Our Parks,Our Parks,Box Fit,Gym / Fitness,Boxing Fitness,True,0.0,Fair Green at Mitcham Market,CR4 2PF,Merton,51.4058202,-0.1638252,08:00,09:00,,1,False,https://ourparks.org.uk/borough/box-fit-104186
ourparks_103144_92,Our Parks,Our Parks,Beginners Bootcamp,Bootcamp & Outdoor Fitness,Bootcamp,True,0.0,North Millfields Recreation Ground,E5 0AR,Hackney,51.562186281586,-0.047345057653,09:00,10:00,,1,False,https://ourparks.org.uk/borough/beginners-bootcamp-103144
ourparks_103145_93,Our Parks,Our Parks,Beginners Bootcamp,Bootcamp & Outdoor Fitness,Bootcamp,True,0.0,North Millfields Recreation Ground,E5 0AR,Hackney,51.562186281586,-0.047345057653,09:00,10:00,,1,False,https://ourparks.org.uk/borough/beginners-bootcamp-103145
ourparks_103146_94,Our Parks,Our Parks,Beginners Bootcamp,Bootcamp & Outdoor Fitness,Bootcamp,True,0.0,North Millfields Recreation Ground,E5 0AR,Hackney,51.562186281586,-0.047345057653,08:00,09:00,,1,False,https://ourparks.org.uk/borough/beginners-bootcamp-103146
ourparks_103147_95,Our Parks,Our Parks,Beginners Bootcamp,Bootcamp & Outdoor Fitness,Bootcamp,True,0.0,North Millfields Recreation Ground,E5 0AR,Hackney,51.562186281586,-0.047345057653,08:00,09:00,,1,False,https://ourparks.org.uk/borough/beginners-bootcamp-103147
ourparks_103148_96,Our Parks,Our Parks,Beginners Bootcamp,Bootcamp & Outdoor Fitness,Bootcamp,True,0.0,North Millfields Recreation Ground,E5 0AR,Hackney,51.562186281586,-0.047345057653,08:00,09:00,,1,False,https://ourparks.org.uk/borough/beginners-bootcamp-103148
ourparks_103450_97,Our Parks,Our Parks,"Legs, Bums & Tums (LBT)",Gym / Fitness,Abs/Core,True,0.0,North Millfields Recreation Ground,E5 0AR,Hackney,51.562186281586,-0.047345057653,09:00,10:00,,1,False,https://ourparks.org.uk/borough/legs-bums-tums-lbt-103450
ourparks_103451_98,Our Parks,Our Parks,"Legs, Bums & Tums (LBT)",Gym / Fitness,Abs/Core,True,0.0,North Millfields Recreation Ground,E5 0AR,Hackney,51.562186281586,-0.047345057653,09:00,10:00,,1,False,https://ourparks.org.uk/borough/legs-bums-tums-lbt-103451
ourparks_103453_99,Our Parks,Our Parks,"Legs, Bums & Tums (LBT)",Gym / Fitness,Abs/Core,True,0.0,North Millfields Recreation Ground,E5 0AR,Hackney,51.562186281586,-0.047345057653,09:00,10:00,,1,False,https://ourparks.org.uk/borough/legs-bums-tums-lbt-103453
ourparks_103454_100,Our Parks,Our Parks,"Legs, Bums & Tums (LBT)",Gym / Fitness,Abs/Core,True,0.0,North Millfields Recreation Ground,E5 0AR,Hackney,51.562186281586,-0.047345057653,09:00,10:00,,1,False,https://ourparks.org.uk/borough/legs-bums-tums-lbt-103454
ourparks_103202_101,Our Parks,Our Parks,Pilates,"Yoga, Pilates & Studio",Pilates,True,0.0,Victory Park (E20),E20 2ST,Newham,51.546291703992,-0.00978845673,17:30,18:30,,1,False,https://ourparks.org.uk/borough/pilates-103202
ourparks_101067_102,Our Parks,Our Parks,Pilates,"Yoga, Pilates & Studio",Pilates,True,0.0,Southwark Park,SE16 2UA,Southwark,51.493371320076,-0.053755568621,09:00,10:00,,1,False,https://ourparks.org.uk/borough/pilates-101067
ourparks_102298_103,Our Parks,Our Parks,HIIT,Gym / Fitness,HIIT,True,0.0,Hampstead Heath,NW5 1QY,,51.559276267073,-0.15334605909,09:00,10:00,,1,False,https://ourparks.org.uk/borough/hiit-102298
ourparks_105023_104,Our Parks,Our Parks,Full Body Circuit,Bootcamp & Outdoor Fitness,Bootcamp,True,0.0,Roe Green Park,NW9 9HA,Brent,51.586109971363,-0.269687067103,09:00,10:00,,1,False,https://ourparks.org.uk/borough/full-body-circuit-105023
ourparks_103723_105,Our Parks,Our Parks,Full Body Workout,Bootcamp & Outdoor Fitness,Bootcamp,True,0.0,London Welsh RFC,TW9 2AZ,,51.4687957,-0.2952569,08:00,09:00,,1,False,https://ourparks.org.uk/borough/full-body-workout-103723
ourparks_105608_106,Our Parks,Our Parks,Full Body HIIT,"Yoga, Pilates & Studio",Pilates,True,0.0,Lloyd Park,E17 5JW,Waltham Forest,51.594659049141,-0.020824090333,09:00,10:00,,1,False,https://ourparks.org.uk/borough/full-body-hiit-105608
ourparks_105609_107,Our Parks,Our Parks,Full Body HIIT,"Yoga, Pilates & Studio",Pilates,True,0.0,Lloyd Park,E17 5JW,Waltham Forest,51.594659049141,-0.020824090333,09:00,10:00,,1,False,https://ourparks.org.uk/borough/full-body-hiit-105609
ourparks_105610_108,Our Parks,Our Parks,Full Body HIIT,"Yoga, Pilates & Studio",Pilates,True,0.0,Lloyd Park,E17 5JW,Waltham Forest,51.594659049141,-0.020824090333,09:00,10:00,,1,False,https://ourparks.org.uk/borough/full-body-hiit-105610
ourparks_105611_109,Our Parks,Our Parks,Full Body HIIT,"Yoga, Pilates & Studio",Pilates,True,0.0,Lloyd Park,E17 5JW,Waltham Forest,51.594659049141,-0.020824090333,09:00,10:00,,1,False,https://ourparks.org.uk/borough/full-body-hiit-105611
ourparks_102634_110,Our Parks,Our Parks,Strength building class,"Yoga, Pilates & Studio",Yoga,True,0.0,Harlesden Library,NW10 8SE,Brent,51.538725110209,-0.25043846365,13:00,14:00,,1,False,https://ourparks.org.uk/borough/strength-building-class-102634
ourparks_105890_111,Our Parks,Our Parks,Beginners Bootcamp,Bootcamp & Outdoor Fitness,Bootcamp,True,0.0,North Millfields Recreation Ground,E5 0AR,Hackney,51.562186281586,-0.047345057653,08:00,09:00,,1,False,https://ourparks.org.uk/borough/beginners-bootcamp-105890
ourparks_105892_112,Our Parks,Our Parks,Beginners Bootcamp,Bootcamp & Outdoor Fitness,Bootcamp,True,0.0,North Millfields Recreation Ground,E5 0AR,Hackney,51.562186281586,-0.047345057653,08:00,09:00,,1,False,https://ourparks.org.uk/borough/beginners-bootcamp-105892
ourparks_105893_113,Our Parks,Our Parks,Beginners Bootcamp,Bootcamp & Outdoor Fitness,Bootcamp,True,0.0,North Millfields Recreation Ground,E5 0AR,Hackney,51.562186281586,-0.047345057653,08:00,09:00,,1,False,https://ourparks.org.uk/borough/beginners-bootcamp-105893
ourparks_105894_114,Our Parks,Our Parks,Beginners Bootcamp,Bootcamp & Outdoor Fitness,Bootcamp,True,0.0,North Millfields Recreation Ground,E5 0AR,Hackney,51.562186281586,-0.047345057653,08:00,09:00,,1,False,https://ourparks.org.uk/borough/beginners-bootcamp-105894
ourparks_105922_115,Our Parks,Our Parks,"Legs, Bums & Tums (LBT)",Gym / Fitness,Abs/Core,True,0.0,North Millfields Recreation Ground,E5 0AR,Hackney,51.562186281586,-0.047345057653,09:00,10:00,,1,False,https://ourparks.org.uk/borough/legs-bums-tums-lbt-105922
ourparks_105923_116,Our Parks,Our Parks,"Legs, Bums & Tums (LBT)",Gym / Fitness,Abs/Core,True,0.0,North Millfields Recreation Ground,E5 0AR,Hackney,51.562186281586,-0.047345057653,09:00,10:00,,1,False,https://ourparks.org.uk/borough/legs-bums-tums-lbt-105923
ourparks_105924_117,Our Parks,Our Parks,"Legs, Bums & Tums (LBT)",Gym / Fitness,Abs/Core,True,0.0,North Millfields Recreation Ground,E5 0AR,Hackney,51.562186281586,-0.047345057653,09:00,10:00,,1,False,https://ourparks.org.uk/borough/legs-bums-tums-lbt-105924
ourparks_105925_118,Our Parks,Our Parks,"Legs, Bums & Tums (LBT)",Gym / Fitness,Abs/Core,True,0.0,North Millfields Recreation Ground,E5 0AR,Hackney,51.562186281586,-0.047345057653,09:00,10:00,,1,False,https://ourparks.org.uk/borough/legs-bums-tums-lbt-105925
ourparks_105927_119,Our Parks,Our Parks,"Legs, Bums & Tums (LBT)",Gym / Fitness,Abs/Core,True,0.0,North Millfields Recreation Ground,E5 0AR,Hackney,51.562186281586,-0.047345057653,09:00,10:00,,1,False,https://ourparks.org.uk/borough/legs-bums-tums-lbt-105927
ourparks_105955_120,Our Parks,Our Parks,Bootcamp,Bootcamp & Outdoor Fitness,Bootcamp,True,0.0,Beddington Park,SM6 7NN,,51.369874622426,-0.147107063538,08:30,09:30,,1,False,https://ourparks.org.uk/borough/bootcamp-105955
ourparks_105956_121,Our Parks,Our Parks,Bootcamp,Bootcamp & Outdoor Fitness,Bootcamp,True,0.0,Beddington Park,SM6 7NN,,51.369874622426,-0.147107063538,08:30,09:30,,1,False,https://ourparks.org.uk/borough/bootcamp-105956
ourparks_105958_122,Our Parks,Our Parks,Bootcamp,Bootcamp & Outdoor Fitness,Bootcamp,True,0.0,Beddington Park,SM6 7NN,,51.369874622426,-0.147107063538,08:30,09:30,,1,False,https://ourparks.org.uk/borough/bootcamp-105958
ourparks_105959_123,Our Parks,Our Parks,Bootcamp,Bootcamp & Outdoor Fitness,Bootcamp,True,0.0,Hoblingwell Wood Recreation Ground,BR5 2QB,Bromley,51.402261016538,0.099742592442,09:00,10:00,,1,False,https://ourparks.org.uk/borough/bootcamp-105959
ourparks_105960_124,Our Parks,Our Parks,Bootcamp,Bootcamp & Outdoor Fitness,Bootcamp,True,0.0,Hoblingwell Wood Recreation Ground,BR5 2QB,Bromley,51.402261016538,0.099742592442,09:00,10:00,,1,False,https://ourparks.org.uk/borough/bootcamp-105960
ourparks_105961_125,Our Parks,Our Parks,Bootcamp,Bootcamp & Outdoor Fitness,Bootcamp,True,0.0,Hoblingwell Wood Recreation Ground,BR5 2QB,Bromley,51.402261016538,0.099742592442,09:00,10:00,,1,False,https://ourparks.org.uk/borough/bootcamp-105961
ourparks_105962_126,Our Parks,Our Parks,Bootcamp,Bootcamp & Outdoor Fitness,Bootcamp,True,0.0,Hoblingwell Wood Recreation Ground,BR5 2QB,Bromley,51.402261016538,0.099742592442,09:00,10:00,,1,False,https://ourparks.org.uk/borough/bootcamp-105962
ourparks_105963_127,Our Parks,Our Parks,Bootcamp,Bootcamp & Outdoor Fitness,Bootcamp,True,0.0,Slade Green Recreational Ground,DA8 2LX,Bexley,51.469708263156,0.198783354461,08:45,09:45,,1,False,https://ourparks.org.uk/borough/bootcamp-105963
ourparks_105964_128,Our Parks,Our Parks,Bootcamp,Bootcamp & Outdoor Fitness,Bootcamp,True,0.0,Slade Green Recreational Ground,DA8 2LX,Bexley,51.469708263156,0.198783354461,08:45,09:45,,1,False,https://ourparks.org.uk/borough/bootcamp-105964
ourparks_105966_129,Our Parks,Our Parks,Bootcamp,Bootcamp & Outdoor Fitness,Bootcamp,True,0.0,Slade Green Recreational Ground,DA8 2LX,Bexley,51.469708263156,0.198783354461,08:45,09:45,,1,False,https://ourparks.org.uk/borough/bootcamp-105966
ourparks_105895_130,Our Parks,Our Parks,Beginners Bootcamp,Bootcamp & Outdoor Fitness,Bootcamp,True,0.0,Walthamstow Marshes,E10 7QL,Waltham Forest,51.564823676338,-0.045328683324,08:00,09:00,,1,False,https://ourparks.org.uk/borough/beginners-bootcamp-105895
ourparks_105896_131,Our Parks,Our Parks,Beginners Bootcamp,Bootcamp & Outdoor Fitness,Bootcamp,True,0.0,Walthamstow Marshes,E10 7QL,Waltham Forest,51.564823676338,-0.045328683324,08:00,09:00,,1,False,https://ourparks.org.uk/borough/beginners-bootcamp-105896
ourparks_105897_132,Our Parks,Our Parks,Beginners Bootcamp,Bootcamp & Outdoor Fitness,Bootcamp,True,0.0,Walthamstow Marshes,E10 7QL,Waltham Forest,51.564823676338,-0.045328683324,08:00,09:00,,1,False,https://ourparks.org.uk/borough/beginners-bootcamp-105897
ourparks_105898_133,Our Parks,Our Parks,Beginners Bootcamp,Bootcamp & Outdoor Fitness,Bootcamp,True,0.0,Walthamstow Marshes,E10 7QL,Waltham Forest,51.564823676338,-0.045328683324,08:00,09:00,,1,False,https://ourparks.org.uk/borough/beginners-bootcamp-105898
ourparks_105899_134,Our Parks,Our Parks,Beginners Bootcamp,Bootcamp & Outdoor Fitness,Bootcamp,True,0.0,Walthamstow Marshes,E10 7QL,Waltham Forest,51.564823676338,-0.045328683324,08:00,09:00,,1,False,https://ourparks.org.uk/borough/beginners-bootcamp-105899
ourparks_105901_135,Our Parks,Our Parks,Beginners Bootcamp,Bootcamp & Outdoor Fitness,Bootcamp,True,0.0,Walthamstow Marshes,E10 7QL,Waltham Forest,51.564823676338,-0.045328683324,08:00,09:00,,1,False,https://ourparks.org.uk/borough/beginners-bootcamp-105901
ourparks_105902_136,Our Parks,Our Parks,Beginners Bootcamp,Bootcamp & Outdoor Fitness,Bootcamp,True,0.0,Walthamstow Marshes,E10 7QL,Waltham Forest,51.564823676338,-0.045328683324,08:00,09:00,,1,False,https://ourparks.org.uk/borough/beginners-bootcamp-105902
ourparks_105903_137,Our Parks,Our Parks,Beginners Bootcamp,Bootcamp & Outdoor Fitness,Bootcamp,True,0.0,Walthamstow Marshes,E10 7QL,Waltham Forest,51.564823676338,-0.045328683324,08:00,09:00,,1,False,https://ourparks.org.uk/borough/beginners-bootcamp-105903
ourparks_105904_138,Our Parks,Our Parks,Beginners Bootcamp,Bootcamp & Outdoor Fitness,Bootcamp,True,0.0,Walthamstow Marshes,E10 7QL,Waltham Forest,51.564823676338,-0.045328683324,08:00,09:00,,1,False,https://ourparks.org.uk/borough/beginners-bootcamp-105904
ourparks_105905_139,Our Parks,Our Parks,Beginners Bootcamp,Bootcamp & Outdoor Fitness,Bootcamp,True,0.0,Walthamstow Marshes,E10 7QL,Waltham Forest,51.564823676338,-0.045328683324,08:00,09:00,,1,False,https://ourparks.org.uk/borough/beginners-bootcamp-105905
ourparks_105909_140,Our Parks,Our Parks,Beginners Bootcamp,Bootcamp & Outdoor Fitness,Bootcamp,True,0.0,Walthamstow Marshes,E10 7QL,Waltham Forest,51.564823676338,-0.045328683324,08:00,09:00,,1,False,https://ourparks.org.uk/borough/beginners-bootcamp-105909
ourparks_105910_141,Our Parks,Our Parks,Beginners Bootcamp,Bootcamp & Outdoor Fitness,Bootcamp,True,0.0,Walthamstow Marshes,E10 7QL,Waltham Forest,51.564823676338,-0.045328683324,08:00,09:00,,1,False,https://ourparks.org.uk/borough/beginners-bootcamp-105910
ourparks_105911_142,Our Parks,Our Parks,Beginners Bootcamp,Bootcamp & Outdoor Fitness,Bootcamp,True,0.0,Walthamstow Marshes,E10 7QL,Waltham Forest,51.564823676338,-0.045328683324,08:00,09:00,,1,False,https://ourparks.org.uk/borough/beginners-bootcamp-105911
ourparks_105916_143,Our Parks,Our Parks,Beginners Bootcamp,Bootcamp & Outdoor Fitness,Bootcamp,True,0.0,Walthamstow Marshes,E10 7QL,Waltham Forest,51.564823676338,-0.045328683324,08:00,09:00,,1,False,https://ourparks.org.uk/borough/beginners-bootcamp-105916
ourparks_105917_144,Our Parks,Our Parks,Beginners Bootcamp,Bootcamp & Outdoor Fitness,Bootcamp,True,0.0,Walthamstow Marshes,E10 7QL,Waltham Forest,51.564823676338,-0.045328683324,08:00,09:00,,1,False,https://ourparks.org.uk/borough/beginners-bootcamp-105917
ourparks_105918_145,Our Parks,Our Parks,Beginners Bootcamp,Bootcamp & Outdoor Fitness,Bootcamp,True,0.0,Walthamstow Marshes,E10 7QL,Waltham Forest,51.564823676338,-0.045328683324,08:00,09:00,,1,False,https://ourparks.org.uk/borough/beginners-bootcamp-105918
ourparks_105919_146,Our Parks,Our Parks,Beginners Bootcamp,Bootcamp & Outdoor Fitness,Bootcamp,True,0.0,Walthamstow Marshes,E10 7QL,Waltham Forest,51.564823676338,-0.045328683324,08:00,09:00,,1,False,https://ourparks.org.uk/borough/beginners-bootcamp-105919
ourparks_105953_147,Our Parks,Our Parks,Beginners Bootcamp,Bootcamp & Outdoor Fitness,Bootcamp,True,0.0,Walthamstow Marshes,E10 7QL,Waltham Forest,51.564823676338,-0.045328683324,08:00,09:00,,1,False,https://ourparks.org.uk/borough/beginners-bootcamp-105953
ourparks_105928_148,Our Parks,Our Parks,"Legs, Bums & Tums (LBT)",Gym / Fitness,Abs/Core,True,0.0,Walthamstow Marshes,E10 7QL,Waltham Forest,51.564823676338,-0.045328683324,09:00,10:00,,1,False,https://ourparks.org.uk/borough/legs-bums-tums-lbt-105928
ourparks_105929_149,Our Parks,Our Parks,"Legs, Bums & Tums (LBT)",Gym / Fitness,Abs/Core,True,0.0,Walthamstow Marshes,E10 7QL,Waltham Forest,51.564823676338,-0.045328683324,09:00,10:00,,1,False,https://ourparks.org.uk/borough/legs-bums-tums-lbt-105929
ourparks_105930_150,Our Parks,Our Parks,"Legs, Bums & Tums (LBT)",Gym / Fitness,Abs/Core,True,0.0,Walthamstow Marshes,E10 7QL,Waltham Forest,51.564823676338,-0.045328683324,09:00,10:00,,1,False,https://ourparks.org.uk/borough/legs-bums-tums-lbt-105930
ourparks_105931_151,Our Parks,Our Parks,"Legs, Bums & Tums (LBT)",Gym / Fitness,Abs/Core,True,0.0,Walthamstow Marshes,E10 7QL,Waltham Forest,51.564823676338,-0.045328683324,09:00,10:00,,1,False,https://ourparks.org.uk/borough/legs-bums-tums-lbt-105931
ourparks_105933_152,Our Parks,Our Parks,"Legs, Bums & Tums (LBT)",Gym / Fitness,Abs/Core,True,0.0,Walthamstow Marshes,E10 7QL,Waltham Forest,51.564823676338,-0.045328683324,09:00,10:00,,1,False,https://ourparks.org.uk/borough/legs-bums-tums-lbt-105933
ourparks_105934_153,Our Parks,Our Parks,"Legs, Bums & Tums (LBT)",Gym / Fitness,Abs/Core,True,0.0,Walthamstow Marshes,E10 7QL,Waltham Forest,51.564823676338,-0.045328683324,09:00,10:00,,1,False,https://ourparks.org.uk/borough/legs-bums-tums-lbt-105934
ourparks_105935_154,Our Parks,Our Parks,"Legs, Bums & Tums (LBT)",Gym / Fitness,Abs/Core,True,0.0,Walthamstow Marshes,E10 7QL,Waltham Forest,51.564823676338,-0.045328683324,09:00,10:00,,1,False,https://ourparks.org.uk/borough/legs-bums-tums-lbt-105935
ourparks_105937_155,Our Parks,Our Parks,"Legs, Bums & Tums (LBT)",Gym / Fitness,Abs/Core,True,0.0,Walthamstow Marshes,E10 7QL,Waltham Forest,51.564823676338,-0.045328683324,09:00,10:00,,1,False,https://ourparks.org.uk/borough/legs-bums-tums-lbt-105937
ourparks_105942_156,Our Parks,Our Parks,"Legs, Bums & Tums (LBT)",Gym / Fitness,Abs/Core,True,0.0,Walthamstow Marshes,E10 7QL,Waltham Forest,51.564823676338,-0.045328683324,09:00,10:00,,1,False,https://ourparks.org.uk/borough/legs-bums-tums-lbt-105942
ourparks_105943_157,Our Parks,Our Parks,"Legs, Bums & Tums (LBT)",Gym / Fitness,Abs/Core,True,0.0,Walthamstow Marshes,E10 7QL,Waltham Forest,51.564823676338,-0.045328683324,09:00,10:00,,1,False,https://ourparks.org.uk/borough/legs-bums-tums-lbt-105943
ourparks_105944_158,Our Parks,Our Parks,"Legs, Bums & Tums (LBT)",Gym / Fitness,Abs/Core,True,0.0,Walthamstow Marshes,E10 7QL,Waltham Forest,51.564823676338,-0.045328683324,09:00,10:00,,1,False,https://ourparks.org.uk/borough/legs-bums-tums-lbt-105944
ourparks_105949_159,Our Parks,Our Parks,"Legs, Bums & Tums (LBT)",Gym / Fitness,Abs/Core,True,0.0,Walthamstow Marshes,E10 7QL,Waltham Forest,51.564823676338,-0.045328683324,09:00,10:00,,1,False,https://ourparks.org.uk/borough/legs-bums-tums-lbt-105949
ourparks_105951_160,Our Parks,Our Parks,"Legs, Bums & Tums (LBT)",Gym / Fitness,Abs/Core,True,0.0,Walthamstow Marshes,E10 7QL,Waltham Forest,51.564823676338,-0.045328683324,09:00,10:00,,1,False,https://ourparks.org.uk/borough/legs-bums-tums-lbt-105951
ourparks_105952_161,Our Parks,Our Parks,"Legs, Bums & Tums (LBT)",Gym / Fitness,Abs/Core,True,0.0,Walthamstow Marshes,E10 7QL,Waltham Forest,51.564823676338,-0.045328683324,09:00,10:00,,1,False,https://ourparks.org.uk/borough/legs-bums-tums-lbt-105952
ourparks_105954_162,Our Parks,Our Parks,"Legs, Bums & Tums (LBT)",Gym / Fitness,Abs/Core,True,0.0,Walthamstow Marshes,E10 7QL,Waltham Forest,51.564823676338,-0.045328683324,09:00,10:00,,1,False,https://ourparks.org.uk/borough/legs-bums-tums-lbt-105954
ourparks_106029_163,Our Parks,Our Parks,Beginners Bootcamp,Bootcamp & Outdoor Fitness,Bootcamp,True,0.0,"King Edward VII Park - Wembley, HA9 7QS",HA9 7QS,Brent,51.557962737092,-0.2950736601,10:00,11:00,,1,False,https://ourparks.org.uk/borough/beginners-bootcamp-106029
ourparks_103724_164,Our Parks,Our Parks,Full Body Workout,Bootcamp & Outdoor Fitness,Bootcamp,True,0.0,London Welsh RFC,TW9 2AZ,,51.4687957,-0.2952569,08:00,09:00,,1,False,https://ourparks.org.uk/borough/full-body-workout-103724
ourparks_103725_165,Our Parks,Our Parks,Full Body Workout,Bootcamp & Outdoor Fitness,Bootcamp,True,0.0,London Welsh RFC,TW9 2AZ,,51.4687957,-0.2952569,08:00,09:00,,1,False,https://ourparks.org.uk/borough/full-body-workout-103725
ourparks_103994_166,Our Parks,Our Parks,Bootcamp,Bootcamp & Outdoor Fitness,Bootcamp,True,0.0,Queens Park Gardens,W10 4QH,Westminster,51.5284574,-0.2089447,08:30,09:30,,1,False,https://ourparks.org.uk/borough/bootcamp-103994
ourparks_105781_167,Our Parks,Our Parks,Beginners Bootcamp,Bootcamp & Outdoor Fitness,Bootcamp,True,0.0,Brockwell Park,SE24 0PA,Lambeth,51.452290766375,-0.105533454431,09:00,10:00,,1,False,https://ourparks.org.uk/borough/beginners-bootcamp-105781
ourparks_103452_168,Our Parks,Our Parks,"Legs, Bums & Tums (LBT)",Gym / Fitness,Abs/Core,True,0.0,North Millfields Recreation Ground,E5 0AR,Hackney,51.562186281586,-0.047345057653,09:00,10:00,,1,False,https://ourparks.org.uk/borough/legs-bums-tums-lbt-103452
ourparks_105834_169,Our Parks,Our Parks,Back to Exercise,Group Exercise,Group Exercise,True,0.0,Brockwell Park,SE24 0PA,Lambeth,51.452290766375,-0.105533454431,17:30,18:30,,1,False,https://ourparks.org.uk/borough/back-exercise-105834
ourparks_105835_170,Our Parks,Our Parks,Back to Exercise,Group Exercise,Group Exercise,True,0.0,Brockwell Park,SE24 0PA,Lambeth,51.452290766375,-0.105533454431,17:30,18:30,,1,False,https://ourparks.org.uk/borough/back-exercise-105835
ourparks_105782_171,Our Parks,Our Parks,Beginners Bootcamp,Bootcamp & Outdoor Fitness,Bootcamp,True,0.0,Brockwell Park,SE24 0PA,Lambeth,51.452290766375,-0.105533454431,09:00,10:00,,1,False,https://ourparks.org.uk/borough/beginners-bootcamp-105782
ourparks_105783_172,Our Parks,Our Parks,Beginners Bootcamp,Bootcamp & Outdoor Fitness,Bootcamp,True,0.0,Brockwell Park,SE24 0PA,Lambeth,51.452290766375,-0.105533454431,09:00,10:00,,1,False,https://ourparks.org.uk/borough/beginners-bootcamp-105783
ourparks_105785_173,Our Parks,Our Parks,Beginners Bootcamp,Bootcamp & Outdoor Fitness,Bootcamp,True,0.0,Brockwell Park,SE24 0PA,Lambeth,51.452290766375,-0.105533454431,09:00,10:00,,1,False,https://ourparks.org.uk/borough/beginners-bootcamp-105785
ourparks_105786_174,Our Parks,Our Parks,Beginners Bootcamp,Bootcamp & Outdoor Fitness,Bootcamp,True,0.0,Brockwell Park,SE24 0PA,Lambeth,51.452290766375,-0.105533454431,09:00,10:00,,1,False,https://ourparks.org.uk/borough/beginners-bootcamp-105786
ourparks_105787_175,Our Parks,Our Parks,Beginners Bootcamp,Bootcamp & Outdoor Fitness,Bootcamp,True,0.0,Brockwell Park,SE24 0PA,Lambeth,51.452290766375,-0.105533454431,09:00,10:00,,1,False,https://ourparks.org.uk/borough/beginners-bootcamp-105787
ourparks_105788_176,Our Parks,Our Parks,Beginners Bootcamp,Bootcamp & Outdoor Fitness,Bootcamp,True,0.0,Brockwell Park,SE24 0PA,Lambeth,51.452290766375,-0.105533454431,09:00,10:00,,1,False,https://ourparks.org.uk/borough/beginners-bootcamp-105788
ourparks_103212_177,Our Parks,Our Parks,Bootcamp,Bootcamp & Outdoor Fitness,Bootcamp,True,0.0,Victory Park (E20),E20 2ST,Newham,51.546291703992,-0.00978845673,18:00,19:00,,1,False,https://ourparks.org.uk/borough/bootcamp-103212
ourparks_106030_178,Our Parks,Our Parks,Beginners Bootcamp,Bootcamp & Outdoor Fitness,Bootcamp,True,0.0,"King Edward VII Park - Wembley, HA9 7QS",HA9 7QS,Brent,51.557962737092,-0.2950736601,10:00,11:00,,1,False,https://ourparks.org.uk/borough/beginners-bootcamp-106030
ourparks_106031_179,Our Parks,Our Parks,Beginners Bootcamp,Bootcamp & Outdoor Fitness,Bootcamp,True,0.0,"King Edward VII Park - Wembley, HA9 7QS",HA9 7QS,Brent,51.557962737092,-0.2950736601,10:00,11:00,,1,False,https://ourparks.org.uk/borough/beginners-bootcamp-106031
ourparks_106035_180,Our Parks,Our Parks,Beginners Bootcamp,Bootcamp & Outdoor Fitness,Bootcamp,True,0.0,"King Edward VII Park - Wembley, HA9 7QS",HA9 7QS,Brent,51.557962737092,-0.2950736601,10:00,11:00,,1,False,https://ourparks.org.uk/borough/beginners-bootcamp-106035
ourparks_106036_181,Our Parks,Our Parks,Beginners Bootcamp,Bootcamp & Outdoor Fitness,Bootcamp,True,0.0,"King Edward VII Park - Wembley, HA9 7QS",HA9 7QS,Brent,51.557962737092,-0.2950736601,10:00,11:00,,1,False,https://ourparks.org.uk/borough/beginners-bootcamp-106036
ourparks_106037_182,Our Parks,Our Parks,Beginners Bootcamp,Bootcamp & Outdoor Fitness,Bootcamp,True,0.0,"King Edward VII Park - Wembley, HA9 7QS",HA9 7QS,Brent,51.557962737092,-0.2950736601,10:00,11:00,,1,False,https://ourparks.org.uk/borough/beginners-bootcamp-106037
ourparks_106038_183,Our Parks,Our Parks,Beginners Bootcamp,Bootcamp & Outdoor Fitness,Bootcamp,True,0.0,"King Edward VII Park - Wembley, HA9 7QS",HA9 7QS,Brent,51.557962737092,-0.2950736601,10:00,11:00,,1,False,https://ourparks.org.uk/borough/beginners-bootcamp-106038
ourparks_106039_184,Our Parks,Our Parks,Beginners Bootcamp,Bootcamp & Outdoor Fitness,Bootcamp,True,0.0,"King Edward VII Park - Wembley, HA9 7QS",HA9 7QS,Brent,51.557962737092,-0.2950736601,10:00,11:00,,1,False,https://ourparks.org.uk/borough/beginners-bootcamp-106039
ourparks_106040_185,Our Parks,Our Parks,Beginners Bootcamp,Bootcamp & Outdoor Fitness,Bootcamp,True,0.0,"King Edward VII Park - Wembley, HA9 7QS",HA9 7QS,Brent,51.557962737092,-0.2950736601,10:00,11:00,,1,False,https://ourparks.org.uk/borough/beginners-bootcamp-106040
ourparks_106041_186,Our Parks,Our Parks,Beginners Bootcamp,Bootcamp & Outdoor Fitness,Bootcamp,True,0.0,"King Edward VII Park - Wembley, HA9 7QS",HA9 7QS,Brent,51.557962737092,-0.2950736601,10:00,11:00,,1,False,https://ourparks.org.uk/borough/beginners-bootcamp-106041
ourparks_106042_187,Our Parks,Our Parks,Beginners Bootcamp,Bootcamp & Outdoor Fitness,Bootcamp,True,0.0,"King Edward VII Park - Wembley, HA9 7QS",HA9 7QS,Brent,51.557962737092,-0.2950736601,10:00,11:00,,1,False,https://ourparks.org.uk/borough/beginners-bootcamp-106042
ourparks_106043_188,Our Parks,Our Parks,Beginners Bootcamp,Bootcamp & Outdoor Fitness,Bootcamp,True,0.0,"King Edward VII Park - Wembley, HA9 7QS",HA9 7QS,Brent,51.557962737092,-0.2950736601,10:00,11:00,,1,False,https://ourparks.org.uk/borough/beginners-bootcamp-106043
ourparks_106044_189,Our Parks,Our Parks,Beginners Bootcamp,Bootcamp & Outdoor Fitness,Bootcamp,True,0.0,"King Edward VII Park - Wembley, HA9 7QS",HA9 7QS,Brent,51.557962737092,-0.2950736601,10:00,11:00,,1,False,https://ourparks.org.uk/borough/beginners-bootcamp-106044
ourparks_106046_190,Our Parks,Our Parks,Beginners Bootcamp,Bootcamp & Outdoor Fitness,Bootcamp,True,0.0,"King Edward VII Park - Wembley, HA9 7QS",HA9 7QS,Brent,51.557962737092,-0.2950736601,10:00,11:00,,1,False,https://ourparks.org.uk/borough/beginners-bootcamp-106046
ourparks_106047_191,Our Parks,Our Parks,Beginners Bootcamp,Bootcamp & Outdoor Fitness,Bootcamp,True,0.0,"King Edward VII Park - Wembley, HA9 7QS",HA9 7QS,Brent,51.557962737092,-0.2950736601,10:00,11:00,,1,False,https://ourparks.org.uk/borough/beginners-bootcamp-106047
ourparks_106048_192,Our Parks,Our Parks,Beginners Bootcamp,Bootcamp & Outdoor Fitness,Bootcamp,True,0.0,"King Edward VII Park - Wembley, HA9 7QS",HA9 7QS,Brent,51.557962737092,-0.2950736601,10:00,11:00,,1,False,https://ourparks.org.uk/borough/beginners-bootcamp-106048
ourparks_106049_193,Our Parks,Our Parks,Beginners Bootcamp,Bootcamp & Outdoor Fitness,Bootcamp,True,0.0,"King Edward VII Park - Wembley, HA9 7QS",HA9 7QS,Brent,51.557962737092,-0.2950736601,10:00,11:00,,1,False,https://ourparks.org.uk/borough/beginners-bootcamp-106049
ourparks_106050_194,Our Parks,Our Parks,Beginners Bootcamp,Bootcamp & Outdoor Fitness,Bootcamp,True,0.0,"King Edward VII Park - Wembley, HA9 7QS",HA9 7QS,Brent,51.557962737092,-0.2950736601,10:00,11:00,,1,False,https://ourparks.org.uk/borough/beginners-bootcamp-106050
ourparks_106051_195,Our Parks,Our Parks,Beginners Bootcamp,Bootcamp & Outdoor Fitness,Bootcamp,True,0.0,"King Edward VII Park - Wembley, HA9 7QS",HA9 7QS,Brent,51.557962737092,-0.2950736601,10:00,11:00,,1,False,https://ourparks.org.uk/borough/beginners-bootcamp-106051
ourparks_106052_196,Our Parks,Our Parks,Beginners Bootcamp,Bootcamp & Outdoor Fitness,Bootcamp,True,0.0,"King Edward VII Park - Wembley, HA9 7QS",HA9 7QS,Brent,51.557962737092,-0.2950736601,10:00,11:00,,1,False,https://ourparks.org.uk/borough/beginners-bootcamp-106052
ourparks_106056_197,Our Parks,Our Parks,Beginners Bootcamp,Bootcamp & Outdoor Fitness,Bootcamp,True,0.0,"King Edward VII Park - Wembley, HA9 7QS",HA9 7QS,Brent,51.557962737092,-0.2950736601,10:00,11:00,,1,False,https://ourparks.org.uk/borough/beginners-bootcamp-106056
ourparks_106057_198,Our Parks,Our Parks,Beginners Bootcamp,Bootcamp & Outdoor Fitness,Bootcamp,True,0.0,"King Edward VII Park - Wembley, HA9 7QS",HA9 7QS,Brent,51.557962737092,-0.2950736601,10:00,11:00,,1,False,https://ourparks.org.uk/borough/beginners-bootcamp-106057
ourparks_106058_199,Our Parks,Our Parks,Beginners Bootcamp,Bootcamp & Outdoor Fitness,Bootcamp,True,0.0,"King Edward VII Park - Wembley, HA9 7QS",HA9 7QS,Brent,51.557962737092,-0.2950736601,10:00,11:00,,1,False,https://ourparks.org.uk/borough/beginners-bootcamp-106058
ourparks_106059_200,Our Parks,Our Parks,Beginners Bootcamp,Bootcamp & Outdoor Fitness,Bootcamp,True,0.0,"King Edward VII Park - Wembley, HA9 7QS",HA9 7QS,Brent,51.557962737092,-0.2950736601,10:00,11:00,,1,False,https://ourparks.org.uk/borough/beginners-bootcamp-106059
ourparks_106060_201,Our Parks,Our Parks,Beginners Bootcamp,Bootcamp & Outdoor Fitness,Bootcamp,True,0.0,"King Edward VII Park - Wembley, HA9 7QS",HA9 7QS,Brent,51.557962737092,-0.2950736601,10:00,11:00,,1,False,https://ourparks.org.uk/borough/beginners-bootcamp-106060
ourparks_106061_202,Our Parks,Our Parks,Beginners Bootcamp,Bootcamp & Outdoor Fitness,Bootcamp,True,0.0,"King Edward VII Park - Wembley, HA9 7QS",HA9 7QS,Brent,51.557962737092,-0.2950736601,10:00,11:00,,1,False,https://ourparks.org.uk/borough/beginners-bootcamp-106061
ourparks_106064_203,Our Parks,Our Parks,Beginners Bootcamp,Bootcamp & Outdoor Fitness,Bootcamp,True,0.0,"King Edward VII Park - Wembley, HA9 7QS",HA9 7QS,Brent,51.557962737092,-0.2950736601,10:00,11:00,,1,False,https://ourparks.org.uk/borough/beginners-bootcamp-106064
ourparks_103726_204,Our Parks,Our Parks,Full Body Workout,Bootcamp & Outdoor Fitness,Bootcamp,True,0.0,London Welsh RFC,TW9 2AZ,,51.4687957,-0.2952569,08:00,09:00,,1,False,https://ourparks.org.uk/borough/full-body-workout-103726
ourparks_103763_205,Our Parks,Our Parks,Full Body Workout,Bootcamp & Outdoor Fitness,Bootcamp,True,0.0,London Welsh RFC,TW9 2AZ,,51.4687957,-0.2952569,08:00,09:00,,1,False,https://ourparks.org.uk/borough/full-body-workout-103763
ourparks_105135_206,Our Parks,Our Parks,Beginners Bootcamp,Bootcamp & Outdoor Fitness,Bootcamp,True,0.0,Gladstone Park,NW2,Brent,51.5596147901,-0.236722632917,09:00,10:00,,1,False,https://ourparks.org.uk/borough/beginners-bootcamp-105135
ourparks_106095_207,Our Parks,Our Parks,Bootcamp,Bootcamp & Outdoor Fitness,Bootcamp,True,0.0,Slade Green Recreational Ground,DA8 2LX,Bexley,51.469708263156,0.198783354461,08:45,09:45,,1,False,https://ourparks.org.uk/borough/bootcamp-106095
ourparks_106096_208,Our Parks,Our Parks,Bootcamp,Bootcamp & Outdoor Fitness,Bootcamp,True,0.0,Slade Green Recreational Ground,DA8 2LX,Bexley,51.469708263156,0.198783354461,08:45,09:45,,1,False,https://ourparks.org.uk/borough/bootcamp-106096
ourparks_106098_209,Our Parks,Our Parks,Bootcamp,Bootcamp & Outdoor Fitness,Bootcamp,True,0.0,Slade Green Recreational Ground,DA8 2LX,Bexley,51.469708263156,0.198783354461,08:45,09:45,,1,False,https://ourparks.org.uk/borough/bootcamp-106098
ourparks_106099_210,Our Parks,Our Parks,Bootcamp,Bootcamp & Outdoor Fitness,Bootcamp,True,0.0,Slade Green Recreational Ground,DA8 2LX,Bexley,51.469708263156,0.198783354461,08:45,09:45,,1,False,https://ourparks.org.uk/borough/bootcamp-106099
ourparks_106106_211,Our Parks,Our Parks,Bootcamp,Bootcamp & Outdoor Fitness,Bootcamp,True,0.0,Hoblingwell Wood Recreation Ground,BR5 2QB,Bromley,51.402261016538,0.099742592442,09:00,10:00,,1,False,https://ourparks.org.uk/borough/bootcamp-106106
ourparks_106107_212,Our Parks,Our Parks,Bootcamp,Bootcamp & Outdoor Fitness,Bootcamp,True,0.0,Hoblingwell Wood Recreation Ground,BR5 2QB,Bromley,51.402261016538,0.099742592442,09:00,10:00,,1,False,https://ourparks.org.uk/borough/bootcamp-106107
ourparks_106108_213,Our Parks,Our Parks,Bootcamp,Bootcamp & Outdoor Fitness,Bootcamp,True,0.0,Hoblingwell Wood Recreation Ground,BR5 2QB,Bromley,51.402261016538,0.099742592442,09:00,10:00,,1,False,https://ourparks.org.uk/borough/bootcamp-106108
ourparks_106109_214,Our Parks,Our Parks,Bootcamp,Bootcamp & Outdoor Fitness,Bootcamp,True,0.0,Hoblingwell Wood Recreation Ground,BR5 2QB,Bromley,51.402261016538,0.099742592442,09:00,10:00,,1,False,https://ourparks.org.uk/borough/bootcamp-106109
ourparks_106111_215,Our Parks,Our Parks,Bootcamp,Bootcamp & Outdoor Fitness,Bootcamp,True,0.0,Hoblingwell Wood Recreation Ground,BR5 2QB,Bromley,51.402261016538,0.099742592442,09:00,10:00,,1,False,https://ourparks.org.uk/borough/bootcamp-106111
ourparks_106112_216,Our Parks,Our Parks,Bootcamp,Bootcamp & Outdoor Fitness,Bootcamp,True,0.0,Hoblingwell Wood Recreation Ground,BR5 2QB,Bromley,51.402261016538,0.099742592442,09:00,10:00,,1,False,https://ourparks.org.uk/borough/bootcamp-106112
ourparks_106113_217,Our Parks,Our Parks,Bootcamp,Bootcamp & Outdoor Fitness,Bootcamp,True,0.0,Beddington Park,SM6 7NN,,51.369874622426,-0.147107063538,08:30,09:30,,1,False,https://ourparks.org.uk/borough/bootcamp-106113
ourparks_106114_218,Our Parks,Our Parks,Bootcamp,Bootcamp & Outdoor Fitness,Bootcamp,True,0.0,Beddington Park,SM6 7NN,,51.369874622426,-0.147107063538,08:30,09:30,,1,False,https://ourparks.org.uk/borough/bootcamp-106114
ourparks_106118_219,Our Parks,Our Parks,Bootcamp,Bootcamp & Outdoor Fitness,Bootcamp,True,0.0,Beddington Park,SM6 7NN,,51.369874622426,-0.147107063538,08:30,09:30,,1,False,https://ourparks.org.uk/borough/bootcamp-106118
ourparks_106119_220,Our Parks,Our Parks,Bootcamp,Bootcamp & Outdoor Fitness,Bootcamp,True,0.0,Beddington Park,SM6 7NN,,51.369874622426,-0.147107063538,08:30,09:30,,1,False,https://ourparks.org.uk/borough/bootcamp-106119
ourparks_106120_221,Our Parks,Our Parks,Bootcamp,Bootcamp & Outdoor Fitness,Bootcamp,True,0.0,Beddington Park,SM6 7NN,,51.369874622426,-0.147107063538,08:30,09:30,,1,False,https://ourparks.org.uk/borough/bootcamp-106120
ourparks_106121_222,Our Parks,Our Parks,Bootcamp,Bootcamp & Outdoor Fitness,Bootcamp,True,0.0,Beddington Park,SM6 7NN,,51.369874622426,-0.147107063538,08:30,09:30,,1,False,https://ourparks.org.uk/borough/bootcamp-106121
ourparks_106123_223,Our Parks,Our Parks,Box Fit,Gym / Fitness,Boxing Fitness,True,0.0,Mabley Green,E9 5HS,Hackney,51.548910987039,-0.029284231249,09:00,10:00,,1,False,https://ourparks.org.uk/borough/box-fit-106123
ourparks_106124_224,Our Parks,Our Parks,Box Fit,Gym / Fitness,Boxing Fitness,True,0.0,Mabley Green,E9 5HS,Hackney,51.548910987039,-0.029284231249,09:00,10:00,,1,False,https://ourparks.org.uk/borough/box-fit-106124
ourparks_106125_225,Our Parks,Our Parks,Box Fit,Gym / Fitness,Boxing Fitness,True,0.0,Mabley Green,E9 5HS,Hackney,51.548910987039,-0.029284231249,09:00,10:00,,1,False,https://ourparks.org.uk/borough/box-fit-106125
ourparks_106126_226,Our Parks,Our Parks,Box Fit,Gym / Fitness,Boxing Fitness,True,0.0,Mabley Green,E9 5HS,Hackney,51.548910987039,-0.029284231249,09:00,10:00,,1,False,https://ourparks.org.uk/borough/box-fit-106126
ourparks_106127_227,Our Parks,Our Parks,Box Fit,Gym / Fitness,Boxing Fitness,True,0.0,Mabley Green,E9 5HS,Hackney,51.548910987039,-0.029284231249,09:00,10:00,,1,False,https://ourparks.org.uk/borough/box-fit-106127
ourparks_106128_228,Our Parks,Our Parks,Box Fit,Gym / Fitness,Boxing Fitness,True,0.0,Mabley Green,E9 5HS,Hackney,51.548910987039,-0.029284231249,09:00,10:00,,1,False,https://ourparks.org.uk/borough/box-fit-106128
ourparks_106129_229,Our Parks,Our Parks,Box Fit,Gym / Fitness,Boxing Fitness,True,0.0,Mabley Green,E9 5HS,Hackney,51.548910987039,-0.029284231249,09:00,10:00,,1,False,https://ourparks.org.uk/borough/box-fit-106129
ourparks_106130_230,Our Parks,Our Parks,Box Fit,Gym / Fitness,Boxing Fitness,True,0.0,Mabley Green,E9 5HS,Hackney,51.548910987039,-0.029284231249,09:00,10:00,,1,False,https://ourparks.org.uk/borough/box-fit-106130
ourparks_106131_231,Our Parks,Our Parks,LIIT,Bootcamp & Outdoor Fitness,Bootcamp,True,0.0,Greenwich Park,SE10 9JL,,51.479613763653,-0.006785005332,09:00,10:00,,1,False,https://ourparks.org.uk/borough/liit-106131
ourparks_106132_232,Our Parks,Our Parks,LIIT,Bootcamp & Outdoor Fitness,Bootcamp,True,0.0,Greenwich Park,SE10 9JL,,51.479613763653,-0.006785005332,09:00,10:00,,1,False,https://ourparks.org.uk/borough/liit-106132
ourparks_106133_233,Our Parks,Our Parks,LIIT,Bootcamp & Outdoor Fitness,Bootcamp,True,0.0,Greenwich Park,SE10 9JL,,51.479613763653,-0.006785005332,09:00,10:00,,1,False,https://ourparks.org.uk/borough/liit-106133
ourparks_106134_234,Our Parks,Our Parks,LIIT,Bootcamp & Outdoor Fitness,Bootcamp,True,0.0,Greenwich Park,SE10 9JL,,51.479613763653,-0.006785005332,09:00,10:00,,1,False,https://ourparks.org.uk/borough/liit-106134
ourparks_106137_235,Our Parks,Our Parks,LIIT,Bootcamp & Outdoor Fitness,Bootcamp,True,0.0,Greenwich Park,SE10 9JL,,51.479613763653,-0.006785005332,09:00,10:00,,1,False,https://ourparks.org.uk/borough/liit-106137
ourparks_106138_236,Our Parks,Our Parks,LIIT,Bootcamp & Outdoor Fitness,Bootcamp,True,0.0,Greenwich Park,SE10 9JL,,51.479613763653,-0.006785005332,09:00,10:00,,1,False,https://ourparks.org.uk/borough/liit-106138
ourparks_106139_237,Our Parks,Our Parks,LIIT,Bootcamp & Outdoor Fitness,Bootcamp,True,0.0,Greenwich Park,SE10 9JL,,51.479613763653,-0.006785005332,09:00,10:00,,1,False,https://ourparks.org.uk/borough/liit-106139
ourparks_106140_238,Our Parks,Our Parks,Bootcamp,Bootcamp & Outdoor Fitness,Bootcamp,True,0.0,Ruskin Park,SE5 9AW,Lambeth,51.465334687572,-0.094753186132,09:00,10:00,,1,False,https://ourparks.org.uk/borough/bootcamp-106140
ourparks_106141_239,Our Parks,Our Parks,Bootcamp,Bootcamp & Outdoor Fitness,Bootcamp,True,0.0,Ruskin Park,SE5 9AW,Lambeth,51.465334687572,-0.094753186132,09:00,10:00,,1,False,https://ourparks.org.uk/borough/bootcamp-106141
ourparks_106142_240,Our Parks,Our Parks,Bootcamp,Bootcamp & Outdoor Fitness,Bootcamp,True,0.0,Ruskin Park,SE5 9AW,Lambeth,51.465334687572,-0.094753186132,09:00,10:00,,1,False,https://ourparks.org.uk/borough/bootcamp-106142
ourparks_106032_241,Our Parks,Our Parks,Beginners Bootcamp,Bootcamp & Outdoor Fitness,Bootcamp,True,0.0,"King Edward VII Park - Wembley, HA9 7QS",HA9 7QS,Brent,51.557962737092,-0.2950736601,10:00,11:00,,1,False,https://ourparks.org.uk/borough/beginners-bootcamp-106032
ourparks_105029_242,Our Parks,Our Parks,Full Body Circuit,Bootcamp & Outdoor Fitness,Bootcamp,True,0.0,Roe Green Park,NW9 9HA,Brent,51.586109971363,-0.269687067103,09:00,10:00,,1,False,https://ourparks.org.uk/borough/full-body-circuit-105029
ourparks_106100_243,Our Parks,Our Parks,Bootcamp,Bootcamp & Outdoor Fitness,Bootcamp,True,0.0,Slade Green Recreational Ground,DA8 2LX,Bexley,51.469708263156,0.198783354461,09:00,10:00,,1,False,https://ourparks.org.uk/borough/bootcamp-106100
ourparks_106101_244,Our Parks,Our Parks,Bootcamp,Bootcamp & Outdoor Fitness,Bootcamp,True,0.0,Slade Green Recreational Ground,DA8 2LX,Bexley,51.469708263156,0.198783354461,09:00,10:00,,1,False,https://ourparks.org.uk/borough/bootcamp-106101
ourparks_106102_245,Our Parks,Our Parks,Bootcamp,Bootcamp & Outdoor Fitness,Bootcamp,True,0.0,Slade Green Recreational Ground,DA8 2LX,Bexley,51.469708263156,0.198783354461,09:00,10:00,,1,False,https://ourparks.org.uk/borough/bootcamp-106102
ourparks_106103_246,Our Parks,Our Parks,Bootcamp,Bootcamp & Outdoor Fitness,Bootcamp,True,0.0,Slade Green Recreational Ground,DA8 2LX,Bexley,51.469708263156,0.198783354461,09:00,10:00,,1,False,https://ourparks.org.uk/borough/bootcamp-106103
ourparks_106160_247,Our Parks,Our Parks,Back to Exercise,Group Exercise,Group Exercise,True,0.0,Brockwell Park,SE24 0PA,Lambeth,51.452290766375,-0.105533454431,17:30,18:30,,1,False,https://ourparks.org.uk/borough/back-exercise-106160
ourparks_106161_248,Our Parks,Our Parks,Back to Exercise,Group Exercise,Group Exercise,True,0.0,Brockwell Park,SE24 0PA,Lambeth,51.452290766375,-0.105533454431,17:30,18:30,,1,False,https://ourparks.org.uk/borough/back-exercise-106161
ourparks_106162_249,Our Parks,Our Parks,Back to Exercise,Group Exercise,Group Exercise,True,0.0,Brockwell Park,SE24 0PA,Lambeth,51.452290766375,-0.105533454431,17:30,18:30,,1,False,https://ourparks.org.uk/borough/back-exercise-106162
ourparks_106163_250,Our Parks,Our Parks,Back to Exercise,Group Exercise,Group Exercise,True,0.0,Brockwell Park,SE24 0PA,Lambeth,51.452290766375,-0.105533454431,17:30,18:30,,1,False,https://ourparks.org.uk/borough/back-exercise-106163
ourparks_106164_251,Our Parks,Our Parks,Back to Exercise,Group Exercise,Group Exercise,True,0.0,Brockwell Park,SE24 0PA,Lambeth,51.452290766375,-0.105533454431,17:30,18:30,,1,False,https://ourparks.org.uk/borough/back-exercise-106164
ourparks_106165_252,Our Parks,Our Parks,Back to Exercise,Group Exercise,Group Exercise,True,0.0,Brockwell Park,SE24 0PA,Lambeth,51.452290766375,-0.105533454431,17:30,18:30,,1,False,https://ourparks.org.uk/borough/back-exercise-106165
ourparks_106159_253,Our Parks,Our Parks,Back to Exercise,Group Exercise,Group Exercise,True,0.0,Brockwell Park,SE24 0PA,Lambeth,51.452290766375,-0.105533454431,17:30,18:30,,1,False,https://ourparks.org.uk/borough/back-exercise-106159
ourparks_98293_254,Our Parks,Our Parks,Bootcamp,Bootcamp & Outdoor Fitness,Bootcamp,True,0.0,Harefield Village Green,UB9 6EG,Hillingdon,51.604697285476,-0.480577927343,08:30,09:30,,1,False,https://ourparks.org.uk/borough/bootcamp-98293
ourparks_105784_255,Our Parks,Our Parks,Beginners Bootcamp,Bootcamp & Outdoor Fitness,Bootcamp,True,0.0,Brockwell Park,SE24 0PA,Lambeth,51.452290766375,-0.105533454431,09:00,10:00,,1,False,https://ourparks.org.uk/borough/beginners-bootcamp-105784
ourparks_103183_256,Our Parks,Our Parks,Beginners Bootcamp,Bootcamp & Outdoor Fitness,Bootcamp,True,0.0,North Millfields Recreation Ground,E5 0AR,Hackney,51.562186281586,-0.047345057653,08:00,09:00,,1,False,https://ourparks.org.uk/borough/beginners-bootcamp-103183
ourparks_106122_257,Our Parks,Our Parks,Box Fit,Gym / Fitness,Boxing Fitness,True,0.0,Mabley Green,E9 5HS,Hackney,51.548910987039,-0.029284231249,09:30,10:30,,1,False,https://ourparks.org.uk/borough/box-fit-106122
ourparks_104917_258,Our Parks,Our Parks,"Women's only - Abs, Bums & Thighs (ABT)",Gym / Fitness,Abs/Core,True,0.0,Bartlett Park,E14 6LA,Tower Hamlets,51.5152023,-0.0201571,09:00,10:00,,1,False,https://ourparks.org.uk/borough/womens-only-abs-bums-thighs-abt-104917
ourparks_103216_259,Our Parks,Our Parks,Pilates,"Yoga, Pilates & Studio",Pilates,True,0.0,Victory Park (E20),E20 2ST,Newham,51.546291703992,-0.00978845673,17:30,18:30,,1,False,https://ourparks.org.uk/borough/pilates-103216
ourparks_104920_260,Our Parks,Our Parks,"Women's only - Abs, Bums & Thighs (ABT)",Gym / Fitness,Abs/Core,True,0.0,Bartlett Park,E14 6LA,Tower Hamlets,51.5152023,-0.0201571,09:00,10:00,,1,False,https://ourparks.org.uk/borough/womens-only-abs-bums-thighs-abt-104920
ourparks_104057_261,Our Parks,Our Parks,Yoga,"Yoga, Pilates & Studio",Yoga,True,0.0,Victoria Park (LBTH),E9 5HT,Tower Hamlets,51.539720884667,-0.030759174101,09:00,10:00,,1,False,https://ourparks.org.uk/borough/yoga-104057
ourparks_103955_262,Our Parks,Our Parks,Bootcamp,Bootcamp & Outdoor Fitness,Bootcamp,True,0.0,Queens Park Gardens,W10 4QH,Westminster,51.5284574,-0.2089447,08:30,09:30,,1,False,https://ourparks.org.uk/borough/bootcamp-103955
ourparks_103809_263,Our Parks,Our Parks,Bootcamp,Bootcamp & Outdoor Fitness,Bootcamp,True,0.0,Regents Park,NW1 4HG,Camden,51.534602890205,-0.14999467612,09:00,10:00,,1,False,https://ourparks.org.uk/borough/bootcamp-103809
ourparks_103373_264,Our Parks,Our Parks,Bootcamp,Bootcamp & Outdoor Fitness,Bootcamp,True,0.0,Victory Park (E20),E20 2ST,Newham,51.546291703992,-0.00978845673,09:00,10:00,,1,False,https://ourparks.org.uk/borough/bootcamp-103373
ourparks_106097_265,Our Parks,Our Parks,Yoga,"Yoga, Pilates & Studio",Yoga,True,0.0,Slade Green Recreational Ground,DA8 2LX,Bexley,51.469708263156,0.198783354461,08:45,09:45,,1,False,https://ourparks.org.uk/borough/yoga-106097
ourparks_105887_266,Our Parks,Our Parks,Beginners Bootcamp,Bootcamp & Outdoor Fitness,Bootcamp,True,0.0,North Millfields Recreation Ground,E5 0AR,Hackney,51.562186281586,-0.047345057653,08:00,09:00,,1,False,https://ourparks.org.uk/borough/beginners-bootcamp-105887
ourparks_103859_267,Our Parks,Our Parks,Bootcamp,Bootcamp & Outdoor Fitness,Bootcamp,True,0.0,Hyde Park,SW7 1SG,Kensington and Chelsea,51.502586484832,-0.173725612847,09:00,10:00,,1,False,https://ourparks.org.uk/borough/bootcamp-103859
ourparks_106308_268,Our Parks,Our Parks,Low Impact Stretch,"Yoga, Pilates & Studio",Yoga,True,0.0,Craydene Open Space,DA8 2HR,Bexley,51.470321952769,0.184112241266,09:30,10:30,,1,False,https://ourparks.org.uk/borough/low-impact-stretch-106308
ourparks_106309_269,Our Parks,Our Parks,Low Impact Stretch,"Yoga, Pilates & Studio",Yoga,True,0.0,Craydene Open Space,DA8 2HR,Bexley,51.470321952769,0.184112241266,09:30,10:30,,1,False,https://ourparks.org.uk/borough/low-impact-stretch-106309
ourparks_106312_270,Our Parks,Our Parks,Low Impact Stretch,"Yoga, Pilates & Studio",Yoga,True,0.0,Craydene Open Space,DA8 2HR,Bexley,51.470321952769,0.184112241266,09:30,10:30,,1,False,https://ourparks.org.uk/borough/low-impact-stretch-106312
ourparks_106315_271,Our Parks,Our Parks,Low Impact Stretch,"Yoga, Pilates & Studio",Yoga,True,0.0,Craydene Open Space,DA8 2HR,Bexley,51.470321952769,0.184112241266,09:30,10:30,,1,False,https://ourparks.org.uk/borough/low-impact-stretch-106315
ourparks_106316_272,Our Parks,Our Parks,Low Impact Stretch,"Yoga, Pilates & Studio",Yoga,True,0.0,Craydene Open Space,DA8 2HR,Bexley,51.470321952769,0.184112241266,09:30,10:30,,1,False,https://ourparks.org.uk/borough/low-impact-stretch-106316
ourparks_106317_273,Our Parks,Our Parks,Low Impact Stretch,"Yoga, Pilates & Studio",Yoga,True,0.0,Craydene Open Space,DA8 2HR,Bexley,51.470321952769,0.184112241266,09:30,10:30,,1,False,https://ourparks.org.uk/borough/low-impact-stretch-106317
ourparks_106318_274,Our Parks,Our Parks,Low Impact Stretch,"Yoga, Pilates & Studio",Yoga,True,0.0,Craydene Open Space,DA8 2HR,Bexley,51.470321952769,0.184112241266,09:30,10:30,,1,False,https://ourparks.org.uk/borough/low-impact-stretch-106318
ourparks_106319_275,Our Parks,Our Parks,Low Impact Stretch,"Yoga, Pilates & Studio",Yoga,True,0.0,Craydene Open Space,DA8 2HR,Bexley,51.470321952769,0.184112241266,09:30,10:30,,1,False,https://ourparks.org.uk/borough/low-impact-stretch-106319
ourparks_106320_276,Our Parks,Our Parks,Low Impact Stretch,"Yoga, Pilates & Studio",Yoga,True,0.0,Craydene Open Space,DA8 2HR,Bexley,51.470321952769,0.184112241266,09:30,10:30,,1,False,https://ourparks.org.uk/borough/low-impact-stretch-106320
ourparks_106321_277,Our Parks,Our Parks,Low Impact Stretch,"Yoga, Pilates & Studio",Yoga,True,0.0,Craydene Open Space,DA8 2HR,Bexley,51.470321952769,0.184112241266,09:30,10:30,,1,False,https://ourparks.org.uk/borough/low-impact-stretch-106321
ourparks_106328_278,Our Parks,Our Parks,Low Impact Stretch,"Yoga, Pilates & Studio",Yoga,True,0.0,Craydene Open Space,DA8 2HR,Bexley,51.470321952769,0.184112241266,09:30,10:30,,1,False,https://ourparks.org.uk/borough/low-impact-stretch-106328
ourparks_106307_279,Our Parks,Our Parks,Low Impact Stretch,"Yoga, Pilates & Studio",Yoga,True,0.0,Craydene Open Space,DA8 2HR,Bexley,51.470321952769,0.184112241266,08:30,09:30,,1,False,https://ourparks.org.uk/borough/low-impact-stretch-106307
ourparks_106270_280,Our Parks,Our Parks,Beginners Bootcamp,Bootcamp & Outdoor Fitness,Bootcamp,True,0.0,East Wickham Open Space,DA16 3BJ,Bexley,51.47144151112,0.103413504169,08:30,09:30,,1,False,https://ourparks.org.uk/borough/beginners-bootcamp-106270
ourparks_106135_281,Our Parks,Our Parks,LIIT,Bootcamp & Outdoor Fitness,Bootcamp,True,0.0,Greenwich Park,SE10 9JL,,51.479613763653,-0.006785005332,09:00,10:00,,1,False,https://ourparks.org.uk/borough/liit-106135
ourparks_98295_282,Our Parks,Our Parks,Bootcamp,Bootcamp & Outdoor Fitness,Bootcamp,True,0.0,Harefield Village Green,UB9 6EG,Hillingdon,51.604697285476,-0.480577927343,08:30,09:30,,1,False,https://ourparks.org.uk/borough/bootcamp-98295
ourparks_103321_283,Our Parks,Our Parks,Box Fit,Gym / Fitness,Boxing Fitness,True,0.0,Victory Park (E20),E20 2ST,Newham,51.546291703992,-0.00978845673,17:00,18:00,,1,False,https://ourparks.org.uk/borough/box-fit-103321
ourparks_106115_284,Our Parks,Our Parks,Bootcamp,Bootcamp & Outdoor Fitness,Bootcamp,True,0.0,Beddington Park,SM6 7NN,,51.369874622426,-0.147107063538,08:30,09:30,,1,False,https://ourparks.org.uk/borough/bootcamp-106115
ourparks_106116_285,Our Parks,Our Parks,Bootcamp,Bootcamp & Outdoor Fitness,Bootcamp,True,0.0,Beddington Park,SM6 7NN,,51.369874622426,-0.147107063538,08:30,09:30,,1,False,https://ourparks.org.uk/borough/bootcamp-106116
ourparks_106117_286,Our Parks,Our Parks,Bootcamp,Bootcamp & Outdoor Fitness,Bootcamp,True,0.0,Beddington Park,SM6 7NN,,51.369874622426,-0.147107063538,08:30,09:30,,1,False,https://ourparks.org.uk/borough/bootcamp-106117
ourparks_103998_287,Our Parks,Our Parks,Bootcamp,Bootcamp & Outdoor Fitness,Bootcamp,True,0.0,Queens Park Gardens,W10 4QH,Westminster,51.5284574,-0.2089447,08:30,09:30,,1,False,https://ourparks.org.uk/borough/bootcamp-103998
ourparks_106408_288,Our Parks,Our Parks,Bootcamp,Bootcamp & Outdoor Fitness,Bootcamp,True,0.0,Slade Green Recreational Ground,DA8 2LX,Bexley,51.469708263156,0.198783354461,09:00,10:00,,1,False,https://ourparks.org.uk/borough/bootcamp-106408
ourparks_106409_289,Our Parks,Our Parks,Bootcamp,Bootcamp & Outdoor Fitness,Bootcamp,True,0.0,Slade Green Recreational Ground,DA8 2LX,Bexley,51.469708263156,0.198783354461,09:00,10:00,,1,False,https://ourparks.org.uk/borough/bootcamp-106409
ourparks_106410_290,Our Parks,Our Parks,Bootcamp,Bootcamp & Outdoor Fitness,Bootcamp,True,0.0,Slade Green Recreational Ground,DA8 2LX,Bexley,51.469708263156,0.198783354461,09:00,10:00,,1,False,https://ourparks.org.uk/borough/bootcamp-106410
ourparks_106411_291,Our Parks,Our Parks,Bootcamp,Bootcamp & Outdoor Fitness,Bootcamp,True,0.0,Slade Green Recreational Ground,DA8 2LX,Bexley,51.469708263156,0.198783354461,09:00,10:00,,1,False,https://ourparks.org.uk/borough/bootcamp-106411
ourparks_106412_292,Our Parks,Our Parks,Bootcamp,Bootcamp & Outdoor Fitness,Bootcamp,True,0.0,Slade Green Recreational Ground,DA8 2LX,Bexley,51.469708263156,0.198783354461,09:00,10:00,,1,False,https://ourparks.org.uk/borough/bootcamp-106412
ourparks_106413_293,Our Parks,Our Parks,Bootcamp,Bootcamp & Outdoor Fitness,Bootcamp,True,0.0,Slade Green Recreational Ground,DA8 2LX,Bexley,51.469708263156,0.198783354461,09:00,10:00,,1,False,https://ourparks.org.uk/borough/bootcamp-106413
ourparks_106414_294,Our Parks,Our Parks,Bootcamp,Bootcamp & Outdoor Fitness,Bootcamp,True,0.0,Slade Green Recreational Ground,DA8 2LX,Bexley,51.469708263156,0.198783354461,09:00,10:00,,1,False,https://ourparks.org.uk/borough/bootcamp-106414
ourparks_106415_295,Our Parks,Our Parks,Bootcamp,Bootcamp & Outdoor Fitness,Bootcamp,True,0.0,Slade Green Recreational Ground,DA8 2LX,Bexley,51.469708263156,0.198783354461,09:00,10:00,,1,False,https://ourparks.org.uk/borough/bootcamp-106415
ourparks_106416_296,Our Parks,Our Parks,Bootcamp,Bootcamp & Outdoor Fitness,Bootcamp,True,0.0,Slade Green Recreational Ground,DA8 2LX,Bexley,51.469708263156,0.198783354461,09:00,10:00,,1,False,https://ourparks.org.uk/borough/bootcamp-106416
ourparks_106417_297,Our Parks,Our Parks,Bootcamp,Bootcamp & Outdoor Fitness,Bootcamp,True,0.0,Slade Green Recreational Ground,DA8 2LX,Bexley,51.469708263156,0.198783354461,09:00,10:00,,1,False,https://ourparks.org.uk/borough/bootcamp-106417
ourparks_106418_298,Our Parks,Our Parks,Bootcamp,Bootcamp & Outdoor Fitness,Bootcamp,True,0.0,Slade Green Recreational Ground,DA8 2LX,Bexley,51.469708263156,0.198783354461,09:00,10:00,,1,False,https://ourparks.org.uk/borough/bootcamp-106418
ourparks_106422_299,Our Parks,Our Parks,Bootcamp,Bootcamp & Outdoor Fitness,Bootcamp,True,0.0,Slade Green Recreational Ground,DA8 2LX,Bexley,51.469708263156,0.198783354461,09:00,10:00,,1,False,https://ourparks.org.uk/borough/bootcamp-106422
ourparks_106423_300,Our Parks,Our Parks,Bootcamp,Bootcamp & Outdoor Fitness,Bootcamp,True,0.0,Slade Green Recreational Ground,DA8 2LX,Bexley,51.469708263156,0.198783354461,09:00,10:00,,1,False,https://ourparks.org.uk/borough/bootcamp-106423
ourparks_106424_301,Our Parks,Our Parks,Bootcamp,Bootcamp & Outdoor Fitness,Bootcamp,True,0.0,Slade Green Recreational Ground,DA8 2LX,Bexley,51.469708263156,0.198783354461,09:00,10:00,,1,False,https://ourparks.org.uk/borough/bootcamp-106424
ourparks_106425_302,Our Parks,Our Parks,Bootcamp,Bootcamp & Outdoor Fitness,Bootcamp,True,0.0,Slade Green Recreational Ground,DA8 2LX,Bexley,51.469708263156,0.198783354461,09:00,10:00,,1,False,https://ourparks.org.uk/borough/bootcamp-106425
ourparks_106427_303,Our Parks,Our Parks,Bootcamp,Bootcamp & Outdoor Fitness,Bootcamp,True,0.0,Hoblingwell Wood Recreation Ground,BR5 2QB,Bromley,51.402261016538,0.099742592442,09:00,10:00,,1,False,https://ourparks.org.uk/borough/bootcamp-106427
ourparks_106428_304,Our Parks,Our Parks,Bootcamp,Bootcamp & Outdoor Fitness,Bootcamp,True,0.0,Hoblingwell Wood Recreation Ground,BR5 2QB,Bromley,51.402261016538,0.099742592442,09:00,10:00,,1,False,https://ourparks.org.uk/borough/bootcamp-106428
ourparks_106429_305,Our Parks,Our Parks,Bootcamp,Bootcamp & Outdoor Fitness,Bootcamp,True,0.0,Hoblingwell Wood Recreation Ground,BR5 2QB,Bromley,51.402261016538,0.099742592442,09:00,10:00,,1,False,https://ourparks.org.uk/borough/bootcamp-106429
ourparks_106431_306,Our Parks,Our Parks,Bootcamp,Bootcamp & Outdoor Fitness,Bootcamp,True,0.0,Hoblingwell Wood Recreation Ground,BR5 2QB,Bromley,51.402261016538,0.099742592442,09:00,10:00,,1,False,https://ourparks.org.uk/borough/bootcamp-106431
ourparks_106433_307,Our Parks,Our Parks,Bootcamp,Bootcamp & Outdoor Fitness,Bootcamp,True,0.0,Hoblingwell Wood Recreation Ground,BR5 2QB,Bromley,51.402261016538,0.099742592442,09:00,10:00,,1,False,https://ourparks.org.uk/borough/bootcamp-106433
ourparks_106434_308,Our Parks,Our Parks,Bootcamp,Bootcamp & Outdoor Fitness,Bootcamp,True,0.0,Hoblingwell Wood Recreation Ground,BR5 2QB,Bromley,51.402261016538,0.099742592442,09:00,10:00,,1,False,https://ourparks.org.uk/borough/bootcamp-106434
ourparks_106435_309,Our Parks,Our Parks,Bootcamp,Bootcamp & Outdoor Fitness,Bootcamp,True,0.0,Hoblingwell Wood Recreation Ground,BR5 2QB,Bromley,51.402261016538,0.099742592442,09:00,10:00,,1,False,https://ourparks.org.uk/borough/bootcamp-106435
ourparks_106436_310,Our Parks,Our Parks,Bootcamp,Bootcamp & Outdoor Fitness,Bootcamp,True,0.0,Hoblingwell Wood Recreation Ground,BR5 2QB,Bromley,51.402261016538,0.099742592442,09:00,10:00,,1,False,https://ourparks.org.uk/borough/bootcamp-106436
ourparks_106437_311,Our Parks,Our Parks,Bootcamp,Bootcamp & Outdoor Fitness,Bootcamp,True,0.0,Hoblingwell Wood Recreation Ground,BR5 2QB,Bromley,51.402261016538,0.099742592442,09:00,10:00,,1,False,https://ourparks.org.uk/borough/bootcamp-106437
ourparks_106441_312,Our Parks,Our Parks,Bootcamp,Bootcamp & Outdoor Fitness,Bootcamp,True,0.0,Hoblingwell Wood Recreation Ground,BR5 2QB,Bromley,51.402261016538,0.099742592442,09:00,10:00,,1,False,https://ourparks.org.uk/borough/bootcamp-106441
ourparks_106442_313,Our Parks,Our Parks,Bootcamp,Bootcamp & Outdoor Fitness,Bootcamp,True,0.0,Hoblingwell Wood Recreation Ground,BR5 2QB,Bromley,51.402261016538,0.099742592442,09:00,10:00,,1,False,https://ourparks.org.uk/borough/bootcamp-106442
ourparks_106443_314,Our Parks,Our Parks,Bootcamp,Bootcamp & Outdoor Fitness,Bootcamp,True,0.0,Hoblingwell Wood Recreation Ground,BR5 2QB,Bromley,51.402261016538,0.099742592442,09:00,10:00,,1,False,https://ourparks.org.uk/borough/bootcamp-106443
ourparks_106444_315,Our Parks,Our Parks,Bootcamp,Bootcamp & Outdoor Fitness,Bootcamp,True,0.0,Hoblingwell Wood Recreation Ground,BR5 2QB,Bromley,51.402261016538,0.099742592442,09:00,10:00,,1,False,https://ourparks.org.uk/borough/bootcamp-106444
ourparks_106445_316,Our Parks,Our Parks,Bootcamp,Bootcamp & Outdoor Fitness,Bootcamp,True,0.0,Hoblingwell Wood Recreation Ground,BR5 2QB,Bromley,51.402261016538,0.099742592442,09:00,10:00,,1,False,https://ourparks.org.uk/borough/bootcamp-106445
ourparks_106447_317,Our Parks,Our Parks,Bootcamp,Bootcamp & Outdoor Fitness,Bootcamp,True,0.0,Beddington Park,SM6 7NN,,51.369874622426,-0.147107063538,08:30,09:30,,1,False,https://ourparks.org.uk/borough/bootcamp-106447
ourparks_106449_318,Our Parks,Our Parks,Bootcamp,Bootcamp & Outdoor Fitness,Bootcamp,True,0.0,Beddington Park,SM6 7NN,,51.369874622426,-0.147107063538,08:30,09:30,,1,False,https://ourparks.org.uk/borough/bootcamp-106449
ourparks_106450_319,Our Parks,Our Parks,Bootcamp,Bootcamp & Outdoor Fitness,Bootcamp,True,0.0,Beddington Park,SM6 7NN,,51.369874622426,-0.147107063538,08:30,09:30,,1,False,https://ourparks.org.uk/borough/bootcamp-106450
ourparks_106451_320,Our Parks,Our Parks,Bootcamp,Bootcamp & Outdoor Fitness,Bootcamp,True,0.0,Beddington Park,SM6 7NN,,51.369874622426,-0.147107063538,08:30,09:30,,1,False,https://ourparks.org.uk/borough/bootcamp-106451
ourparks_106452_321,Our Parks,Our Parks,Bootcamp,Bootcamp & Outdoor Fitness,Bootcamp,True,0.0,Beddington Park,SM6 7NN,,51.369874622426,-0.147107063538,08:30,09:30,,1,False,https://ourparks.org.uk/borough/bootcamp-106452
ourparks_106453_322,Our Parks,Our Parks,Bootcamp,Bootcamp & Outdoor Fitness,Bootcamp,True,0.0,Beddington Park,SM6 7NN,,51.369874622426,-0.147107063538,08:30,09:30,,1,False,https://ourparks.org.uk/borough/bootcamp-106453
ourparks_106454_323,Our Parks,Our Parks,Bootcamp,Bootcamp & Outdoor Fitness,Bootcamp,True,0.0,Beddington Park,SM6 7NN,,51.369874622426,-0.147107063538,08:30,09:30,,1,False,https://ourparks.org.uk/borough/bootcamp-106454
ourparks_106455_324,Our Parks,Our Parks,Bootcamp,Bootcamp & Outdoor Fitness,Bootcamp,True,0.0,Beddington Park,SM6 7NN,,51.369874622426,-0.147107063538,08:30,09:30,,1,False,https://ourparks.org.uk/borough/bootcamp-106455
ourparks_106456_325,Our Parks,Our Parks,Bootcamp,Bootcamp & Outdoor Fitness,Bootcamp,True,0.0,Beddington Park,SM6 7NN,,51.369874622426,-0.147107063538,08:30,09:30,,1,False,https://ourparks.org.uk/borough/bootcamp-106456
ourparks_106457_326,Our Parks,Our Parks,Bootcamp,Bootcamp & Outdoor Fitness,Bootcamp,True,0.0,Beddington Park,SM6 7NN,,51.369874622426,-0.147107063538,08:30,09:30,,1,False,https://ourparks.org.uk/borough/bootcamp-106457
ourparks_106461_327,Our Parks,Our Parks,Bootcamp,Bootcamp & Outdoor Fitness,Bootcamp,True,0.0,Beddington Park,SM6 7NN,,51.369874622426,-0.147107063538,08:30,09:30,,1,False,https://ourparks.org.uk/borough/bootcamp-106461
ourparks_106462_328,Our Parks,Our Parks,Bootcamp,Bootcamp & Outdoor Fitness,Bootcamp,True,0.0,Beddington Park,SM6 7NN,,51.369874622426,-0.147107063538,08:30,09:30,,1,False,https://ourparks.org.uk/borough/bootcamp-106462
ourparks_106463_329,Our Parks,Our Parks,Bootcamp,Bootcamp & Outdoor Fitness,Bootcamp,True,0.0,Beddington Park,SM6 7NN,,51.369874622426,-0.147107063538,08:30,09:30,,1,False,https://ourparks.org.uk/borough/bootcamp-106463
ourparks_106464_330,Our Parks,Our Parks,Bootcamp,Bootcamp & Outdoor Fitness,Bootcamp,True,0.0,Beddington Park,SM6 7NN,,51.369874622426,-0.147107063538,08:30,09:30,,1,False,https://ourparks.org.uk/borough/bootcamp-106464
ourparks_106465_331,Our Parks,Our Parks,Bootcamp,Bootcamp & Outdoor Fitness,Bootcamp,True,0.0,Beddington Park,SM6 7NN,,51.369874622426,-0.147107063538,08:30,09:30,,1,False,https://ourparks.org.uk/borough/bootcamp-106465
ourparks_106466_332,Our Parks,Our Parks,Box Fit,Gym / Fitness,Boxing Fitness,True,0.0,Mabley Green,E9 5HS,Hackney,51.548910987039,-0.029284231249,09:00,10:00,,1,False,https://ourparks.org.uk/borough/box-fit-106466
ourparks_106467_333,Our Parks,Our Parks,Box Fit,Gym / Fitness,Boxing Fitness,True,0.0,Mabley Green,E9 5HS,Hackney,51.548910987039,-0.029284231249,09:00,10:00,,1,False,https://ourparks.org.uk/borough/box-fit-106467
ourparks_106468_334,Our Parks,Our Parks,Box Fit,Gym / Fitness,Boxing Fitness,True,0.0,Mabley Green,E9 5HS,Hackney,51.548910987039,-0.029284231249,09:00,10:00,,1,False,https://ourparks.org.uk/borough/box-fit-106468
ourparks_106469_335,Our Parks,Our Parks,Box Fit,Gym / Fitness,Boxing Fitness,True,0.0,Mabley Green,E9 5HS,Hackney,51.548910987039,-0.029284231249,09:00,10:00,,1,False,https://ourparks.org.uk/borough/box-fit-106469
ourparks_106470_336,Our Parks,Our Parks,Box Fit,Gym / Fitness,Boxing Fitness,True,0.0,Mabley Green,E9 5HS,Hackney,51.548910987039,-0.029284231249,09:00,10:00,,1,False,https://ourparks.org.uk/borough/box-fit-106470
ourparks_106471_337,Our Parks,Our Parks,Box Fit,Gym / Fitness,Boxing Fitness,True,0.0,Mabley Green,E9 5HS,Hackney,51.548910987039,-0.029284231249,09:00,10:00,,1,False,https://ourparks.org.uk/borough/box-fit-106471
ourparks_106472_338,Our Parks,Our Parks,Box Fit,Gym / Fitness,Boxing Fitness,True,0.0,Mabley Green,E9 5HS,Hackney,51.548910987039,-0.029284231249,09:00,10:00,,1,False,https://ourparks.org.uk/borough/box-fit-106472
ourparks_106473_339,Our Parks,Our Parks,Box Fit,Gym / Fitness,Boxing Fitness,True,0.0,Mabley Green,E9 5HS,Hackney,51.548910987039,-0.029284231249,09:00,10:00,,1,False,https://ourparks.org.uk/borough/box-fit-106473
ourparks_106474_340,Our Parks,Our Parks,Box Fit,Gym / Fitness,Boxing Fitness,True,0.0,Mabley Green,E9 5HS,Hackney,51.548910987039,-0.029284231249,09:00,10:00,,1,False,https://ourparks.org.uk/borough/box-fit-106474
ourparks_106475_341,Our Parks,Our Parks,Box Fit,Gym / Fitness,Boxing Fitness,True,0.0,Mabley Green,E9 5HS,Hackney,51.548910987039,-0.029284231249,09:00,10:00,,1,False,https://ourparks.org.uk/borough/box-fit-106475
ourparks_106476_342,Our Parks,Our Parks,Box Fit,Gym / Fitness,Boxing Fitness,True,0.0,Mabley Green,E9 5HS,Hackney,51.548910987039,-0.029284231249,09:00,10:00,,1,False,https://ourparks.org.uk/borough/box-fit-106476
ourparks_106480_343,Our Parks,Our Parks,Box Fit,Gym / Fitness,Boxing Fitness,True,0.0,Mabley Green,E9 5HS,Hackney,51.548910987039,-0.029284231249,09:00,10:00,,1,False,https://ourparks.org.uk/borough/box-fit-106480
ourparks_106481_344,Our Parks,Our Parks,Box Fit,Gym / Fitness,Boxing Fitness,True,0.0,Mabley Green,E9 5HS,Hackney,51.548910987039,-0.029284231249,09:00,10:00,,1,False,https://ourparks.org.uk/borough/box-fit-106481
ourparks_106482_345,Our Parks,Our Parks,Box Fit,Gym / Fitness,Boxing Fitness,True,0.0,Mabley Green,E9 5HS,Hackney,51.548910987039,-0.029284231249,09:00,10:00,,1,False,https://ourparks.org.uk/borough/box-fit-106482
ourparks_106483_346,Our Parks,Our Parks,Box Fit,Gym / Fitness,Boxing Fitness,True,0.0,Mabley Green,E9 5HS,Hackney,51.548910987039,-0.029284231249,09:00,10:00,,1,False,https://ourparks.org.uk/borough/box-fit-106483
ourparks_106484_347,Our Parks,Our Parks,Box Fit,Gym / Fitness,Boxing Fitness,True,0.0,Mabley Green,E9 5HS,Hackney,51.548910987039,-0.029284231249,09:00,10:00,,1,False,https://ourparks.org.uk/borough/box-fit-106484
ourparks_106486_348,Our Parks,Our Parks,HIIT,Gym / Fitness,HIIT,True,0.0,Hampstead Heath,NW5 1QY,,51.559276267073,-0.15334605909,09:00,10:00,,1,False,https://ourparks.org.uk/borough/hiit-106486
ourparks_106487_349,Our Parks,Our Parks,HIIT,Gym / Fitness,HIIT,True,0.0,Hampstead Heath,NW5 1QY,,51.559276267073,-0.15334605909,09:00,10:00,,1,False,https://ourparks.org.uk/borough/hiit-106487
ourparks_106488_350,Our Parks,Our Parks,HIIT,Gym / Fitness,HIIT,True,0.0,Hampstead Heath,NW5 1QY,,51.559276267073,-0.15334605909,09:00,10:00,,1,False,https://ourparks.org.uk/borough/hiit-106488
ourparks_106489_351,Our Parks,Our Parks,HIIT,Gym / Fitness,HIIT,True,0.0,Hampstead Heath,NW5 1QY,,51.559276267073,-0.15334605909,09:00,10:00,,1,False,https://ourparks.org.uk/borough/hiit-106489
ourparks_106490_352,Our Parks,Our Parks,HIIT,Gym / Fitness,HIIT,True,0.0,Hampstead Heath,NW5 1QY,,51.559276267073,-0.15334605909,09:00,10:00,,1,False,https://ourparks.org.uk/borough/hiit-106490
ourparks_106491_353,Our Parks,Our Parks,HIIT,Gym / Fitness,HIIT,True,0.0,Hampstead Heath,NW5 1QY,,51.559276267073,-0.15334605909,09:00,10:00,,1,False,https://ourparks.org.uk/borough/hiit-106491
ourparks_106492_354,Our Parks,Our Parks,HIIT,Gym / Fitness,HIIT,True,0.0,Hampstead Heath,NW5 1QY,,51.559276267073,-0.15334605909,09:00,10:00,,1,False,https://ourparks.org.uk/borough/hiit-106492
ourparks_106493_355,Our Parks,Our Parks,HIIT,Gym / Fitness,HIIT,True,0.0,Hampstead Heath,NW5 1QY,,51.559276267073,-0.15334605909,09:00,10:00,,1,False,https://ourparks.org.uk/borough/hiit-106493
ourparks_106497_356,Our Parks,Our Parks,HIIT,Gym / Fitness,HIIT,True,0.0,Hampstead Heath,NW5 1QY,,51.559276267073,-0.15334605909,09:00,10:00,,1,False,https://ourparks.org.uk/borough/hiit-106497
ourparks_106498_357,Our Parks,Our Parks,HIIT,Gym / Fitness,HIIT,True,0.0,Hampstead Heath,NW5 1QY,,51.559276267073,-0.15334605909,09:00,10:00,,1,False,https://ourparks.org.uk/borough/hiit-106498
ourparks_106499_358,Our Parks,Our Parks,HIIT,Gym / Fitness,HIIT,True,0.0,Hampstead Heath,NW5 1QY,,51.559276267073,-0.15334605909,09:00,10:00,,1,False,https://ourparks.org.uk/borough/hiit-106499
ourparks_106500_359,Our Parks,Our Parks,HIIT,Gym / Fitness,HIIT,True,0.0,Hampstead Heath,NW5 1QY,,51.559276267073,-0.15334605909,09:00,10:00,,1,False,https://ourparks.org.uk/borough/hiit-106500
ourparks_106521_360,Our Parks,Our Parks,Bootcamp,Bootcamp & Outdoor Fitness,Bootcamp,True,0.0,Ruskin Park,SE5 9AW,Lambeth,51.465334687572,-0.094753186132,09:00,10:00,,1,False,https://ourparks.org.uk/borough/bootcamp-106521
ourparks_106522_361,Our Parks,Our Parks,Bootcamp,Bootcamp & Outdoor Fitness,Bootcamp,True,0.0,Ruskin Park,SE5 9AW,Lambeth,51.465334687572,-0.094753186132,09:00,10:00,,1,False,https://ourparks.org.uk/borough/bootcamp-106522
ourparks_106523_362,Our Parks,Our Parks,Bootcamp,Bootcamp & Outdoor Fitness,Bootcamp,True,0.0,Ruskin Park,SE5 9AW,Lambeth,51.465334687572,-0.094753186132,09:00,10:00,,1,False,https://ourparks.org.uk/borough/bootcamp-106523
ourparks_106524_363,Our Parks,Our Parks,Bootcamp,Bootcamp & Outdoor Fitness,Bootcamp,True,0.0,Ruskin Park,SE5 9AW,Lambeth,51.465334687572,-0.094753186132,09:00,10:00,,1,False,https://ourparks.org.uk/borough/bootcamp-106524
ourparks_106525_364,Our Parks,Our Parks,Bootcamp,Bootcamp & Outdoor Fitness,Bootcamp,True,0.0,Ruskin Park,SE5 9AW,Lambeth,51.465334687572,-0.094753186132,09:00,10:00,,1,False,https://ourparks.org.uk/borough/bootcamp-106525
ourparks_106526_365,Our Parks,Our Parks,Bootcamp,Bootcamp & Outdoor Fitness,Bootcamp,True,0.0,Ruskin Park,SE5 9AW,Lambeth,51.465334687572,-0.094753186132,09:00,10:00,,1,False,https://ourparks.org.uk/borough/bootcamp-106526
ourparks_106527_366,Our Parks,Our Parks,Bootcamp,Bootcamp & Outdoor Fitness,Bootcamp,True,0.0,Ruskin Park,SE5 9AW,Lambeth,51.465334687572,-0.094753186132,09:00,10:00,,1,False,https://ourparks.org.uk/borough/bootcamp-106527
ourparks_106528_367,Our Parks,Our Parks,Bootcamp,Bootcamp & Outdoor Fitness,Bootcamp,True,0.0,Ruskin Park,SE5 9AW,Lambeth,51.465334687572,-0.094753186132,09:00,10:00,,1,False,https://ourparks.org.uk/borough/bootcamp-106528
ourparks_106529_368,Our Parks,Our Parks,Bootcamp,Bootcamp & Outdoor Fitness,Bootcamp,True,0.0,Ruskin Park,SE5 9AW,Lambeth,51.465334687572,-0.094753186132,09:00,10:00,,1,False,https://ourparks.org.uk/borough/bootcamp-106529
ourparks_106530_369,Our Parks,Our Parks,Bootcamp,Bootcamp & Outdoor Fitness,Bootcamp,True,0.0,Ruskin Park,SE5 9AW,Lambeth,51.465334687572,-0.094753186132,09:00,10:00,,1,False,https://ourparks.org.uk/borough/bootcamp-106530
ourparks_106540_370,Our Parks,Our Parks,Bootcamp,Bootcamp & Outdoor Fitness,Bootcamp,True,0.0,Stratford Park,E15 4PT,,51.539172347486,0.007154249428,09:30,10:30,,1,False,https://ourparks.org.uk/borough/bootcamp-106540
ourparks_106541_371,Our Parks,Our Parks,Bootcamp,Bootcamp & Outdoor Fitness,Bootcamp,True,0.0,Stratford Park,E15 4PT,,51.539172347486,0.007154249428,09:30,10:30,,1,False,https://ourparks.org.uk/borough/bootcamp-106541
ourparks_106542_372,Our Parks,Our Parks,Bootcamp,Bootcamp & Outdoor Fitness,Bootcamp,True,0.0,Stratford Park,E15 4PT,,51.539172347486,0.007154249428,09:30,10:30,,1,False,https://ourparks.org.uk/borough/bootcamp-106542
ourparks_106543_373,Our Parks,Our Parks,Bootcamp,Bootcamp & Outdoor Fitness,Bootcamp,True,0.0,Stratford Park,E15 4PT,,51.539172347486,0.007154249428,09:30,10:30,,1,False,https://ourparks.org.uk/borough/bootcamp-106543
ourparks_106544_374,Our Parks,Our Parks,Bootcamp,Bootcamp & Outdoor Fitness,Bootcamp,True,0.0,Stratford Park,E15 4PT,,51.539172347486,0.007154249428,09:30,10:30,,1,False,https://ourparks.org.uk/borough/bootcamp-106544
ourparks_106545_375,Our Parks,Our Parks,Bootcamp,Bootcamp & Outdoor Fitness,Bootcamp,True,0.0,Stratford Park,E15 4PT,,51.539172347486,0.007154249428,09:30,10:30,,1,False,https://ourparks.org.uk/borough/bootcamp-106545
ourparks_106546_376,Our Parks,Our Parks,Bootcamp,Bootcamp & Outdoor Fitness,Bootcamp,True,0.0,Stratford Park,E15 4PT,,51.539172347486,0.007154249428,09:30,10:30,,1,False,https://ourparks.org.uk/borough/bootcamp-106546
ourparks_106547_377,Our Parks,Our Parks,Bootcamp,Bootcamp & Outdoor Fitness,Bootcamp,True,0.0,Stratford Park,E15 4PT,,51.539172347486,0.007154249428,09:30,10:30,,1,False,https://ourparks.org.uk/borough/bootcamp-106547
ourparks_106548_378,Our Parks,Our Parks,Bootcamp,Bootcamp & Outdoor Fitness,Bootcamp,True,0.0,Stratford Park,E15 4PT,,51.539172347486,0.007154249428,09:30,10:30,,1,False,https://ourparks.org.uk/borough/bootcamp-106548
ourparks_106550_379,Our Parks,Our Parks,Bootcamp,Bootcamp & Outdoor Fitness,Bootcamp,True,0.0,Stratford Park,E15 4PT,,51.539172347486,0.007154249428,09:30,10:30,,1,False,https://ourparks.org.uk/borough/bootcamp-106550
ourparks_106551_380,Our Parks,Our Parks,Bootcamp,Bootcamp & Outdoor Fitness,Bootcamp,True,0.0,Stratford Park,E15 4PT,,51.539172347486,0.007154249428,09:30,10:30,,1,False,https://ourparks.org.uk/borough/bootcamp-106551
ourparks_106552_381,Our Parks,Our Parks,Bootcamp,Bootcamp & Outdoor Fitness,Bootcamp,True,0.0,Stratford Park,E15 4PT,,51.539172347486,0.007154249428,09:30,10:30,,1,False,https://ourparks.org.uk/borough/bootcamp-106552
ourparks_106553_382,Our Parks,Our Parks,Bootcamp,Bootcamp & Outdoor Fitness,Bootcamp,True,0.0,Stratford Park,E15 4PT,,51.539172347486,0.007154249428,09:30,10:30,,1,False,https://ourparks.org.uk/borough/bootcamp-106553
ourparks_106554_383,Our Parks,Our Parks,Bootcamp,Bootcamp & Outdoor Fitness,Bootcamp,True,0.0,Stratford Park,E15 4PT,,51.539172347486,0.007154249428,09:30,10:30,,1,False,https://ourparks.org.uk/borough/bootcamp-106554
ourparks_106555_384,Our Parks,Our Parks,Bootcamp,Bootcamp & Outdoor Fitness,Bootcamp,True,0.0,Stratford Park,E15 4PT,,51.539172347486,0.007154249428,09:30,10:30,,1,False,https://ourparks.org.uk/borough/bootcamp-106555
ourparks_106556_385,Our Parks,Our Parks,Bootcamp,Bootcamp & Outdoor Fitness,Bootcamp,True,0.0,Stratford Park,E15 4PT,,51.539172347486,0.007154249428,09:30,10:30,,1,False,https://ourparks.org.uk/borough/bootcamp-106556
ourparks_106557_386,Our Parks,Our Parks,Bootcamp,Bootcamp & Outdoor Fitness,Bootcamp,True,0.0,Stratford Park,E15 4PT,,51.539172347486,0.007154249428,09:30,10:30,,1,False,https://ourparks.org.uk/borough/bootcamp-106557
ourparks_105031_387,Our Parks,Our Parks,Full Body Circuit,Bootcamp & Outdoor Fitness,Bootcamp,True,0.0,Roe Green Park,NW9 9HA,Brent,51.586109971363,-0.269687067103,09:00,10:00,,1,False,https://ourparks.org.uk/borough/full-body-circuit-105031
ourparks_102308_388,Our Parks,Our Parks,HIIT,Gym / Fitness,HIIT,True,0.0,Hampstead Heath,NW5 1QY,,51.559276267073,-0.15334605909,09:00,10:00,,1,False,https://ourparks.org.uk/borough/hiit-102308
ourparks_103322_389,Our Parks,Our Parks,Box Fit,Gym / Fitness,Boxing Fitness,True,0.0,Victory Park (E20),E20 2ST,Newham,51.546291703992,-0.00978845673,17:00,18:00,,1,False,https://ourparks.org.uk/borough/box-fit-103322
ourparks_105889_390,Our Parks,Our Parks,Beginners Bootcamp,Bootcamp & Outdoor Fitness,Bootcamp,True,0.0,North Millfields Recreation Ground,E5 0AR,Hackney,51.562186281586,-0.047345057653,08:00,09:00,,1,False,https://ourparks.org.uk/borough/beginners-bootcamp-105889
ourparks_105921_391,Our Parks,Our Parks,"Legs, Bums & Tums (LBT)",Gym / Fitness,Abs/Core,True,0.0,North Millfields Recreation Ground,E5 0AR,Hackney,51.562186281586,-0.047345057653,09:00,10:00,,1,False,https://ourparks.org.uk/borough/legs-bums-tums-lbt-105921
ourparks_106166_392,Our Parks,Our Parks,Back to Exercise,Group Exercise,Group Exercise,True,0.0,Brockwell Park,SE24 0PA,Lambeth,51.452290766375,-0.105533454431,17:30,18:30,,1,False,https://ourparks.org.uk/borough/back-exercise-106166
ourparks_104873_393,Our Parks,Our Parks,Bootcamp,Bootcamp & Outdoor Fitness,Bootcamp,True,0.0,Hillingdon Court Park,UB10 9NT,Hillingdon,51.542145414625,-0.453846634192,09:00,10:00,,1,False,https://ourparks.org.uk/borough/bootcamp-104873
ourparks_104874_394,Our Parks,Our Parks,Bootcamp,Bootcamp & Outdoor Fitness,Bootcamp,True,0.0,Hillingdon Court Park,UB10 9NT,Hillingdon,51.542145414625,-0.453846634192,09:00,10:00,,1,False,https://ourparks.org.uk/borough/bootcamp-104874
ourparks_104875_395,Our Parks,Our Parks,Bootcamp,Bootcamp & Outdoor Fitness,Bootcamp,True,0.0,Hillingdon Court Park,UB10 9NT,Hillingdon,51.542145414625,-0.453846634192,09:00,10:00,,1,False,https://ourparks.org.uk/borough/bootcamp-104875
ourparks_104877_396,Our Parks,Our Parks,Bootcamp,Bootcamp & Outdoor Fitness,Bootcamp,True,0.0,Hillingdon Court Park,UB10 9NT,Hillingdon,51.542145414625,-0.453846634192,09:00,10:00,,1,False,https://ourparks.org.uk/borough/bootcamp-104877
ourparks_104879_397,Our Parks,Our Parks,Bootcamp,Bootcamp & Outdoor Fitness,Bootcamp,True,0.0,Hillingdon Court Park,UB10 9NT,Hillingdon,51.542145414625,-0.453846634192,09:00,10:00,,1,False,https://ourparks.org.uk/borough/bootcamp-104879
ourparks_104880_398,Our Parks,Our Parks,Bootcamp,Bootcamp & Outdoor Fitness,Bootcamp,True,0.0,Hillingdon Court Park,UB10 9NT,Hillingdon,51.542145414625,-0.453846634192,09:00,10:00,,1,False,https://ourparks.org.uk/borough/bootcamp-104880
ourparks_104882_399,Our Parks,Our Parks,Bootcamp,Bootcamp & Outdoor Fitness,Bootcamp,True,0.0,Hillingdon Court Park,UB10 9NT,Hillingdon,51.542145414625,-0.453846634192,09:00,10:00,,1,False,https://ourparks.org.uk/borough/bootcamp-104882
ourparks_104883_400,Our Parks,Our Parks,Bootcamp,Bootcamp & Outdoor Fitness,Bootcamp,True,0.0,Hillingdon Court Park,UB10 9NT,Hillingdon,51.542145414625,-0.453846634192,09:00,10:00,,1,False,https://ourparks.org.uk/borough/bootcamp-104883
ourparks_104884_401,Our Parks,Our Parks,Bootcamp,Bootcamp & Outdoor Fitness,Bootcamp,True,0.0,Hillingdon Court Park,UB10 9NT,Hillingdon,51.542145414625,-0.453846634192,09:00,10:00,,1,False,https://ourparks.org.uk/borough/bootcamp-104884
ourparks_104885_402,Our Parks,Our Parks,Bootcamp,Bootcamp & Outdoor Fitness,Bootcamp,True,0.0,Hillingdon Court Park,UB10 9NT,Hillingdon,51.542145414625,-0.453846634192,09:00,10:00,,1,False,https://ourparks.org.uk/borough/bootcamp-104885
ourparks_104886_403,Our Parks,Our Parks,Bootcamp,Bootcamp & Outdoor Fitness,Bootcamp,True,0.0,Hillingdon Court Park,UB10 9NT,Hillingdon,51.542145414625,-0.453846634192,09:00,10:00,,1,False,https://ourparks.org.uk/borough/bootcamp-104886
ourparks_104887_404,Our Parks,Our Parks,Bootcamp,Bootcamp & Outdoor Fitness,Bootcamp,True,0.0,Hillingdon Court Park,UB10 9NT,Hillingdon,51.542145414625,-0.453846634192,09:00,10:00,,1,False,https://ourparks.org.uk/borough/bootcamp-104887
ourparks_104888_405,Our Parks,Our Parks,Bootcamp,Bootcamp & Outdoor Fitness,Bootcamp,True,0.0,Hillingdon Court Park,UB10 9NT,Hillingdon,51.542145414625,-0.453846634192,09:00,10:00,,1,False,https://ourparks.org.uk/borough/bootcamp-104888
ourparks_104889_406,Our Parks,Our Parks,Bootcamp,Bootcamp & Outdoor Fitness,Bootcamp,True,0.0,Hillingdon Court Park,UB10 9NT,Hillingdon,51.542145414625,-0.453846634192,09:00,10:00,,1,False,https://ourparks.org.uk/borough/bootcamp-104889
ourparks_104891_407,Our Parks,Our Parks,Bootcamp,Bootcamp & Outdoor Fitness,Bootcamp,True,0.0,Hillingdon Court Park,UB10 9NT,Hillingdon,51.542145414625,-0.453846634192,09:00,10:00,,1,False,https://ourparks.org.uk/borough/bootcamp-104891
ourparks_104895_408,Our Parks,Our Parks,Bootcamp,Bootcamp & Outdoor Fitness,Bootcamp,True,0.0,Hillingdon Court Park,UB10 9NT,Hillingdon,51.542145414625,-0.453846634192,09:00,10:00,,1,False,https://ourparks.org.uk/borough/bootcamp-104895
ourparks_104896_409,Our Parks,Our Parks,Bootcamp,Bootcamp & Outdoor Fitness,Bootcamp,True,0.0,Hillingdon Court Park,UB10 9NT,Hillingdon,51.542145414625,-0.453846634192,09:00,10:00,,1,False,https://ourparks.org.uk/borough/bootcamp-104896
ourparks_104897_410,Our Parks,Our Parks,Bootcamp,Bootcamp & Outdoor Fitness,Bootcamp,True,0.0,Hillingdon Court Park,UB10 9NT,Hillingdon,51.542145414625,-0.453846634192,09:00,10:00,,1,False,https://ourparks.org.uk/borough/bootcamp-104897
ourparks_104898_411,Our Parks,Our Parks,Bootcamp,Bootcamp & Outdoor Fitness,Bootcamp,True,0.0,Hillingdon Court Park,UB10 9NT,Hillingdon,51.542145414625,-0.453846634192,09:00,10:00,,1,False,https://ourparks.org.uk/borough/bootcamp-104898
ourparks_104985_412,Our Parks,Our Parks,Yoga,"Yoga, Pilates & Studio",Yoga,True,0.0,Kensington Gardens,W2 3JH,Westminster,51.506987,-0.179165,17:30,18:30,,1,False,https://ourparks.org.uk/borough/yoga-104985
ourparks_103219_413,Our Parks,Our Parks,Pilates,"Yoga, Pilates & Studio",Pilates,True,0.0,Victory Park (E20),E20 2ST,Newham,51.546291703992,-0.00978845673,17:30,18:30,,1,False,https://ourparks.org.uk/borough/pilates-103219
ourparks_106658_414,Our Parks,Our Parks,Beginners Bootcamp,Bootcamp & Outdoor Fitness,Bootcamp,True,0.0,Hall Place Main Field,DA5 1PQ,Bexley,51.447550001177,0.162264911019,09:00,10:00,,1,False,https://ourparks.org.uk/borough/beginners-bootcamp-106658
ourparks_106659_415,Our Parks,Our Parks,Beginners Bootcamp,Bootcamp & Outdoor Fitness,Bootcamp,True,0.0,Hall Place Main Field,DA5 1PQ,Bexley,51.447550001177,0.162264911019,09:00,10:00,,1,False,https://ourparks.org.uk/borough/beginners-bootcamp-106659
ourparks_106660_416,Our Parks,Our Parks,Beginners Bootcamp,Bootcamp & Outdoor Fitness,Bootcamp,True,0.0,Hall Place Main Field,DA5 1PQ,Bexley,51.447550001177,0.162264911019,09:00,10:00,,1,False,https://ourparks.org.uk/borough/beginners-bootcamp-106660
ourparks_106661_417,Our Parks,Our Parks,Beginners Bootcamp,Bootcamp & Outdoor Fitness,Bootcamp,True,0.0,Hall Place Main Field,DA5 1PQ,Bexley,51.447550001177,0.162264911019,09:00,10:00,,1,False,https://ourparks.org.uk/borough/beginners-bootcamp-106661
ourparks_106662_418,Our Parks,Our Parks,Beginners Bootcamp,Bootcamp & Outdoor Fitness,Bootcamp,True,0.0,Hall Place Main Field,DA5 1PQ,Bexley,51.447550001177,0.162264911019,09:00,10:00,,1,False,https://ourparks.org.uk/borough/beginners-bootcamp-106662
ourparks_106663_419,Our Parks,Our Parks,Beginners Bootcamp,Bootcamp & Outdoor Fitness,Bootcamp,True,0.0,Hall Place Main Field,DA5 1PQ,Bexley,51.447550001177,0.162264911019,09:00,10:00,,1,False,https://ourparks.org.uk/borough/beginners-bootcamp-106663
ourparks_106664_420,Our Parks,Our Parks,Beginners Bootcamp,Bootcamp & Outdoor Fitness,Bootcamp,True,0.0,Hall Place Main Field,DA5 1PQ,Bexley,51.447550001177,0.162264911019,09:00,10:00,,1,False,https://ourparks.org.uk/borough/beginners-bootcamp-106664
ourparks_106665_421,Our Parks,Our Parks,Beginners Bootcamp,Bootcamp & Outdoor Fitness,Bootcamp,True,0.0,Hall Place Main Field,DA5 1PQ,Bexley,51.447550001177,0.162264911019,09:00,10:00,,1,False,https://ourparks.org.uk/borough/beginners-bootcamp-106665
ourparks_106666_422,Our Parks,Our Parks,Beginners Bootcamp,Bootcamp & Outdoor Fitness,Bootcamp,True,0.0,Hall Place Main Field,DA5 1PQ,Bexley,51.447550001177,0.162264911019,09:00,10:00,,1,False,https://ourparks.org.uk/borough/beginners-bootcamp-106666
ourparks_106667_423,Our Parks,Our Parks,Beginners Bootcamp,Bootcamp & Outdoor Fitness,Bootcamp,True,0.0,Hall Place Main Field,DA5 1PQ,Bexley,51.447550001177,0.162264911019,09:00,10:00,,1,False,https://ourparks.org.uk/borough/beginners-bootcamp-106667
ourparks_106668_424,Our Parks,Our Parks,Beginners Bootcamp,Bootcamp & Outdoor Fitness,Bootcamp,True,0.0,Hall Place Main Field,DA5 1PQ,Bexley,51.447550001177,0.162264911019,09:00,10:00,,1,False,https://ourparks.org.uk/borough/beginners-bootcamp-106668
ourparks_106669_425,Our Parks,Our Parks,Beginners Bootcamp,Bootcamp & Outdoor Fitness,Bootcamp,True,0.0,Hall Place Main Field,DA5 1PQ,Bexley,51.447550001177,0.162264911019,09:00,10:00,,1,False,https://ourparks.org.uk/borough/beginners-bootcamp-106669
ourparks_106670_426,Our Parks,Our Parks,Beginners Bootcamp,Bootcamp & Outdoor Fitness,Bootcamp,True,0.0,Hall Place Main Field,DA5 1PQ,Bexley,51.447550001177,0.162264911019,09:00,10:00,,1,False,https://ourparks.org.uk/borough/beginners-bootcamp-106670
ourparks_106671_427,Our Parks,Our Parks,Beginners Bootcamp,Bootcamp & Outdoor Fitness,Bootcamp,True,0.0,Hall Place Main Field,DA5 1PQ,Bexley,51.447550001177,0.162264911019,09:00,10:00,,1,False,https://ourparks.org.uk/borough/beginners-bootcamp-106671
ourparks_106672_428,Our Parks,Our Parks,Beginners Bootcamp,Bootcamp & Outdoor Fitness,Bootcamp,True,0.0,Hall Place Main Field,DA5 1PQ,Bexley,51.447550001177,0.162264911019,09:00,10:00,,1,False,https://ourparks.org.uk/borough/beginners-bootcamp-106672
ourparks_106676_429,Our Parks,Our Parks,Beginners Bootcamp,Bootcamp & Outdoor Fitness,Bootcamp,True,0.0,Hall Place Main Field,DA5 1PQ,Bexley,51.447550001177,0.162264911019,09:00,10:00,,1,False,https://ourparks.org.uk/borough/beginners-bootcamp-106676
ourparks_106677_430,Our Parks,Our Parks,Beginners Bootcamp,Bootcamp & Outdoor Fitness,Bootcamp,True,0.0,Hall Place Main Field,DA5 1PQ,Bexley,51.447550001177,0.162264911019,09:00,10:00,,1,False,https://ourparks.org.uk/borough/beginners-bootcamp-106677
ourparks_106678_431,Our Parks,Our Parks,Beginners Bootcamp,Bootcamp & Outdoor Fitness,Bootcamp,True,0.0,Hall Place Main Field,DA5 1PQ,Bexley,51.447550001177,0.162264911019,09:00,10:00,,1,False,https://ourparks.org.uk/borough/beginners-bootcamp-106678
ourparks_106679_432,Our Parks,Our Parks,Beginners Bootcamp,Bootcamp & Outdoor Fitness,Bootcamp,True,0.0,Hall Place Main Field,DA5 1PQ,Bexley,51.447550001177,0.162264911019,09:00,10:00,,1,False,https://ourparks.org.uk/borough/beginners-bootcamp-106679
ourparks_106680_433,Our Parks,Our Parks,Beginners Bootcamp,Bootcamp & Outdoor Fitness,Bootcamp,True,0.0,Hall Place Main Field,DA5 1PQ,Bexley,51.447550001177,0.162264911019,09:00,10:00,,1,False,https://ourparks.org.uk/borough/beginners-bootcamp-106680
ourparks_106681_434,Our Parks,Our Parks,Beginners Bootcamp,Bootcamp & Outdoor Fitness,Bootcamp,True,0.0,Hall Place Main Field,DA5 1PQ,Bexley,51.447550001177,0.162264911019,09:00,10:00,,1,False,https://ourparks.org.uk/borough/beginners-bootcamp-106681
ourparks_106682_435,Our Parks,Our Parks,Beginners Bootcamp,Bootcamp & Outdoor Fitness,Bootcamp,True,0.0,Hall Place Main Field,DA5 1PQ,Bexley,51.447550001177,0.162264911019,09:00,10:00,,1,False,https://ourparks.org.uk/borough/beginners-bootcamp-106682
ourparks_106683_436,Our Parks,Our Parks,Beginners Bootcamp,Bootcamp & Outdoor Fitness,Bootcamp,True,0.0,Hall Place Main Field,DA5 1PQ,Bexley,51.447550001177,0.162264911019,09:00,10:00,,1,False,https://ourparks.org.uk/borough/beginners-bootcamp-106683
ourparks_106684_437,Our Parks,Our Parks,Beginners Bootcamp,Bootcamp & Outdoor Fitness,Bootcamp,True,0.0,Hall Place Main Field,DA5 1PQ,Bexley,51.447550001177,0.162264911019,09:00,10:00,,1,False,https://ourparks.org.uk/borough/beginners-bootcamp-106684
ourparks_106685_438,Our Parks,Our Parks,Beginners Bootcamp,Bootcamp & Outdoor Fitness,Bootcamp,True,0.0,Hall Place Main Field,DA5 1PQ,Bexley,51.447550001177,0.162264911019,09:00,10:00,,1,False,https://ourparks.org.uk/borough/beginners-bootcamp-106685
ourparks_106686_439,Our Parks,Our Parks,Beginners Bootcamp,Bootcamp & Outdoor Fitness,Bootcamp,True,0.0,Hall Place Main Field,DA5 1PQ,Bexley,51.447550001177,0.162264911019,09:00,10:00,,1,False,https://ourparks.org.uk/borough/beginners-bootcamp-106686
ourparks_106687_440,Our Parks,Our Parks,Beginners Bootcamp,Bootcamp & Outdoor Fitness,Bootcamp,True,0.0,Hall Place Main Field,DA5 1PQ,Bexley,51.447550001177,0.162264911019,09:00,10:00,,1,False,https://ourparks.org.uk/borough/beginners-bootcamp-106687
ourparks_106688_441,Our Parks,Our Parks,Beginners Bootcamp,Bootcamp & Outdoor Fitness,Bootcamp,True,0.0,Hall Place Main Field,DA5 1PQ,Bexley,51.447550001177,0.162264911019,09:00,10:00,,1,False,https://ourparks.org.uk/borough/beginners-bootcamp-106688
ourparks_105084_442,Our Parks,Our Parks,Back to Exercise,Gym / Fitness,Abs/Core,True,0.0,Queens Park,NW6 6LR,Brent,51.5365323,-0.2092666,09:00,10:00,,1,False,https://ourparks.org.uk/borough/back-exercise-105084
ourparks_105240_443,Our Parks,Our Parks,"Abs, Bums & Thighs (ABT)",Gym / Fitness,Abs/Core,True,0.0,Roundwood Park,NW10 3RT,Brent,51.5420062,-0.2403952,11:00,12:00,,1,False,https://ourparks.org.uk/borough/abs-bums-thighs-abt-105240
ourparks_106694_444,Our Parks,Our Parks,Full Body Workout,Bootcamp & Outdoor Fitness,Bootcamp,True,0.0,Erith Riverside Gardens,DA8 1QY,Bexley,51.482871018656,0.178854717888,10:15,11:15,,1,False,https://ourparks.org.uk/borough/full-body-workout-106694
ourparks_106695_445,Our Parks,Our Parks,Full Body Workout,Bootcamp & Outdoor Fitness,Bootcamp,True,0.0,Erith Riverside Gardens,DA8 1QY,Bexley,51.482871018656,0.178854717888,10:15,11:15,,1,False,https://ourparks.org.uk/borough/full-body-workout-106695
ourparks_106696_446,Our Parks,Our Parks,Full Body Workout,Bootcamp & Outdoor Fitness,Bootcamp,True,0.0,Erith Riverside Gardens,DA8 1QY,Bexley,51.482871018656,0.178854717888,10:15,11:15,,1,False,https://ourparks.org.uk/borough/full-body-workout-106696
ourparks_106697_447,Our Parks,Our Parks,Full Body Workout,Bootcamp & Outdoor Fitness,Bootcamp,True,0.0,Erith Riverside Gardens,DA8 1QY,Bexley,51.482871018656,0.178854717888,10:15,11:15,,1,False,https://ourparks.org.uk/borough/full-body-workout-106697
ourparks_106698_448,Our Parks,Our Parks,Full Body Workout,Bootcamp & Outdoor Fitness,Bootcamp,True,0.0,Erith Riverside Gardens,DA8 1QY,Bexley,51.482871018656,0.178854717888,10:15,11:15,,1,False,https://ourparks.org.uk/borough/full-body-workout-106698
ourparks_106699_449,Our Parks,Our Parks,Full Body Workout,Bootcamp & Outdoor Fitness,Bootcamp,True,0.0,Erith Riverside Gardens,DA8 1QY,Bexley,51.482871018656,0.178854717888,10:15,11:15,,1,False,https://ourparks.org.uk/borough/full-body-workout-106699
ourparks_106700_450,Our Parks,Our Parks,Full Body Workout,Bootcamp & Outdoor Fitness,Bootcamp,True,0.0,Erith Riverside Gardens,DA8 1QY,Bexley,51.482871018656,0.178854717888,10:15,11:15,,1,False,https://ourparks.org.uk/borough/full-body-workout-106700
ourparks_106701_451,Our Parks,Our Parks,Full Body Workout,Bootcamp & Outdoor Fitness,Bootcamp,True,0.0,Erith Riverside Gardens,DA8 1QY,Bexley,51.482871018656,0.178854717888,10:15,11:15,,1,False,https://ourparks.org.uk/borough/full-body-workout-106701
ourparks_106702_452,Our Parks,Our Parks,Full Body Workout,Bootcamp & Outdoor Fitness,Bootcamp,True,0.0,Erith Riverside Gardens,DA8 1QY,Bexley,51.482871018656,0.178854717888,10:15,11:15,,1,False,https://ourparks.org.uk/borough/full-body-workout-106702
ourparks_106703_453,Our Parks,Our Parks,Full Body Workout,Bootcamp & Outdoor Fitness,Bootcamp,True,0.0,Erith Riverside Gardens,DA8 1QY,Bexley,51.482871018656,0.178854717888,10:15,11:15,,1,False,https://ourparks.org.uk/borough/full-body-workout-106703
ourparks_106704_454,Our Parks,Our Parks,Full Body Workout,Bootcamp & Outdoor Fitness,Bootcamp,True,0.0,Erith Riverside Gardens,DA8 1QY,Bexley,51.482871018656,0.178854717888,10:15,11:15,,1,False,https://ourparks.org.uk/borough/full-body-workout-106704
ourparks_106705_455,Our Parks,Our Parks,Full Body Workout,Bootcamp & Outdoor Fitness,Bootcamp,True,0.0,Erith Riverside Gardens,DA8 1QY,Bexley,51.482871018656,0.178854717888,10:15,11:15,,1,False,https://ourparks.org.uk/borough/full-body-workout-106705
ourparks_106706_456,Our Parks,Our Parks,Full Body Workout,Bootcamp & Outdoor Fitness,Bootcamp,True,0.0,Erith Riverside Gardens,DA8 1QY,Bexley,51.482871018656,0.178854717888,10:15,11:15,,1,False,https://ourparks.org.uk/borough/full-body-workout-106706
ourparks_106710_457,Our Parks,Our Parks,Full Body Workout,Bootcamp & Outdoor Fitness,Bootcamp,True,0.0,Erith Riverside Gardens,DA8 1QY,Bexley,51.482871018656,0.178854717888,10:15,11:15,,1,False,https://ourparks.org.uk/borough/full-body-workout-106710
ourparks_106711_458,Our Parks,Our Parks,Full Body Workout,Bootcamp & Outdoor Fitness,Bootcamp,True,0.0,Erith Riverside Gardens,DA8 1QY,Bexley,51.482871018656,0.178854717888,10:15,11:15,,1,False,https://ourparks.org.uk/borough/full-body-workout-106711
ourparks_106712_459,Our Parks,Our Parks,Full Body Workout,Bootcamp & Outdoor Fitness,Bootcamp,True,0.0,Erith Riverside Gardens,DA8 1QY,Bexley,51.482871018656,0.178854717888,10:15,11:15,,1,False,https://ourparks.org.uk/borough/full-body-workout-106712
ourparks_106713_460,Our Parks,Our Parks,Full Body Workout,Bootcamp & Outdoor Fitness,Bootcamp,True,0.0,Erith Riverside Gardens,DA8 1QY,Bexley,51.482871018656,0.178854717888,10:15,11:15,,1,False,https://ourparks.org.uk/borough/full-body-workout-106713
ourparks_106715_461,Our Parks,Our Parks,Full Body Workout,Bootcamp & Outdoor Fitness,Bootcamp,True,0.0,Erith Riverside Gardens,DA8 1QY,Bexley,51.482871018656,0.178854717888,10:15,11:15,,1,False,https://ourparks.org.uk/borough/full-body-workout-106715
ourparks_106716_462,Our Parks,Our Parks,Full Body Workout,Bootcamp & Outdoor Fitness,Bootcamp,True,0.0,Erith Riverside Gardens,DA8 1QY,Bexley,51.482871018656,0.178854717888,10:15,11:15,,1,False,https://ourparks.org.uk/borough/full-body-workout-106716
ourparks_106717_463,Our Parks,Our Parks,Full Body Workout,Bootcamp & Outdoor Fitness,Bootcamp,True,0.0,Erith Riverside Gardens,DA8 1QY,Bexley,51.482871018656,0.178854717888,10:15,11:15,,1,False,https://ourparks.org.uk/borough/full-body-workout-106717
ourparks_106718_464,Our Parks,Our Parks,Full Body Workout,Bootcamp & Outdoor Fitness,Bootcamp,True,0.0,Erith Riverside Gardens,DA8 1QY,Bexley,51.482871018656,0.178854717888,10:15,11:15,,1,False,https://ourparks.org.uk/borough/full-body-workout-106718
ourparks_106719_465,Our Parks,Our Parks,Full Body Workout,Bootcamp & Outdoor Fitness,Bootcamp,True,0.0,Erith Riverside Gardens,DA8 1QY,Bexley,51.482871018656,0.178854717888,10:15,11:15,,1,False,https://ourparks.org.uk/borough/full-body-workout-106719
ourparks_106720_466,Our Parks,Our Parks,Full Body Workout,Bootcamp & Outdoor Fitness,Bootcamp,True,0.0,Erith Riverside Gardens,DA8 1QY,Bexley,51.482871018656,0.178854717888,10:15,11:15,,1,False,https://ourparks.org.uk/borough/full-body-workout-106720
ourparks_105501_467,Our Parks,Our Parks,Strength building class,"Yoga, Pilates & Studio",Yoga,True,0.0,Harlesden Library,NW10 8SE,Brent,51.538725110209,-0.25043846365,13:00,14:00,,1,False,https://ourparks.org.uk/borough/strength-building-class-105501
ourparks_105288_468,Our Parks,Our Parks,Low Impact Stretch,"Yoga, Pilates & Studio",Yoga,True,0.0,Willesden Library,NW10 2SF,Brent,51.546774,-0.2289203,13:30,14:30,,1,False,https://ourparks.org.uk/borough/low-impact-stretch-105288
ourparks_105342_469,Our Parks,Our Parks,Low Impact Stretch,"Yoga, Pilates & Studio",Yoga,True,0.0,Willesden Library,NW10 2SF,Brent,51.546774,-0.2289203,14:30,15:30,,1,False,https://ourparks.org.uk/borough/low-impact-stretch-105342
ourparks_106724_470,Our Parks,Our Parks,Full Body Workout,Bootcamp & Outdoor Fitness,Bootcamp,True,0.0,Erith Riverside Gardens,DA8 1QY,Bexley,51.482871018656,0.178854717888,10:15,11:15,,1,False,https://ourparks.org.uk/borough/full-body-workout-106724
ourparks_105502_471,Our Parks,Our Parks,Strength building class,"Yoga, Pilates & Studio",Yoga,True,0.0,Harlesden Library,NW10 8SE,Brent,51.538725110209,-0.25043846365,13:00,14:00,,1,False,https://ourparks.org.uk/borough/strength-building-class-105502
ourparks_105032_472,Our Parks,Our Parks,Full Body Circuit,Bootcamp & Outdoor Fitness,Bootcamp,True,0.0,Roe Green Park,NW9 9HA,Brent,51.586109971363,-0.269687067103,09:00,10:00,,1,False,https://ourparks.org.uk/borough/full-body-circuit-105032
ourparks_106729_473,Our Parks,Our Parks,Full Body Workout,Bootcamp & Outdoor Fitness,Bootcamp,True,0.0,Willersley Park,DA15 9EN,Bexley,51.442682886552,0.101218406272,08:30,09:30,,1,False,https://ourparks.org.uk/borough/full-body-workout-106729
ourparks_106310_474,Our Parks,Our Parks,Low Impact Stretch,"Yoga, Pilates & Studio",Yoga,True,0.0,Craydene Open Space,DA8 2HR,Bexley,51.470321952769,0.184112241266,09:30,10:30,,1,False,https://ourparks.org.uk/borough/low-impact-stretch-106310
ourparks_106311_475,Our Parks,Our Parks,Low Impact Stretch,"Yoga, Pilates & Studio",Yoga,True,0.0,Craydene Open Space,DA8 2HR,Bexley,51.470321952769,0.184112241266,09:30,10:30,,1,False,https://ourparks.org.uk/borough/low-impact-stretch-106311
ourparks_105789_476,Our Parks,Our Parks,Beginners Bootcamp,Bootcamp & Outdoor Fitness,Bootcamp,True,0.0,Brockwell Park,SE24 0PA,Lambeth,51.452290766375,-0.105533454431,09:00,10:00,,1,False,https://ourparks.org.uk/borough/beginners-bootcamp-105789
ourparks_106277_477,Our Parks,Our Parks,Low Impact Stretch,"Yoga, Pilates & Studio",Yoga,True,0.0,Abbey Wood Recreation Ground,DA17 5ND,Bexley,51.489689281292,0.133391557591,08:15,09:15,,1,False,https://ourparks.org.uk/borough/low-impact-stretch-106277
ourparks_106273_478,Our Parks,Our Parks,Stretch & Bend,"Yoga, Pilates & Studio",Yoga,True,0.0,Abbey Wood Recreation Ground,DA17 5ND,Bexley,51.489689281292,0.133391557591,08:15,09:15,,1,False,https://ourparks.org.uk/borough/stretch-bend-106273
ourparks_106274_479,Our Parks,Our Parks,Stretch & Bend,"Yoga, Pilates & Studio",Yoga,True,0.0,Abbey Wood Recreation Ground,DA17 5ND,Bexley,51.489689281292,0.133391557591,08:15,09:15,,1,False,https://ourparks.org.uk/borough/stretch-bend-106274
ourparks_106275_480,Our Parks,Our Parks,Stretch & Bend,"Yoga, Pilates & Studio",Yoga,True,0.0,Abbey Wood Recreation Ground,DA17 5ND,Bexley,51.489689281292,0.133391557591,08:15,09:15,,1,False,https://ourparks.org.uk/borough/stretch-bend-106275
ourparks_106276_481,Our Parks,Our Parks,Stretch & Bend,"Yoga, Pilates & Studio",Yoga,True,0.0,Abbey Wood Recreation Ground,DA17 5ND,Bexley,51.489689281292,0.133391557591,08:15,09:15,,1,False,https://ourparks.org.uk/borough/stretch-bend-106276
ourparks_106278_482,Our Parks,Our Parks,Stretch & Bend,"Yoga, Pilates & Studio",Yoga,True,0.0,Abbey Wood Recreation Ground,DA17 5ND,Bexley,51.489689281292,0.133391557591,08:15,09:15,,1,False,https://ourparks.org.uk/borough/stretch-bend-106278
ourparks_106279_483,Our Parks,Our Parks,Stretch & Bend,"Yoga, Pilates & Studio",Yoga,True,0.0,Abbey Wood Recreation Ground,DA17 5ND,Bexley,51.489689281292,0.133391557591,08:15,09:15,,1,False,https://ourparks.org.uk/borough/stretch-bend-106279
ourparks_106280_484,Our Parks,Our Parks,Stretch & Bend,"Yoga, Pilates & Studio",Yoga,True,0.0,Abbey Wood Recreation Ground,DA17 5ND,Bexley,51.489689281292,0.133391557591,08:15,09:15,,1,False,https://ourparks.org.uk/borough/stretch-bend-106280
ourparks_106282_485,Our Parks,Our Parks,Stretch & Bend,"Yoga, Pilates & Studio",Yoga,True,0.0,Abbey Wood Recreation Ground,DA17 5ND,Bexley,51.489689281292,0.133391557591,08:15,09:15,,1,False,https://ourparks.org.uk/borough/stretch-bend-106282
ourparks_106283_486,Our Parks,Our Parks,Stretch & Bend,"Yoga, Pilates & Studio",Yoga,True,0.0,Abbey Wood Recreation Ground,DA17 5ND,Bexley,51.489689281292,0.133391557591,08:15,09:15,,1,False,https://ourparks.org.uk/borough/stretch-bend-106283
ourparks_106284_487,Our Parks,Our Parks,Stretch & Bend,"Yoga, Pilates & Studio",Yoga,True,0.0,Abbey Wood Recreation Ground,DA17 5ND,Bexley,51.489689281292,0.133391557591,08:15,09:15,,1,False,https://ourparks.org.uk/borough/stretch-bend-106284
ourparks_106285_488,Our Parks,Our Parks,Stretch & Bend,"Yoga, Pilates & Studio",Yoga,True,0.0,Abbey Wood Recreation Ground,DA17 5ND,Bexley,51.489689281292,0.133391557591,08:15,09:15,,1,False,https://ourparks.org.uk/borough/stretch-bend-106285
ourparks_106286_489,Our Parks,Our Parks,Stretch & Bend,"Yoga, Pilates & Studio",Yoga,True,0.0,Abbey Wood Recreation Ground,DA17 5ND,Bexley,51.489689281292,0.133391557591,08:15,09:15,,1,False,https://ourparks.org.uk/borough/stretch-bend-106286
ourparks_106287_490,Our Parks,Our Parks,Stretch & Bend,"Yoga, Pilates & Studio",Yoga,True,0.0,Abbey Wood Recreation Ground,DA17 5ND,Bexley,51.489689281292,0.133391557591,08:15,09:15,,1,False,https://ourparks.org.uk/borough/stretch-bend-106287
ourparks_106291_491,Our Parks,Our Parks,Stretch & Bend,"Yoga, Pilates & Studio",Yoga,True,0.0,Abbey Wood Recreation Ground,DA17 5ND,Bexley,51.489689281292,0.133391557591,08:15,09:15,,1,False,https://ourparks.org.uk/borough/stretch-bend-106291
ourparks_106295_492,Our Parks,Our Parks,Stretch & Bend,"Yoga, Pilates & Studio",Yoga,True,0.0,Abbey Wood Recreation Ground,DA17 5ND,Bexley,51.489689281292,0.133391557591,08:15,09:15,,1,False,https://ourparks.org.uk/borough/stretch-bend-106295
ourparks_106302_493,Our Parks,Our Parks,Stretch & Bend,"Yoga, Pilates & Studio",Yoga,True,0.0,Abbey Wood Recreation Ground,DA17 5ND,Bexley,51.489689281292,0.133391557591,08:15,09:15,,1,False,https://ourparks.org.uk/borough/stretch-bend-106302
ourparks_106303_494,Our Parks,Our Parks,Stretch & Bend,"Yoga, Pilates & Studio",Yoga,True,0.0,Abbey Wood Recreation Ground,DA17 5ND,Bexley,51.489689281292,0.133391557591,08:15,09:15,,1,False,https://ourparks.org.uk/borough/stretch-bend-106303
ourparks_104921_495,Our Parks,Our Parks,"Women's only - Abs, Bums & Thighs (ABT)",Gym / Fitness,Abs/Core,True,0.0,Bartlett Park,E14 6LA,Tower Hamlets,51.5152023,-0.0201571,09:00,10:00,,1,False,https://ourparks.org.uk/borough/womens-only-abs-bums-thighs-abt-104921
ourparks_103860_496,Our Parks,Our Parks,Bootcamp,Bootcamp & Outdoor Fitness,Bootcamp,True,0.0,Hyde Park,SW7 1SG,Kensington and Chelsea,51.502586484832,-0.173725612847,09:00,10:00,,1,False,https://ourparks.org.uk/borough/bootcamp-103860
ourparks_106795_497,Our Parks,Our Parks,Beginners Bootcamp,Bootcamp & Outdoor Fitness,Bootcamp,True,0.0,Fair Green at Mitcham Market,CR4 2PF,Merton,51.4058202,-0.1638252,09:00,10:00,,1,False,https://ourparks.org.uk/borough/beginners-bootcamp-106795
ourparks_106796_498,Our Parks,Our Parks,Beginners Bootcamp,Bootcamp & Outdoor Fitness,Bootcamp,True,0.0,Fair Green at Mitcham Market,CR4 2PF,Merton,51.4058202,-0.1638252,09:00,10:00,,1,False,https://ourparks.org.uk/borough/beginners-bootcamp-106796
ourparks_106797_499,Our Parks,Our Parks,Beginners Bootcamp,Bootcamp & Outdoor Fitness,Bootcamp,True,0.0,Fair Green at Mitcham Market,CR4 2PF,Merton,51.4058202,-0.1638252,09:00,10:00,,1,False,https://ourparks.org.uk/borough/beginners-bootcamp-106797
ourparks_106798_500,Our Parks,Our Parks,Beginners Bootcamp,Bootcamp & Outdoor Fitness,Bootcamp,True,0.0,Fair Green at Mitcham Market,CR4 2PF,Merton,51.4058202,-0.1638252,09:00,10:00,,1,False,https://ourparks.org.uk/borough/beginners-bootcamp-106798
ourparks_106799_501,Our Parks,Our Parks,Beginners Bootcamp,Bootcamp & Outdoor Fitness,Bootcamp,True,0.0,Fair Green at Mitcham Market,CR4 2PF,Merton,51.4058202,-0.1638252,09:00,10:00,,1,False,https://ourparks.org.uk/borough/beginners-bootcamp-106799
ourparks_106801_502,Our Parks,Our Parks,Beginners Bootcamp,Bootcamp & Outdoor Fitness,Bootcamp,True,0.0,Fair Green at Mitcham Market,CR4 2PF,Merton,51.4058202,-0.1638252,09:00,10:00,,1,False,https://ourparks.org.uk/borough/beginners-bootcamp-106801
ourparks_106802_503,Our Parks,Our Parks,Beginners Bootcamp,Bootcamp & Outdoor Fitness,Bootcamp,True,0.0,Fair Green at Mitcham Market,CR4 2PF,Merton,51.4058202,-0.1638252,09:00,10:00,,1,False,https://ourparks.org.uk/borough/beginners-bootcamp-106802
ourparks_106806_504,Our Parks,Our Parks,Beginners Bootcamp,Bootcamp & Outdoor Fitness,Bootcamp,True,0.0,Fair Green at Mitcham Market,CR4 2PF,Merton,51.4058202,-0.1638252,09:00,10:00,,1,False,https://ourparks.org.uk/borough/beginners-bootcamp-106806
ourparks_106807_505,Our Parks,Our Parks,Beginners Bootcamp,Bootcamp & Outdoor Fitness,Bootcamp,True,0.0,Fair Green at Mitcham Market,CR4 2PF,Merton,51.4058202,-0.1638252,09:00,10:00,,1,False,https://ourparks.org.uk/borough/beginners-bootcamp-106807
ourparks_106808_506,Our Parks,Our Parks,Beginners Bootcamp,Bootcamp & Outdoor Fitness,Bootcamp,True,0.0,Fair Green at Mitcham Market,CR4 2PF,Merton,51.4058202,-0.1638252,09:00,10:00,,1,False,https://ourparks.org.uk/borough/beginners-bootcamp-106808
ourparks_106809_507,Our Parks,Our Parks,Beginners Bootcamp,Bootcamp & Outdoor Fitness,Bootcamp,True,0.0,Fair Green at Mitcham Market,CR4 2PF,Merton,51.4058202,-0.1638252,09:00,10:00,,1,False,https://ourparks.org.uk/borough/beginners-bootcamp-106809
ourparks_106810_508,Our Parks,Our Parks,Beginners Bootcamp,Bootcamp & Outdoor Fitness,Bootcamp,True,0.0,Fair Green at Mitcham Market,CR4 2PF,Merton,51.4058202,-0.1638252,09:00,10:00,,1,False,https://ourparks.org.uk/borough/beginners-bootcamp-106810
ourparks_106811_509,Our Parks,Our Parks,Beginners Bootcamp,Bootcamp & Outdoor Fitness,Bootcamp,True,0.0,Fair Green at Mitcham Market,CR4 2PF,Merton,51.4058202,-0.1638252,09:00,10:00,,1,False,https://ourparks.org.uk/borough/beginners-bootcamp-106811
ourparks_106812_510,Our Parks,Our Parks,Beginners Bootcamp,Bootcamp & Outdoor Fitness,Bootcamp,True,0.0,Fair Green at Mitcham Market,CR4 2PF,Merton,51.4058202,-0.1638252,09:00,10:00,,1,False,https://ourparks.org.uk/borough/beginners-bootcamp-106812
ourparks_106813_511,Our Parks,Our Parks,Beginners Bootcamp,Bootcamp & Outdoor Fitness,Bootcamp,True,0.0,Fair Green at Mitcham Market,CR4 2PF,Merton,51.4058202,-0.1638252,09:00,10:00,,1,False,https://ourparks.org.uk/borough/beginners-bootcamp-106813
ourparks_106814_512,Our Parks,Our Parks,Beginners Bootcamp,Bootcamp & Outdoor Fitness,Bootcamp,True,0.0,Fair Green at Mitcham Market,CR4 2PF,Merton,51.4058202,-0.1638252,09:00,10:00,,1,False,https://ourparks.org.uk/borough/beginners-bootcamp-106814
ourparks_106815_513,Our Parks,Our Parks,Beginners Bootcamp,Bootcamp & Outdoor Fitness,Bootcamp,True,0.0,Fair Green at Mitcham Market,CR4 2PF,Merton,51.4058202,-0.1638252,09:00,10:00,,1,False,https://ourparks.org.uk/borough/beginners-bootcamp-106815
ourparks_106816_514,Our Parks,Our Parks,Beginners Bootcamp,Bootcamp & Outdoor Fitness,Bootcamp,True,0.0,Fair Green at Mitcham Market,CR4 2PF,Merton,51.4058202,-0.1638252,09:00,10:00,,1,False,https://ourparks.org.uk/borough/beginners-bootcamp-106816
ourparks_106817_515,Our Parks,Our Parks,Beginners Bootcamp,Bootcamp & Outdoor Fitness,Bootcamp,True,0.0,Fair Green at Mitcham Market,CR4 2PF,Merton,51.4058202,-0.1638252,09:00,10:00,,1,False,https://ourparks.org.uk/borough/beginners-bootcamp-106817
ourparks_106818_516,Our Parks,Our Parks,Beginners Bootcamp,Bootcamp & Outdoor Fitness,Bootcamp,True,0.0,Fair Green at Mitcham Market,CR4 2PF,Merton,51.4058202,-0.1638252,09:00,10:00,,1,False,https://ourparks.org.uk/borough/beginners-bootcamp-106818
ourparks_106819_517,Our Parks,Our Parks,Beginners Bootcamp,Bootcamp & Outdoor Fitness,Bootcamp,True,0.0,Fair Green at Mitcham Market,CR4 2PF,Merton,51.4058202,-0.1638252,09:00,10:00,,1,False,https://ourparks.org.uk/borough/beginners-bootcamp-106819
ourparks_106820_518,Our Parks,Our Parks,Beginners Bootcamp,Bootcamp & Outdoor Fitness,Bootcamp,True,0.0,Fair Green at Mitcham Market,CR4 2PF,Merton,51.4058202,-0.1638252,09:00,10:00,,1,False,https://ourparks.org.uk/borough/beginners-bootcamp-106820
ourparks_106821_519,Our Parks,Our Parks,Beginners Bootcamp,Bootcamp & Outdoor Fitness,Bootcamp,True,0.0,Fair Green at Mitcham Market,CR4 2PF,Merton,51.4058202,-0.1638252,09:00,10:00,,1,False,https://ourparks.org.uk/borough/beginners-bootcamp-106821
ourparks_106822_520,Our Parks,Our Parks,Beginners Bootcamp,Bootcamp & Outdoor Fitness,Bootcamp,True,0.0,Fair Green at Mitcham Market,CR4 2PF,Merton,51.4058202,-0.1638252,09:00,10:00,,1,False,https://ourparks.org.uk/borough/beginners-bootcamp-106822
ourparks_106823_521,Our Parks,Our Parks,Beginners Bootcamp,Bootcamp & Outdoor Fitness,Bootcamp,True,0.0,Fair Green at Mitcham Market,CR4 2PF,Merton,51.4058202,-0.1638252,09:00,10:00,,1,False,https://ourparks.org.uk/borough/beginners-bootcamp-106823
ourparks_106824_522,Our Parks,Our Parks,Beginners Bootcamp,Bootcamp & Outdoor Fitness,Bootcamp,True,0.0,Fair Green at Mitcham Market,CR4 2PF,Merton,51.4058202,-0.1638252,09:00,10:00,,1,False,https://ourparks.org.uk/borough/beginners-bootcamp-106824
ourparks_106825_523,Our Parks,Our Parks,Beginners Bootcamp,Bootcamp & Outdoor Fitness,Bootcamp,True,0.0,Fair Green at Mitcham Market,CR4 2PF,Merton,51.4058202,-0.1638252,09:00,10:00,,1,False,https://ourparks.org.uk/borough/beginners-bootcamp-106825
ourparks_106826_524,Our Parks,Our Parks,Beginners Bootcamp,Bootcamp & Outdoor Fitness,Bootcamp,True,0.0,Fair Green at Mitcham Market,CR4 2PF,Merton,51.4058202,-0.1638252,09:00,10:00,,1,False,https://ourparks.org.uk/borough/beginners-bootcamp-106826
ourparks_105891_525,Our Parks,Our Parks,Beginners Bootcamp,Bootcamp & Outdoor Fitness,Bootcamp,True,0.0,North Millfields Recreation Ground,E5 0AR,Hackney,51.562186281586,-0.047345057653,08:00,09:00,,1,False,https://ourparks.org.uk/borough/beginners-bootcamp-105891
ourparks_106693_526,Our Parks,Our Parks,Full Body Workout,Bootcamp & Outdoor Fitness,Bootcamp,True,0.0,"Erith Park, Dell View Road, Erith, DA8 3RJ",DA8 3RJ,Bexley,51.474225830372,0.178713259252,10:15,11:15,,1,False,https://ourparks.org.uk/borough/full-body-workout-106693
ourparks_105043_527,Our Parks,Our Parks,Full Body Circuit,Bootcamp & Outdoor Fitness,Bootcamp,True,0.0,Roe Green Park,NW9 9HA,Brent,51.586109971363,-0.269687067103,09:00,10:00,,1,False,https://ourparks.org.uk/borough/full-body-circuit-105043
ourparks_105044_528,Our Parks,Our Parks,Full Body Circuit,Bootcamp & Outdoor Fitness,Bootcamp,True,0.0,Roe Green Park,NW9 9HA,Brent,51.586109971363,-0.269687067103,09:00,10:00,,1,False,https://ourparks.org.uk/borough/full-body-circuit-105044
ourparks_105045_529,Our Parks,Our Parks,Full Body Circuit,Bootcamp & Outdoor Fitness,Bootcamp,True,0.0,Roe Green Park,NW9 9HA,Brent,51.586109971363,-0.269687067103,09:00,10:00,,1,False,https://ourparks.org.uk/borough/full-body-circuit-105045
ourparks_105046_530,Our Parks,Our Parks,Full Body Circuit,Bootcamp & Outdoor Fitness,Bootcamp,True,0.0,Roe Green Park,NW9 9HA,Brent,51.586109971363,-0.269687067103,09:00,10:00,,1,False,https://ourparks.org.uk/borough/full-body-circuit-105046
ourparks_105047_531,Our Parks,Our Parks,Full Body Circuit,Bootcamp & Outdoor Fitness,Bootcamp,True,0.0,Roe Green Park,NW9 9HA,Brent,51.586109971363,-0.269687067103,09:00,10:00,,1,False,https://ourparks.org.uk/borough/full-body-circuit-105047
ourparks_105051_532,Our Parks,Our Parks,Full Body Circuit,Bootcamp & Outdoor Fitness,Bootcamp,True,0.0,Roe Green Park,NW9 9HA,Brent,51.586109971363,-0.269687067103,09:00,10:00,,1,False,https://ourparks.org.uk/borough/full-body-circuit-105051
ourparks_105052_533,Our Parks,Our Parks,Full Body Circuit,Bootcamp & Outdoor Fitness,Bootcamp,True,0.0,Roe Green Park,NW9 9HA,Brent,51.586109971363,-0.269687067103,09:00,10:00,,1,False,https://ourparks.org.uk/borough/full-body-circuit-105052
ourparks_105054_534,Our Parks,Our Parks,Full Body Circuit,Bootcamp & Outdoor Fitness,Bootcamp,True,0.0,Roe Green Park,NW9 9HA,Brent,51.586109971363,-0.269687067103,09:00,10:00,,1,False,https://ourparks.org.uk/borough/full-body-circuit-105054
ourparks_105056_535,Our Parks,Our Parks,Full Body Circuit,Bootcamp & Outdoor Fitness,Bootcamp,True,0.0,Roe Green Park,NW9 9HA,Brent,51.586109971363,-0.269687067103,09:00,10:00,,1,False,https://ourparks.org.uk/borough/full-body-circuit-105056
ourparks_105057_536,Our Parks,Our Parks,Full Body Circuit,Bootcamp & Outdoor Fitness,Bootcamp,True,0.0,Roe Green Park,NW9 9HA,Brent,51.586109971363,-0.269687067103,09:00,10:00,,1,False,https://ourparks.org.uk/borough/full-body-circuit-105057
ourparks_105058_537,Our Parks,Our Parks,Full Body Circuit,Bootcamp & Outdoor Fitness,Bootcamp,True,0.0,Roe Green Park,NW9 9HA,Brent,51.586109971363,-0.269687067103,09:00,10:00,,1,False,https://ourparks.org.uk/borough/full-body-circuit-105058
ourparks_103861_538,Our Parks,Our Parks,Bootcamp,Bootcamp & Outdoor Fitness,Bootcamp,True,0.0,Hyde Park,SW7 1SG,Kensington and Chelsea,51.502586484832,-0.173725612847,09:00,10:00,,1,False,https://ourparks.org.uk/borough/bootcamp-103861
ourparks_103862_539,Our Parks,Our Parks,Bootcamp,Bootcamp & Outdoor Fitness,Bootcamp,True,0.0,Hyde Park,SW7 1SG,Kensington and Chelsea,51.502586484832,-0.173725612847,09:00,10:00,,1,False,https://ourparks.org.uk/borough/bootcamp-103862
ourparks_103863_540,Our Parks,Our Parks,Bootcamp,Bootcamp & Outdoor Fitness,Bootcamp,True,0.0,Hyde Park,SW7 1SG,Kensington and Chelsea,51.502586484832,-0.173725612847,09:00,10:00,,1,False,https://ourparks.org.uk/borough/bootcamp-103863
ourparks_103866_541,Our Parks,Our Parks,Bootcamp,Bootcamp & Outdoor Fitness,Bootcamp,True,0.0,Hyde Park,SW7 1SG,Kensington and Chelsea,51.502586484832,-0.173725612847,09:00,10:00,,1,False,https://ourparks.org.uk/borough/bootcamp-103866
ourparks_103867_542,Our Parks,Our Parks,Bootcamp,Bootcamp & Outdoor Fitness,Bootcamp,True,0.0,Hyde Park,SW7 1SG,Kensington and Chelsea,51.502586484832,-0.173725612847,09:00,10:00,,1,False,https://ourparks.org.uk/borough/bootcamp-103867
ourparks_103868_543,Our Parks,Our Parks,Bootcamp,Bootcamp & Outdoor Fitness,Bootcamp,True,0.0,Hyde Park,SW7 1SG,Kensington and Chelsea,51.502586484832,-0.173725612847,09:00,10:00,,1,False,https://ourparks.org.uk/borough/bootcamp-103868
ourparks_103869_544,Our Parks,Our Parks,Bootcamp,Bootcamp & Outdoor Fitness,Bootcamp,True,0.0,Hyde Park,SW7 1SG,Kensington and Chelsea,51.502586484832,-0.173725612847,09:00,10:00,,1,False,https://ourparks.org.uk/borough/bootcamp-103869
ourparks_103870_545,Our Parks,Our Parks,Bootcamp,Bootcamp & Outdoor Fitness,Bootcamp,True,0.0,Hyde Park,SW7 1SG,Kensington and Chelsea,51.502586484832,-0.173725612847,09:00,10:00,,1,False,https://ourparks.org.uk/borough/bootcamp-103870
ourparks_103884_546,Our Parks,Our Parks,Bootcamp,Bootcamp & Outdoor Fitness,Bootcamp,True,0.0,Hyde Park,SW7 1SG,Kensington and Chelsea,51.502586484832,-0.173725612847,09:00,10:00,,1,False,https://ourparks.org.uk/borough/bootcamp-103884
ourparks_103885_547,Our Parks,Our Parks,Bootcamp,Bootcamp & Outdoor Fitness,Bootcamp,True,0.0,Hyde Park,SW7 1SG,Kensington and Chelsea,51.502586484832,-0.173725612847,09:00,10:00,,1,False,https://ourparks.org.uk/borough/bootcamp-103885
ourparks_103886_548,Our Parks,Our Parks,Bootcamp,Bootcamp & Outdoor Fitness,Bootcamp,True,0.0,Hyde Park,SW7 1SG,Kensington and Chelsea,51.502586484832,-0.173725612847,09:00,10:00,,1,False,https://ourparks.org.uk/borough/bootcamp-103886
ourparks_103887_549,Our Parks,Our Parks,Bootcamp,Bootcamp & Outdoor Fitness,Bootcamp,True,0.0,Hyde Park,SW7 1SG,Kensington and Chelsea,51.502586484832,-0.173725612847,09:00,10:00,,1,False,https://ourparks.org.uk/borough/bootcamp-103887
ourparks_103889_550,Our Parks,Our Parks,Bootcamp,Bootcamp & Outdoor Fitness,Bootcamp,True,0.0,Hyde Park,SW7 1SG,Kensington and Chelsea,51.502586484832,-0.173725612847,09:00,10:00,,1,False,https://ourparks.org.uk/borough/bootcamp-103889
ourparks_105621_551,Our Parks,Our Parks,Bootcamp,"Yoga, Pilates & Studio",Pilates,True,0.0,Lloyd Park,E17 5JW,Waltham Forest,51.594659049141,-0.020824090333,09:30,10:30,,1,False,https://ourparks.org.uk/borough/bootcamp-105621
ourparks_106897_552,Our Parks,Our Parks,Beginners Bootcamp,Bootcamp & Outdoor Fitness,Bootcamp,True,0.0,Sutton & Epsom RFC,SM2 7NF,Sutton,51.349432,-0.2225745,17:00,18:00,,1,False,https://ourparks.org.uk/borough/beginners-bootcamp-106897
ourparks_106898_553,Our Parks,Our Parks,Beginners Bootcamp,Bootcamp & Outdoor Fitness,Bootcamp,True,0.0,Sutton & Epsom RFC,SM2 7NF,Sutton,51.349432,-0.2225745,17:00,18:00,,1,False,https://ourparks.org.uk/borough/beginners-bootcamp-106898
ourparks_106899_554,Our Parks,Our Parks,Beginners Bootcamp,Bootcamp & Outdoor Fitness,Bootcamp,True,0.0,Sutton & Epsom RFC,SM2 7NF,Sutton,51.349432,-0.2225745,17:00,18:00,,1,False,https://ourparks.org.uk/borough/beginners-bootcamp-106899
ourparks_106900_555,Our Parks,Our Parks,Beginners Bootcamp,Bootcamp & Outdoor Fitness,Bootcamp,True,0.0,Sutton & Epsom RFC,SM2 7NF,Sutton,51.349432,-0.2225745,17:00,18:00,,1,False,https://ourparks.org.uk/borough/beginners-bootcamp-106900
ourparks_106901_556,Our Parks,Our Parks,Beginners Bootcamp,Bootcamp & Outdoor Fitness,Bootcamp,True,0.0,Sutton & Epsom RFC,SM2 7NF,Sutton,51.349432,-0.2225745,17:00,18:00,,1,False,https://ourparks.org.uk/borough/beginners-bootcamp-106901
ourparks_106902_557,Our Parks,Our Parks,Beginners Bootcamp,Bootcamp & Outdoor Fitness,Bootcamp,True,0.0,Sutton & Epsom RFC,SM2 7NF,Sutton,51.349432,-0.2225745,17:00,18:00,,1,False,https://ourparks.org.uk/borough/beginners-bootcamp-106902
ourparks_106903_558,Our Parks,Our Parks,Beginners Bootcamp,Bootcamp & Outdoor Fitness,Bootcamp,True,0.0,Sutton & Epsom RFC,SM2 7NF,Sutton,51.349432,-0.2225745,17:00,18:00,,1,False,https://ourparks.org.uk/borough/beginners-bootcamp-106903
ourparks_106904_559,Our Parks,Our Parks,Beginners Bootcamp,Bootcamp & Outdoor Fitness,Bootcamp,True,0.0,Sutton & Epsom RFC,SM2 7NF,Sutton,51.349432,-0.2225745,17:00,18:00,,1,False,https://ourparks.org.uk/borough/beginners-bootcamp-106904
ourparks_106905_560,Our Parks,Our Parks,Beginners Bootcamp,Bootcamp & Outdoor Fitness,Bootcamp,True,0.0,Sutton & Epsom RFC,SM2 7NF,Sutton,51.349432,-0.2225745,17:00,18:00,,1,False,https://ourparks.org.uk/borough/beginners-bootcamp-106905
ourparks_105243_561,Our Parks,Our Parks,"Abs, Bums & Thighs (ABT)",Gym / Fitness,Abs/Core,True,0.0,Roundwood Park,NW10 3RT,Brent,51.5420062,-0.2403952,11:00,12:00,,1,False,https://ourparks.org.uk/borough/abs-bums-thighs-abt-105243
ourparks_106922_562,Our Parks,Our Parks,"Abs, Bums & Thighs (ABT)",Gym / Fitness,Abs/Core,True,0.0,Roundwood Park,NW10 3RT,Brent,51.5420062,-0.2403952,09:00,10:00,,1,False,https://ourparks.org.uk/borough/abs-bums-thighs-abt-106922
ourparks_106924_563,Our Parks,Our Parks,"Abs, Bums & Thighs (ABT)",Gym / Fitness,Abs/Core,True,0.0,Roundwood Park,NW10 3RT,Brent,51.5420062,-0.2403952,09:00,10:00,,1,False,https://ourparks.org.uk/borough/abs-bums-thighs-abt-106924
ourparks_106925_564,Our Parks,Our Parks,"Abs, Bums & Thighs (ABT)",Gym / Fitness,Abs/Core,True,0.0,Roundwood Park,NW10 3RT,Brent,51.5420062,-0.2403952,09:00,10:00,,1,False,https://ourparks.org.uk/borough/abs-bums-thighs-abt-106925
ourparks_106926_565,Our Parks,Our Parks,"Abs, Bums & Thighs (ABT)",Gym / Fitness,Abs/Core,True,0.0,Roundwood Park,NW10 3RT,Brent,51.5420062,-0.2403952,09:00,10:00,,1,False,https://ourparks.org.uk/borough/abs-bums-thighs-abt-106926
ourparks_106929_566,Our Parks,Our Parks,"Abs, Bums & Thighs (ABT)",Gym / Fitness,Abs/Core,True,0.0,Roundwood Park,NW10 3RT,Brent,51.5420062,-0.2403952,09:00,10:00,,1,False,https://ourparks.org.uk/borough/abs-bums-thighs-abt-106929
ourparks_106930_567,Our Parks,Our Parks,"Abs, Bums & Thighs (ABT)",Gym / Fitness,Abs/Core,True,0.0,Roundwood Park,NW10 3RT,Brent,51.5420062,-0.2403952,09:00,10:00,,1,False,https://ourparks.org.uk/borough/abs-bums-thighs-abt-106930
ourparks_106931_568,Our Parks,Our Parks,"Abs, Bums & Thighs (ABT)",Gym / Fitness,Abs/Core,True,0.0,Roundwood Park,NW10 3RT,Brent,51.5420062,-0.2403952,09:00,10:00,,1,False,https://ourparks.org.uk/borough/abs-bums-thighs-abt-106931
ourparks_106932_569,Our Parks,Our Parks,"Abs, Bums & Thighs (ABT)",Gym / Fitness,Abs/Core,True,0.0,Roundwood Park,NW10 3RT,Brent,51.5420062,-0.2403952,09:00,10:00,,1,False,https://ourparks.org.uk/borough/abs-bums-thighs-abt-106932
ourparks_106933_570,Our Parks,Our Parks,"Abs, Bums & Thighs (ABT)",Gym / Fitness,Abs/Core,True,0.0,Roundwood Park,NW10 3RT,Brent,51.5420062,-0.2403952,09:00,10:00,,1,False,https://ourparks.org.uk/borough/abs-bums-thighs-abt-106933
ourparks_106938_571,Our Parks,Our Parks,"Abs, Bums & Thighs (ABT)",Gym / Fitness,Abs/Core,True,0.0,Roundwood Park,NW10 3RT,Brent,51.5420062,-0.2403952,09:00,10:00,,1,False,https://ourparks.org.uk/borough/abs-bums-thighs-abt-106938
ourparks_106502_572,Our Parks,Our Parks,LIIT,Bootcamp & Outdoor Fitness,Bootcamp,True,0.0,Greenwich Park,SE10 9JL,,51.479613763653,-0.006785005332,09:00,10:00,,1,False,https://ourparks.org.uk/borough/liit-106502
ourparks_106503_573,Our Parks,Our Parks,LIIT,Bootcamp & Outdoor Fitness,Bootcamp,True,0.0,Greenwich Park,SE10 9JL,,51.479613763653,-0.006785005332,09:00,10:00,,1,False,https://ourparks.org.uk/borough/liit-106503
ourparks_106504_574,Our Parks,Our Parks,LIIT,Bootcamp & Outdoor Fitness,Bootcamp,True,0.0,Greenwich Park,SE10 9JL,,51.479613763653,-0.006785005332,09:00,10:00,,1,False,https://ourparks.org.uk/borough/liit-106504
ourparks_106505_575,Our Parks,Our Parks,LIIT,Bootcamp & Outdoor Fitness,Bootcamp,True,0.0,Greenwich Park,SE10 9JL,,51.479613763653,-0.006785005332,09:00,10:00,,1,False,https://ourparks.org.uk/borough/liit-106505
ourparks_106506_576,Our Parks,Our Parks,LIIT,Bootcamp & Outdoor Fitness,Bootcamp,True,0.0,Greenwich Park,SE10 9JL,,51.479613763653,-0.006785005332,09:00,10:00,,1,False,https://ourparks.org.uk/borough/liit-106506
ourparks_106507_577,Our Parks,Our Parks,LIIT,Bootcamp & Outdoor Fitness,Bootcamp,True,0.0,Greenwich Park,SE10 9JL,,51.479613763653,-0.006785005332,09:00,10:00,,1,False,https://ourparks.org.uk/borough/liit-106507
ourparks_106508_578,Our Parks,Our Parks,LIIT,Bootcamp & Outdoor Fitness,Bootcamp,True,0.0,Greenwich Park,SE10 9JL,,51.479613763653,-0.006785005332,09:00,10:00,,1,False,https://ourparks.org.uk/borough/liit-106508
ourparks_106509_579,Our Parks,Our Parks,LIIT,Bootcamp & Outdoor Fitness,Bootcamp,True,0.0,Greenwich Park,SE10 9JL,,51.479613763653,-0.006785005332,09:00,10:00,,1,False,https://ourparks.org.uk/borough/liit-106509
ourparks_106510_580,Our Parks,Our Parks,LIIT,Bootcamp & Outdoor Fitness,Bootcamp,True,0.0,Greenwich Park,SE10 9JL,,51.479613763653,-0.006785005332,09:00,10:00,,1,False,https://ourparks.org.uk/borough/liit-106510
ourparks_106511_581,Our Parks,Our Parks,LIIT,Bootcamp & Outdoor Fitness,Bootcamp,True,0.0,Greenwich Park,SE10 9JL,,51.479613763653,-0.006785005332,09:00,10:00,,1,False,https://ourparks.org.uk/borough/liit-106511
ourparks_106512_582,Our Parks,Our Parks,LIIT,Bootcamp & Outdoor Fitness,Bootcamp,True,0.0,Greenwich Park,SE10 9JL,,51.479613763653,-0.006785005332,09:00,10:00,,1,False,https://ourparks.org.uk/borough/liit-106512
ourparks_106517_583,Our Parks,Our Parks,LIIT,Bootcamp & Outdoor Fitness,Bootcamp,True,0.0,Greenwich Park,SE10 9JL,,51.479613763653,-0.006785005332,09:00,10:00,,1,False,https://ourparks.org.uk/borough/liit-106517
ourparks_106518_584,Our Parks,Our Parks,LIIT,Bootcamp & Outdoor Fitness,Bootcamp,True,0.0,Greenwich Park,SE10 9JL,,51.479613763653,-0.006785005332,09:00,10:00,,1,False,https://ourparks.org.uk/borough/liit-106518
ourparks_106519_585,Our Parks,Our Parks,LIIT,Bootcamp & Outdoor Fitness,Bootcamp,True,0.0,Greenwich Park,SE10 9JL,,51.479613763653,-0.006785005332,09:00,10:00,,1,False,https://ourparks.org.uk/borough/liit-106519
ourparks_106520_586,Our Parks,Our Parks,LIIT,Bootcamp & Outdoor Fitness,Bootcamp,True,0.0,Greenwich Park,SE10 9JL,,51.479613763653,-0.006785005332,09:00,10:00,,1,False,https://ourparks.org.uk/borough/liit-106520
ourparks_105087_587,Our Parks,Our Parks,Back to Exercise,Gym / Fitness,Abs/Core,True,0.0,Queens Park,NW6 6LR,Brent,51.5365323,-0.2092666,09:00,10:00,,1,False,https://ourparks.org.uk/borough/back-exercise-105087
ourparks_105038_588,Our Parks,Our Parks,Full Body Circuit,Bootcamp & Outdoor Fitness,Bootcamp,True,0.0,Roe Green Park,NW9 9HA,Brent,51.586109971363,-0.269687067103,09:00,10:00,,1,False,https://ourparks.org.uk/borough/full-body-circuit-105038
ourparks_103380_589,Our Parks,Our Parks,Bootcamp,Bootcamp & Outdoor Fitness,Bootcamp,True,0.0,Victory Park (E20),E20 2ST,Newham,51.546291703992,-0.00978845673,09:00,10:00,,1,False,https://ourparks.org.uk/borough/bootcamp-103380
ourparks_103379_590,Our Parks,Our Parks,Bootcamp,Bootcamp & Outdoor Fitness,Bootcamp,True,0.0,Victory Park (E20),E20 2ST,Newham,51.546291703992,-0.00978845673,09:00,10:00,,1,False,https://ourparks.org.uk/borough/bootcamp-103379
ourparks_103381_591,Our Parks,Our Parks,Bootcamp,Bootcamp & Outdoor Fitness,Bootcamp,True,0.0,Victory Park (E20),E20 2ST,Newham,51.546291703992,-0.00978845673,09:00,10:00,,1,False,https://ourparks.org.uk/borough/bootcamp-103381
ourparks_105040_592,Our Parks,Our Parks,Full Body Circuit,Bootcamp & Outdoor Fitness,Bootcamp,True,0.0,Roe Green Park,NW9 9HA,Brent,51.586109971363,-0.269687067103,09:00,10:00,,1,False,https://ourparks.org.uk/borough/full-body-circuit-105040
ourparks_105039_593,Our Parks,Our Parks,Full Body Circuit,Bootcamp & Outdoor Fitness,Bootcamp,True,0.0,Roe Green Park,NW9 9HA,Brent,51.586109971363,-0.269687067103,09:00,10:00,,1,False,https://ourparks.org.uk/borough/full-body-circuit-105039
ourparks_105035_594,Our Parks,Our Parks,Full Body Circuit,Bootcamp & Outdoor Fitness,Bootcamp,True,0.0,Roe Green Park,NW9 9HA,Brent,51.586109971363,-0.269687067103,09:00,10:00,,1,False,https://ourparks.org.uk/borough/full-body-circuit-105035
ourparks_105036_595,Our Parks,Our Parks,Full Body Circuit,Bootcamp & Outdoor Fitness,Bootcamp,True,0.0,Roe Green Park,NW9 9HA,Brent,51.586109971363,-0.269687067103,09:00,10:00,,1,False,https://ourparks.org.uk/borough/full-body-circuit-105036
ourparks_105034_596,Our Parks,Our Parks,Full Body Circuit,Bootcamp & Outdoor Fitness,Bootcamp,True,0.0,Roe Green Park,NW9 9HA,Brent,51.586109971363,-0.269687067103,09:00,10:00,,1,False,https://ourparks.org.uk/borough/full-body-circuit-105034
ourparks_105189_597,Our Parks,Our Parks,Low Impact Stretch,Martial Arts,Tai Chi,True,0.0,Roe Green Park,NW9 9HA,Brent,51.586109971363,-0.269687067103,09:00,10:00,,1,False,https://ourparks.org.uk/borough/low-impact-stretch-105189
ourparks_106136_598,Our Parks,Our Parks,LIIT,Bootcamp & Outdoor Fitness,Bootcamp,True,0.0,Greenwich Park,SE10 9JL,,51.479613763653,-0.006785005332,09:00,10:00,,1,False,https://ourparks.org.uk/borough/liit-106136
ourparks_104988_599,Our Parks,Our Parks,Yoga,"Yoga, Pilates & Studio",Yoga,True,0.0,Kensington Gardens,W2 3JH,Westminster,51.506987,-0.179165,17:30,18:30,,1,False,https://ourparks.org.uk/borough/yoga-104988
ourparks_98299_600,Our Parks,Our Parks,Bootcamp,Bootcamp & Outdoor Fitness,Bootcamp,True,0.0,Harefield Village Green,UB9 6EG,Hillingdon,51.604697285476,-0.480577927343,08:30,09:30,,1,False,https://ourparks.org.uk/borough/bootcamp-98299
ourparks_104922_601,Our Parks,Our Parks,"Women's only - Abs, Bums & Thighs (ABT)",Gym / Fitness,Abs/Core,True,0.0,Bartlett Park,E14 6LA,Tower Hamlets,51.5152023,-0.0201571,09:00,10:00,,1,False,https://ourparks.org.uk/borough/womens-only-abs-bums-thighs-abt-104922
ourparks_105188_602,Our Parks,Our Parks,Walking Tai Chi,Martial Arts,Tai Chi,True,0.0,Roe Green Park,NW9 9HA,Brent,51.586109971363,-0.269687067103,09:00,10:00,,1,False,https://ourparks.org.uk/borough/walking-tai-chi-105188
ourparks_102309_603,Our Parks,Our Parks,HIIT,Gym / Fitness,HIIT,True,0.0,Hampstead Heath,NW5 1QY,,51.559276267073,-0.15334605909,09:00,10:00,,1,False,https://ourparks.org.uk/borough/hiit-102309
ourparks_104266_604,Our Parks,Our Parks,Box Fit,Gym / Fitness,Boxing Fitness,True,0.0,Figges Marsh,CR4 2AD,Merton,51.412937713235,-0.160785856795,09:00,10:00,,1,False,https://ourparks.org.uk/borough/box-fit-104266
ourparks_104929_605,Our Parks,Our Parks,"Women's only - Abs, Bums & Thighs (ABT)",Gym / Fitness,Abs/Core,True,0.0,Bartlett Park,E14 6LA,Tower Hamlets,51.5152023,-0.0201571,09:00,10:00,,1,False,https://ourparks.org.uk/borough/womens-only-abs-bums-thighs-abt-104929
ourparks_106965_606,Our Parks,Our Parks,Back to Exercise,Group Exercise,Group Exercise,True,0.0,Foots Cray Meadows,DA14 4PS,Bexley,51.432911516763,0.134709314101,08:30,09:30,,1,False,https://ourparks.org.uk/borough/back-exercise-106965
ourparks_106966_607,Our Parks,Our Parks,Back to Exercise,Group Exercise,Group Exercise,True,0.0,Foots Cray Meadows,DA14 4PS,Bexley,51.432911516763,0.134709314101,08:30,09:30,,1,False,https://ourparks.org.uk/borough/back-exercise-106966
ourparks_106967_608,Our Parks,Our Parks,Back to Exercise,Group Exercise,Group Exercise,True,0.0,Foots Cray Meadows,DA14 4PS,Bexley,51.432911516763,0.134709314101,08:30,09:30,,1,False,https://ourparks.org.uk/borough/back-exercise-106967
ourparks_106964_609,Our Parks,Our Parks,Back to Exercise,Group Exercise,Group Exercise,True,0.0,Foots Cray Meadows,DA14 4PS,Bexley,51.432911516763,0.134709314101,08:30,09:30,,1,False,https://ourparks.org.uk/borough/back-exercise-106964
ourparks_106997_610,Our Parks,Our Parks,Beginners Bootcamp,Bootcamp & Outdoor Fitness,Bootcamp,True,0.0,Old Farm Park,DA15 8AN,Bexley,51.435940810701,0.091383360071,08:30,09:30,,1,False,https://ourparks.org.uk/borough/beginners-bootcamp-106997
ourparks_106998_611,Our Parks,Our Parks,Beginners Bootcamp,Bootcamp & Outdoor Fitness,Bootcamp,True,0.0,Old Farm Park,DA15 8AN,Bexley,51.435940810701,0.091383360071,08:30,09:30,,1,False,https://ourparks.org.uk/borough/beginners-bootcamp-106998
ourparks_106999_612,Our Parks,Our Parks,Beginners Bootcamp,Bootcamp & Outdoor Fitness,Bootcamp,True,0.0,Old Farm Park,DA15 8AN,Bexley,51.435940810701,0.091383360071,08:30,09:30,,1,False,https://ourparks.org.uk/borough/beginners-bootcamp-106999
ourparks_107001_613,Our Parks,Our Parks,Beginners Bootcamp,Bootcamp & Outdoor Fitness,Bootcamp,True,0.0,Old Farm Park,DA15 8AN,Bexley,51.435940810701,0.091383360071,08:30,09:30,,1,False,https://ourparks.org.uk/borough/beginners-bootcamp-107001
ourparks_107002_614,Our Parks,Our Parks,Beginners Bootcamp,Bootcamp & Outdoor Fitness,Bootcamp,True,0.0,Old Farm Park,DA15 8AN,Bexley,51.435940810701,0.091383360071,08:30,09:30,,1,False,https://ourparks.org.uk/borough/beginners-bootcamp-107002
ourparks_107003_615,Our Parks,Our Parks,Beginners Bootcamp,Bootcamp & Outdoor Fitness,Bootcamp,True,0.0,Old Farm Park,DA15 8AN,Bexley,51.435940810701,0.091383360071,08:30,09:30,,1,False,https://ourparks.org.uk/borough/beginners-bootcamp-107003
ourparks_107004_616,Our Parks,Our Parks,Beginners Bootcamp,Bootcamp & Outdoor Fitness,Bootcamp,True,0.0,Old Farm Park,DA15 8AN,Bexley,51.435940810701,0.091383360071,08:30,09:30,,1,False,https://ourparks.org.uk/borough/beginners-bootcamp-107004
ourparks_107005_617,Our Parks,Our Parks,Beginners Bootcamp,Bootcamp & Outdoor Fitness,Bootcamp,True,0.0,Old Farm Park,DA15 8AN,Bexley,51.435940810701,0.091383360071,08:30,09:30,,1,False,https://ourparks.org.uk/borough/beginners-bootcamp-107005
ourparks_107030_618,Our Parks,Our Parks,Full Body Workout,Bootcamp & Outdoor Fitness,Bootcamp,True,0.0,Kensington Gardens,W2 3JH,Westminster,51.506987,-0.179165,08:30,09:30,,1,False,https://ourparks.org.uk/borough/full-body-workout-107030
ourparks_107031_619,Our Parks,Our Parks,Full Body Workout,Bootcamp & Outdoor Fitness,Bootcamp,True,0.0,Kensington Gardens,W2 3JH,Westminster,51.506987,-0.179165,08:30,09:30,,1,False,https://ourparks.org.uk/borough/full-body-workout-107031
ourparks_107033_620,Our Parks,Our Parks,Full Body Workout,Bootcamp & Outdoor Fitness,Bootcamp,True,0.0,Kensington Gardens,W2 3JH,Westminster,51.506987,-0.179165,08:30,09:30,,1,False,https://ourparks.org.uk/borough/full-body-workout-107033
ourparks_107034_621,Our Parks,Our Parks,Full Body Workout,Bootcamp & Outdoor Fitness,Bootcamp,True,0.0,Kensington Gardens,W2 3JH,Westminster,51.506987,-0.179165,08:30,09:30,,1,False,https://ourparks.org.uk/borough/full-body-workout-107034
ourparks_107036_622,Our Parks,Our Parks,Full Body Workout,Bootcamp & Outdoor Fitness,Bootcamp,True,0.0,Kensington Gardens,W2 3JH,Westminster,51.506987,-0.179165,08:30,09:30,,1,False,https://ourparks.org.uk/borough/full-body-workout-107036
ourparks_107037_623,Our Parks,Our Parks,Full Body Workout,Bootcamp & Outdoor Fitness,Bootcamp,True,0.0,Kensington Gardens,W2 3JH,Westminster,51.506987,-0.179165,08:30,09:30,,1,False,https://ourparks.org.uk/borough/full-body-workout-107037
ourparks_107038_624,Our Parks,Our Parks,Full Body Workout,Bootcamp & Outdoor Fitness,Bootcamp,True,0.0,Kensington Gardens,W2 3JH,Westminster,51.506987,-0.179165,08:30,09:30,,1,False,https://ourparks.org.uk/borough/full-body-workout-107038
ourparks_107039_625,Our Parks,Our Parks,Full Body Workout,Bootcamp & Outdoor Fitness,Bootcamp,True,0.0,Kensington Gardens,W2 3JH,Westminster,51.506987,-0.179165,08:30,09:30,,1,False,https://ourparks.org.uk/borough/full-body-workout-107039
ourparks_107040_626,Our Parks,Our Parks,Full Body Workout,Bootcamp & Outdoor Fitness,Bootcamp,True,0.0,Kensington Gardens,W2 3JH,Westminster,51.506987,-0.179165,08:30,09:30,,1,False,https://ourparks.org.uk/borough/full-body-workout-107040
ourparks_107041_627,Our Parks,Our Parks,Full Body Workout,Bootcamp & Outdoor Fitness,Bootcamp,True,0.0,Kensington Gardens,W2 3JH,Westminster,51.506987,-0.179165,08:30,09:30,,1,False,https://ourparks.org.uk/borough/full-body-workout-107041
ourparks_107044_628,Our Parks,Our Parks,Full Body Workout,Bootcamp & Outdoor Fitness,Bootcamp,True,0.0,Kensington Gardens,W2 3JH,Westminster,51.506987,-0.179165,08:30,09:30,,1,False,https://ourparks.org.uk/borough/full-body-workout-107044
ourparks_107045_629,Our Parks,Our Parks,Full Body Workout,Bootcamp & Outdoor Fitness,Bootcamp,True,0.0,Kensington Gardens,W2 3JH,Westminster,51.506987,-0.179165,08:30,09:30,,1,False,https://ourparks.org.uk/borough/full-body-workout-107045
ourparks_107046_630,Our Parks,Our Parks,Full Body Workout,Bootcamp & Outdoor Fitness,Bootcamp,True,0.0,Kensington Gardens,W2 3JH,Westminster,51.506987,-0.179165,08:30,09:30,,1,False,https://ourparks.org.uk/borough/full-body-workout-107046
ourparks_107047_631,Our Parks,Our Parks,Full Body Workout,Bootcamp & Outdoor Fitness,Bootcamp,True,0.0,Kensington Gardens,W2 3JH,Westminster,51.506987,-0.179165,08:30,09:30,,1,False,https://ourparks.org.uk/borough/full-body-workout-107047
ourparks_107048_632,Our Parks,Our Parks,Full Body Workout,Bootcamp & Outdoor Fitness,Bootcamp,True,0.0,Kensington Gardens,W2 3JH,Westminster,51.506987,-0.179165,08:30,09:30,,1,False,https://ourparks.org.uk/borough/full-body-workout-107048
ourparks_107084_633,Our Parks,Our Parks,Bootcamp,Bootcamp & Outdoor Fitness,Bootcamp,True,0.0,Richmond Park,KT2 7SS,,51.432184462701,-0.269421501853,08:30,09:30,,1,False,https://ourparks.org.uk/borough/bootcamp-107084
ourparks_107085_634,Our Parks,Our Parks,Bootcamp,Bootcamp & Outdoor Fitness,Bootcamp,True,0.0,Richmond Park,KT2 7SS,,51.432184462701,-0.269421501853,08:30,09:30,,1,False,https://ourparks.org.uk/borough/bootcamp-107085
ourparks_107086_635,Our Parks,Our Parks,Bootcamp,Bootcamp & Outdoor Fitness,Bootcamp,True,0.0,Richmond Park,KT2 7SS,,51.432184462701,-0.269421501853,08:30,09:30,,1,False,https://ourparks.org.uk/borough/bootcamp-107086
ourparks_107087_636,Our Parks,Our Parks,Bootcamp,Bootcamp & Outdoor Fitness,Bootcamp,True,0.0,Richmond Park,KT2 7SS,,51.432184462701,-0.269421501853,08:30,09:30,,1,False,https://ourparks.org.uk/borough/bootcamp-107087
ourparks_107088_637,Our Parks,Our Parks,Bootcamp,Bootcamp & Outdoor Fitness,Bootcamp,True,0.0,Richmond Park,KT2 7SS,,51.432184462701,-0.269421501853,08:30,09:30,,1,False,https://ourparks.org.uk/borough/bootcamp-107088
ourparks_107090_638,Our Parks,Our Parks,Bootcamp,Bootcamp & Outdoor Fitness,Bootcamp,True,0.0,Richmond Park,KT2 7SS,,51.432184462701,-0.269421501853,08:30,09:30,,1,False,https://ourparks.org.uk/borough/bootcamp-107090
ourparks_107091_639,Our Parks,Our Parks,Bootcamp,Bootcamp & Outdoor Fitness,Bootcamp,True,0.0,Richmond Park,KT2 7SS,,51.432184462701,-0.269421501853,08:30,09:30,,1,False,https://ourparks.org.uk/borough/bootcamp-107091
ourparks_107092_640,Our Parks,Our Parks,Bootcamp,Bootcamp & Outdoor Fitness,Bootcamp,True,0.0,Richmond Park,KT2 7SS,,51.432184462701,-0.269421501853,08:30,09:30,,1,False,https://ourparks.org.uk/borough/bootcamp-107092
ourparks_107093_641,Our Parks,Our Parks,Bootcamp,Bootcamp & Outdoor Fitness,Bootcamp,True,0.0,Richmond Park,KT2 7SS,,51.432184462701,-0.269421501853,08:30,09:30,,1,False,https://ourparks.org.uk/borough/bootcamp-107093
ourparks_107097_642,Our Parks,Our Parks,Bootcamp,Bootcamp & Outdoor Fitness,Bootcamp,True,0.0,Richmond Park,KT2 7SS,,51.432184462701,-0.269421501853,08:30,09:30,,1,False,https://ourparks.org.uk/borough/bootcamp-107097
ourparks_107099_643,Our Parks,Our Parks,Bootcamp,Bootcamp & Outdoor Fitness,Bootcamp,True,0.0,Richmond Park,KT2 7SS,,51.432184462701,-0.269421501853,08:30,09:30,,1,False,https://ourparks.org.uk/borough/bootcamp-107099
ourparks_107100_644,Our Parks,Our Parks,Bootcamp,Bootcamp & Outdoor Fitness,Bootcamp,True,0.0,Richmond Park,KT2 7SS,,51.432184462701,-0.269421501853,08:30,09:30,,1,False,https://ourparks.org.uk/borough/bootcamp-107100
ourparks_105790_645,Our Parks,Our Parks,Beginners Bootcamp,Bootcamp & Outdoor Fitness,Bootcamp,True,0.0,Brockwell Park,SE24 0PA,Lambeth,51.452290766375,-0.105533454431,09:00,10:00,,1,False,https://ourparks.org.uk/borough/beginners-bootcamp-105790
ourparks_105791_646,Our Parks,Our Parks,Beginners Bootcamp,Bootcamp & Outdoor Fitness,Bootcamp,True,0.0,Brockwell Park,SE24 0PA,Lambeth,51.452290766375,-0.105533454431,09:00,10:00,,1,False,https://ourparks.org.uk/borough/beginners-bootcamp-105791
ourparks_105792_647,Our Parks,Our Parks,Beginners Bootcamp,Bootcamp & Outdoor Fitness,Bootcamp,True,0.0,Brockwell Park,SE24 0PA,Lambeth,51.452290766375,-0.105533454431,09:00,10:00,,1,False,https://ourparks.org.uk/borough/beginners-bootcamp-105792
ourparks_105793_648,Our Parks,Our Parks,Beginners Bootcamp,Bootcamp & Outdoor Fitness,Bootcamp,True,0.0,Brockwell Park,SE24 0PA,Lambeth,51.452290766375,-0.105533454431,09:00,10:00,,1,False,https://ourparks.org.uk/borough/beginners-bootcamp-105793
ourparks_105794_649,Our Parks,Our Parks,Beginners Bootcamp,Bootcamp & Outdoor Fitness,Bootcamp,True,0.0,Brockwell Park,SE24 0PA,Lambeth,51.452290766375,-0.105533454431,09:00,10:00,,1,False,https://ourparks.org.uk/borough/beginners-bootcamp-105794
ourparks_105795_650,Our Parks,Our Parks,Beginners Bootcamp,Bootcamp & Outdoor Fitness,Bootcamp,True,0.0,Brockwell Park,SE24 0PA,Lambeth,51.452290766375,-0.105533454431,09:00,10:00,,1,False,https://ourparks.org.uk/borough/beginners-bootcamp-105795
ourparks_105796_651,Our Parks,Our Parks,Beginners Bootcamp,Bootcamp & Outdoor Fitness,Bootcamp,True,0.0,Brockwell Park,SE24 0PA,Lambeth,51.452290766375,-0.105533454431,09:00,10:00,,1,False,https://ourparks.org.uk/borough/beginners-bootcamp-105796
ourparks_105797_652,Our Parks,Our Parks,Beginners Bootcamp,Bootcamp & Outdoor Fitness,Bootcamp,True,0.0,Brockwell Park,SE24 0PA,Lambeth,51.452290766375,-0.105533454431,09:00,10:00,,1,False,https://ourparks.org.uk/borough/beginners-bootcamp-105797
ourparks_105798_653,Our Parks,Our Parks,Beginners Bootcamp,Bootcamp & Outdoor Fitness,Bootcamp,True,0.0,Brockwell Park,SE24 0PA,Lambeth,51.452290766375,-0.105533454431,09:00,10:00,,1,False,https://ourparks.org.uk/borough/beginners-bootcamp-105798
ourparks_105799_654,Our Parks,Our Parks,Beginners Bootcamp,Bootcamp & Outdoor Fitness,Bootcamp,True,0.0,Brockwell Park,SE24 0PA,Lambeth,51.452290766375,-0.105533454431,09:00,10:00,,1,False,https://ourparks.org.uk/borough/beginners-bootcamp-105799
ourparks_105800_655,Our Parks,Our Parks,Beginners Bootcamp,Bootcamp & Outdoor Fitness,Bootcamp,True,0.0,Brockwell Park,SE24 0PA,Lambeth,51.452290766375,-0.105533454431,09:00,10:00,,1,False,https://ourparks.org.uk/borough/beginners-bootcamp-105800
ourparks_105801_656,Our Parks,Our Parks,Beginners Bootcamp,Bootcamp & Outdoor Fitness,Bootcamp,True,0.0,Brockwell Park,SE24 0PA,Lambeth,51.452290766375,-0.105533454431,09:00,10:00,,1,False,https://ourparks.org.uk/borough/beginners-bootcamp-105801
ourparks_105803_657,Our Parks,Our Parks,Beginners Bootcamp,Bootcamp & Outdoor Fitness,Bootcamp,True,0.0,Brockwell Park,SE24 0PA,Lambeth,51.452290766375,-0.105533454431,09:00,10:00,,1,False,https://ourparks.org.uk/borough/beginners-bootcamp-105803
ourparks_105804_658,Our Parks,Our Parks,Beginners Bootcamp,Bootcamp & Outdoor Fitness,Bootcamp,True,0.0,Brockwell Park,SE24 0PA,Lambeth,51.452290766375,-0.105533454431,09:00,10:00,,1,False,https://ourparks.org.uk/borough/beginners-bootcamp-105804
ourparks_105808_659,Our Parks,Our Parks,Beginners Bootcamp,Bootcamp & Outdoor Fitness,Bootcamp,True,0.0,Brockwell Park,SE24 0PA,Lambeth,51.452290766375,-0.105533454431,09:00,10:00,,1,False,https://ourparks.org.uk/borough/beginners-bootcamp-105808
ourparks_105809_660,Our Parks,Our Parks,Beginners Bootcamp,Bootcamp & Outdoor Fitness,Bootcamp,True,0.0,Brockwell Park,SE24 0PA,Lambeth,51.452290766375,-0.105533454431,09:00,10:00,,1,False,https://ourparks.org.uk/borough/beginners-bootcamp-105809
ourparks_106549_661,Our Parks,Our Parks,Bootcamp,Bootcamp & Outdoor Fitness,Bootcamp,True,0.0,Stratford Park,E15 4PT,,51.539172347486,0.007154249428,09:30,10:30,,1,False,https://ourparks.org.uk/borough/bootcamp-106549
ourparks_106448_662,Our Parks,Our Parks,Bootcamp,Bootcamp & Outdoor Fitness,Bootcamp,True,0.0,Beddington Park,SM6 7NN,,51.369874622426,-0.147107063538,08:30,09:30,,1,False,https://ourparks.org.uk/borough/bootcamp-106448
ourparks_106485_663,Our Parks,Our Parks,HIIT,Gym / Fitness,HIIT,True,0.0,Hampstead Heath,NW5 1QY,,51.559276267073,-0.15334605909,09:00,10:00,,1,False,https://ourparks.org.uk/borough/hiit-106485
ourparks_104300_664,Our Parks,Our Parks,Strength & Toning,Bootcamp & Outdoor Fitness,Bootcamp,True,0.0,Bushy Park,TW12 1PA,Richmond upon Thames,51.425916856098,-0.356162815432,09:00,10:00,,1,False,https://ourparks.org.uk/borough/strength-toning-104300
ourparks_106962_665,Our Parks,Our Parks,Strength & Toning,Bootcamp & Outdoor Fitness,Bootcamp,True,0.0,Bushy Park,TW12 1PA,Richmond upon Thames,51.425916856098,-0.356162815432,09:00,10:00,,1,False,https://ourparks.org.uk/borough/strength-toning-106962
ourparks_107059_666,Our Parks,Our Parks,Strength & Toning,Bootcamp & Outdoor Fitness,Bootcamp,True,0.0,Bushy Park,TW12 1PA,Richmond upon Thames,51.425916856098,-0.356162815432,09:00,10:00,,1,False,https://ourparks.org.uk/borough/strength-toning-107059
ourparks_107060_667,Our Parks,Our Parks,Strength & Toning,Bootcamp & Outdoor Fitness,Bootcamp,True,0.0,Bushy Park,TW12 1PA,Richmond upon Thames,51.425916856098,-0.356162815432,09:00,10:00,,1,False,https://ourparks.org.uk/borough/strength-toning-107060
ourparks_107062_668,Our Parks,Our Parks,Strength & Toning,Bootcamp & Outdoor Fitness,Bootcamp,True,0.0,Bushy Park,TW12 1PA,Richmond upon Thames,51.425916856098,-0.356162815432,09:00,10:00,,1,False,https://ourparks.org.uk/borough/strength-toning-107062
ourparks_107063_669,Our Parks,Our Parks,Strength & Toning,Bootcamp & Outdoor Fitness,Bootcamp,True,0.0,Bushy Park,TW12 1PA,Richmond upon Thames,51.425916856098,-0.356162815432,09:00,10:00,,1,False,https://ourparks.org.uk/borough/strength-toning-107063
ourparks_107064_670,Our Parks,Our Parks,Strength & Toning,Bootcamp & Outdoor Fitness,Bootcamp,True,0.0,Bushy Park,TW12 1PA,Richmond upon Thames,51.425916856098,-0.356162815432,09:00,10:00,,1,False,https://ourparks.org.uk/borough/strength-toning-107064
ourparks_107065_671,Our Parks,Our Parks,Strength & Toning,Bootcamp & Outdoor Fitness,Bootcamp,True,0.0,Bushy Park,TW12 1PA,Richmond upon Thames,51.425916856098,-0.356162815432,09:00,10:00,,1,False,https://ourparks.org.uk/borough/strength-toning-107065
ourparks_107066_672,Our Parks,Our Parks,Strength & Toning,Bootcamp & Outdoor Fitness,Bootcamp,True,0.0,Bushy Park,TW12 1PA,Richmond upon Thames,51.425916856098,-0.356162815432,09:00,10:00,,1,False,https://ourparks.org.uk/borough/strength-toning-107066
ourparks_107067_673,Our Parks,Our Parks,Strength & Toning,Bootcamp & Outdoor Fitness,Bootcamp,True,0.0,Bushy Park,TW12 1PA,Richmond upon Thames,51.425916856098,-0.356162815432,09:00,10:00,,1,False,https://ourparks.org.uk/borough/strength-toning-107067
ourparks_107068_674,Our Parks,Our Parks,Strength & Toning,Bootcamp & Outdoor Fitness,Bootcamp,True,0.0,Bushy Park,TW12 1PA,Richmond upon Thames,51.425916856098,-0.356162815432,09:00,10:00,,1,False,https://ourparks.org.uk/borough/strength-toning-107068
ourparks_107071_675,Our Parks,Our Parks,Strength & Toning,Bootcamp & Outdoor Fitness,Bootcamp,True,0.0,Bushy Park,TW12 1PA,Richmond upon Thames,51.425916856098,-0.356162815432,09:00,10:00,,1,False,https://ourparks.org.uk/borough/strength-toning-107071
ourparks_107072_676,Our Parks,Our Parks,Strength & Toning,Bootcamp & Outdoor Fitness,Bootcamp,True,0.0,Bushy Park,TW12 1PA,Richmond upon Thames,51.425916856098,-0.356162815432,09:00,10:00,,1,False,https://ourparks.org.uk/borough/strength-toning-107072
ourparks_107073_677,Our Parks,Our Parks,Strength & Toning,Bootcamp & Outdoor Fitness,Bootcamp,True,0.0,Bushy Park,TW12 1PA,Richmond upon Thames,51.425916856098,-0.356162815432,09:00,10:00,,1,False,https://ourparks.org.uk/borough/strength-toning-107073
ourparks_107074_678,Our Parks,Our Parks,Strength & Toning,Bootcamp & Outdoor Fitness,Bootcamp,True,0.0,Bushy Park,TW12 1PA,Richmond upon Thames,51.425916856098,-0.356162815432,09:00,10:00,,1,False,https://ourparks.org.uk/borough/strength-toning-107074
ourparks_107075_679,Our Parks,Our Parks,Strength & Toning,Bootcamp & Outdoor Fitness,Bootcamp,True,0.0,Bushy Park,TW12 1PA,Richmond upon Thames,51.425916856098,-0.356162815432,09:00,10:00,,1,False,https://ourparks.org.uk/borough/strength-toning-107075
ourparks_107076_680,Our Parks,Our Parks,Strength & Toning,Bootcamp & Outdoor Fitness,Bootcamp,True,0.0,Bushy Park,TW12 1PA,Richmond upon Thames,51.425916856098,-0.356162815432,09:00,10:00,,1,False,https://ourparks.org.uk/borough/strength-toning-107076
ourparks_107077_681,Our Parks,Our Parks,Strength & Toning,Bootcamp & Outdoor Fitness,Bootcamp,True,0.0,Bushy Park,TW12 1PA,Richmond upon Thames,51.425916856098,-0.356162815432,09:00,10:00,,1,False,https://ourparks.org.uk/borough/strength-toning-107077
ourparks_107078_682,Our Parks,Our Parks,Strength & Toning,Bootcamp & Outdoor Fitness,Bootcamp,True,0.0,Bushy Park,TW12 1PA,Richmond upon Thames,51.425916856098,-0.356162815432,09:00,10:00,,1,False,https://ourparks.org.uk/borough/strength-toning-107078
ourparks_107079_683,Our Parks,Our Parks,Strength & Toning,Bootcamp & Outdoor Fitness,Bootcamp,True,0.0,Bushy Park,TW12 1PA,Richmond upon Thames,51.425916856098,-0.356162815432,09:00,10:00,,1,False,https://ourparks.org.uk/borough/strength-toning-107079
ourparks_107080_684,Our Parks,Our Parks,Strength & Toning,Bootcamp & Outdoor Fitness,Bootcamp,True,0.0,Bushy Park,TW12 1PA,Richmond upon Thames,51.425916856098,-0.356162815432,09:00,10:00,,1,False,https://ourparks.org.uk/borough/strength-toning-107080
ourparks_107081_685,Our Parks,Our Parks,Strength & Toning,Bootcamp & Outdoor Fitness,Bootcamp,True,0.0,Bushy Park,TW12 1PA,Richmond upon Thames,51.425916856098,-0.356162815432,09:00,10:00,,1,False,https://ourparks.org.uk/borough/strength-toning-107081
ourparks_107082_686,Our Parks,Our Parks,Strength & Toning,Bootcamp & Outdoor Fitness,Bootcamp,True,0.0,Bushy Park,TW12 1PA,Richmond upon Thames,51.425916856098,-0.356162815432,09:00,10:00,,1,False,https://ourparks.org.uk/borough/strength-toning-107082
ourparks_106281_687,Our Parks,Our Parks,Low Impact Stretch,"Yoga, Pilates & Studio",Yoga,True,0.0,Abbey Wood Recreation Ground,DA17 5ND,Bexley,51.489689281292,0.133391557591,08:15,09:15,,1,False,https://ourparks.org.uk/borough/low-impact-stretch-106281
ourparks_107228_688,Our Parks,Our Parks,Beginners Bootcamp,Bootcamp & Outdoor Fitness,Bootcamp,True,0.0,Beam Central Park,RM9 6FZ,,51.525777643845,0.162476030491,09:00,10:00,,1,False,https://ourparks.org.uk/borough/beginners-bootcamp-107228
ourparks_107230_689,Our Parks,Our Parks,Beginners Bootcamp,Bootcamp & Outdoor Fitness,Bootcamp,True,0.0,Beam Central Park,RM9 6FZ,,51.525777643845,0.162476030491,09:00,10:00,,1,False,https://ourparks.org.uk/borough/beginners-bootcamp-107230
ourparks_107231_690,Our Parks,Our Parks,Beginners Bootcamp,Bootcamp & Outdoor Fitness,Bootcamp,True,0.0,Beam Central Park,RM9 6FZ,,51.525777643845,0.162476030491,09:00,10:00,,1,False,https://ourparks.org.uk/borough/beginners-bootcamp-107231
ourparks_107232_691,Our Parks,Our Parks,Beginners Bootcamp,Bootcamp & Outdoor Fitness,Bootcamp,True,0.0,Beam Central Park,RM9 6FZ,,51.525777643845,0.162476030491,09:00,10:00,,1,False,https://ourparks.org.uk/borough/beginners-bootcamp-107232
ourparks_107233_692,Our Parks,Our Parks,Beginners Bootcamp,Bootcamp & Outdoor Fitness,Bootcamp,True,0.0,Beam Central Park,RM9 6FZ,,51.525777643845,0.162476030491,09:00,10:00,,1,False,https://ourparks.org.uk/borough/beginners-bootcamp-107233
ourparks_107234_693,Our Parks,Our Parks,Beginners Bootcamp,Bootcamp & Outdoor Fitness,Bootcamp,True,0.0,Beam Central Park,RM9 6FZ,,51.525777643845,0.162476030491,09:00,10:00,,1,False,https://ourparks.org.uk/borough/beginners-bootcamp-107234
ourparks_107235_694,Our Parks,Our Parks,Beginners Bootcamp,Bootcamp & Outdoor Fitness,Bootcamp,True,0.0,Beam Central Park,RM9 6FZ,,51.525777643845,0.162476030491,09:00,10:00,,1,False,https://ourparks.org.uk/borough/beginners-bootcamp-107235
ourparks_107239_695,Our Parks,Our Parks,Beginners Bootcamp,Bootcamp & Outdoor Fitness,Bootcamp,True,0.0,Beam Central Park,RM9 6FZ,,51.525777643845,0.162476030491,09:00,10:00,,1,False,https://ourparks.org.uk/borough/beginners-bootcamp-107239
ourparks_107240_696,Our Parks,Our Parks,Beginners Bootcamp,Bootcamp & Outdoor Fitness,Bootcamp,True,0.0,Beam Central Park,RM9 6FZ,,51.525777643845,0.162476030491,09:00,10:00,,1,False,https://ourparks.org.uk/borough/beginners-bootcamp-107240
ourparks_107241_697,Our Parks,Our Parks,Beginners Bootcamp,Bootcamp & Outdoor Fitness,Bootcamp,True,0.0,Beam Central Park,RM9 6FZ,,51.525777643845,0.162476030491,09:00,10:00,,1,False,https://ourparks.org.uk/borough/beginners-bootcamp-107241
ourparks_107242_698,Our Parks,Our Parks,Beginners Bootcamp,Bootcamp & Outdoor Fitness,Bootcamp,True,0.0,Beam Central Park,RM9 6FZ,,51.525777643845,0.162476030491,09:00,10:00,,1,False,https://ourparks.org.uk/borough/beginners-bootcamp-107242
ourparks_107181_699,Our Parks,Our Parks,Box Fit,Gym / Fitness,Boxing Fitness,True,0.0,Brockwell Park,SE24 0PA,Lambeth,51.452290766375,-0.105533454431,08:30,09:30,,1,False,https://ourparks.org.uk/borough/box-fit-107181
ourparks_107182_700,Our Parks,Our Parks,Box Fit,Gym / Fitness,Boxing Fitness,True,0.0,Brockwell Park,SE24 0PA,Lambeth,51.452290766375,-0.105533454431,08:30,09:30,,1,False,https://ourparks.org.uk/borough/box-fit-107182
ourparks_107183_701,Our Parks,Our Parks,Box Fit,Gym / Fitness,Boxing Fitness,True,0.0,Brockwell Park,SE24 0PA,Lambeth,51.452290766375,-0.105533454431,08:30,09:30,,1,False,https://ourparks.org.uk/borough/box-fit-107183
ourparks_107184_702,Our Parks,Our Parks,Box Fit,Gym / Fitness,Boxing Fitness,True,0.0,Brockwell Park,SE24 0PA,Lambeth,51.452290766375,-0.105533454431,08:30,09:30,,1,False,https://ourparks.org.uk/borough/box-fit-107184
ourparks_107185_703,Our Parks,Our Parks,Box Fit,Gym / Fitness,Boxing Fitness,True,0.0,Brockwell Park,SE24 0PA,Lambeth,51.452290766375,-0.105533454431,08:30,09:30,,1,False,https://ourparks.org.uk/borough/box-fit-107185
ourparks_107186_704,Our Parks,Our Parks,Box Fit,Gym / Fitness,Boxing Fitness,True,0.0,Brockwell Park,SE24 0PA,Lambeth,51.452290766375,-0.105533454431,08:30,09:30,,1,False,https://ourparks.org.uk/borough/box-fit-107186
ourparks_107187_705,Our Parks,Our Parks,Box Fit,Gym / Fitness,Boxing Fitness,True,0.0,Brockwell Park,SE24 0PA,Lambeth,51.452290766375,-0.105533454431,08:30,09:30,,1,False,https://ourparks.org.uk/borough/box-fit-107187
ourparks_107188_706,Our Parks,Our Parks,Box Fit,Gym / Fitness,Boxing Fitness,True,0.0,Brockwell Park,SE24 0PA,Lambeth,51.452290766375,-0.105533454431,08:30,09:30,,1,False,https://ourparks.org.uk/borough/box-fit-107188
ourparks_107189_707,Our Parks,Our Parks,Box Fit,Gym / Fitness,Boxing Fitness,True,0.0,Brockwell Park,SE24 0PA,Lambeth,51.452290766375,-0.105533454431,08:30,09:30,,1,False,https://ourparks.org.uk/borough/box-fit-107189
ourparks_107193_708,Our Parks,Our Parks,Box Fit,Gym / Fitness,Boxing Fitness,True,0.0,Brockwell Park,SE24 0PA,Lambeth,51.452290766375,-0.105533454431,08:30,09:30,,1,False,https://ourparks.org.uk/borough/box-fit-107193
ourparks_107194_709,Our Parks,Our Parks,Box Fit,Gym / Fitness,Boxing Fitness,True,0.0,Brockwell Park,SE24 0PA,Lambeth,51.452290766375,-0.105533454431,08:30,09:30,,1,False,https://ourparks.org.uk/borough/box-fit-107194
ourparks_105142_710,Our Parks,Our Parks,Beginners Bootcamp,Bootcamp & Outdoor Fitness,Bootcamp,True,0.0,Gladstone Park,NW2,Brent,51.5596147901,-0.236722632917,09:00,10:00,,1,False,https://ourparks.org.uk/borough/beginners-bootcamp-105142
ourparks_103960_711,Our Parks,Our Parks,Bootcamp,Bootcamp & Outdoor Fitness,Bootcamp,True,0.0,Queens Park Gardens,W10 4QH,Westminster,51.5284574,-0.2089447,08:30,09:30,,1,False,https://ourparks.org.uk/borough/bootcamp-103960
ourparks_107061_712,Our Parks,Our Parks,Strength & Toning,Bootcamp & Outdoor Fitness,Bootcamp,True,0.0,Bushy Park,TW12 1PA,Richmond upon Thames,51.425916856098,-0.356162815432,09:00,10:00,,1,False,https://ourparks.org.uk/borough/strength-toning-107061
ourparks_106923_713,Our Parks,Our Parks,"Abs, Bums & Thighs (ABT)",Gym / Fitness,Abs/Core,True,0.0,Roundwood Park,NW10 3RT,Brent,51.5420062,-0.2403952,09:00,10:00,,1,False,https://ourparks.org.uk/borough/abs-bums-thighs-abt-106923
ourparks_103226_714,Our Parks,Our Parks,"Abs, Bums & Thighs (ABT)",Gym / Fitness,Abs/Core,True,0.0,Victory Park (E20),E20 2ST,Newham,51.546291703992,-0.00978845673,18:00,19:00,,1,False,https://ourparks.org.uk/borough/abs-bums-thighs-abt-103226
ourparks_107000_715,Our Parks,Our Parks,Beginners Bootcamp,Bootcamp & Outdoor Fitness,Bootcamp,True,0.0,Old Farm Park,DA15 8AN,Bexley,51.435940810701,0.091383360071,08:30,09:30,,1,False,https://ourparks.org.uk/borough/beginners-bootcamp-107000
ourparks_104927_716,Our Parks,Our Parks,"Women's only - Abs, Bums & Thighs (ABT)",Gym / Fitness,Abs/Core,True,0.0,Bartlett Park,E14 6LA,Tower Hamlets,51.5152023,-0.0201571,09:00,10:00,,1,False,https://ourparks.org.uk/borough/womens-only-abs-bums-thighs-abt-104927
ourparks_98311_717,Our Parks,Our Parks,Bootcamp,Bootcamp & Outdoor Fitness,Bootcamp,True,0.0,Harefield Village Green,UB9 6EG,Hillingdon,51.604697285476,-0.480577927343,08:30,09:30,,1,False,https://ourparks.org.uk/borough/bootcamp-98311
ourparks_107032_718,Our Parks,Our Parks,Full Body Workout,Bootcamp & Outdoor Fitness,Bootcamp,True,0.0,Kensington Gardens,W2 3JH,Westminster,51.506987,-0.179165,08:30,09:30,,1,False,https://ourparks.org.uk/borough/full-body-workout-107032
ourparks_98305_719,Our Parks,Our Parks,Bootcamp,Bootcamp & Outdoor Fitness,Bootcamp,True,0.0,Harefield Village Green,UB9 6EG,Hillingdon,51.604697285476,-0.480577927343,08:30,09:30,,1,False,https://ourparks.org.uk/borough/bootcamp-98305
ourparks_106829_720,Our Parks,Our Parks,Full Body Workout,Bootcamp & Outdoor Fitness,Bootcamp,True,0.0,Willersley Park,DA15 9EN,Bexley,51.442682886552,0.101218406272,09:00,10:00,,1,False,https://ourparks.org.uk/borough/full-body-workout-106829
ourparks_106830_721,Our Parks,Our Parks,Full Body Workout,Bootcamp & Outdoor Fitness,Bootcamp,True,0.0,Willersley Park,DA15 9EN,Bexley,51.442682886552,0.101218406272,09:00,10:00,,1,False,https://ourparks.org.uk/borough/full-body-workout-106830
ourparks_106831_722,Our Parks,Our Parks,Full Body Workout,Bootcamp & Outdoor Fitness,Bootcamp,True,0.0,Willersley Park,DA15 9EN,Bexley,51.442682886552,0.101218406272,09:00,10:00,,1,False,https://ourparks.org.uk/borough/full-body-workout-106831
ourparks_106832_723,Our Parks,Our Parks,Full Body Workout,Bootcamp & Outdoor Fitness,Bootcamp,True,0.0,Willersley Park,DA15 9EN,Bexley,51.442682886552,0.101218406272,09:00,10:00,,1,False,https://ourparks.org.uk/borough/full-body-workout-106832
ourparks_106833_724,Our Parks,Our Parks,Full Body Workout,Bootcamp & Outdoor Fitness,Bootcamp,True,0.0,Willersley Park,DA15 9EN,Bexley,51.442682886552,0.101218406272,09:00,10:00,,1,False,https://ourparks.org.uk/borough/full-body-workout-106833
ourparks_106834_725,Our Parks,Our Parks,Full Body Workout,Bootcamp & Outdoor Fitness,Bootcamp,True,0.0,Willersley Park,DA15 9EN,Bexley,51.442682886552,0.101218406272,09:00,10:00,,1,False,https://ourparks.org.uk/borough/full-body-workout-106834
ourparks_106835_726,Our Parks,Our Parks,Full Body Workout,Bootcamp & Outdoor Fitness,Bootcamp,True,0.0,Willersley Park,DA15 9EN,Bexley,51.442682886552,0.101218406272,09:00,10:00,,1,False,https://ourparks.org.uk/borough/full-body-workout-106835
ourparks_106846_727,Our Parks,Our Parks,Full Body Workout,Bootcamp & Outdoor Fitness,Bootcamp,True,0.0,Willersley Park,DA15 9EN,Bexley,51.442682886552,0.101218406272,09:00,10:00,,1,False,https://ourparks.org.uk/borough/full-body-workout-106846
ourparks_106762_728,Our Parks,Our Parks,Beginners Bootcamp,Bootcamp & Outdoor Fitness,Bootcamp,True,0.0,Danson Park,DA6 8HL,Bexley,51.457714156037,0.117872564391,09:00,10:00,,1,False,https://ourparks.org.uk/borough/beginners-bootcamp-106762
ourparks_106763_729,Our Parks,Our Parks,Beginners Bootcamp,Bootcamp & Outdoor Fitness,Bootcamp,True,0.0,Danson Park,DA6 8HL,Bexley,51.457714156037,0.117872564391,09:00,10:00,,1,False,https://ourparks.org.uk/borough/beginners-bootcamp-106763
ourparks_106764_730,Our Parks,Our Parks,Beginners Bootcamp,Bootcamp & Outdoor Fitness,Bootcamp,True,0.0,Danson Park,DA6 8HL,Bexley,51.457714156037,0.117872564391,09:00,10:00,,1,False,https://ourparks.org.uk/borough/beginners-bootcamp-106764
ourparks_106765_731,Our Parks,Our Parks,Beginners Bootcamp,Bootcamp & Outdoor Fitness,Bootcamp,True,0.0,Danson Park,DA6 8HL,Bexley,51.457714156037,0.117872564391,09:00,10:00,,1,False,https://ourparks.org.uk/borough/beginners-bootcamp-106765
ourparks_106766_732,Our Parks,Our Parks,Beginners Bootcamp,Bootcamp & Outdoor Fitness,Bootcamp,True,0.0,Danson Park,DA6 8HL,Bexley,51.457714156037,0.117872564391,09:00,10:00,,1,False,https://ourparks.org.uk/borough/beginners-bootcamp-106766
ourparks_106767_733,Our Parks,Our Parks,Beginners Bootcamp,Bootcamp & Outdoor Fitness,Bootcamp,True,0.0,Danson Park,DA6 8HL,Bexley,51.457714156037,0.117872564391,09:00,10:00,,1,False,https://ourparks.org.uk/borough/beginners-bootcamp-106767
ourparks_106769_734,Our Parks,Our Parks,Beginners Bootcamp,Bootcamp & Outdoor Fitness,Bootcamp,True,0.0,Danson Park,DA6 8HL,Bexley,51.457714156037,0.117872564391,09:00,10:00,,1,False,https://ourparks.org.uk/borough/beginners-bootcamp-106769
ourparks_106781_735,Our Parks,Our Parks,Beginners Bootcamp,Bootcamp & Outdoor Fitness,Bootcamp,True,0.0,Danson Park,DA6 8HL,Bexley,51.457714156037,0.117872564391,09:00,10:00,,1,False,https://ourparks.org.uk/borough/beginners-bootcamp-106781
ourparks_106782_736,Our Parks,Our Parks,Beginners Bootcamp,Bootcamp & Outdoor Fitness,Bootcamp,True,0.0,Danson Park,DA6 8HL,Bexley,51.457714156037,0.117872564391,09:00,10:00,,1,False,https://ourparks.org.uk/borough/beginners-bootcamp-106782
ourparks_106863_737,Our Parks,Our Parks,HIIT,Gym / Fitness,HIIT,True,0.0,Belvedere Recreation Ground (South),DA17 5EW,Bexley,51.483608256965,0.144812887406,09:00,10:00,,1,False,https://ourparks.org.uk/borough/hiit-106863
ourparks_106865_738,Our Parks,Our Parks,HIIT,Gym / Fitness,HIIT,True,0.0,Belvedere Recreation Ground (South),DA17 5EW,Bexley,51.483608256965,0.144812887406,09:00,10:00,,1,False,https://ourparks.org.uk/borough/hiit-106865
ourparks_106866_739,Our Parks,Our Parks,HIIT,Gym / Fitness,HIIT,True,0.0,Belvedere Recreation Ground (South),DA17 5EW,Bexley,51.483608256965,0.144812887406,09:00,10:00,,1,False,https://ourparks.org.uk/borough/hiit-106866
ourparks_106867_740,Our Parks,Our Parks,HIIT,Gym / Fitness,HIIT,True,0.0,Belvedere Recreation Ground (South),DA17 5EW,Bexley,51.483608256965,0.144812887406,09:00,10:00,,1,False,https://ourparks.org.uk/borough/hiit-106867
ourparks_106868_741,Our Parks,Our Parks,HIIT,Gym / Fitness,HIIT,True,0.0,Belvedere Recreation Ground (South),DA17 5EW,Bexley,51.483608256965,0.144812887406,09:00,10:00,,1,False,https://ourparks.org.uk/borough/hiit-106868
ourparks_106870_742,Our Parks,Our Parks,HIIT,Gym / Fitness,HIIT,True,0.0,Belvedere Recreation Ground (South),DA17 5EW,Bexley,51.483608256965,0.144812887406,09:00,10:00,,1,False,https://ourparks.org.uk/borough/hiit-106870
ourparks_106871_743,Our Parks,Our Parks,HIIT,Gym / Fitness,HIIT,True,0.0,Belvedere Recreation Ground (South),DA17 5EW,Bexley,51.483608256965,0.144812887406,09:00,10:00,,1,False,https://ourparks.org.uk/borough/hiit-106871
ourparks_106872_744,Our Parks,Our Parks,HIIT,Gym / Fitness,HIIT,True,0.0,Belvedere Recreation Ground (South),DA17 5EW,Bexley,51.483608256965,0.144812887406,09:00,10:00,,1,False,https://ourparks.org.uk/borough/hiit-106872
ourparks_106873_745,Our Parks,Our Parks,HIIT,Gym / Fitness,HIIT,True,0.0,Belvedere Recreation Ground (South),DA17 5EW,Bexley,51.483608256965,0.144812887406,09:00,10:00,,1,False,https://ourparks.org.uk/borough/hiit-106873
ourparks_106874_746,Our Parks,Our Parks,HIIT,Gym / Fitness,HIIT,True,0.0,Belvedere Recreation Ground (South),DA17 5EW,Bexley,51.483608256965,0.144812887406,09:00,10:00,,1,False,https://ourparks.org.uk/borough/hiit-106874
ourparks_106879_747,Our Parks,Our Parks,HIIT,Gym / Fitness,HIIT,True,0.0,Belvedere Recreation Ground (South),DA17 5EW,Bexley,51.483608256965,0.144812887406,09:00,10:00,,1,False,https://ourparks.org.uk/borough/hiit-106879
ourparks_106880_748,Our Parks,Our Parks,HIIT,Gym / Fitness,HIIT,True,0.0,Belvedere Recreation Ground (South),DA17 5EW,Bexley,51.483608256965,0.144812887406,09:00,10:00,,1,False,https://ourparks.org.uk/borough/hiit-106880
ourparks_106238_749,Our Parks,Our Parks,Beginners Bootcamp,Bootcamp & Outdoor Fitness,Bootcamp,True,0.0,East Wickham Open Space,DA16 3BJ,Bexley,51.47144151112,0.103413504169,08:30,09:30,,1,False,https://ourparks.org.uk/borough/beginners-bootcamp-106238
ourparks_106239_750,Our Parks,Our Parks,Beginners Bootcamp,Bootcamp & Outdoor Fitness,Bootcamp,True,0.0,East Wickham Open Space,DA16 3BJ,Bexley,51.47144151112,0.103413504169,08:30,09:30,,1,False,https://ourparks.org.uk/borough/beginners-bootcamp-106239
ourparks_106241_751,Our Parks,Our Parks,Beginners Bootcamp,Bootcamp & Outdoor Fitness,Bootcamp,True,0.0,East Wickham Open Space,DA16 3BJ,Bexley,51.47144151112,0.103413504169,08:30,09:30,,1,False,https://ourparks.org.uk/borough/beginners-bootcamp-106241
ourparks_106242_752,Our Parks,Our Parks,Beginners Bootcamp,Bootcamp & Outdoor Fitness,Bootcamp,True,0.0,East Wickham Open Space,DA16 3BJ,Bexley,51.47144151112,0.103413504169,08:30,09:30,,1,False,https://ourparks.org.uk/borough/beginners-bootcamp-106242
ourparks_106243_753,Our Parks,Our Parks,Beginners Bootcamp,Bootcamp & Outdoor Fitness,Bootcamp,True,0.0,East Wickham Open Space,DA16 3BJ,Bexley,51.47144151112,0.103413504169,08:30,09:30,,1,False,https://ourparks.org.uk/borough/beginners-bootcamp-106243
ourparks_106244_754,Our Parks,Our Parks,Beginners Bootcamp,Bootcamp & Outdoor Fitness,Bootcamp,True,0.0,East Wickham Open Space,DA16 3BJ,Bexley,51.47144151112,0.103413504169,08:30,09:30,,1,False,https://ourparks.org.uk/borough/beginners-bootcamp-106244
ourparks_106246_755,Our Parks,Our Parks,Beginners Bootcamp,Bootcamp & Outdoor Fitness,Bootcamp,True,0.0,East Wickham Open Space,DA16 3BJ,Bexley,51.47144151112,0.103413504169,08:30,09:30,,1,False,https://ourparks.org.uk/borough/beginners-bootcamp-106246
ourparks_106247_756,Our Parks,Our Parks,Beginners Bootcamp,Bootcamp & Outdoor Fitness,Bootcamp,True,0.0,East Wickham Open Space,DA16 3BJ,Bexley,51.47144151112,0.103413504169,08:30,09:30,,1,False,https://ourparks.org.uk/borough/beginners-bootcamp-106247
ourparks_106248_757,Our Parks,Our Parks,Beginners Bootcamp,Bootcamp & Outdoor Fitness,Bootcamp,True,0.0,East Wickham Open Space,DA16 3BJ,Bexley,51.47144151112,0.103413504169,08:30,09:30,,1,False,https://ourparks.org.uk/borough/beginners-bootcamp-106248
ourparks_106249_758,Our Parks,Our Parks,Beginners Bootcamp,Bootcamp & Outdoor Fitness,Bootcamp,True,0.0,East Wickham Open Space,DA16 3BJ,Bexley,51.47144151112,0.103413504169,08:30,09:30,,1,False,https://ourparks.org.uk/borough/beginners-bootcamp-106249
ourparks_103229_759,Our Parks,Our Parks,"Abs, Bums & Thighs (ABT)",Gym / Fitness,Abs/Core,True,0.0,Victory Park (E20),E20 2ST,Newham,51.546291703992,-0.00978845673,17:30,18:30,,1,False,https://ourparks.org.uk/borough/abs-bums-thighs-abt-103229
ourparks_105144_760,Our Parks,Our Parks,Beginners Bootcamp,Bootcamp & Outdoor Fitness,Bootcamp,True,0.0,Gladstone Park,NW2,Brent,51.5596147901,-0.236722632917,09:00,10:00,,1,False,https://ourparks.org.uk/borough/beginners-bootcamp-105144
ourparks_106562_761,Our Parks,Our Parks,Beginners Bootcamp,Bootcamp & Outdoor Fitness,Bootcamp,True,0.0,Southmere Lake - The Link Outdoor Gym,SE2 9BS,Bexley,51.5004399,0.1221603,09:00,10:00,,1,False,https://ourparks.org.uk/borough/beginners-bootcamp-106562
ourparks_106563_762,Our Parks,Our Parks,Beginners Bootcamp,Bootcamp & Outdoor Fitness,Bootcamp,True,0.0,Southmere Lake - The Link Outdoor Gym,SE2 9BS,Bexley,51.5004399,0.1221603,09:00,10:00,,1,False,https://ourparks.org.uk/borough/beginners-bootcamp-106563
ourparks_106564_763,Our Parks,Our Parks,Beginners Bootcamp,Bootcamp & Outdoor Fitness,Bootcamp,True,0.0,Southmere Lake - The Link Outdoor Gym,SE2 9BS,Bexley,51.5004399,0.1221603,09:00,10:00,,1,False,https://ourparks.org.uk/borough/beginners-bootcamp-106564
ourparks_106565_764,Our Parks,Our Parks,Beginners Bootcamp,Bootcamp & Outdoor Fitness,Bootcamp,True,0.0,Southmere Lake - The Link Outdoor Gym,SE2 9BS,Bexley,51.5004399,0.1221603,09:00,10:00,,1,False,https://ourparks.org.uk/borough/beginners-bootcamp-106565
ourparks_106566_765,Our Parks,Our Parks,Beginners Bootcamp,Bootcamp & Outdoor Fitness,Bootcamp,True,0.0,Southmere Lake - The Link Outdoor Gym,SE2 9BS,Bexley,51.5004399,0.1221603,09:00,10:00,,1,False,https://ourparks.org.uk/borough/beginners-bootcamp-106566
ourparks_106567_766,Our Parks,Our Parks,Beginners Bootcamp,Bootcamp & Outdoor Fitness,Bootcamp,True,0.0,Southmere Lake - The Link Outdoor Gym,SE2 9BS,Bexley,51.5004399,0.1221603,09:00,10:00,,1,False,https://ourparks.org.uk/borough/beginners-bootcamp-106567
ourparks_106568_767,Our Parks,Our Parks,Beginners Bootcamp,Bootcamp & Outdoor Fitness,Bootcamp,True,0.0,Southmere Lake - The Link Outdoor Gym,SE2 9BS,Bexley,51.5004399,0.1221603,09:00,10:00,,1,False,https://ourparks.org.uk/borough/beginners-bootcamp-106568
ourparks_106569_768,Our Parks,Our Parks,Beginners Bootcamp,Bootcamp & Outdoor Fitness,Bootcamp,True,0.0,Southmere Lake - The Link Outdoor Gym,SE2 9BS,Bexley,51.5004399,0.1221603,09:00,10:00,,1,False,https://ourparks.org.uk/borough/beginners-bootcamp-106569
ourparks_106570_769,Our Parks,Our Parks,Beginners Bootcamp,Bootcamp & Outdoor Fitness,Bootcamp,True,0.0,Southmere Lake - The Link Outdoor Gym,SE2 9BS,Bexley,51.5004399,0.1221603,09:00,10:00,,1,False,https://ourparks.org.uk/borough/beginners-bootcamp-106570
ourparks_106571_770,Our Parks,Our Parks,Beginners Bootcamp,Bootcamp & Outdoor Fitness,Bootcamp,True,0.0,Southmere Lake - The Link Outdoor Gym,SE2 9BS,Bexley,51.5004399,0.1221603,09:00,10:00,,1,False,https://ourparks.org.uk/borough/beginners-bootcamp-106571
ourparks_106572_771,Our Parks,Our Parks,Beginners Bootcamp,Bootcamp & Outdoor Fitness,Bootcamp,True,0.0,Southmere Lake - The Link Outdoor Gym,SE2 9BS,Bexley,51.5004399,0.1221603,09:00,10:00,,1,False,https://ourparks.org.uk/borough/beginners-bootcamp-106572
ourparks_106573_772,Our Parks,Our Parks,Beginners Bootcamp,Bootcamp & Outdoor Fitness,Bootcamp,True,0.0,Southmere Lake - The Link Outdoor Gym,SE2 9BS,Bexley,51.5004399,0.1221603,09:00,10:00,,1,False,https://ourparks.org.uk/borough/beginners-bootcamp-106573
ourparks_106574_773,Our Parks,Our Parks,Beginners Bootcamp,Bootcamp & Outdoor Fitness,Bootcamp,True,0.0,Southmere Lake - The Link Outdoor Gym,SE2 9BS,Bexley,51.5004399,0.1221603,09:00,10:00,,1,False,https://ourparks.org.uk/borough/beginners-bootcamp-106574
ourparks_106575_774,Our Parks,Our Parks,Beginners Bootcamp,Bootcamp & Outdoor Fitness,Bootcamp,True,0.0,Southmere Lake - The Link Outdoor Gym,SE2 9BS,Bexley,51.5004399,0.1221603,09:00,10:00,,1,False,https://ourparks.org.uk/borough/beginners-bootcamp-106575
ourparks_106576_775,Our Parks,Our Parks,Beginners Bootcamp,Bootcamp & Outdoor Fitness,Bootcamp,True,0.0,Southmere Lake - The Link Outdoor Gym,SE2 9BS,Bexley,51.5004399,0.1221603,09:00,10:00,,1,False,https://ourparks.org.uk/borough/beginners-bootcamp-106576
ourparks_106579_776,Our Parks,Our Parks,Beginners Bootcamp,Bootcamp & Outdoor Fitness,Bootcamp,True,0.0,Southmere Lake - The Link Outdoor Gym,SE2 9BS,Bexley,51.5004399,0.1221603,09:00,10:00,,1,False,https://ourparks.org.uk/borough/beginners-bootcamp-106579
ourparks_106580_777,Our Parks,Our Parks,Beginners Bootcamp,Bootcamp & Outdoor Fitness,Bootcamp,True,0.0,Southmere Lake - The Link Outdoor Gym,SE2 9BS,Bexley,51.5004399,0.1221603,09:00,10:00,,1,False,https://ourparks.org.uk/borough/beginners-bootcamp-106580
ourparks_106581_778,Our Parks,Our Parks,Beginners Bootcamp,Bootcamp & Outdoor Fitness,Bootcamp,True,0.0,Southmere Lake - The Link Outdoor Gym,SE2 9BS,Bexley,51.5004399,0.1221603,09:00,10:00,,1,False,https://ourparks.org.uk/borough/beginners-bootcamp-106581
ourparks_106582_779,Our Parks,Our Parks,Beginners Bootcamp,Bootcamp & Outdoor Fitness,Bootcamp,True,0.0,Southmere Lake - The Link Outdoor Gym,SE2 9BS,Bexley,51.5004399,0.1221603,09:00,10:00,,1,False,https://ourparks.org.uk/borough/beginners-bootcamp-106582
ourparks_106584_780,Our Parks,Our Parks,Beginners Bootcamp,Bootcamp & Outdoor Fitness,Bootcamp,True,0.0,Southmere Lake - The Link Outdoor Gym,SE2 9BS,Bexley,51.5004399,0.1221603,09:00,10:00,,1,False,https://ourparks.org.uk/borough/beginners-bootcamp-106584
ourparks_106585_781,Our Parks,Our Parks,Beginners Bootcamp,Bootcamp & Outdoor Fitness,Bootcamp,True,0.0,Southmere Lake - The Link Outdoor Gym,SE2 9BS,Bexley,51.5004399,0.1221603,09:00,10:00,,1,False,https://ourparks.org.uk/borough/beginners-bootcamp-106585
ourparks_106586_782,Our Parks,Our Parks,Beginners Bootcamp,Bootcamp & Outdoor Fitness,Bootcamp,True,0.0,Southmere Lake - The Link Outdoor Gym,SE2 9BS,Bexley,51.5004399,0.1221603,09:00,10:00,,1,False,https://ourparks.org.uk/borough/beginners-bootcamp-106586
ourparks_106587_783,Our Parks,Our Parks,Beginners Bootcamp,Bootcamp & Outdoor Fitness,Bootcamp,True,0.0,Southmere Lake - The Link Outdoor Gym,SE2 9BS,Bexley,51.5004399,0.1221603,09:00,10:00,,1,False,https://ourparks.org.uk/borough/beginners-bootcamp-106587
ourparks_106588_784,Our Parks,Our Parks,Beginners Bootcamp,Bootcamp & Outdoor Fitness,Bootcamp,True,0.0,Southmere Lake - The Link Outdoor Gym,SE2 9BS,Bexley,51.5004399,0.1221603,09:00,10:00,,1,False,https://ourparks.org.uk/borough/beginners-bootcamp-106588
ourparks_106589_785,Our Parks,Our Parks,Beginners Bootcamp,Bootcamp & Outdoor Fitness,Bootcamp,True,0.0,Southmere Lake - The Link Outdoor Gym,SE2 9BS,Bexley,51.5004399,0.1221603,09:00,10:00,,1,False,https://ourparks.org.uk/borough/beginners-bootcamp-106589
ourparks_106590_786,Our Parks,Our Parks,Beginners Bootcamp,Bootcamp & Outdoor Fitness,Bootcamp,True,0.0,Southmere Lake - The Link Outdoor Gym,SE2 9BS,Bexley,51.5004399,0.1221603,09:00,10:00,,1,False,https://ourparks.org.uk/borough/beginners-bootcamp-106590
ourparks_106591_787,Our Parks,Our Parks,Beginners Bootcamp,Bootcamp & Outdoor Fitness,Bootcamp,True,0.0,Southmere Lake - The Link Outdoor Gym,SE2 9BS,Bexley,51.5004399,0.1221603,09:00,10:00,,1,False,https://ourparks.org.uk/borough/beginners-bootcamp-106591
ourparks_106592_788,Our Parks,Our Parks,Beginners Bootcamp,Bootcamp & Outdoor Fitness,Bootcamp,True,0.0,Southmere Lake - The Link Outdoor Gym,SE2 9BS,Bexley,51.5004399,0.1221603,09:00,10:00,,1,False,https://ourparks.org.uk/borough/beginners-bootcamp-106592
ourparks_106725_789,Our Parks,Our Parks,Beginners Bootcamp,Bootcamp & Outdoor Fitness,Bootcamp,True,0.0,Southmere Lake - The Link Outdoor Gym,SE2 9BS,Bexley,51.5004399,0.1221603,09:00,10:00,,1,False,https://ourparks.org.uk/borough/beginners-bootcamp-106725
ourparks_106968_790,Our Parks,Our Parks,Back to Exercise,Group Exercise,Group Exercise,True,0.0,Foots Cray Meadows,DA14 4PS,Bexley,51.432911516763,0.134709314101,08:30,09:30,,1,False,https://ourparks.org.uk/borough/back-exercise-106968
ourparks_106970_791,Our Parks,Our Parks,Back to Exercise,Group Exercise,Group Exercise,True,0.0,Foots Cray Meadows,DA14 4PS,Bexley,51.432911516763,0.134709314101,08:30,09:30,,1,False,https://ourparks.org.uk/borough/back-exercise-106970
ourparks_106971_792,Our Parks,Our Parks,Back to Exercise,Group Exercise,Group Exercise,True,0.0,Foots Cray Meadows,DA14 4PS,Bexley,51.432911516763,0.134709314101,08:30,09:30,,1,False,https://ourparks.org.uk/borough/back-exercise-106971
ourparks_106973_793,Our Parks,Our Parks,Back to Exercise,Group Exercise,Group Exercise,True,0.0,Foots Cray Meadows,DA14 4PS,Bexley,51.432911516763,0.134709314101,08:30,09:30,,1,False,https://ourparks.org.uk/borough/back-exercise-106973
ourparks_106974_794,Our Parks,Our Parks,Back to Exercise,Group Exercise,Group Exercise,True,0.0,Foots Cray Meadows,DA14 4PS,Bexley,51.432911516763,0.134709314101,08:30,09:30,,1,False,https://ourparks.org.uk/borough/back-exercise-106974
ourparks_106975_795,Our Parks,Our Parks,Back to Exercise,Group Exercise,Group Exercise,True,0.0,Foots Cray Meadows,DA14 4PS,Bexley,51.432911516763,0.134709314101,08:30,09:30,,1,False,https://ourparks.org.uk/borough/back-exercise-106975
ourparks_106978_796,Our Parks,Our Parks,Back to Exercise,Group Exercise,Group Exercise,True,0.0,Foots Cray Meadows,DA14 4PS,Bexley,51.432911516763,0.134709314101,08:30,09:30,,1,False,https://ourparks.org.uk/borough/back-exercise-106978
ourparks_106979_797,Our Parks,Our Parks,Back to Exercise,Group Exercise,Group Exercise,True,0.0,Foots Cray Meadows,DA14 4PS,Bexley,51.432911516763,0.134709314101,08:30,09:30,,1,False,https://ourparks.org.uk/borough/back-exercise-106979
ourparks_106980_798,Our Parks,Our Parks,Back to Exercise,Group Exercise,Group Exercise,True,0.0,Foots Cray Meadows,DA14 4PS,Bexley,51.432911516763,0.134709314101,08:30,09:30,,1,False,https://ourparks.org.uk/borough/back-exercise-106980
ourparks_106981_799,Our Parks,Our Parks,Back to Exercise,Group Exercise,Group Exercise,True,0.0,Foots Cray Meadows,DA14 4PS,Bexley,51.432911516763,0.134709314101,08:30,09:30,,1,False,https://ourparks.org.uk/borough/back-exercise-106981
ourparks_106982_800,Our Parks,Our Parks,Back to Exercise,Group Exercise,Group Exercise,True,0.0,Foots Cray Meadows,DA14 4PS,Bexley,51.432911516763,0.134709314101,08:30,09:30,,1,False,https://ourparks.org.uk/borough/back-exercise-106982
ourparks_106983_801,Our Parks,Our Parks,Back to Exercise,Group Exercise,Group Exercise,True,0.0,Foots Cray Meadows,DA14 4PS,Bexley,51.432911516763,0.134709314101,08:30,09:30,,1,False,https://ourparks.org.uk/borough/back-exercise-106983
ourparks_106984_802,Our Parks,Our Parks,Back to Exercise,Group Exercise,Group Exercise,True,0.0,Foots Cray Meadows,DA14 4PS,Bexley,51.432911516763,0.134709314101,08:30,09:30,,1,False,https://ourparks.org.uk/borough/back-exercise-106984
ourparks_106985_803,Our Parks,Our Parks,Back to Exercise,Group Exercise,Group Exercise,True,0.0,Foots Cray Meadows,DA14 4PS,Bexley,51.432911516763,0.134709314101,08:30,09:30,,1,False,https://ourparks.org.uk/borough/back-exercise-106985
ourparks_98308_804,Our Parks,Our Parks,Bootcamp,Bootcamp & Outdoor Fitness,Bootcamp,True,0.0,Harefield Village Green,UB9 6EG,Hillingdon,51.604697285476,-0.480577927343,08:30,09:30,,1,False,https://ourparks.org.uk/borough/bootcamp-98308
ourparks_107229_805,Our Parks,Our Parks,Beginners Bootcamp,Bootcamp & Outdoor Fitness,Bootcamp,True,0.0,Beam Central Park,RM9 6FZ,,51.525777643845,0.162476030491,09:30,10:30,,1,False,https://ourparks.org.uk/borough/beginners-bootcamp-107229
ourparks_105510_806,Our Parks,Our Parks,Strength building class,"Yoga, Pilates & Studio",Yoga,True,0.0,Harlesden Library,NW10 8SE,Brent,51.538725110209,-0.25043846365,13:00,14:00,,1,False,https://ourparks.org.uk/borough/strength-building-class-105510
ourparks_106707_807,Our Parks,Our Parks,Full Body Workout,Bootcamp & Outdoor Fitness,Bootcamp,True,0.0,Erith Riverside Gardens,DA8 1QY,Bexley,51.482871018656,0.178854717888,10:15,11:15,,1,False,https://ourparks.org.uk/borough/full-body-workout-106707
ourparks_106673_808,Our Parks,Our Parks,Beginners Bootcamp,Bootcamp & Outdoor Fitness,Bootcamp,True,0.0,Hall Place Main Field,DA5 1PQ,Bexley,51.447550001177,0.162264911019,09:00,10:00,,1,False,https://ourparks.org.uk/borough/beginners-bootcamp-106673
ourparks_105048_809,Our Parks,Our Parks,Full Body Circuit,Bootcamp & Outdoor Fitness,Bootcamp,True,0.0,Roe Green Park,NW9 9HA,Brent,51.586109971363,-0.269687067103,09:00,10:00,,1,False,https://ourparks.org.uk/borough/full-body-circuit-105048
ourparks_106934_810,Our Parks,Our Parks,"Abs, Bums & Thighs (ABT)",Gym / Fitness,Abs/Core,True,0.0,Roundwood Park,NW10 3RT,Brent,51.5420062,-0.2403952,09:00,10:00,,1,False,https://ourparks.org.uk/borough/abs-bums-thighs-abt-106934
ourparks_105203_811,Our Parks,Our Parks,Walking Tai Chi,Martial Arts,Tai Chi,True,0.0,Roe Green Park,NW9 9HA,Brent,51.586109971363,-0.269687067103,09:00,10:00,,1,False,https://ourparks.org.uk/borough/walking-tai-chi-105203
ourparks_106053_812,Our Parks,Our Parks,Beginners Bootcamp,Bootcamp & Outdoor Fitness,Bootcamp,True,0.0,"King Edward VII Park - Wembley, HA9 7QS",HA9 7QS,Brent,51.557962737092,-0.2950736601,10:00,11:00,,1,False,https://ourparks.org.uk/borough/beginners-bootcamp-106053
ourparks_104892_813,Our Parks,Our Parks,Bootcamp,Bootcamp & Outdoor Fitness,Bootcamp,True,0.0,Hillingdon Court Park,UB10 9NT,Hillingdon,51.542145414625,-0.453846634192,09:00,10:00,,1,False,https://ourparks.org.uk/borough/bootcamp-104892
ourparks_104159_814,Our Parks,Our Parks,Box Fit,Gym / Fitness,Boxing Fitness,True,0.0,Fairfield Recreation Ground,KT1 2PY,Kingston upon Thames,51.4083376,-0.2987306,08:00,09:00,,1,False,https://ourparks.org.uk/borough/box-fit-104159
ourparks_107190_815,Our Parks,Our Parks,Box Fit,Gym / Fitness,Boxing Fitness,True,0.0,Brockwell Park,SE24 0PA,Lambeth,51.452290766375,-0.105533454431,08:30,09:30,,1,False,https://ourparks.org.uk/borough/box-fit-107190
ourparks_105805_816,Our Parks,Our Parks,Beginners Bootcamp,Bootcamp & Outdoor Fitness,Bootcamp,True,0.0,Brockwell Park,SE24 0PA,Lambeth,51.452290766375,-0.105533454431,09:00,10:00,,1,False,https://ourparks.org.uk/borough/beginners-bootcamp-105805
ourparks_105906_817,Our Parks,Our Parks,Beginners Bootcamp,Bootcamp & Outdoor Fitness,Bootcamp,True,0.0,Walthamstow Marshes,E10 7QL,Waltham Forest,51.564823676338,-0.045328683324,08:00,09:00,,1,False,https://ourparks.org.uk/borough/beginners-bootcamp-105906
ourparks_105939_818,Our Parks,Our Parks,"Legs, Bums & Tums (LBT)",Gym / Fitness,Abs/Core,True,0.0,Walthamstow Marshes,E10 7QL,Waltham Forest,51.564823676338,-0.045328683324,09:00,10:00,,1,False,https://ourparks.org.uk/borough/legs-bums-tums-lbt-105939
ourparks_106419_819,Our Parks,Our Parks,Bootcamp,Bootcamp & Outdoor Fitness,Bootcamp,True,0.0,Slade Green Recreational Ground,DA8 2LX,Bexley,51.469708263156,0.198783354461,09:00,10:00,,1,False,https://ourparks.org.uk/borough/bootcamp-106419
ourparks_106438_820,Our Parks,Our Parks,Bootcamp,Bootcamp & Outdoor Fitness,Bootcamp,True,0.0,Hoblingwell Wood Recreation Ground,BR5 2QB,Bromley,51.402261016538,0.099742592442,09:00,10:00,,1,False,https://ourparks.org.uk/borough/bootcamp-106438
ourparks_106458_821,Our Parks,Our Parks,Bootcamp,Bootcamp & Outdoor Fitness,Bootcamp,True,0.0,Beddington Park,SM6 7NN,,51.369874622426,-0.147107063538,08:30,09:30,,1,False,https://ourparks.org.uk/borough/bootcamp-106458
ourparks_106477_822,Our Parks,Our Parks,Box Fit,Gym / Fitness,Boxing Fitness,True,0.0,Mabley Green,E9 5HS,Hackney,51.548910987039,-0.029284231249,09:00,10:00,,1,False,https://ourparks.org.uk/borough/box-fit-106477
ourparks_106494_823,Our Parks,Our Parks,HIIT,Gym / Fitness,HIIT,True,0.0,Hampstead Heath,NW5 1QY,,51.559276267073,-0.15334605909,09:00,10:00,,1,False,https://ourparks.org.uk/borough/hiit-106494
ourparks_107236_824,Our Parks,Our Parks,Beginners Bootcamp,Bootcamp & Outdoor Fitness,Bootcamp,True,0.0,Beam Central Park,RM9 6FZ,,51.525777643845,0.162476030491,09:00,10:00,,1,False,https://ourparks.org.uk/borough/beginners-bootcamp-107236
ourparks_106803_825,Our Parks,Our Parks,Beginners Bootcamp,Bootcamp & Outdoor Fitness,Bootcamp,True,0.0,Fair Green at Mitcham Market,CR4 2PF,Merton,51.4058202,-0.1638252,09:00,10:00,,1,False,https://ourparks.org.uk/borough/beginners-bootcamp-106803
ourparks_107094_826,Our Parks,Our Parks,Bootcamp,Bootcamp & Outdoor Fitness,Bootcamp,True,0.0,Richmond Park,KT2 7SS,,51.432184462701,-0.269421501853,08:30,09:30,,1,False,https://ourparks.org.uk/borough/bootcamp-107094
ourparks_104017_827,Our Parks,Our Parks,Bootcamp,Bootcamp & Outdoor Fitness,Bootcamp,True,0.0,Queens Park Gardens,W10 4QH,Westminster,51.5284574,-0.2089447,08:30,09:30,,1,False,https://ourparks.org.uk/borough/bootcamp-104017
ourparks_107460_828,Our Parks,Our Parks,RISE & SHINE LIVE YOGA,"Yoga, Pilates & Studio",Yoga,True,0.0,Our Parks Live,KT2 7EW,,51.5161826,-0.1735317,06:30,07:30,,1,True,https://ourparks.org.uk/borough/rise-shine-live-yoga-107460
ourparks_107461_829,Our Parks,Our Parks,RISE & SHINE LIVE YOGA,"Yoga, Pilates & Studio",Yoga,True,0.0,Our Parks Live,KT2 7EW,,51.5161826,-0.1735317,06:30,07:30,,1,True,https://ourparks.org.uk/borough/rise-shine-live-yoga-107461
ourparks_107462_830,Our Parks,Our Parks,RISE & SHINE LIVE YOGA,"Yoga, Pilates & Studio",Yoga,True,0.0,Our Parks Live,KT2 7EW,,51.5161826,-0.1735317,06:30,07:30,,1,True,https://ourparks.org.uk/borough/rise-shine-live-yoga-107462
ourparks_107463_831,Our Parks,Our Parks,RISE & SHINE LIVE YOGA,"Yoga, Pilates & Studio",Yoga,True,0.0,Our Parks Live,KT2 7EW,,51.5161826,-0.1735317,06:30,07:30,,1,True,https://ourparks.org.uk/borough/rise-shine-live-yoga-107463
ourparks_107464_832,Our Parks,Our Parks,RISE & SHINE LIVE YOGA,"Yoga, Pilates & Studio",Yoga,True,0.0,Our Parks Live,KT2 7EW,,51.5161826,-0.1735317,06:30,07:30,,1,True,https://ourparks.org.uk/borough/rise-shine-live-yoga-107464
ourparks_107465_833,Our Parks,Our Parks,RISE & SHINE LIVE YOGA,"Yoga, Pilates & Studio",Yoga,True,0.0,Our Parks Live,KT2 7EW,,51.5161826,-0.1735317,06:30,07:30,,1,True,https://ourparks.org.uk/borough/rise-shine-live-yoga-107465
ourparks_107466_834,Our Parks,Our Parks,RISE & SHINE LIVE YOGA,"Yoga, Pilates & Studio",Yoga,True,0.0,Our Parks Live,KT2 7EW,,51.5161826,-0.1735317,06:30,07:30,,1,True,https://ourparks.org.uk/borough/rise-shine-live-yoga-107466
ourparks_107468_835,Our Parks,Our Parks,RISE & SHINE LIVE YOGA,"Yoga, Pilates & Studio",Yoga,True,0.0,Our Parks Live,KT2 7EW,,51.5161826,-0.1735317,06:30,07:30,,1,True,https://ourparks.org.uk/borough/rise-shine-live-yoga-107468
ourparks_107469_836,Our Parks,Our Parks,RISE & SHINE LIVE YOGA,"Yoga, Pilates & Studio",Yoga,True,0.0,Our Parks Live,KT2 7EW,,51.5161826,-0.1735317,06:30,07:30,,1,True,https://ourparks.org.uk/borough/rise-shine-live-yoga-107469
ourparks_107471_837,Our Parks,Our Parks,RISE & SHINE LIVE Glute Blaster,Gym / Fitness,Abs/Core,True,0.0,Our Parks Live,KT2 7EW,,51.5161826,-0.1735317,06:30,07:30,,1,True,https://ourparks.org.uk/borough/rise-shine-live-glute-blaster-107471
ourparks_107472_838,Our Parks,Our Parks,RISE & SHINE LIVE Glute Blaster,Gym / Fitness,Abs/Core,True,0.0,Our Parks Live,KT2 7EW,,51.5161826,-0.1735317,06:30,07:30,,1,True,https://ourparks.org.uk/borough/rise-shine-live-glute-blaster-107472
ourparks_107473_839,Our Parks,Our Parks,RISE & SHINE LIVE Glute Blaster,Gym / Fitness,Abs/Core,True,0.0,Our Parks Live,KT2 7EW,,51.5161826,-0.1735317,06:30,07:30,,1,True,https://ourparks.org.uk/borough/rise-shine-live-glute-blaster-107473
ourparks_107474_840,Our Parks,Our Parks,RISE & SHINE LIVE Glute Blaster,Gym / Fitness,Abs/Core,True,0.0,Our Parks Live,KT2 7EW,,51.5161826,-0.1735317,06:30,07:30,,1,True,https://ourparks.org.uk/borough/rise-shine-live-glute-blaster-107474
ourparks_107482_841,Our Parks,Our Parks,Rise & Shine ABS Workout,Gym / Fitness,Abs/Core,True,0.0,Our Parks Live,KT2 7EW,,51.5161826,-0.1735317,06:30,07:30,,1,True,https://ourparks.org.uk/borough/rise-shine-abs-workout-107482
ourparks_107483_842,Our Parks,Our Parks,Rise & Shine ABS Workout,Gym / Fitness,Abs/Core,True,0.0,Our Parks Live,KT2 7EW,,51.5161826,-0.1735317,06:30,07:30,,1,True,https://ourparks.org.uk/borough/rise-shine-abs-workout-107483
ourparks_107484_843,Our Parks,Our Parks,Rise & Shine ABS Workout,Gym / Fitness,Abs/Core,True,0.0,Our Parks Live,KT2 7EW,,51.5161826,-0.1735317,06:30,07:30,,1,True,https://ourparks.org.uk/borough/rise-shine-abs-workout-107484
ourparks_107485_844,Our Parks,Our Parks,Rise & Shine ABS Workout,Gym / Fitness,Abs/Core,True,0.0,Our Parks Live,KT2 7EW,,51.5161826,-0.1735317,06:30,07:30,,1,True,https://ourparks.org.uk/borough/rise-shine-abs-workout-107485
ourparks_107427_845,Our Parks,Our Parks,Dance Fit LIVE,Dance,Dance Fitness,True,0.0,Our Parks Live,KT2 7EW,,51.5161826,-0.1735317,09:00,10:00,,1,True,https://ourparks.org.uk/borough/dance-fit-live-107427
ourparks_107428_846,Our Parks,Our Parks,Dance Fit LIVE,Dance,Dance Fitness,True,0.0,Our Parks Live,KT2 7EW,,51.5161826,-0.1735317,09:00,10:00,,1,True,https://ourparks.org.uk/borough/dance-fit-live-107428
ourparks_107429_847,Our Parks,Our Parks,Dance Fit LIVE,Dance,Dance Fitness,True,0.0,Our Parks Live,KT2 7EW,,51.5161826,-0.1735317,09:00,10:00,,1,True,https://ourparks.org.uk/borough/dance-fit-live-107429
ourparks_107430_848,Our Parks,Our Parks,Dance Fit LIVE,Dance,Dance Fitness,True,0.0,Our Parks Live,KT2 7EW,,51.5161826,-0.1735317,09:00,10:00,,1,True,https://ourparks.org.uk/borough/dance-fit-live-107430
ourparks_107431_849,Our Parks,Our Parks,Dance Fit LIVE,Dance,Dance Fitness,True,0.0,Our Parks Live,KT2 7EW,,51.5161826,-0.1735317,09:00,10:00,,1,True,https://ourparks.org.uk/borough/dance-fit-live-107431
ourparks_107434_850,Our Parks,Our Parks,Dance Fit LIVE,Dance,Dance Fitness,True,0.0,Our Parks Live,KT2 7EW,,51.5161826,-0.1735317,09:00,10:00,,1,True,https://ourparks.org.uk/borough/dance-fit-live-107434
ourparks_107435_851,Our Parks,Our Parks,Dance Fit LIVE,Dance,Dance Fitness,True,0.0,Our Parks Live,KT2 7EW,,51.5161826,-0.1735317,09:00,10:00,,1,True,https://ourparks.org.uk/borough/dance-fit-live-107435
ourparks_107493_852,Our Parks,Our Parks,Yoga Online Live,"Yoga, Pilates & Studio",Yoga,True,0.0,Our Parks Live,KT2 7EW,,51.5161826,-0.1735317,09:00,10:00,,1,True,https://ourparks.org.uk/borough/yoga-online-live-107493
ourparks_107494_853,Our Parks,Our Parks,Yoga Online Live,"Yoga, Pilates & Studio",Yoga,True,0.0,Our Parks Live,KT2 7EW,,51.5161826,-0.1735317,09:00,10:00,,1,True,https://ourparks.org.uk/borough/yoga-online-live-107494
ourparks_107495_854,Our Parks,Our Parks,Yoga Online Live,"Yoga, Pilates & Studio",Yoga,True,0.0,Our Parks Live,KT2 7EW,,51.5161826,-0.1735317,09:00,10:00,,1,True,https://ourparks.org.uk/borough/yoga-online-live-107495
ourparks_107496_855,Our Parks,Our Parks,Yoga Online Live,"Yoga, Pilates & Studio",Yoga,True,0.0,Our Parks Live,KT2 7EW,,51.5161826,-0.1735317,09:00,10:00,,1,True,https://ourparks.org.uk/borough/yoga-online-live-107496
ourparks_107497_856,Our Parks,Our Parks,Yoga Online Live,"Yoga, Pilates & Studio",Yoga,True,0.0,Our Parks Live,KT2 7EW,,51.5161826,-0.1735317,09:00,10:00,,1,True,https://ourparks.org.uk/borough/yoga-online-live-107497
ourparks_107498_857,Our Parks,Our Parks,Yoga Online Live,"Yoga, Pilates & Studio",Yoga,True,0.0,Our Parks Live,KT2 7EW,,51.5161826,-0.1735317,09:00,10:00,,1,True,https://ourparks.org.uk/borough/yoga-online-live-107498
ourparks_107499_858,Our Parks,Our Parks,Yoga Online Live,"Yoga, Pilates & Studio",Yoga,True,0.0,Our Parks Live,KT2 7EW,,51.5161826,-0.1735317,09:00,10:00,,1,True,https://ourparks.org.uk/borough/yoga-online-live-107499
ourparks_107500_859,Our Parks,Our Parks,Yoga Online Live,"Yoga, Pilates & Studio",Yoga,True,0.0,Our Parks Live,KT2 7EW,,51.5161826,-0.1735317,09:00,10:00,,1,True,https://ourparks.org.uk/borough/yoga-online-live-107500
ourparks_107501_860,Our Parks,Our Parks,Yoga Online Live,"Yoga, Pilates & Studio",Yoga,True,0.0,Our Parks Live,KT2 7EW,,51.5161826,-0.1735317,09:00,10:00,,1,True,https://ourparks.org.uk/borough/yoga-online-live-107501
ourparks_107502_861,Our Parks,Our Parks,Yoga Online Live,"Yoga, Pilates & Studio",Yoga,True,0.0,Our Parks Live,KT2 7EW,,51.5161826,-0.1735317,09:00,10:00,,1,True,https://ourparks.org.uk/borough/yoga-online-live-107502
ourparks_106836_862,Our Parks,Our Parks,Full Body Workout,Bootcamp & Outdoor Fitness,Bootcamp,True,0.0,Willersley Park,DA15 9EN,Bexley,51.442682886552,0.101218406272,09:00,10:00,,1,False,https://ourparks.org.uk/borough/full-body-workout-106836
ourparks_106837_863,Our Parks,Our Parks,Full Body Workout,Bootcamp & Outdoor Fitness,Bootcamp,True,0.0,Willersley Park,DA15 9EN,Bexley,51.442682886552,0.101218406272,09:00,10:00,,1,False,https://ourparks.org.uk/borough/full-body-workout-106837
ourparks_106838_864,Our Parks,Our Parks,Full Body Workout,Bootcamp & Outdoor Fitness,Bootcamp,True,0.0,Willersley Park,DA15 9EN,Bexley,51.442682886552,0.101218406272,09:00,10:00,,1,False,https://ourparks.org.uk/borough/full-body-workout-106838
ourparks_106839_865,Our Parks,Our Parks,Full Body Workout,Bootcamp & Outdoor Fitness,Bootcamp,True,0.0,Willersley Park,DA15 9EN,Bexley,51.442682886552,0.101218406272,09:00,10:00,,1,False,https://ourparks.org.uk/borough/full-body-workout-106839
ourparks_106841_866,Our Parks,Our Parks,Full Body Workout,Bootcamp & Outdoor Fitness,Bootcamp,True,0.0,Willersley Park,DA15 9EN,Bexley,51.442682886552,0.101218406272,09:00,10:00,,1,False,https://ourparks.org.uk/borough/full-body-workout-106841
ourparks_106842_867,Our Parks,Our Parks,Full Body Workout,Bootcamp & Outdoor Fitness,Bootcamp,True,0.0,Willersley Park,DA15 9EN,Bexley,51.442682886552,0.101218406272,09:00,10:00,,1,False,https://ourparks.org.uk/borough/full-body-workout-106842
ourparks_106771_868,Our Parks,Our Parks,Beginners Bootcamp,Bootcamp & Outdoor Fitness,Bootcamp,True,0.0,Danson Park,DA6 8HL,Bexley,51.457714156037,0.117872564391,09:00,10:00,,1,False,https://ourparks.org.uk/borough/beginners-bootcamp-106771
ourparks_106772_869,Our Parks,Our Parks,Beginners Bootcamp,Bootcamp & Outdoor Fitness,Bootcamp,True,0.0,Danson Park,DA6 8HL,Bexley,51.457714156037,0.117872564391,09:00,10:00,,1,False,https://ourparks.org.uk/borough/beginners-bootcamp-106772
ourparks_106773_870,Our Parks,Our Parks,Beginners Bootcamp,Bootcamp & Outdoor Fitness,Bootcamp,True,0.0,Danson Park,DA6 8HL,Bexley,51.457714156037,0.117872564391,09:00,10:00,,1,False,https://ourparks.org.uk/borough/beginners-bootcamp-106773
ourparks_106775_871,Our Parks,Our Parks,Beginners Bootcamp,Bootcamp & Outdoor Fitness,Bootcamp,True,0.0,Danson Park,DA6 8HL,Bexley,51.457714156037,0.117872564391,09:30,10:30,,1,False,https://ourparks.org.uk/borough/beginners-bootcamp-106775
ourparks_106776_872,Our Parks,Our Parks,Beginners Bootcamp,Bootcamp & Outdoor Fitness,Bootcamp,True,0.0,Danson Park,DA6 8HL,Bexley,51.457714156037,0.117872564391,09:00,10:00,,1,False,https://ourparks.org.uk/borough/beginners-bootcamp-106776
ourparks_106777_873,Our Parks,Our Parks,Beginners Bootcamp,Bootcamp & Outdoor Fitness,Bootcamp,True,0.0,Danson Park,DA6 8HL,Bexley,51.457714156037,0.117872564391,09:00,10:00,,1,False,https://ourparks.org.uk/borough/beginners-bootcamp-106777
ourparks_106927_874,Our Parks,Our Parks,"Abs, Bums & Thighs (ABT)",Gym / Fitness,Abs/Core,True,0.0,Roundwood Park,NW10 3RT,Brent,51.5420062,-0.2403952,09:00,10:00,,1,False,https://ourparks.org.uk/borough/abs-bums-thighs-abt-106927
ourparks_106250_875,Our Parks,Our Parks,Beginners Bootcamp,Bootcamp & Outdoor Fitness,Bootcamp,True,0.0,East Wickham Open Space,DA16 3BJ,Bexley,51.47144151112,0.103413504169,08:30,09:30,,1,False,https://ourparks.org.uk/borough/beginners-bootcamp-106250
ourparks_107035_876,Our Parks,Our Parks,Full Body Workout,Bootcamp & Outdoor Fitness,Bootcamp,True,0.0,Kensington Gardens,W2 3JH,Westminster,51.506987,-0.179165,08:30,09:30,,1,False,https://ourparks.org.uk/borough/full-body-workout-107035
ourparks_106928_877,Our Parks,Our Parks,"Abs, Bums & Thighs (ABT)",Gym / Fitness,Abs/Core,True,0.0,Roundwood Park,NW10 3RT,Brent,51.5420062,-0.2403952,09:00,10:00,,1,False,https://ourparks.org.uk/borough/abs-bums-thighs-abt-106928
ourparks_105932_878,Our Parks,Our Parks,"Legs, Bums & Tums (LBT)",Gym / Fitness,Abs/Core,True,0.0,Walthamstow Marshes,E10 7QL,Waltham Forest,51.564823676338,-0.045328683324,09:15,10:15,,1,False,https://ourparks.org.uk/borough/legs-bums-tums-lbt-105932
ourparks_103228_879,Our Parks,Our Parks,"Abs, Bums & Thighs (ABT)",Gym / Fitness,Abs/Core,True,0.0,Victory Park (E20),E20 2ST,Newham,51.546291703992,-0.00978845673,18:00,19:00,,1,False,https://ourparks.org.uk/borough/abs-bums-thighs-abt-103228
ourparks_103916_880,Our Parks,Our Parks,"Women & Girls ABT (Abs, Bums & Thighs)",Gym / Fitness,Abs/Core,True,0.0,Queens Park Gardens,W10 4QH,Westminster,51.5284574,-0.2089447,08:30,09:30,,1,False,https://ourparks.org.uk/borough/women-girls-abt-abs-bums-thighs-103916
ourparks_104837_881,Our Parks,Our Parks,Bootcamp,Bootcamp & Outdoor Fitness,Bootcamp,True,0.0,Barra Hall Park,UB3 2NH,Hillingdon,51.5179777,-0.4235929,09:30,10:30,,1,False,https://ourparks.org.uk/borough/bootcamp-104837
ourparks_98309_882,Our Parks,Our Parks,Bootcamp,Bootcamp & Outdoor Fitness,Bootcamp,True,0.0,Harefield Village Green,UB9 6EG,Hillingdon,51.604697285476,-0.480577927343,08:30,09:30,,1,False,https://ourparks.org.uk/borough/bootcamp-98309
ourparks_98307_883,Our Parks,Our Parks,Bootcamp,Bootcamp & Outdoor Fitness,Bootcamp,True,0.0,Harefield Village Green,UB9 6EG,Hillingdon,51.604697285476,-0.480577927343,08:30,09:30,,1,False,https://ourparks.org.uk/borough/bootcamp-98307
ourparks_105900_884,Our Parks,Our Parks,Beginners Bootcamp,Bootcamp & Outdoor Fitness,Bootcamp,True,0.0,Walthamstow Marshes,E10 7QL,Waltham Forest,51.564823676338,-0.045328683324,08:00,09:00,,1,False,https://ourparks.org.uk/borough/beginners-bootcamp-105900
ourparks_98306_885,Our Parks,Our Parks,Bootcamp,Bootcamp & Outdoor Fitness,Bootcamp,True,0.0,Harefield Village Green,UB9 6EG,Hillingdon,51.604697285476,-0.480577927343,08:30,09:30,,1,False,https://ourparks.org.uk/borough/bootcamp-98306
ourparks_104932_886,Our Parks,Our Parks,"Women's only - Abs, Bums & Thighs (ABT)",Gym / Fitness,Abs/Core,True,0.0,Bartlett Park,E14 6LA,Tower Hamlets,51.5152023,-0.0201571,08:30,09:30,,1,False,https://ourparks.org.uk/borough/womens-only-abs-bums-thighs-abt-104932
ourparks_104928_887,Our Parks,Our Parks,"Women's only - Abs, Bums & Thighs (ABT)",Gym / Fitness,Abs/Core,True,0.0,Bartlett Park,E14 6LA,Tower Hamlets,51.5152023,-0.0201571,09:00,10:00,,1,False,https://ourparks.org.uk/borough/womens-only-abs-bums-thighs-abt-104928
ourparks_106240_888,Our Parks,Our Parks,Yoga,"Yoga, Pilates & Studio",Yoga,True,0.0,East Wickham Open Space,DA16 3BJ,Bexley,51.47144151112,0.103413504169,08:30,09:30,,1,False,https://ourparks.org.uk/borough/yoga-106240
ourparks_106251_889,Our Parks,Our Parks,Beginners HIIT,Bootcamp & Outdoor Fitness,Bootcamp,True,0.0,East Wickham Open Space,DA16 3BJ,Bexley,51.47144151112,0.103413504169,08:30,09:30,,1,False,https://ourparks.org.uk/borough/beginners-hiit-106251
ourparks_106252_890,Our Parks,Our Parks,Beginners HIIT,Bootcamp & Outdoor Fitness,Bootcamp,True,0.0,East Wickham Open Space,DA16 3BJ,Bexley,51.47144151112,0.103413504169,08:30,09:30,,1,False,https://ourparks.org.uk/borough/beginners-hiit-106252
ourparks_106253_891,Our Parks,Our Parks,Beginners HIIT,Bootcamp & Outdoor Fitness,Bootcamp,True,0.0,East Wickham Open Space,DA16 3BJ,Bexley,51.47144151112,0.103413504169,08:30,09:30,,1,False,https://ourparks.org.uk/borough/beginners-hiit-106253
ourparks_106254_892,Our Parks,Our Parks,Beginners HIIT,Bootcamp & Outdoor Fitness,Bootcamp,True,0.0,East Wickham Open Space,DA16 3BJ,Bexley,51.47144151112,0.103413504169,08:30,09:30,,1,False,https://ourparks.org.uk/borough/beginners-hiit-106254
ourparks_106255_893,Our Parks,Our Parks,Beginners HIIT,Bootcamp & Outdoor Fitness,Bootcamp,True,0.0,East Wickham Open Space,DA16 3BJ,Bexley,51.47144151112,0.103413504169,08:30,09:30,,1,False,https://ourparks.org.uk/borough/beginners-hiit-106255
ourparks_106258_894,Our Parks,Our Parks,Beginners HIIT,Bootcamp & Outdoor Fitness,Bootcamp,True,0.0,East Wickham Open Space,DA16 3BJ,Bexley,51.47144151112,0.103413504169,08:30,09:30,,1,False,https://ourparks.org.uk/borough/beginners-hiit-106258
ourparks_106259_895,Our Parks,Our Parks,Beginners HIIT,Bootcamp & Outdoor Fitness,Bootcamp,True,0.0,East Wickham Open Space,DA16 3BJ,Bexley,51.47144151112,0.103413504169,08:30,09:30,,1,False,https://ourparks.org.uk/borough/beginners-hiit-106259
ourparks_106260_896,Our Parks,Our Parks,Beginners HIIT,Bootcamp & Outdoor Fitness,Bootcamp,True,0.0,East Wickham Open Space,DA16 3BJ,Bexley,51.47144151112,0.103413504169,08:30,09:30,,1,False,https://ourparks.org.uk/borough/beginners-hiit-106260
ourparks_106261_897,Our Parks,Our Parks,Beginners HIIT,Bootcamp & Outdoor Fitness,Bootcamp,True,0.0,East Wickham Open Space,DA16 3BJ,Bexley,51.47144151112,0.103413504169,08:30,09:30,,1,False,https://ourparks.org.uk/borough/beginners-hiit-106261
ourparks_106262_898,Our Parks,Our Parks,Beginners HIIT,Bootcamp & Outdoor Fitness,Bootcamp,True,0.0,East Wickham Open Space,DA16 3BJ,Bexley,51.47144151112,0.103413504169,08:30,09:30,,1,False,https://ourparks.org.uk/borough/beginners-hiit-106262
ourparks_106263_899,Our Parks,Our Parks,Beginners HIIT,Bootcamp & Outdoor Fitness,Bootcamp,True,0.0,East Wickham Open Space,DA16 3BJ,Bexley,51.47144151112,0.103413504169,08:30,09:30,,1,False,https://ourparks.org.uk/borough/beginners-hiit-106263
ourparks_106264_900,Our Parks,Our Parks,Beginners HIIT,Bootcamp & Outdoor Fitness,Bootcamp,True,0.0,East Wickham Open Space,DA16 3BJ,Bexley,51.47144151112,0.103413504169,08:30,09:30,,1,False,https://ourparks.org.uk/borough/beginners-hiit-106264
ourparks_107547_901,Our Parks,Our Parks,Beginners Bootcamp,Bootcamp & Outdoor Fitness,Bootcamp,True,0.0,Old Farm Park,DA15 8AN,Bexley,51.435940810701,0.091383360071,09:00,10:00,,1,False,https://ourparks.org.uk/borough/beginners-bootcamp-107547
ourparks_107548_902,Our Parks,Our Parks,Beginners Bootcamp,Bootcamp & Outdoor Fitness,Bootcamp,True,0.0,Old Farm Park,DA15 8AN,Bexley,51.435940810701,0.091383360071,09:00,10:00,,1,False,https://ourparks.org.uk/borough/beginners-bootcamp-107548
ourparks_107549_903,Our Parks,Our Parks,Beginners Bootcamp,Bootcamp & Outdoor Fitness,Bootcamp,True,0.0,Old Farm Park,DA15 8AN,Bexley,51.435940810701,0.091383360071,09:00,10:00,,1,False,https://ourparks.org.uk/borough/beginners-bootcamp-107549
ourparks_107554_904,Our Parks,Our Parks,Beginners Bootcamp,Bootcamp & Outdoor Fitness,Bootcamp,True,0.0,Old Farm Park,DA15 8AN,Bexley,51.435940810701,0.091383360071,09:00,10:00,,1,False,https://ourparks.org.uk/borough/beginners-bootcamp-107554
ourparks_106906_905,Our Parks,Our Parks,Beginners Bootcamp,Bootcamp & Outdoor Fitness,Bootcamp,True,0.0,Sutton & Epsom RFC,SM2 7NF,Sutton,51.349432,-0.2225745,17:00,18:00,,1,False,https://ourparks.org.uk/borough/beginners-bootcamp-106906
ourparks_106907_906,Our Parks,Our Parks,Beginners Bootcamp,Bootcamp & Outdoor Fitness,Bootcamp,True,0.0,Sutton & Epsom RFC,SM2 7NF,Sutton,51.349432,-0.2225745,17:00,18:00,,1,False,https://ourparks.org.uk/borough/beginners-bootcamp-106907
ourparks_106908_907,Our Parks,Our Parks,Beginners Bootcamp,Bootcamp & Outdoor Fitness,Bootcamp,True,0.0,Sutton & Epsom RFC,SM2 7NF,Sutton,51.349432,-0.2225745,17:00,18:00,,1,False,https://ourparks.org.uk/borough/beginners-bootcamp-106908
ourparks_106911_908,Our Parks,Our Parks,Beginners Bootcamp,Bootcamp & Outdoor Fitness,Bootcamp,True,0.0,Sutton & Epsom RFC,SM2 7NF,Sutton,51.349432,-0.2225745,17:00,18:00,,1,False,https://ourparks.org.uk/borough/beginners-bootcamp-106911
ourparks_106912_909,Our Parks,Our Parks,Beginners Bootcamp,Bootcamp & Outdoor Fitness,Bootcamp,True,0.0,Sutton & Epsom RFC,SM2 7NF,Sutton,51.349432,-0.2225745,17:00,18:00,,1,False,https://ourparks.org.uk/borough/beginners-bootcamp-106912
ourparks_106913_910,Our Parks,Our Parks,Beginners Bootcamp,Bootcamp & Outdoor Fitness,Bootcamp,True,0.0,Sutton & Epsom RFC,SM2 7NF,Sutton,51.349432,-0.2225745,17:00,18:00,,1,False,https://ourparks.org.uk/borough/beginners-bootcamp-106913
ourparks_106914_911,Our Parks,Our Parks,Beginners Bootcamp,Bootcamp & Outdoor Fitness,Bootcamp,True,0.0,Sutton & Epsom RFC,SM2 7NF,Sutton,51.349432,-0.2225745,17:00,18:00,,1,False,https://ourparks.org.uk/borough/beginners-bootcamp-106914
ourparks_106915_912,Our Parks,Our Parks,Beginners Bootcamp,Bootcamp & Outdoor Fitness,Bootcamp,True,0.0,Sutton & Epsom RFC,SM2 7NF,Sutton,51.349432,-0.2225745,17:00,18:00,,1,False,https://ourparks.org.uk/borough/beginners-bootcamp-106915
ourparks_106916_913,Our Parks,Our Parks,Beginners Bootcamp,Bootcamp & Outdoor Fitness,Bootcamp,True,0.0,Sutton & Epsom RFC,SM2 7NF,Sutton,51.349432,-0.2225745,17:00,18:00,,1,False,https://ourparks.org.uk/borough/beginners-bootcamp-106916
ourparks_106917_914,Our Parks,Our Parks,Beginners Bootcamp,Bootcamp & Outdoor Fitness,Bootcamp,True,0.0,Sutton & Epsom RFC,SM2 7NF,Sutton,51.349432,-0.2225745,17:00,18:00,,1,False,https://ourparks.org.uk/borough/beginners-bootcamp-106917
ourparks_106918_915,Our Parks,Our Parks,Beginners Bootcamp,Bootcamp & Outdoor Fitness,Bootcamp,True,0.0,Sutton & Epsom RFC,SM2 7NF,Sutton,51.349432,-0.2225745,17:00,18:00,,1,False,https://ourparks.org.uk/borough/beginners-bootcamp-106918
ourparks_104890_916,Our Parks,Our Parks,Bootcamp,Bootcamp & Outdoor Fitness,Bootcamp,True,0.0,Hillingdon Court Park,UB10 9NT,Hillingdon,51.542145414625,-0.453846634192,09:00,10:00,,1,False,https://ourparks.org.uk/borough/bootcamp-104890
ourparks_106800_917,Our Parks,Our Parks,Beginners Bootcamp,Bootcamp & Outdoor Fitness,Bootcamp,True,0.0,Fair Green at Mitcham Market,CR4 2PF,Merton,51.4058202,-0.1638252,09:00,10:00,,1,False,https://ourparks.org.uk/borough/beginners-bootcamp-106800
ourparks_107570_918,Our Parks,Our Parks,Run Club,Other / Unspecified,Running,True,0.0,Victory Park (E20),E20 2ST,Newham,51.546291703992,-0.00978845673,07:00,08:00,,1,False,https://ourparks.org.uk/borough/run-club-107570
ourparks_107574_919,Our Parks,Our Parks,Run Club,Other / Unspecified,Running,True,0.0,Victory Park (E20),E20 2ST,Newham,51.546291703992,-0.00978845673,07:00,08:00,,1,False,https://ourparks.org.uk/borough/run-club-107574
ourparks_107575_920,Our Parks,Our Parks,Run Club,Other / Unspecified,Running,True,0.0,Victory Park (E20),E20 2ST,Newham,51.546291703992,-0.00978845673,07:00,08:00,,1,False,https://ourparks.org.uk/borough/run-club-107575
ourparks_107576_921,Our Parks,Our Parks,Run Club,Other / Unspecified,Running,True,0.0,Victory Park (E20),E20 2ST,Newham,51.546291703992,-0.00978845673,07:00,08:00,,1,False,https://ourparks.org.uk/borough/run-club-107576
ourparks_107577_922,Our Parks,Our Parks,Run Club,Other / Unspecified,Running,True,0.0,Victory Park (E20),E20 2ST,Newham,51.546291703992,-0.00978845673,07:00,08:00,,1,False,https://ourparks.org.uk/borough/run-club-107577
ourparks_107578_923,Our Parks,Our Parks,Run Club,Other / Unspecified,Running,True,0.0,Victory Park (E20),E20 2ST,Newham,51.546291703992,-0.00978845673,07:00,08:00,,1,False,https://ourparks.org.uk/borough/run-club-107578
ourparks_107579_924,Our Parks,Our Parks,Run Club,Other / Unspecified,Running,True,0.0,Victory Park (E20),E20 2ST,Newham,51.546291703992,-0.00978845673,07:00,08:00,,1,False,https://ourparks.org.uk/borough/run-club-107579
ourparks_107580_925,Our Parks,Our Parks,Run Club,Other / Unspecified,Running,True,0.0,Victory Park (E20),E20 2ST,Newham,51.546291703992,-0.00978845673,07:00,08:00,,1,False,https://ourparks.org.uk/borough/run-club-107580
ourparks_107581_926,Our Parks,Our Parks,Run Club,Other / Unspecified,Running,True,0.0,Victory Park (E20),E20 2ST,Newham,51.546291703992,-0.00978845673,07:00,08:00,,1,False,https://ourparks.org.uk/borough/run-club-107581
ourparks_107582_927,Our Parks,Our Parks,Run Club,Other / Unspecified,Running,True,0.0,Victory Park (E20),E20 2ST,Newham,51.546291703992,-0.00978845673,07:00,08:00,,1,False,https://ourparks.org.uk/borough/run-club-107582
ourparks_107583_928,Our Parks,Our Parks,Run Club,Other / Unspecified,Running,True,0.0,Victory Park (E20),E20 2ST,Newham,51.546291703992,-0.00978845673,07:00,08:00,,1,False,https://ourparks.org.uk/borough/run-club-107583
ourparks_107584_929,Our Parks,Our Parks,Run Club,Other / Unspecified,Running,True,0.0,Victory Park (E20),E20 2ST,Newham,51.546291703992,-0.00978845673,07:00,08:00,,1,False,https://ourparks.org.uk/borough/run-club-107584
ourparks_107585_930,Our Parks,Our Parks,Run Club,Other / Unspecified,Running,True,0.0,Victory Park (E20),E20 2ST,Newham,51.546291703992,-0.00978845673,07:00,08:00,,1,False,https://ourparks.org.uk/borough/run-club-107585
ourparks_107586_931,Our Parks,Our Parks,Run Club,Other / Unspecified,Running,True,0.0,Victory Park (E20),E20 2ST,Newham,51.546291703992,-0.00978845673,07:00,08:00,,1,False,https://ourparks.org.uk/borough/run-club-107586
ourparks_107587_932,Our Parks,Our Parks,Run Club,Other / Unspecified,Running,True,0.0,Victory Park (E20),E20 2ST,Newham,51.546291703992,-0.00978845673,07:00,08:00,,1,False,https://ourparks.org.uk/borough/run-club-107587
ourparks_107588_933,Our Parks,Our Parks,Run Club,Other / Unspecified,Running,True,0.0,Victory Park (E20),E20 2ST,Newham,51.546291703992,-0.00978845673,07:00,08:00,,1,False,https://ourparks.org.uk/borough/run-club-107588
ourparks_107589_934,Our Parks,Our Parks,Run Club,Other / Unspecified,Running,True,0.0,Victory Park (E20),E20 2ST,Newham,51.546291703992,-0.00978845673,07:00,08:00,,1,False,https://ourparks.org.uk/borough/run-club-107589
ourparks_107590_935,Our Parks,Our Parks,Run Club,Other / Unspecified,Running,True,0.0,Victory Park (E20),E20 2ST,Newham,51.546291703992,-0.00978845673,07:00,08:00,,1,False,https://ourparks.org.uk/borough/run-club-107590
ourparks_107591_936,Our Parks,Our Parks,Run Club,Other / Unspecified,Running,True,0.0,Victory Park (E20),E20 2ST,Newham,51.546291703992,-0.00978845673,07:00,08:00,,1,False,https://ourparks.org.uk/borough/run-club-107591
ourparks_107592_937,Our Parks,Our Parks,Run Club,Other / Unspecified,Running,True,0.0,Victory Park (E20),E20 2ST,Newham,51.546291703992,-0.00978845673,07:00,08:00,,1,False,https://ourparks.org.uk/borough/run-club-107592
ourparks_107593_938,Our Parks,Our Parks,Run Club,Other / Unspecified,Running,True,0.0,Victory Park (E20),E20 2ST,Newham,51.546291703992,-0.00978845673,07:00,08:00,,1,False,https://ourparks.org.uk/borough/run-club-107593
ourparks_107594_939,Our Parks,Our Parks,Run Club,Other / Unspecified,Running,True,0.0,Victory Park (E20),E20 2ST,Newham,51.546291703992,-0.00978845673,07:00,08:00,,1,False,https://ourparks.org.uk/borough/run-club-107594
ourparks_107595_940,Our Parks,Our Parks,Run Club,Other / Unspecified,Running,True,0.0,Victory Park (E20),E20 2ST,Newham,51.546291703992,-0.00978845673,07:00,08:00,,1,False,https://ourparks.org.uk/borough/run-club-107595
ourparks_107596_941,Our Parks,Our Parks,Run Club,Other / Unspecified,Running,True,0.0,Victory Park (E20),E20 2ST,Newham,51.546291703992,-0.00978845673,07:00,08:00,,1,False,https://ourparks.org.uk/borough/run-club-107596
ourparks_107597_942,Our Parks,Our Parks,Run Club,Other / Unspecified,Running,True,0.0,Victory Park (E20),E20 2ST,Newham,51.546291703992,-0.00978845673,07:00,08:00,,1,False,https://ourparks.org.uk/borough/run-club-107597
ourparks_107598_943,Our Parks,Our Parks,Run Club,Other / Unspecified,Running,True,0.0,Victory Park (E20),E20 2ST,Newham,51.546291703992,-0.00978845673,07:00,08:00,,1,False,https://ourparks.org.uk/borough/run-club-107598
ourparks_107599_944,Our Parks,Our Parks,Run Club,Other / Unspecified,Running,True,0.0,Victory Park (E20),E20 2ST,Newham,51.546291703992,-0.00978845673,07:00,08:00,,1,False,https://ourparks.org.uk/borough/run-club-107599
ourparks_107600_945,Our Parks,Our Parks,Run Club,Other / Unspecified,Running,True,0.0,Victory Park (E20),E20 2ST,Newham,51.546291703992,-0.00978845673,07:00,08:00,,1,False,https://ourparks.org.uk/borough/run-club-107600
ourparks_107601_946,Our Parks,Our Parks,Run Club,Other / Unspecified,Running,True,0.0,Victory Park (E20),E20 2ST,Newham,51.546291703992,-0.00978845673,07:00,08:00,,1,False,https://ourparks.org.uk/borough/run-club-107601
ourparks_107602_947,Our Parks,Our Parks,Run Club,Other / Unspecified,Running,True,0.0,Victory Park (E20),E20 2ST,Newham,51.546291703992,-0.00978845673,07:00,08:00,,1,False,https://ourparks.org.uk/borough/run-club-107602
ourparks_107603_948,Our Parks,Our Parks,Run Club,Other / Unspecified,Running,True,0.0,Victory Park (E20),E20 2ST,Newham,51.546291703992,-0.00978845673,07:00,08:00,,1,False,https://ourparks.org.uk/borough/run-club-107603
ourparks_107604_949,Our Parks,Our Parks,Run Club,Other / Unspecified,Running,True,0.0,Victory Park (E20),E20 2ST,Newham,51.546291703992,-0.00978845673,07:00,08:00,,1,False,https://ourparks.org.uk/borough/run-club-107604
ourparks_107605_950,Our Parks,Our Parks,Run Club,Other / Unspecified,Running,True,0.0,Victory Park (E20),E20 2ST,Newham,51.546291703992,-0.00978845673,07:00,08:00,,1,False,https://ourparks.org.uk/borough/run-club-107605
ourparks_107606_951,Our Parks,Our Parks,Run Club,Other / Unspecified,Running,True,0.0,Victory Park (E20),E20 2ST,Newham,51.546291703992,-0.00978845673,07:00,08:00,,1,False,https://ourparks.org.uk/borough/run-club-107606
ourparks_107607_952,Our Parks,Our Parks,Run Club,Other / Unspecified,Running,True,0.0,Victory Park (E20),E20 2ST,Newham,51.546291703992,-0.00978845673,07:00,08:00,,1,False,https://ourparks.org.uk/borough/run-club-107607
ourparks_107608_953,Our Parks,Our Parks,Run Club,Other / Unspecified,Running,True,0.0,Victory Park (E20),E20 2ST,Newham,51.546291703992,-0.00978845673,07:00,08:00,,1,False,https://ourparks.org.uk/borough/run-club-107608
ourparks_107609_954,Our Parks,Our Parks,Run Club,Other / Unspecified,Running,True,0.0,Victory Park (E20),E20 2ST,Newham,51.546291703992,-0.00978845673,07:00,08:00,,1,False,https://ourparks.org.uk/borough/run-club-107609
ourparks_107610_955,Our Parks,Our Parks,Run Club,Other / Unspecified,Running,True,0.0,Victory Park (E20),E20 2ST,Newham,51.546291703992,-0.00978845673,07:00,08:00,,1,False,https://ourparks.org.uk/borough/run-club-107610
ourparks_107611_956,Our Parks,Our Parks,Run Club,Other / Unspecified,Running,True,0.0,Victory Park (E20),E20 2ST,Newham,51.546291703992,-0.00978845673,07:00,08:00,,1,False,https://ourparks.org.uk/borough/run-club-107611
ourparks_107612_957,Our Parks,Our Parks,Run Club,Other / Unspecified,Running,True,0.0,Victory Park (E20),E20 2ST,Newham,51.546291703992,-0.00978845673,07:00,08:00,,1,False,https://ourparks.org.uk/borough/run-club-107612
ourparks_107613_958,Our Parks,Our Parks,Run Club,Other / Unspecified,Running,True,0.0,Victory Park (E20),E20 2ST,Newham,51.546291703992,-0.00978845673,07:00,08:00,,1,False,https://ourparks.org.uk/borough/run-club-107613
ourparks_107614_959,Our Parks,Our Parks,Run Club,Other / Unspecified,Running,True,0.0,Victory Park (E20),E20 2ST,Newham,51.546291703992,-0.00978845673,07:00,08:00,,1,False,https://ourparks.org.uk/borough/run-club-107614
ourparks_107615_960,Our Parks,Our Parks,Run Club,Other / Unspecified,Running,True,0.0,Victory Park (E20),E20 2ST,Newham,51.546291703992,-0.00978845673,07:00,08:00,,1,False,https://ourparks.org.uk/borough/run-club-107615
ourparks_107616_961,Our Parks,Our Parks,Run Club,Other / Unspecified,Running,True,0.0,Victory Park (E20),E20 2ST,Newham,51.546291703992,-0.00978845673,07:00,08:00,,1,False,https://ourparks.org.uk/borough/run-club-107616
ourparks_107617_962,Our Parks,Our Parks,Run Club,Other / Unspecified,Running,True,0.0,Victory Park (E20),E20 2ST,Newham,51.546291703992,-0.00978845673,07:00,08:00,,1,False,https://ourparks.org.uk/borough/run-club-107617
ourparks_107618_963,Our Parks,Our Parks,Run Club,Other / Unspecified,Running,True,0.0,Victory Park (E20),E20 2ST,Newham,51.546291703992,-0.00978845673,07:00,08:00,,1,False,https://ourparks.org.uk/borough/run-club-107618
ourparks_107619_964,Our Parks,Our Parks,Run Club,Other / Unspecified,Running,True,0.0,Victory Park (E20),E20 2ST,Newham,51.546291703992,-0.00978845673,07:00,08:00,,1,False,https://ourparks.org.uk/borough/run-club-107619
ourparks_107620_965,Our Parks,Our Parks,Run Club,Other / Unspecified,Running,True,0.0,Victory Park (E20),E20 2ST,Newham,51.546291703992,-0.00978845673,07:00,08:00,,1,False,https://ourparks.org.uk/borough/run-club-107620
ourparks_107621_966,Our Parks,Our Parks,Run Club,Other / Unspecified,Running,True,0.0,Victory Park (E20),E20 2ST,Newham,51.546291703992,-0.00978845673,07:00,08:00,,1,False,https://ourparks.org.uk/borough/run-club-107621
ourparks_107622_967,Our Parks,Our Parks,Run Club,Other / Unspecified,Running,True,0.0,Victory Park (E20),E20 2ST,Newham,51.546291703992,-0.00978845673,07:00,08:00,,1,False,https://ourparks.org.uk/borough/run-club-107622
ourparks_106288_968,Our Parks,Our Parks,Stretch & Bend,"Yoga, Pilates & Studio",Yoga,True,0.0,Abbey Wood Recreation Ground,DA17 5ND,Bexley,51.489689281292,0.133391557591,08:15,09:15,,1,False,https://ourparks.org.uk/borough/stretch-bend-106288
ourparks_107475_969,Our Parks,Our Parks,RISE & SHINE LIVE Glute Blaster,Gym / Fitness,Abs/Core,True,0.0,Our Parks Live,KT2 7EW,,51.5161826,-0.1735317,06:30,07:30,,1,True,https://ourparks.org.uk/borough/rise-shine-live-glute-blaster-107475
ourparks_107476_970,Our Parks,Our Parks,RISE & SHINE LIVE Glute Blaster,Gym / Fitness,Abs/Core,True,0.0,Our Parks Live,KT2 7EW,,51.5161826,-0.1735317,06:30,07:30,,1,True,https://ourparks.org.uk/borough/rise-shine-live-glute-blaster-107476
ourparks_107477_971,Our Parks,Our Parks,RISE & SHINE LIVE Glute Blaster,Gym / Fitness,Abs/Core,True,0.0,Our Parks Live,KT2 7EW,,51.5161826,-0.1735317,06:30,07:30,,1,True,https://ourparks.org.uk/borough/rise-shine-live-glute-blaster-107477
ourparks_107480_972,Our Parks,Our Parks,RISE & SHINE LIVE Glute Blaster,Gym / Fitness,Abs/Core,True,0.0,Our Parks Live,KT2 7EW,,51.5161826,-0.1735317,06:30,07:30,,1,True,https://ourparks.org.uk/borough/rise-shine-live-glute-blaster-107480
ourparks_107486_973,Our Parks,Our Parks,Rise & Shine ABS Workout,Gym / Fitness,Abs/Core,True,0.0,Our Parks Live,KT2 7EW,,51.5161826,-0.1735317,06:30,07:30,,1,True,https://ourparks.org.uk/borough/rise-shine-abs-workout-107486
ourparks_107487_974,Our Parks,Our Parks,Rise & Shine ABS Workout,Gym / Fitness,Abs/Core,True,0.0,Our Parks Live,KT2 7EW,,51.5161826,-0.1735317,06:30,07:30,,1,True,https://ourparks.org.uk/borough/rise-shine-abs-workout-107487
ourparks_107491_975,Our Parks,Our Parks,Rise & Shine ABS Workout,Gym / Fitness,Abs/Core,True,0.0,Our Parks Live,KT2 7EW,,51.5161826,-0.1735317,06:30,07:30,,1,True,https://ourparks.org.uk/borough/rise-shine-abs-workout-107491
ourparks_105149_976,Our Parks,Our Parks,Beginners Bootcamp,Bootcamp & Outdoor Fitness,Bootcamp,True,0.0,Gladstone Park,NW2,Brent,51.5596147901,-0.236722632917,09:00,10:00,,1,False,https://ourparks.org.uk/borough/beginners-bootcamp-105149
ourparks_105151_977,Our Parks,Our Parks,Beginners Bootcamp,Bootcamp & Outdoor Fitness,Bootcamp,True,0.0,Gladstone Park,NW2,Brent,51.5596147901,-0.236722632917,09:00,10:00,,1,False,https://ourparks.org.uk/borough/beginners-bootcamp-105151
ourparks_105152_978,Our Parks,Our Parks,Beginners Bootcamp,Bootcamp & Outdoor Fitness,Bootcamp,True,0.0,Gladstone Park,NW2,Brent,51.5596147901,-0.236722632917,09:00,10:00,,1,False,https://ourparks.org.uk/borough/beginners-bootcamp-105152
ourparks_105155_979,Our Parks,Our Parks,Beginners Bootcamp,Bootcamp & Outdoor Fitness,Bootcamp,True,0.0,Gladstone Park,NW2,Brent,51.5596147901,-0.236722632917,09:00,10:00,,1,False,https://ourparks.org.uk/borough/beginners-bootcamp-105155
ourparks_105156_980,Our Parks,Our Parks,Beginners Bootcamp,Bootcamp & Outdoor Fitness,Bootcamp,True,0.0,Gladstone Park,NW2,Brent,51.5596147901,-0.236722632917,09:00,10:00,,1,False,https://ourparks.org.uk/borough/beginners-bootcamp-105156
ourparks_105157_981,Our Parks,Our Parks,Beginners Bootcamp,Bootcamp & Outdoor Fitness,Bootcamp,True,0.0,Gladstone Park,NW2,Brent,51.5596147901,-0.236722632917,09:00,10:00,,1,False,https://ourparks.org.uk/borough/beginners-bootcamp-105157
ourparks_105158_982,Our Parks,Our Parks,Beginners Bootcamp,Bootcamp & Outdoor Fitness,Bootcamp,True,0.0,Gladstone Park,NW2,Brent,51.5596147901,-0.236722632917,09:00,10:00,,1,False,https://ourparks.org.uk/borough/beginners-bootcamp-105158
ourparks_105159_983,Our Parks,Our Parks,Beginners Bootcamp,Bootcamp & Outdoor Fitness,Bootcamp,True,0.0,Gladstone Park,NW2,Brent,51.5596147901,-0.236722632917,09:00,10:00,,1,False,https://ourparks.org.uk/borough/beginners-bootcamp-105159
ourparks_105162_984,Our Parks,Our Parks,Beginners Bootcamp,Bootcamp & Outdoor Fitness,Bootcamp,True,0.0,Gladstone Park,NW2,Brent,51.5596147901,-0.236722632917,09:00,10:00,,1,False,https://ourparks.org.uk/borough/beginners-bootcamp-105162
ourparks_105163_985,Our Parks,Our Parks,Beginners Bootcamp,Bootcamp & Outdoor Fitness,Bootcamp,True,0.0,Gladstone Park,NW2,Brent,51.5596147901,-0.236722632917,09:00,10:00,,1,False,https://ourparks.org.uk/borough/beginners-bootcamp-105163
ourparks_105165_986,Our Parks,Our Parks,Beginners Bootcamp,Bootcamp & Outdoor Fitness,Bootcamp,True,0.0,Gladstone Park,NW2,Brent,51.5596147901,-0.236722632917,09:00,10:00,,1,False,https://ourparks.org.uk/borough/beginners-bootcamp-105165
ourparks_105166_987,Our Parks,Our Parks,Beginners Bootcamp,Bootcamp & Outdoor Fitness,Bootcamp,True,0.0,Gladstone Park,NW2,Brent,51.5596147901,-0.236722632917,09:00,10:00,,1,False,https://ourparks.org.uk/borough/beginners-bootcamp-105166
ourparks_105167_988,Our Parks,Our Parks,Beginners Bootcamp,Bootcamp & Outdoor Fitness,Bootcamp,True,0.0,Gladstone Park,NW2,Brent,51.5596147901,-0.236722632917,09:00,10:00,,1,False,https://ourparks.org.uk/borough/beginners-bootcamp-105167
ourparks_105168_989,Our Parks,Our Parks,Beginners Bootcamp,Bootcamp & Outdoor Fitness,Bootcamp,True,0.0,Gladstone Park,NW2,Brent,51.5596147901,-0.236722632917,09:00,10:00,,1,False,https://ourparks.org.uk/borough/beginners-bootcamp-105168
ourparks_105169_990,Our Parks,Our Parks,Beginners Bootcamp,Bootcamp & Outdoor Fitness,Bootcamp,True,0.0,Gladstone Park,NW2,Brent,51.5596147901,-0.236722632917,09:00,10:00,,1,False,https://ourparks.org.uk/borough/beginners-bootcamp-105169
ourparks_105170_991,Our Parks,Our Parks,Beginners Bootcamp,Bootcamp & Outdoor Fitness,Bootcamp,True,0.0,Gladstone Park,NW2,Brent,51.5596147901,-0.236722632917,09:00,10:00,,1,False,https://ourparks.org.uk/borough/beginners-bootcamp-105170
ourparks_105171_992,Our Parks,Our Parks,Beginners Bootcamp,Bootcamp & Outdoor Fitness,Bootcamp,True,0.0,Gladstone Park,NW2,Brent,51.5596147901,-0.236722632917,09:00,10:00,,1,False,https://ourparks.org.uk/borough/beginners-bootcamp-105171
ourparks_105172_993,Our Parks,Our Parks,Beginners Bootcamp,Bootcamp & Outdoor Fitness,Bootcamp,True,0.0,Gladstone Park,NW2,Brent,51.5596147901,-0.236722632917,09:00,10:00,,1,False,https://ourparks.org.uk/borough/beginners-bootcamp-105172
ourparks_105173_994,Our Parks,Our Parks,Beginners Bootcamp,Bootcamp & Outdoor Fitness,Bootcamp,True,0.0,Gladstone Park,NW2,Brent,51.5596147901,-0.236722632917,09:00,10:00,,1,False,https://ourparks.org.uk/borough/beginners-bootcamp-105173
ourparks_105175_995,Our Parks,Our Parks,Beginners Bootcamp,Bootcamp & Outdoor Fitness,Bootcamp,True,0.0,Gladstone Park,NW2,Brent,51.5596147901,-0.236722632917,09:00,10:00,,1,False,https://ourparks.org.uk/borough/beginners-bootcamp-105175
ourparks_105176_996,Our Parks,Our Parks,Beginners Bootcamp,Bootcamp & Outdoor Fitness,Bootcamp,True,0.0,Gladstone Park,NW2,Brent,51.5596147901,-0.236722632917,09:00,10:00,,1,False,https://ourparks.org.uk/borough/beginners-bootcamp-105176
ourparks_105177_997,Our Parks,Our Parks,Beginners Bootcamp,Bootcamp & Outdoor Fitness,Bootcamp,True,0.0,Gladstone Park,NW2,Brent,51.5596147901,-0.236722632917,09:00,10:00,,1,False,https://ourparks.org.uk/borough/beginners-bootcamp-105177
ourparks_105178_998,Our Parks,Our Parks,Beginners Bootcamp,Bootcamp & Outdoor Fitness,Bootcamp,True,0.0,Gladstone Park,NW2,Brent,51.5596147901,-0.236722632917,09:00,10:00,,1,False,https://ourparks.org.uk/borough/beginners-bootcamp-105178
ourparks_107723_999,Our Parks,Our Parks,RISE & SHINE LIVE YOGA,"Yoga, Pilates & Studio",Yoga,True,0.0,Our Parks Live,KT2 7EW,,51.5161826,-0.1735317,06:30,07:30,,1,True,https://ourparks.org.uk/borough/rise-shine-live-yoga-107723
ourparks_107724_1000,Our Parks,Our Parks,RISE & SHINE LIVE YOGA,"Yoga, Pilates & Studio",Yoga,True,0.0,Our Parks Live,KT2 7EW,,51.5161826,-0.1735317,06:30,07:30,,1,True,https://ourparks.org.uk/borough/rise-shine-live-yoga-107724
ourparks_107726_1001,Our Parks,Our Parks,RISE & SHINE LIVE YOGA,"Yoga, Pilates & Studio",Yoga,True,0.0,Our Parks Live,KT2 7EW,,51.5161826,-0.1735317,06:30,07:30,,1,True,https://ourparks.org.uk/borough/rise-shine-live-yoga-107726
ourparks_107727_1002,Our Parks,Our Parks,RISE & SHINE LIVE YOGA,"Yoga, Pilates & Studio",Yoga,True,0.0,Our Parks Live,KT2 7EW,,51.5161826,-0.1735317,06:30,07:30,,1,True,https://ourparks.org.uk/borough/rise-shine-live-yoga-107727
ourparks_107728_1003,Our Parks,Our Parks,RISE & SHINE LIVE YOGA,"Yoga, Pilates & Studio",Yoga,True,0.0,Our Parks Live,KT2 7EW,,51.5161826,-0.1735317,06:30,07:30,,1,True,https://ourparks.org.uk/borough/rise-shine-live-yoga-107728
ourparks_107729_1004,Our Parks,Our Parks,RISE & SHINE LIVE YOGA,"Yoga, Pilates & Studio",Yoga,True,0.0,Our Parks Live,KT2 7EW,,51.5161826,-0.1735317,06:30,07:30,,1,True,https://ourparks.org.uk/borough/rise-shine-live-yoga-107729
ourparks_107733_1005,Our Parks,Our Parks,RISE & SHINE LIVE YOGA,"Yoga, Pilates & Studio",Yoga,True,0.0,Our Parks Live,KT2 7EW,,51.5161826,-0.1735317,06:30,07:30,,1,True,https://ourparks.org.uk/borough/rise-shine-live-yoga-107733
ourparks_107734_1006,Our Parks,Our Parks,RISE & SHINE LIVE YOGA,"Yoga, Pilates & Studio",Yoga,True,0.0,Our Parks Live,KT2 7EW,,51.5161826,-0.1735317,06:30,07:30,,1,True,https://ourparks.org.uk/borough/rise-shine-live-yoga-107734
ourparks_107735_1007,Our Parks,Our Parks,RISE & SHINE LIVE YOGA,"Yoga, Pilates & Studio",Yoga,True,0.0,Our Parks Live,KT2 7EW,,51.5161826,-0.1735317,06:30,07:30,,1,True,https://ourparks.org.uk/borough/rise-shine-live-yoga-107735
ourparks_107736_1008,Our Parks,Our Parks,RISE & SHINE LIVE YOGA,"Yoga, Pilates & Studio",Yoga,True,0.0,Our Parks Live,KT2 7EW,,51.5161826,-0.1735317,06:30,07:30,,1,True,https://ourparks.org.uk/borough/rise-shine-live-yoga-107736
ourparks_107737_1009,Our Parks,Our Parks,RISE & SHINE LIVE YOGA,"Yoga, Pilates & Studio",Yoga,True,0.0,Our Parks Live,KT2 7EW,,51.5161826,-0.1735317,06:30,07:30,,1,True,https://ourparks.org.uk/borough/rise-shine-live-yoga-107737
ourparks_107740_1010,Our Parks,Our Parks,RISE & SHINE LIVE YOGA,"Yoga, Pilates & Studio",Yoga,True,0.0,Our Parks Live,KT2 7EW,,51.5161826,-0.1735317,06:30,07:30,,1,True,https://ourparks.org.uk/borough/rise-shine-live-yoga-107740
ourparks_107741_1011,Our Parks,Our Parks,RISE & SHINE LIVE YOGA,"Yoga, Pilates & Studio",Yoga,True,0.0,Our Parks Live,KT2 7EW,,51.5161826,-0.1735317,06:30,07:30,,1,True,https://ourparks.org.uk/borough/rise-shine-live-yoga-107741
ourparks_107742_1012,Our Parks,Our Parks,RISE & SHINE LIVE YOGA,"Yoga, Pilates & Studio",Yoga,True,0.0,Our Parks Live,KT2 7EW,,51.5161826,-0.1735317,06:30,07:30,,1,True,https://ourparks.org.uk/borough/rise-shine-live-yoga-107742
ourparks_107743_1013,Our Parks,Our Parks,RISE & SHINE LIVE YOGA,"Yoga, Pilates & Studio",Yoga,True,0.0,Our Parks Live,KT2 7EW,,51.5161826,-0.1735317,06:30,07:30,,1,True,https://ourparks.org.uk/borough/rise-shine-live-yoga-107743
ourparks_107744_1014,Our Parks,Our Parks,RISE & SHINE LIVE YOGA,"Yoga, Pilates & Studio",Yoga,True,0.0,Our Parks Live,KT2 7EW,,51.5161826,-0.1735317,06:30,07:30,,1,True,https://ourparks.org.uk/borough/rise-shine-live-yoga-107744
ourparks_107745_1015,Our Parks,Our Parks,RISE & SHINE LIVE YOGA,"Yoga, Pilates & Studio",Yoga,True,0.0,Our Parks Live,KT2 7EW,,51.5161826,-0.1735317,06:30,07:30,,1,True,https://ourparks.org.uk/borough/rise-shine-live-yoga-107745
ourparks_107746_1016,Our Parks,Our Parks,RISE & SHINE LIVE YOGA,"Yoga, Pilates & Studio",Yoga,True,0.0,Our Parks Live,KT2 7EW,,51.5161826,-0.1735317,06:30,07:30,,1,True,https://ourparks.org.uk/borough/rise-shine-live-yoga-107746
ourparks_107747_1017,Our Parks,Our Parks,RISE & SHINE LIVE YOGA,"Yoga, Pilates & Studio",Yoga,True,0.0,Our Parks Live,KT2 7EW,,51.5161826,-0.1735317,06:30,07:30,,1,True,https://ourparks.org.uk/borough/rise-shine-live-yoga-107747
ourparks_107748_1018,Our Parks,Our Parks,RISE & SHINE LIVE YOGA,"Yoga, Pilates & Studio",Yoga,True,0.0,Our Parks Live,KT2 7EW,,51.5161826,-0.1735317,06:30,07:30,,1,True,https://ourparks.org.uk/borough/rise-shine-live-yoga-107748
ourparks_107749_1019,Our Parks,Our Parks,RISE & SHINE LIVE YOGA,"Yoga, Pilates & Studio",Yoga,True,0.0,Our Parks Live,KT2 7EW,,51.5161826,-0.1735317,06:30,07:30,,1,True,https://ourparks.org.uk/borough/rise-shine-live-yoga-107749
ourparks_107750_1020,Our Parks,Our Parks,RISE & SHINE LIVE YOGA,"Yoga, Pilates & Studio",Yoga,True,0.0,Our Parks Live,KT2 7EW,,51.5161826,-0.1735317,06:30,07:30,,1,True,https://ourparks.org.uk/borough/rise-shine-live-yoga-107750
ourparks_107751_1021,Our Parks,Our Parks,RISE & SHINE LIVE YOGA,"Yoga, Pilates & Studio",Yoga,True,0.0,Our Parks Live,KT2 7EW,,51.5161826,-0.1735317,06:30,07:30,,1,True,https://ourparks.org.uk/borough/rise-shine-live-yoga-107751
ourparks_107752_1022,Our Parks,Our Parks,RISE & SHINE LIVE YOGA,"Yoga, Pilates & Studio",Yoga,True,0.0,Our Parks Live,KT2 7EW,,51.5161826,-0.1735317,06:30,07:30,,1,True,https://ourparks.org.uk/borough/rise-shine-live-yoga-107752
ourparks_107753_1023,Our Parks,Our Parks,RISE & SHINE LIVE YOGA,"Yoga, Pilates & Studio",Yoga,True,0.0,Our Parks Live,KT2 7EW,,51.5161826,-0.1735317,06:30,07:30,,1,True,https://ourparks.org.uk/borough/rise-shine-live-yoga-107753
ourparks_107754_1024,Our Parks,Our Parks,RISE & SHINE LIVE YOGA,"Yoga, Pilates & Studio",Yoga,True,0.0,Our Parks Live,KT2 7EW,,51.5161826,-0.1735317,06:30,07:30,,1,True,https://ourparks.org.uk/borough/rise-shine-live-yoga-107754
ourparks_107755_1025,Our Parks,Our Parks,RISE & SHINE LIVE YOGA,"Yoga, Pilates & Studio",Yoga,True,0.0,Our Parks Live,KT2 7EW,,51.5161826,-0.1735317,06:30,07:30,,1,True,https://ourparks.org.uk/borough/rise-shine-live-yoga-107755
ourparks_107756_1026,Our Parks,Our Parks,RISE & SHINE LIVE YOGA,"Yoga, Pilates & Studio",Yoga,True,0.0,Our Parks Live,KT2 7EW,,51.5161826,-0.1735317,06:30,07:30,,1,True,https://ourparks.org.uk/borough/rise-shine-live-yoga-107756
ourparks_107757_1027,Our Parks,Our Parks,RISE & SHINE LIVE YOGA,"Yoga, Pilates & Studio",Yoga,True,0.0,Our Parks Live,KT2 7EW,,51.5161826,-0.1735317,06:30,07:30,,1,True,https://ourparks.org.uk/borough/rise-shine-live-yoga-107757
ourparks_107758_1028,Our Parks,Our Parks,RISE & SHINE LIVE YOGA,"Yoga, Pilates & Studio",Yoga,True,0.0,Our Parks Live,KT2 7EW,,51.5161826,-0.1735317,06:30,07:30,,1,True,https://ourparks.org.uk/borough/rise-shine-live-yoga-107758
ourparks_107759_1029,Our Parks,Our Parks,RISE & SHINE LIVE YOGA,"Yoga, Pilates & Studio",Yoga,True,0.0,Our Parks Live,KT2 7EW,,51.5161826,-0.1735317,06:30,07:30,,1,True,https://ourparks.org.uk/borough/rise-shine-live-yoga-107759
ourparks_107760_1030,Our Parks,Our Parks,RISE & SHINE LIVE YOGA,"Yoga, Pilates & Studio",Yoga,True,0.0,Our Parks Live,KT2 7EW,,51.5161826,-0.1735317,06:30,07:30,,1,True,https://ourparks.org.uk/borough/rise-shine-live-yoga-107760
ourparks_107761_1031,Our Parks,Our Parks,RISE & SHINE LIVE YOGA,"Yoga, Pilates & Studio",Yoga,True,0.0,Our Parks Live,KT2 7EW,,51.5161826,-0.1735317,06:30,07:30,,1,True,https://ourparks.org.uk/borough/rise-shine-live-yoga-107761
ourparks_107762_1032,Our Parks,Our Parks,RISE & SHINE LIVE YOGA,"Yoga, Pilates & Studio",Yoga,True,0.0,Our Parks Live,KT2 7EW,,51.5161826,-0.1735317,06:30,07:30,,1,True,https://ourparks.org.uk/borough/rise-shine-live-yoga-107762
ourparks_107763_1033,Our Parks,Our Parks,RISE & SHINE LIVE YOGA,"Yoga, Pilates & Studio",Yoga,True,0.0,Our Parks Live,KT2 7EW,,51.5161826,-0.1735317,06:30,07:30,,1,True,https://ourparks.org.uk/borough/rise-shine-live-yoga-107763
ourparks_107764_1034,Our Parks,Our Parks,RISE & SHINE LIVE YOGA,"Yoga, Pilates & Studio",Yoga,True,0.0,Our Parks Live,KT2 7EW,,51.5161826,-0.1735317,06:30,07:30,,1,True,https://ourparks.org.uk/borough/rise-shine-live-yoga-107764
ourparks_107765_1035,Our Parks,Our Parks,RISE & SHINE LIVE YOGA,"Yoga, Pilates & Studio",Yoga,True,0.0,Our Parks Live,KT2 7EW,,51.5161826,-0.1735317,06:30,07:30,,1,True,https://ourparks.org.uk/borough/rise-shine-live-yoga-107765
ourparks_107766_1036,Our Parks,Our Parks,RISE & SHINE LIVE YOGA,"Yoga, Pilates & Studio",Yoga,True,0.0,Our Parks Live,KT2 7EW,,51.5161826,-0.1735317,06:30,07:30,,1,True,https://ourparks.org.uk/borough/rise-shine-live-yoga-107766
ourparks_107767_1037,Our Parks,Our Parks,RISE & SHINE LIVE YOGA,"Yoga, Pilates & Studio",Yoga,True,0.0,Our Parks Live,KT2 7EW,,51.5161826,-0.1735317,06:30,07:30,,1,True,https://ourparks.org.uk/borough/rise-shine-live-yoga-107767
ourparks_107768_1038,Our Parks,Our Parks,RISE & SHINE LIVE YOGA,"Yoga, Pilates & Studio",Yoga,True,0.0,Our Parks Live,KT2 7EW,,51.5161826,-0.1735317,06:30,07:30,,1,True,https://ourparks.org.uk/borough/rise-shine-live-yoga-107768
ourparks_107769_1039,Our Parks,Our Parks,RISE & SHINE LIVE YOGA,"Yoga, Pilates & Studio",Yoga,True,0.0,Our Parks Live,KT2 7EW,,51.5161826,-0.1735317,06:30,07:30,,1,True,https://ourparks.org.uk/borough/rise-shine-live-yoga-107769
ourparks_107770_1040,Our Parks,Our Parks,RISE & SHINE LIVE YOGA,"Yoga, Pilates & Studio",Yoga,True,0.0,Our Parks Live,KT2 7EW,,51.5161826,-0.1735317,06:30,07:30,,1,True,https://ourparks.org.uk/borough/rise-shine-live-yoga-107770
ourparks_107771_1041,Our Parks,Our Parks,RISE & SHINE LIVE YOGA,"Yoga, Pilates & Studio",Yoga,True,0.0,Our Parks Live,KT2 7EW,,51.5161826,-0.1735317,06:30,07:30,,1,True,https://ourparks.org.uk/borough/rise-shine-live-yoga-107771
ourparks_107772_1042,Our Parks,Our Parks,RISE & SHINE LIVE YOGA,"Yoga, Pilates & Studio",Yoga,True,0.0,Our Parks Live,KT2 7EW,,51.5161826,-0.1735317,06:30,07:30,,1,True,https://ourparks.org.uk/borough/rise-shine-live-yoga-107772
ourparks_107773_1043,Our Parks,Our Parks,RISE & SHINE LIVE Glute Blaster,Gym / Fitness,Abs/Core,True,0.0,Our Parks Live,KT2 7EW,,51.5161826,-0.1735317,06:30,07:30,,1,True,https://ourparks.org.uk/borough/rise-shine-live-glute-blaster-107773
ourparks_107774_1044,Our Parks,Our Parks,RISE & SHINE LIVE Glute Blaster,Gym / Fitness,Abs/Core,True,0.0,Our Parks Live,KT2 7EW,,51.5161826,-0.1735317,06:30,07:30,,1,True,https://ourparks.org.uk/borough/rise-shine-live-glute-blaster-107774
ourparks_107775_1045,Our Parks,Our Parks,RISE & SHINE LIVE Glute Blaster,Gym / Fitness,Abs/Core,True,0.0,Our Parks Live,KT2 7EW,,51.5161826,-0.1735317,06:30,07:30,,1,True,https://ourparks.org.uk/borough/rise-shine-live-glute-blaster-107775
ourparks_107776_1046,Our Parks,Our Parks,RISE & SHINE LIVE Glute Blaster,Gym / Fitness,Abs/Core,True,0.0,Our Parks Live,KT2 7EW,,51.5161826,-0.1735317,06:30,07:30,,1,True,https://ourparks.org.uk/borough/rise-shine-live-glute-blaster-107776
ourparks_107777_1047,Our Parks,Our Parks,RISE & SHINE LIVE Glute Blaster,Gym / Fitness,Abs/Core,True,0.0,Our Parks Live,KT2 7EW,,51.5161826,-0.1735317,06:30,07:30,,1,True,https://ourparks.org.uk/borough/rise-shine-live-glute-blaster-107777
ourparks_107778_1048,Our Parks,Our Parks,RISE & SHINE LIVE Glute Blaster,Gym / Fitness,Abs/Core,True,0.0,Our Parks Live,KT2 7EW,,51.5161826,-0.1735317,06:30,07:30,,1,True,https://ourparks.org.uk/borough/rise-shine-live-glute-blaster-107778
ourparks_107779_1049,Our Parks,Our Parks,RISE & SHINE LIVE Glute Blaster,Gym / Fitness,Abs/Core,True,0.0,Our Parks Live,KT2 7EW,,51.5161826,-0.1735317,06:30,07:30,,1,True,https://ourparks.org.uk/borough/rise-shine-live-glute-blaster-107779
ourparks_107780_1050,Our Parks,Our Parks,RISE & SHINE LIVE Glute Blaster,Gym / Fitness,Abs/Core,True,0.0,Our Parks Live,KT2 7EW,,51.5161826,-0.1735317,06:30,07:30,,1,True,https://ourparks.org.uk/borough/rise-shine-live-glute-blaster-107780
ourparks_107781_1051,Our Parks,Our Parks,RISE & SHINE LIVE Glute Blaster,Gym / Fitness,Abs/Core,True,0.0,Our Parks Live,KT2 7EW,,51.5161826,-0.1735317,06:30,07:30,,1,True,https://ourparks.org.uk/borough/rise-shine-live-glute-blaster-107781
ourparks_107782_1052,Our Parks,Our Parks,RISE & SHINE LIVE Glute Blaster,Gym / Fitness,Abs/Core,True,0.0,Our Parks Live,KT2 7EW,,51.5161826,-0.1735317,06:30,07:30,,1,True,https://ourparks.org.uk/borough/rise-shine-live-glute-blaster-107782
ourparks_107783_1053,Our Parks,Our Parks,RISE & SHINE LIVE Glute Blaster,Gym / Fitness,Abs/Core,True,0.0,Our Parks Live,KT2 7EW,,51.5161826,-0.1735317,06:30,07:30,,1,True,https://ourparks.org.uk/borough/rise-shine-live-glute-blaster-107783
ourparks_107823_1054,Our Parks,Our Parks,Rise & Shine ABS Workout,Gym / Fitness,Abs/Core,True,0.0,Our Parks Live,KT2 7EW,,51.5161826,-0.1735317,06:30,07:30,,1,True,https://ourparks.org.uk/borough/rise-shine-abs-workout-107823
ourparks_107824_1055,Our Parks,Our Parks,Rise & Shine ABS Workout,Gym / Fitness,Abs/Core,True,0.0,Our Parks Live,KT2 7EW,,51.5161826,-0.1735317,06:30,07:30,,1,True,https://ourparks.org.uk/borough/rise-shine-abs-workout-107824
ourparks_107825_1056,Our Parks,Our Parks,Rise & Shine ABS Workout,Gym / Fitness,Abs/Core,True,0.0,Our Parks Live,KT2 7EW,,51.5161826,-0.1735317,06:30,07:30,,1,True,https://ourparks.org.uk/borough/rise-shine-abs-workout-107825
ourparks_107826_1057,Our Parks,Our Parks,Rise & Shine ABS Workout,Gym / Fitness,Abs/Core,True,0.0,Our Parks Live,KT2 7EW,,51.5161826,-0.1735317,06:30,07:30,,1,True,https://ourparks.org.uk/borough/rise-shine-abs-workout-107826
ourparks_107827_1058,Our Parks,Our Parks,Rise & Shine ABS Workout,Gym / Fitness,Abs/Core,True,0.0,Our Parks Live,KT2 7EW,,51.5161826,-0.1735317,06:30,07:30,,1,True,https://ourparks.org.uk/borough/rise-shine-abs-workout-107827
ourparks_107828_1059,Our Parks,Our Parks,Rise & Shine ABS Workout,Gym / Fitness,Abs/Core,True,0.0,Our Parks Live,KT2 7EW,,51.5161826,-0.1735317,06:30,07:30,,1,True,https://ourparks.org.uk/borough/rise-shine-abs-workout-107828
ourparks_107829_1060,Our Parks,Our Parks,Rise & Shine ABS Workout,Gym / Fitness,Abs/Core,True,0.0,Our Parks Live,KT2 7EW,,51.5161826,-0.1735317,06:30,07:30,,1,True,https://ourparks.org.uk/borough/rise-shine-abs-workout-107829
ourparks_107830_1061,Our Parks,Our Parks,Rise & Shine ABS Workout,Gym / Fitness,Abs/Core,True,0.0,Our Parks Live,KT2 7EW,,51.5161826,-0.1735317,06:30,07:30,,1,True,https://ourparks.org.uk/borough/rise-shine-abs-workout-107830
ourparks_107831_1062,Our Parks,Our Parks,Rise & Shine ABS Workout,Gym / Fitness,Abs/Core,True,0.0,Our Parks Live,KT2 7EW,,51.5161826,-0.1735317,06:30,07:30,,1,True,https://ourparks.org.uk/borough/rise-shine-abs-workout-107831
ourparks_107832_1063,Our Parks,Our Parks,Rise & Shine ABS Workout,Gym / Fitness,Abs/Core,True,0.0,Our Parks Live,KT2 7EW,,51.5161826,-0.1735317,06:30,07:30,,1,True,https://ourparks.org.uk/borough/rise-shine-abs-workout-107832
ourparks_107833_1064,Our Parks,Our Parks,Rise & Shine ABS Workout,Gym / Fitness,Abs/Core,True,0.0,Our Parks Live,KT2 7EW,,51.5161826,-0.1735317,06:30,07:30,,1,True,https://ourparks.org.uk/borough/rise-shine-abs-workout-107833
ourparks_107924_1065,Our Parks,Our Parks,Yoga Online Live,"Yoga, Pilates & Studio",Yoga,True,0.0,Our Parks Live,KT2 7EW,,51.5161826,-0.1735317,09:00,10:00,,1,True,https://ourparks.org.uk/borough/yoga-online-live-107924
ourparks_107925_1066,Our Parks,Our Parks,Yoga Online Live,"Yoga, Pilates & Studio",Yoga,True,0.0,Our Parks Live,KT2 7EW,,51.5161826,-0.1735317,09:00,10:00,,1,True,https://ourparks.org.uk/borough/yoga-online-live-107925
ourparks_107926_1067,Our Parks,Our Parks,Yoga Online Live,"Yoga, Pilates & Studio",Yoga,True,0.0,Our Parks Live,KT2 7EW,,51.5161826,-0.1735317,09:00,10:00,,1,True,https://ourparks.org.uk/borough/yoga-online-live-107926
ourparks_107927_1068,Our Parks,Our Parks,Yoga Online Live,"Yoga, Pilates & Studio",Yoga,True,0.0,Our Parks Live,KT2 7EW,,51.5161826,-0.1735317,09:00,10:00,,1,True,https://ourparks.org.uk/borough/yoga-online-live-107927
ourparks_107928_1069,Our Parks,Our Parks,Yoga Online Live,"Yoga, Pilates & Studio",Yoga,True,0.0,Our Parks Live,KT2 7EW,,51.5161826,-0.1735317,09:00,10:00,,1,True,https://ourparks.org.uk/borough/yoga-online-live-107928
ourparks_107929_1070,Our Parks,Our Parks,Yoga Online Live,"Yoga, Pilates & Studio",Yoga,True,0.0,Our Parks Live,KT2 7EW,,51.5161826,-0.1735317,09:00,10:00,,1,True,https://ourparks.org.uk/borough/yoga-online-live-107929
ourparks_107930_1071,Our Parks,Our Parks,Yoga Online Live,"Yoga, Pilates & Studio",Yoga,True,0.0,Our Parks Live,KT2 7EW,,51.5161826,-0.1735317,09:00,10:00,,1,True,https://ourparks.org.uk/borough/yoga-online-live-107930
ourparks_107931_1072,Our Parks,Our Parks,Yoga Online Live,"Yoga, Pilates & Studio",Yoga,True,0.0,Our Parks Live,KT2 7EW,,51.5161826,-0.1735317,09:00,10:00,,1,True,https://ourparks.org.uk/borough/yoga-online-live-107931
ourparks_107932_1073,Our Parks,Our Parks,Yoga Online Live,"Yoga, Pilates & Studio",Yoga,True,0.0,Our Parks Live,KT2 7EW,,51.5161826,-0.1735317,09:00,10:00,,1,True,https://ourparks.org.uk/borough/yoga-online-live-107932
ourparks_107933_1074,Our Parks,Our Parks,Yoga Online Live,"Yoga, Pilates & Studio",Yoga,True,0.0,Our Parks Live,KT2 7EW,,51.5161826,-0.1735317,09:00,10:00,,1,True,https://ourparks.org.uk/borough/yoga-online-live-107933
ourparks_107934_1075,Our Parks,Our Parks,Yoga Online Live,"Yoga, Pilates & Studio",Yoga,True,0.0,Our Parks Live,KT2 7EW,,51.5161826,-0.1735317,09:00,10:00,,1,True,https://ourparks.org.uk/borough/yoga-online-live-107934
ourparks_107935_1076,Our Parks,Our Parks,Yoga Online Live,"Yoga, Pilates & Studio",Yoga,True,0.0,Our Parks Live,KT2 7EW,,51.5161826,-0.1735317,09:00,10:00,,1,True,https://ourparks.org.uk/borough/yoga-online-live-107935
ourparks_107936_1077,Our Parks,Our Parks,Yoga Online Live,"Yoga, Pilates & Studio",Yoga,True,0.0,Our Parks Live,KT2 7EW,,51.5161826,-0.1735317,09:00,10:00,,1,True,https://ourparks.org.uk/borough/yoga-online-live-107936
ourparks_107937_1078,Our Parks,Our Parks,Yoga Online Live,"Yoga, Pilates & Studio",Yoga,True,0.0,Our Parks Live,KT2 7EW,,51.5161826,-0.1735317,09:00,10:00,,1,True,https://ourparks.org.uk/borough/yoga-online-live-107937
ourparks_107938_1079,Our Parks,Our Parks,Yoga Online Live,"Yoga, Pilates & Studio",Yoga,True,0.0,Our Parks Live,KT2 7EW,,51.5161826,-0.1735317,09:00,10:00,,1,True,https://ourparks.org.uk/borough/yoga-online-live-107938
ourparks_107939_1080,Our Parks,Our Parks,Yoga Online Live,"Yoga, Pilates & Studio",Yoga,True,0.0,Our Parks Live,KT2 7EW,,51.5161826,-0.1735317,09:00,10:00,,1,True,https://ourparks.org.uk/borough/yoga-online-live-107939
ourparks_107940_1081,Our Parks,Our Parks,Yoga Online Live,"Yoga, Pilates & Studio",Yoga,True,0.0,Our Parks Live,KT2 7EW,,51.5161826,-0.1735317,09:00,10:00,,1,True,https://ourparks.org.uk/borough/yoga-online-live-107940
ourparks_107941_1082,Our Parks,Our Parks,Yoga Online Live,"Yoga, Pilates & Studio",Yoga,True,0.0,Our Parks Live,KT2 7EW,,51.5161826,-0.1735317,09:00,10:00,,1,True,https://ourparks.org.uk/borough/yoga-online-live-107941
ourparks_107942_1083,Our Parks,Our Parks,Yoga Online Live,"Yoga, Pilates & Studio",Yoga,True,0.0,Our Parks Live,KT2 7EW,,51.5161826,-0.1735317,09:00,10:00,,1,True,https://ourparks.org.uk/borough/yoga-online-live-107942
ourparks_107943_1084,Our Parks,Our Parks,Yoga Online Live,"Yoga, Pilates & Studio",Yoga,True,0.0,Our Parks Live,KT2 7EW,,51.5161826,-0.1735317,09:00,10:00,,1,True,https://ourparks.org.uk/borough/yoga-online-live-107943
ourparks_107944_1085,Our Parks,Our Parks,Yoga Online Live,"Yoga, Pilates & Studio",Yoga,True,0.0,Our Parks Live,KT2 7EW,,51.5161826,-0.1735317,09:00,10:00,,1,True,https://ourparks.org.uk/borough/yoga-online-live-107944
ourparks_107945_1086,Our Parks,Our Parks,Yoga Online Live,"Yoga, Pilates & Studio",Yoga,True,0.0,Our Parks Live,KT2 7EW,,51.5161826,-0.1735317,09:00,10:00,,1,True,https://ourparks.org.uk/borough/yoga-online-live-107945
ourparks_107946_1087,Our Parks,Our Parks,Yoga Online Live,"Yoga, Pilates & Studio",Yoga,True,0.0,Our Parks Live,KT2 7EW,,51.5161826,-0.1735317,09:00,10:00,,1,True,https://ourparks.org.uk/borough/yoga-online-live-107946
ourparks_107947_1088,Our Parks,Our Parks,Yoga Online Live,"Yoga, Pilates & Studio",Yoga,True,0.0,Our Parks Live,KT2 7EW,,51.5161826,-0.1735317,09:00,10:00,,1,True,https://ourparks.org.uk/borough/yoga-online-live-107947
ourparks_107948_1089,Our Parks,Our Parks,Yoga Online Live,"Yoga, Pilates & Studio",Yoga,True,0.0,Our Parks Live,KT2 7EW,,51.5161826,-0.1735317,09:00,10:00,,1,True,https://ourparks.org.uk/borough/yoga-online-live-107948
ourparks_107949_1090,Our Parks,Our Parks,Yoga Online Live,"Yoga, Pilates & Studio",Yoga,True,0.0,Our Parks Live,KT2 7EW,,51.5161826,-0.1735317,09:00,10:00,,1,True,https://ourparks.org.uk/borough/yoga-online-live-107949
ourparks_107950_1091,Our Parks,Our Parks,Yoga Online Live,"Yoga, Pilates & Studio",Yoga,True,0.0,Our Parks Live,KT2 7EW,,51.5161826,-0.1735317,09:00,10:00,,1,True,https://ourparks.org.uk/borough/yoga-online-live-107950
ourparks_107951_1092,Our Parks,Our Parks,Yoga Online Live,"Yoga, Pilates & Studio",Yoga,True,0.0,Our Parks Live,KT2 7EW,,51.5161826,-0.1735317,09:00,10:00,,1,True,https://ourparks.org.uk/borough/yoga-online-live-107951
ourparks_107952_1093,Our Parks,Our Parks,Yoga Online Live,"Yoga, Pilates & Studio",Yoga,True,0.0,Our Parks Live,KT2 7EW,,51.5161826,-0.1735317,09:00,10:00,,1,True,https://ourparks.org.uk/borough/yoga-online-live-107952
ourparks_107953_1094,Our Parks,Our Parks,Yoga Online Live,"Yoga, Pilates & Studio",Yoga,True,0.0,Our Parks Live,KT2 7EW,,51.5161826,-0.1735317,09:00,10:00,,1,True,https://ourparks.org.uk/borough/yoga-online-live-107953
ourparks_107954_1095,Our Parks,Our Parks,Yoga Online Live,"Yoga, Pilates & Studio",Yoga,True,0.0,Our Parks Live,KT2 7EW,,51.5161826,-0.1735317,09:00,10:00,,1,True,https://ourparks.org.uk/borough/yoga-online-live-107954
ourparks_107955_1096,Our Parks,Our Parks,Yoga Online Live,"Yoga, Pilates & Studio",Yoga,True,0.0,Our Parks Live,KT2 7EW,,51.5161826,-0.1735317,09:00,10:00,,1,True,https://ourparks.org.uk/borough/yoga-online-live-107955
ourparks_107956_1097,Our Parks,Our Parks,Yoga Online Live,"Yoga, Pilates & Studio",Yoga,True,0.0,Our Parks Live,KT2 7EW,,51.5161826,-0.1735317,09:00,10:00,,1,True,https://ourparks.org.uk/borough/yoga-online-live-107956
ourparks_107957_1098,Our Parks,Our Parks,Yoga Online Live,"Yoga, Pilates & Studio",Yoga,True,0.0,Our Parks Live,KT2 7EW,,51.5161826,-0.1735317,09:00,10:00,,1,True,https://ourparks.org.uk/borough/yoga-online-live-107957
ourparks_107958_1099,Our Parks,Our Parks,Yoga Online Live,"Yoga, Pilates & Studio",Yoga,True,0.0,Our Parks Live,KT2 7EW,,51.5161826,-0.1735317,09:00,10:00,,1,True,https://ourparks.org.uk/borough/yoga-online-live-107958
ourparks_107959_1100,Our Parks,Our Parks,Yoga Online Live,"Yoga, Pilates & Studio",Yoga,True,0.0,Our Parks Live,KT2 7EW,,51.5161826,-0.1735317,09:00,10:00,,1,True,https://ourparks.org.uk/borough/yoga-online-live-107959
ourparks_107960_1101,Our Parks,Our Parks,Yoga Online Live,"Yoga, Pilates & Studio",Yoga,True,0.0,Our Parks Live,KT2 7EW,,51.5161826,-0.1735317,09:00,10:00,,1,True,https://ourparks.org.uk/borough/yoga-online-live-107960
ourparks_107961_1102,Our Parks,Our Parks,Yoga Online Live,"Yoga, Pilates & Studio",Yoga,True,0.0,Our Parks Live,KT2 7EW,,51.5161826,-0.1735317,09:00,10:00,,1,True,https://ourparks.org.uk/borough/yoga-online-live-107961
ourparks_107962_1103,Our Parks,Our Parks,Yoga Online Live,"Yoga, Pilates & Studio",Yoga,True,0.0,Our Parks Live,KT2 7EW,,51.5161826,-0.1735317,09:00,10:00,,1,True,https://ourparks.org.uk/borough/yoga-online-live-107962
ourparks_107963_1104,Our Parks,Our Parks,Yoga Online Live,"Yoga, Pilates & Studio",Yoga,True,0.0,Our Parks Live,KT2 7EW,,51.5161826,-0.1735317,09:00,10:00,,1,True,https://ourparks.org.uk/borough/yoga-online-live-107963
ourparks_107964_1105,Our Parks,Our Parks,Yoga Online Live,"Yoga, Pilates & Studio",Yoga,True,0.0,Our Parks Live,KT2 7EW,,51.5161826,-0.1735317,09:00,10:00,,1,True,https://ourparks.org.uk/borough/yoga-online-live-107964
ourparks_107965_1106,Our Parks,Our Parks,Yoga Online Live,"Yoga, Pilates & Studio",Yoga,True,0.0,Our Parks Live,KT2 7EW,,51.5161826,-0.1735317,09:00,10:00,,1,True,https://ourparks.org.uk/borough/yoga-online-live-107965
ourparks_107966_1107,Our Parks,Our Parks,Yoga Online Live,"Yoga, Pilates & Studio",Yoga,True,0.0,Our Parks Live,KT2 7EW,,51.5161826,-0.1735317,09:00,10:00,,1,True,https://ourparks.org.uk/borough/yoga-online-live-107966
ourparks_107967_1108,Our Parks,Our Parks,Yoga Online Live,"Yoga, Pilates & Studio",Yoga,True,0.0,Our Parks Live,KT2 7EW,,51.5161826,-0.1735317,09:00,10:00,,1,True,https://ourparks.org.uk/borough/yoga-online-live-107967
ourparks_107968_1109,Our Parks,Our Parks,Yoga Online Live,"Yoga, Pilates & Studio",Yoga,True,0.0,Our Parks Live,KT2 7EW,,51.5161826,-0.1735317,09:00,10:00,,1,True,https://ourparks.org.uk/borough/yoga-online-live-107968
ourparks_107969_1110,Our Parks,Our Parks,Yoga Online Live,"Yoga, Pilates & Studio",Yoga,True,0.0,Our Parks Live,KT2 7EW,,51.5161826,-0.1735317,09:00,10:00,,1,True,https://ourparks.org.uk/borough/yoga-online-live-107969
ourparks_107970_1111,Our Parks,Our Parks,Yoga Online Live,"Yoga, Pilates & Studio",Yoga,True,0.0,Our Parks Live,KT2 7EW,,51.5161826,-0.1735317,09:00,10:00,,1,True,https://ourparks.org.uk/borough/yoga-online-live-107970
ourparks_107971_1112,Our Parks,Our Parks,Yoga Online Live,"Yoga, Pilates & Studio",Yoga,True,0.0,Our Parks Live,KT2 7EW,,51.5161826,-0.1735317,09:00,10:00,,1,True,https://ourparks.org.uk/borough/yoga-online-live-107971
ourparks_107972_1113,Our Parks,Our Parks,Yoga Online Live,"Yoga, Pilates & Studio",Yoga,True,0.0,Our Parks Live,KT2 7EW,,51.5161826,-0.1735317,09:00,10:00,,1,True,https://ourparks.org.uk/borough/yoga-online-live-107972
ourparks_107973_1114,Our Parks,Our Parks,Yoga Online Live,"Yoga, Pilates & Studio",Yoga,True,0.0,Our Parks Live,KT2 7EW,,51.5161826,-0.1735317,09:00,10:00,,1,True,https://ourparks.org.uk/borough/yoga-online-live-107973
ourparks_107974_1115,Our Parks,Our Parks,Yoga Online Live,"Yoga, Pilates & Studio",Yoga,True,0.0,Our Parks Live,KT2 7EW,,51.5161826,-0.1735317,09:00,10:00,,1,True,https://ourparks.org.uk/borough/yoga-online-live-107974
ourparks_107978_1116,Our Parks,Our Parks,"Abs, Bums & Thighs (ABT)",Gym / Fitness,Abs/Core,True,0.0,Victory Park (E20),E20 2ST,Newham,51.546291703992,-0.00978845673,17:30,18:30,,1,False,https://ourparks.org.uk/borough/abs-bums-thighs-abt-107978
ourparks_107979_1117,Our Parks,Our Parks,"Abs, Bums & Thighs (ABT)",Gym / Fitness,Abs/Core,True,0.0,Victory Park (E20),E20 2ST,Newham,51.546291703992,-0.00978845673,17:30,18:30,,1,False,https://ourparks.org.uk/borough/abs-bums-thighs-abt-107979
ourparks_107980_1118,Our Parks,Our Parks,"Abs, Bums & Thighs (ABT)",Gym / Fitness,Abs/Core,True,0.0,Victory Park (E20),E20 2ST,Newham,51.546291703992,-0.00978845673,17:30,18:30,,1,False,https://ourparks.org.uk/borough/abs-bums-thighs-abt-107980
ourparks_107981_1119,Our Parks,Our Parks,"Abs, Bums & Thighs (ABT)",Gym / Fitness,Abs/Core,True,0.0,Victory Park (E20),E20 2ST,Newham,51.546291703992,-0.00978845673,17:30,18:30,,1,False,https://ourparks.org.uk/borough/abs-bums-thighs-abt-107981
ourparks_107982_1120,Our Parks,Our Parks,"Abs, Bums & Thighs (ABT)",Gym / Fitness,Abs/Core,True,0.0,Victory Park (E20),E20 2ST,Newham,51.546291703992,-0.00978845673,17:30,18:30,,1,False,https://ourparks.org.uk/borough/abs-bums-thighs-abt-107982
ourparks_107984_1121,Our Parks,Our Parks,"Abs, Bums & Thighs (ABT)",Gym / Fitness,Abs/Core,True,0.0,Victory Park (E20),E20 2ST,Newham,51.546291703992,-0.00978845673,17:30,18:30,,1,False,https://ourparks.org.uk/borough/abs-bums-thighs-abt-107984
ourparks_107985_1122,Our Parks,Our Parks,"Abs, Bums & Thighs (ABT)",Gym / Fitness,Abs/Core,True,0.0,Victory Park (E20),E20 2ST,Newham,51.546291703992,-0.00978845673,17:30,18:30,,1,False,https://ourparks.org.uk/borough/abs-bums-thighs-abt-107985
ourparks_107986_1123,Our Parks,Our Parks,"Abs, Bums & Thighs (ABT)",Gym / Fitness,Abs/Core,True,0.0,Victory Park (E20),E20 2ST,Newham,51.546291703992,-0.00978845673,17:30,18:30,,1,False,https://ourparks.org.uk/borough/abs-bums-thighs-abt-107986
ourparks_107988_1124,Our Parks,Our Parks,"Abs, Bums & Thighs (ABT)",Gym / Fitness,Abs/Core,True,0.0,Victory Park (E20),E20 2ST,Newham,51.546291703992,-0.00978845673,17:30,18:30,,1,False,https://ourparks.org.uk/borough/abs-bums-thighs-abt-107988
ourparks_107989_1125,Our Parks,Our Parks,"Abs, Bums & Thighs (ABT)",Gym / Fitness,Abs/Core,True,0.0,Victory Park (E20),E20 2ST,Newham,51.546291703992,-0.00978845673,17:30,18:30,,1,False,https://ourparks.org.uk/borough/abs-bums-thighs-abt-107989
ourparks_108016_1126,Our Parks,Our Parks,"Abs, Bums & Thighs (ABT)",Gym / Fitness,Abs/Core,True,0.0,Victory Park (E20),E20 2ST,Newham,51.546291703992,-0.00978845673,17:30,18:30,,1,False,https://ourparks.org.uk/borough/abs-bums-thighs-abt-108016
ourparks_108017_1127,Our Parks,Our Parks,"Abs, Bums & Thighs (ABT)",Gym / Fitness,Abs/Core,True,0.0,Victory Park (E20),E20 2ST,Newham,51.546291703992,-0.00978845673,17:30,18:30,,1,False,https://ourparks.org.uk/borough/abs-bums-thighs-abt-108017
ourparks_108018_1128,Our Parks,Our Parks,"Abs, Bums & Thighs (ABT)",Gym / Fitness,Abs/Core,True,0.0,Victory Park (E20),E20 2ST,Newham,51.546291703992,-0.00978845673,17:30,18:30,,1,False,https://ourparks.org.uk/borough/abs-bums-thighs-abt-108018
ourparks_108019_1129,Our Parks,Our Parks,"Abs, Bums & Thighs (ABT)",Gym / Fitness,Abs/Core,True,0.0,Victory Park (E20),E20 2ST,Newham,51.546291703992,-0.00978845673,17:30,18:30,,1,False,https://ourparks.org.uk/borough/abs-bums-thighs-abt-108019
ourparks_108020_1130,Our Parks,Our Parks,"Abs, Bums & Thighs (ABT)",Gym / Fitness,Abs/Core,True,0.0,Victory Park (E20),E20 2ST,Newham,51.546291703992,-0.00978845673,17:30,18:30,,1,False,https://ourparks.org.uk/borough/abs-bums-thighs-abt-108020
ourparks_108021_1131,Our Parks,Our Parks,"Abs, Bums & Thighs (ABT)",Gym / Fitness,Abs/Core,True,0.0,Victory Park (E20),E20 2ST,Newham,51.546291703992,-0.00978845673,17:30,18:30,,1,False,https://ourparks.org.uk/borough/abs-bums-thighs-abt-108021
ourparks_108022_1132,Our Parks,Our Parks,"Abs, Bums & Thighs (ABT)",Gym / Fitness,Abs/Core,True,0.0,Victory Park (E20),E20 2ST,Newham,51.546291703992,-0.00978845673,17:30,18:30,,1,False,https://ourparks.org.uk/borough/abs-bums-thighs-abt-108022
ourparks_108023_1133,Our Parks,Our Parks,"Abs, Bums & Thighs (ABT)",Gym / Fitness,Abs/Core,True,0.0,Victory Park (E20),E20 2ST,Newham,51.546291703992,-0.00978845673,17:30,18:30,,1,False,https://ourparks.org.uk/borough/abs-bums-thighs-abt-108023
ourparks_108024_1134,Our Parks,Our Parks,"Abs, Bums & Thighs (ABT)",Gym / Fitness,Abs/Core,True,0.0,Victory Park (E20),E20 2ST,Newham,51.546291703992,-0.00978845673,17:30,18:30,,1,False,https://ourparks.org.uk/borough/abs-bums-thighs-abt-108024
ourparks_108025_1135,Our Parks,Our Parks,"Abs, Bums & Thighs (ABT)",Gym / Fitness,Abs/Core,True,0.0,Victory Park (E20),E20 2ST,Newham,51.546291703992,-0.00978845673,17:30,18:30,,1,False,https://ourparks.org.uk/borough/abs-bums-thighs-abt-108025
ourparks_108026_1136,Our Parks,Our Parks,"Abs, Bums & Thighs (ABT)",Gym / Fitness,Abs/Core,True,0.0,Victory Park (E20),E20 2ST,Newham,51.546291703992,-0.00978845673,17:30,18:30,,1,False,https://ourparks.org.uk/borough/abs-bums-thighs-abt-108026
ourparks_107990_1137,Our Parks,Our Parks,Pilates,"Yoga, Pilates & Studio",Pilates,True,0.0,Victory Park (E20),E20 2ST,Newham,51.546291703992,-0.00978845673,17:30,18:30,,1,False,https://ourparks.org.uk/borough/pilates-107990
ourparks_107992_1138,Our Parks,Our Parks,Pilates,"Yoga, Pilates & Studio",Pilates,True,0.0,Victory Park (E20),E20 2ST,Newham,51.546291703992,-0.00978845673,17:30,18:30,,1,False,https://ourparks.org.uk/borough/pilates-107992
ourparks_107995_1139,Our Parks,Our Parks,Pilates,"Yoga, Pilates & Studio",Pilates,True,0.0,Victory Park (E20),E20 2ST,Newham,51.546291703992,-0.00978845673,17:30,18:30,,1,False,https://ourparks.org.uk/borough/pilates-107995
ourparks_107996_1140,Our Parks,Our Parks,Pilates,"Yoga, Pilates & Studio",Pilates,True,0.0,Victory Park (E20),E20 2ST,Newham,51.546291703992,-0.00978845673,17:30,18:30,,1,False,https://ourparks.org.uk/borough/pilates-107996
ourparks_107998_1141,Our Parks,Our Parks,Pilates,"Yoga, Pilates & Studio",Pilates,True,0.0,Victory Park (E20),E20 2ST,Newham,51.546291703992,-0.00978845673,17:30,18:30,,1,False,https://ourparks.org.uk/borough/pilates-107998
ourparks_107999_1142,Our Parks,Our Parks,Pilates,"Yoga, Pilates & Studio",Pilates,True,0.0,Victory Park (E20),E20 2ST,Newham,51.546291703992,-0.00978845673,17:30,18:30,,1,False,https://ourparks.org.uk/borough/pilates-107999
ourparks_108002_1143,Our Parks,Our Parks,Pilates,"Yoga, Pilates & Studio",Pilates,True,0.0,Victory Park (E20),E20 2ST,Newham,51.546291703992,-0.00978845673,17:30,18:30,,1,False,https://ourparks.org.uk/borough/pilates-108002
ourparks_108003_1144,Our Parks,Our Parks,Pilates,"Yoga, Pilates & Studio",Pilates,True,0.0,Victory Park (E20),E20 2ST,Newham,51.546291703992,-0.00978845673,17:30,18:30,,1,False,https://ourparks.org.uk/borough/pilates-108003
ourparks_108004_1145,Our Parks,Our Parks,Pilates,"Yoga, Pilates & Studio",Pilates,True,0.0,Victory Park (E20),E20 2ST,Newham,51.546291703992,-0.00978845673,17:30,18:30,,1,False,https://ourparks.org.uk/borough/pilates-108004
ourparks_108005_1146,Our Parks,Our Parks,Pilates,"Yoga, Pilates & Studio",Pilates,True,0.0,Victory Park (E20),E20 2ST,Newham,51.546291703992,-0.00978845673,17:30,18:30,,1,False,https://ourparks.org.uk/borough/pilates-108005
ourparks_108006_1147,Our Parks,Our Parks,Pilates,"Yoga, Pilates & Studio",Pilates,True,0.0,Victory Park (E20),E20 2ST,Newham,51.546291703992,-0.00978845673,17:30,18:30,,1,False,https://ourparks.org.uk/borough/pilates-108006
ourparks_108007_1148,Our Parks,Our Parks,Pilates,"Yoga, Pilates & Studio",Pilates,True,0.0,Victory Park (E20),E20 2ST,Newham,51.546291703992,-0.00978845673,17:30,18:30,,1,False,https://ourparks.org.uk/borough/pilates-108007
ourparks_108008_1149,Our Parks,Our Parks,Pilates,"Yoga, Pilates & Studio",Pilates,True,0.0,Victory Park (E20),E20 2ST,Newham,51.546291703992,-0.00978845673,17:30,18:30,,1,False,https://ourparks.org.uk/borough/pilates-108008
ourparks_108009_1150,Our Parks,Our Parks,Pilates,"Yoga, Pilates & Studio",Pilates,True,0.0,Victory Park (E20),E20 2ST,Newham,51.546291703992,-0.00978845673,17:30,18:30,,1,False,https://ourparks.org.uk/borough/pilates-108009
ourparks_108010_1151,Our Parks,Our Parks,Pilates,"Yoga, Pilates & Studio",Pilates,True,0.0,Victory Park (E20),E20 2ST,Newham,51.546291703992,-0.00978845673,17:30,18:30,,1,False,https://ourparks.org.uk/borough/pilates-108010
ourparks_108011_1152,Our Parks,Our Parks,Pilates,"Yoga, Pilates & Studio",Pilates,True,0.0,Victory Park (E20),E20 2ST,Newham,51.546291703992,-0.00978845673,17:30,18:30,,1,False,https://ourparks.org.uk/borough/pilates-108011
ourparks_108012_1153,Our Parks,Our Parks,Pilates,"Yoga, Pilates & Studio",Pilates,True,0.0,Victory Park (E20),E20 2ST,Newham,51.546291703992,-0.00978845673,17:30,18:30,,1,False,https://ourparks.org.uk/borough/pilates-108012
ourparks_108013_1154,Our Parks,Our Parks,Pilates,"Yoga, Pilates & Studio",Pilates,True,0.0,Victory Park (E20),E20 2ST,Newham,51.546291703992,-0.00978845673,17:30,18:30,,1,False,https://ourparks.org.uk/borough/pilates-108013
ourparks_108014_1155,Our Parks,Our Parks,Pilates,"Yoga, Pilates & Studio",Pilates,True,0.0,Victory Park (E20),E20 2ST,Newham,51.546291703992,-0.00978845673,17:30,18:30,,1,False,https://ourparks.org.uk/borough/pilates-108014
ourparks_108015_1156,Our Parks,Our Parks,Pilates,"Yoga, Pilates & Studio",Pilates,True,0.0,Victory Park (E20),E20 2ST,Newham,51.546291703992,-0.00978845673,17:30,18:30,,1,False,https://ourparks.org.uk/borough/pilates-108015
ourparks_108080_1157,Our Parks,Our Parks,Box Fit,Gym / Fitness,Boxing Fitness,True,0.0,Victory Park (E20),E20 2ST,Newham,51.546291703992,-0.00978845673,17:30,18:30,,1,False,https://ourparks.org.uk/borough/box-fit-108080
ourparks_108081_1158,Our Parks,Our Parks,Box Fit,Gym / Fitness,Boxing Fitness,True,0.0,Victory Park (E20),E20 2ST,Newham,51.546291703992,-0.00978845673,17:30,18:30,,1,False,https://ourparks.org.uk/borough/box-fit-108081
ourparks_108082_1159,Our Parks,Our Parks,Box Fit,Gym / Fitness,Boxing Fitness,True,0.0,Victory Park (E20),E20 2ST,Newham,51.546291703992,-0.00978845673,17:30,18:30,,1,False,https://ourparks.org.uk/borough/box-fit-108082
ourparks_108083_1160,Our Parks,Our Parks,Box Fit,Gym / Fitness,Boxing Fitness,True,0.0,Victory Park (E20),E20 2ST,Newham,51.546291703992,-0.00978845673,17:30,18:30,,1,False,https://ourparks.org.uk/borough/box-fit-108083
ourparks_108084_1161,Our Parks,Our Parks,Box Fit,Gym / Fitness,Boxing Fitness,True,0.0,Victory Park (E20),E20 2ST,Newham,51.546291703992,-0.00978845673,17:30,18:30,,1,False,https://ourparks.org.uk/borough/box-fit-108084
ourparks_108085_1162,Our Parks,Our Parks,Box Fit,Gym / Fitness,Boxing Fitness,True,0.0,Victory Park (E20),E20 2ST,Newham,51.546291703992,-0.00978845673,17:30,18:30,,1,False,https://ourparks.org.uk/borough/box-fit-108085
ourparks_108086_1163,Our Parks,Our Parks,Box Fit,Gym / Fitness,Boxing Fitness,True,0.0,Victory Park (E20),E20 2ST,Newham,51.546291703992,-0.00978845673,17:30,18:30,,1,False,https://ourparks.org.uk/borough/box-fit-108086
ourparks_108087_1164,Our Parks,Our Parks,Box Fit,Gym / Fitness,Boxing Fitness,True,0.0,Victory Park (E20),E20 2ST,Newham,51.546291703992,-0.00978845673,17:30,18:30,,1,False,https://ourparks.org.uk/borough/box-fit-108087
ourparks_108088_1165,Our Parks,Our Parks,Box Fit,Gym / Fitness,Boxing Fitness,True,0.0,Victory Park (E20),E20 2ST,Newham,51.546291703992,-0.00978845673,17:30,18:30,,1,False,https://ourparks.org.uk/borough/box-fit-108088
ourparks_108089_1166,Our Parks,Our Parks,Box Fit,Gym / Fitness,Boxing Fitness,True,0.0,Victory Park (E20),E20 2ST,Newham,51.546291703992,-0.00978845673,17:30,18:30,,1,False,https://ourparks.org.uk/borough/box-fit-108089
ourparks_108090_1167,Our Parks,Our Parks,Box Fit,Gym / Fitness,Boxing Fitness,True,0.0,Victory Park (E20),E20 2ST,Newham,51.546291703992,-0.00978845673,17:30,18:30,,1,False,https://ourparks.org.uk/borough/box-fit-108090
ourparks_108091_1168,Our Parks,Our Parks,Box Fit,Gym / Fitness,Boxing Fitness,True,0.0,Victory Park (E20),E20 2ST,Newham,51.546291703992,-0.00978845673,17:30,18:30,,1,False,https://ourparks.org.uk/borough/box-fit-108091
ourparks_108092_1169,Our Parks,Our Parks,Box Fit,Gym / Fitness,Boxing Fitness,True,0.0,Victory Park (E20),E20 2ST,Newham,51.546291703992,-0.00978845673,17:30,18:30,,1,False,https://ourparks.org.uk/borough/box-fit-108092
ourparks_108093_1170,Our Parks,Our Parks,Box Fit,Gym / Fitness,Boxing Fitness,True,0.0,Victory Park (E20),E20 2ST,Newham,51.546291703992,-0.00978845673,17:30,18:30,,1,False,https://ourparks.org.uk/borough/box-fit-108093
ourparks_108094_1171,Our Parks,Our Parks,Box Fit,Gym / Fitness,Boxing Fitness,True,0.0,Victory Park (E20),E20 2ST,Newham,51.546291703992,-0.00978845673,17:30,18:30,,1,False,https://ourparks.org.uk/borough/box-fit-108094
ourparks_108095_1172,Our Parks,Our Parks,Box Fit,Gym / Fitness,Boxing Fitness,True,0.0,Victory Park (E20),E20 2ST,Newham,51.546291703992,-0.00978845673,17:30,18:30,,1,False,https://ourparks.org.uk/borough/box-fit-108095
ourparks_108097_1173,Our Parks,Our Parks,Box Fit,Gym / Fitness,Boxing Fitness,True,0.0,Victory Park (E20),E20 2ST,Newham,51.546291703992,-0.00978845673,17:30,18:30,,1,False,https://ourparks.org.uk/borough/box-fit-108097
ourparks_108098_1174,Our Parks,Our Parks,Box Fit,Gym / Fitness,Boxing Fitness,True,0.0,Victory Park (E20),E20 2ST,Newham,51.546291703992,-0.00978845673,17:30,18:30,,1,False,https://ourparks.org.uk/borough/box-fit-108098
ourparks_108099_1175,Our Parks,Our Parks,Box Fit,Gym / Fitness,Boxing Fitness,True,0.0,Victory Park (E20),E20 2ST,Newham,51.546291703992,-0.00978845673,17:30,18:30,,1,False,https://ourparks.org.uk/borough/box-fit-108099
ourparks_108100_1176,Our Parks,Our Parks,Box Fit,Gym / Fitness,Boxing Fitness,True,0.0,Victory Park (E20),E20 2ST,Newham,51.546291703992,-0.00978845673,17:30,18:30,,1,False,https://ourparks.org.uk/borough/box-fit-108100
ourparks_108101_1177,Our Parks,Our Parks,Box Fit,Gym / Fitness,Boxing Fitness,True,0.0,Victory Park (E20),E20 2ST,Newham,51.546291703992,-0.00978845673,17:30,18:30,,1,False,https://ourparks.org.uk/borough/box-fit-108101
ourparks_108102_1178,Our Parks,Our Parks,Box Fit,Gym / Fitness,Boxing Fitness,True,0.0,Victory Park (E20),E20 2ST,Newham,51.546291703992,-0.00978845673,17:30,18:30,,1,False,https://ourparks.org.uk/borough/box-fit-108102
ourparks_108103_1179,Our Parks,Our Parks,Box Fit,Gym / Fitness,Boxing Fitness,True,0.0,Victory Park (E20),E20 2ST,Newham,51.546291703992,-0.00978845673,17:30,18:30,,1,False,https://ourparks.org.uk/borough/box-fit-108103
ourparks_108104_1180,Our Parks,Our Parks,Box Fit,Gym / Fitness,Boxing Fitness,True,0.0,Victory Park (E20),E20 2ST,Newham,51.546291703992,-0.00978845673,17:30,18:30,,1,False,https://ourparks.org.uk/borough/box-fit-108104
ourparks_108105_1181,Our Parks,Our Parks,Box Fit,Gym / Fitness,Boxing Fitness,True,0.0,Victory Park (E20),E20 2ST,Newham,51.546291703992,-0.00978845673,17:30,18:30,,1,False,https://ourparks.org.uk/borough/box-fit-108105
ourparks_108106_1182,Our Parks,Our Parks,Box Fit,Gym / Fitness,Boxing Fitness,True,0.0,Victory Park (E20),E20 2ST,Newham,51.546291703992,-0.00978845673,17:30,18:30,,1,False,https://ourparks.org.uk/borough/box-fit-108106
ourparks_108107_1183,Our Parks,Our Parks,Box Fit,Gym / Fitness,Boxing Fitness,True,0.0,Victory Park (E20),E20 2ST,Newham,51.546291703992,-0.00978845673,17:30,18:30,,1,False,https://ourparks.org.uk/borough/box-fit-108107
ourparks_108108_1184,Our Parks,Our Parks,Box Fit,Gym / Fitness,Boxing Fitness,True,0.0,Victory Park (E20),E20 2ST,Newham,51.546291703992,-0.00978845673,17:30,18:30,,1,False,https://ourparks.org.uk/borough/box-fit-108108
ourparks_108109_1185,Our Parks,Our Parks,Box Fit,Gym / Fitness,Boxing Fitness,True,0.0,Victory Park (E20),E20 2ST,Newham,51.546291703992,-0.00978845673,17:30,18:30,,1,False,https://ourparks.org.uk/borough/box-fit-108109
ourparks_108110_1186,Our Parks,Our Parks,Box Fit,Gym / Fitness,Boxing Fitness,True,0.0,Victory Park (E20),E20 2ST,Newham,51.546291703992,-0.00978845673,17:30,18:30,,1,False,https://ourparks.org.uk/borough/box-fit-108110
ourparks_108111_1187,Our Parks,Our Parks,Box Fit,Gym / Fitness,Boxing Fitness,True,0.0,Victory Park (E20),E20 2ST,Newham,51.546291703992,-0.00978845673,17:30,18:30,,1,False,https://ourparks.org.uk/borough/box-fit-108111
ourparks_108112_1188,Our Parks,Our Parks,Box Fit,Gym / Fitness,Boxing Fitness,True,0.0,Victory Park (E20),E20 2ST,Newham,51.546291703992,-0.00978845673,17:30,18:30,,1,False,https://ourparks.org.uk/borough/box-fit-108112
ourparks_108113_1189,Our Parks,Our Parks,Box Fit,Gym / Fitness,Boxing Fitness,True,0.0,Victory Park (E20),E20 2ST,Newham,51.546291703992,-0.00978845673,17:30,18:30,,1,False,https://ourparks.org.uk/borough/box-fit-108113
ourparks_108114_1190,Our Parks,Our Parks,Box Fit,Gym / Fitness,Boxing Fitness,True,0.0,Victory Park (E20),E20 2ST,Newham,51.546291703992,-0.00978845673,17:30,18:30,,1,False,https://ourparks.org.uk/borough/box-fit-108114
ourparks_108115_1191,Our Parks,Our Parks,Box Fit,Gym / Fitness,Boxing Fitness,True,0.0,Victory Park (E20),E20 2ST,Newham,51.546291703992,-0.00978845673,17:30,18:30,,1,False,https://ourparks.org.uk/borough/box-fit-108115
ourparks_108116_1192,Our Parks,Our Parks,Box Fit,Gym / Fitness,Boxing Fitness,True,0.0,Victory Park (E20),E20 2ST,Newham,51.546291703992,-0.00978845673,17:30,18:30,,1,False,https://ourparks.org.uk/borough/box-fit-108116
ourparks_108117_1193,Our Parks,Our Parks,Box Fit,Gym / Fitness,Boxing Fitness,True,0.0,Victory Park (E20),E20 2ST,Newham,51.546291703992,-0.00978845673,17:30,18:30,,1,False,https://ourparks.org.uk/borough/box-fit-108117
ourparks_108118_1194,Our Parks,Our Parks,Box Fit,Gym / Fitness,Boxing Fitness,True,0.0,Victory Park (E20),E20 2ST,Newham,51.546291703992,-0.00978845673,17:30,18:30,,1,False,https://ourparks.org.uk/borough/box-fit-108118
ourparks_108119_1195,Our Parks,Our Parks,Box Fit,Gym / Fitness,Boxing Fitness,True,0.0,Victory Park (E20),E20 2ST,Newham,51.546291703992,-0.00978845673,17:30,18:30,,1,False,https://ourparks.org.uk/borough/box-fit-108119
ourparks_108120_1196,Our Parks,Our Parks,Box Fit,Gym / Fitness,Boxing Fitness,True,0.0,Victory Park (E20),E20 2ST,Newham,51.546291703992,-0.00978845673,17:30,18:30,,1,False,https://ourparks.org.uk/borough/box-fit-108120
ourparks_108121_1197,Our Parks,Our Parks,Box Fit,Gym / Fitness,Boxing Fitness,True,0.0,Victory Park (E20),E20 2ST,Newham,51.546291703992,-0.00978845673,17:30,18:30,,1,False,https://ourparks.org.uk/borough/box-fit-108121
ourparks_108122_1198,Our Parks,Our Parks,Box Fit,Gym / Fitness,Boxing Fitness,True,0.0,Victory Park (E20),E20 2ST,Newham,51.546291703992,-0.00978845673,17:30,18:30,,1,False,https://ourparks.org.uk/borough/box-fit-108122
ourparks_108123_1199,Our Parks,Our Parks,Box Fit,Gym / Fitness,Boxing Fitness,True,0.0,Victory Park (E20),E20 2ST,Newham,51.546291703992,-0.00978845673,17:30,18:30,,1,False,https://ourparks.org.uk/borough/box-fit-108123
ourparks_108124_1200,Our Parks,Our Parks,Box Fit,Gym / Fitness,Boxing Fitness,True,0.0,Victory Park (E20),E20 2ST,Newham,51.546291703992,-0.00978845673,17:30,18:30,,1,False,https://ourparks.org.uk/borough/box-fit-108124
ourparks_108125_1201,Our Parks,Our Parks,Box Fit,Gym / Fitness,Boxing Fitness,True,0.0,Victory Park (E20),E20 2ST,Newham,51.546291703992,-0.00978845673,17:30,18:30,,1,False,https://ourparks.org.uk/borough/box-fit-108125
ourparks_108126_1202,Our Parks,Our Parks,Box Fit,Gym / Fitness,Boxing Fitness,True,0.0,Victory Park (E20),E20 2ST,Newham,51.546291703992,-0.00978845673,17:30,18:30,,1,False,https://ourparks.org.uk/borough/box-fit-108126
ourparks_108127_1203,Our Parks,Our Parks,Box Fit,Gym / Fitness,Boxing Fitness,True,0.0,Victory Park (E20),E20 2ST,Newham,51.546291703992,-0.00978845673,17:30,18:30,,1,False,https://ourparks.org.uk/borough/box-fit-108127
ourparks_108128_1204,Our Parks,Our Parks,Box Fit,Gym / Fitness,Boxing Fitness,True,0.0,Victory Park (E20),E20 2ST,Newham,51.546291703992,-0.00978845673,17:30,18:30,,1,False,https://ourparks.org.uk/borough/box-fit-108128
ourparks_108129_1205,Our Parks,Our Parks,Box Fit,Gym / Fitness,Boxing Fitness,True,0.0,Victory Park (E20),E20 2ST,Newham,51.546291703992,-0.00978845673,17:30,18:30,,1,False,https://ourparks.org.uk/borough/box-fit-108129
ourparks_108132_1206,Our Parks,Our Parks,Bootcamp,Bootcamp & Outdoor Fitness,Bootcamp,True,0.0,Victory Park (E20),E20 2ST,Newham,51.546291703992,-0.00978845673,09:00,10:00,,1,False,https://ourparks.org.uk/borough/bootcamp-108132
ourparks_108133_1207,Our Parks,Our Parks,Bootcamp,Bootcamp & Outdoor Fitness,Bootcamp,True,0.0,Victory Park (E20),E20 2ST,Newham,51.546291703992,-0.00978845673,09:00,10:00,,1,False,https://ourparks.org.uk/borough/bootcamp-108133
ourparks_108134_1208,Our Parks,Our Parks,Bootcamp,Bootcamp & Outdoor Fitness,Bootcamp,True,0.0,Victory Park (E20),E20 2ST,Newham,51.546291703992,-0.00978845673,09:00,10:00,,1,False,https://ourparks.org.uk/borough/bootcamp-108134
ourparks_108135_1209,Our Parks,Our Parks,Bootcamp,Bootcamp & Outdoor Fitness,Bootcamp,True,0.0,Victory Park (E20),E20 2ST,Newham,51.546291703992,-0.00978845673,09:00,10:00,,1,False,https://ourparks.org.uk/borough/bootcamp-108135
ourparks_108137_1210,Our Parks,Our Parks,Bootcamp,Bootcamp & Outdoor Fitness,Bootcamp,True,0.0,Victory Park (E20),E20 2ST,Newham,51.546291703992,-0.00978845673,09:00,10:00,,1,False,https://ourparks.org.uk/borough/bootcamp-108137
ourparks_108138_1211,Our Parks,Our Parks,Bootcamp,Bootcamp & Outdoor Fitness,Bootcamp,True,0.0,Victory Park (E20),E20 2ST,Newham,51.546291703992,-0.00978845673,09:00,10:00,,1,False,https://ourparks.org.uk/borough/bootcamp-108138
ourparks_108139_1212,Our Parks,Our Parks,Bootcamp,Bootcamp & Outdoor Fitness,Bootcamp,True,0.0,Victory Park (E20),E20 2ST,Newham,51.546291703992,-0.00978845673,09:00,10:00,,1,False,https://ourparks.org.uk/borough/bootcamp-108139
ourparks_108140_1213,Our Parks,Our Parks,Bootcamp,Bootcamp & Outdoor Fitness,Bootcamp,True,0.0,Victory Park (E20),E20 2ST,Newham,51.546291703992,-0.00978845673,09:00,10:00,,1,False,https://ourparks.org.uk/borough/bootcamp-108140
ourparks_108141_1214,Our Parks,Our Parks,Bootcamp,Bootcamp & Outdoor Fitness,Bootcamp,True,0.0,Victory Park (E20),E20 2ST,Newham,51.546291703992,-0.00978845673,09:00,10:00,,1,False,https://ourparks.org.uk/borough/bootcamp-108141
ourparks_108142_1215,Our Parks,Our Parks,Bootcamp,Bootcamp & Outdoor Fitness,Bootcamp,True,0.0,Victory Park (E20),E20 2ST,Newham,51.546291703992,-0.00978845673,09:00,10:00,,1,False,https://ourparks.org.uk/borough/bootcamp-108142
ourparks_108143_1216,Our Parks,Our Parks,Bootcamp,Bootcamp & Outdoor Fitness,Bootcamp,True,0.0,Victory Park (E20),E20 2ST,Newham,51.546291703992,-0.00978845673,09:00,10:00,,1,False,https://ourparks.org.uk/borough/bootcamp-108143
ourparks_108144_1217,Our Parks,Our Parks,Bootcamp,Bootcamp & Outdoor Fitness,Bootcamp,True,0.0,Victory Park (E20),E20 2ST,Newham,51.546291703992,-0.00978845673,09:00,10:00,,1,False,https://ourparks.org.uk/borough/bootcamp-108144
ourparks_108145_1218,Our Parks,Our Parks,Bootcamp,Bootcamp & Outdoor Fitness,Bootcamp,True,0.0,Victory Park (E20),E20 2ST,Newham,51.546291703992,-0.00978845673,09:00,10:00,,1,False,https://ourparks.org.uk/borough/bootcamp-108145
ourparks_108146_1219,Our Parks,Our Parks,Bootcamp,Bootcamp & Outdoor Fitness,Bootcamp,True,0.0,Victory Park (E20),E20 2ST,Newham,51.546291703992,-0.00978845673,09:00,10:00,,1,False,https://ourparks.org.uk/borough/bootcamp-108146
ourparks_108148_1220,Our Parks,Our Parks,Bootcamp,Bootcamp & Outdoor Fitness,Bootcamp,True,0.0,Victory Park (E20),E20 2ST,Newham,51.546291703992,-0.00978845673,09:00,10:00,,1,False,https://ourparks.org.uk/borough/bootcamp-108148
ourparks_108149_1221,Our Parks,Our Parks,Bootcamp,Bootcamp & Outdoor Fitness,Bootcamp,True,0.0,Victory Park (E20),E20 2ST,Newham,51.546291703992,-0.00978845673,09:00,10:00,,1,False,https://ourparks.org.uk/borough/bootcamp-108149
ourparks_108150_1222,Our Parks,Our Parks,Bootcamp,Bootcamp & Outdoor Fitness,Bootcamp,True,0.0,Victory Park (E20),E20 2ST,Newham,51.546291703992,-0.00978845673,09:00,10:00,,1,False,https://ourparks.org.uk/borough/bootcamp-108150
ourparks_108151_1223,Our Parks,Our Parks,Bootcamp,Bootcamp & Outdoor Fitness,Bootcamp,True,0.0,Victory Park (E20),E20 2ST,Newham,51.546291703992,-0.00978845673,09:00,10:00,,1,False,https://ourparks.org.uk/borough/bootcamp-108151
ourparks_108153_1224,Our Parks,Our Parks,Bootcamp,Bootcamp & Outdoor Fitness,Bootcamp,True,0.0,Victory Park (E20),E20 2ST,Newham,51.546291703992,-0.00978845673,09:00,10:00,,1,False,https://ourparks.org.uk/borough/bootcamp-108153
ourparks_108156_1225,Our Parks,Our Parks,Bootcamp,Bootcamp & Outdoor Fitness,Bootcamp,True,0.0,Victory Park (E20),E20 2ST,Newham,51.546291703992,-0.00978845673,09:00,10:00,,1,False,https://ourparks.org.uk/borough/bootcamp-108156
ourparks_108158_1226,Our Parks,Our Parks,Bootcamp,Bootcamp & Outdoor Fitness,Bootcamp,True,0.0,Victory Park (E20),E20 2ST,Newham,51.546291703992,-0.00978845673,09:00,10:00,,1,False,https://ourparks.org.uk/borough/bootcamp-108158
ourparks_108159_1227,Our Parks,Our Parks,Bootcamp,Bootcamp & Outdoor Fitness,Bootcamp,True,0.0,Victory Park (E20),E20 2ST,Newham,51.546291703992,-0.00978845673,09:00,10:00,,1,False,https://ourparks.org.uk/borough/bootcamp-108159
ourparks_108160_1228,Our Parks,Our Parks,Bootcamp,Bootcamp & Outdoor Fitness,Bootcamp,True,0.0,Victory Park (E20),E20 2ST,Newham,51.546291703992,-0.00978845673,09:00,10:00,,1,False,https://ourparks.org.uk/borough/bootcamp-108160
ourparks_108161_1229,Our Parks,Our Parks,Bootcamp,Bootcamp & Outdoor Fitness,Bootcamp,True,0.0,Victory Park (E20),E20 2ST,Newham,51.546291703992,-0.00978845673,09:00,10:00,,1,False,https://ourparks.org.uk/borough/bootcamp-108161
ourparks_108162_1230,Our Parks,Our Parks,Bootcamp,Bootcamp & Outdoor Fitness,Bootcamp,True,0.0,Victory Park (E20),E20 2ST,Newham,51.546291703992,-0.00978845673,09:00,10:00,,1,False,https://ourparks.org.uk/borough/bootcamp-108162
ourparks_108163_1231,Our Parks,Our Parks,Bootcamp,Bootcamp & Outdoor Fitness,Bootcamp,True,0.0,Victory Park (E20),E20 2ST,Newham,51.546291703992,-0.00978845673,09:00,10:00,,1,False,https://ourparks.org.uk/borough/bootcamp-108163
ourparks_108164_1232,Our Parks,Our Parks,Bootcamp,Bootcamp & Outdoor Fitness,Bootcamp,True,0.0,Victory Park (E20),E20 2ST,Newham,51.546291703992,-0.00978845673,09:00,10:00,,1,False,https://ourparks.org.uk/borough/bootcamp-108164
ourparks_108165_1233,Our Parks,Our Parks,Bootcamp,Bootcamp & Outdoor Fitness,Bootcamp,True,0.0,Victory Park (E20),E20 2ST,Newham,51.546291703992,-0.00978845673,09:00,10:00,,1,False,https://ourparks.org.uk/borough/bootcamp-108165
ourparks_108166_1234,Our Parks,Our Parks,Bootcamp,Bootcamp & Outdoor Fitness,Bootcamp,True,0.0,Victory Park (E20),E20 2ST,Newham,51.546291703992,-0.00978845673,09:00,10:00,,1,False,https://ourparks.org.uk/borough/bootcamp-108166
ourparks_108167_1235,Our Parks,Our Parks,Bootcamp,Bootcamp & Outdoor Fitness,Bootcamp,True,0.0,Victory Park (E20),E20 2ST,Newham,51.546291703992,-0.00978845673,09:00,10:00,,1,False,https://ourparks.org.uk/borough/bootcamp-108167
ourparks_108168_1236,Our Parks,Our Parks,Bootcamp,Bootcamp & Outdoor Fitness,Bootcamp,True,0.0,Victory Park (E20),E20 2ST,Newham,51.546291703992,-0.00978845673,09:00,10:00,,1,False,https://ourparks.org.uk/borough/bootcamp-108168
ourparks_108169_1237,Our Parks,Our Parks,Bootcamp,Bootcamp & Outdoor Fitness,Bootcamp,True,0.0,Victory Park (E20),E20 2ST,Newham,51.546291703992,-0.00978845673,09:00,10:00,,1,False,https://ourparks.org.uk/borough/bootcamp-108169
ourparks_108170_1238,Our Parks,Our Parks,Bootcamp,Bootcamp & Outdoor Fitness,Bootcamp,True,0.0,Victory Park (E20),E20 2ST,Newham,51.546291703992,-0.00978845673,09:00,10:00,,1,False,https://ourparks.org.uk/borough/bootcamp-108170
ourparks_108171_1239,Our Parks,Our Parks,Bootcamp,Bootcamp & Outdoor Fitness,Bootcamp,True,0.0,Victory Park (E20),E20 2ST,Newham,51.546291703992,-0.00978845673,09:00,10:00,,1,False,https://ourparks.org.uk/borough/bootcamp-108171
ourparks_108172_1240,Our Parks,Our Parks,Bootcamp,Bootcamp & Outdoor Fitness,Bootcamp,True,0.0,Victory Park (E20),E20 2ST,Newham,51.546291703992,-0.00978845673,09:00,10:00,,1,False,https://ourparks.org.uk/borough/bootcamp-108172
ourparks_108173_1241,Our Parks,Our Parks,Bootcamp,Bootcamp & Outdoor Fitness,Bootcamp,True,0.0,Victory Park (E20),E20 2ST,Newham,51.546291703992,-0.00978845673,09:00,10:00,,1,False,https://ourparks.org.uk/borough/bootcamp-108173
ourparks_108174_1242,Our Parks,Our Parks,Bootcamp,Bootcamp & Outdoor Fitness,Bootcamp,True,0.0,Victory Park (E20),E20 2ST,Newham,51.546291703992,-0.00978845673,09:00,10:00,,1,False,https://ourparks.org.uk/borough/bootcamp-108174
ourparks_108175_1243,Our Parks,Our Parks,Bootcamp,Bootcamp & Outdoor Fitness,Bootcamp,True,0.0,Victory Park (E20),E20 2ST,Newham,51.546291703992,-0.00978845673,09:00,10:00,,1,False,https://ourparks.org.uk/borough/bootcamp-108175
ourparks_108176_1244,Our Parks,Our Parks,Bootcamp,Bootcamp & Outdoor Fitness,Bootcamp,True,0.0,Victory Park (E20),E20 2ST,Newham,51.546291703992,-0.00978845673,09:00,10:00,,1,False,https://ourparks.org.uk/borough/bootcamp-108176
ourparks_108177_1245,Our Parks,Our Parks,Bootcamp,Bootcamp & Outdoor Fitness,Bootcamp,True,0.0,Victory Park (E20),E20 2ST,Newham,51.546291703992,-0.00978845673,09:00,10:00,,1,False,https://ourparks.org.uk/borough/bootcamp-108177
ourparks_108178_1246,Our Parks,Our Parks,Bootcamp,Bootcamp & Outdoor Fitness,Bootcamp,True,0.0,Victory Park (E20),E20 2ST,Newham,51.546291703992,-0.00978845673,09:00,10:00,,1,False,https://ourparks.org.uk/borough/bootcamp-108178
ourparks_108179_1247,Our Parks,Our Parks,Bootcamp,Bootcamp & Outdoor Fitness,Bootcamp,True,0.0,Victory Park (E20),E20 2ST,Newham,51.546291703992,-0.00978845673,09:00,10:00,,1,False,https://ourparks.org.uk/borough/bootcamp-108179
ourparks_108180_1248,Our Parks,Our Parks,Bootcamp,Bootcamp & Outdoor Fitness,Bootcamp,True,0.0,Victory Park (E20),E20 2ST,Newham,51.546291703992,-0.00978845673,09:00,10:00,,1,False,https://ourparks.org.uk/borough/bootcamp-108180
ourparks_108181_1249,Our Parks,Our Parks,Bootcamp,Bootcamp & Outdoor Fitness,Bootcamp,True,0.0,Victory Park (E20),E20 2ST,Newham,51.546291703992,-0.00978845673,09:00,10:00,,1,False,https://ourparks.org.uk/borough/bootcamp-108181
ourparks_105412_1250,Our Parks,Our Parks,Low Impact Stretch,Martial Arts,Tai Chi,True,0.0,Kingsbury Library,NW9 9HE,Brent,51.5860156,-0.2765225,13:00,14:00,,1,False,https://ourparks.org.uk/borough/low-impact-stretch-105412
ourparks_105413_1251,Our Parks,Our Parks,Low Impact Stretch,Martial Arts,Tai Chi,True,0.0,Kingsbury Library,NW9 9HE,Brent,51.5860156,-0.2765225,13:00,14:00,,1,False,https://ourparks.org.uk/borough/low-impact-stretch-105413
ourparks_107467_1252,Our Parks,Our Parks,RISE & SHINE LIVE YOGA,"Yoga, Pilates & Studio",Yoga,True,0.0,Our Parks Live,KT2 7EW,,51.5161826,-0.1735317,06:30,07:30,,1,True,https://ourparks.org.uk/borough/rise-shine-live-yoga-107467
ourparks_104838_1253,Our Parks,Our Parks,Bootcamp,Bootcamp & Outdoor Fitness,Bootcamp,True,0.0,Barra Hall Park,UB3 2NH,Hillingdon,51.5179777,-0.4235929,09:30,10:30,,1,False,https://ourparks.org.uk/borough/bootcamp-104838
ourparks_104839_1254,Our Parks,Our Parks,Bootcamp,Bootcamp & Outdoor Fitness,Bootcamp,True,0.0,Barra Hall Park,UB3 2NH,Hillingdon,51.5179777,-0.4235929,09:30,10:30,,1,False,https://ourparks.org.uk/borough/bootcamp-104839
ourparks_106290_1255,Our Parks,Our Parks,Stretch & Bend,"Yoga, Pilates & Studio",Yoga,True,0.0,Abbey Wood Recreation Ground,DA17 5ND,Bexley,51.489689281292,0.133391557591,08:15,09:15,,1,False,https://ourparks.org.uk/borough/stretch-bend-106290
ourparks_106324_1256,Our Parks,Our Parks,Low Impact Stretch,"Yoga, Pilates & Studio",Yoga,True,0.0,Craydene Open Space,DA8 2HR,Bexley,51.470321952769,0.184112241266,09:30,10:30,,1,False,https://ourparks.org.uk/borough/low-impact-stretch-106324
ourparks_106289_1257,Our Parks,Our Parks,Stretch & Bend,"Yoga, Pilates & Studio",Yoga,True,0.0,Abbey Wood Recreation Ground,DA17 5ND,Bexley,51.489689281292,0.133391557591,08:15,09:15,,1,False,https://ourparks.org.uk/borough/stretch-bend-106289
ourparks_105100_1258,Our Parks,Our Parks,Back to Exercise,Gym / Fitness,Abs/Core,True,0.0,Queens Park,NW6 6LR,Brent,51.5365323,-0.2092666,09:00,10:00,,1,False,https://ourparks.org.uk/borough/back-exercise-105100
ourparks_106323_1259,Our Parks,Our Parks,Low Impact Stretch,"Yoga, Pilates & Studio",Yoga,True,0.0,Craydene Open Space,DA8 2HR,Bexley,51.470321952769,0.184112241266,09:30,10:30,,1,False,https://ourparks.org.uk/borough/low-impact-stretch-106323
ourparks_105936_1260,Our Parks,Our Parks,"Legs, Bums & Tums (LBT)",Gym / Fitness,Abs/Core,True,0.0,Walthamstow Marshes,E10 7QL,Waltham Forest,51.564823676338,-0.045328683324,09:00,10:00,,1,False,https://ourparks.org.uk/borough/legs-bums-tums-lbt-105936
ourparks_107489_1261,Our Parks,Our Parks,Rise & Shine ABS Workout,Gym / Fitness,Abs/Core,True,0.0,Our Parks Live,KT2 7EW,,51.5161826,-0.1735317,06:30,07:30,,1,True,https://ourparks.org.uk/borough/rise-shine-abs-workout-107489
ourparks_107490_1262,Our Parks,Our Parks,Rise & Shine ABS Workout,Gym / Fitness,Abs/Core,True,0.0,Our Parks Live,KT2 7EW,,51.5161826,-0.1735317,06:30,07:30,,1,True,https://ourparks.org.uk/borough/rise-shine-abs-workout-107490
ourparks_105938_1263,Our Parks,Our Parks,"Legs, Bums & Tums (LBT)",Gym / Fitness,Abs/Core,True,0.0,Walthamstow Marshes,E10 7QL,Waltham Forest,51.564823676338,-0.045328683324,09:00,10:00,,1,False,https://ourparks.org.uk/borough/legs-bums-tums-lbt-105938
ourparks_107433_1264,Our Parks,Our Parks,Dance Fit LIVE,Dance,Dance Fitness,True,0.0,Our Parks Live,KT2 7EW,,51.5161826,-0.1735317,09:00,10:00,,1,True,https://ourparks.org.uk/borough/dance-fit-live-107433
ourparks_107488_1265,Our Parks,Our Parks,Rise & Shine ABS Workout,Gym / Fitness,Abs/Core,True,0.0,Our Parks Live,KT2 7EW,,51.5161826,-0.1735317,06:30,07:30,,1,True,https://ourparks.org.uk/borough/rise-shine-abs-workout-107488
ourparks_106325_1266,Our Parks,Our Parks,Low Impact Stretch,"Yoga, Pilates & Studio",Yoga,True,0.0,Craydene Open Space,DA8 2HR,Bexley,51.470321952769,0.184112241266,09:30,10:30,,1,False,https://ourparks.org.uk/borough/low-impact-stretch-106325
ourparks_108570_1267,Our Parks,Our Parks,Women’s Walking Football sessions,Team Sports,Football,True,0.0,Tiverton Green,NW10 3HL,Brent,51.5387966,-0.2158393,11:00,12:00,,1,False,https://ourparks.org.uk/borough/women%E2%80%99s-walking-football-sessions-108570
ourparks_108571_1268,Our Parks,Our Parks,Women’s Walking Football sessions,Team Sports,Football,True,0.0,Tiverton Green,NW10 3HL,Brent,51.5387966,-0.2158393,11:00,12:00,,1,False,https://ourparks.org.uk/borough/women%E2%80%99s-walking-football-sessions-108571
ourparks_98314_1269,Our Parks,Our Parks,Bootcamp,Bootcamp & Outdoor Fitness,Bootcamp,True,0.0,Harefield Village Green,UB9 6EG,Hillingdon,51.604697285476,-0.480577927343,08:30,09:30,,1,False,https://ourparks.org.uk/borough/bootcamp-98314
ourparks_107436_1270,Our Parks,Our Parks,Dance Fit LIVE,Dance,Dance Fitness,True,0.0,Our Parks Live,KT2 7EW,,51.5161826,-0.1735317,09:00,10:00,,1,True,https://ourparks.org.uk/borough/dance-fit-live-107436
ourparks_107873_1271,Our Parks,Our Parks,Dance Fit LIVE,Dance,Dance Fitness,True,0.0,Our Parks Live,KT2 7EW,,51.5161826,-0.1735317,09:00,10:00,,1,True,https://ourparks.org.uk/borough/dance-fit-live-107873
ourparks_107874_1272,Our Parks,Our Parks,Dance Fit LIVE,Dance,Dance Fitness,True,0.0,Our Parks Live,KT2 7EW,,51.5161826,-0.1735317,09:00,10:00,,1,True,https://ourparks.org.uk/borough/dance-fit-live-107874
ourparks_107875_1273,Our Parks,Our Parks,Dance Fit LIVE,Dance,Dance Fitness,True,0.0,Our Parks Live,KT2 7EW,,51.5161826,-0.1735317,09:00,10:00,,1,True,https://ourparks.org.uk/borough/dance-fit-live-107875
ourparks_107876_1274,Our Parks,Our Parks,Dance Fit LIVE,Dance,Dance Fitness,True,0.0,Our Parks Live,KT2 7EW,,51.5161826,-0.1735317,09:00,10:00,,1,True,https://ourparks.org.uk/borough/dance-fit-live-107876
ourparks_107877_1275,Our Parks,Our Parks,Dance Fit LIVE,Dance,Dance Fitness,True,0.0,Our Parks Live,KT2 7EW,,51.5161826,-0.1735317,09:00,10:00,,1,True,https://ourparks.org.uk/borough/dance-fit-live-107877
ourparks_107878_1276,Our Parks,Our Parks,Dance Fit LIVE,Dance,Dance Fitness,True,0.0,Our Parks Live,KT2 7EW,,51.5161826,-0.1735317,09:00,10:00,,1,True,https://ourparks.org.uk/borough/dance-fit-live-107878
ourparks_107879_1277,Our Parks,Our Parks,Dance Fit LIVE,Dance,Dance Fitness,True,0.0,Our Parks Live,KT2 7EW,,51.5161826,-0.1735317,09:00,10:00,,1,True,https://ourparks.org.uk/borough/dance-fit-live-107879
ourparks_107880_1278,Our Parks,Our Parks,Dance Fit LIVE,Dance,Dance Fitness,True,0.0,Our Parks Live,KT2 7EW,,51.5161826,-0.1735317,09:00,10:00,,1,True,https://ourparks.org.uk/borough/dance-fit-live-107880
ourparks_107881_1279,Our Parks,Our Parks,Dance Fit LIVE,Dance,Dance Fitness,True,0.0,Our Parks Live,KT2 7EW,,51.5161826,-0.1735317,09:00,10:00,,1,True,https://ourparks.org.uk/borough/dance-fit-live-107881
ourparks_107882_1280,Our Parks,Our Parks,Dance Fit LIVE,Dance,Dance Fitness,True,0.0,Our Parks Live,KT2 7EW,,51.5161826,-0.1735317,09:00,10:00,,1,True,https://ourparks.org.uk/borough/dance-fit-live-107882
ourparks_107883_1281,Our Parks,Our Parks,Dance Fit LIVE,Dance,Dance Fitness,True,0.0,Our Parks Live,KT2 7EW,,51.5161826,-0.1735317,09:00,10:00,,1,True,https://ourparks.org.uk/borough/dance-fit-live-107883
ourparks_107884_1282,Our Parks,Our Parks,Dance Fit LIVE,Dance,Dance Fitness,True,0.0,Our Parks Live,KT2 7EW,,51.5161826,-0.1735317,09:00,10:00,,1,True,https://ourparks.org.uk/borough/dance-fit-live-107884
ourparks_107886_1283,Our Parks,Our Parks,Dance Fit LIVE,Dance,Dance Fitness,True,0.0,Our Parks Live,KT2 7EW,,51.5161826,-0.1735317,09:00,10:00,,1,True,https://ourparks.org.uk/borough/dance-fit-live-107886
ourparks_107887_1284,Our Parks,Our Parks,Dance Fit LIVE,Dance,Dance Fitness,True,0.0,Our Parks Live,KT2 7EW,,51.5161826,-0.1735317,09:00,10:00,,1,True,https://ourparks.org.uk/borough/dance-fit-live-107887
ourparks_107888_1285,Our Parks,Our Parks,Dance Fit LIVE,Dance,Dance Fitness,True,0.0,Our Parks Live,KT2 7EW,,51.5161826,-0.1735317,09:00,10:00,,1,True,https://ourparks.org.uk/borough/dance-fit-live-107888
ourparks_107889_1286,Our Parks,Our Parks,Dance Fit LIVE,Dance,Dance Fitness,True,0.0,Our Parks Live,KT2 7EW,,51.5161826,-0.1735317,09:00,10:00,,1,True,https://ourparks.org.uk/borough/dance-fit-live-107889
ourparks_107891_1287,Our Parks,Our Parks,Dance Fit LIVE,Dance,Dance Fitness,True,0.0,Our Parks Live,KT2 7EW,,51.5161826,-0.1735317,09:00,10:00,,1,True,https://ourparks.org.uk/borough/dance-fit-live-107891
ourparks_107892_1288,Our Parks,Our Parks,Dance Fit LIVE,Dance,Dance Fitness,True,0.0,Our Parks Live,KT2 7EW,,51.5161826,-0.1735317,09:00,10:00,,1,True,https://ourparks.org.uk/borough/dance-fit-live-107892
ourparks_107893_1289,Our Parks,Our Parks,Dance Fit LIVE,Dance,Dance Fitness,True,0.0,Our Parks Live,KT2 7EW,,51.5161826,-0.1735317,09:00,10:00,,1,True,https://ourparks.org.uk/borough/dance-fit-live-107893
ourparks_107894_1290,Our Parks,Our Parks,Dance Fit LIVE,Dance,Dance Fitness,True,0.0,Our Parks Live,KT2 7EW,,51.5161826,-0.1735317,09:00,10:00,,1,True,https://ourparks.org.uk/borough/dance-fit-live-107894
ourparks_107895_1291,Our Parks,Our Parks,Dance Fit LIVE,Dance,Dance Fitness,True,0.0,Our Parks Live,KT2 7EW,,51.5161826,-0.1735317,09:00,10:00,,1,True,https://ourparks.org.uk/borough/dance-fit-live-107895
ourparks_107896_1292,Our Parks,Our Parks,Dance Fit LIVE,Dance,Dance Fitness,True,0.0,Our Parks Live,KT2 7EW,,51.5161826,-0.1735317,09:00,10:00,,1,True,https://ourparks.org.uk/borough/dance-fit-live-107896
ourparks_107897_1293,Our Parks,Our Parks,Dance Fit LIVE,Dance,Dance Fitness,True,0.0,Our Parks Live,KT2 7EW,,51.5161826,-0.1735317,09:00,10:00,,1,True,https://ourparks.org.uk/borough/dance-fit-live-107897
ourparks_107898_1294,Our Parks,Our Parks,Dance Fit LIVE,Dance,Dance Fitness,True,0.0,Our Parks Live,KT2 7EW,,51.5161826,-0.1735317,09:00,10:00,,1,True,https://ourparks.org.uk/borough/dance-fit-live-107898
ourparks_107899_1295,Our Parks,Our Parks,Dance Fit LIVE,Dance,Dance Fitness,True,0.0,Our Parks Live,KT2 7EW,,51.5161826,-0.1735317,09:00,10:00,,1,True,https://ourparks.org.uk/borough/dance-fit-live-107899
ourparks_107900_1296,Our Parks,Our Parks,Dance Fit LIVE,Dance,Dance Fitness,True,0.0,Our Parks Live,KT2 7EW,,51.5161826,-0.1735317,09:00,10:00,,1,True,https://ourparks.org.uk/borough/dance-fit-live-107900
ourparks_107901_1297,Our Parks,Our Parks,Dance Fit LIVE,Dance,Dance Fitness,True,0.0,Our Parks Live,KT2 7EW,,51.5161826,-0.1735317,09:00,10:00,,1,True,https://ourparks.org.uk/borough/dance-fit-live-107901
ourparks_107902_1298,Our Parks,Our Parks,Dance Fit LIVE,Dance,Dance Fitness,True,0.0,Our Parks Live,KT2 7EW,,51.5161826,-0.1735317,09:00,10:00,,1,True,https://ourparks.org.uk/borough/dance-fit-live-107902
ourparks_107903_1299,Our Parks,Our Parks,Dance Fit LIVE,Dance,Dance Fitness,True,0.0,Our Parks Live,KT2 7EW,,51.5161826,-0.1735317,09:00,10:00,,1,True,https://ourparks.org.uk/borough/dance-fit-live-107903
ourparks_107904_1300,Our Parks,Our Parks,Dance Fit LIVE,Dance,Dance Fitness,True,0.0,Our Parks Live,KT2 7EW,,51.5161826,-0.1735317,09:00,10:00,,1,True,https://ourparks.org.uk/borough/dance-fit-live-107904
ourparks_107905_1301,Our Parks,Our Parks,Dance Fit LIVE,Dance,Dance Fitness,True,0.0,Our Parks Live,KT2 7EW,,51.5161826,-0.1735317,09:00,10:00,,1,True,https://ourparks.org.uk/borough/dance-fit-live-107905
ourparks_107906_1302,Our Parks,Our Parks,Dance Fit LIVE,Dance,Dance Fitness,True,0.0,Our Parks Live,KT2 7EW,,51.5161826,-0.1735317,09:00,10:00,,1,True,https://ourparks.org.uk/borough/dance-fit-live-107906
ourparks_107907_1303,Our Parks,Our Parks,Dance Fit LIVE,Dance,Dance Fitness,True,0.0,Our Parks Live,KT2 7EW,,51.5161826,-0.1735317,09:00,10:00,,1,True,https://ourparks.org.uk/borough/dance-fit-live-107907
ourparks_107908_1304,Our Parks,Our Parks,Dance Fit LIVE,Dance,Dance Fitness,True,0.0,Our Parks Live,KT2 7EW,,51.5161826,-0.1735317,09:00,10:00,,1,True,https://ourparks.org.uk/borough/dance-fit-live-107908
ourparks_107909_1305,Our Parks,Our Parks,Dance Fit LIVE,Dance,Dance Fitness,True,0.0,Our Parks Live,KT2 7EW,,51.5161826,-0.1735317,09:00,10:00,,1,True,https://ourparks.org.uk/borough/dance-fit-live-107909
ourparks_107910_1306,Our Parks,Our Parks,Dance Fit LIVE,Dance,Dance Fitness,True,0.0,Our Parks Live,KT2 7EW,,51.5161826,-0.1735317,09:00,10:00,,1,True,https://ourparks.org.uk/borough/dance-fit-live-107910
ourparks_107911_1307,Our Parks,Our Parks,Dance Fit LIVE,Dance,Dance Fitness,True,0.0,Our Parks Live,KT2 7EW,,51.5161826,-0.1735317,09:00,10:00,,1,True,https://ourparks.org.uk/borough/dance-fit-live-107911
ourparks_107912_1308,Our Parks,Our Parks,Dance Fit LIVE,Dance,Dance Fitness,True,0.0,Our Parks Live,KT2 7EW,,51.5161826,-0.1735317,09:00,10:00,,1,True,https://ourparks.org.uk/borough/dance-fit-live-107912
ourparks_107913_1309,Our Parks,Our Parks,Dance Fit LIVE,Dance,Dance Fitness,True,0.0,Our Parks Live,KT2 7EW,,51.5161826,-0.1735317,09:00,10:00,,1,True,https://ourparks.org.uk/borough/dance-fit-live-107913
ourparks_107914_1310,Our Parks,Our Parks,Dance Fit LIVE,Dance,Dance Fitness,True,0.0,Our Parks Live,KT2 7EW,,51.5161826,-0.1735317,09:00,10:00,,1,True,https://ourparks.org.uk/borough/dance-fit-live-107914
ourparks_107915_1311,Our Parks,Our Parks,Dance Fit LIVE,Dance,Dance Fitness,True,0.0,Our Parks Live,KT2 7EW,,51.5161826,-0.1735317,09:00,10:00,,1,True,https://ourparks.org.uk/borough/dance-fit-live-107915
ourparks_107916_1312,Our Parks,Our Parks,Dance Fit LIVE,Dance,Dance Fitness,True,0.0,Our Parks Live,KT2 7EW,,51.5161826,-0.1735317,09:00,10:00,,1,True,https://ourparks.org.uk/borough/dance-fit-live-107916
ourparks_107917_1313,Our Parks,Our Parks,Dance Fit LIVE,Dance,Dance Fitness,True,0.0,Our Parks Live,KT2 7EW,,51.5161826,-0.1735317,09:00,10:00,,1,True,https://ourparks.org.uk/borough/dance-fit-live-107917
ourparks_107918_1314,Our Parks,Our Parks,Dance Fit LIVE,Dance,Dance Fitness,True,0.0,Our Parks Live,KT2 7EW,,51.5161826,-0.1735317,09:00,10:00,,1,True,https://ourparks.org.uk/borough/dance-fit-live-107918
ourparks_107919_1315,Our Parks,Our Parks,Dance Fit LIVE,Dance,Dance Fitness,True,0.0,Our Parks Live,KT2 7EW,,51.5161826,-0.1735317,09:00,10:00,,1,True,https://ourparks.org.uk/borough/dance-fit-live-107919
ourparks_107920_1316,Our Parks,Our Parks,Dance Fit LIVE,Dance,Dance Fitness,True,0.0,Our Parks Live,KT2 7EW,,51.5161826,-0.1735317,09:00,10:00,,1,True,https://ourparks.org.uk/borough/dance-fit-live-107920
ourparks_107921_1317,Our Parks,Our Parks,Dance Fit LIVE,Dance,Dance Fitness,True,0.0,Our Parks Live,KT2 7EW,,51.5161826,-0.1735317,09:00,10:00,,1,True,https://ourparks.org.uk/borough/dance-fit-live-107921
ourparks_107922_1318,Our Parks,Our Parks,Dance Fit LIVE,Dance,Dance Fitness,True,0.0,Our Parks Live,KT2 7EW,,51.5161826,-0.1735317,09:00,10:00,,1,True,https://ourparks.org.uk/borough/dance-fit-live-107922
ourparks_107923_1319,Our Parks,Our Parks,Dance Fit LIVE,Dance,Dance Fitness,True,0.0,Our Parks Live,KT2 7EW,,51.5161826,-0.1735317,09:00,10:00,,1,True,https://ourparks.org.uk/borough/dance-fit-live-107923
ourparks_104845_1320,Our Parks,Our Parks,Bootcamp,Bootcamp & Outdoor Fitness,Bootcamp,True,0.0,Barra Hall Park,UB3 2NH,Hillingdon,51.5179777,-0.4235929,09:30,10:30,,1,False,https://ourparks.org.uk/borough/bootcamp-104845
ourparks_106331_1321,Our Parks,Our Parks,Low Impact Stretch,"Yoga, Pilates & Studio",Yoga,True,0.0,Slade Green and Howbury Community Library,DA8 2EL,Bexley,51.473514486295,0.191187423012,09:30,10:30,,1,False,https://ourparks.org.uk/borough/low-impact-stretch-106331
ourparks_98318_1322,Our Parks,Our Parks,Bootcamp,Bootcamp & Outdoor Fitness,Bootcamp,True,0.0,Harefield Village Green,UB9 6EG,Hillingdon,51.604697285476,-0.480577927343,08:30,09:30,,1,False,https://ourparks.org.uk/borough/bootcamp-98318
ourparks_106329_1323,Our Parks,Our Parks,Low Impact Stretch,"Yoga, Pilates & Studio",Yoga,True,0.0,Slade Green and Howbury Community Library,DA8 2EL,Bexley,51.473514486295,0.191187423012,10:00,11:00,,1,False,https://ourparks.org.uk/borough/low-impact-stretch-106329
ourparks_106330_1324,Our Parks,Our Parks,Low Impact Stretch,"Yoga, Pilates & Studio",Yoga,True,0.0,Slade Green and Howbury Community Library,DA8 2EL,Bexley,51.473514486295,0.191187423012,10:00,11:00,,1,False,https://ourparks.org.uk/borough/low-impact-stretch-106330
ourparks_107098_1325,Our Parks,Our Parks,Bootcamp,Bootcamp & Outdoor Fitness,Bootcamp,True,0.0,Richmond Park,KT2 7SS,,51.432184462701,-0.269421501853,08:30,09:30,,1,False,https://ourparks.org.uk/borough/bootcamp-107098
ourparks_105414_1326,Our Parks,Our Parks,Low Impact Stretch,Martial Arts,Tai Chi,True,0.0,Kingsbury Library,NW9 9HE,Brent,51.5860156,-0.2765225,13:00,14:00,,1,False,https://ourparks.org.uk/borough/low-impact-stretch-105414
ourparks_103828_1327,Our Parks,Our Parks,Bootcamp,Bootcamp & Outdoor Fitness,Bootcamp,True,0.0,Regents Park,NW1 4HG,Camden,51.534602890205,-0.14999467612,08:00,09:00,,1,False,https://ourparks.org.uk/borough/bootcamp-103828
ourparks_107725_1328,Our Parks,Our Parks,RISE & SHINE LIVE YOGA,"Yoga, Pilates & Studio",Yoga,True,0.0,Our Parks Live,KT2 7EW,,51.5161826,-0.1735317,06:30,07:30,,1,True,https://ourparks.org.uk/borough/rise-shine-live-yoga-107725
ourparks_105524_1329,Our Parks,Our Parks,Strength building class,"Yoga, Pilates & Studio",Yoga,True,0.0,Harlesden Library,NW10 8SE,Brent,51.538725110209,-0.25043846365,13:00,14:00,,1,False,https://ourparks.org.uk/borough/strength-building-class-105524
ourparks_105526_1330,Our Parks,Our Parks,Strength building class,"Yoga, Pilates & Studio",Yoga,True,0.0,Harlesden Library,NW10 8SE,Brent,51.538725110209,-0.25043846365,13:00,14:00,,1,False,https://ourparks.org.uk/borough/strength-building-class-105526
ourparks_105527_1331,Our Parks,Our Parks,Strength building class,"Yoga, Pilates & Studio",Yoga,True,0.0,Harlesden Library,NW10 8SE,Brent,51.538725110209,-0.25043846365,13:00,14:00,,1,False,https://ourparks.org.uk/borough/strength-building-class-105527
ourparks_105529_1332,Our Parks,Our Parks,Strength building class,"Yoga, Pilates & Studio",Yoga,True,0.0,Harlesden Library,NW10 8SE,Brent,51.538725110209,-0.25043846365,13:00,14:00,,1,False,https://ourparks.org.uk/borough/strength-building-class-105529
ourparks_105530_1333,Our Parks,Our Parks,Strength building class,"Yoga, Pilates & Studio",Yoga,True,0.0,Harlesden Library,NW10 8SE,Brent,51.538725110209,-0.25043846365,13:00,14:00,,1,False,https://ourparks.org.uk/borough/strength-building-class-105530
ourparks_105533_1334,Our Parks,Our Parks,Strength building class,"Yoga, Pilates & Studio",Yoga,True,0.0,Harlesden Library,NW10 8SE,Brent,51.538725110209,-0.25043846365,13:00,14:00,,1,False,https://ourparks.org.uk/borough/strength-building-class-105533
ourparks_105535_1335,Our Parks,Our Parks,Strength building class,"Yoga, Pilates & Studio",Yoga,True,0.0,Harlesden Library,NW10 8SE,Brent,51.538725110209,-0.25043846365,13:00,14:00,,1,False,https://ourparks.org.uk/borough/strength-building-class-105535
ourparks_105536_1336,Our Parks,Our Parks,Strength building class,"Yoga, Pilates & Studio",Yoga,True,0.0,Harlesden Library,NW10 8SE,Brent,51.538725110209,-0.25043846365,13:00,14:00,,1,False,https://ourparks.org.uk/borough/strength-building-class-105536
ourparks_105537_1337,Our Parks,Our Parks,Strength building class,"Yoga, Pilates & Studio",Yoga,True,0.0,Harlesden Library,NW10 8SE,Brent,51.538725110209,-0.25043846365,13:00,14:00,,1,False,https://ourparks.org.uk/borough/strength-building-class-105537
ourparks_105538_1338,Our Parks,Our Parks,Strength building class,"Yoga, Pilates & Studio",Yoga,True,0.0,Harlesden Library,NW10 8SE,Brent,51.538725110209,-0.25043846365,13:00,14:00,,1,False,https://ourparks.org.uk/borough/strength-building-class-105538
ourparks_105540_1339,Our Parks,Our Parks,Strength building class,"Yoga, Pilates & Studio",Yoga,True,0.0,Harlesden Library,NW10 8SE,Brent,51.538725110209,-0.25043846365,13:00,14:00,,1,False,https://ourparks.org.uk/borough/strength-building-class-105540
ourparks_105541_1340,Our Parks,Our Parks,Strength building class,"Yoga, Pilates & Studio",Yoga,True,0.0,Harlesden Library,NW10 8SE,Brent,51.538725110209,-0.25043846365,13:00,14:00,,1,False,https://ourparks.org.uk/borough/strength-building-class-105541
ourparks_105542_1341,Our Parks,Our Parks,Strength building class,"Yoga, Pilates & Studio",Yoga,True,0.0,Harlesden Library,NW10 8SE,Brent,51.538725110209,-0.25043846365,13:00,14:00,,1,False,https://ourparks.org.uk/borough/strength-building-class-105542
ourparks_105544_1342,Our Parks,Our Parks,Strength building class,"Yoga, Pilates & Studio",Yoga,True,0.0,Harlesden Library,NW10 8SE,Brent,51.538725110209,-0.25043846365,13:00,14:00,,1,False,https://ourparks.org.uk/borough/strength-building-class-105544
ourparks_105545_1343,Our Parks,Our Parks,Strength building class,"Yoga, Pilates & Studio",Yoga,True,0.0,Harlesden Library,NW10 8SE,Brent,51.538725110209,-0.25043846365,13:00,14:00,,1,False,https://ourparks.org.uk/borough/strength-building-class-105545
ourparks_105546_1344,Our Parks,Our Parks,Strength building class,"Yoga, Pilates & Studio",Yoga,True,0.0,Harlesden Library,NW10 8SE,Brent,51.538725110209,-0.25043846365,13:00,14:00,,1,False,https://ourparks.org.uk/borough/strength-building-class-105546
ourparks_105523_1345,Our Parks,Our Parks,Strength building class,"Yoga, Pilates & Studio",Yoga,True,0.0,Harlesden Library,NW10 8SE,Brent,51.538725110209,-0.25043846365,13:00,14:00,,1,False,https://ourparks.org.uk/borough/strength-building-class-105523
ourparks_106939_1346,Our Parks,Our Parks,"Abs, Bums & Thighs (ABT)",Gym / Fitness,Abs/Core,True,0.0,Roundwood Park,NW10 3RT,Brent,51.5420062,-0.2403952,09:00,10:00,,1,False,https://ourparks.org.uk/borough/abs-bums-thighs-abt-106939
ourparks_106940_1347,Our Parks,Our Parks,"Abs, Bums & Thighs (ABT)",Gym / Fitness,Abs/Core,True,0.0,Roundwood Park,NW10 3RT,Brent,51.5420062,-0.2403952,09:00,10:00,,1,False,https://ourparks.org.uk/borough/abs-bums-thighs-abt-106940
ourparks_106941_1348,Our Parks,Our Parks,"Abs, Bums & Thighs (ABT)",Gym / Fitness,Abs/Core,True,0.0,Roundwood Park,NW10 3RT,Brent,51.5420062,-0.2403952,09:00,10:00,,1,False,https://ourparks.org.uk/borough/abs-bums-thighs-abt-106941
ourparks_106942_1349,Our Parks,Our Parks,"Abs, Bums & Thighs (ABT)",Gym / Fitness,Abs/Core,True,0.0,Roundwood Park,NW10 3RT,Brent,51.5420062,-0.2403952,09:00,10:00,,1,False,https://ourparks.org.uk/borough/abs-bums-thighs-abt-106942
ourparks_106944_1350,Our Parks,Our Parks,"Abs, Bums & Thighs (ABT)",Gym / Fitness,Abs/Core,True,0.0,Roundwood Park,NW10 3RT,Brent,51.5420062,-0.2403952,09:00,10:00,,1,False,https://ourparks.org.uk/borough/abs-bums-thighs-abt-106944
ourparks_106945_1351,Our Parks,Our Parks,"Abs, Bums & Thighs (ABT)",Gym / Fitness,Abs/Core,True,0.0,Roundwood Park,NW10 3RT,Brent,51.5420062,-0.2403952,09:00,10:00,,1,False,https://ourparks.org.uk/borough/abs-bums-thighs-abt-106945
ourparks_106946_1352,Our Parks,Our Parks,"Abs, Bums & Thighs (ABT)",Gym / Fitness,Abs/Core,True,0.0,Roundwood Park,NW10 3RT,Brent,51.5420062,-0.2403952,09:00,10:00,,1,False,https://ourparks.org.uk/borough/abs-bums-thighs-abt-106946
ourparks_106947_1353,Our Parks,Our Parks,"Abs, Bums & Thighs (ABT)",Gym / Fitness,Abs/Core,True,0.0,Roundwood Park,NW10 3RT,Brent,51.5420062,-0.2403952,09:00,10:00,,1,False,https://ourparks.org.uk/borough/abs-bums-thighs-abt-106947
ourparks_106949_1354,Our Parks,Our Parks,"Abs, Bums & Thighs (ABT)",Gym / Fitness,Abs/Core,True,0.0,Roundwood Park,NW10 3RT,Brent,51.5420062,-0.2403952,09:00,10:00,,1,False,https://ourparks.org.uk/borough/abs-bums-thighs-abt-106949
ourparks_106950_1355,Our Parks,Our Parks,"Abs, Bums & Thighs (ABT)",Gym / Fitness,Abs/Core,True,0.0,Roundwood Park,NW10 3RT,Brent,51.5420062,-0.2403952,09:00,10:00,,1,False,https://ourparks.org.uk/borough/abs-bums-thighs-abt-106950
ourparks_106951_1356,Our Parks,Our Parks,"Abs, Bums & Thighs (ABT)",Gym / Fitness,Abs/Core,True,0.0,Roundwood Park,NW10 3RT,Brent,51.5420062,-0.2403952,09:00,10:00,,1,False,https://ourparks.org.uk/borough/abs-bums-thighs-abt-106951
ourparks_106952_1357,Our Parks,Our Parks,"Abs, Bums & Thighs (ABT)",Gym / Fitness,Abs/Core,True,0.0,Roundwood Park,NW10 3RT,Brent,51.5420062,-0.2403952,09:00,10:00,,1,False,https://ourparks.org.uk/borough/abs-bums-thighs-abt-106952
ourparks_107195_1358,Our Parks,Our Parks,Box Fit,Gym / Fitness,Boxing Fitness,True,0.0,Brockwell Park,SE24 0PA,Lambeth,51.452290766375,-0.105533454431,08:30,09:30,,1,False,https://ourparks.org.uk/borough/box-fit-107195
ourparks_107196_1359,Our Parks,Our Parks,Box Fit,Gym / Fitness,Boxing Fitness,True,0.0,Brockwell Park,SE24 0PA,Lambeth,51.452290766375,-0.105533454431,08:30,09:30,,1,False,https://ourparks.org.uk/borough/box-fit-107196
ourparks_107197_1360,Our Parks,Our Parks,Box Fit,Gym / Fitness,Boxing Fitness,True,0.0,Brockwell Park,SE24 0PA,Lambeth,51.452290766375,-0.105533454431,08:30,09:30,,1,False,https://ourparks.org.uk/borough/box-fit-107197
ourparks_107200_1361,Our Parks,Our Parks,Box Fit,Gym / Fitness,Boxing Fitness,True,0.0,Brockwell Park,SE24 0PA,Lambeth,51.452290766375,-0.105533454431,08:30,09:30,,1,False,https://ourparks.org.uk/borough/box-fit-107200
ourparks_107201_1362,Our Parks,Our Parks,Box Fit,Gym / Fitness,Boxing Fitness,True,0.0,Brockwell Park,SE24 0PA,Lambeth,51.452290766375,-0.105533454431,08:30,09:30,,1,False,https://ourparks.org.uk/borough/box-fit-107201
ourparks_107202_1363,Our Parks,Our Parks,Box Fit,Gym / Fitness,Boxing Fitness,True,0.0,Brockwell Park,SE24 0PA,Lambeth,51.452290766375,-0.105533454431,08:30,09:30,,1,False,https://ourparks.org.uk/borough/box-fit-107202
ourparks_107203_1364,Our Parks,Our Parks,Box Fit,Gym / Fitness,Boxing Fitness,True,0.0,Brockwell Park,SE24 0PA,Lambeth,51.452290766375,-0.105533454431,08:30,09:30,,1,False,https://ourparks.org.uk/borough/box-fit-107203
ourparks_107204_1365,Our Parks,Our Parks,Box Fit,Gym / Fitness,Boxing Fitness,True,0.0,Brockwell Park,SE24 0PA,Lambeth,51.452290766375,-0.105533454431,08:30,09:30,,1,False,https://ourparks.org.uk/borough/box-fit-107204
ourparks_107205_1366,Our Parks,Our Parks,Box Fit,Gym / Fitness,Boxing Fitness,True,0.0,Brockwell Park,SE24 0PA,Lambeth,51.452290766375,-0.105533454431,08:30,09:30,,1,False,https://ourparks.org.uk/borough/box-fit-107205
ourparks_107206_1367,Our Parks,Our Parks,Box Fit,Gym / Fitness,Boxing Fitness,True,0.0,Brockwell Park,SE24 0PA,Lambeth,51.452290766375,-0.105533454431,08:30,09:30,,1,False,https://ourparks.org.uk/borough/box-fit-107206
ourparks_107208_1368,Our Parks,Our Parks,Box Fit,Gym / Fitness,Boxing Fitness,True,0.0,Brockwell Park,SE24 0PA,Lambeth,51.452290766375,-0.105533454431,08:30,09:30,,1,False,https://ourparks.org.uk/borough/box-fit-107208
ourparks_107209_1369,Our Parks,Our Parks,Box Fit,Gym / Fitness,Boxing Fitness,True,0.0,Brockwell Park,SE24 0PA,Lambeth,51.452290766375,-0.105533454431,08:30,09:30,,1,False,https://ourparks.org.uk/borough/box-fit-107209
ourparks_105810_1370,Our Parks,Our Parks,Beginners Bootcamp,Bootcamp & Outdoor Fitness,Bootcamp,True,0.0,Brockwell Park,SE24 0PA,Lambeth,51.452290766375,-0.105533454431,09:00,10:00,,1,False,https://ourparks.org.uk/borough/beginners-bootcamp-105810
ourparks_105811_1371,Our Parks,Our Parks,Beginners Bootcamp,Bootcamp & Outdoor Fitness,Bootcamp,True,0.0,Brockwell Park,SE24 0PA,Lambeth,51.452290766375,-0.105533454431,09:00,10:00,,1,False,https://ourparks.org.uk/borough/beginners-bootcamp-105811
ourparks_108631_1372,Our Parks,Our Parks,Women’s Walking Football sessions,Team Sports,Football,True,0.0,Roxbourne Park,HA5 1JF,Harrow,51.5754739,-0.3832202,10:00,11:00,,1,False,https://ourparks.org.uk/borough/women%E2%80%99s-walking-football-sessions-108631
ourparks_108632_1373,Our Parks,Our Parks,Women’s Walking Football sessions,Team Sports,Football,True,0.0,Roxbourne Park,HA5 1JF,Harrow,51.5754739,-0.3832202,10:00,11:00,,1,False,https://ourparks.org.uk/borough/women%E2%80%99s-walking-football-sessions-108632
ourparks_108633_1374,Our Parks,Our Parks,Women’s Walking Football sessions,Team Sports,Football,True,0.0,Roxbourne Park,HA5 1JF,Harrow,51.5754739,-0.3832202,10:00,11:00,,1,False,https://ourparks.org.uk/borough/women%E2%80%99s-walking-football-sessions-108633
ourparks_108634_1375,Our Parks,Our Parks,Women’s Walking Football sessions,Team Sports,Football,True,0.0,Roxbourne Park,HA5 1JF,Harrow,51.5754739,-0.3832202,10:00,11:00,,1,False,https://ourparks.org.uk/borough/women%E2%80%99s-walking-football-sessions-108634
ourparks_108635_1376,Our Parks,Our Parks,Women’s Walking Football sessions,Team Sports,Football,True,0.0,Roxbourne Park,HA5 1JF,Harrow,51.5754739,-0.3832202,10:00,11:00,,1,False,https://ourparks.org.uk/borough/women%E2%80%99s-walking-football-sessions-108635
ourparks_108636_1377,Our Parks,Our Parks,Women’s Walking Football sessions,Team Sports,Football,True,0.0,Roxbourne Park,HA5 1JF,Harrow,51.5754739,-0.3832202,10:00,11:00,,1,False,https://ourparks.org.uk/borough/women%E2%80%99s-walking-football-sessions-108636
ourparks_108641_1378,Our Parks,Our Parks,Women’s Walking Football sessions,Team Sports,Football,True,0.0,Roxbourne Park,HA5 1JF,Harrow,51.5754739,-0.3832202,10:00,11:00,,1,False,https://ourparks.org.uk/borough/women%E2%80%99s-walking-football-sessions-108641
ourparks_108642_1379,Our Parks,Our Parks,Women’s Walking Football sessions,Team Sports,Football,True,0.0,Roxbourne Park,HA5 1JF,Harrow,51.5754739,-0.3832202,10:00,11:00,,1,False,https://ourparks.org.uk/borough/women%E2%80%99s-walking-football-sessions-108642
ourparks_108644_1380,Our Parks,Our Parks,Women’s Walking Football sessions,Team Sports,Football,True,0.0,Roxbourne Park,HA5 1JF,Harrow,51.5754739,-0.3832202,10:00,11:00,,1,False,https://ourparks.org.uk/borough/women%E2%80%99s-walking-football-sessions-108644
ourparks_108647_1381,Our Parks,Our Parks,Under 11s Girls' Football,Team Sports,Football,True,0.0,Roxbourne Park,HA5 1JF,Harrow,51.5754739,-0.3832202,09:00,10:00,,1,False,https://ourparks.org.uk/borough/under-11s-girls-football-108647
ourparks_108648_1382,Our Parks,Our Parks,Under 11s Girls' Football,Team Sports,Football,True,0.0,Roxbourne Park,HA5 1JF,Harrow,51.5754739,-0.3832202,09:00,10:00,,1,False,https://ourparks.org.uk/borough/under-11s-girls-football-108648
ourparks_108649_1383,Our Parks,Our Parks,Under 11s Girls' Football,Team Sports,Football,True,0.0,Roxbourne Park,HA5 1JF,Harrow,51.5754739,-0.3832202,09:00,10:00,,1,False,https://ourparks.org.uk/borough/under-11s-girls-football-108649
ourparks_108650_1384,Our Parks,Our Parks,Under 11s Girls' Football,Team Sports,Football,True,0.0,Roxbourne Park,HA5 1JF,Harrow,51.5754739,-0.3832202,09:00,10:00,,1,False,https://ourparks.org.uk/borough/under-11s-girls-football-108650
ourparks_108651_1385,Our Parks,Our Parks,Under 11s Girls' Football,Team Sports,Football,True,0.0,Roxbourne Park,HA5 1JF,Harrow,51.5754739,-0.3832202,09:00,10:00,,1,False,https://ourparks.org.uk/borough/under-11s-girls-football-108651
ourparks_108652_1386,Our Parks,Our Parks,Under 11s Girls' Football,Team Sports,Football,True,0.0,Roxbourne Park,HA5 1JF,Harrow,51.5754739,-0.3832202,09:00,10:00,,1,False,https://ourparks.org.uk/borough/under-11s-girls-football-108652
ourparks_108656_1387,Our Parks,Our Parks,Under 15s Girls' Football,Team Sports,Football,True,0.0,Roxbourne Park,HA5 1JF,Harrow,51.5754739,-0.3832202,10:00,11:00,,1,False,https://ourparks.org.uk/borough/under-15s-girls-football-108656
ourparks_108657_1388,Our Parks,Our Parks,Under 15s Girls' Football,Team Sports,Football,True,0.0,Roxbourne Park,HA5 1JF,Harrow,51.5754739,-0.3832202,10:00,11:00,,1,False,https://ourparks.org.uk/borough/under-15s-girls-football-108657
ourparks_108658_1389,Our Parks,Our Parks,Under 15s Girls' Football,Team Sports,Football,True,0.0,Roxbourne Park,HA5 1JF,Harrow,51.5754739,-0.3832202,10:00,11:00,,1,False,https://ourparks.org.uk/borough/under-15s-girls-football-108658
ourparks_108659_1390,Our Parks,Our Parks,Under 15s Girls' Football,Team Sports,Football,True,0.0,Roxbourne Park,HA5 1JF,Harrow,51.5754739,-0.3832202,10:00,11:00,,1,False,https://ourparks.org.uk/borough/under-15s-girls-football-108659
ourparks_108660_1391,Our Parks,Our Parks,Under 15s Girls' Football,Team Sports,Football,True,0.0,Roxbourne Park,HA5 1JF,Harrow,51.5754739,-0.3832202,10:00,11:00,,1,False,https://ourparks.org.uk/borough/under-15s-girls-football-108660
ourparks_108661_1392,Our Parks,Our Parks,Under 15s Girls' Football,Team Sports,Football,True,0.0,Roxbourne Park,HA5 1JF,Harrow,51.5754739,-0.3832202,10:00,11:00,,1,False,https://ourparks.org.uk/borough/under-15s-girls-football-108661
ourparks_108674_1393,Our Parks,Our Parks,Bootcamp,Bootcamp & Outdoor Fitness,Bootcamp,True,0.0,Slade Green Recreational Ground,DA8 2LX,Bexley,51.469708263156,0.198783354461,09:00,10:00,,1,False,https://ourparks.org.uk/borough/bootcamp-108674
ourparks_108675_1394,Our Parks,Our Parks,Bootcamp,Bootcamp & Outdoor Fitness,Bootcamp,True,0.0,Slade Green Recreational Ground,DA8 2LX,Bexley,51.469708263156,0.198783354461,09:00,10:00,,1,False,https://ourparks.org.uk/borough/bootcamp-108675
ourparks_108676_1395,Our Parks,Our Parks,Bootcamp,Bootcamp & Outdoor Fitness,Bootcamp,True,0.0,Slade Green Recreational Ground,DA8 2LX,Bexley,51.469708263156,0.198783354461,09:00,10:00,,1,False,https://ourparks.org.uk/borough/bootcamp-108676
ourparks_108678_1396,Our Parks,Our Parks,Bootcamp,Bootcamp & Outdoor Fitness,Bootcamp,True,0.0,Beddington Park,SM6 7NN,,51.369874622426,-0.147107063538,08:30,09:30,,1,False,https://ourparks.org.uk/borough/bootcamp-108678
ourparks_108679_1397,Our Parks,Our Parks,Bootcamp,Bootcamp & Outdoor Fitness,Bootcamp,True,0.0,Beddington Park,SM6 7NN,,51.369874622426,-0.147107063538,08:30,09:30,,1,False,https://ourparks.org.uk/borough/bootcamp-108679
ourparks_108680_1398,Our Parks,Our Parks,Bootcamp,Bootcamp & Outdoor Fitness,Bootcamp,True,0.0,Beddington Park,SM6 7NN,,51.369874622426,-0.147107063538,08:30,09:30,,1,False,https://ourparks.org.uk/borough/bootcamp-108680
ourparks_108681_1399,Our Parks,Our Parks,Bootcamp,Bootcamp & Outdoor Fitness,Bootcamp,True,0.0,Beddington Park,SM6 7NN,,51.369874622426,-0.147107063538,08:30,09:30,,1,False,https://ourparks.org.uk/borough/bootcamp-108681
ourparks_108682_1400,Our Parks,Our Parks,Box Fit,Gym / Fitness,Boxing Fitness,True,0.0,Mabley Green,E9 5HS,Hackney,51.548910987039,-0.029284231249,09:00,10:00,,1,False,https://ourparks.org.uk/borough/box-fit-108682
ourparks_108683_1401,Our Parks,Our Parks,Box Fit,Gym / Fitness,Boxing Fitness,True,0.0,Mabley Green,E9 5HS,Hackney,51.548910987039,-0.029284231249,09:00,10:00,,1,False,https://ourparks.org.uk/borough/box-fit-108683
ourparks_108684_1402,Our Parks,Our Parks,Box Fit,Gym / Fitness,Boxing Fitness,True,0.0,Mabley Green,E9 5HS,Hackney,51.548910987039,-0.029284231249,09:00,10:00,,1,False,https://ourparks.org.uk/borough/box-fit-108684
ourparks_108685_1403,Our Parks,Our Parks,Box Fit,Gym / Fitness,Boxing Fitness,True,0.0,Mabley Green,E9 5HS,Hackney,51.548910987039,-0.029284231249,09:00,10:00,,1,False,https://ourparks.org.uk/borough/box-fit-108685
ourparks_105912_1404,Our Parks,Our Parks,Beginners Bootcamp,Bootcamp & Outdoor Fitness,Bootcamp,True,0.0,Walthamstow Marshes,E10 7QL,Waltham Forest,51.564823676338,-0.045328683324,08:00,09:00,,1,False,https://ourparks.org.uk/borough/beginners-bootcamp-105912
ourparks_105945_1405,Our Parks,Our Parks,"Legs, Bums & Tums (LBT)",Gym / Fitness,Abs/Core,True,0.0,Walthamstow Marshes,E10 7QL,Waltham Forest,51.564823676338,-0.045328683324,09:30,10:30,,1,False,https://ourparks.org.uk/borough/legs-bums-tums-lbt-105945
ourparks_105913_1406,Our Parks,Our Parks,Beginners Bootcamp,Bootcamp & Outdoor Fitness,Bootcamp,True,0.0,Walthamstow Marshes,E10 7QL,Waltham Forest,51.564823676338,-0.045328683324,09:00,10:00,,1,False,https://ourparks.org.uk/borough/beginners-bootcamp-105913
ourparks_104899_1407,Our Parks,Our Parks,Bootcamp,Bootcamp & Outdoor Fitness,Bootcamp,True,0.0,Hillingdon Court Park,UB10 9NT,Hillingdon,51.542145414625,-0.453846634192,09:00,10:00,,1,False,https://ourparks.org.uk/borough/bootcamp-104899
ourparks_104900_1408,Our Parks,Our Parks,Bootcamp,Bootcamp & Outdoor Fitness,Bootcamp,True,0.0,Hillingdon Court Park,UB10 9NT,Hillingdon,51.542145414625,-0.453846634192,09:00,10:00,,1,False,https://ourparks.org.uk/borough/bootcamp-104900
ourparks_104901_1409,Our Parks,Our Parks,Bootcamp,Bootcamp & Outdoor Fitness,Bootcamp,True,0.0,Hillingdon Court Park,UB10 9NT,Hillingdon,51.542145414625,-0.453846634192,09:00,10:00,,1,False,https://ourparks.org.uk/borough/bootcamp-104901
ourparks_104903_1410,Our Parks,Our Parks,Bootcamp,Bootcamp & Outdoor Fitness,Bootcamp,True,0.0,Hillingdon Court Park,UB10 9NT,Hillingdon,51.542145414625,-0.453846634192,09:00,10:00,,1,False,https://ourparks.org.uk/borough/bootcamp-104903
ourparks_104904_1411,Our Parks,Our Parks,Bootcamp,Bootcamp & Outdoor Fitness,Bootcamp,True,0.0,Hillingdon Court Park,UB10 9NT,Hillingdon,51.542145414625,-0.453846634192,09:00,10:00,,1,False,https://ourparks.org.uk/borough/bootcamp-104904
ourparks_104905_1412,Our Parks,Our Parks,Bootcamp,Bootcamp & Outdoor Fitness,Bootcamp,True,0.0,Hillingdon Court Park,UB10 9NT,Hillingdon,51.542145414625,-0.453846634192,09:00,10:00,,1,False,https://ourparks.org.uk/borough/bootcamp-104905
ourparks_104906_1413,Our Parks,Our Parks,Bootcamp,Bootcamp & Outdoor Fitness,Bootcamp,True,0.0,Hillingdon Court Park,UB10 9NT,Hillingdon,51.542145414625,-0.453846634192,09:00,10:00,,1,False,https://ourparks.org.uk/borough/bootcamp-104906
ourparks_108136_1414,Our Parks,Our Parks,Bootcamp,Bootcamp & Outdoor Fitness,Bootcamp,True,0.0,Victory Park (E20),E20 2ST,Newham,51.546291703992,-0.00978845673,09:00,10:00,,1,False,https://ourparks.org.uk/borough/bootcamp-108136
ourparks_106446_1415,Our Parks,Our Parks,Bootcamp,Bootcamp & Outdoor Fitness,Bootcamp,True,0.0,Hoblingwell Wood Recreation Ground,BR5 2QB,Bromley,51.402261016538,0.099742592442,09:00,10:00,,1,False,https://ourparks.org.uk/borough/bootcamp-106446
ourparks_108734_1416,Our Parks,Our Parks,Bootcamp,Bootcamp & Outdoor Fitness,Bootcamp,True,0.0,Hoblingwell Wood Recreation Ground,BR5 2QB,Bromley,51.402261016538,0.099742592442,09:00,10:00,,1,False,https://ourparks.org.uk/borough/bootcamp-108734
ourparks_108735_1417,Our Parks,Our Parks,Bootcamp,Bootcamp & Outdoor Fitness,Bootcamp,True,0.0,Hoblingwell Wood Recreation Ground,BR5 2QB,Bromley,51.402261016538,0.099742592442,09:00,10:00,,1,False,https://ourparks.org.uk/borough/bootcamp-108735
ourparks_108736_1418,Our Parks,Our Parks,Bootcamp,Bootcamp & Outdoor Fitness,Bootcamp,True,0.0,Hoblingwell Wood Recreation Ground,BR5 2QB,Bromley,51.402261016538,0.099742592442,09:00,10:00,,1,False,https://ourparks.org.uk/borough/bootcamp-108736
ourparks_108738_1419,Our Parks,Our Parks,Bootcamp,Bootcamp & Outdoor Fitness,Bootcamp,True,0.0,Hoblingwell Wood Recreation Ground,BR5 2QB,Bromley,51.402261016538,0.099742592442,09:00,10:00,,1,False,https://ourparks.org.uk/borough/bootcamp-108738
ourparks_108739_1420,Our Parks,Our Parks,Bootcamp,Bootcamp & Outdoor Fitness,Bootcamp,True,0.0,Hoblingwell Wood Recreation Ground,BR5 2QB,Bromley,51.402261016538,0.099742592442,09:00,10:00,,1,False,https://ourparks.org.uk/borough/bootcamp-108739
ourparks_108743_1421,Our Parks,Our Parks,Bootcamp,Bootcamp & Outdoor Fitness,Bootcamp,True,0.0,Hoblingwell Wood Recreation Ground,BR5 2QB,Bromley,51.402261016538,0.099742592442,09:00,10:00,,1,False,https://ourparks.org.uk/borough/bootcamp-108743
ourparks_108745_1422,Our Parks,Our Parks,Bootcamp,Bootcamp & Outdoor Fitness,Bootcamp,True,0.0,Hoblingwell Wood Recreation Ground,BR5 2QB,Bromley,51.402261016538,0.099742592442,09:00,10:00,,1,False,https://ourparks.org.uk/borough/bootcamp-108745
ourparks_108747_1423,Our Parks,Our Parks,Bootcamp,Bootcamp & Outdoor Fitness,Bootcamp,True,0.0,Hoblingwell Wood Recreation Ground,BR5 2QB,Bromley,51.402261016538,0.099742592442,09:00,10:00,,1,False,https://ourparks.org.uk/borough/bootcamp-108747
ourparks_108748_1424,Our Parks,Our Parks,Bootcamp,Bootcamp & Outdoor Fitness,Bootcamp,True,0.0,Hoblingwell Wood Recreation Ground,BR5 2QB,Bromley,51.402261016538,0.099742592442,09:00,10:00,,1,False,https://ourparks.org.uk/borough/bootcamp-108748
ourparks_108750_1425,Our Parks,Our Parks,Bootcamp,Bootcamp & Outdoor Fitness,Bootcamp,True,0.0,Hoblingwell Wood Recreation Ground,BR5 2QB,Bromley,51.402261016538,0.099742592442,09:00,10:00,,1,False,https://ourparks.org.uk/borough/bootcamp-108750
ourparks_108752_1426,Our Parks,Our Parks,Bootcamp,Bootcamp & Outdoor Fitness,Bootcamp,True,0.0,Hoblingwell Wood Recreation Ground,BR5 2QB,Bromley,51.402261016538,0.099742592442,09:00,10:00,,1,False,https://ourparks.org.uk/borough/bootcamp-108752
ourparks_108761_1427,Our Parks,Our Parks,Bootcamp,Bootcamp & Outdoor Fitness,Bootcamp,True,0.0,Hoblingwell Wood Recreation Ground,BR5 2QB,Bromley,51.402261016538,0.099742592442,09:00,10:00,,1,False,https://ourparks.org.uk/borough/bootcamp-108761
ourparks_108762_1428,Our Parks,Our Parks,Bootcamp,Bootcamp & Outdoor Fitness,Bootcamp,True,0.0,Hoblingwell Wood Recreation Ground,BR5 2QB,Bromley,51.402261016538,0.099742592442,09:00,10:00,,1,False,https://ourparks.org.uk/borough/bootcamp-108762
ourparks_108763_1429,Our Parks,Our Parks,Bootcamp,Bootcamp & Outdoor Fitness,Bootcamp,True,0.0,Hoblingwell Wood Recreation Ground,BR5 2QB,Bromley,51.402261016538,0.099742592442,09:00,10:00,,1,False,https://ourparks.org.uk/borough/bootcamp-108763
ourparks_108764_1430,Our Parks,Our Parks,Bootcamp,Bootcamp & Outdoor Fitness,Bootcamp,True,0.0,Hoblingwell Wood Recreation Ground,BR5 2QB,Bromley,51.402261016538,0.099742592442,09:00,10:00,,1,False,https://ourparks.org.uk/borough/bootcamp-108764
ourparks_108765_1431,Our Parks,Our Parks,Bootcamp,Bootcamp & Outdoor Fitness,Bootcamp,True,0.0,Hoblingwell Wood Recreation Ground,BR5 2QB,Bromley,51.402261016538,0.099742592442,09:00,10:00,,1,False,https://ourparks.org.uk/borough/bootcamp-108765
ourparks_108766_1432,Our Parks,Our Parks,Bootcamp,Bootcamp & Outdoor Fitness,Bootcamp,True,0.0,Hoblingwell Wood Recreation Ground,BR5 2QB,Bromley,51.402261016538,0.099742592442,09:00,10:00,,1,False,https://ourparks.org.uk/borough/bootcamp-108766
ourparks_108767_1433,Our Parks,Our Parks,Bootcamp,Bootcamp & Outdoor Fitness,Bootcamp,True,0.0,Hoblingwell Wood Recreation Ground,BR5 2QB,Bromley,51.402261016538,0.099742592442,09:00,10:00,,1,False,https://ourparks.org.uk/borough/bootcamp-108767
ourparks_108768_1434,Our Parks,Our Parks,Bootcamp,Bootcamp & Outdoor Fitness,Bootcamp,True,0.0,Hoblingwell Wood Recreation Ground,BR5 2QB,Bromley,51.402261016538,0.099742592442,09:00,10:00,,1,False,https://ourparks.org.uk/borough/bootcamp-108768
ourparks_108769_1435,Our Parks,Our Parks,Bootcamp,Bootcamp & Outdoor Fitness,Bootcamp,True,0.0,Hoblingwell Wood Recreation Ground,BR5 2QB,Bromley,51.402261016538,0.099742592442,09:00,10:00,,1,False,https://ourparks.org.uk/borough/bootcamp-108769
ourparks_108770_1436,Our Parks,Our Parks,Bootcamp,Bootcamp & Outdoor Fitness,Bootcamp,True,0.0,Hoblingwell Wood Recreation Ground,BR5 2QB,Bromley,51.402261016538,0.099742592442,09:00,10:00,,1,False,https://ourparks.org.uk/borough/bootcamp-108770
ourparks_108771_1437,Our Parks,Our Parks,Bootcamp,Bootcamp & Outdoor Fitness,Bootcamp,True,0.0,Hoblingwell Wood Recreation Ground,BR5 2QB,Bromley,51.402261016538,0.099742592442,09:00,10:00,,1,False,https://ourparks.org.uk/borough/bootcamp-108771
ourparks_108772_1438,Our Parks,Our Parks,Bootcamp,Bootcamp & Outdoor Fitness,Bootcamp,True,0.0,Hoblingwell Wood Recreation Ground,BR5 2QB,Bromley,51.402261016538,0.099742592442,09:00,10:00,,1,False,https://ourparks.org.uk/borough/bootcamp-108772
ourparks_108773_1439,Our Parks,Our Parks,Bootcamp,Bootcamp & Outdoor Fitness,Bootcamp,True,0.0,Hoblingwell Wood Recreation Ground,BR5 2QB,Bromley,51.402261016538,0.099742592442,09:00,10:00,,1,False,https://ourparks.org.uk/borough/bootcamp-108773
ourparks_108774_1440,Our Parks,Our Parks,Bootcamp,Bootcamp & Outdoor Fitness,Bootcamp,True,0.0,Hoblingwell Wood Recreation Ground,BR5 2QB,Bromley,51.402261016538,0.099742592442,09:00,10:00,,1,False,https://ourparks.org.uk/borough/bootcamp-108774
ourparks_108775_1441,Our Parks,Our Parks,Bootcamp,Bootcamp & Outdoor Fitness,Bootcamp,True,0.0,Hoblingwell Wood Recreation Ground,BR5 2QB,Bromley,51.402261016538,0.099742592442,09:00,10:00,,1,False,https://ourparks.org.uk/borough/bootcamp-108775
ourparks_108776_1442,Our Parks,Our Parks,Bootcamp,Bootcamp & Outdoor Fitness,Bootcamp,True,0.0,Hoblingwell Wood Recreation Ground,BR5 2QB,Bromley,51.402261016538,0.099742592442,09:00,10:00,,1,False,https://ourparks.org.uk/borough/bootcamp-108776
ourparks_108777_1443,Our Parks,Our Parks,Bootcamp,Bootcamp & Outdoor Fitness,Bootcamp,True,0.0,Hoblingwell Wood Recreation Ground,BR5 2QB,Bromley,51.402261016538,0.099742592442,09:00,10:00,,1,False,https://ourparks.org.uk/borough/bootcamp-108777
ourparks_98326_1444,Our Parks,Our Parks,Bootcamp,Bootcamp & Outdoor Fitness,Bootcamp,True,0.0,Harefield Village Green,UB9 6EG,Hillingdon,51.604697285476,-0.480577927343,08:30,09:30,,1,False,https://ourparks.org.uk/borough/bootcamp-98326
ourparks_98322_1445,Our Parks,Our Parks,Bootcamp,Bootcamp & Outdoor Fitness,Bootcamp,True,0.0,Harefield Village Green,UB9 6EG,Hillingdon,51.604697285476,-0.480577927343,08:30,09:30,,1,False,https://ourparks.org.uk/borough/bootcamp-98322
ourparks_98327_1446,Our Parks,Our Parks,Bootcamp,Bootcamp & Outdoor Fitness,Bootcamp,True,0.0,Harefield Village Green,UB9 6EG,Hillingdon,51.604697285476,-0.480577927343,08:30,09:30,,1,False,https://ourparks.org.uk/borough/bootcamp-98327
ourparks_105914_1447,Our Parks,Our Parks,Beginners Bootcamp,Bootcamp & Outdoor Fitness,Bootcamp,True,0.0,Walthamstow Marshes,E10 7QL,Waltham Forest,51.564823676338,-0.045328683324,09:00,10:00,,1,False,https://ourparks.org.uk/borough/beginners-bootcamp-105914
ourparks_105426_1448,Our Parks,Our Parks,Low Impact Stretch,Martial Arts,Tai Chi,True,0.0,Kingsbury Library,NW9 9HE,Brent,51.5860156,-0.2765225,13:00,14:00,,1,False,https://ourparks.org.uk/borough/low-impact-stretch-105426
ourparks_106333_1449,Our Parks,Our Parks,Low Impact Stretch,"Yoga, Pilates & Studio",Yoga,True,0.0,Slade Green and Howbury Community Library,DA8 2EL,Bexley,51.473514486295,0.191187423012,09:30,10:30,,1,False,https://ourparks.org.uk/borough/low-impact-stretch-106333
ourparks_107983_1450,Our Parks,Our Parks,"Abs, Bums & Thighs (ABT)",Gym / Fitness,Abs/Core,True,0.0,Victory Park (E20),E20 2ST,Newham,51.546291703992,-0.00978845673,17:30,18:30,,1,False,https://ourparks.org.uk/borough/abs-bums-thighs-abt-107983
ourparks_105915_1451,Our Parks,Our Parks,Beginners Bootcamp,Bootcamp & Outdoor Fitness,Bootcamp,True,0.0,Walthamstow Marshes,E10 7QL,Waltham Forest,51.564823676338,-0.045328683324,08:00,09:00,,1,False,https://ourparks.org.uk/borough/beginners-bootcamp-105915
ourparks_106300_1452,Our Parks,Our Parks,Stretch & Bend,"Yoga, Pilates & Studio",Yoga,True,0.0,Abbey Wood Recreation Ground,DA17 5ND,Bexley,51.489689281292,0.133391557591,08:15,09:15,,1,False,https://ourparks.org.uk/borough/stretch-bend-106300
ourparks_108807_1453,Our Parks,Our Parks,Bootcamp,Bootcamp & Outdoor Fitness,Bootcamp,True,0.0,Beddington Park,SM6 7NN,,51.369874622426,-0.147107063538,08:30,09:30,,1,False,https://ourparks.org.uk/borough/bootcamp-108807
ourparks_108808_1454,Our Parks,Our Parks,Bootcamp,Bootcamp & Outdoor Fitness,Bootcamp,True,0.0,Beddington Park,SM6 7NN,,51.369874622426,-0.147107063538,08:30,09:30,,1,False,https://ourparks.org.uk/borough/bootcamp-108808
ourparks_108809_1455,Our Parks,Our Parks,Bootcamp,Bootcamp & Outdoor Fitness,Bootcamp,True,0.0,Beddington Park,SM6 7NN,,51.369874622426,-0.147107063538,08:30,09:30,,1,False,https://ourparks.org.uk/borough/bootcamp-108809
ourparks_108810_1456,Our Parks,Our Parks,Bootcamp,Bootcamp & Outdoor Fitness,Bootcamp,True,0.0,Beddington Park,SM6 7NN,,51.369874622426,-0.147107063538,08:30,09:30,,1,False,https://ourparks.org.uk/borough/bootcamp-108810
ourparks_108811_1457,Our Parks,Our Parks,Bootcamp,Bootcamp & Outdoor Fitness,Bootcamp,True,0.0,Beddington Park,SM6 7NN,,51.369874622426,-0.147107063538,08:30,09:30,,1,False,https://ourparks.org.uk/borough/bootcamp-108811
ourparks_108812_1458,Our Parks,Our Parks,Bootcamp,Bootcamp & Outdoor Fitness,Bootcamp,True,0.0,Beddington Park,SM6 7NN,,51.369874622426,-0.147107063538,08:30,09:30,,1,False,https://ourparks.org.uk/borough/bootcamp-108812
ourparks_108813_1459,Our Parks,Our Parks,Bootcamp,Bootcamp & Outdoor Fitness,Bootcamp,True,0.0,Beddington Park,SM6 7NN,,51.369874622426,-0.147107063538,08:30,09:30,,1,False,https://ourparks.org.uk/borough/bootcamp-108813
ourparks_108814_1460,Our Parks,Our Parks,Bootcamp,Bootcamp & Outdoor Fitness,Bootcamp,True,0.0,Beddington Park,SM6 7NN,,51.369874622426,-0.147107063538,08:30,09:30,,1,False,https://ourparks.org.uk/borough/bootcamp-108814
ourparks_108815_1461,Our Parks,Our Parks,Bootcamp,Bootcamp & Outdoor Fitness,Bootcamp,True,0.0,Beddington Park,SM6 7NN,,51.369874622426,-0.147107063538,08:30,09:30,,1,False,https://ourparks.org.uk/borough/bootcamp-108815
ourparks_108816_1462,Our Parks,Our Parks,Bootcamp,Bootcamp & Outdoor Fitness,Bootcamp,True,0.0,Beddington Park,SM6 7NN,,51.369874622426,-0.147107063538,08:30,09:30,,1,False,https://ourparks.org.uk/borough/bootcamp-108816
ourparks_108817_1463,Our Parks,Our Parks,Bootcamp,Bootcamp & Outdoor Fitness,Bootcamp,True,0.0,Beddington Park,SM6 7NN,,51.369874622426,-0.147107063538,08:30,09:30,,1,False,https://ourparks.org.uk/borough/bootcamp-108817
ourparks_108818_1464,Our Parks,Our Parks,Bootcamp,Bootcamp & Outdoor Fitness,Bootcamp,True,0.0,Beddington Park,SM6 7NN,,51.369874622426,-0.147107063538,08:30,09:30,,1,False,https://ourparks.org.uk/borough/bootcamp-108818
ourparks_108819_1465,Our Parks,Our Parks,Bootcamp,Bootcamp & Outdoor Fitness,Bootcamp,True,0.0,Beddington Park,SM6 7NN,,51.369874622426,-0.147107063538,08:30,09:30,,1,False,https://ourparks.org.uk/borough/bootcamp-108819
ourparks_108820_1466,Our Parks,Our Parks,Bootcamp,Bootcamp & Outdoor Fitness,Bootcamp,True,0.0,Beddington Park,SM6 7NN,,51.369874622426,-0.147107063538,08:30,09:30,,1,False,https://ourparks.org.uk/borough/bootcamp-108820
ourparks_108821_1467,Our Parks,Our Parks,Bootcamp,Bootcamp & Outdoor Fitness,Bootcamp,True,0.0,Beddington Park,SM6 7NN,,51.369874622426,-0.147107063538,08:30,09:30,,1,False,https://ourparks.org.uk/borough/bootcamp-108821
ourparks_108822_1468,Our Parks,Our Parks,Bootcamp,Bootcamp & Outdoor Fitness,Bootcamp,True,0.0,Beddington Park,SM6 7NN,,51.369874622426,-0.147107063538,08:30,09:30,,1,False,https://ourparks.org.uk/borough/bootcamp-108822
ourparks_108823_1469,Our Parks,Our Parks,Bootcamp,Bootcamp & Outdoor Fitness,Bootcamp,True,0.0,Beddington Park,SM6 7NN,,51.369874622426,-0.147107063538,08:30,09:30,,1,False,https://ourparks.org.uk/borough/bootcamp-108823
ourparks_108824_1470,Our Parks,Our Parks,Bootcamp,Bootcamp & Outdoor Fitness,Bootcamp,True,0.0,Beddington Park,SM6 7NN,,51.369874622426,-0.147107063538,08:30,09:30,,1,False,https://ourparks.org.uk/borough/bootcamp-108824
ourparks_108825_1471,Our Parks,Our Parks,Bootcamp,Bootcamp & Outdoor Fitness,Bootcamp,True,0.0,Beddington Park,SM6 7NN,,51.369874622426,-0.147107063538,08:30,09:30,,1,False,https://ourparks.org.uk/borough/bootcamp-108825
ourparks_108826_1472,Our Parks,Our Parks,Bootcamp,Bootcamp & Outdoor Fitness,Bootcamp,True,0.0,Beddington Park,SM6 7NN,,51.369874622426,-0.147107063538,08:30,09:30,,1,False,https://ourparks.org.uk/borough/bootcamp-108826
ourparks_108827_1473,Our Parks,Our Parks,Bootcamp,Bootcamp & Outdoor Fitness,Bootcamp,True,0.0,Beddington Park,SM6 7NN,,51.369874622426,-0.147107063538,08:30,09:30,,1,False,https://ourparks.org.uk/borough/bootcamp-108827
ourparks_108828_1474,Our Parks,Our Parks,Bootcamp,Bootcamp & Outdoor Fitness,Bootcamp,True,0.0,Beddington Park,SM6 7NN,,51.369874622426,-0.147107063538,08:30,09:30,,1,False,https://ourparks.org.uk/borough/bootcamp-108828
ourparks_108829_1475,Our Parks,Our Parks,Bootcamp,Bootcamp & Outdoor Fitness,Bootcamp,True,0.0,Beddington Park,SM6 7NN,,51.369874622426,-0.147107063538,08:30,09:30,,1,False,https://ourparks.org.uk/borough/bootcamp-108829
ourparks_108830_1476,Our Parks,Our Parks,Bootcamp,Bootcamp & Outdoor Fitness,Bootcamp,True,0.0,Beddington Park,SM6 7NN,,51.369874622426,-0.147107063538,08:30,09:30,,1,False,https://ourparks.org.uk/borough/bootcamp-108830
ourparks_108831_1477,Our Parks,Our Parks,Bootcamp,Bootcamp & Outdoor Fitness,Bootcamp,True,0.0,Beddington Park,SM6 7NN,,51.369874622426,-0.147107063538,08:30,09:30,,1,False,https://ourparks.org.uk/borough/bootcamp-108831
ourparks_108832_1478,Our Parks,Our Parks,Bootcamp,Bootcamp & Outdoor Fitness,Bootcamp,True,0.0,Beddington Park,SM6 7NN,,51.369874622426,-0.147107063538,08:30,09:30,,1,False,https://ourparks.org.uk/borough/bootcamp-108832
ourparks_108833_1479,Our Parks,Our Parks,Bootcamp,Bootcamp & Outdoor Fitness,Bootcamp,True,0.0,Beddington Park,SM6 7NN,,51.369874622426,-0.147107063538,08:30,09:30,,1,False,https://ourparks.org.uk/borough/bootcamp-108833
ourparks_108677_1480,Our Parks,Our Parks,Bootcamp,Bootcamp & Outdoor Fitness,Bootcamp,True,0.0,Slade Green Recreational Ground,DA8 2LX,Bexley,51.469708263156,0.198783354461,09:00,10:00,,1,False,https://ourparks.org.uk/borough/bootcamp-108677
ourparks_108786_1481,Our Parks,Our Parks,Bootcamp,Bootcamp & Outdoor Fitness,Bootcamp,True,0.0,Slade Green Recreational Ground,DA8 2LX,Bexley,51.469708263156,0.198783354461,09:00,10:00,,1,False,https://ourparks.org.uk/borough/bootcamp-108786
ourparks_108787_1482,Our Parks,Our Parks,Bootcamp,Bootcamp & Outdoor Fitness,Bootcamp,True,0.0,Slade Green Recreational Ground,DA8 2LX,Bexley,51.469708263156,0.198783354461,09:00,10:00,,1,False,https://ourparks.org.uk/borough/bootcamp-108787
ourparks_108788_1483,Our Parks,Our Parks,Bootcamp,Bootcamp & Outdoor Fitness,Bootcamp,True,0.0,Slade Green Recreational Ground,DA8 2LX,Bexley,51.469708263156,0.198783354461,09:00,10:00,,1,False,https://ourparks.org.uk/borough/bootcamp-108788
ourparks_108789_1484,Our Parks,Our Parks,Bootcamp,Bootcamp & Outdoor Fitness,Bootcamp,True,0.0,Slade Green Recreational Ground,DA8 2LX,Bexley,51.469708263156,0.198783354461,09:00,10:00,,1,False,https://ourparks.org.uk/borough/bootcamp-108789
ourparks_108790_1485,Our Parks,Our Parks,Bootcamp,Bootcamp & Outdoor Fitness,Bootcamp,True,0.0,Slade Green Recreational Ground,DA8 2LX,Bexley,51.469708263156,0.198783354461,09:00,10:00,,1,False,https://ourparks.org.uk/borough/bootcamp-108790
ourparks_108791_1486,Our Parks,Our Parks,Bootcamp,Bootcamp & Outdoor Fitness,Bootcamp,True,0.0,Slade Green Recreational Ground,DA8 2LX,Bexley,51.469708263156,0.198783354461,09:00,10:00,,1,False,https://ourparks.org.uk/borough/bootcamp-108791
ourparks_108792_1487,Our Parks,Our Parks,Bootcamp,Bootcamp & Outdoor Fitness,Bootcamp,True,0.0,Slade Green Recreational Ground,DA8 2LX,Bexley,51.469708263156,0.198783354461,09:00,10:00,,1,False,https://ourparks.org.uk/borough/bootcamp-108792
ourparks_104902_1488,Our Parks,Our Parks,Bootcamp,Bootcamp & Outdoor Fitness,Bootcamp,True,0.0,Hillingdon Court Park,UB10 9NT,Hillingdon,51.542145414625,-0.453846634192,09:00,10:00,,1,False,https://ourparks.org.uk/borough/bootcamp-104902
ourparks_105419_1489,Our Parks,Our Parks,Low Impact Stretch,Martial Arts,Tai Chi,True,0.0,Kingsbury Library,NW9 9HE,Brent,51.5860156,-0.2765225,13:00,14:00,,1,False,https://ourparks.org.uk/borough/low-impact-stretch-105419
ourparks_106301_1490,Our Parks,Our Parks,Stretch & Bend,"Yoga, Pilates & Studio",Yoga,True,0.0,Abbey Wood Recreation Ground,DA17 5ND,Bexley,51.489689281292,0.133391557591,08:15,09:15,,1,False,https://ourparks.org.uk/borough/stretch-bend-106301
ourparks_106885_1491,Our Parks,Our Parks,HIIT,Gym / Fitness,HIIT,True,0.0,Belvedere Recreation Ground (South),DA17 5EW,Bexley,51.483608256965,0.144812887406,09:00,10:00,,1,False,https://ourparks.org.uk/borough/hiit-106885
ourparks_106787_1492,Our Parks,Our Parks,Beginners Bootcamp,Bootcamp & Outdoor Fitness,Bootcamp,True,0.0,Danson Park,DA6 8HL,Bexley,51.457714156037,0.117872564391,09:00,10:00,,1,False,https://ourparks.org.uk/borough/beginners-bootcamp-106787
ourparks_103933_1493,Our Parks,Our Parks,"Women & Girls ABT (Abs, Bums & Thighs)",Gym / Fitness,Abs/Core,True,0.0,Queens Park Gardens,W10 4QH,Westminster,51.5284574,-0.2089447,08:30,09:30,,1,False,https://ourparks.org.uk/borough/women-girls-abt-abs-bums-thighs-103933
ourparks_105214_1494,Our Parks,Our Parks,Walking Tai Chi,Martial Arts,Tai Chi,True,0.0,Roe Green Park,NW9 9HA,Brent,51.586109971363,-0.269687067103,09:00,10:00,,1,False,https://ourparks.org.uk/borough/walking-tai-chi-105214
ourparks_105215_1495,Our Parks,Our Parks,Walking Tai Chi,Martial Arts,Tai Chi,True,0.0,Roe Green Park,NW9 9HA,Brent,51.586109971363,-0.269687067103,09:00,10:00,,1,False,https://ourparks.org.uk/borough/walking-tai-chi-105215
ourparks_105216_1496,Our Parks,Our Parks,Walking Tai Chi,Martial Arts,Tai Chi,True,0.0,Roe Green Park,NW9 9HA,Brent,51.586109971363,-0.269687067103,09:00,10:00,,1,False,https://ourparks.org.uk/borough/walking-tai-chi-105216
ourparks_105217_1497,Our Parks,Our Parks,Walking Tai Chi,Martial Arts,Tai Chi,True,0.0,Roe Green Park,NW9 9HA,Brent,51.586109971363,-0.269687067103,09:00,10:00,,1,False,https://ourparks.org.uk/borough/walking-tai-chi-105217
ourparks_105218_1498,Our Parks,Our Parks,Walking Tai Chi,Martial Arts,Tai Chi,True,0.0,Roe Green Park,NW9 9HA,Brent,51.586109971363,-0.269687067103,09:00,10:00,,1,False,https://ourparks.org.uk/borough/walking-tai-chi-105218
ourparks_105219_1499,Our Parks,Our Parks,Walking Tai Chi,Martial Arts,Tai Chi,True,0.0,Roe Green Park,NW9 9HA,Brent,51.586109971363,-0.269687067103,09:00,10:00,,1,False,https://ourparks.org.uk/borough/walking-tai-chi-105219
ourparks_105220_1500,Our Parks,Our Parks,Walking Tai Chi,Martial Arts,Tai Chi,True,0.0,Roe Green Park,NW9 9HA,Brent,51.586109971363,-0.269687067103,09:00,10:00,,1,False,https://ourparks.org.uk/borough/walking-tai-chi-105220
ourparks_105221_1501,Our Parks,Our Parks,Walking Tai Chi,Martial Arts,Tai Chi,True,0.0,Roe Green Park,NW9 9HA,Brent,51.586109971363,-0.269687067103,09:00,10:00,,1,False,https://ourparks.org.uk/borough/walking-tai-chi-105221
ourparks_105222_1502,Our Parks,Our Parks,Walking Tai Chi,Martial Arts,Tai Chi,True,0.0,Roe Green Park,NW9 9HA,Brent,51.586109971363,-0.269687067103,09:00,10:00,,1,False,https://ourparks.org.uk/borough/walking-tai-chi-105222
ourparks_105223_1503,Our Parks,Our Parks,Walking Tai Chi,Martial Arts,Tai Chi,True,0.0,Roe Green Park,NW9 9HA,Brent,51.586109971363,-0.269687067103,09:00,10:00,,1,False,https://ourparks.org.uk/borough/walking-tai-chi-105223
ourparks_105224_1504,Our Parks,Our Parks,Walking Tai Chi,Martial Arts,Tai Chi,True,0.0,Roe Green Park,NW9 9HA,Brent,51.586109971363,-0.269687067103,09:00,10:00,,1,False,https://ourparks.org.uk/borough/walking-tai-chi-105224
ourparks_105225_1505,Our Parks,Our Parks,Walking Tai Chi,Martial Arts,Tai Chi,True,0.0,Roe Green Park,NW9 9HA,Brent,51.586109971363,-0.269687067103,09:00,10:00,,1,False,https://ourparks.org.uk/borough/walking-tai-chi-105225
ourparks_105226_1506,Our Parks,Our Parks,Walking Tai Chi,Martial Arts,Tai Chi,True,0.0,Roe Green Park,NW9 9HA,Brent,51.586109971363,-0.269687067103,09:00,10:00,,1,False,https://ourparks.org.uk/borough/walking-tai-chi-105226
ourparks_105227_1507,Our Parks,Our Parks,Walking Tai Chi,Martial Arts,Tai Chi,True,0.0,Roe Green Park,NW9 9HA,Brent,51.586109971363,-0.269687067103,09:00,10:00,,1,False,https://ourparks.org.uk/borough/walking-tai-chi-105227
ourparks_105228_1508,Our Parks,Our Parks,Walking Tai Chi,Martial Arts,Tai Chi,True,0.0,Roe Green Park,NW9 9HA,Brent,51.586109971363,-0.269687067103,09:00,10:00,,1,False,https://ourparks.org.uk/borough/walking-tai-chi-105228
ourparks_105229_1509,Our Parks,Our Parks,Walking Tai Chi,Martial Arts,Tai Chi,True,0.0,Roe Green Park,NW9 9HA,Brent,51.586109971363,-0.269687067103,09:00,10:00,,1,False,https://ourparks.org.uk/borough/walking-tai-chi-105229
ourparks_105230_1510,Our Parks,Our Parks,Walking Tai Chi,Martial Arts,Tai Chi,True,0.0,Roe Green Park,NW9 9HA,Brent,51.586109971363,-0.269687067103,09:00,10:00,,1,False,https://ourparks.org.uk/borough/walking-tai-chi-105230
ourparks_105313_1511,Our Parks,Our Parks,Yoga,"Yoga, Pilates & Studio",Yoga,True,0.0,Willesden Library,NW10 2SF,Brent,51.546774,-0.2289203,13:30,14:30,,1,False,https://ourparks.org.uk/borough/yoga-105313
ourparks_105367_1512,Our Parks,Our Parks,Yoga,"Yoga, Pilates & Studio",Yoga,True,0.0,Willesden Library,NW10 2SF,Brent,51.546774,-0.2289203,14:30,15:30,,1,False,https://ourparks.org.uk/borough/yoga-105367
ourparks_108859_1513,Our Parks,Our Parks,Beginners Bootcamp,Bootcamp & Outdoor Fitness,Bootcamp,True,0.0,Sutton & Epsom RFC,SM2 7NF,Sutton,51.349432,-0.2225745,17:00,18:00,,1,False,https://ourparks.org.uk/borough/beginners-bootcamp-108859
ourparks_107731_1514,Our Parks,Our Parks,RISE & SHINE LIVE YOGA,"Yoga, Pilates & Studio",Yoga,True,0.0,Our Parks Live,KT2 7EW,,51.5161826,-0.1735317,06:30,07:30,,1,True,https://ourparks.org.uk/borough/rise-shine-live-yoga-107731
ourparks_107732_1515,Our Parks,Our Parks,RISE & SHINE LIVE YOGA,"Yoga, Pilates & Studio",Yoga,True,0.0,Our Parks Live,KT2 7EW,,51.5161826,-0.1735317,06:30,07:30,,1,True,https://ourparks.org.uk/borough/rise-shine-live-yoga-107732
ourparks_108860_1516,Our Parks,Our Parks,Beginners Bootcamp,Bootcamp & Outdoor Fitness,Bootcamp,True,0.0,Sutton & Epsom RFC,SM2 7NF,Sutton,51.349432,-0.2225745,17:00,18:00,,1,False,https://ourparks.org.uk/borough/beginners-bootcamp-108860
ourparks_108862_1517,Our Parks,Our Parks,Beginners Bootcamp,Bootcamp & Outdoor Fitness,Bootcamp,True,0.0,Sutton & Epsom RFC,SM2 7NF,Sutton,51.349432,-0.2225745,17:00,18:00,,1,False,https://ourparks.org.uk/borough/beginners-bootcamp-108862
ourparks_108863_1518,Our Parks,Our Parks,Beginners Bootcamp,Bootcamp & Outdoor Fitness,Bootcamp,True,0.0,Sutton & Epsom RFC,SM2 7NF,Sutton,51.349432,-0.2225745,17:00,18:00,,1,False,https://ourparks.org.uk/borough/beginners-bootcamp-108863
ourparks_108865_1519,Our Parks,Our Parks,Beginners Bootcamp,Bootcamp & Outdoor Fitness,Bootcamp,True,0.0,Sutton & Epsom RFC,SM2 7NF,Sutton,51.349432,-0.2225745,17:00,18:00,,1,False,https://ourparks.org.uk/borough/beginners-bootcamp-108865
ourparks_108866_1520,Our Parks,Our Parks,Beginners Bootcamp,Bootcamp & Outdoor Fitness,Bootcamp,True,0.0,Sutton & Epsom RFC,SM2 7NF,Sutton,51.349432,-0.2225745,17:00,18:00,,1,False,https://ourparks.org.uk/borough/beginners-bootcamp-108866
ourparks_106987_1521,Our Parks,Our Parks,Back to Exercise,Group Exercise,Group Exercise,True,0.0,Foots Cray Meadows,DA14 4PS,Bexley,51.432911516763,0.134709314101,08:30,09:30,,1,False,https://ourparks.org.uk/borough/back-exercise-106987
ourparks_106988_1522,Our Parks,Our Parks,Back to Exercise,Group Exercise,Group Exercise,True,0.0,Foots Cray Meadows,DA14 4PS,Bexley,51.432911516763,0.134709314101,08:30,09:30,,1,False,https://ourparks.org.uk/borough/back-exercise-106988
ourparks_106989_1523,Our Parks,Our Parks,Back to Exercise,Group Exercise,Group Exercise,True,0.0,Foots Cray Meadows,DA14 4PS,Bexley,51.432911516763,0.134709314101,08:30,09:30,,1,False,https://ourparks.org.uk/borough/back-exercise-106989
ourparks_106992_1524,Our Parks,Our Parks,Back to Exercise,Group Exercise,Group Exercise,True,0.0,Foots Cray Meadows,DA14 4PS,Bexley,51.432911516763,0.134709314101,08:30,09:30,,1,False,https://ourparks.org.uk/borough/back-exercise-106992
ourparks_106993_1525,Our Parks,Our Parks,Back to Exercise,Group Exercise,Group Exercise,True,0.0,Foots Cray Meadows,DA14 4PS,Bexley,51.432911516763,0.134709314101,08:30,09:30,,1,False,https://ourparks.org.uk/borough/back-exercise-106993
ourparks_106994_1526,Our Parks,Our Parks,Back to Exercise,Group Exercise,Group Exercise,True,0.0,Foots Cray Meadows,DA14 4PS,Bexley,51.432911516763,0.134709314101,08:30,09:30,,1,False,https://ourparks.org.uk/borough/back-exercise-106994
ourparks_106995_1527,Our Parks,Our Parks,Back to Exercise,Group Exercise,Group Exercise,True,0.0,Foots Cray Meadows,DA14 4PS,Bexley,51.432911516763,0.134709314101,08:30,09:30,,1,False,https://ourparks.org.uk/borough/back-exercise-106995
ourparks_107730_1528,Our Parks,Our Parks,RISE & SHINE LIVE YOGA,"Yoga, Pilates & Studio",Yoga,True,0.0,Our Parks Live,KT2 7EW,,51.5161826,-0.1735317,06:00,07:00,,1,True,https://ourparks.org.uk/borough/rise-shine-live-yoga-107730
ourparks_108873_1529,Our Parks,Our Parks,Box Fit,Gym / Fitness,Boxing Fitness,True,0.0,Fairfield Recreation Ground,KT1 2PY,Kingston upon Thames,51.4083376,-0.2987306,08:00,09:00,,1,False,https://ourparks.org.uk/borough/box-fit-108873
ourparks_108875_1530,Our Parks,Our Parks,Box Fit,Gym / Fitness,Boxing Fitness,True,0.0,Fairfield Recreation Ground,KT1 2PY,Kingston upon Thames,51.4083376,-0.2987306,08:00,09:00,,1,False,https://ourparks.org.uk/borough/box-fit-108875
ourparks_108876_1531,Our Parks,Our Parks,Box Fit,Gym / Fitness,Boxing Fitness,True,0.0,Fairfield Recreation Ground,KT1 2PY,Kingston upon Thames,51.4083376,-0.2987306,08:00,09:00,,1,False,https://ourparks.org.uk/borough/box-fit-108876
ourparks_108878_1532,Our Parks,Our Parks,Box Fit,Gym / Fitness,Boxing Fitness,True,0.0,Fairfield Recreation Ground,KT1 2PY,Kingston upon Thames,51.4083376,-0.2987306,08:00,09:00,,1,False,https://ourparks.org.uk/borough/box-fit-108878
ourparks_108879_1533,Our Parks,Our Parks,Box Fit,Gym / Fitness,Boxing Fitness,True,0.0,Fairfield Recreation Ground,KT1 2PY,Kingston upon Thames,51.4083376,-0.2987306,08:00,09:00,,1,False,https://ourparks.org.uk/borough/box-fit-108879
ourparks_108880_1534,Our Parks,Our Parks,Box Fit,Gym / Fitness,Boxing Fitness,True,0.0,Fairfield Recreation Ground,KT1 2PY,Kingston upon Thames,51.4083376,-0.2987306,08:00,09:00,,1,False,https://ourparks.org.uk/borough/box-fit-108880
ourparks_108881_1535,Our Parks,Our Parks,Box Fit,Gym / Fitness,Boxing Fitness,True,0.0,Fairfield Recreation Ground,KT1 2PY,Kingston upon Thames,51.4083376,-0.2987306,08:00,09:00,,1,False,https://ourparks.org.uk/borough/box-fit-108881
ourparks_108882_1536,Our Parks,Our Parks,Box Fit,Gym / Fitness,Boxing Fitness,True,0.0,Fairfield Recreation Ground,KT1 2PY,Kingston upon Thames,51.4083376,-0.2987306,08:00,09:00,,1,False,https://ourparks.org.uk/borough/box-fit-108882
ourparks_108883_1537,Our Parks,Our Parks,Box Fit,Gym / Fitness,Boxing Fitness,True,0.0,Fairfield Recreation Ground,KT1 2PY,Kingston upon Thames,51.4083376,-0.2987306,08:00,09:00,,1,False,https://ourparks.org.uk/borough/box-fit-108883
ourparks_108884_1538,Our Parks,Our Parks,Box Fit,Gym / Fitness,Boxing Fitness,True,0.0,Fairfield Recreation Ground,KT1 2PY,Kingston upon Thames,51.4083376,-0.2987306,08:00,09:00,,1,False,https://ourparks.org.uk/borough/box-fit-108884
ourparks_108887_1539,Our Parks,Our Parks,Box Fit,Gym / Fitness,Boxing Fitness,True,0.0,Fairfield Recreation Ground,KT1 2PY,Kingston upon Thames,51.4083376,-0.2987306,08:00,09:00,,1,False,https://ourparks.org.uk/borough/box-fit-108887
ourparks_108888_1540,Our Parks,Our Parks,Box Fit,Gym / Fitness,Boxing Fitness,True,0.0,Fairfield Recreation Ground,KT1 2PY,Kingston upon Thames,51.4083376,-0.2987306,08:00,09:00,,1,False,https://ourparks.org.uk/borough/box-fit-108888
ourparks_108889_1541,Our Parks,Our Parks,Box Fit,Gym / Fitness,Boxing Fitness,True,0.0,Fairfield Recreation Ground,KT1 2PY,Kingston upon Thames,51.4083376,-0.2987306,08:00,09:00,,1,False,https://ourparks.org.uk/borough/box-fit-108889
ourparks_108890_1542,Our Parks,Our Parks,Box Fit,Gym / Fitness,Boxing Fitness,True,0.0,Fairfield Recreation Ground,KT1 2PY,Kingston upon Thames,51.4083376,-0.2987306,08:00,09:00,,1,False,https://ourparks.org.uk/borough/box-fit-108890
ourparks_108891_1543,Our Parks,Our Parks,Box Fit,Gym / Fitness,Boxing Fitness,True,0.0,Fairfield Recreation Ground,KT1 2PY,Kingston upon Thames,51.4083376,-0.2987306,08:00,09:00,,1,False,https://ourparks.org.uk/borough/box-fit-108891
ourparks_108892_1544,Our Parks,Our Parks,Box Fit,Gym / Fitness,Boxing Fitness,True,0.0,Fairfield Recreation Ground,KT1 2PY,Kingston upon Thames,51.4083376,-0.2987306,08:00,09:00,,1,False,https://ourparks.org.uk/borough/box-fit-108892
ourparks_108893_1545,Our Parks,Our Parks,Box Fit,Gym / Fitness,Boxing Fitness,True,0.0,Fairfield Recreation Ground,KT1 2PY,Kingston upon Thames,51.4083376,-0.2987306,08:00,09:00,,1,False,https://ourparks.org.uk/borough/box-fit-108893
ourparks_108894_1546,Our Parks,Our Parks,Box Fit,Gym / Fitness,Boxing Fitness,True,0.0,Fairfield Recreation Ground,KT1 2PY,Kingston upon Thames,51.4083376,-0.2987306,08:00,09:00,,1,False,https://ourparks.org.uk/borough/box-fit-108894
ourparks_108895_1547,Our Parks,Our Parks,Box Fit,Gym / Fitness,Boxing Fitness,True,0.0,Fairfield Recreation Ground,KT1 2PY,Kingston upon Thames,51.4083376,-0.2987306,08:00,09:00,,1,False,https://ourparks.org.uk/borough/box-fit-108895
ourparks_108896_1548,Our Parks,Our Parks,Box Fit,Gym / Fitness,Boxing Fitness,True,0.0,Fairfield Recreation Ground,KT1 2PY,Kingston upon Thames,51.4083376,-0.2987306,08:00,09:00,,1,False,https://ourparks.org.uk/borough/box-fit-108896
ourparks_108897_1549,Our Parks,Our Parks,Box Fit,Gym / Fitness,Boxing Fitness,True,0.0,Fairfield Recreation Ground,KT1 2PY,Kingston upon Thames,51.4083376,-0.2987306,08:00,09:00,,1,False,https://ourparks.org.uk/borough/box-fit-108897
ourparks_108898_1550,Our Parks,Our Parks,Box Fit,Gym / Fitness,Boxing Fitness,True,0.0,Fairfield Recreation Ground,KT1 2PY,Kingston upon Thames,51.4083376,-0.2987306,08:00,09:00,,1,False,https://ourparks.org.uk/borough/box-fit-108898
ourparks_108899_1551,Our Parks,Our Parks,Box Fit,Gym / Fitness,Boxing Fitness,True,0.0,Fairfield Recreation Ground,KT1 2PY,Kingston upon Thames,51.4083376,-0.2987306,08:00,09:00,,1,False,https://ourparks.org.uk/borough/box-fit-108899
ourparks_108900_1552,Our Parks,Our Parks,Box Fit,Gym / Fitness,Boxing Fitness,True,0.0,Fairfield Recreation Ground,KT1 2PY,Kingston upon Thames,51.4083376,-0.2987306,08:00,09:00,,1,False,https://ourparks.org.uk/borough/box-fit-108900
ourparks_108901_1553,Our Parks,Our Parks,Box Fit,Gym / Fitness,Boxing Fitness,True,0.0,Fairfield Recreation Ground,KT1 2PY,Kingston upon Thames,51.4083376,-0.2987306,08:00,09:00,,1,False,https://ourparks.org.uk/borough/box-fit-108901
ourparks_108902_1554,Our Parks,Our Parks,Box Fit,Gym / Fitness,Boxing Fitness,True,0.0,Fairfield Recreation Ground,KT1 2PY,Kingston upon Thames,51.4083376,-0.2987306,08:00,09:00,,1,False,https://ourparks.org.uk/borough/box-fit-108902
ourparks_108903_1555,Our Parks,Our Parks,Box Fit,Gym / Fitness,Boxing Fitness,True,0.0,Fairfield Recreation Ground,KT1 2PY,Kingston upon Thames,51.4083376,-0.2987306,08:00,09:00,,1,False,https://ourparks.org.uk/borough/box-fit-108903
ourparks_108904_1556,Our Parks,Our Parks,Box Fit,Gym / Fitness,Boxing Fitness,True,0.0,Fairfield Recreation Ground,KT1 2PY,Kingston upon Thames,51.4083376,-0.2987306,08:00,09:00,,1,False,https://ourparks.org.uk/borough/box-fit-108904
ourparks_108905_1557,Our Parks,Our Parks,Box Fit,Gym / Fitness,Boxing Fitness,True,0.0,Fairfield Recreation Ground,KT1 2PY,Kingston upon Thames,51.4083376,-0.2987306,08:00,09:00,,1,False,https://ourparks.org.uk/borough/box-fit-108905
ourparks_108906_1558,Our Parks,Our Parks,Box Fit,Gym / Fitness,Boxing Fitness,True,0.0,Fairfield Recreation Ground,KT1 2PY,Kingston upon Thames,51.4083376,-0.2987306,08:00,09:00,,1,False,https://ourparks.org.uk/borough/box-fit-108906
ourparks_108907_1559,Our Parks,Our Parks,Box Fit,Gym / Fitness,Boxing Fitness,True,0.0,Fairfield Recreation Ground,KT1 2PY,Kingston upon Thames,51.4083376,-0.2987306,08:00,09:00,,1,False,https://ourparks.org.uk/borough/box-fit-108907
ourparks_108908_1560,Our Parks,Our Parks,Box Fit,Gym / Fitness,Boxing Fitness,True,0.0,Fairfield Recreation Ground,KT1 2PY,Kingston upon Thames,51.4083376,-0.2987306,08:00,09:00,,1,False,https://ourparks.org.uk/borough/box-fit-108908
ourparks_108909_1561,Our Parks,Our Parks,Box Fit,Gym / Fitness,Boxing Fitness,True,0.0,Fairfield Recreation Ground,KT1 2PY,Kingston upon Thames,51.4083376,-0.2987306,08:00,09:00,,1,False,https://ourparks.org.uk/borough/box-fit-108909
ourparks_108910_1562,Our Parks,Our Parks,Box Fit,Gym / Fitness,Boxing Fitness,True,0.0,Fairfield Recreation Ground,KT1 2PY,Kingston upon Thames,51.4083376,-0.2987306,08:00,09:00,,1,False,https://ourparks.org.uk/borough/box-fit-108910
ourparks_108911_1563,Our Parks,Our Parks,Box Fit,Gym / Fitness,Boxing Fitness,True,0.0,Fairfield Recreation Ground,KT1 2PY,Kingston upon Thames,51.4083376,-0.2987306,08:00,09:00,,1,False,https://ourparks.org.uk/borough/box-fit-108911
ourparks_108914_1564,Our Parks,Our Parks,Box Fit,Gym / Fitness,Boxing Fitness,True,0.0,Fairfield Recreation Ground,KT1 2PY,Kingston upon Thames,51.4083376,-0.2987306,08:00,09:00,,1,False,https://ourparks.org.uk/borough/box-fit-108914
ourparks_108915_1565,Our Parks,Our Parks,Box Fit,Gym / Fitness,Boxing Fitness,True,0.0,Fairfield Recreation Ground,KT1 2PY,Kingston upon Thames,51.4083376,-0.2987306,08:00,09:00,,1,False,https://ourparks.org.uk/borough/box-fit-108915
ourparks_108916_1566,Our Parks,Our Parks,Box Fit,Gym / Fitness,Boxing Fitness,True,0.0,Fairfield Recreation Ground,KT1 2PY,Kingston upon Thames,51.4083376,-0.2987306,08:00,09:00,,1,False,https://ourparks.org.uk/borough/box-fit-108916
ourparks_108917_1567,Our Parks,Our Parks,Box Fit,Gym / Fitness,Boxing Fitness,True,0.0,Fairfield Recreation Ground,KT1 2PY,Kingston upon Thames,51.4083376,-0.2987306,08:00,09:00,,1,False,https://ourparks.org.uk/borough/box-fit-108917
ourparks_108918_1568,Our Parks,Our Parks,Box Fit,Gym / Fitness,Boxing Fitness,True,0.0,Fairfield Recreation Ground,KT1 2PY,Kingston upon Thames,51.4083376,-0.2987306,08:00,09:00,,1,False,https://ourparks.org.uk/borough/box-fit-108918
ourparks_108919_1569,Our Parks,Our Parks,Box Fit,Gym / Fitness,Boxing Fitness,True,0.0,Fairfield Recreation Ground,KT1 2PY,Kingston upon Thames,51.4083376,-0.2987306,08:00,09:00,,1,False,https://ourparks.org.uk/borough/box-fit-108919
ourparks_108920_1570,Our Parks,Our Parks,Box Fit,Gym / Fitness,Boxing Fitness,True,0.0,Fairfield Recreation Ground,KT1 2PY,Kingston upon Thames,51.4083376,-0.2987306,08:00,09:00,,1,False,https://ourparks.org.uk/borough/box-fit-108920
ourparks_108921_1571,Our Parks,Our Parks,Box Fit,Gym / Fitness,Boxing Fitness,True,0.0,Fairfield Recreation Ground,KT1 2PY,Kingston upon Thames,51.4083376,-0.2987306,08:00,09:00,,1,False,https://ourparks.org.uk/borough/box-fit-108921
ourparks_108922_1572,Our Parks,Our Parks,Box Fit,Gym / Fitness,Boxing Fitness,True,0.0,Fairfield Recreation Ground,KT1 2PY,Kingston upon Thames,51.4083376,-0.2987306,08:00,09:00,,1,False,https://ourparks.org.uk/borough/box-fit-108922
ourparks_108923_1573,Our Parks,Our Parks,Box Fit,Gym / Fitness,Boxing Fitness,True,0.0,Fairfield Recreation Ground,KT1 2PY,Kingston upon Thames,51.4083376,-0.2987306,08:00,09:00,,1,False,https://ourparks.org.uk/borough/box-fit-108923
ourparks_108924_1574,Our Parks,Our Parks,Box Fit,Gym / Fitness,Boxing Fitness,True,0.0,Fairfield Recreation Ground,KT1 2PY,Kingston upon Thames,51.4083376,-0.2987306,08:00,09:00,,1,False,https://ourparks.org.uk/borough/box-fit-108924
ourparks_105816_1575,Our Parks,Our Parks,Beginners Bootcamp,Bootcamp & Outdoor Fitness,Bootcamp,True,0.0,Brockwell Park,SE24 0PA,Lambeth,51.452290766375,-0.105533454431,09:00,10:00,,1,False,https://ourparks.org.uk/borough/beginners-bootcamp-105816
ourparks_105817_1576,Our Parks,Our Parks,Beginners Bootcamp,Bootcamp & Outdoor Fitness,Bootcamp,True,0.0,Brockwell Park,SE24 0PA,Lambeth,51.452290766375,-0.105533454431,09:00,10:00,,1,False,https://ourparks.org.uk/borough/beginners-bootcamp-105817
ourparks_105818_1577,Our Parks,Our Parks,Beginners Bootcamp,Bootcamp & Outdoor Fitness,Bootcamp,True,0.0,Brockwell Park,SE24 0PA,Lambeth,51.452290766375,-0.105533454431,09:00,10:00,,1,False,https://ourparks.org.uk/borough/beginners-bootcamp-105818
ourparks_105819_1578,Our Parks,Our Parks,Beginners Bootcamp,Bootcamp & Outdoor Fitness,Bootcamp,True,0.0,Brockwell Park,SE24 0PA,Lambeth,51.452290766375,-0.105533454431,09:00,10:00,,1,False,https://ourparks.org.uk/borough/beginners-bootcamp-105819
ourparks_105820_1579,Our Parks,Our Parks,Beginners Bootcamp,Bootcamp & Outdoor Fitness,Bootcamp,True,0.0,Brockwell Park,SE24 0PA,Lambeth,51.452290766375,-0.105533454431,09:00,10:00,,1,False,https://ourparks.org.uk/borough/beginners-bootcamp-105820
ourparks_108975_1580,Our Parks,Our Parks,Beginners Bootcamp,Bootcamp & Outdoor Fitness,Bootcamp,True,0.0,Southmere Lake - The Link Outdoor Gym,SE2 9BS,Bexley,51.5004399,0.1221603,09:00,10:00,,1,False,https://ourparks.org.uk/borough/beginners-bootcamp-108975
ourparks_108976_1581,Our Parks,Our Parks,Beginners Bootcamp,Bootcamp & Outdoor Fitness,Bootcamp,True,0.0,Southmere Lake - The Link Outdoor Gym,SE2 9BS,Bexley,51.5004399,0.1221603,09:00,10:00,,1,False,https://ourparks.org.uk/borough/beginners-bootcamp-108976
ourparks_108977_1582,Our Parks,Our Parks,Beginners Bootcamp,Bootcamp & Outdoor Fitness,Bootcamp,True,0.0,Southmere Lake - The Link Outdoor Gym,SE2 9BS,Bexley,51.5004399,0.1221603,09:00,10:00,,1,False,https://ourparks.org.uk/borough/beginners-bootcamp-108977
ourparks_108978_1583,Our Parks,Our Parks,Beginners Bootcamp,Bootcamp & Outdoor Fitness,Bootcamp,True,0.0,Southmere Lake - The Link Outdoor Gym,SE2 9BS,Bexley,51.5004399,0.1221603,09:00,10:00,,1,False,https://ourparks.org.uk/borough/beginners-bootcamp-108978
ourparks_108979_1584,Our Parks,Our Parks,Beginners Bootcamp,Bootcamp & Outdoor Fitness,Bootcamp,True,0.0,Southmere Lake - The Link Outdoor Gym,SE2 9BS,Bexley,51.5004399,0.1221603,09:00,10:00,,1,False,https://ourparks.org.uk/borough/beginners-bootcamp-108979
ourparks_108980_1585,Our Parks,Our Parks,Beginners Bootcamp,Bootcamp & Outdoor Fitness,Bootcamp,True,0.0,Southmere Lake - The Link Outdoor Gym,SE2 9BS,Bexley,51.5004399,0.1221603,09:00,10:00,,1,False,https://ourparks.org.uk/borough/beginners-bootcamp-108980
ourparks_108981_1586,Our Parks,Our Parks,Beginners Bootcamp,Bootcamp & Outdoor Fitness,Bootcamp,True,0.0,Southmere Lake - The Link Outdoor Gym,SE2 9BS,Bexley,51.5004399,0.1221603,09:00,10:00,,1,False,https://ourparks.org.uk/borough/beginners-bootcamp-108981
ourparks_108982_1587,Our Parks,Our Parks,Beginners Bootcamp,Bootcamp & Outdoor Fitness,Bootcamp,True,0.0,Southmere Lake - The Link Outdoor Gym,SE2 9BS,Bexley,51.5004399,0.1221603,09:00,10:00,,1,False,https://ourparks.org.uk/borough/beginners-bootcamp-108982
ourparks_108983_1588,Our Parks,Our Parks,Beginners Bootcamp,Bootcamp & Outdoor Fitness,Bootcamp,True,0.0,Southmere Lake - The Link Outdoor Gym,SE2 9BS,Bexley,51.5004399,0.1221603,09:00,10:00,,1,False,https://ourparks.org.uk/borough/beginners-bootcamp-108983
ourparks_108985_1589,Our Parks,Our Parks,Beginners Bootcamp,Bootcamp & Outdoor Fitness,Bootcamp,True,0.0,Southmere Lake - The Link Outdoor Gym,SE2 9BS,Bexley,51.5004399,0.1221603,09:00,10:00,,1,False,https://ourparks.org.uk/borough/beginners-bootcamp-108985
ourparks_108986_1590,Our Parks,Our Parks,Beginners Bootcamp,Bootcamp & Outdoor Fitness,Bootcamp,True,0.0,Southmere Lake - The Link Outdoor Gym,SE2 9BS,Bexley,51.5004399,0.1221603,09:00,10:00,,1,False,https://ourparks.org.uk/borough/beginners-bootcamp-108986
ourparks_108987_1591,Our Parks,Our Parks,Beginners Bootcamp,Bootcamp & Outdoor Fitness,Bootcamp,True,0.0,Southmere Lake - The Link Outdoor Gym,SE2 9BS,Bexley,51.5004399,0.1221603,09:00,10:00,,1,False,https://ourparks.org.uk/borough/beginners-bootcamp-108987
ourparks_108988_1592,Our Parks,Our Parks,Beginners Bootcamp,Bootcamp & Outdoor Fitness,Bootcamp,True,0.0,Southmere Lake - The Link Outdoor Gym,SE2 9BS,Bexley,51.5004399,0.1221603,09:00,10:00,,1,False,https://ourparks.org.uk/borough/beginners-bootcamp-108988
ourparks_108989_1593,Our Parks,Our Parks,Beginners Bootcamp,Bootcamp & Outdoor Fitness,Bootcamp,True,0.0,Southmere Lake - The Link Outdoor Gym,SE2 9BS,Bexley,51.5004399,0.1221603,09:00,10:00,,1,False,https://ourparks.org.uk/borough/beginners-bootcamp-108989
ourparks_108990_1594,Our Parks,Our Parks,Beginners Bootcamp,Bootcamp & Outdoor Fitness,Bootcamp,True,0.0,Southmere Lake - The Link Outdoor Gym,SE2 9BS,Bexley,51.5004399,0.1221603,09:00,10:00,,1,False,https://ourparks.org.uk/borough/beginners-bootcamp-108990
ourparks_108991_1595,Our Parks,Our Parks,Beginners Bootcamp,Bootcamp & Outdoor Fitness,Bootcamp,True,0.0,Southmere Lake - The Link Outdoor Gym,SE2 9BS,Bexley,51.5004399,0.1221603,09:00,10:00,,1,False,https://ourparks.org.uk/borough/beginners-bootcamp-108991
ourparks_108992_1596,Our Parks,Our Parks,Beginners Bootcamp,Bootcamp & Outdoor Fitness,Bootcamp,True,0.0,Southmere Lake - The Link Outdoor Gym,SE2 9BS,Bexley,51.5004399,0.1221603,09:00,10:00,,1,False,https://ourparks.org.uk/borough/beginners-bootcamp-108992
ourparks_108993_1597,Our Parks,Our Parks,Beginners Bootcamp,Bootcamp & Outdoor Fitness,Bootcamp,True,0.0,Southmere Lake - The Link Outdoor Gym,SE2 9BS,Bexley,51.5004399,0.1221603,09:00,10:00,,1,False,https://ourparks.org.uk/borough/beginners-bootcamp-108993
ourparks_108994_1598,Our Parks,Our Parks,Beginners Bootcamp,Bootcamp & Outdoor Fitness,Bootcamp,True,0.0,Southmere Lake - The Link Outdoor Gym,SE2 9BS,Bexley,51.5004399,0.1221603,09:00,10:00,,1,False,https://ourparks.org.uk/borough/beginners-bootcamp-108994
ourparks_108995_1599,Our Parks,Our Parks,Beginners Bootcamp,Bootcamp & Outdoor Fitness,Bootcamp,True,0.0,Southmere Lake - The Link Outdoor Gym,SE2 9BS,Bexley,51.5004399,0.1221603,09:00,10:00,,1,False,https://ourparks.org.uk/borough/beginners-bootcamp-108995
ourparks_108997_1600,Our Parks,Our Parks,Stretch & Bend,"Yoga, Pilates & Studio",Yoga,True,0.0,Abbey Wood Recreation Ground,DA17 5ND,Bexley,51.489689281292,0.133391557591,08:15,09:15,,1,False,https://ourparks.org.uk/borough/stretch-bend-108997
ourparks_108998_1601,Our Parks,Our Parks,Stretch & Bend,"Yoga, Pilates & Studio",Yoga,True,0.0,Abbey Wood Recreation Ground,DA17 5ND,Bexley,51.489689281292,0.133391557591,08:15,09:15,,1,False,https://ourparks.org.uk/borough/stretch-bend-108998
ourparks_108999_1602,Our Parks,Our Parks,Stretch & Bend,"Yoga, Pilates & Studio",Yoga,True,0.0,Abbey Wood Recreation Ground,DA17 5ND,Bexley,51.489689281292,0.133391557591,08:15,09:15,,1,False,https://ourparks.org.uk/borough/stretch-bend-108999
ourparks_109000_1603,Our Parks,Our Parks,Stretch & Bend,"Yoga, Pilates & Studio",Yoga,True,0.0,Abbey Wood Recreation Ground,DA17 5ND,Bexley,51.489689281292,0.133391557591,08:15,09:15,,1,False,https://ourparks.org.uk/borough/stretch-bend-109000
ourparks_109002_1604,Our Parks,Our Parks,Stretch & Bend,"Yoga, Pilates & Studio",Yoga,True,0.0,Abbey Wood Recreation Ground,DA17 5ND,Bexley,51.489689281292,0.133391557591,08:15,09:15,,1,False,https://ourparks.org.uk/borough/stretch-bend-109002
ourparks_109022_1605,Our Parks,Our Parks,Beginners Bootcamp,Bootcamp & Outdoor Fitness,Bootcamp,True,0.0,Hall Place Main Field,DA5 1PQ,Bexley,51.447550001177,0.162264911019,09:00,10:00,,1,False,https://ourparks.org.uk/borough/beginners-bootcamp-109022
ourparks_109023_1606,Our Parks,Our Parks,Beginners Bootcamp,Bootcamp & Outdoor Fitness,Bootcamp,True,0.0,Hall Place Main Field,DA5 1PQ,Bexley,51.447550001177,0.162264911019,09:00,10:00,,1,False,https://ourparks.org.uk/borough/beginners-bootcamp-109023
ourparks_109024_1607,Our Parks,Our Parks,Beginners Bootcamp,Bootcamp & Outdoor Fitness,Bootcamp,True,0.0,Hall Place Main Field,DA5 1PQ,Bexley,51.447550001177,0.162264911019,09:00,10:00,,1,False,https://ourparks.org.uk/borough/beginners-bootcamp-109024
ourparks_109025_1608,Our Parks,Our Parks,Beginners Bootcamp,Bootcamp & Outdoor Fitness,Bootcamp,True,0.0,Hall Place Main Field,DA5 1PQ,Bexley,51.447550001177,0.162264911019,09:00,10:00,,1,False,https://ourparks.org.uk/borough/beginners-bootcamp-109025
ourparks_109026_1609,Our Parks,Our Parks,Beginners Bootcamp,Bootcamp & Outdoor Fitness,Bootcamp,True,0.0,Hall Place Main Field,DA5 1PQ,Bexley,51.447550001177,0.162264911019,09:00,10:00,,1,False,https://ourparks.org.uk/borough/beginners-bootcamp-109026
ourparks_109027_1610,Our Parks,Our Parks,Beginners Bootcamp,Bootcamp & Outdoor Fitness,Bootcamp,True,0.0,Hall Place Main Field,DA5 1PQ,Bexley,51.447550001177,0.162264911019,09:00,10:00,,1,False,https://ourparks.org.uk/borough/beginners-bootcamp-109027
ourparks_109028_1611,Our Parks,Our Parks,Beginners Bootcamp,Bootcamp & Outdoor Fitness,Bootcamp,True,0.0,Hall Place Main Field,DA5 1PQ,Bexley,51.447550001177,0.162264911019,09:00,10:00,,1,False,https://ourparks.org.uk/borough/beginners-bootcamp-109028
ourparks_109029_1612,Our Parks,Our Parks,Beginners Bootcamp,Bootcamp & Outdoor Fitness,Bootcamp,True,0.0,Hall Place Main Field,DA5 1PQ,Bexley,51.447550001177,0.162264911019,09:00,10:00,,1,False,https://ourparks.org.uk/borough/beginners-bootcamp-109029
ourparks_109030_1613,Our Parks,Our Parks,Beginners Bootcamp,Bootcamp & Outdoor Fitness,Bootcamp,True,0.0,Hall Place Main Field,DA5 1PQ,Bexley,51.447550001177,0.162264911019,09:00,10:00,,1,False,https://ourparks.org.uk/borough/beginners-bootcamp-109030
ourparks_109031_1614,Our Parks,Our Parks,Beginners Bootcamp,Bootcamp & Outdoor Fitness,Bootcamp,True,0.0,Hall Place Main Field,DA5 1PQ,Bexley,51.447550001177,0.162264911019,09:00,10:00,,1,False,https://ourparks.org.uk/borough/beginners-bootcamp-109031
ourparks_109032_1615,Our Parks,Our Parks,Beginners Bootcamp,Bootcamp & Outdoor Fitness,Bootcamp,True,0.0,Hall Place Main Field,DA5 1PQ,Bexley,51.447550001177,0.162264911019,09:00,10:00,,1,False,https://ourparks.org.uk/borough/beginners-bootcamp-109032
ourparks_109033_1616,Our Parks,Our Parks,Beginners Bootcamp,Bootcamp & Outdoor Fitness,Bootcamp,True,0.0,Hall Place Main Field,DA5 1PQ,Bexley,51.447550001177,0.162264911019,09:00,10:00,,1,False,https://ourparks.org.uk/borough/beginners-bootcamp-109033
ourparks_109034_1617,Our Parks,Our Parks,Beginners Bootcamp,Bootcamp & Outdoor Fitness,Bootcamp,True,0.0,Hall Place Main Field,DA5 1PQ,Bexley,51.447550001177,0.162264911019,09:00,10:00,,1,False,https://ourparks.org.uk/borough/beginners-bootcamp-109034
ourparks_109035_1618,Our Parks,Our Parks,Beginners Bootcamp,Bootcamp & Outdoor Fitness,Bootcamp,True,0.0,Hall Place Main Field,DA5 1PQ,Bexley,51.447550001177,0.162264911019,09:00,10:00,,1,False,https://ourparks.org.uk/borough/beginners-bootcamp-109035
ourparks_109036_1619,Our Parks,Our Parks,Beginners Bootcamp,Bootcamp & Outdoor Fitness,Bootcamp,True,0.0,Hall Place Main Field,DA5 1PQ,Bexley,51.447550001177,0.162264911019,09:00,10:00,,1,False,https://ourparks.org.uk/borough/beginners-bootcamp-109036
ourparks_109037_1620,Our Parks,Our Parks,Beginners Bootcamp,Bootcamp & Outdoor Fitness,Bootcamp,True,0.0,Hall Place Main Field,DA5 1PQ,Bexley,51.447550001177,0.162264911019,09:00,10:00,,1,False,https://ourparks.org.uk/borough/beginners-bootcamp-109037
ourparks_109038_1621,Our Parks,Our Parks,Beginners Bootcamp,Bootcamp & Outdoor Fitness,Bootcamp,True,0.0,Hall Place Main Field,DA5 1PQ,Bexley,51.447550001177,0.162264911019,09:00,10:00,,1,False,https://ourparks.org.uk/borough/beginners-bootcamp-109038
ourparks_109039_1622,Our Parks,Our Parks,Beginners Bootcamp,Bootcamp & Outdoor Fitness,Bootcamp,True,0.0,Hall Place Main Field,DA5 1PQ,Bexley,51.447550001177,0.162264911019,09:00,10:00,,1,False,https://ourparks.org.uk/borough/beginners-bootcamp-109039
ourparks_109040_1623,Our Parks,Our Parks,Beginners Bootcamp,Bootcamp & Outdoor Fitness,Bootcamp,True,0.0,Hall Place Main Field,DA5 1PQ,Bexley,51.447550001177,0.162264911019,09:00,10:00,,1,False,https://ourparks.org.uk/borough/beginners-bootcamp-109040
ourparks_109041_1624,Our Parks,Our Parks,Beginners Bootcamp,Bootcamp & Outdoor Fitness,Bootcamp,True,0.0,Hall Place Main Field,DA5 1PQ,Bexley,51.447550001177,0.162264911019,09:00,10:00,,1,False,https://ourparks.org.uk/borough/beginners-bootcamp-109041
ourparks_109042_1625,Our Parks,Our Parks,Beginners Bootcamp,Bootcamp & Outdoor Fitness,Bootcamp,True,0.0,Hall Place Main Field,DA5 1PQ,Bexley,51.447550001177,0.162264911019,09:00,10:00,,1,False,https://ourparks.org.uk/borough/beginners-bootcamp-109042
ourparks_109043_1626,Our Parks,Our Parks,Beginners Bootcamp,Bootcamp & Outdoor Fitness,Bootcamp,True,0.0,Hall Place Main Field,DA5 1PQ,Bexley,51.447550001177,0.162264911019,09:00,10:00,,1,False,https://ourparks.org.uk/borough/beginners-bootcamp-109043
ourparks_108737_1627,Our Parks,Our Parks,Bootcamp,Bootcamp & Outdoor Fitness,Bootcamp,True,0.0,Hoblingwell Wood Recreation Ground,BR5 2QB,Bromley,51.402261016538,0.099742592442,09:00,10:00,,1,False,https://ourparks.org.uk/borough/bootcamp-108737
ourparks_105113_1628,Our Parks,Our Parks,Back to Exercise,Gym / Fitness,Abs/Core,True,0.0,Queens Park,NW6 6LR,Brent,51.5365323,-0.2092666,09:00,10:00,,1,False,https://ourparks.org.uk/borough/back-exercise-105113
ourparks_105114_1629,Our Parks,Our Parks,Back to Exercise,Gym / Fitness,Abs/Core,True,0.0,Queens Park,NW6 6LR,Brent,51.5365323,-0.2092666,09:00,10:00,,1,False,https://ourparks.org.uk/borough/back-exercise-105114
ourparks_105115_1630,Our Parks,Our Parks,Back to Exercise,Gym / Fitness,Abs/Core,True,0.0,Queens Park,NW6 6LR,Brent,51.5365323,-0.2092666,09:00,10:00,,1,False,https://ourparks.org.uk/borough/back-exercise-105115
ourparks_105116_1631,Our Parks,Our Parks,Back to Exercise,Gym / Fitness,Abs/Core,True,0.0,Queens Park,NW6 6LR,Brent,51.5365323,-0.2092666,09:00,10:00,,1,False,https://ourparks.org.uk/borough/back-exercise-105116
ourparks_105118_1632,Our Parks,Our Parks,Back to Exercise,Gym / Fitness,Abs/Core,True,0.0,Queens Park,NW6 6LR,Brent,51.5365323,-0.2092666,09:00,10:00,,1,False,https://ourparks.org.uk/borough/back-exercise-105118
ourparks_105119_1633,Our Parks,Our Parks,Back to Exercise,Gym / Fitness,Abs/Core,True,0.0,Queens Park,NW6 6LR,Brent,51.5365323,-0.2092666,09:00,10:00,,1,False,https://ourparks.org.uk/borough/back-exercise-105119
ourparks_105120_1634,Our Parks,Our Parks,Back to Exercise,Gym / Fitness,Abs/Core,True,0.0,Queens Park,NW6 6LR,Brent,51.5365323,-0.2092666,09:00,10:00,,1,False,https://ourparks.org.uk/borough/back-exercise-105120
ourparks_105121_1635,Our Parks,Our Parks,Back to Exercise,Gym / Fitness,Abs/Core,True,0.0,Queens Park,NW6 6LR,Brent,51.5365323,-0.2092666,09:00,10:00,,1,False,https://ourparks.org.uk/borough/back-exercise-105121
ourparks_105122_1636,Our Parks,Our Parks,Back to Exercise,Gym / Fitness,Abs/Core,True,0.0,Queens Park,NW6 6LR,Brent,51.5365323,-0.2092666,09:00,10:00,,1,False,https://ourparks.org.uk/borough/back-exercise-105122
ourparks_105123_1637,Our Parks,Our Parks,Back to Exercise,Gym / Fitness,Abs/Core,True,0.0,Queens Park,NW6 6LR,Brent,51.5365323,-0.2092666,09:00,10:00,,1,False,https://ourparks.org.uk/borough/back-exercise-105123
ourparks_105124_1638,Our Parks,Our Parks,Back to Exercise,Gym / Fitness,Abs/Core,True,0.0,Queens Park,NW6 6LR,Brent,51.5365323,-0.2092666,09:00,10:00,,1,False,https://ourparks.org.uk/borough/back-exercise-105124
ourparks_105125_1639,Our Parks,Our Parks,Back to Exercise,Gym / Fitness,Abs/Core,True,0.0,Queens Park,NW6 6LR,Brent,51.5365323,-0.2092666,09:00,10:00,,1,False,https://ourparks.org.uk/borough/back-exercise-105125
ourparks_105126_1640,Our Parks,Our Parks,Back to Exercise,Gym / Fitness,Abs/Core,True,0.0,Queens Park,NW6 6LR,Brent,51.5365323,-0.2092666,09:00,10:00,,1,False,https://ourparks.org.uk/borough/back-exercise-105126
ourparks_105112_1641,Our Parks,Our Parks,Back to Exercise,Gym / Fitness,Abs/Core,True,0.0,Queens Park,NW6 6LR,Brent,51.5365323,-0.2092666,09:00,10:00,,1,False,https://ourparks.org.uk/borough/back-exercise-105112
ourparks_108740_1642,Our Parks,Our Parks,Bootcamp,Bootcamp & Outdoor Fitness,Bootcamp,True,0.0,Hoblingwell Wood Recreation Ground,BR5 2QB,Bromley,51.402261016538,0.099742592442,09:00,10:00,,1,False,https://ourparks.org.uk/borough/bootcamp-108740
ourparks_108741_1643,Our Parks,Our Parks,Bootcamp,Bootcamp & Outdoor Fitness,Bootcamp,True,0.0,Hoblingwell Wood Recreation Ground,BR5 2QB,Bromley,51.402261016538,0.099742592442,09:00,10:00,,1,False,https://ourparks.org.uk/borough/bootcamp-108741
ourparks_108742_1644,Our Parks,Our Parks,Bootcamp,Bootcamp & Outdoor Fitness,Bootcamp,True,0.0,Hoblingwell Wood Recreation Ground,BR5 2QB,Bromley,51.402261016538,0.099742592442,09:00,10:00,,1,False,https://ourparks.org.uk/borough/bootcamp-108742
ourparks_107987_1645,Our Parks,Our Parks,"Abs, Bums & Thighs (ABT)",Gym / Fitness,Abs/Core,True,0.0,Victory Park (E20),E20 2ST,Newham,51.546291703992,-0.00978845673,18:00,19:00,,1,False,https://ourparks.org.uk/borough/abs-bums-thighs-abt-107987
ourparks_105528_1646,Our Parks,Our Parks,Strength building class,"Yoga, Pilates & Studio",Yoga,True,0.0,Harlesden Library,NW10 8SE,Brent,51.538725110209,-0.25043846365,13:00,14:00,,1,False,https://ourparks.org.uk/borough/strength-building-class-105528
ourparks_109060_1647,Our Parks,Our Parks,Box Fit,Gym / Fitness,Boxing Fitness,True,0.0,Mabley Green,E9 5HS,Hackney,51.548910987039,-0.029284231249,09:00,10:00,,1,False,https://ourparks.org.uk/borough/box-fit-109060
ourparks_109061_1648,Our Parks,Our Parks,Box Fit,Gym / Fitness,Boxing Fitness,True,0.0,Mabley Green,E9 5HS,Hackney,51.548910987039,-0.029284231249,09:00,10:00,,1,False,https://ourparks.org.uk/borough/box-fit-109061
ourparks_109062_1649,Our Parks,Our Parks,Box Fit,Gym / Fitness,Boxing Fitness,True,0.0,Mabley Green,E9 5HS,Hackney,51.548910987039,-0.029284231249,09:00,10:00,,1,False,https://ourparks.org.uk/borough/box-fit-109062
ourparks_109063_1650,Our Parks,Our Parks,Box Fit,Gym / Fitness,Boxing Fitness,True,0.0,Mabley Green,E9 5HS,Hackney,51.548910987039,-0.029284231249,09:00,10:00,,1,False,https://ourparks.org.uk/borough/box-fit-109063
ourparks_104850_1651,Our Parks,Our Parks,Bootcamp,Bootcamp & Outdoor Fitness,Bootcamp,True,0.0,Barra Hall Park,UB3 2NH,Hillingdon,51.5179777,-0.4235929,09:30,10:30,,1,False,https://ourparks.org.uk/borough/bootcamp-104850
ourparks_104851_1652,Our Parks,Our Parks,Bootcamp,Bootcamp & Outdoor Fitness,Bootcamp,True,0.0,Barra Hall Park,UB3 2NH,Hillingdon,51.5179777,-0.4235929,09:30,10:30,,1,False,https://ourparks.org.uk/borough/bootcamp-104851
ourparks_104852_1653,Our Parks,Our Parks,Bootcamp,Bootcamp & Outdoor Fitness,Bootcamp,True,0.0,Barra Hall Park,UB3 2NH,Hillingdon,51.5179777,-0.4235929,09:30,10:30,,1,False,https://ourparks.org.uk/borough/bootcamp-104852
ourparks_104853_1654,Our Parks,Our Parks,Bootcamp,Bootcamp & Outdoor Fitness,Bootcamp,True,0.0,Barra Hall Park,UB3 2NH,Hillingdon,51.5179777,-0.4235929,09:30,10:30,,1,False,https://ourparks.org.uk/borough/bootcamp-104853
ourparks_104854_1655,Our Parks,Our Parks,Bootcamp,Bootcamp & Outdoor Fitness,Bootcamp,True,0.0,Barra Hall Park,UB3 2NH,Hillingdon,51.5179777,-0.4235929,09:30,10:30,,1,False,https://ourparks.org.uk/borough/bootcamp-104854
ourparks_109070_1656,Our Parks,Our Parks,Under 11s Girls' Football,Team Sports,Football,True,0.0,Roxbourne Park,HA5 1JF,Harrow,51.5754739,-0.3832202,09:00,10:00,,1,False,https://ourparks.org.uk/borough/under-11s-girls-football-109070
ourparks_109071_1657,Our Parks,Our Parks,Under 11s Girls' Football,Team Sports,Football,True,0.0,Roxbourne Park,HA5 1JF,Harrow,51.5754739,-0.3832202,09:00,10:00,,1,False,https://ourparks.org.uk/borough/under-11s-girls-football-109071
ourparks_106266_1658,Our Parks,Our Parks,Beginners HIIT,Bootcamp & Outdoor Fitness,Bootcamp,True,0.0,East Wickham Open Space,DA16 3BJ,Bexley,51.47144151112,0.103413504169,08:30,09:30,,1,False,https://ourparks.org.uk/borough/beginners-hiit-106266
ourparks_106267_1659,Our Parks,Our Parks,Beginners HIIT,Bootcamp & Outdoor Fitness,Bootcamp,True,0.0,East Wickham Open Space,DA16 3BJ,Bexley,51.47144151112,0.103413504169,08:30,09:30,,1,False,https://ourparks.org.uk/borough/beginners-hiit-106267
ourparks_106268_1660,Our Parks,Our Parks,Beginners HIIT,Bootcamp & Outdoor Fitness,Bootcamp,True,0.0,East Wickham Open Space,DA16 3BJ,Bexley,51.47144151112,0.103413504169,08:30,09:30,,1,False,https://ourparks.org.uk/borough/beginners-hiit-106268
ourparks_106269_1661,Our Parks,Our Parks,Beginners HIIT,Bootcamp & Outdoor Fitness,Bootcamp,True,0.0,East Wickham Open Space,DA16 3BJ,Bexley,51.47144151112,0.103413504169,08:30,09:30,,1,False,https://ourparks.org.uk/borough/beginners-hiit-106269
ourparks_108950_1662,Our Parks,Our Parks,Beginners HIIT,Bootcamp & Outdoor Fitness,Bootcamp,True,0.0,East Wickham Open Space,DA16 3BJ,Bexley,51.47144151112,0.103413504169,08:30,09:30,,1,False,https://ourparks.org.uk/borough/beginners-hiit-108950
ourparks_108952_1663,Our Parks,Our Parks,Beginners HIIT,Bootcamp & Outdoor Fitness,Bootcamp,True,0.0,East Wickham Open Space,DA16 3BJ,Bexley,51.47144151112,0.103413504169,08:30,09:30,,1,False,https://ourparks.org.uk/borough/beginners-hiit-108952
ourparks_108954_1664,Our Parks,Our Parks,Beginners HIIT,Bootcamp & Outdoor Fitness,Bootcamp,True,0.0,East Wickham Open Space,DA16 3BJ,Bexley,51.47144151112,0.103413504169,08:30,09:30,,1,False,https://ourparks.org.uk/borough/beginners-hiit-108954
ourparks_108956_1665,Our Parks,Our Parks,Beginners HIIT,Bootcamp & Outdoor Fitness,Bootcamp,True,0.0,East Wickham Open Space,DA16 3BJ,Bexley,51.47144151112,0.103413504169,08:30,09:30,,1,False,https://ourparks.org.uk/borough/beginners-hiit-108956
ourparks_108958_1666,Our Parks,Our Parks,Beginners HIIT,Bootcamp & Outdoor Fitness,Bootcamp,True,0.0,East Wickham Open Space,DA16 3BJ,Bexley,51.47144151112,0.103413504169,08:30,09:30,,1,False,https://ourparks.org.uk/borough/beginners-hiit-108958
ourparks_108959_1667,Our Parks,Our Parks,Beginners HIIT,Bootcamp & Outdoor Fitness,Bootcamp,True,0.0,East Wickham Open Space,DA16 3BJ,Bexley,51.47144151112,0.103413504169,08:30,09:30,,1,False,https://ourparks.org.uk/borough/beginners-hiit-108959
ourparks_108960_1668,Our Parks,Our Parks,Beginners HIIT,Bootcamp & Outdoor Fitness,Bootcamp,True,0.0,East Wickham Open Space,DA16 3BJ,Bexley,51.47144151112,0.103413504169,08:30,09:30,,1,False,https://ourparks.org.uk/borough/beginners-hiit-108960
ourparks_108961_1669,Our Parks,Our Parks,Beginners HIIT,Bootcamp & Outdoor Fitness,Bootcamp,True,0.0,East Wickham Open Space,DA16 3BJ,Bexley,51.47144151112,0.103413504169,08:30,09:30,,1,False,https://ourparks.org.uk/borough/beginners-hiit-108961
ourparks_108962_1670,Our Parks,Our Parks,Beginners HIIT,Bootcamp & Outdoor Fitness,Bootcamp,True,0.0,East Wickham Open Space,DA16 3BJ,Bexley,51.47144151112,0.103413504169,08:30,09:30,,1,False,https://ourparks.org.uk/borough/beginners-hiit-108962
ourparks_108963_1671,Our Parks,Our Parks,Beginners HIIT,Bootcamp & Outdoor Fitness,Bootcamp,True,0.0,East Wickham Open Space,DA16 3BJ,Bexley,51.47144151112,0.103413504169,08:30,09:30,,1,False,https://ourparks.org.uk/borough/beginners-hiit-108963
ourparks_108964_1672,Our Parks,Our Parks,Beginners HIIT,Bootcamp & Outdoor Fitness,Bootcamp,True,0.0,East Wickham Open Space,DA16 3BJ,Bexley,51.47144151112,0.103413504169,08:30,09:30,,1,False,https://ourparks.org.uk/borough/beginners-hiit-108964
ourparks_108965_1673,Our Parks,Our Parks,Beginners HIIT,Bootcamp & Outdoor Fitness,Bootcamp,True,0.0,East Wickham Open Space,DA16 3BJ,Bexley,51.47144151112,0.103413504169,08:30,09:30,,1,False,https://ourparks.org.uk/borough/beginners-hiit-108965
ourparks_108966_1674,Our Parks,Our Parks,Beginners HIIT,Bootcamp & Outdoor Fitness,Bootcamp,True,0.0,East Wickham Open Space,DA16 3BJ,Bexley,51.47144151112,0.103413504169,08:30,09:30,,1,False,https://ourparks.org.uk/borough/beginners-hiit-108966
ourparks_108967_1675,Our Parks,Our Parks,Beginners HIIT,Bootcamp & Outdoor Fitness,Bootcamp,True,0.0,East Wickham Open Space,DA16 3BJ,Bexley,51.47144151112,0.103413504169,08:30,09:30,,1,False,https://ourparks.org.uk/borough/beginners-hiit-108967
ourparks_108968_1676,Our Parks,Our Parks,Beginners HIIT,Bootcamp & Outdoor Fitness,Bootcamp,True,0.0,East Wickham Open Space,DA16 3BJ,Bexley,51.47144151112,0.103413504169,08:30,09:30,,1,False,https://ourparks.org.uk/borough/beginners-hiit-108968
ourparks_108969_1677,Our Parks,Our Parks,Beginners HIIT,Bootcamp & Outdoor Fitness,Bootcamp,True,0.0,East Wickham Open Space,DA16 3BJ,Bexley,51.47144151112,0.103413504169,08:30,09:30,,1,False,https://ourparks.org.uk/borough/beginners-hiit-108969
ourparks_108970_1678,Our Parks,Our Parks,Beginners HIIT,Bootcamp & Outdoor Fitness,Bootcamp,True,0.0,East Wickham Open Space,DA16 3BJ,Bexley,51.47144151112,0.103413504169,08:30,09:30,,1,False,https://ourparks.org.uk/borough/beginners-hiit-108970
ourparks_108971_1679,Our Parks,Our Parks,Beginners HIIT,Bootcamp & Outdoor Fitness,Bootcamp,True,0.0,East Wickham Open Space,DA16 3BJ,Bexley,51.47144151112,0.103413504169,08:30,09:30,,1,False,https://ourparks.org.uk/borough/beginners-hiit-108971
ourparks_108972_1680,Our Parks,Our Parks,Beginners HIIT,Bootcamp & Outdoor Fitness,Bootcamp,True,0.0,East Wickham Open Space,DA16 3BJ,Bexley,51.47144151112,0.103413504169,08:30,09:30,,1,False,https://ourparks.org.uk/borough/beginners-hiit-108972
ourparks_108973_1681,Our Parks,Our Parks,Beginners HIIT,Bootcamp & Outdoor Fitness,Bootcamp,True,0.0,East Wickham Open Space,DA16 3BJ,Bexley,51.47144151112,0.103413504169,08:30,09:30,,1,False,https://ourparks.org.uk/borough/beginners-hiit-108973
ourparks_109072_1682,Our Parks,Our Parks,"Women & Girls ABT (Abs, Bums & Thighs)",Gym / Fitness,Abs/Core,True,0.0,Queens Park Gardens,W10 4QH,Westminster,51.5284574,-0.2089447,08:30,09:30,,1,False,https://ourparks.org.uk/borough/women-girls-abt-abs-bums-thighs-109072
ourparks_109073_1683,Our Parks,Our Parks,"Women & Girls ABT (Abs, Bums & Thighs)",Gym / Fitness,Abs/Core,True,0.0,Queens Park Gardens,W10 4QH,Westminster,51.5284574,-0.2089447,08:30,09:30,,1,False,https://ourparks.org.uk/borough/women-girls-abt-abs-bums-thighs-109073
ourparks_109074_1684,Our Parks,Our Parks,"Women & Girls ABT (Abs, Bums & Thighs)",Gym / Fitness,Abs/Core,True,0.0,Queens Park Gardens,W10 4QH,Westminster,51.5284574,-0.2089447,08:30,09:30,,1,False,https://ourparks.org.uk/borough/women-girls-abt-abs-bums-thighs-109074
ourparks_109075_1685,Our Parks,Our Parks,"Women & Girls ABT (Abs, Bums & Thighs)",Gym / Fitness,Abs/Core,True,0.0,Queens Park Gardens,W10 4QH,Westminster,51.5284574,-0.2089447,08:30,09:30,,1,False,https://ourparks.org.uk/borough/women-girls-abt-abs-bums-thighs-109075
ourparks_109076_1686,Our Parks,Our Parks,"Women & Girls ABT (Abs, Bums & Thighs)",Gym / Fitness,Abs/Core,True,0.0,Queens Park Gardens,W10 4QH,Westminster,51.5284574,-0.2089447,08:30,09:30,,1,False,https://ourparks.org.uk/borough/women-girls-abt-abs-bums-thighs-109076
ourparks_109077_1687,Our Parks,Our Parks,"Women & Girls ABT (Abs, Bums & Thighs)",Gym / Fitness,Abs/Core,True,0.0,Queens Park Gardens,W10 4QH,Westminster,51.5284574,-0.2089447,08:30,09:30,,1,False,https://ourparks.org.uk/borough/women-girls-abt-abs-bums-thighs-109077
ourparks_109078_1688,Our Parks,Our Parks,"Women & Girls ABT (Abs, Bums & Thighs)",Gym / Fitness,Abs/Core,True,0.0,Queens Park Gardens,W10 4QH,Westminster,51.5284574,-0.2089447,08:30,09:30,,1,False,https://ourparks.org.uk/borough/women-girls-abt-abs-bums-thighs-109078
ourparks_109082_1689,Our Parks,Our Parks,"Women & Girls ABT (Abs, Bums & Thighs)",Gym / Fitness,Abs/Core,True,0.0,Queens Park Gardens,W10 4QH,Westminster,51.5284574,-0.2089447,08:30,09:30,,1,False,https://ourparks.org.uk/borough/women-girls-abt-abs-bums-thighs-109082
ourparks_109083_1690,Our Parks,Our Parks,"Women & Girls ABT (Abs, Bums & Thighs)",Gym / Fitness,Abs/Core,True,0.0,Queens Park Gardens,W10 4QH,Westminster,51.5284574,-0.2089447,08:30,09:30,,1,False,https://ourparks.org.uk/borough/women-girls-abt-abs-bums-thighs-109083
ourparks_109084_1691,Our Parks,Our Parks,"Women & Girls ABT (Abs, Bums & Thighs)",Gym / Fitness,Abs/Core,True,0.0,Queens Park Gardens,W10 4QH,Westminster,51.5284574,-0.2089447,08:30,09:30,,1,False,https://ourparks.org.uk/borough/women-girls-abt-abs-bums-thighs-109084
ourparks_109085_1692,Our Parks,Our Parks,"Women & Girls ABT (Abs, Bums & Thighs)",Gym / Fitness,Abs/Core,True,0.0,Queens Park Gardens,W10 4QH,Westminster,51.5284574,-0.2089447,08:30,09:30,,1,False,https://ourparks.org.uk/borough/women-girls-abt-abs-bums-thighs-109085
ourparks_109086_1693,Our Parks,Our Parks,"Women & Girls ABT (Abs, Bums & Thighs)",Gym / Fitness,Abs/Core,True,0.0,Queens Park Gardens,W10 4QH,Westminster,51.5284574,-0.2089447,08:30,09:30,,1,False,https://ourparks.org.uk/borough/women-girls-abt-abs-bums-thighs-109086
ourparks_109087_1694,Our Parks,Our Parks,"Women & Girls ABT (Abs, Bums & Thighs)",Gym / Fitness,Abs/Core,True,0.0,Queens Park Gardens,W10 4QH,Westminster,51.5284574,-0.2089447,08:30,09:30,,1,False,https://ourparks.org.uk/borough/women-girls-abt-abs-bums-thighs-109087
ourparks_109088_1695,Our Parks,Our Parks,"Women & Girls ABT (Abs, Bums & Thighs)",Gym / Fitness,Abs/Core,True,0.0,Queens Park Gardens,W10 4QH,Westminster,51.5284574,-0.2089447,08:30,09:30,,1,False,https://ourparks.org.uk/borough/women-girls-abt-abs-bums-thighs-109088
ourparks_109089_1696,Our Parks,Our Parks,"Women & Girls ABT (Abs, Bums & Thighs)",Gym / Fitness,Abs/Core,True,0.0,Queens Park Gardens,W10 4QH,Westminster,51.5284574,-0.2089447,08:30,09:30,,1,False,https://ourparks.org.uk/borough/women-girls-abt-abs-bums-thighs-109089
ourparks_109090_1697,Our Parks,Our Parks,"Women & Girls ABT (Abs, Bums & Thighs)",Gym / Fitness,Abs/Core,True,0.0,Queens Park Gardens,W10 4QH,Westminster,51.5284574,-0.2089447,08:30,09:30,,1,False,https://ourparks.org.uk/borough/women-girls-abt-abs-bums-thighs-109090
ourparks_109091_1698,Our Parks,Our Parks,"Women & Girls ABT (Abs, Bums & Thighs)",Gym / Fitness,Abs/Core,True,0.0,Queens Park Gardens,W10 4QH,Westminster,51.5284574,-0.2089447,08:30,09:30,,1,False,https://ourparks.org.uk/borough/women-girls-abt-abs-bums-thighs-109091
ourparks_109092_1699,Our Parks,Our Parks,"Women & Girls ABT (Abs, Bums & Thighs)",Gym / Fitness,Abs/Core,True,0.0,Queens Park Gardens,W10 4QH,Westminster,51.5284574,-0.2089447,08:30,09:30,,1,False,https://ourparks.org.uk/borough/women-girls-abt-abs-bums-thighs-109092
ourparks_109093_1700,Our Parks,Our Parks,"Women & Girls ABT (Abs, Bums & Thighs)",Gym / Fitness,Abs/Core,True,0.0,Queens Park Gardens,W10 4QH,Westminster,51.5284574,-0.2089447,08:30,09:30,,1,False,https://ourparks.org.uk/borough/women-girls-abt-abs-bums-thighs-109093
ourparks_109094_1701,Our Parks,Our Parks,"Women & Girls ABT (Abs, Bums & Thighs)",Gym / Fitness,Abs/Core,True,0.0,Queens Park Gardens,W10 4QH,Westminster,51.5284574,-0.2089447,08:30,09:30,,1,False,https://ourparks.org.uk/borough/women-girls-abt-abs-bums-thighs-109094
ourparks_109095_1702,Our Parks,Our Parks,"Women & Girls ABT (Abs, Bums & Thighs)",Gym / Fitness,Abs/Core,True,0.0,Queens Park Gardens,W10 4QH,Westminster,51.5284574,-0.2089447,08:30,09:30,,1,False,https://ourparks.org.uk/borough/women-girls-abt-abs-bums-thighs-109095
ourparks_109096_1703,Our Parks,Our Parks,"Women & Girls ABT (Abs, Bums & Thighs)",Gym / Fitness,Abs/Core,True,0.0,Queens Park Gardens,W10 4QH,Westminster,51.5284574,-0.2089447,08:30,09:30,,1,False,https://ourparks.org.uk/borough/women-girls-abt-abs-bums-thighs-109096
ourparks_109097_1704,Our Parks,Our Parks,"Women & Girls ABT (Abs, Bums & Thighs)",Gym / Fitness,Abs/Core,True,0.0,Queens Park Gardens,W10 4QH,Westminster,51.5284574,-0.2089447,08:30,09:30,,1,False,https://ourparks.org.uk/borough/women-girls-abt-abs-bums-thighs-109097
ourparks_109098_1705,Our Parks,Our Parks,"Women & Girls ABT (Abs, Bums & Thighs)",Gym / Fitness,Abs/Core,True,0.0,Queens Park Gardens,W10 4QH,Westminster,51.5284574,-0.2089447,08:30,09:30,,1,False,https://ourparks.org.uk/borough/women-girls-abt-abs-bums-thighs-109098
ourparks_109099_1706,Our Parks,Our Parks,"Women & Girls ABT (Abs, Bums & Thighs)",Gym / Fitness,Abs/Core,True,0.0,Queens Park Gardens,W10 4QH,Westminster,51.5284574,-0.2089447,08:30,09:30,,1,False,https://ourparks.org.uk/borough/women-girls-abt-abs-bums-thighs-109099
ourparks_109100_1707,Our Parks,Our Parks,"Women & Girls ABT (Abs, Bums & Thighs)",Gym / Fitness,Abs/Core,True,0.0,Queens Park Gardens,W10 4QH,Westminster,51.5284574,-0.2089447,08:30,09:30,,1,False,https://ourparks.org.uk/borough/women-girls-abt-abs-bums-thighs-109100
ourparks_109101_1708,Our Parks,Our Parks,"Women & Girls ABT (Abs, Bums & Thighs)",Gym / Fitness,Abs/Core,True,0.0,Queens Park Gardens,W10 4QH,Westminster,51.5284574,-0.2089447,08:30,09:30,,1,False,https://ourparks.org.uk/borough/women-girls-abt-abs-bums-thighs-109101
ourparks_109102_1709,Our Parks,Our Parks,"Women & Girls ABT (Abs, Bums & Thighs)",Gym / Fitness,Abs/Core,True,0.0,Queens Park Gardens,W10 4QH,Westminster,51.5284574,-0.2089447,08:30,09:30,,1,False,https://ourparks.org.uk/borough/women-girls-abt-abs-bums-thighs-109102
ourparks_109103_1710,Our Parks,Our Parks,"Women & Girls ABT (Abs, Bums & Thighs)",Gym / Fitness,Abs/Core,True,0.0,Queens Park Gardens,W10 4QH,Westminster,51.5284574,-0.2089447,08:30,09:30,,1,False,https://ourparks.org.uk/borough/women-girls-abt-abs-bums-thighs-109103
ourparks_109104_1711,Our Parks,Our Parks,"Women & Girls ABT (Abs, Bums & Thighs)",Gym / Fitness,Abs/Core,True,0.0,Queens Park Gardens,W10 4QH,Westminster,51.5284574,-0.2089447,08:30,09:30,,1,False,https://ourparks.org.uk/borough/women-girls-abt-abs-bums-thighs-109104
ourparks_109105_1712,Our Parks,Our Parks,"Women & Girls ABT (Abs, Bums & Thighs)",Gym / Fitness,Abs/Core,True,0.0,Queens Park Gardens,W10 4QH,Westminster,51.5284574,-0.2089447,08:30,09:30,,1,False,https://ourparks.org.uk/borough/women-girls-abt-abs-bums-thighs-109105
ourparks_109106_1713,Our Parks,Our Parks,"Women & Girls ABT (Abs, Bums & Thighs)",Gym / Fitness,Abs/Core,True,0.0,Queens Park Gardens,W10 4QH,Westminster,51.5284574,-0.2089447,08:30,09:30,,1,False,https://ourparks.org.uk/borough/women-girls-abt-abs-bums-thighs-109106
ourparks_109107_1714,Our Parks,Our Parks,"Women & Girls ABT (Abs, Bums & Thighs)",Gym / Fitness,Abs/Core,True,0.0,Queens Park Gardens,W10 4QH,Westminster,51.5284574,-0.2089447,08:30,09:30,,1,False,https://ourparks.org.uk/borough/women-girls-abt-abs-bums-thighs-109107
ourparks_109108_1715,Our Parks,Our Parks,"Women & Girls ABT (Abs, Bums & Thighs)",Gym / Fitness,Abs/Core,True,0.0,Queens Park Gardens,W10 4QH,Westminster,51.5284574,-0.2089447,08:30,09:30,,1,False,https://ourparks.org.uk/borough/women-girls-abt-abs-bums-thighs-109108
ourparks_109109_1716,Our Parks,Our Parks,"Women & Girls ABT (Abs, Bums & Thighs)",Gym / Fitness,Abs/Core,True,0.0,Queens Park Gardens,W10 4QH,Westminster,51.5284574,-0.2089447,08:30,09:30,,1,False,https://ourparks.org.uk/borough/women-girls-abt-abs-bums-thighs-109109
ourparks_109112_1717,Our Parks,Our Parks,"Women & Girls ABT (Abs, Bums & Thighs)",Gym / Fitness,Abs/Core,True,0.0,Queens Park Gardens,W10 4QH,Westminster,51.5284574,-0.2089447,08:30,09:30,,1,False,https://ourparks.org.uk/borough/women-girls-abt-abs-bums-thighs-109112
ourparks_109113_1718,Our Parks,Our Parks,"Women & Girls ABT (Abs, Bums & Thighs)",Gym / Fitness,Abs/Core,True,0.0,Queens Park Gardens,W10 4QH,Westminster,51.5284574,-0.2089447,08:30,09:30,,1,False,https://ourparks.org.uk/borough/women-girls-abt-abs-bums-thighs-109113
ourparks_109114_1719,Our Parks,Our Parks,"Women & Girls ABT (Abs, Bums & Thighs)",Gym / Fitness,Abs/Core,True,0.0,Queens Park Gardens,W10 4QH,Westminster,51.5284574,-0.2089447,08:30,09:30,,1,False,https://ourparks.org.uk/borough/women-girls-abt-abs-bums-thighs-109114
ourparks_109115_1720,Our Parks,Our Parks,"Women & Girls ABT (Abs, Bums & Thighs)",Gym / Fitness,Abs/Core,True,0.0,Queens Park Gardens,W10 4QH,Westminster,51.5284574,-0.2089447,08:30,09:30,,1,False,https://ourparks.org.uk/borough/women-girls-abt-abs-bums-thighs-109115
ourparks_109116_1721,Our Parks,Our Parks,"Women & Girls ABT (Abs, Bums & Thighs)",Gym / Fitness,Abs/Core,True,0.0,Queens Park Gardens,W10 4QH,Westminster,51.5284574,-0.2089447,08:30,09:30,,1,False,https://ourparks.org.uk/borough/women-girls-abt-abs-bums-thighs-109116
ourparks_109117_1722,Our Parks,Our Parks,"Women & Girls ABT (Abs, Bums & Thighs)",Gym / Fitness,Abs/Core,True,0.0,Queens Park Gardens,W10 4QH,Westminster,51.5284574,-0.2089447,08:30,09:30,,1,False,https://ourparks.org.uk/borough/women-girls-abt-abs-bums-thighs-109117
ourparks_109118_1723,Our Parks,Our Parks,"Women & Girls ABT (Abs, Bums & Thighs)",Gym / Fitness,Abs/Core,True,0.0,Queens Park Gardens,W10 4QH,Westminster,51.5284574,-0.2089447,08:30,09:30,,1,False,https://ourparks.org.uk/borough/women-girls-abt-abs-bums-thighs-109118
ourparks_109119_1724,Our Parks,Our Parks,"Women & Girls ABT (Abs, Bums & Thighs)",Gym / Fitness,Abs/Core,True,0.0,Queens Park Gardens,W10 4QH,Westminster,51.5284574,-0.2089447,08:30,09:30,,1,False,https://ourparks.org.uk/borough/women-girls-abt-abs-bums-thighs-109119
ourparks_109120_1725,Our Parks,Our Parks,"Women & Girls ABT (Abs, Bums & Thighs)",Gym / Fitness,Abs/Core,True,0.0,Queens Park Gardens,W10 4QH,Westminster,51.5284574,-0.2089447,08:30,09:30,,1,False,https://ourparks.org.uk/borough/women-girls-abt-abs-bums-thighs-109120
ourparks_109121_1726,Our Parks,Our Parks,"Women & Girls ABT (Abs, Bums & Thighs)",Gym / Fitness,Abs/Core,True,0.0,Queens Park Gardens,W10 4QH,Westminster,51.5284574,-0.2089447,08:30,09:30,,1,False,https://ourparks.org.uk/borough/women-girls-abt-abs-bums-thighs-109121
ourparks_109122_1727,Our Parks,Our Parks,"Women & Girls ABT (Abs, Bums & Thighs)",Gym / Fitness,Abs/Core,True,0.0,Queens Park Gardens,W10 4QH,Westminster,51.5284574,-0.2089447,08:30,09:30,,1,False,https://ourparks.org.uk/borough/women-girls-abt-abs-bums-thighs-109122
ourparks_109123_1728,Our Parks,Our Parks,"Women & Girls ABT (Abs, Bums & Thighs)",Gym / Fitness,Abs/Core,True,0.0,Queens Park Gardens,W10 4QH,Westminster,51.5284574,-0.2089447,08:30,09:30,,1,False,https://ourparks.org.uk/borough/women-girls-abt-abs-bums-thighs-109123
ourparks_109124_1729,Our Parks,Our Parks,Bootcamp,Bootcamp & Outdoor Fitness,Bootcamp,True,0.0,Queens Park Gardens,W10 4QH,Westminster,51.5284574,-0.2089447,08:30,09:30,,1,False,https://ourparks.org.uk/borough/bootcamp-109124
ourparks_109125_1730,Our Parks,Our Parks,Bootcamp,Bootcamp & Outdoor Fitness,Bootcamp,True,0.0,Queens Park Gardens,W10 4QH,Westminster,51.5284574,-0.2089447,08:30,09:30,,1,False,https://ourparks.org.uk/borough/bootcamp-109125
ourparks_109126_1731,Our Parks,Our Parks,Bootcamp,Bootcamp & Outdoor Fitness,Bootcamp,True,0.0,Queens Park Gardens,W10 4QH,Westminster,51.5284574,-0.2089447,08:30,09:30,,1,False,https://ourparks.org.uk/borough/bootcamp-109126
ourparks_109127_1732,Our Parks,Our Parks,Bootcamp,Bootcamp & Outdoor Fitness,Bootcamp,True,0.0,Queens Park Gardens,W10 4QH,Westminster,51.5284574,-0.2089447,08:30,09:30,,1,False,https://ourparks.org.uk/borough/bootcamp-109127
ourparks_109128_1733,Our Parks,Our Parks,Bootcamp,Bootcamp & Outdoor Fitness,Bootcamp,True,0.0,Queens Park Gardens,W10 4QH,Westminster,51.5284574,-0.2089447,08:30,09:30,,1,False,https://ourparks.org.uk/borough/bootcamp-109128
ourparks_109129_1734,Our Parks,Our Parks,Bootcamp,Bootcamp & Outdoor Fitness,Bootcamp,True,0.0,Queens Park Gardens,W10 4QH,Westminster,51.5284574,-0.2089447,08:30,09:30,,1,False,https://ourparks.org.uk/borough/bootcamp-109129
ourparks_109130_1735,Our Parks,Our Parks,Bootcamp,Bootcamp & Outdoor Fitness,Bootcamp,True,0.0,Queens Park Gardens,W10 4QH,Westminster,51.5284574,-0.2089447,08:30,09:30,,1,False,https://ourparks.org.uk/borough/bootcamp-109130
ourparks_109131_1736,Our Parks,Our Parks,Bootcamp,Bootcamp & Outdoor Fitness,Bootcamp,True,0.0,Queens Park Gardens,W10 4QH,Westminster,51.5284574,-0.2089447,08:30,09:30,,1,False,https://ourparks.org.uk/borough/bootcamp-109131
ourparks_109132_1737,Our Parks,Our Parks,Bootcamp,Bootcamp & Outdoor Fitness,Bootcamp,True,0.0,Queens Park Gardens,W10 4QH,Westminster,51.5284574,-0.2089447,08:30,09:30,,1,False,https://ourparks.org.uk/borough/bootcamp-109132
ourparks_109135_1738,Our Parks,Our Parks,Bootcamp,Bootcamp & Outdoor Fitness,Bootcamp,True,0.0,Queens Park Gardens,W10 4QH,Westminster,51.5284574,-0.2089447,08:30,09:30,,1,False,https://ourparks.org.uk/borough/bootcamp-109135
ourparks_109136_1739,Our Parks,Our Parks,Bootcamp,Bootcamp & Outdoor Fitness,Bootcamp,True,0.0,Queens Park Gardens,W10 4QH,Westminster,51.5284574,-0.2089447,08:30,09:30,,1,False,https://ourparks.org.uk/borough/bootcamp-109136
ourparks_109137_1740,Our Parks,Our Parks,Bootcamp,Bootcamp & Outdoor Fitness,Bootcamp,True,0.0,Queens Park Gardens,W10 4QH,Westminster,51.5284574,-0.2089447,08:30,09:30,,1,False,https://ourparks.org.uk/borough/bootcamp-109137
ourparks_109138_1741,Our Parks,Our Parks,Bootcamp,Bootcamp & Outdoor Fitness,Bootcamp,True,0.0,Queens Park Gardens,W10 4QH,Westminster,51.5284574,-0.2089447,08:30,09:30,,1,False,https://ourparks.org.uk/borough/bootcamp-109138
ourparks_109139_1742,Our Parks,Our Parks,Bootcamp,Bootcamp & Outdoor Fitness,Bootcamp,True,0.0,Queens Park Gardens,W10 4QH,Westminster,51.5284574,-0.2089447,08:30,09:30,,1,False,https://ourparks.org.uk/borough/bootcamp-109139
ourparks_109140_1743,Our Parks,Our Parks,Bootcamp,Bootcamp & Outdoor Fitness,Bootcamp,True,0.0,Queens Park Gardens,W10 4QH,Westminster,51.5284574,-0.2089447,08:30,09:30,,1,False,https://ourparks.org.uk/borough/bootcamp-109140
ourparks_109141_1744,Our Parks,Our Parks,Bootcamp,Bootcamp & Outdoor Fitness,Bootcamp,True,0.0,Queens Park Gardens,W10 4QH,Westminster,51.5284574,-0.2089447,08:30,09:30,,1,False,https://ourparks.org.uk/borough/bootcamp-109141
ourparks_109142_1745,Our Parks,Our Parks,Bootcamp,Bootcamp & Outdoor Fitness,Bootcamp,True,0.0,Queens Park Gardens,W10 4QH,Westminster,51.5284574,-0.2089447,08:30,09:30,,1,False,https://ourparks.org.uk/borough/bootcamp-109142
ourparks_109143_1746,Our Parks,Our Parks,Bootcamp,Bootcamp & Outdoor Fitness,Bootcamp,True,0.0,Queens Park Gardens,W10 4QH,Westminster,51.5284574,-0.2089447,08:30,09:30,,1,False,https://ourparks.org.uk/borough/bootcamp-109143
ourparks_109144_1747,Our Parks,Our Parks,Bootcamp,Bootcamp & Outdoor Fitness,Bootcamp,True,0.0,Queens Park Gardens,W10 4QH,Westminster,51.5284574,-0.2089447,08:30,09:30,,1,False,https://ourparks.org.uk/borough/bootcamp-109144
ourparks_109145_1748,Our Parks,Our Parks,Bootcamp,Bootcamp & Outdoor Fitness,Bootcamp,True,0.0,Queens Park Gardens,W10 4QH,Westminster,51.5284574,-0.2089447,08:30,09:30,,1,False,https://ourparks.org.uk/borough/bootcamp-109145
ourparks_109146_1749,Our Parks,Our Parks,Bootcamp,Bootcamp & Outdoor Fitness,Bootcamp,True,0.0,Queens Park Gardens,W10 4QH,Westminster,51.5284574,-0.2089447,08:30,09:30,,1,False,https://ourparks.org.uk/borough/bootcamp-109146
ourparks_109147_1750,Our Parks,Our Parks,Bootcamp,Bootcamp & Outdoor Fitness,Bootcamp,True,0.0,Queens Park Gardens,W10 4QH,Westminster,51.5284574,-0.2089447,08:30,09:30,,1,False,https://ourparks.org.uk/borough/bootcamp-109147
ourparks_109148_1751,Our Parks,Our Parks,Bootcamp,Bootcamp & Outdoor Fitness,Bootcamp,True,0.0,Queens Park Gardens,W10 4QH,Westminster,51.5284574,-0.2089447,08:30,09:30,,1,False,https://ourparks.org.uk/borough/bootcamp-109148
ourparks_109149_1752,Our Parks,Our Parks,Bootcamp,Bootcamp & Outdoor Fitness,Bootcamp,True,0.0,Queens Park Gardens,W10 4QH,Westminster,51.5284574,-0.2089447,08:30,09:30,,1,False,https://ourparks.org.uk/borough/bootcamp-109149
ourparks_109150_1753,Our Parks,Our Parks,Bootcamp,Bootcamp & Outdoor Fitness,Bootcamp,True,0.0,Queens Park Gardens,W10 4QH,Westminster,51.5284574,-0.2089447,08:30,09:30,,1,False,https://ourparks.org.uk/borough/bootcamp-109150
ourparks_109151_1754,Our Parks,Our Parks,Bootcamp,Bootcamp & Outdoor Fitness,Bootcamp,True,0.0,Queens Park Gardens,W10 4QH,Westminster,51.5284574,-0.2089447,08:30,09:30,,1,False,https://ourparks.org.uk/borough/bootcamp-109151
ourparks_109152_1755,Our Parks,Our Parks,Bootcamp,Bootcamp & Outdoor Fitness,Bootcamp,True,0.0,Queens Park Gardens,W10 4QH,Westminster,51.5284574,-0.2089447,08:30,09:30,,1,False,https://ourparks.org.uk/borough/bootcamp-109152
ourparks_109153_1756,Our Parks,Our Parks,Bootcamp,Bootcamp & Outdoor Fitness,Bootcamp,True,0.0,Queens Park Gardens,W10 4QH,Westminster,51.5284574,-0.2089447,08:30,09:30,,1,False,https://ourparks.org.uk/borough/bootcamp-109153
ourparks_109154_1757,Our Parks,Our Parks,Bootcamp,Bootcamp & Outdoor Fitness,Bootcamp,True,0.0,Queens Park Gardens,W10 4QH,Westminster,51.5284574,-0.2089447,08:30,09:30,,1,False,https://ourparks.org.uk/borough/bootcamp-109154
ourparks_109155_1758,Our Parks,Our Parks,Bootcamp,Bootcamp & Outdoor Fitness,Bootcamp,True,0.0,Queens Park Gardens,W10 4QH,Westminster,51.5284574,-0.2089447,08:30,09:30,,1,False,https://ourparks.org.uk/borough/bootcamp-109155
ourparks_109156_1759,Our Parks,Our Parks,Bootcamp,Bootcamp & Outdoor Fitness,Bootcamp,True,0.0,Queens Park Gardens,W10 4QH,Westminster,51.5284574,-0.2089447,08:30,09:30,,1,False,https://ourparks.org.uk/borough/bootcamp-109156
ourparks_109157_1760,Our Parks,Our Parks,Bootcamp,Bootcamp & Outdoor Fitness,Bootcamp,True,0.0,Queens Park Gardens,W10 4QH,Westminster,51.5284574,-0.2089447,08:30,09:30,,1,False,https://ourparks.org.uk/borough/bootcamp-109157
ourparks_109158_1761,Our Parks,Our Parks,Bootcamp,Bootcamp & Outdoor Fitness,Bootcamp,True,0.0,Queens Park Gardens,W10 4QH,Westminster,51.5284574,-0.2089447,08:30,09:30,,1,False,https://ourparks.org.uk/borough/bootcamp-109158
ourparks_109159_1762,Our Parks,Our Parks,Bootcamp,Bootcamp & Outdoor Fitness,Bootcamp,True,0.0,Queens Park Gardens,W10 4QH,Westminster,51.5284574,-0.2089447,08:30,09:30,,1,False,https://ourparks.org.uk/borough/bootcamp-109159
ourparks_109160_1763,Our Parks,Our Parks,Bootcamp,Bootcamp & Outdoor Fitness,Bootcamp,True,0.0,Queens Park Gardens,W10 4QH,Westminster,51.5284574,-0.2089447,08:30,09:30,,1,False,https://ourparks.org.uk/borough/bootcamp-109160
ourparks_109161_1764,Our Parks,Our Parks,Bootcamp,Bootcamp & Outdoor Fitness,Bootcamp,True,0.0,Queens Park Gardens,W10 4QH,Westminster,51.5284574,-0.2089447,08:30,09:30,,1,False,https://ourparks.org.uk/borough/bootcamp-109161
ourparks_109164_1765,Our Parks,Our Parks,Bootcamp,Bootcamp & Outdoor Fitness,Bootcamp,True,0.0,Queens Park Gardens,W10 4QH,Westminster,51.5284574,-0.2089447,08:30,09:30,,1,False,https://ourparks.org.uk/borough/bootcamp-109164
ourparks_109165_1766,Our Parks,Our Parks,Bootcamp,Bootcamp & Outdoor Fitness,Bootcamp,True,0.0,Queens Park Gardens,W10 4QH,Westminster,51.5284574,-0.2089447,08:30,09:30,,1,False,https://ourparks.org.uk/borough/bootcamp-109165
ourparks_109166_1767,Our Parks,Our Parks,Bootcamp,Bootcamp & Outdoor Fitness,Bootcamp,True,0.0,Queens Park Gardens,W10 4QH,Westminster,51.5284574,-0.2089447,08:30,09:30,,1,False,https://ourparks.org.uk/borough/bootcamp-109166
ourparks_109167_1768,Our Parks,Our Parks,Bootcamp,Bootcamp & Outdoor Fitness,Bootcamp,True,0.0,Queens Park Gardens,W10 4QH,Westminster,51.5284574,-0.2089447,08:30,09:30,,1,False,https://ourparks.org.uk/borough/bootcamp-109167
ourparks_109168_1769,Our Parks,Our Parks,Bootcamp,Bootcamp & Outdoor Fitness,Bootcamp,True,0.0,Queens Park Gardens,W10 4QH,Westminster,51.5284574,-0.2089447,08:30,09:30,,1,False,https://ourparks.org.uk/borough/bootcamp-109168
ourparks_109169_1770,Our Parks,Our Parks,Bootcamp,Bootcamp & Outdoor Fitness,Bootcamp,True,0.0,Queens Park Gardens,W10 4QH,Westminster,51.5284574,-0.2089447,08:30,09:30,,1,False,https://ourparks.org.uk/borough/bootcamp-109169
ourparks_109170_1771,Our Parks,Our Parks,Bootcamp,Bootcamp & Outdoor Fitness,Bootcamp,True,0.0,Queens Park Gardens,W10 4QH,Westminster,51.5284574,-0.2089447,08:30,09:30,,1,False,https://ourparks.org.uk/borough/bootcamp-109170
ourparks_109171_1772,Our Parks,Our Parks,Bootcamp,Bootcamp & Outdoor Fitness,Bootcamp,True,0.0,Queens Park Gardens,W10 4QH,Westminster,51.5284574,-0.2089447,08:30,09:30,,1,False,https://ourparks.org.uk/borough/bootcamp-109171
ourparks_109172_1773,Our Parks,Our Parks,Bootcamp,Bootcamp & Outdoor Fitness,Bootcamp,True,0.0,Queens Park Gardens,W10 4QH,Westminster,51.5284574,-0.2089447,08:30,09:30,,1,False,https://ourparks.org.uk/borough/bootcamp-109172
ourparks_109173_1774,Our Parks,Our Parks,Bootcamp,Bootcamp & Outdoor Fitness,Bootcamp,True,0.0,Queens Park Gardens,W10 4QH,Westminster,51.5284574,-0.2089447,08:30,09:30,,1,False,https://ourparks.org.uk/borough/bootcamp-109173
ourparks_109174_1775,Our Parks,Our Parks,Bootcamp,Bootcamp & Outdoor Fitness,Bootcamp,True,0.0,Queens Park Gardens,W10 4QH,Westminster,51.5284574,-0.2089447,08:30,09:30,,1,False,https://ourparks.org.uk/borough/bootcamp-109174
ourparks_109175_1776,Our Parks,Our Parks,Bootcamp,Bootcamp & Outdoor Fitness,Bootcamp,True,0.0,Queens Park Gardens,W10 4QH,Westminster,51.5284574,-0.2089447,08:30,09:30,,1,False,https://ourparks.org.uk/borough/bootcamp-109175
ourparks_109176_1777,Our Parks,Our Parks,Bootcamp,Bootcamp & Outdoor Fitness,Bootcamp,True,0.0,Queens Park Gardens,W10 4QH,Westminster,51.5284574,-0.2089447,08:30,09:30,,1,False,https://ourparks.org.uk/borough/bootcamp-109176
ourparks_109177_1778,Our Parks,Our Parks,Bootcamp,Bootcamp & Outdoor Fitness,Bootcamp,True,0.0,Queens Park Gardens,W10 4QH,Westminster,51.5284574,-0.2089447,08:30,09:30,,1,False,https://ourparks.org.uk/borough/bootcamp-109177
ourparks_109178_1779,Our Parks,Our Parks,Bootcamp,Bootcamp & Outdoor Fitness,Bootcamp,True,0.0,Queens Park Gardens,W10 4QH,Westminster,51.5284574,-0.2089447,08:30,09:30,,1,False,https://ourparks.org.uk/borough/bootcamp-109178
ourparks_109179_1780,Our Parks,Our Parks,Bootcamp,Bootcamp & Outdoor Fitness,Bootcamp,True,0.0,Queens Park Gardens,W10 4QH,Westminster,51.5284574,-0.2089447,08:30,09:30,,1,False,https://ourparks.org.uk/borough/bootcamp-109179
ourparks_109186_1781,Our Parks,Our Parks,Bootcamp,Bootcamp & Outdoor Fitness,Bootcamp,True,0.0,Queens Park Gardens,W10 4QH,Westminster,51.5284574,-0.2089447,08:30,09:30,,1,False,https://ourparks.org.uk/borough/bootcamp-109186
ourparks_109228_1782,Our Parks,Our Parks,Bootcamp,Bootcamp & Outdoor Fitness,Bootcamp,True,0.0,Regents Park,NW1 4HG,Camden,51.534602890205,-0.14999467612,09:00,10:00,,1,False,https://ourparks.org.uk/borough/bootcamp-109228
ourparks_109229_1783,Our Parks,Our Parks,Bootcamp,Bootcamp & Outdoor Fitness,Bootcamp,True,0.0,Regents Park,NW1 4HG,Camden,51.534602890205,-0.14999467612,09:00,10:00,,1,False,https://ourparks.org.uk/borough/bootcamp-109229
ourparks_109230_1784,Our Parks,Our Parks,Bootcamp,Bootcamp & Outdoor Fitness,Bootcamp,True,0.0,Regents Park,NW1 4HG,Camden,51.534602890205,-0.14999467612,09:00,10:00,,1,False,https://ourparks.org.uk/borough/bootcamp-109230
ourparks_109231_1785,Our Parks,Our Parks,Bootcamp,Bootcamp & Outdoor Fitness,Bootcamp,True,0.0,Regents Park,NW1 4HG,Camden,51.534602890205,-0.14999467612,09:00,10:00,,1,False,https://ourparks.org.uk/borough/bootcamp-109231
ourparks_109232_1786,Our Parks,Our Parks,Bootcamp,Bootcamp & Outdoor Fitness,Bootcamp,True,0.0,Regents Park,NW1 4HG,Camden,51.534602890205,-0.14999467612,09:00,10:00,,1,False,https://ourparks.org.uk/borough/bootcamp-109232
ourparks_109233_1787,Our Parks,Our Parks,Bootcamp,Bootcamp & Outdoor Fitness,Bootcamp,True,0.0,Regents Park,NW1 4HG,Camden,51.534602890205,-0.14999467612,09:00,10:00,,1,False,https://ourparks.org.uk/borough/bootcamp-109233
ourparks_109234_1788,Our Parks,Our Parks,Bootcamp,Bootcamp & Outdoor Fitness,Bootcamp,True,0.0,Regents Park,NW1 4HG,Camden,51.534602890205,-0.14999467612,09:00,10:00,,1,False,https://ourparks.org.uk/borough/bootcamp-109234
ourparks_109235_1789,Our Parks,Our Parks,Bootcamp,Bootcamp & Outdoor Fitness,Bootcamp,True,0.0,Regents Park,NW1 4HG,Camden,51.534602890205,-0.14999467612,09:00,10:00,,1,False,https://ourparks.org.uk/borough/bootcamp-109235
ourparks_109236_1790,Our Parks,Our Parks,Bootcamp,Bootcamp & Outdoor Fitness,Bootcamp,True,0.0,Regents Park,NW1 4HG,Camden,51.534602890205,-0.14999467612,09:00,10:00,,1,False,https://ourparks.org.uk/borough/bootcamp-109236
ourparks_109239_1791,Our Parks,Our Parks,Bootcamp,Bootcamp & Outdoor Fitness,Bootcamp,True,0.0,Regents Park,NW1 4HG,Camden,51.534602890205,-0.14999467612,09:00,10:00,,1,False,https://ourparks.org.uk/borough/bootcamp-109239
ourparks_109240_1792,Our Parks,Our Parks,Bootcamp,Bootcamp & Outdoor Fitness,Bootcamp,True,0.0,Regents Park,NW1 4HG,Camden,51.534602890205,-0.14999467612,09:00,10:00,,1,False,https://ourparks.org.uk/borough/bootcamp-109240
ourparks_109241_1793,Our Parks,Our Parks,Bootcamp,Bootcamp & Outdoor Fitness,Bootcamp,True,0.0,Regents Park,NW1 4HG,Camden,51.534602890205,-0.14999467612,09:00,10:00,,1,False,https://ourparks.org.uk/borough/bootcamp-109241
ourparks_109242_1794,Our Parks,Our Parks,Bootcamp,Bootcamp & Outdoor Fitness,Bootcamp,True,0.0,Regents Park,NW1 4HG,Camden,51.534602890205,-0.14999467612,09:00,10:00,,1,False,https://ourparks.org.uk/borough/bootcamp-109242
ourparks_109243_1795,Our Parks,Our Parks,Bootcamp,Bootcamp & Outdoor Fitness,Bootcamp,True,0.0,Regents Park,NW1 4HG,Camden,51.534602890205,-0.14999467612,09:00,10:00,,1,False,https://ourparks.org.uk/borough/bootcamp-109243
ourparks_109244_1796,Our Parks,Our Parks,Bootcamp,Bootcamp & Outdoor Fitness,Bootcamp,True,0.0,Regents Park,NW1 4HG,Camden,51.534602890205,-0.14999467612,09:00,10:00,,1,False,https://ourparks.org.uk/borough/bootcamp-109244
ourparks_109245_1797,Our Parks,Our Parks,Bootcamp,Bootcamp & Outdoor Fitness,Bootcamp,True,0.0,Regents Park,NW1 4HG,Camden,51.534602890205,-0.14999467612,09:00,10:00,,1,False,https://ourparks.org.uk/borough/bootcamp-109245
ourparks_109246_1798,Our Parks,Our Parks,Bootcamp,Bootcamp & Outdoor Fitness,Bootcamp,True,0.0,Regents Park,NW1 4HG,Camden,51.534602890205,-0.14999467612,09:00,10:00,,1,False,https://ourparks.org.uk/borough/bootcamp-109246
ourparks_109247_1799,Our Parks,Our Parks,Bootcamp,Bootcamp & Outdoor Fitness,Bootcamp,True,0.0,Regents Park,NW1 4HG,Camden,51.534602890205,-0.14999467612,09:00,10:00,,1,False,https://ourparks.org.uk/borough/bootcamp-109247
ourparks_109248_1800,Our Parks,Our Parks,Bootcamp,Bootcamp & Outdoor Fitness,Bootcamp,True,0.0,Regents Park,NW1 4HG,Camden,51.534602890205,-0.14999467612,09:00,10:00,,1,False,https://ourparks.org.uk/borough/bootcamp-109248
ourparks_109249_1801,Our Parks,Our Parks,Bootcamp,Bootcamp & Outdoor Fitness,Bootcamp,True,0.0,Regents Park,NW1 4HG,Camden,51.534602890205,-0.14999467612,09:00,10:00,,1,False,https://ourparks.org.uk/borough/bootcamp-109249
ourparks_109250_1802,Our Parks,Our Parks,Bootcamp,Bootcamp & Outdoor Fitness,Bootcamp,True,0.0,Regents Park,NW1 4HG,Camden,51.534602890205,-0.14999467612,09:00,10:00,,1,False,https://ourparks.org.uk/borough/bootcamp-109250
ourparks_109251_1803,Our Parks,Our Parks,Bootcamp,Bootcamp & Outdoor Fitness,Bootcamp,True,0.0,Regents Park,NW1 4HG,Camden,51.534602890205,-0.14999467612,09:00,10:00,,1,False,https://ourparks.org.uk/borough/bootcamp-109251
ourparks_109252_1804,Our Parks,Our Parks,Bootcamp,Bootcamp & Outdoor Fitness,Bootcamp,True,0.0,Regents Park,NW1 4HG,Camden,51.534602890205,-0.14999467612,09:00,10:00,,1,False,https://ourparks.org.uk/borough/bootcamp-109252
ourparks_109253_1805,Our Parks,Our Parks,Bootcamp,Bootcamp & Outdoor Fitness,Bootcamp,True,0.0,Regents Park,NW1 4HG,Camden,51.534602890205,-0.14999467612,09:00,10:00,,1,False,https://ourparks.org.uk/borough/bootcamp-109253
ourparks_109254_1806,Our Parks,Our Parks,Bootcamp,Bootcamp & Outdoor Fitness,Bootcamp,True,0.0,Regents Park,NW1 4HG,Camden,51.534602890205,-0.14999467612,09:00,10:00,,1,False,https://ourparks.org.uk/borough/bootcamp-109254
ourparks_109255_1807,Our Parks,Our Parks,Bootcamp,Bootcamp & Outdoor Fitness,Bootcamp,True,0.0,Regents Park,NW1 4HG,Camden,51.534602890205,-0.14999467612,09:00,10:00,,1,False,https://ourparks.org.uk/borough/bootcamp-109255
ourparks_109256_1808,Our Parks,Our Parks,Bootcamp,Bootcamp & Outdoor Fitness,Bootcamp,True,0.0,Regents Park,NW1 4HG,Camden,51.534602890205,-0.14999467612,09:00,10:00,,1,False,https://ourparks.org.uk/borough/bootcamp-109256
ourparks_109257_1809,Our Parks,Our Parks,Bootcamp,Bootcamp & Outdoor Fitness,Bootcamp,True,0.0,Regents Park,NW1 4HG,Camden,51.534602890205,-0.14999467612,09:00,10:00,,1,False,https://ourparks.org.uk/borough/bootcamp-109257
ourparks_109258_1810,Our Parks,Our Parks,Bootcamp,Bootcamp & Outdoor Fitness,Bootcamp,True,0.0,Regents Park,NW1 4HG,Camden,51.534602890205,-0.14999467612,09:00,10:00,,1,False,https://ourparks.org.uk/borough/bootcamp-109258
ourparks_109259_1811,Our Parks,Our Parks,Bootcamp,Bootcamp & Outdoor Fitness,Bootcamp,True,0.0,Regents Park,NW1 4HG,Camden,51.534602890205,-0.14999467612,09:00,10:00,,1,False,https://ourparks.org.uk/borough/bootcamp-109259
ourparks_109260_1812,Our Parks,Our Parks,Bootcamp,Bootcamp & Outdoor Fitness,Bootcamp,True,0.0,Regents Park,NW1 4HG,Camden,51.534602890205,-0.14999467612,09:00,10:00,,1,False,https://ourparks.org.uk/borough/bootcamp-109260
ourparks_109261_1813,Our Parks,Our Parks,Bootcamp,Bootcamp & Outdoor Fitness,Bootcamp,True,0.0,Regents Park,NW1 4HG,Camden,51.534602890205,-0.14999467612,09:00,10:00,,1,False,https://ourparks.org.uk/borough/bootcamp-109261
ourparks_109262_1814,Our Parks,Our Parks,Bootcamp,Bootcamp & Outdoor Fitness,Bootcamp,True,0.0,Regents Park,NW1 4HG,Camden,51.534602890205,-0.14999467612,09:00,10:00,,1,False,https://ourparks.org.uk/borough/bootcamp-109262
ourparks_109263_1815,Our Parks,Our Parks,Bootcamp,Bootcamp & Outdoor Fitness,Bootcamp,True,0.0,Regents Park,NW1 4HG,Camden,51.534602890205,-0.14999467612,09:00,10:00,,1,False,https://ourparks.org.uk/borough/bootcamp-109263
ourparks_109264_1816,Our Parks,Our Parks,Bootcamp,Bootcamp & Outdoor Fitness,Bootcamp,True,0.0,Regents Park,NW1 4HG,Camden,51.534602890205,-0.14999467612,09:00,10:00,,1,False,https://ourparks.org.uk/borough/bootcamp-109264
ourparks_109265_1817,Our Parks,Our Parks,Bootcamp,Bootcamp & Outdoor Fitness,Bootcamp,True,0.0,Regents Park,NW1 4HG,Camden,51.534602890205,-0.14999467612,09:00,10:00,,1,False,https://ourparks.org.uk/borough/bootcamp-109265
ourparks_109268_1818,Our Parks,Our Parks,Bootcamp,Bootcamp & Outdoor Fitness,Bootcamp,True,0.0,Regents Park,NW1 4HG,Camden,51.534602890205,-0.14999467612,09:00,10:00,,1,False,https://ourparks.org.uk/borough/bootcamp-109268
ourparks_109269_1819,Our Parks,Our Parks,Bootcamp,Bootcamp & Outdoor Fitness,Bootcamp,True,0.0,Regents Park,NW1 4HG,Camden,51.534602890205,-0.14999467612,09:00,10:00,,1,False,https://ourparks.org.uk/borough/bootcamp-109269
ourparks_109270_1820,Our Parks,Our Parks,Bootcamp,Bootcamp & Outdoor Fitness,Bootcamp,True,0.0,Regents Park,NW1 4HG,Camden,51.534602890205,-0.14999467612,09:00,10:00,,1,False,https://ourparks.org.uk/borough/bootcamp-109270
ourparks_109271_1821,Our Parks,Our Parks,Bootcamp,Bootcamp & Outdoor Fitness,Bootcamp,True,0.0,Regents Park,NW1 4HG,Camden,51.534602890205,-0.14999467612,09:00,10:00,,1,False,https://ourparks.org.uk/borough/bootcamp-109271
ourparks_109272_1822,Our Parks,Our Parks,Bootcamp,Bootcamp & Outdoor Fitness,Bootcamp,True,0.0,Regents Park,NW1 4HG,Camden,51.534602890205,-0.14999467612,09:00,10:00,,1,False,https://ourparks.org.uk/borough/bootcamp-109272
ourparks_109273_1823,Our Parks,Our Parks,Bootcamp,Bootcamp & Outdoor Fitness,Bootcamp,True,0.0,Regents Park,NW1 4HG,Camden,51.534602890205,-0.14999467612,09:00,10:00,,1,False,https://ourparks.org.uk/borough/bootcamp-109273
ourparks_109274_1824,Our Parks,Our Parks,Bootcamp,Bootcamp & Outdoor Fitness,Bootcamp,True,0.0,Regents Park,NW1 4HG,Camden,51.534602890205,-0.14999467612,09:00,10:00,,1,False,https://ourparks.org.uk/borough/bootcamp-109274
ourparks_109275_1825,Our Parks,Our Parks,Bootcamp,Bootcamp & Outdoor Fitness,Bootcamp,True,0.0,Regents Park,NW1 4HG,Camden,51.534602890205,-0.14999467612,09:00,10:00,,1,False,https://ourparks.org.uk/borough/bootcamp-109275
ourparks_109276_1826,Our Parks,Our Parks,Bootcamp,Bootcamp & Outdoor Fitness,Bootcamp,True,0.0,Regents Park,NW1 4HG,Camden,51.534602890205,-0.14999467612,09:00,10:00,,1,False,https://ourparks.org.uk/borough/bootcamp-109276
ourparks_109277_1827,Our Parks,Our Parks,Bootcamp,Bootcamp & Outdoor Fitness,Bootcamp,True,0.0,Regents Park,NW1 4HG,Camden,51.534602890205,-0.14999467612,09:00,10:00,,1,False,https://ourparks.org.uk/borough/bootcamp-109277
ourparks_109278_1828,Our Parks,Our Parks,Bootcamp,Bootcamp & Outdoor Fitness,Bootcamp,True,0.0,Regents Park,NW1 4HG,Camden,51.534602890205,-0.14999467612,09:00,10:00,,1,False,https://ourparks.org.uk/borough/bootcamp-109278
ourparks_109279_1829,Our Parks,Our Parks,Bootcamp,Bootcamp & Outdoor Fitness,Bootcamp,True,0.0,Regents Park,NW1 4HG,Camden,51.534602890205,-0.14999467612,09:00,10:00,,1,False,https://ourparks.org.uk/borough/bootcamp-109279
ourparks_109280_1830,Our Parks,Our Parks,Bootcamp,Bootcamp & Outdoor Fitness,Bootcamp,True,0.0,Hyde Park,SW7 1SG,Kensington and Chelsea,51.502586484832,-0.173725612847,09:00,10:00,,1,False,https://ourparks.org.uk/borough/bootcamp-109280
ourparks_109281_1831,Our Parks,Our Parks,Bootcamp,Bootcamp & Outdoor Fitness,Bootcamp,True,0.0,Hyde Park,SW7 1SG,Kensington and Chelsea,51.502586484832,-0.173725612847,09:00,10:00,,1,False,https://ourparks.org.uk/borough/bootcamp-109281
ourparks_109282_1832,Our Parks,Our Parks,Bootcamp,Bootcamp & Outdoor Fitness,Bootcamp,True,0.0,Hyde Park,SW7 1SG,Kensington and Chelsea,51.502586484832,-0.173725612847,09:00,10:00,,1,False,https://ourparks.org.uk/borough/bootcamp-109282
ourparks_109283_1833,Our Parks,Our Parks,Bootcamp,Bootcamp & Outdoor Fitness,Bootcamp,True,0.0,Hyde Park,SW7 1SG,Kensington and Chelsea,51.502586484832,-0.173725612847,09:00,10:00,,1,False,https://ourparks.org.uk/borough/bootcamp-109283
ourparks_109284_1834,Our Parks,Our Parks,Bootcamp,Bootcamp & Outdoor Fitness,Bootcamp,True,0.0,Hyde Park,SW7 1SG,Kensington and Chelsea,51.502586484832,-0.173725612847,09:00,10:00,,1,False,https://ourparks.org.uk/borough/bootcamp-109284
ourparks_109285_1835,Our Parks,Our Parks,Bootcamp,Bootcamp & Outdoor Fitness,Bootcamp,True,0.0,Hyde Park,SW7 1SG,Kensington and Chelsea,51.502586484832,-0.173725612847,09:00,10:00,,1,False,https://ourparks.org.uk/borough/bootcamp-109285
ourparks_109287_1836,Our Parks,Our Parks,Bootcamp,Bootcamp & Outdoor Fitness,Bootcamp,True,0.0,Hyde Park,SW7 1SG,Kensington and Chelsea,51.502586484832,-0.173725612847,09:00,10:00,,1,False,https://ourparks.org.uk/borough/bootcamp-109287
ourparks_109289_1837,Our Parks,Our Parks,Bootcamp,Bootcamp & Outdoor Fitness,Bootcamp,True,0.0,Hyde Park,SW7 1SG,Kensington and Chelsea,51.502586484832,-0.173725612847,09:00,10:00,,1,False,https://ourparks.org.uk/borough/bootcamp-109289
ourparks_109290_1838,Our Parks,Our Parks,Bootcamp,Bootcamp & Outdoor Fitness,Bootcamp,True,0.0,Hyde Park,SW7 1SG,Kensington and Chelsea,51.502586484832,-0.173725612847,09:00,10:00,,1,False,https://ourparks.org.uk/borough/bootcamp-109290
ourparks_109291_1839,Our Parks,Our Parks,Bootcamp,Bootcamp & Outdoor Fitness,Bootcamp,True,0.0,Hyde Park,SW7 1SG,Kensington and Chelsea,51.502586484832,-0.173725612847,09:00,10:00,,1,False,https://ourparks.org.uk/borough/bootcamp-109291
ourparks_109292_1840,Our Parks,Our Parks,Bootcamp,Bootcamp & Outdoor Fitness,Bootcamp,True,0.0,Hyde Park,SW7 1SG,Kensington and Chelsea,51.502586484832,-0.173725612847,09:00,10:00,,1,False,https://ourparks.org.uk/borough/bootcamp-109292
ourparks_109293_1841,Our Parks,Our Parks,Bootcamp,Bootcamp & Outdoor Fitness,Bootcamp,True,0.0,Hyde Park,SW7 1SG,Kensington and Chelsea,51.502586484832,-0.173725612847,09:00,10:00,,1,False,https://ourparks.org.uk/borough/bootcamp-109293
ourparks_109294_1842,Our Parks,Our Parks,Bootcamp,Bootcamp & Outdoor Fitness,Bootcamp,True,0.0,Hyde Park,SW7 1SG,Kensington and Chelsea,51.502586484832,-0.173725612847,09:00,10:00,,1,False,https://ourparks.org.uk/borough/bootcamp-109294
ourparks_109295_1843,Our Parks,Our Parks,Bootcamp,Bootcamp & Outdoor Fitness,Bootcamp,True,0.0,Hyde Park,SW7 1SG,Kensington and Chelsea,51.502586484832,-0.173725612847,09:00,10:00,,1,False,https://ourparks.org.uk/borough/bootcamp-109295
ourparks_109296_1844,Our Parks,Our Parks,Bootcamp,Bootcamp & Outdoor Fitness,Bootcamp,True,0.0,Hyde Park,SW7 1SG,Kensington and Chelsea,51.502586484832,-0.173725612847,09:00,10:00,,1,False,https://ourparks.org.uk/borough/bootcamp-109296
ourparks_109297_1845,Our Parks,Our Parks,Bootcamp,Bootcamp & Outdoor Fitness,Bootcamp,True,0.0,Hyde Park,SW7 1SG,Kensington and Chelsea,51.502586484832,-0.173725612847,09:00,10:00,,1,False,https://ourparks.org.uk/borough/bootcamp-109297
ourparks_109298_1846,Our Parks,Our Parks,Bootcamp,Bootcamp & Outdoor Fitness,Bootcamp,True,0.0,Hyde Park,SW7 1SG,Kensington and Chelsea,51.502586484832,-0.173725612847,09:00,10:00,,1,False,https://ourparks.org.uk/borough/bootcamp-109298
ourparks_109299_1847,Our Parks,Our Parks,Bootcamp,Bootcamp & Outdoor Fitness,Bootcamp,True,0.0,Hyde Park,SW7 1SG,Kensington and Chelsea,51.502586484832,-0.173725612847,09:00,10:00,,1,False,https://ourparks.org.uk/borough/bootcamp-109299
ourparks_109300_1848,Our Parks,Our Parks,Bootcamp,Bootcamp & Outdoor Fitness,Bootcamp,True,0.0,Hyde Park,SW7 1SG,Kensington and Chelsea,51.502586484832,-0.173725612847,09:00,10:00,,1,False,https://ourparks.org.uk/borough/bootcamp-109300
ourparks_109301_1849,Our Parks,Our Parks,Bootcamp,Bootcamp & Outdoor Fitness,Bootcamp,True,0.0,Hyde Park,SW7 1SG,Kensington and Chelsea,51.502586484832,-0.173725612847,09:00,10:00,,1,False,https://ourparks.org.uk/borough/bootcamp-109301
ourparks_109302_1850,Our Parks,Our Parks,Bootcamp,Bootcamp & Outdoor Fitness,Bootcamp,True,0.0,Hyde Park,SW7 1SG,Kensington and Chelsea,51.502586484832,-0.173725612847,09:00,10:00,,1,False,https://ourparks.org.uk/borough/bootcamp-109302
ourparks_109306_1851,Our Parks,Our Parks,Bootcamp,Bootcamp & Outdoor Fitness,Bootcamp,True,0.0,Hyde Park,SW7 1SG,Kensington and Chelsea,51.502586484832,-0.173725612847,09:00,10:00,,1,False,https://ourparks.org.uk/borough/bootcamp-109306
ourparks_109307_1852,Our Parks,Our Parks,Bootcamp,Bootcamp & Outdoor Fitness,Bootcamp,True,0.0,Hyde Park,SW7 1SG,Kensington and Chelsea,51.502586484832,-0.173725612847,09:00,10:00,,1,False,https://ourparks.org.uk/borough/bootcamp-109307
ourparks_109308_1853,Our Parks,Our Parks,Bootcamp,Bootcamp & Outdoor Fitness,Bootcamp,True,0.0,Hyde Park,SW7 1SG,Kensington and Chelsea,51.502586484832,-0.173725612847,09:00,10:00,,1,False,https://ourparks.org.uk/borough/bootcamp-109308
ourparks_109309_1854,Our Parks,Our Parks,Bootcamp,Bootcamp & Outdoor Fitness,Bootcamp,True,0.0,Hyde Park,SW7 1SG,Kensington and Chelsea,51.502586484832,-0.173725612847,09:00,10:00,,1,False,https://ourparks.org.uk/borough/bootcamp-109309
ourparks_109310_1855,Our Parks,Our Parks,Bootcamp,Bootcamp & Outdoor Fitness,Bootcamp,True,0.0,Hyde Park,SW7 1SG,Kensington and Chelsea,51.502586484832,-0.173725612847,09:00,10:00,,1,False,https://ourparks.org.uk/borough/bootcamp-109310
ourparks_109311_1856,Our Parks,Our Parks,Bootcamp,Bootcamp & Outdoor Fitness,Bootcamp,True,0.0,Hyde Park,SW7 1SG,Kensington and Chelsea,51.502586484832,-0.173725612847,09:00,10:00,,1,False,https://ourparks.org.uk/borough/bootcamp-109311
ourparks_109312_1857,Our Parks,Our Parks,Bootcamp,Bootcamp & Outdoor Fitness,Bootcamp,True,0.0,Hyde Park,SW7 1SG,Kensington and Chelsea,51.502586484832,-0.173725612847,09:00,10:00,,1,False,https://ourparks.org.uk/borough/bootcamp-109312
ourparks_109313_1858,Our Parks,Our Parks,Bootcamp,Bootcamp & Outdoor Fitness,Bootcamp,True,0.0,Hyde Park,SW7 1SG,Kensington and Chelsea,51.502586484832,-0.173725612847,09:00,10:00,,1,False,https://ourparks.org.uk/borough/bootcamp-109313
ourparks_109314_1859,Our Parks,Our Parks,Bootcamp,Bootcamp & Outdoor Fitness,Bootcamp,True,0.0,Hyde Park,SW7 1SG,Kensington and Chelsea,51.502586484832,-0.173725612847,09:00,10:00,,1,False,https://ourparks.org.uk/borough/bootcamp-109314
ourparks_109315_1860,Our Parks,Our Parks,Bootcamp,Bootcamp & Outdoor Fitness,Bootcamp,True,0.0,Hyde Park,SW7 1SG,Kensington and Chelsea,51.502586484832,-0.173725612847,09:00,10:00,,1,False,https://ourparks.org.uk/borough/bootcamp-109315
ourparks_109316_1861,Our Parks,Our Parks,Bootcamp,Bootcamp & Outdoor Fitness,Bootcamp,True,0.0,Hyde Park,SW7 1SG,Kensington and Chelsea,51.502586484832,-0.173725612847,09:00,10:00,,1,False,https://ourparks.org.uk/borough/bootcamp-109316
ourparks_109317_1862,Our Parks,Our Parks,Bootcamp,Bootcamp & Outdoor Fitness,Bootcamp,True,0.0,Hyde Park,SW7 1SG,Kensington and Chelsea,51.502586484832,-0.173725612847,09:00,10:00,,1,False,https://ourparks.org.uk/borough/bootcamp-109317
ourparks_109320_1863,Our Parks,Our Parks,Bootcamp,Bootcamp & Outdoor Fitness,Bootcamp,True,0.0,Hyde Park,SW7 1SG,Kensington and Chelsea,51.502586484832,-0.173725612847,09:00,10:00,,1,False,https://ourparks.org.uk/borough/bootcamp-109320
ourparks_109321_1864,Our Parks,Our Parks,Bootcamp,Bootcamp & Outdoor Fitness,Bootcamp,True,0.0,Hyde Park,SW7 1SG,Kensington and Chelsea,51.502586484832,-0.173725612847,09:00,10:00,,1,False,https://ourparks.org.uk/borough/bootcamp-109321
ourparks_109322_1865,Our Parks,Our Parks,Bootcamp,Bootcamp & Outdoor Fitness,Bootcamp,True,0.0,Hyde Park,SW7 1SG,Kensington and Chelsea,51.502586484832,-0.173725612847,09:00,10:00,,1,False,https://ourparks.org.uk/borough/bootcamp-109322
ourparks_109323_1866,Our Parks,Our Parks,Bootcamp,Bootcamp & Outdoor Fitness,Bootcamp,True,0.0,Hyde Park,SW7 1SG,Kensington and Chelsea,51.502586484832,-0.173725612847,09:00,10:00,,1,False,https://ourparks.org.uk/borough/bootcamp-109323
ourparks_109324_1867,Our Parks,Our Parks,Bootcamp,Bootcamp & Outdoor Fitness,Bootcamp,True,0.0,Hyde Park,SW7 1SG,Kensington and Chelsea,51.502586484832,-0.173725612847,09:00,10:00,,1,False,https://ourparks.org.uk/borough/bootcamp-109324
ourparks_109325_1868,Our Parks,Our Parks,Bootcamp,Bootcamp & Outdoor Fitness,Bootcamp,True,0.0,Hyde Park,SW7 1SG,Kensington and Chelsea,51.502586484832,-0.173725612847,09:00,10:00,,1,False,https://ourparks.org.uk/borough/bootcamp-109325
ourparks_109326_1869,Our Parks,Our Parks,Bootcamp,Bootcamp & Outdoor Fitness,Bootcamp,True,0.0,Hyde Park,SW7 1SG,Kensington and Chelsea,51.502586484832,-0.173725612847,09:00,10:00,,1,False,https://ourparks.org.uk/borough/bootcamp-109326
ourparks_109327_1870,Our Parks,Our Parks,Bootcamp,Bootcamp & Outdoor Fitness,Bootcamp,True,0.0,Hyde Park,SW7 1SG,Kensington and Chelsea,51.502586484832,-0.173725612847,09:00,10:00,,1,False,https://ourparks.org.uk/borough/bootcamp-109327
ourparks_109328_1871,Our Parks,Our Parks,Bootcamp,Bootcamp & Outdoor Fitness,Bootcamp,True,0.0,Hyde Park,SW7 1SG,Kensington and Chelsea,51.502586484832,-0.173725612847,09:00,10:00,,1,False,https://ourparks.org.uk/borough/bootcamp-109328
ourparks_109329_1872,Our Parks,Our Parks,Bootcamp,Bootcamp & Outdoor Fitness,Bootcamp,True,0.0,Hyde Park,SW7 1SG,Kensington and Chelsea,51.502586484832,-0.173725612847,09:00,10:00,,1,False,https://ourparks.org.uk/borough/bootcamp-109329
ourparks_109330_1873,Our Parks,Our Parks,Bootcamp,Bootcamp & Outdoor Fitness,Bootcamp,True,0.0,Hyde Park,SW7 1SG,Kensington and Chelsea,51.502586484832,-0.173725612847,09:00,10:00,,1,False,https://ourparks.org.uk/borough/bootcamp-109330
ourparks_109331_1874,Our Parks,Our Parks,Bootcamp,Bootcamp & Outdoor Fitness,Bootcamp,True,0.0,Hyde Park,SW7 1SG,Kensington and Chelsea,51.502586484832,-0.173725612847,09:00,10:00,,1,False,https://ourparks.org.uk/borough/bootcamp-109331
ourparks_109066_1875,Our Parks,Our Parks,Under 15s Girls' Football,Team Sports,Football,True,0.0,Roxbourne Park,HA5 1JF,Harrow,51.5754739,-0.3832202,10:00,11:00,,1,False,https://ourparks.org.uk/borough/under-15s-girls-football-109066
ourparks_109067_1876,Our Parks,Our Parks,Under 15s Girls' Football,Team Sports,Football,True,0.0,Roxbourne Park,HA5 1JF,Harrow,51.5754739,-0.3832202,10:00,11:00,,1,False,https://ourparks.org.uk/borough/under-15s-girls-football-109067
ourparks_106722_1877,Our Parks,Our Parks,Full Body Workout,Bootcamp & Outdoor Fitness,Bootcamp,True,0.0,Erith Riverside Gardens,DA8 1QY,Bexley,51.482871018656,0.178854717888,10:15,11:15,,1,False,https://ourparks.org.uk/borough/full-body-workout-106722
ourparks_98329_1878,Our Parks,Our Parks,Bootcamp,Bootcamp & Outdoor Fitness,Bootcamp,True,0.0,Harefield Village Green,UB9 6EG,Hillingdon,51.604697285476,-0.480577927343,08:30,09:30,,1,False,https://ourparks.org.uk/borough/bootcamp-98329
ourparks_109332_1879,Our Parks,Our Parks,Bootcamp,Bootcamp & Outdoor Fitness,Bootcamp,True,0.0,Harefield Village Green,UB9 6EG,Hillingdon,51.604697285476,-0.480577927343,08:30,09:30,,1,False,https://ourparks.org.uk/borough/bootcamp-109332
ourparks_109333_1880,Our Parks,Our Parks,Bootcamp,Bootcamp & Outdoor Fitness,Bootcamp,True,0.0,Harefield Village Green,UB9 6EG,Hillingdon,51.604697285476,-0.480577927343,08:30,09:30,,1,False,https://ourparks.org.uk/borough/bootcamp-109333
ourparks_109334_1881,Our Parks,Our Parks,Bootcamp,Bootcamp & Outdoor Fitness,Bootcamp,True,0.0,Harefield Village Green,UB9 6EG,Hillingdon,51.604697285476,-0.480577927343,08:30,09:30,,1,False,https://ourparks.org.uk/borough/bootcamp-109334
ourparks_109335_1882,Our Parks,Our Parks,Bootcamp,Bootcamp & Outdoor Fitness,Bootcamp,True,0.0,Harefield Village Green,UB9 6EG,Hillingdon,51.604697285476,-0.480577927343,08:30,09:30,,1,False,https://ourparks.org.uk/borough/bootcamp-109335
ourparks_109336_1883,Our Parks,Our Parks,Bootcamp,Bootcamp & Outdoor Fitness,Bootcamp,True,0.0,Harefield Village Green,UB9 6EG,Hillingdon,51.604697285476,-0.480577927343,08:30,09:30,,1,False,https://ourparks.org.uk/borough/bootcamp-109336
ourparks_109337_1884,Our Parks,Our Parks,Bootcamp,Bootcamp & Outdoor Fitness,Bootcamp,True,0.0,Harefield Village Green,UB9 6EG,Hillingdon,51.604697285476,-0.480577927343,08:30,09:30,,1,False,https://ourparks.org.uk/borough/bootcamp-109337
ourparks_109341_1885,Our Parks,Our Parks,Bootcamp,Bootcamp & Outdoor Fitness,Bootcamp,True,0.0,Harefield Village Green,UB9 6EG,Hillingdon,51.604697285476,-0.480577927343,08:30,09:30,,1,False,https://ourparks.org.uk/borough/bootcamp-109341
ourparks_109343_1886,Our Parks,Our Parks,Bootcamp,Bootcamp & Outdoor Fitness,Bootcamp,True,0.0,Harefield Village Green,UB9 6EG,Hillingdon,51.604697285476,-0.480577927343,08:30,09:30,,1,False,https://ourparks.org.uk/borough/bootcamp-109343
ourparks_109344_1887,Our Parks,Our Parks,Bootcamp,Bootcamp & Outdoor Fitness,Bootcamp,True,0.0,Harefield Village Green,UB9 6EG,Hillingdon,51.604697285476,-0.480577927343,08:30,09:30,,1,False,https://ourparks.org.uk/borough/bootcamp-109344
ourparks_109345_1888,Our Parks,Our Parks,Bootcamp,Bootcamp & Outdoor Fitness,Bootcamp,True,0.0,Harefield Village Green,UB9 6EG,Hillingdon,51.604697285476,-0.480577927343,08:30,09:30,,1,False,https://ourparks.org.uk/borough/bootcamp-109345
ourparks_109346_1889,Our Parks,Our Parks,Bootcamp,Bootcamp & Outdoor Fitness,Bootcamp,True,0.0,Harefield Village Green,UB9 6EG,Hillingdon,51.604697285476,-0.480577927343,08:30,09:30,,1,False,https://ourparks.org.uk/borough/bootcamp-109346
ourparks_109347_1890,Our Parks,Our Parks,Bootcamp,Bootcamp & Outdoor Fitness,Bootcamp,True,0.0,Harefield Village Green,UB9 6EG,Hillingdon,51.604697285476,-0.480577927343,08:30,09:30,,1,False,https://ourparks.org.uk/borough/bootcamp-109347
ourparks_109348_1891,Our Parks,Our Parks,Bootcamp,Bootcamp & Outdoor Fitness,Bootcamp,True,0.0,Harefield Village Green,UB9 6EG,Hillingdon,51.604697285476,-0.480577927343,08:30,09:30,,1,False,https://ourparks.org.uk/borough/bootcamp-109348
ourparks_109350_1892,Our Parks,Our Parks,Bootcamp,Bootcamp & Outdoor Fitness,Bootcamp,True,0.0,Harefield Village Green,UB9 6EG,Hillingdon,51.604697285476,-0.480577927343,08:30,09:30,,1,False,https://ourparks.org.uk/borough/bootcamp-109350
ourparks_109351_1893,Our Parks,Our Parks,Bootcamp,Bootcamp & Outdoor Fitness,Bootcamp,True,0.0,Harefield Village Green,UB9 6EG,Hillingdon,51.604697285476,-0.480577927343,08:30,09:30,,1,False,https://ourparks.org.uk/borough/bootcamp-109351
ourparks_109352_1894,Our Parks,Our Parks,Bootcamp,Bootcamp & Outdoor Fitness,Bootcamp,True,0.0,Harefield Village Green,UB9 6EG,Hillingdon,51.604697285476,-0.480577927343,08:30,09:30,,1,False,https://ourparks.org.uk/borough/bootcamp-109352
ourparks_109353_1895,Our Parks,Our Parks,Bootcamp,Bootcamp & Outdoor Fitness,Bootcamp,True,0.0,Harefield Village Green,UB9 6EG,Hillingdon,51.604697285476,-0.480577927343,08:30,09:30,,1,False,https://ourparks.org.uk/borough/bootcamp-109353
ourparks_109354_1896,Our Parks,Our Parks,Bootcamp,Bootcamp & Outdoor Fitness,Bootcamp,True,0.0,Harefield Village Green,UB9 6EG,Hillingdon,51.604697285476,-0.480577927343,08:30,09:30,,1,False,https://ourparks.org.uk/borough/bootcamp-109354
ourparks_109355_1897,Our Parks,Our Parks,Bootcamp,Bootcamp & Outdoor Fitness,Bootcamp,True,0.0,Harefield Village Green,UB9 6EG,Hillingdon,51.604697285476,-0.480577927343,08:30,09:30,,1,False,https://ourparks.org.uk/borough/bootcamp-109355
ourparks_109356_1898,Our Parks,Our Parks,Bootcamp,Bootcamp & Outdoor Fitness,Bootcamp,True,0.0,Harefield Village Green,UB9 6EG,Hillingdon,51.604697285476,-0.480577927343,08:30,09:30,,1,False,https://ourparks.org.uk/borough/bootcamp-109356
ourparks_109357_1899,Our Parks,Our Parks,Bootcamp,Bootcamp & Outdoor Fitness,Bootcamp,True,0.0,Harefield Village Green,UB9 6EG,Hillingdon,51.604697285476,-0.480577927343,08:30,09:30,,1,False,https://ourparks.org.uk/borough/bootcamp-109357
ourparks_109358_1900,Our Parks,Our Parks,Bootcamp,Bootcamp & Outdoor Fitness,Bootcamp,True,0.0,Harefield Village Green,UB9 6EG,Hillingdon,51.604697285476,-0.480577927343,08:30,09:30,,1,False,https://ourparks.org.uk/borough/bootcamp-109358
ourparks_109359_1901,Our Parks,Our Parks,Bootcamp,Bootcamp & Outdoor Fitness,Bootcamp,True,0.0,Harefield Village Green,UB9 6EG,Hillingdon,51.604697285476,-0.480577927343,08:30,09:30,,1,False,https://ourparks.org.uk/borough/bootcamp-109359
ourparks_109360_1902,Our Parks,Our Parks,Bootcamp,Bootcamp & Outdoor Fitness,Bootcamp,True,0.0,Harefield Village Green,UB9 6EG,Hillingdon,51.604697285476,-0.480577927343,08:30,09:30,,1,False,https://ourparks.org.uk/borough/bootcamp-109360
ourparks_109361_1903,Our Parks,Our Parks,Bootcamp,Bootcamp & Outdoor Fitness,Bootcamp,True,0.0,Harefield Village Green,UB9 6EG,Hillingdon,51.604697285476,-0.480577927343,08:30,09:30,,1,False,https://ourparks.org.uk/borough/bootcamp-109361
ourparks_109362_1904,Our Parks,Our Parks,Bootcamp,Bootcamp & Outdoor Fitness,Bootcamp,True,0.0,Harefield Village Green,UB9 6EG,Hillingdon,51.604697285476,-0.480577927343,08:30,09:30,,1,False,https://ourparks.org.uk/borough/bootcamp-109362
ourparks_109363_1905,Our Parks,Our Parks,Bootcamp,Bootcamp & Outdoor Fitness,Bootcamp,True,0.0,Harefield Village Green,UB9 6EG,Hillingdon,51.604697285476,-0.480577927343,08:30,09:30,,1,False,https://ourparks.org.uk/borough/bootcamp-109363
ourparks_109364_1906,Our Parks,Our Parks,Bootcamp,Bootcamp & Outdoor Fitness,Bootcamp,True,0.0,Harefield Village Green,UB9 6EG,Hillingdon,51.604697285476,-0.480577927343,08:30,09:30,,1,False,https://ourparks.org.uk/borough/bootcamp-109364
ourparks_109365_1907,Our Parks,Our Parks,Bootcamp,Bootcamp & Outdoor Fitness,Bootcamp,True,0.0,Harefield Village Green,UB9 6EG,Hillingdon,51.604697285476,-0.480577927343,08:30,09:30,,1,False,https://ourparks.org.uk/borough/bootcamp-109365
ourparks_109366_1908,Our Parks,Our Parks,Bootcamp,Bootcamp & Outdoor Fitness,Bootcamp,True,0.0,Harefield Village Green,UB9 6EG,Hillingdon,51.604697285476,-0.480577927343,08:30,09:30,,1,False,https://ourparks.org.uk/borough/bootcamp-109366
ourparks_109367_1909,Our Parks,Our Parks,Bootcamp,Bootcamp & Outdoor Fitness,Bootcamp,True,0.0,Harefield Village Green,UB9 6EG,Hillingdon,51.604697285476,-0.480577927343,08:30,09:30,,1,False,https://ourparks.org.uk/borough/bootcamp-109367
ourparks_109368_1910,Our Parks,Our Parks,Bootcamp,Bootcamp & Outdoor Fitness,Bootcamp,True,0.0,Harefield Village Green,UB9 6EG,Hillingdon,51.604697285476,-0.480577927343,08:30,09:30,,1,False,https://ourparks.org.uk/borough/bootcamp-109368
ourparks_109371_1911,Our Parks,Our Parks,Bootcamp,Bootcamp & Outdoor Fitness,Bootcamp,True,0.0,Harefield Village Green,UB9 6EG,Hillingdon,51.604697285476,-0.480577927343,08:30,09:30,,1,False,https://ourparks.org.uk/borough/bootcamp-109371
ourparks_109372_1912,Our Parks,Our Parks,Bootcamp,Bootcamp & Outdoor Fitness,Bootcamp,True,0.0,Harefield Village Green,UB9 6EG,Hillingdon,51.604697285476,-0.480577927343,08:30,09:30,,1,False,https://ourparks.org.uk/borough/bootcamp-109372
ourparks_109373_1913,Our Parks,Our Parks,Bootcamp,Bootcamp & Outdoor Fitness,Bootcamp,True,0.0,Harefield Village Green,UB9 6EG,Hillingdon,51.604697285476,-0.480577927343,08:30,09:30,,1,False,https://ourparks.org.uk/borough/bootcamp-109373
ourparks_109374_1914,Our Parks,Our Parks,Bootcamp,Bootcamp & Outdoor Fitness,Bootcamp,True,0.0,Harefield Village Green,UB9 6EG,Hillingdon,51.604697285476,-0.480577927343,08:30,09:30,,1,False,https://ourparks.org.uk/borough/bootcamp-109374
ourparks_109375_1915,Our Parks,Our Parks,Bootcamp,Bootcamp & Outdoor Fitness,Bootcamp,True,0.0,Harefield Village Green,UB9 6EG,Hillingdon,51.604697285476,-0.480577927343,08:30,09:30,,1,False,https://ourparks.org.uk/borough/bootcamp-109375
ourparks_109376_1916,Our Parks,Our Parks,Bootcamp,Bootcamp & Outdoor Fitness,Bootcamp,True,0.0,Harefield Village Green,UB9 6EG,Hillingdon,51.604697285476,-0.480577927343,08:30,09:30,,1,False,https://ourparks.org.uk/borough/bootcamp-109376
ourparks_109377_1917,Our Parks,Our Parks,Bootcamp,Bootcamp & Outdoor Fitness,Bootcamp,True,0.0,Harefield Village Green,UB9 6EG,Hillingdon,51.604697285476,-0.480577927343,08:30,09:30,,1,False,https://ourparks.org.uk/borough/bootcamp-109377
ourparks_109378_1918,Our Parks,Our Parks,Bootcamp,Bootcamp & Outdoor Fitness,Bootcamp,True,0.0,Harefield Village Green,UB9 6EG,Hillingdon,51.604697285476,-0.480577927343,08:30,09:30,,1,False,https://ourparks.org.uk/borough/bootcamp-109378
ourparks_109379_1919,Our Parks,Our Parks,Bootcamp,Bootcamp & Outdoor Fitness,Bootcamp,True,0.0,Harefield Village Green,UB9 6EG,Hillingdon,51.604697285476,-0.480577927343,08:30,09:30,,1,False,https://ourparks.org.uk/borough/bootcamp-109379
ourparks_109380_1920,Our Parks,Our Parks,Bootcamp,Bootcamp & Outdoor Fitness,Bootcamp,True,0.0,Harefield Village Green,UB9 6EG,Hillingdon,51.604697285476,-0.480577927343,08:30,09:30,,1,False,https://ourparks.org.uk/borough/bootcamp-109380
ourparks_109381_1921,Our Parks,Our Parks,Bootcamp,Bootcamp & Outdoor Fitness,Bootcamp,True,0.0,Harefield Village Green,UB9 6EG,Hillingdon,51.604697285476,-0.480577927343,08:30,09:30,,1,False,https://ourparks.org.uk/borough/bootcamp-109381
ourparks_109382_1922,Our Parks,Our Parks,Bootcamp,Bootcamp & Outdoor Fitness,Bootcamp,True,0.0,Harefield Village Green,UB9 6EG,Hillingdon,51.604697285476,-0.480577927343,08:30,09:30,,1,False,https://ourparks.org.uk/borough/bootcamp-109382
ourparks_104855_1923,Our Parks,Our Parks,Bootcamp,Bootcamp & Outdoor Fitness,Bootcamp,True,0.0,Barra Hall Park,UB3 2NH,Hillingdon,51.5179777,-0.4235929,09:30,10:30,,1,False,https://ourparks.org.uk/borough/bootcamp-104855
ourparks_104856_1924,Our Parks,Our Parks,Bootcamp,Bootcamp & Outdoor Fitness,Bootcamp,True,0.0,Barra Hall Park,UB3 2NH,Hillingdon,51.5179777,-0.4235929,09:30,10:30,,1,False,https://ourparks.org.uk/borough/bootcamp-104856
ourparks_104857_1925,Our Parks,Our Parks,Bootcamp,Bootcamp & Outdoor Fitness,Bootcamp,True,0.0,Barra Hall Park,UB3 2NH,Hillingdon,51.5179777,-0.4235929,09:30,10:30,,1,False,https://ourparks.org.uk/borough/bootcamp-104857
ourparks_104858_1926,Our Parks,Our Parks,Bootcamp,Bootcamp & Outdoor Fitness,Bootcamp,True,0.0,Barra Hall Park,UB3 2NH,Hillingdon,51.5179777,-0.4235929,09:30,10:30,,1,False,https://ourparks.org.uk/borough/bootcamp-104858
ourparks_109383_1927,Our Parks,Our Parks,Bootcamp,Bootcamp & Outdoor Fitness,Bootcamp,True,0.0,Barra Hall Park,UB3 2NH,Hillingdon,51.5179777,-0.4235929,09:30,10:30,,1,False,https://ourparks.org.uk/borough/bootcamp-109383
ourparks_109384_1928,Our Parks,Our Parks,Bootcamp,Bootcamp & Outdoor Fitness,Bootcamp,True,0.0,Barra Hall Park,UB3 2NH,Hillingdon,51.5179777,-0.4235929,09:30,10:30,,1,False,https://ourparks.org.uk/borough/bootcamp-109384
ourparks_109385_1929,Our Parks,Our Parks,Bootcamp,Bootcamp & Outdoor Fitness,Bootcamp,True,0.0,Barra Hall Park,UB3 2NH,Hillingdon,51.5179777,-0.4235929,09:30,10:30,,1,False,https://ourparks.org.uk/borough/bootcamp-109385
ourparks_109386_1930,Our Parks,Our Parks,Bootcamp,Bootcamp & Outdoor Fitness,Bootcamp,True,0.0,Barra Hall Park,UB3 2NH,Hillingdon,51.5179777,-0.4235929,09:30,10:30,,1,False,https://ourparks.org.uk/borough/bootcamp-109386
ourparks_109387_1931,Our Parks,Our Parks,Bootcamp,Bootcamp & Outdoor Fitness,Bootcamp,True,0.0,Barra Hall Park,UB3 2NH,Hillingdon,51.5179777,-0.4235929,09:30,10:30,,1,False,https://ourparks.org.uk/borough/bootcamp-109387
ourparks_109388_1932,Our Parks,Our Parks,Bootcamp,Bootcamp & Outdoor Fitness,Bootcamp,True,0.0,Barra Hall Park,UB3 2NH,Hillingdon,51.5179777,-0.4235929,09:30,10:30,,1,False,https://ourparks.org.uk/borough/bootcamp-109388
ourparks_109389_1933,Our Parks,Our Parks,Bootcamp,Bootcamp & Outdoor Fitness,Bootcamp,True,0.0,Barra Hall Park,UB3 2NH,Hillingdon,51.5179777,-0.4235929,09:30,10:30,,1,False,https://ourparks.org.uk/borough/bootcamp-109389
ourparks_109390_1934,Our Parks,Our Parks,Bootcamp,Bootcamp & Outdoor Fitness,Bootcamp,True,0.0,Barra Hall Park,UB3 2NH,Hillingdon,51.5179777,-0.4235929,09:30,10:30,,1,False,https://ourparks.org.uk/borough/bootcamp-109390
ourparks_109391_1935,Our Parks,Our Parks,Bootcamp,Bootcamp & Outdoor Fitness,Bootcamp,True,0.0,Barra Hall Park,UB3 2NH,Hillingdon,51.5179777,-0.4235929,09:30,10:30,,1,False,https://ourparks.org.uk/borough/bootcamp-109391
ourparks_109392_1936,Our Parks,Our Parks,Bootcamp,Bootcamp & Outdoor Fitness,Bootcamp,True,0.0,Barra Hall Park,UB3 2NH,Hillingdon,51.5179777,-0.4235929,09:30,10:30,,1,False,https://ourparks.org.uk/borough/bootcamp-109392
ourparks_109393_1937,Our Parks,Our Parks,Bootcamp,Bootcamp & Outdoor Fitness,Bootcamp,True,0.0,Barra Hall Park,UB3 2NH,Hillingdon,51.5179777,-0.4235929,09:30,10:30,,1,False,https://ourparks.org.uk/borough/bootcamp-109393
ourparks_109394_1938,Our Parks,Our Parks,Bootcamp,Bootcamp & Outdoor Fitness,Bootcamp,True,0.0,Barra Hall Park,UB3 2NH,Hillingdon,51.5179777,-0.4235929,09:30,10:30,,1,False,https://ourparks.org.uk/borough/bootcamp-109394
ourparks_109395_1939,Our Parks,Our Parks,Bootcamp,Bootcamp & Outdoor Fitness,Bootcamp,True,0.0,Barra Hall Park,UB3 2NH,Hillingdon,51.5179777,-0.4235929,09:30,10:30,,1,False,https://ourparks.org.uk/borough/bootcamp-109395
ourparks_109396_1940,Our Parks,Our Parks,Bootcamp,Bootcamp & Outdoor Fitness,Bootcamp,True,0.0,Barra Hall Park,UB3 2NH,Hillingdon,51.5179777,-0.4235929,09:30,10:30,,1,False,https://ourparks.org.uk/borough/bootcamp-109396
ourparks_109397_1941,Our Parks,Our Parks,Bootcamp,Bootcamp & Outdoor Fitness,Bootcamp,True,0.0,Barra Hall Park,UB3 2NH,Hillingdon,51.5179777,-0.4235929,09:30,10:30,,1,False,https://ourparks.org.uk/borough/bootcamp-109397
ourparks_109398_1942,Our Parks,Our Parks,Bootcamp,Bootcamp & Outdoor Fitness,Bootcamp,True,0.0,Barra Hall Park,UB3 2NH,Hillingdon,51.5179777,-0.4235929,09:30,10:30,,1,False,https://ourparks.org.uk/borough/bootcamp-109398
ourparks_109399_1943,Our Parks,Our Parks,Bootcamp,Bootcamp & Outdoor Fitness,Bootcamp,True,0.0,Barra Hall Park,UB3 2NH,Hillingdon,51.5179777,-0.4235929,09:30,10:30,,1,False,https://ourparks.org.uk/borough/bootcamp-109399
ourparks_109400_1944,Our Parks,Our Parks,Bootcamp,Bootcamp & Outdoor Fitness,Bootcamp,True,0.0,Barra Hall Park,UB3 2NH,Hillingdon,51.5179777,-0.4235929,09:30,10:30,,1,False,https://ourparks.org.uk/borough/bootcamp-109400
ourparks_109401_1945,Our Parks,Our Parks,Bootcamp,Bootcamp & Outdoor Fitness,Bootcamp,True,0.0,Barra Hall Park,UB3 2NH,Hillingdon,51.5179777,-0.4235929,09:30,10:30,,1,False,https://ourparks.org.uk/borough/bootcamp-109401
ourparks_109402_1946,Our Parks,Our Parks,Bootcamp,Bootcamp & Outdoor Fitness,Bootcamp,True,0.0,Barra Hall Park,UB3 2NH,Hillingdon,51.5179777,-0.4235929,09:30,10:30,,1,False,https://ourparks.org.uk/borough/bootcamp-109402
ourparks_109403_1947,Our Parks,Our Parks,Bootcamp,Bootcamp & Outdoor Fitness,Bootcamp,True,0.0,Barra Hall Park,UB3 2NH,Hillingdon,51.5179777,-0.4235929,09:30,10:30,,1,False,https://ourparks.org.uk/borough/bootcamp-109403
ourparks_109404_1948,Our Parks,Our Parks,Bootcamp,Bootcamp & Outdoor Fitness,Bootcamp,True,0.0,Barra Hall Park,UB3 2NH,Hillingdon,51.5179777,-0.4235929,09:30,10:30,,1,False,https://ourparks.org.uk/borough/bootcamp-109404
ourparks_109405_1949,Our Parks,Our Parks,Bootcamp,Bootcamp & Outdoor Fitness,Bootcamp,True,0.0,Barra Hall Park,UB3 2NH,Hillingdon,51.5179777,-0.4235929,09:30,10:30,,1,False,https://ourparks.org.uk/borough/bootcamp-109405
ourparks_109406_1950,Our Parks,Our Parks,Bootcamp,Bootcamp & Outdoor Fitness,Bootcamp,True,0.0,Barra Hall Park,UB3 2NH,Hillingdon,51.5179777,-0.4235929,09:30,10:30,,1,False,https://ourparks.org.uk/borough/bootcamp-109406
ourparks_109407_1951,Our Parks,Our Parks,Bootcamp,Bootcamp & Outdoor Fitness,Bootcamp,True,0.0,Barra Hall Park,UB3 2NH,Hillingdon,51.5179777,-0.4235929,09:30,10:30,,1,False,https://ourparks.org.uk/borough/bootcamp-109407
ourparks_109408_1952,Our Parks,Our Parks,Bootcamp,Bootcamp & Outdoor Fitness,Bootcamp,True,0.0,Barra Hall Park,UB3 2NH,Hillingdon,51.5179777,-0.4235929,09:30,10:30,,1,False,https://ourparks.org.uk/borough/bootcamp-109408
ourparks_109409_1953,Our Parks,Our Parks,Bootcamp,Bootcamp & Outdoor Fitness,Bootcamp,True,0.0,Barra Hall Park,UB3 2NH,Hillingdon,51.5179777,-0.4235929,09:30,10:30,,1,False,https://ourparks.org.uk/borough/bootcamp-109409
ourparks_109410_1954,Our Parks,Our Parks,Bootcamp,Bootcamp & Outdoor Fitness,Bootcamp,True,0.0,Barra Hall Park,UB3 2NH,Hillingdon,51.5179777,-0.4235929,09:30,10:30,,1,False,https://ourparks.org.uk/borough/bootcamp-109410
ourparks_109411_1955,Our Parks,Our Parks,Bootcamp,Bootcamp & Outdoor Fitness,Bootcamp,True,0.0,Barra Hall Park,UB3 2NH,Hillingdon,51.5179777,-0.4235929,09:30,10:30,,1,False,https://ourparks.org.uk/borough/bootcamp-109411
ourparks_109412_1956,Our Parks,Our Parks,Bootcamp,Bootcamp & Outdoor Fitness,Bootcamp,True,0.0,Barra Hall Park,UB3 2NH,Hillingdon,51.5179777,-0.4235929,09:30,10:30,,1,False,https://ourparks.org.uk/borough/bootcamp-109412
ourparks_109413_1957,Our Parks,Our Parks,Bootcamp,Bootcamp & Outdoor Fitness,Bootcamp,True,0.0,Barra Hall Park,UB3 2NH,Hillingdon,51.5179777,-0.4235929,09:30,10:30,,1,False,https://ourparks.org.uk/borough/bootcamp-109413
ourparks_109414_1958,Our Parks,Our Parks,Bootcamp,Bootcamp & Outdoor Fitness,Bootcamp,True,0.0,Barra Hall Park,UB3 2NH,Hillingdon,51.5179777,-0.4235929,09:30,10:30,,1,False,https://ourparks.org.uk/borough/bootcamp-109414
ourparks_109415_1959,Our Parks,Our Parks,Bootcamp,Bootcamp & Outdoor Fitness,Bootcamp,True,0.0,Barra Hall Park,UB3 2NH,Hillingdon,51.5179777,-0.4235929,09:30,10:30,,1,False,https://ourparks.org.uk/borough/bootcamp-109415
ourparks_109418_1960,Our Parks,Our Parks,Bootcamp,Bootcamp & Outdoor Fitness,Bootcamp,True,0.0,Barra Hall Park,UB3 2NH,Hillingdon,51.5179777,-0.4235929,09:30,10:30,,1,False,https://ourparks.org.uk/borough/bootcamp-109418
ourparks_109419_1961,Our Parks,Our Parks,Bootcamp,Bootcamp & Outdoor Fitness,Bootcamp,True,0.0,Barra Hall Park,UB3 2NH,Hillingdon,51.5179777,-0.4235929,09:30,10:30,,1,False,https://ourparks.org.uk/borough/bootcamp-109419
ourparks_109420_1962,Our Parks,Our Parks,Bootcamp,Bootcamp & Outdoor Fitness,Bootcamp,True,0.0,Barra Hall Park,UB3 2NH,Hillingdon,51.5179777,-0.4235929,09:30,10:30,,1,False,https://ourparks.org.uk/borough/bootcamp-109420
ourparks_109421_1963,Our Parks,Our Parks,Bootcamp,Bootcamp & Outdoor Fitness,Bootcamp,True,0.0,Barra Hall Park,UB3 2NH,Hillingdon,51.5179777,-0.4235929,09:30,10:30,,1,False,https://ourparks.org.uk/borough/bootcamp-109421
ourparks_109422_1964,Our Parks,Our Parks,Bootcamp,Bootcamp & Outdoor Fitness,Bootcamp,True,0.0,Barra Hall Park,UB3 2NH,Hillingdon,51.5179777,-0.4235929,09:30,10:30,,1,False,https://ourparks.org.uk/borough/bootcamp-109422
ourparks_109423_1965,Our Parks,Our Parks,Bootcamp,Bootcamp & Outdoor Fitness,Bootcamp,True,0.0,Barra Hall Park,UB3 2NH,Hillingdon,51.5179777,-0.4235929,09:30,10:30,,1,False,https://ourparks.org.uk/borough/bootcamp-109423
ourparks_109424_1966,Our Parks,Our Parks,Bootcamp,Bootcamp & Outdoor Fitness,Bootcamp,True,0.0,Barra Hall Park,UB3 2NH,Hillingdon,51.5179777,-0.4235929,09:30,10:30,,1,False,https://ourparks.org.uk/borough/bootcamp-109424
ourparks_109425_1967,Our Parks,Our Parks,Bootcamp,Bootcamp & Outdoor Fitness,Bootcamp,True,0.0,Barra Hall Park,UB3 2NH,Hillingdon,51.5179777,-0.4235929,09:30,10:30,,1,False,https://ourparks.org.uk/borough/bootcamp-109425
ourparks_109426_1968,Our Parks,Our Parks,Bootcamp,Bootcamp & Outdoor Fitness,Bootcamp,True,0.0,Barra Hall Park,UB3 2NH,Hillingdon,51.5179777,-0.4235929,09:30,10:30,,1,False,https://ourparks.org.uk/borough/bootcamp-109426
ourparks_109427_1969,Our Parks,Our Parks,Bootcamp,Bootcamp & Outdoor Fitness,Bootcamp,True,0.0,Barra Hall Park,UB3 2NH,Hillingdon,51.5179777,-0.4235929,09:30,10:30,,1,False,https://ourparks.org.uk/borough/bootcamp-109427
ourparks_109428_1970,Our Parks,Our Parks,Bootcamp,Bootcamp & Outdoor Fitness,Bootcamp,True,0.0,Barra Hall Park,UB3 2NH,Hillingdon,51.5179777,-0.4235929,09:30,10:30,,1,False,https://ourparks.org.uk/borough/bootcamp-109428
ourparks_109429_1971,Our Parks,Our Parks,Bootcamp,Bootcamp & Outdoor Fitness,Bootcamp,True,0.0,Barra Hall Park,UB3 2NH,Hillingdon,51.5179777,-0.4235929,09:30,10:30,,1,False,https://ourparks.org.uk/borough/bootcamp-109429
ourparks_109430_1972,Our Parks,Our Parks,Bootcamp,Bootcamp & Outdoor Fitness,Bootcamp,True,0.0,Barra Hall Park,UB3 2NH,Hillingdon,51.5179777,-0.4235929,09:30,10:30,,1,False,https://ourparks.org.uk/borough/bootcamp-109430
ourparks_109431_1973,Our Parks,Our Parks,Bootcamp,Bootcamp & Outdoor Fitness,Bootcamp,True,0.0,Hillingdon Court Park,UB10 9NT,Hillingdon,51.542145414625,-0.453846634192,09:00,10:00,,1,False,https://ourparks.org.uk/borough/bootcamp-109431
ourparks_109432_1974,Our Parks,Our Parks,Bootcamp,Bootcamp & Outdoor Fitness,Bootcamp,True,0.0,Hillingdon Court Park,UB10 9NT,Hillingdon,51.542145414625,-0.453846634192,09:00,10:00,,1,False,https://ourparks.org.uk/borough/bootcamp-109432
ourparks_109433_1975,Our Parks,Our Parks,Bootcamp,Bootcamp & Outdoor Fitness,Bootcamp,True,0.0,Hillingdon Court Park,UB10 9NT,Hillingdon,51.542145414625,-0.453846634192,09:00,10:00,,1,False,https://ourparks.org.uk/borough/bootcamp-109433
ourparks_109434_1976,Our Parks,Our Parks,Bootcamp,Bootcamp & Outdoor Fitness,Bootcamp,True,0.0,Hillingdon Court Park,UB10 9NT,Hillingdon,51.542145414625,-0.453846634192,09:00,10:00,,1,False,https://ourparks.org.uk/borough/bootcamp-109434
ourparks_109435_1977,Our Parks,Our Parks,Bootcamp,Bootcamp & Outdoor Fitness,Bootcamp,True,0.0,Hillingdon Court Park,UB10 9NT,Hillingdon,51.542145414625,-0.453846634192,09:00,10:00,,1,False,https://ourparks.org.uk/borough/bootcamp-109435
ourparks_109436_1978,Our Parks,Our Parks,Bootcamp,Bootcamp & Outdoor Fitness,Bootcamp,True,0.0,Hillingdon Court Park,UB10 9NT,Hillingdon,51.542145414625,-0.453846634192,09:00,10:00,,1,False,https://ourparks.org.uk/borough/bootcamp-109436
ourparks_109437_1979,Our Parks,Our Parks,Bootcamp,Bootcamp & Outdoor Fitness,Bootcamp,True,0.0,Hillingdon Court Park,UB10 9NT,Hillingdon,51.542145414625,-0.453846634192,09:00,10:00,,1,False,https://ourparks.org.uk/borough/bootcamp-109437
ourparks_109438_1980,Our Parks,Our Parks,Bootcamp,Bootcamp & Outdoor Fitness,Bootcamp,True,0.0,Hillingdon Court Park,UB10 9NT,Hillingdon,51.542145414625,-0.453846634192,09:00,10:00,,1,False,https://ourparks.org.uk/borough/bootcamp-109438
ourparks_109441_1981,Our Parks,Our Parks,Bootcamp,Bootcamp & Outdoor Fitness,Bootcamp,True,0.0,Hillingdon Court Park,UB10 9NT,Hillingdon,51.542145414625,-0.453846634192,09:00,10:00,,1,False,https://ourparks.org.uk/borough/bootcamp-109441
ourparks_109442_1982,Our Parks,Our Parks,Bootcamp,Bootcamp & Outdoor Fitness,Bootcamp,True,0.0,Hillingdon Court Park,UB10 9NT,Hillingdon,51.542145414625,-0.453846634192,09:00,10:00,,1,False,https://ourparks.org.uk/borough/bootcamp-109442
ourparks_109445_1983,Our Parks,Our Parks,Bootcamp,Bootcamp & Outdoor Fitness,Bootcamp,True,0.0,Hillingdon Court Park,UB10 9NT,Hillingdon,51.542145414625,-0.453846634192,09:00,10:00,,1,False,https://ourparks.org.uk/borough/bootcamp-109445
ourparks_109446_1984,Our Parks,Our Parks,Bootcamp,Bootcamp & Outdoor Fitness,Bootcamp,True,0.0,Hillingdon Court Park,UB10 9NT,Hillingdon,51.542145414625,-0.453846634192,09:00,10:00,,1,False,https://ourparks.org.uk/borough/bootcamp-109446
ourparks_109447_1985,Our Parks,Our Parks,Bootcamp,Bootcamp & Outdoor Fitness,Bootcamp,True,0.0,Hillingdon Court Park,UB10 9NT,Hillingdon,51.542145414625,-0.453846634192,09:00,10:00,,1,False,https://ourparks.org.uk/borough/bootcamp-109447
ourparks_109448_1986,Our Parks,Our Parks,Bootcamp,Bootcamp & Outdoor Fitness,Bootcamp,True,0.0,Hillingdon Court Park,UB10 9NT,Hillingdon,51.542145414625,-0.453846634192,09:00,10:00,,1,False,https://ourparks.org.uk/borough/bootcamp-109448
ourparks_109449_1987,Our Parks,Our Parks,Bootcamp,Bootcamp & Outdoor Fitness,Bootcamp,True,0.0,Hillingdon Court Park,UB10 9NT,Hillingdon,51.542145414625,-0.453846634192,09:00,10:00,,1,False,https://ourparks.org.uk/borough/bootcamp-109449
ourparks_109450_1988,Our Parks,Our Parks,Bootcamp,Bootcamp & Outdoor Fitness,Bootcamp,True,0.0,Hillingdon Court Park,UB10 9NT,Hillingdon,51.542145414625,-0.453846634192,09:00,10:00,,1,False,https://ourparks.org.uk/borough/bootcamp-109450
ourparks_109451_1989,Our Parks,Our Parks,Bootcamp,Bootcamp & Outdoor Fitness,Bootcamp,True,0.0,Hillingdon Court Park,UB10 9NT,Hillingdon,51.542145414625,-0.453846634192,09:00,10:00,,1,False,https://ourparks.org.uk/borough/bootcamp-109451
ourparks_109452_1990,Our Parks,Our Parks,Bootcamp,Bootcamp & Outdoor Fitness,Bootcamp,True,0.0,Hillingdon Court Park,UB10 9NT,Hillingdon,51.542145414625,-0.453846634192,09:00,10:00,,1,False,https://ourparks.org.uk/borough/bootcamp-109452
ourparks_109453_1991,Our Parks,Our Parks,Bootcamp,Bootcamp & Outdoor Fitness,Bootcamp,True,0.0,Hillingdon Court Park,UB10 9NT,Hillingdon,51.542145414625,-0.453846634192,09:00,10:00,,1,False,https://ourparks.org.uk/borough/bootcamp-109453
ourparks_109454_1992,Our Parks,Our Parks,Bootcamp,Bootcamp & Outdoor Fitness,Bootcamp,True,0.0,Hillingdon Court Park,UB10 9NT,Hillingdon,51.542145414625,-0.453846634192,09:00,10:00,,1,False,https://ourparks.org.uk/borough/bootcamp-109454
ourparks_109455_1993,Our Parks,Our Parks,Bootcamp,Bootcamp & Outdoor Fitness,Bootcamp,True,0.0,Hillingdon Court Park,UB10 9NT,Hillingdon,51.542145414625,-0.453846634192,09:00,10:00,,1,False,https://ourparks.org.uk/borough/bootcamp-109455
ourparks_109456_1994,Our Parks,Our Parks,Bootcamp,Bootcamp & Outdoor Fitness,Bootcamp,True,0.0,Hillingdon Court Park,UB10 9NT,Hillingdon,51.542145414625,-0.453846634192,09:00,10:00,,1,False,https://ourparks.org.uk/borough/bootcamp-109456
ourparks_109457_1995,Our Parks,Our Parks,Bootcamp,Bootcamp & Outdoor Fitness,Bootcamp,True,0.0,Hillingdon Court Park,UB10 9NT,Hillingdon,51.542145414625,-0.453846634192,09:00,10:00,,1,False,https://ourparks.org.uk/borough/bootcamp-109457
ourparks_109458_1996,Our Parks,Our Parks,Bootcamp,Bootcamp & Outdoor Fitness,Bootcamp,True,0.0,Hillingdon Court Park,UB10 9NT,Hillingdon,51.542145414625,-0.453846634192,09:00,10:00,,1,False,https://ourparks.org.uk/borough/bootcamp-109458
ourparks_109459_1997,Our Parks,Our Parks,Bootcamp,Bootcamp & Outdoor Fitness,Bootcamp,True,0.0,Hillingdon Court Park,UB10 9NT,Hillingdon,51.542145414625,-0.453846634192,09:00,10:00,,1,False,https://ourparks.org.uk/borough/bootcamp-109459
ourparks_109460_1998,Our Parks,Our Parks,Bootcamp,Bootcamp & Outdoor Fitness,Bootcamp,True,0.0,Hillingdon Court Park,UB10 9NT,Hillingdon,51.542145414625,-0.453846634192,09:00,10:00,,1,False,https://ourparks.org.uk/borough/bootcamp-109460
ourparks_109461_1999,Our Parks,Our Parks,Bootcamp,Bootcamp & Outdoor Fitness,Bootcamp,True,0.0,Hillingdon Court Park,UB10 9NT,Hillingdon,51.542145414625,-0.453846634192,09:00,10:00,,1,False,https://ourparks.org.uk/borough/bootcamp-109461
ourparks_109462_2000,Our Parks,Our Parks,Bootcamp,Bootcamp & Outdoor Fitness,Bootcamp,True,0.0,Hillingdon Court Park,UB10 9NT,Hillingdon,51.542145414625,-0.453846634192,09:00,10:00,,1,False,https://ourparks.org.uk/borough/bootcamp-109462
ourparks_109463_2001,Our Parks,Our Parks,Bootcamp,Bootcamp & Outdoor Fitness,Bootcamp,True,0.0,Hillingdon Court Park,UB10 9NT,Hillingdon,51.542145414625,-0.453846634192,09:00,10:00,,1,False,https://ourparks.org.uk/borough/bootcamp-109463
ourparks_109464_2002,Our Parks,Our Parks,Bootcamp,Bootcamp & Outdoor Fitness,Bootcamp,True,0.0,Hillingdon Court Park,UB10 9NT,Hillingdon,51.542145414625,-0.453846634192,09:00,10:00,,1,False,https://ourparks.org.uk/borough/bootcamp-109464
ourparks_109465_2003,Our Parks,Our Parks,Bootcamp,Bootcamp & Outdoor Fitness,Bootcamp,True,0.0,Hillingdon Court Park,UB10 9NT,Hillingdon,51.542145414625,-0.453846634192,09:00,10:00,,1,False,https://ourparks.org.uk/borough/bootcamp-109465
ourparks_109466_2004,Our Parks,Our Parks,Bootcamp,Bootcamp & Outdoor Fitness,Bootcamp,True,0.0,Hillingdon Court Park,UB10 9NT,Hillingdon,51.542145414625,-0.453846634192,09:00,10:00,,1,False,https://ourparks.org.uk/borough/bootcamp-109466
ourparks_109467_2005,Our Parks,Our Parks,Bootcamp,Bootcamp & Outdoor Fitness,Bootcamp,True,0.0,Hillingdon Court Park,UB10 9NT,Hillingdon,51.542145414625,-0.453846634192,09:00,10:00,,1,False,https://ourparks.org.uk/borough/bootcamp-109467
ourparks_109468_2006,Our Parks,Our Parks,Bootcamp,Bootcamp & Outdoor Fitness,Bootcamp,True,0.0,Hillingdon Court Park,UB10 9NT,Hillingdon,51.542145414625,-0.453846634192,09:00,10:00,,1,False,https://ourparks.org.uk/borough/bootcamp-109468
ourparks_109471_2007,Our Parks,Our Parks,Bootcamp,Bootcamp & Outdoor Fitness,Bootcamp,True,0.0,Hillingdon Court Park,UB10 9NT,Hillingdon,51.542145414625,-0.453846634192,09:00,10:00,,1,False,https://ourparks.org.uk/borough/bootcamp-109471
ourparks_109472_2008,Our Parks,Our Parks,Bootcamp,Bootcamp & Outdoor Fitness,Bootcamp,True,0.0,Hillingdon Court Park,UB10 9NT,Hillingdon,51.542145414625,-0.453846634192,09:00,10:00,,1,False,https://ourparks.org.uk/borough/bootcamp-109472
ourparks_109473_2009,Our Parks,Our Parks,Bootcamp,Bootcamp & Outdoor Fitness,Bootcamp,True,0.0,Hillingdon Court Park,UB10 9NT,Hillingdon,51.542145414625,-0.453846634192,09:00,10:00,,1,False,https://ourparks.org.uk/borough/bootcamp-109473
ourparks_109474_2010,Our Parks,Our Parks,Bootcamp,Bootcamp & Outdoor Fitness,Bootcamp,True,0.0,Hillingdon Court Park,UB10 9NT,Hillingdon,51.542145414625,-0.453846634192,09:00,10:00,,1,False,https://ourparks.org.uk/borough/bootcamp-109474
ourparks_109475_2011,Our Parks,Our Parks,Bootcamp,Bootcamp & Outdoor Fitness,Bootcamp,True,0.0,Hillingdon Court Park,UB10 9NT,Hillingdon,51.542145414625,-0.453846634192,09:00,10:00,,1,False,https://ourparks.org.uk/borough/bootcamp-109475
ourparks_109476_2012,Our Parks,Our Parks,Bootcamp,Bootcamp & Outdoor Fitness,Bootcamp,True,0.0,Hillingdon Court Park,UB10 9NT,Hillingdon,51.542145414625,-0.453846634192,09:00,10:00,,1,False,https://ourparks.org.uk/borough/bootcamp-109476
ourparks_109477_2013,Our Parks,Our Parks,Bootcamp,Bootcamp & Outdoor Fitness,Bootcamp,True,0.0,Hillingdon Court Park,UB10 9NT,Hillingdon,51.542145414625,-0.453846634192,09:00,10:00,,1,False,https://ourparks.org.uk/borough/bootcamp-109477
ourparks_109478_2014,Our Parks,Our Parks,Bootcamp,Bootcamp & Outdoor Fitness,Bootcamp,True,0.0,Hillingdon Court Park,UB10 9NT,Hillingdon,51.542145414625,-0.453846634192,09:00,10:00,,1,False,https://ourparks.org.uk/borough/bootcamp-109478
ourparks_109479_2015,Our Parks,Our Parks,Bootcamp,Bootcamp & Outdoor Fitness,Bootcamp,True,0.0,Hillingdon Court Park,UB10 9NT,Hillingdon,51.542145414625,-0.453846634192,09:00,10:00,,1,False,https://ourparks.org.uk/borough/bootcamp-109479
ourparks_109480_2016,Our Parks,Our Parks,Bootcamp,Bootcamp & Outdoor Fitness,Bootcamp,True,0.0,Hillingdon Court Park,UB10 9NT,Hillingdon,51.542145414625,-0.453846634192,09:00,10:00,,1,False,https://ourparks.org.uk/borough/bootcamp-109480
ourparks_109481_2017,Our Parks,Our Parks,Bootcamp,Bootcamp & Outdoor Fitness,Bootcamp,True,0.0,Hillingdon Court Park,UB10 9NT,Hillingdon,51.542145414625,-0.453846634192,09:00,10:00,,1,False,https://ourparks.org.uk/borough/bootcamp-109481
ourparks_109482_2018,Our Parks,Our Parks,Bootcamp,Bootcamp & Outdoor Fitness,Bootcamp,True,0.0,Hillingdon Court Park,UB10 9NT,Hillingdon,51.542145414625,-0.453846634192,09:00,10:00,,1,False,https://ourparks.org.uk/borough/bootcamp-109482
ourparks_109338_2019,Our Parks,Our Parks,Bootcamp,Bootcamp & Outdoor Fitness,Bootcamp,True,0.0,Harefield Village Green,UB9 6EG,Hillingdon,51.604697285476,-0.480577927343,08:30,09:30,,1,False,https://ourparks.org.uk/borough/bootcamp-109338
ourparks_109339_2020,Our Parks,Our Parks,Bootcamp,Bootcamp & Outdoor Fitness,Bootcamp,True,0.0,Harefield Village Green,UB9 6EG,Hillingdon,51.604697285476,-0.480577927343,08:30,09:30,,1,False,https://ourparks.org.uk/borough/bootcamp-109339
ourparks_109340_2021,Our Parks,Our Parks,Bootcamp,Bootcamp & Outdoor Fitness,Bootcamp,True,0.0,Harefield Village Green,UB9 6EG,Hillingdon,51.604697285476,-0.480577927343,08:30,09:30,,1,False,https://ourparks.org.uk/borough/bootcamp-109340
ourparks_109349_2022,Our Parks,Our Parks,Bootcamp,Bootcamp & Outdoor Fitness,Bootcamp,True,0.0,Harefield Village Green,UB9 6EG,Hillingdon,51.604697285476,-0.480577927343,08:30,09:30,,1,False,https://ourparks.org.uk/borough/bootcamp-109349
ourparks_107834_2023,Our Parks,Our Parks,Rise & shine Glute Buster,Gym / Fitness,Abs/Core,True,0.0,Our Parks Live,KT2 7EW,,51.5161826,-0.1735317,06:30,07:30,,1,True,https://ourparks.org.uk/borough/rise-shine-glute-buster-107834
ourparks_107835_2024,Our Parks,Our Parks,Rise & shine Glute Buster,Gym / Fitness,Abs/Core,True,0.0,Our Parks Live,KT2 7EW,,51.5161826,-0.1735317,06:30,07:30,,1,True,https://ourparks.org.uk/borough/rise-shine-glute-buster-107835
ourparks_107836_2025,Our Parks,Our Parks,Rise & shine Glute Buster,Gym / Fitness,Abs/Core,True,0.0,Our Parks Live,KT2 7EW,,51.5161826,-0.1735317,06:30,07:30,,1,True,https://ourparks.org.uk/borough/rise-shine-glute-buster-107836
ourparks_107837_2026,Our Parks,Our Parks,Rise & shine Glute Buster,Gym / Fitness,Abs/Core,True,0.0,Our Parks Live,KT2 7EW,,51.5161826,-0.1735317,06:30,07:30,,1,True,https://ourparks.org.uk/borough/rise-shine-glute-buster-107837
ourparks_107838_2027,Our Parks,Our Parks,Rise & shine Glute Buster,Gym / Fitness,Abs/Core,True,0.0,Our Parks Live,KT2 7EW,,51.5161826,-0.1735317,06:30,07:30,,1,True,https://ourparks.org.uk/borough/rise-shine-glute-buster-107838
ourparks_107839_2028,Our Parks,Our Parks,Rise & shine Glute Buster,Gym / Fitness,Abs/Core,True,0.0,Our Parks Live,KT2 7EW,,51.5161826,-0.1735317,06:30,07:30,,1,True,https://ourparks.org.uk/borough/rise-shine-glute-buster-107839
ourparks_107840_2029,Our Parks,Our Parks,Rise & shine Glute Buster,Gym / Fitness,Abs/Core,True,0.0,Our Parks Live,KT2 7EW,,51.5161826,-0.1735317,06:30,07:30,,1,True,https://ourparks.org.uk/borough/rise-shine-glute-buster-107840
ourparks_107841_2030,Our Parks,Our Parks,Rise & shine Glute Buster,Gym / Fitness,Abs/Core,True,0.0,Our Parks Live,KT2 7EW,,51.5161826,-0.1735317,06:30,07:30,,1,True,https://ourparks.org.uk/borough/rise-shine-glute-buster-107841
ourparks_107842_2031,Our Parks,Our Parks,Rise & shine Glute Buster,Gym / Fitness,Abs/Core,True,0.0,Our Parks Live,KT2 7EW,,51.5161826,-0.1735317,06:30,07:30,,1,True,https://ourparks.org.uk/borough/rise-shine-glute-buster-107842
ourparks_107843_2032,Our Parks,Our Parks,Rise & shine Glute Buster,Gym / Fitness,Abs/Core,True,0.0,Our Parks Live,KT2 7EW,,51.5161826,-0.1735317,06:30,07:30,,1,True,https://ourparks.org.uk/borough/rise-shine-glute-buster-107843
ourparks_107844_2033,Our Parks,Our Parks,Rise & shine Glute Buster,Gym / Fitness,Abs/Core,True,0.0,Our Parks Live,KT2 7EW,,51.5161826,-0.1735317,06:30,07:30,,1,True,https://ourparks.org.uk/borough/rise-shine-glute-buster-107844
ourparks_107845_2034,Our Parks,Our Parks,Rise & shine Glute Buster,Gym / Fitness,Abs/Core,True,0.0,Our Parks Live,KT2 7EW,,51.5161826,-0.1735317,06:30,07:30,,1,True,https://ourparks.org.uk/borough/rise-shine-glute-buster-107845
ourparks_107846_2035,Our Parks,Our Parks,Rise & shine Glute Buster,Gym / Fitness,Abs/Core,True,0.0,Our Parks Live,KT2 7EW,,51.5161826,-0.1735317,06:30,07:30,,1,True,https://ourparks.org.uk/borough/rise-shine-glute-buster-107846
ourparks_107847_2036,Our Parks,Our Parks,Rise & shine Glute Buster,Gym / Fitness,Abs/Core,True,0.0,Our Parks Live,KT2 7EW,,51.5161826,-0.1735317,06:30,07:30,,1,True,https://ourparks.org.uk/borough/rise-shine-glute-buster-107847
ourparks_107848_2037,Our Parks,Our Parks,Rise & shine Glute Buster,Gym / Fitness,Abs/Core,True,0.0,Our Parks Live,KT2 7EW,,51.5161826,-0.1735317,06:30,07:30,,1,True,https://ourparks.org.uk/borough/rise-shine-glute-buster-107848
ourparks_107849_2038,Our Parks,Our Parks,Rise & shine Glute Buster,Gym / Fitness,Abs/Core,True,0.0,Our Parks Live,KT2 7EW,,51.5161826,-0.1735317,06:30,07:30,,1,True,https://ourparks.org.uk/borough/rise-shine-glute-buster-107849
ourparks_107850_2039,Our Parks,Our Parks,Rise & shine Glute Buster,Gym / Fitness,Abs/Core,True,0.0,Our Parks Live,KT2 7EW,,51.5161826,-0.1735317,06:30,07:30,,1,True,https://ourparks.org.uk/borough/rise-shine-glute-buster-107850
ourparks_107851_2040,Our Parks,Our Parks,Rise & shine Glute Buster,Gym / Fitness,Abs/Core,True,0.0,Our Parks Live,KT2 7EW,,51.5161826,-0.1735317,06:30,07:30,,1,True,https://ourparks.org.uk/borough/rise-shine-glute-buster-107851
ourparks_107852_2041,Our Parks,Our Parks,Rise & shine Glute Buster,Gym / Fitness,Abs/Core,True,0.0,Our Parks Live,KT2 7EW,,51.5161826,-0.1735317,06:30,07:30,,1,True,https://ourparks.org.uk/borough/rise-shine-glute-buster-107852
ourparks_107853_2042,Our Parks,Our Parks,Rise & shine Glute Buster,Gym / Fitness,Abs/Core,True,0.0,Our Parks Live,KT2 7EW,,51.5161826,-0.1735317,06:30,07:30,,1,True,https://ourparks.org.uk/borough/rise-shine-glute-buster-107853
ourparks_107854_2043,Our Parks,Our Parks,Rise & shine Glute Buster,Gym / Fitness,Abs/Core,True,0.0,Our Parks Live,KT2 7EW,,51.5161826,-0.1735317,06:30,07:30,,1,True,https://ourparks.org.uk/borough/rise-shine-glute-buster-107854
ourparks_107855_2044,Our Parks,Our Parks,Rise & shine Glute Buster,Gym / Fitness,Abs/Core,True,0.0,Our Parks Live,KT2 7EW,,51.5161826,-0.1735317,06:30,07:30,,1,True,https://ourparks.org.uk/borough/rise-shine-glute-buster-107855
ourparks_107856_2045,Our Parks,Our Parks,Rise & shine Glute Buster,Gym / Fitness,Abs/Core,True,0.0,Our Parks Live,KT2 7EW,,51.5161826,-0.1735317,06:30,07:30,,1,True,https://ourparks.org.uk/borough/rise-shine-glute-buster-107856
ourparks_107857_2046,Our Parks,Our Parks,Rise & shine Glute Buster,Gym / Fitness,Abs/Core,True,0.0,Our Parks Live,KT2 7EW,,51.5161826,-0.1735317,06:30,07:30,,1,True,https://ourparks.org.uk/borough/rise-shine-glute-buster-107857
ourparks_107858_2047,Our Parks,Our Parks,Rise & shine Glute Buster,Gym / Fitness,Abs/Core,True,0.0,Our Parks Live,KT2 7EW,,51.5161826,-0.1735317,06:30,07:30,,1,True,https://ourparks.org.uk/borough/rise-shine-glute-buster-107858
ourparks_107859_2048,Our Parks,Our Parks,Rise & shine Glute Buster,Gym / Fitness,Abs/Core,True,0.0,Our Parks Live,KT2 7EW,,51.5161826,-0.1735317,06:30,07:30,,1,True,https://ourparks.org.uk/borough/rise-shine-glute-buster-107859
ourparks_107860_2049,Our Parks,Our Parks,Rise & shine Glute Buster,Gym / Fitness,Abs/Core,True,0.0,Our Parks Live,KT2 7EW,,51.5161826,-0.1735317,06:30,07:30,,1,True,https://ourparks.org.uk/borough/rise-shine-glute-buster-107860
ourparks_107861_2050,Our Parks,Our Parks,Rise & shine Glute Buster,Gym / Fitness,Abs/Core,True,0.0,Our Parks Live,KT2 7EW,,51.5161826,-0.1735317,06:30,07:30,,1,True,https://ourparks.org.uk/borough/rise-shine-glute-buster-107861
ourparks_107862_2051,Our Parks,Our Parks,Rise & shine Glute Buster,Gym / Fitness,Abs/Core,True,0.0,Our Parks Live,KT2 7EW,,51.5161826,-0.1735317,06:30,07:30,,1,True,https://ourparks.org.uk/borough/rise-shine-glute-buster-107862
ourparks_107863_2052,Our Parks,Our Parks,Rise & shine Glute Buster,Gym / Fitness,Abs/Core,True,0.0,Our Parks Live,KT2 7EW,,51.5161826,-0.1735317,06:30,07:30,,1,True,https://ourparks.org.uk/borough/rise-shine-glute-buster-107863
ourparks_107864_2053,Our Parks,Our Parks,Rise & shine Glute Buster,Gym / Fitness,Abs/Core,True,0.0,Our Parks Live,KT2 7EW,,51.5161826,-0.1735317,06:30,07:30,,1,True,https://ourparks.org.uk/borough/rise-shine-glute-buster-107864
ourparks_107865_2054,Our Parks,Our Parks,Rise & shine Glute Buster,Gym / Fitness,Abs/Core,True,0.0,Our Parks Live,KT2 7EW,,51.5161826,-0.1735317,06:30,07:30,,1,True,https://ourparks.org.uk/borough/rise-shine-glute-buster-107865
ourparks_107866_2055,Our Parks,Our Parks,Rise & shine Glute Buster,Gym / Fitness,Abs/Core,True,0.0,Our Parks Live,KT2 7EW,,51.5161826,-0.1735317,06:30,07:30,,1,True,https://ourparks.org.uk/borough/rise-shine-glute-buster-107866
ourparks_107867_2056,Our Parks,Our Parks,Rise & shine Glute Buster,Gym / Fitness,Abs/Core,True,0.0,Our Parks Live,KT2 7EW,,51.5161826,-0.1735317,06:30,07:30,,1,True,https://ourparks.org.uk/borough/rise-shine-glute-buster-107867
ourparks_107868_2057,Our Parks,Our Parks,Rise & shine Glute Buster,Gym / Fitness,Abs/Core,True,0.0,Our Parks Live,KT2 7EW,,51.5161826,-0.1735317,06:30,07:30,,1,True,https://ourparks.org.uk/borough/rise-shine-glute-buster-107868
ourparks_107869_2058,Our Parks,Our Parks,Rise & shine Glute Buster,Gym / Fitness,Abs/Core,True,0.0,Our Parks Live,KT2 7EW,,51.5161826,-0.1735317,06:30,07:30,,1,True,https://ourparks.org.uk/borough/rise-shine-glute-buster-107869
ourparks_107870_2059,Our Parks,Our Parks,Rise & shine Glute Buster,Gym / Fitness,Abs/Core,True,0.0,Our Parks Live,KT2 7EW,,51.5161826,-0.1735317,06:30,07:30,,1,True,https://ourparks.org.uk/borough/rise-shine-glute-buster-107870
ourparks_107871_2060,Our Parks,Our Parks,Rise & shine Glute Buster,Gym / Fitness,Abs/Core,True,0.0,Our Parks Live,KT2 7EW,,51.5161826,-0.1735317,06:30,07:30,,1,True,https://ourparks.org.uk/borough/rise-shine-glute-buster-107871
ourparks_107872_2061,Our Parks,Our Parks,Rise & shine Glute Buster,Gym / Fitness,Abs/Core,True,0.0,Our Parks Live,KT2 7EW,,51.5161826,-0.1735317,06:30,07:30,,1,True,https://ourparks.org.uk/borough/rise-shine-glute-buster-107872
ourparks_109486_2062,Our Parks,Our Parks,Strength & Toning,Bootcamp & Outdoor Fitness,Bootcamp,True,0.0,Bushy Park,TW12 1PA,Richmond upon Thames,51.425916856098,-0.356162815432,09:00,10:00,,1,False,https://ourparks.org.uk/borough/strength-toning-109486
ourparks_109487_2063,Our Parks,Our Parks,Strength & Toning,Bootcamp & Outdoor Fitness,Bootcamp,True,0.0,Bushy Park,TW12 1PA,Richmond upon Thames,51.425916856098,-0.356162815432,09:00,10:00,,1,False,https://ourparks.org.uk/borough/strength-toning-109487
ourparks_109488_2064,Our Parks,Our Parks,Strength & Toning,Bootcamp & Outdoor Fitness,Bootcamp,True,0.0,Bushy Park,TW12 1PA,Richmond upon Thames,51.425916856098,-0.356162815432,09:00,10:00,,1,False,https://ourparks.org.uk/borough/strength-toning-109488
ourparks_109489_2065,Our Parks,Our Parks,Strength & Toning,Bootcamp & Outdoor Fitness,Bootcamp,True,0.0,Bushy Park,TW12 1PA,Richmond upon Thames,51.425916856098,-0.356162815432,09:00,10:00,,1,False,https://ourparks.org.uk/borough/strength-toning-109489
ourparks_109490_2066,Our Parks,Our Parks,Strength & Toning,Bootcamp & Outdoor Fitness,Bootcamp,True,0.0,Bushy Park,TW12 1PA,Richmond upon Thames,51.425916856098,-0.356162815432,09:00,10:00,,1,False,https://ourparks.org.uk/borough/strength-toning-109490
ourparks_109491_2067,Our Parks,Our Parks,Strength & Toning,Bootcamp & Outdoor Fitness,Bootcamp,True,0.0,Bushy Park,TW12 1PA,Richmond upon Thames,51.425916856098,-0.356162815432,09:00,10:00,,1,False,https://ourparks.org.uk/borough/strength-toning-109491
ourparks_109493_2068,Our Parks,Our Parks,Strength & Toning,Bootcamp & Outdoor Fitness,Bootcamp,True,0.0,Bushy Park,TW12 1PA,Richmond upon Thames,51.425916856098,-0.356162815432,09:00,10:00,,1,False,https://ourparks.org.uk/borough/strength-toning-109493
ourparks_109494_2069,Our Parks,Our Parks,Strength & Toning,Bootcamp & Outdoor Fitness,Bootcamp,True,0.0,Bushy Park,TW12 1PA,Richmond upon Thames,51.425916856098,-0.356162815432,09:00,10:00,,1,False,https://ourparks.org.uk/borough/strength-toning-109494
ourparks_109495_2070,Our Parks,Our Parks,Strength & Toning,Bootcamp & Outdoor Fitness,Bootcamp,True,0.0,Bushy Park,TW12 1PA,Richmond upon Thames,51.425916856098,-0.356162815432,09:00,10:00,,1,False,https://ourparks.org.uk/borough/strength-toning-109495
ourparks_109496_2071,Our Parks,Our Parks,Strength & Toning,Bootcamp & Outdoor Fitness,Bootcamp,True,0.0,Bushy Park,TW12 1PA,Richmond upon Thames,51.425916856098,-0.356162815432,09:00,10:00,,1,False,https://ourparks.org.uk/borough/strength-toning-109496
ourparks_109497_2072,Our Parks,Our Parks,Strength & Toning,Bootcamp & Outdoor Fitness,Bootcamp,True,0.0,Bushy Park,TW12 1PA,Richmond upon Thames,51.425916856098,-0.356162815432,09:00,10:00,,1,False,https://ourparks.org.uk/borough/strength-toning-109497
ourparks_109498_2073,Our Parks,Our Parks,Strength & Toning,Bootcamp & Outdoor Fitness,Bootcamp,True,0.0,Bushy Park,TW12 1PA,Richmond upon Thames,51.425916856098,-0.356162815432,09:00,10:00,,1,False,https://ourparks.org.uk/borough/strength-toning-109498
ourparks_109499_2074,Our Parks,Our Parks,Strength & Toning,Bootcamp & Outdoor Fitness,Bootcamp,True,0.0,Bushy Park,TW12 1PA,Richmond upon Thames,51.425916856098,-0.356162815432,09:00,10:00,,1,False,https://ourparks.org.uk/borough/strength-toning-109499
ourparks_109500_2075,Our Parks,Our Parks,Strength & Toning,Bootcamp & Outdoor Fitness,Bootcamp,True,0.0,Bushy Park,TW12 1PA,Richmond upon Thames,51.425916856098,-0.356162815432,09:00,10:00,,1,False,https://ourparks.org.uk/borough/strength-toning-109500
ourparks_109501_2076,Our Parks,Our Parks,Strength & Toning,Bootcamp & Outdoor Fitness,Bootcamp,True,0.0,Bushy Park,TW12 1PA,Richmond upon Thames,51.425916856098,-0.356162815432,09:00,10:00,,1,False,https://ourparks.org.uk/borough/strength-toning-109501
ourparks_109502_2077,Our Parks,Our Parks,Strength & Toning,Bootcamp & Outdoor Fitness,Bootcamp,True,0.0,Bushy Park,TW12 1PA,Richmond upon Thames,51.425916856098,-0.356162815432,09:00,10:00,,1,False,https://ourparks.org.uk/borough/strength-toning-109502
ourparks_109503_2078,Our Parks,Our Parks,Strength & Toning,Bootcamp & Outdoor Fitness,Bootcamp,True,0.0,Bushy Park,TW12 1PA,Richmond upon Thames,51.425916856098,-0.356162815432,09:00,10:00,,1,False,https://ourparks.org.uk/borough/strength-toning-109503
ourparks_109504_2079,Our Parks,Our Parks,Strength & Toning,Bootcamp & Outdoor Fitness,Bootcamp,True,0.0,Bushy Park,TW12 1PA,Richmond upon Thames,51.425916856098,-0.356162815432,09:00,10:00,,1,False,https://ourparks.org.uk/borough/strength-toning-109504
ourparks_109505_2080,Our Parks,Our Parks,Strength & Toning,Bootcamp & Outdoor Fitness,Bootcamp,True,0.0,Bushy Park,TW12 1PA,Richmond upon Thames,51.425916856098,-0.356162815432,09:00,10:00,,1,False,https://ourparks.org.uk/borough/strength-toning-109505
ourparks_109506_2081,Our Parks,Our Parks,Strength & Toning,Bootcamp & Outdoor Fitness,Bootcamp,True,0.0,Bushy Park,TW12 1PA,Richmond upon Thames,51.425916856098,-0.356162815432,09:00,10:00,,1,False,https://ourparks.org.uk/borough/strength-toning-109506
ourparks_109507_2082,Our Parks,Our Parks,Strength & Toning,Bootcamp & Outdoor Fitness,Bootcamp,True,0.0,Bushy Park,TW12 1PA,Richmond upon Thames,51.425916856098,-0.356162815432,09:00,10:00,,1,False,https://ourparks.org.uk/borough/strength-toning-109507
ourparks_109508_2083,Our Parks,Our Parks,Strength & Toning,Bootcamp & Outdoor Fitness,Bootcamp,True,0.0,Bushy Park,TW12 1PA,Richmond upon Thames,51.425916856098,-0.356162815432,09:00,10:00,,1,False,https://ourparks.org.uk/borough/strength-toning-109508
ourparks_109509_2084,Our Parks,Our Parks,Strength & Toning,Bootcamp & Outdoor Fitness,Bootcamp,True,0.0,Bushy Park,TW12 1PA,Richmond upon Thames,51.425916856098,-0.356162815432,09:00,10:00,,1,False,https://ourparks.org.uk/borough/strength-toning-109509
ourparks_109510_2085,Our Parks,Our Parks,Strength & Toning,Bootcamp & Outdoor Fitness,Bootcamp,True,0.0,Bushy Park,TW12 1PA,Richmond upon Thames,51.425916856098,-0.356162815432,09:00,10:00,,1,False,https://ourparks.org.uk/borough/strength-toning-109510
ourparks_109511_2086,Our Parks,Our Parks,Strength & Toning,Bootcamp & Outdoor Fitness,Bootcamp,True,0.0,Bushy Park,TW12 1PA,Richmond upon Thames,51.425916856098,-0.356162815432,09:00,10:00,,1,False,https://ourparks.org.uk/borough/strength-toning-109511
ourparks_109512_2087,Our Parks,Our Parks,Strength & Toning,Bootcamp & Outdoor Fitness,Bootcamp,True,0.0,Bushy Park,TW12 1PA,Richmond upon Thames,51.425916856098,-0.356162815432,09:00,10:00,,1,False,https://ourparks.org.uk/borough/strength-toning-109512
ourparks_109513_2088,Our Parks,Our Parks,Strength & Toning,Bootcamp & Outdoor Fitness,Bootcamp,True,0.0,Bushy Park,TW12 1PA,Richmond upon Thames,51.425916856098,-0.356162815432,09:00,10:00,,1,False,https://ourparks.org.uk/borough/strength-toning-109513
ourparks_109514_2089,Our Parks,Our Parks,Strength & Toning,Bootcamp & Outdoor Fitness,Bootcamp,True,0.0,Bushy Park,TW12 1PA,Richmond upon Thames,51.425916856098,-0.356162815432,09:00,10:00,,1,False,https://ourparks.org.uk/borough/strength-toning-109514
ourparks_109515_2090,Our Parks,Our Parks,Strength & Toning,Bootcamp & Outdoor Fitness,Bootcamp,True,0.0,Bushy Park,TW12 1PA,Richmond upon Thames,51.425916856098,-0.356162815432,09:00,10:00,,1,False,https://ourparks.org.uk/borough/strength-toning-109515
ourparks_109544_2091,Our Parks,Our Parks,Full Body Workout,Bootcamp & Outdoor Fitness,Bootcamp,True,0.0,Kensington Gardens,W2 3JH,Westminster,51.506987,-0.179165,09:00,10:00,,1,False,https://ourparks.org.uk/borough/full-body-workout-109544
ourparks_109545_2092,Our Parks,Our Parks,Full Body Workout,Bootcamp & Outdoor Fitness,Bootcamp,True,0.0,Kensington Gardens,W2 3JH,Westminster,51.506987,-0.179165,09:00,10:00,,1,False,https://ourparks.org.uk/borough/full-body-workout-109545
ourparks_109546_2093,Our Parks,Our Parks,Full Body Workout,Bootcamp & Outdoor Fitness,Bootcamp,True,0.0,Kensington Gardens,W2 3JH,Westminster,51.506987,-0.179165,09:00,10:00,,1,False,https://ourparks.org.uk/borough/full-body-workout-109546
ourparks_109547_2094,Our Parks,Our Parks,Full Body Workout,Bootcamp & Outdoor Fitness,Bootcamp,True,0.0,Kensington Gardens,W2 3JH,Westminster,51.506987,-0.179165,09:00,10:00,,1,False,https://ourparks.org.uk/borough/full-body-workout-109547
ourparks_109548_2095,Our Parks,Our Parks,Full Body Workout,Bootcamp & Outdoor Fitness,Bootcamp,True,0.0,Kensington Gardens,W2 3JH,Westminster,51.506987,-0.179165,09:00,10:00,,1,False,https://ourparks.org.uk/borough/full-body-workout-109548
ourparks_109553_2096,Our Parks,Our Parks,Full Body Workout,Bootcamp & Outdoor Fitness,Bootcamp,True,0.0,Kensington Gardens,W2 3JH,Westminster,51.506987,-0.179165,09:00,10:00,,1,False,https://ourparks.org.uk/borough/full-body-workout-109553
ourparks_109558_2097,Our Parks,Our Parks,Full Body Workout,Bootcamp & Outdoor Fitness,Bootcamp,True,0.0,Kensington Gardens,W2 3JH,Westminster,51.506987,-0.179165,09:00,10:00,,1,False,https://ourparks.org.uk/borough/full-body-workout-109558
ourparks_109559_2098,Our Parks,Our Parks,Full Body Workout,Bootcamp & Outdoor Fitness,Bootcamp,True,0.0,Kensington Gardens,W2 3JH,Westminster,51.506987,-0.179165,09:00,10:00,,1,False,https://ourparks.org.uk/borough/full-body-workout-109559
ourparks_109560_2099,Our Parks,Our Parks,Full Body Workout,Bootcamp & Outdoor Fitness,Bootcamp,True,0.0,Kensington Gardens,W2 3JH,Westminster,51.506987,-0.179165,09:00,10:00,,1,False,https://ourparks.org.uk/borough/full-body-workout-109560
ourparks_109561_2100,Our Parks,Our Parks,Full Body Workout,Bootcamp & Outdoor Fitness,Bootcamp,True,0.0,Kensington Gardens,W2 3JH,Westminster,51.506987,-0.179165,09:00,10:00,,1,False,https://ourparks.org.uk/borough/full-body-workout-109561
ourparks_109562_2101,Our Parks,Our Parks,Full Body Workout,Bootcamp & Outdoor Fitness,Bootcamp,True,0.0,Kensington Gardens,W2 3JH,Westminster,51.506987,-0.179165,09:00,10:00,,1,False,https://ourparks.org.uk/borough/full-body-workout-109562
ourparks_109563_2102,Our Parks,Our Parks,Full Body Workout,Bootcamp & Outdoor Fitness,Bootcamp,True,0.0,Kensington Gardens,W2 3JH,Westminster,51.506987,-0.179165,09:00,10:00,,1,False,https://ourparks.org.uk/borough/full-body-workout-109563
ourparks_109564_2103,Our Parks,Our Parks,Full Body Workout,Bootcamp & Outdoor Fitness,Bootcamp,True,0.0,Kensington Gardens,W2 3JH,Westminster,51.506987,-0.179165,09:00,10:00,,1,False,https://ourparks.org.uk/borough/full-body-workout-109564
ourparks_109565_2104,Our Parks,Our Parks,Full Body Workout,Bootcamp & Outdoor Fitness,Bootcamp,True,0.0,Kensington Gardens,W2 3JH,Westminster,51.506987,-0.179165,09:00,10:00,,1,False,https://ourparks.org.uk/borough/full-body-workout-109565
ourparks_109566_2105,Our Parks,Our Parks,Full Body Workout,Bootcamp & Outdoor Fitness,Bootcamp,True,0.0,Kensington Gardens,W2 3JH,Westminster,51.506987,-0.179165,09:00,10:00,,1,False,https://ourparks.org.uk/borough/full-body-workout-109566
ourparks_109567_2106,Our Parks,Our Parks,Full Body Workout,Bootcamp & Outdoor Fitness,Bootcamp,True,0.0,Kensington Gardens,W2 3JH,Westminster,51.506987,-0.179165,09:00,10:00,,1,False,https://ourparks.org.uk/borough/full-body-workout-109567
ourparks_109568_2107,Our Parks,Our Parks,Full Body Workout,Bootcamp & Outdoor Fitness,Bootcamp,True,0.0,Kensington Gardens,W2 3JH,Westminster,51.506987,-0.179165,09:00,10:00,,1,False,https://ourparks.org.uk/borough/full-body-workout-109568
ourparks_109569_2108,Our Parks,Our Parks,Full Body Workout,Bootcamp & Outdoor Fitness,Bootcamp,True,0.0,Kensington Gardens,W2 3JH,Westminster,51.506987,-0.179165,09:00,10:00,,1,False,https://ourparks.org.uk/borough/full-body-workout-109569
ourparks_109570_2109,Our Parks,Our Parks,Full Body Workout,Bootcamp & Outdoor Fitness,Bootcamp,True,0.0,Kensington Gardens,W2 3JH,Westminster,51.506987,-0.179165,09:00,10:00,,1,False,https://ourparks.org.uk/borough/full-body-workout-109570
ourparks_109571_2110,Our Parks,Our Parks,Full Body Workout,Bootcamp & Outdoor Fitness,Bootcamp,True,0.0,Kensington Gardens,W2 3JH,Westminster,51.506987,-0.179165,09:00,10:00,,1,False,https://ourparks.org.uk/borough/full-body-workout-109571
ourparks_109572_2111,Our Parks,Our Parks,Full Body Workout,Bootcamp & Outdoor Fitness,Bootcamp,True,0.0,Kensington Gardens,W2 3JH,Westminster,51.506987,-0.179165,09:00,10:00,,1,False,https://ourparks.org.uk/borough/full-body-workout-109572
ourparks_109573_2112,Our Parks,Our Parks,Full Body Workout,Bootcamp & Outdoor Fitness,Bootcamp,True,0.0,Kensington Gardens,W2 3JH,Westminster,51.506987,-0.179165,09:00,10:00,,1,False,https://ourparks.org.uk/borough/full-body-workout-109573
ourparks_106948_2113,Our Parks,Our Parks,"Abs, Bums & Thighs (ABT)",Gym / Fitness,Abs/Core,True,0.0,Roundwood Park,NW10 3RT,Brent,51.5420062,-0.2403952,09:00,10:00,,1,False,https://ourparks.org.uk/borough/abs-bums-thighs-abt-106948
ourparks_109576_2114,Our Parks,Our Parks,Beginners Bootcamp,Bootcamp & Outdoor Fitness,Bootcamp,True,0.0,Walthamstow Marshes,E10 7QL,Waltham Forest,51.564823676338,-0.045328683324,08:00,09:00,,1,False,https://ourparks.org.uk/borough/beginners-bootcamp-109576
ourparks_109577_2115,Our Parks,Our Parks,Beginners Bootcamp,Bootcamp & Outdoor Fitness,Bootcamp,True,0.0,Walthamstow Marshes,E10 7QL,Waltham Forest,51.564823676338,-0.045328683324,08:00,09:00,,1,False,https://ourparks.org.uk/borough/beginners-bootcamp-109577
ourparks_109578_2116,Our Parks,Our Parks,Beginners Bootcamp,Bootcamp & Outdoor Fitness,Bootcamp,True,0.0,Walthamstow Marshes,E10 7QL,Waltham Forest,51.564823676338,-0.045328683324,08:00,09:00,,1,False,https://ourparks.org.uk/borough/beginners-bootcamp-109578
ourparks_109579_2117,Our Parks,Our Parks,Beginners Bootcamp,Bootcamp & Outdoor Fitness,Bootcamp,True,0.0,Walthamstow Marshes,E10 7QL,Waltham Forest,51.564823676338,-0.045328683324,08:00,09:00,,1,False,https://ourparks.org.uk/borough/beginners-bootcamp-109579
ourparks_109581_2118,Our Parks,Our Parks,Beginners Bootcamp,Bootcamp & Outdoor Fitness,Bootcamp,True,0.0,Walthamstow Marshes,E10 7QL,Waltham Forest,51.564823676338,-0.045328683324,08:00,09:00,,1,False,https://ourparks.org.uk/borough/beginners-bootcamp-109581
ourparks_109582_2119,Our Parks,Our Parks,Beginners Bootcamp,Bootcamp & Outdoor Fitness,Bootcamp,True,0.0,Walthamstow Marshes,E10 7QL,Waltham Forest,51.564823676338,-0.045328683324,08:00,09:00,,1,False,https://ourparks.org.uk/borough/beginners-bootcamp-109582
ourparks_109583_2120,Our Parks,Our Parks,Beginners Bootcamp,Bootcamp & Outdoor Fitness,Bootcamp,True,0.0,Walthamstow Marshes,E10 7QL,Waltham Forest,51.564823676338,-0.045328683324,08:00,09:00,,1,False,https://ourparks.org.uk/borough/beginners-bootcamp-109583
ourparks_109584_2121,Our Parks,Our Parks,Beginners Bootcamp,Bootcamp & Outdoor Fitness,Bootcamp,True,0.0,Walthamstow Marshes,E10 7QL,Waltham Forest,51.564823676338,-0.045328683324,08:00,09:00,,1,False,https://ourparks.org.uk/borough/beginners-bootcamp-109584
ourparks_109586_2122,Our Parks,Our Parks,Beginners Bootcamp,Bootcamp & Outdoor Fitness,Bootcamp,True,0.0,Walthamstow Marshes,E10 7QL,Waltham Forest,51.564823676338,-0.045328683324,08:00,09:00,,1,False,https://ourparks.org.uk/borough/beginners-bootcamp-109586
ourparks_109587_2123,Our Parks,Our Parks,Beginners Bootcamp,Bootcamp & Outdoor Fitness,Bootcamp,True,0.0,Walthamstow Marshes,E10 7QL,Waltham Forest,51.564823676338,-0.045328683324,08:00,09:00,,1,False,https://ourparks.org.uk/borough/beginners-bootcamp-109587
ourparks_109601_2124,Our Parks,Our Parks,Beginners Bootcamp,Bootcamp & Outdoor Fitness,Bootcamp,True,0.0,Walthamstow Marshes,E10 7QL,Waltham Forest,51.564823676338,-0.045328683324,08:00,09:00,,1,False,https://ourparks.org.uk/borough/beginners-bootcamp-109601
ourparks_109602_2125,Our Parks,Our Parks,Beginners Bootcamp,Bootcamp & Outdoor Fitness,Bootcamp,True,0.0,Walthamstow Marshes,E10 7QL,Waltham Forest,51.564823676338,-0.045328683324,08:00,09:00,,1,False,https://ourparks.org.uk/borough/beginners-bootcamp-109602
ourparks_109603_2126,Our Parks,Our Parks,Beginners Bootcamp,Bootcamp & Outdoor Fitness,Bootcamp,True,0.0,Walthamstow Marshes,E10 7QL,Waltham Forest,51.564823676338,-0.045328683324,08:00,09:00,,1,False,https://ourparks.org.uk/borough/beginners-bootcamp-109603
ourparks_109604_2127,Our Parks,Our Parks,Beginners Bootcamp,Bootcamp & Outdoor Fitness,Bootcamp,True,0.0,Walthamstow Marshes,E10 7QL,Waltham Forest,51.564823676338,-0.045328683324,08:00,09:00,,1,False,https://ourparks.org.uk/borough/beginners-bootcamp-109604
ourparks_109605_2128,Our Parks,Our Parks,Beginners Bootcamp,Bootcamp & Outdoor Fitness,Bootcamp,True,0.0,Walthamstow Marshes,E10 7QL,Waltham Forest,51.564823676338,-0.045328683324,08:00,09:00,,1,False,https://ourparks.org.uk/borough/beginners-bootcamp-109605
ourparks_109606_2129,Our Parks,Our Parks,Beginners Bootcamp,Bootcamp & Outdoor Fitness,Bootcamp,True,0.0,Walthamstow Marshes,E10 7QL,Waltham Forest,51.564823676338,-0.045328683324,08:00,09:00,,1,False,https://ourparks.org.uk/borough/beginners-bootcamp-109606
ourparks_109607_2130,Our Parks,Our Parks,Beginners Bootcamp,Bootcamp & Outdoor Fitness,Bootcamp,True,0.0,Walthamstow Marshes,E10 7QL,Waltham Forest,51.564823676338,-0.045328683324,08:00,09:00,,1,False,https://ourparks.org.uk/borough/beginners-bootcamp-109607
ourparks_109608_2131,Our Parks,Our Parks,Beginners Bootcamp,Bootcamp & Outdoor Fitness,Bootcamp,True,0.0,Walthamstow Marshes,E10 7QL,Waltham Forest,51.564823676338,-0.045328683324,08:00,09:00,,1,False,https://ourparks.org.uk/borough/beginners-bootcamp-109608
ourparks_109609_2132,Our Parks,Our Parks,Beginners Bootcamp,Bootcamp & Outdoor Fitness,Bootcamp,True,0.0,Walthamstow Marshes,E10 7QL,Waltham Forest,51.564823676338,-0.045328683324,08:00,09:00,,1,False,https://ourparks.org.uk/borough/beginners-bootcamp-109609
ourparks_109610_2133,Our Parks,Our Parks,Beginners Bootcamp,Bootcamp & Outdoor Fitness,Bootcamp,True,0.0,Walthamstow Marshes,E10 7QL,Waltham Forest,51.564823676338,-0.045328683324,08:00,09:00,,1,False,https://ourparks.org.uk/borough/beginners-bootcamp-109610
ourparks_109611_2134,Our Parks,Our Parks,Beginners Bootcamp,Bootcamp & Outdoor Fitness,Bootcamp,True,0.0,Walthamstow Marshes,E10 7QL,Waltham Forest,51.564823676338,-0.045328683324,08:00,09:00,,1,False,https://ourparks.org.uk/borough/beginners-bootcamp-109611
ourparks_109612_2135,Our Parks,Our Parks,Beginners Bootcamp,Bootcamp & Outdoor Fitness,Bootcamp,True,0.0,Walthamstow Marshes,E10 7QL,Waltham Forest,51.564823676338,-0.045328683324,08:00,09:00,,1,False,https://ourparks.org.uk/borough/beginners-bootcamp-109612
ourparks_109615_2136,Our Parks,Our Parks,Beginners Bootcamp,Bootcamp & Outdoor Fitness,Bootcamp,True,0.0,Walthamstow Marshes,E10 7QL,Waltham Forest,51.564823676338,-0.045328683324,08:00,09:00,,1,False,https://ourparks.org.uk/borough/beginners-bootcamp-109615
ourparks_109616_2137,Our Parks,Our Parks,Beginners Bootcamp,Bootcamp & Outdoor Fitness,Bootcamp,True,0.0,Walthamstow Marshes,E10 7QL,Waltham Forest,51.564823676338,-0.045328683324,08:00,09:00,,1,False,https://ourparks.org.uk/borough/beginners-bootcamp-109616
ourparks_109617_2138,Our Parks,Our Parks,Beginners Bootcamp,Bootcamp & Outdoor Fitness,Bootcamp,True,0.0,Walthamstow Marshes,E10 7QL,Waltham Forest,51.564823676338,-0.045328683324,08:00,09:00,,1,False,https://ourparks.org.uk/borough/beginners-bootcamp-109617
ourparks_107785_2139,Our Parks,Our Parks,Rise & Shine Core Workout,Gym / Fitness,Abs/Core,True,0.0,Our Parks Live,KT2 7EW,,51.5161826,-0.1735317,06:30,07:30,,1,True,https://ourparks.org.uk/borough/rise-shine-core-workout-107785
ourparks_107786_2140,Our Parks,Our Parks,Rise & Shine Core Workout,Gym / Fitness,Abs/Core,True,0.0,Our Parks Live,KT2 7EW,,51.5161826,-0.1735317,06:30,07:30,,1,True,https://ourparks.org.uk/borough/rise-shine-core-workout-107786
ourparks_107784_2141,Our Parks,Our Parks,Rise & Shine Core Workout,Gym / Fitness,Abs/Core,True,0.0,Our Parks Live,KT2 7EW,,51.5161826,-0.1735317,06:30,07:30,,1,True,https://ourparks.org.uk/borough/rise-shine-core-workout-107784
ourparks_109688_2142,Our Parks,Our Parks,Yoga,"Yoga, Pilates & Studio",Yoga,True,0.0,Danson Park,DA6 8HL,Bexley,51.457714156037,0.117872564391,16:30,17:30,,1,False,https://ourparks.org.uk/borough/yoga-109688
ourparks_109689_2143,Our Parks,Our Parks,Yoga,"Yoga, Pilates & Studio",Yoga,True,0.0,Danson Park,DA6 8HL,Bexley,51.457714156037,0.117872564391,16:30,17:30,,1,False,https://ourparks.org.uk/borough/yoga-109689
ourparks_109691_2144,Our Parks,Our Parks,Yoga,"Yoga, Pilates & Studio",Yoga,True,0.0,Danson Park,DA6 8HL,Bexley,51.457714156037,0.117872564391,16:30,17:30,,1,False,https://ourparks.org.uk/borough/yoga-109691
ourparks_109693_2145,Our Parks,Our Parks,Yoga,"Yoga, Pilates & Studio",Yoga,True,0.0,Danson Park,DA6 8HL,Bexley,51.457714156037,0.117872564391,16:30,17:30,,1,False,https://ourparks.org.uk/borough/yoga-109693
ourparks_109694_2146,Our Parks,Our Parks,Yoga,"Yoga, Pilates & Studio",Yoga,True,0.0,Danson Park,DA6 8HL,Bexley,51.457714156037,0.117872564391,16:30,17:30,,1,False,https://ourparks.org.uk/borough/yoga-109694
ourparks_109695_2147,Our Parks,Our Parks,Yoga,"Yoga, Pilates & Studio",Yoga,True,0.0,Danson Park,DA6 8HL,Bexley,51.457714156037,0.117872564391,16:30,17:30,,1,False,https://ourparks.org.uk/borough/yoga-109695
ourparks_109696_2148,Our Parks,Our Parks,Yoga,"Yoga, Pilates & Studio",Yoga,True,0.0,Danson Park,DA6 8HL,Bexley,51.457714156037,0.117872564391,16:30,17:30,,1,False,https://ourparks.org.uk/borough/yoga-109696
ourparks_109756_2149,Our Parks,Our Parks,Back to Exercise,Group Exercise,Group Exercise,True,0.0,Foots Cray Meadows,DA14 4PS,Bexley,51.432911516763,0.134709314101,16:30,17:30,,1,False,https://ourparks.org.uk/borough/back-exercise-109756
ourparks_109757_2150,Our Parks,Our Parks,Back to Exercise,Group Exercise,Group Exercise,True,0.0,Foots Cray Meadows,DA14 4PS,Bexley,51.432911516763,0.134709314101,16:30,17:30,,1,False,https://ourparks.org.uk/borough/back-exercise-109757
ourparks_109759_2151,Our Parks,Our Parks,Back to Exercise,Group Exercise,Group Exercise,True,0.0,Foots Cray Meadows,DA14 4PS,Bexley,51.432911516763,0.134709314101,16:30,17:30,,1,False,https://ourparks.org.uk/borough/back-exercise-109759
ourparks_109760_2152,Our Parks,Our Parks,Back to Exercise,Group Exercise,Group Exercise,True,0.0,Foots Cray Meadows,DA14 4PS,Bexley,51.432911516763,0.134709314101,16:30,17:30,,1,False,https://ourparks.org.uk/borough/back-exercise-109760
ourparks_109762_2153,Our Parks,Our Parks,Back to Exercise,Group Exercise,Group Exercise,True,0.0,Foots Cray Meadows,DA14 4PS,Bexley,51.432911516763,0.134709314101,16:30,17:30,,1,False,https://ourparks.org.uk/borough/back-exercise-109762
ourparks_109764_2154,Our Parks,Our Parks,Back to Exercise,Group Exercise,Group Exercise,True,0.0,Foots Cray Meadows,DA14 4PS,Bexley,51.432911516763,0.134709314101,16:30,17:30,,1,False,https://ourparks.org.uk/borough/back-exercise-109764
ourparks_109765_2155,Our Parks,Our Parks,Back to Exercise,Group Exercise,Group Exercise,True,0.0,Foots Cray Meadows,DA14 4PS,Bexley,51.432911516763,0.134709314101,16:30,17:30,,1,False,https://ourparks.org.uk/borough/back-exercise-109765
ourparks_109766_2156,Our Parks,Our Parks,Back to Exercise,Group Exercise,Group Exercise,True,0.0,Foots Cray Meadows,DA14 4PS,Bexley,51.432911516763,0.134709314101,16:30,17:30,,1,False,https://ourparks.org.uk/borough/back-exercise-109766
ourparks_109767_2157,Our Parks,Our Parks,Back to Exercise,Group Exercise,Group Exercise,True,0.0,Foots Cray Meadows,DA14 4PS,Bexley,51.432911516763,0.134709314101,16:30,17:30,,1,False,https://ourparks.org.uk/borough/back-exercise-109767
ourparks_109768_2158,Our Parks,Our Parks,Back to Exercise,Group Exercise,Group Exercise,True,0.0,Foots Cray Meadows,DA14 4PS,Bexley,51.432911516763,0.134709314101,16:30,17:30,,1,False,https://ourparks.org.uk/borough/back-exercise-109768
ourparks_109769_2159,Our Parks,Our Parks,Back to Exercise,Group Exercise,Group Exercise,True,0.0,Foots Cray Meadows,DA14 4PS,Bexley,51.432911516763,0.134709314101,16:30,17:30,,1,False,https://ourparks.org.uk/borough/back-exercise-109769
ourparks_109770_2160,Our Parks,Our Parks,Back to Exercise,Group Exercise,Group Exercise,True,0.0,Foots Cray Meadows,DA14 4PS,Bexley,51.432911516763,0.134709314101,16:30,17:30,,1,False,https://ourparks.org.uk/borough/back-exercise-109770
ourparks_109771_2161,Our Parks,Our Parks,Back to Exercise,Group Exercise,Group Exercise,True,0.0,Foots Cray Meadows,DA14 4PS,Bexley,51.432911516763,0.134709314101,16:30,17:30,,1,False,https://ourparks.org.uk/borough/back-exercise-109771
ourparks_109772_2162,Our Parks,Our Parks,Back to Exercise,Group Exercise,Group Exercise,True,0.0,Foots Cray Meadows,DA14 4PS,Bexley,51.432911516763,0.134709314101,16:30,17:30,,1,False,https://ourparks.org.uk/borough/back-exercise-109772
ourparks_109773_2163,Our Parks,Our Parks,Back to Exercise,Group Exercise,Group Exercise,True,0.0,Foots Cray Meadows,DA14 4PS,Bexley,51.432911516763,0.134709314101,16:30,17:30,,1,False,https://ourparks.org.uk/borough/back-exercise-109773
ourparks_109774_2164,Our Parks,Our Parks,Back to Exercise,Group Exercise,Group Exercise,True,0.0,Foots Cray Meadows,DA14 4PS,Bexley,51.432911516763,0.134709314101,16:30,17:30,,1,False,https://ourparks.org.uk/borough/back-exercise-109774
ourparks_109775_2165,Our Parks,Our Parks,Back to Exercise,Group Exercise,Group Exercise,True,0.0,Foots Cray Meadows,DA14 4PS,Bexley,51.432911516763,0.134709314101,16:30,17:30,,1,False,https://ourparks.org.uk/borough/back-exercise-109775
ourparks_109776_2166,Our Parks,Our Parks,Back to Exercise,Group Exercise,Group Exercise,True,0.0,Foots Cray Meadows,DA14 4PS,Bexley,51.432911516763,0.134709314101,16:30,17:30,,1,False,https://ourparks.org.uk/borough/back-exercise-109776
ourparks_109777_2167,Our Parks,Our Parks,Back to Exercise,Group Exercise,Group Exercise,True,0.0,Foots Cray Meadows,DA14 4PS,Bexley,51.432911516763,0.134709314101,16:30,17:30,,1,False,https://ourparks.org.uk/borough/back-exercise-109777
ourparks_109779_2168,Our Parks,Our Parks,Stretch & Conditioning,Gym / Fitness,Multi Fitness,True,0.0,Willersley Park,DA15 9EN,Bexley,51.442682886552,0.101218406272,18:00,19:00,,1,False,https://ourparks.org.uk/borough/stretch-conditioning-109779
ourparks_109802_2169,Our Parks,Our Parks,Box Fit,Gym / Fitness,Boxing Fitness,True,0.0,Mabley Green,E9 5HS,Hackney,51.548910987039,-0.029284231249,09:00,10:00,,1,False,https://ourparks.org.uk/borough/box-fit-109802
ourparks_109803_2170,Our Parks,Our Parks,Box Fit,Gym / Fitness,Boxing Fitness,True,0.0,Mabley Green,E9 5HS,Hackney,51.548910987039,-0.029284231249,09:00,10:00,,1,False,https://ourparks.org.uk/borough/box-fit-109803
ourparks_109804_2171,Our Parks,Our Parks,Box Fit,Gym / Fitness,Boxing Fitness,True,0.0,Mabley Green,E9 5HS,Hackney,51.548910987039,-0.029284231249,09:00,10:00,,1,False,https://ourparks.org.uk/borough/box-fit-109804
ourparks_109805_2172,Our Parks,Our Parks,Box Fit,Gym / Fitness,Boxing Fitness,True,0.0,Mabley Green,E9 5HS,Hackney,51.548910987039,-0.029284231249,09:00,10:00,,1,False,https://ourparks.org.uk/borough/box-fit-109805
ourparks_109806_2173,Our Parks,Our Parks,Box Fit,Gym / Fitness,Boxing Fitness,True,0.0,Mabley Green,E9 5HS,Hackney,51.548910987039,-0.029284231249,09:00,10:00,,1,False,https://ourparks.org.uk/borough/box-fit-109806
ourparks_109807_2174,Our Parks,Our Parks,Box Fit,Gym / Fitness,Boxing Fitness,True,0.0,Mabley Green,E9 5HS,Hackney,51.548910987039,-0.029284231249,09:00,10:00,,1,False,https://ourparks.org.uk/borough/box-fit-109807
ourparks_109808_2175,Our Parks,Our Parks,Box Fit,Gym / Fitness,Boxing Fitness,True,0.0,Mabley Green,E9 5HS,Hackney,51.548910987039,-0.029284231249,09:00,10:00,,1,False,https://ourparks.org.uk/borough/box-fit-109808
ourparks_109809_2176,Our Parks,Our Parks,Box Fit,Gym / Fitness,Boxing Fitness,True,0.0,Mabley Green,E9 5HS,Hackney,51.548910987039,-0.029284231249,09:00,10:00,,1,False,https://ourparks.org.uk/borough/box-fit-109809
ourparks_109810_2177,Our Parks,Our Parks,Box Fit,Gym / Fitness,Boxing Fitness,True,0.0,Mabley Green,E9 5HS,Hackney,51.548910987039,-0.029284231249,09:00,10:00,,1,False,https://ourparks.org.uk/borough/box-fit-109810
ourparks_109811_2178,Our Parks,Our Parks,Box Fit,Gym / Fitness,Boxing Fitness,True,0.0,Mabley Green,E9 5HS,Hackney,51.548910987039,-0.029284231249,09:00,10:00,,1,False,https://ourparks.org.uk/borough/box-fit-109811
ourparks_109812_2179,Our Parks,Our Parks,Box Fit,Gym / Fitness,Boxing Fitness,True,0.0,Mabley Green,E9 5HS,Hackney,51.548910987039,-0.029284231249,09:00,10:00,,1,False,https://ourparks.org.uk/borough/box-fit-109812
ourparks_109813_2180,Our Parks,Our Parks,Box Fit,Gym / Fitness,Boxing Fitness,True,0.0,Mabley Green,E9 5HS,Hackney,51.548910987039,-0.029284231249,09:00,10:00,,1,False,https://ourparks.org.uk/borough/box-fit-109813
ourparks_109814_2181,Our Parks,Our Parks,Box Fit,Gym / Fitness,Boxing Fitness,True,0.0,Mabley Green,E9 5HS,Hackney,51.548910987039,-0.029284231249,09:00,10:00,,1,False,https://ourparks.org.uk/borough/box-fit-109814
ourparks_109815_2182,Our Parks,Our Parks,Box Fit,Gym / Fitness,Boxing Fitness,True,0.0,Mabley Green,E9 5HS,Hackney,51.548910987039,-0.029284231249,09:00,10:00,,1,False,https://ourparks.org.uk/borough/box-fit-109815
ourparks_109816_2183,Our Parks,Our Parks,Box Fit,Gym / Fitness,Boxing Fitness,True,0.0,Mabley Green,E9 5HS,Hackney,51.548910987039,-0.029284231249,09:00,10:00,,1,False,https://ourparks.org.uk/borough/box-fit-109816
ourparks_109817_2184,Our Parks,Our Parks,Box Fit,Gym / Fitness,Boxing Fitness,True,0.0,Mabley Green,E9 5HS,Hackney,51.548910987039,-0.029284231249,09:00,10:00,,1,False,https://ourparks.org.uk/borough/box-fit-109817
ourparks_109818_2185,Our Parks,Our Parks,Box Fit,Gym / Fitness,Boxing Fitness,True,0.0,Mabley Green,E9 5HS,Hackney,51.548910987039,-0.029284231249,09:00,10:00,,1,False,https://ourparks.org.uk/borough/box-fit-109818
ourparks_109819_2186,Our Parks,Our Parks,Box Fit,Gym / Fitness,Boxing Fitness,True,0.0,Mabley Green,E9 5HS,Hackney,51.548910987039,-0.029284231249,09:00,10:00,,1,False,https://ourparks.org.uk/borough/box-fit-109819
ourparks_109820_2187,Our Parks,Our Parks,Box Fit,Gym / Fitness,Boxing Fitness,True,0.0,Mabley Green,E9 5HS,Hackney,51.548910987039,-0.029284231249,09:00,10:00,,1,False,https://ourparks.org.uk/borough/box-fit-109820
ourparks_109821_2188,Our Parks,Our Parks,Box Fit,Gym / Fitness,Boxing Fitness,True,0.0,Mabley Green,E9 5HS,Hackney,51.548910987039,-0.029284231249,09:00,10:00,,1,False,https://ourparks.org.uk/borough/box-fit-109821
ourparks_109822_2189,Our Parks,Our Parks,Box Fit,Gym / Fitness,Boxing Fitness,True,0.0,Mabley Green,E9 5HS,Hackney,51.548910987039,-0.029284231249,09:00,10:00,,1,False,https://ourparks.org.uk/borough/box-fit-109822
ourparks_109823_2190,Our Parks,Our Parks,Box Fit,Gym / Fitness,Boxing Fitness,True,0.0,Mabley Green,E9 5HS,Hackney,51.548910987039,-0.029284231249,09:00,10:00,,1,False,https://ourparks.org.uk/borough/box-fit-109823
ourparks_109824_2191,Our Parks,Our Parks,Box Fit,Gym / Fitness,Boxing Fitness,True,0.0,Mabley Green,E9 5HS,Hackney,51.548910987039,-0.029284231249,09:00,10:00,,1,False,https://ourparks.org.uk/borough/box-fit-109824
ourparks_109825_2192,Our Parks,Our Parks,Box Fit,Gym / Fitness,Boxing Fitness,True,0.0,Mabley Green,E9 5HS,Hackney,51.548910987039,-0.029284231249,09:00,10:00,,1,False,https://ourparks.org.uk/borough/box-fit-109825
ourparks_109826_2193,Our Parks,Our Parks,Box Fit,Gym / Fitness,Boxing Fitness,True,0.0,Mabley Green,E9 5HS,Hackney,51.548910987039,-0.029284231249,09:00,10:00,,1,False,https://ourparks.org.uk/borough/box-fit-109826
ourparks_109827_2194,Our Parks,Our Parks,Box Fit,Gym / Fitness,Boxing Fitness,True,0.0,Mabley Green,E9 5HS,Hackney,51.548910987039,-0.029284231249,09:00,10:00,,1,False,https://ourparks.org.uk/borough/box-fit-109827
ourparks_109828_2195,Our Parks,Our Parks,Box Fit,Gym / Fitness,Boxing Fitness,True,0.0,Mabley Green,E9 5HS,Hackney,51.548910987039,-0.029284231249,09:00,10:00,,1,False,https://ourparks.org.uk/borough/box-fit-109828
ourparks_109829_2196,Our Parks,Our Parks,Box Fit,Gym / Fitness,Boxing Fitness,True,0.0,Mabley Green,E9 5HS,Hackney,51.548910987039,-0.029284231249,09:00,10:00,,1,False,https://ourparks.org.uk/borough/box-fit-109829
ourparks_109830_2197,Our Parks,Our Parks,Box Fit,Gym / Fitness,Boxing Fitness,True,0.0,Mabley Green,E9 5HS,Hackney,51.548910987039,-0.029284231249,09:00,10:00,,1,False,https://ourparks.org.uk/borough/box-fit-109830
ourparks_109831_2198,Our Parks,Our Parks,Box Fit,Gym / Fitness,Boxing Fitness,True,0.0,Mabley Green,E9 5HS,Hackney,51.548910987039,-0.029284231249,09:00,10:00,,1,False,https://ourparks.org.uk/borough/box-fit-109831
ourparks_109832_2199,Our Parks,Our Parks,Box Fit,Gym / Fitness,Boxing Fitness,True,0.0,Mabley Green,E9 5HS,Hackney,51.548910987039,-0.029284231249,09:00,10:00,,1,False,https://ourparks.org.uk/borough/box-fit-109832
ourparks_109833_2200,Our Parks,Our Parks,Box Fit,Gym / Fitness,Boxing Fitness,True,0.0,Mabley Green,E9 5HS,Hackney,51.548910987039,-0.029284231249,09:00,10:00,,1,False,https://ourparks.org.uk/borough/box-fit-109833
ourparks_109834_2201,Our Parks,Our Parks,Box Fit,Gym / Fitness,Boxing Fitness,True,0.0,Mabley Green,E9 5HS,Hackney,51.548910987039,-0.029284231249,09:00,10:00,,1,False,https://ourparks.org.uk/borough/box-fit-109834
ourparks_109835_2202,Our Parks,Our Parks,Box Fit,Gym / Fitness,Boxing Fitness,True,0.0,Mabley Green,E9 5HS,Hackney,51.548910987039,-0.029284231249,09:00,10:00,,1,False,https://ourparks.org.uk/borough/box-fit-109835
ourparks_109836_2203,Our Parks,Our Parks,Box Fit,Gym / Fitness,Boxing Fitness,True,0.0,Mabley Green,E9 5HS,Hackney,51.548910987039,-0.029284231249,09:00,10:00,,1,False,https://ourparks.org.uk/borough/box-fit-109836
ourparks_109837_2204,Our Parks,Our Parks,Box Fit,Gym / Fitness,Boxing Fitness,True,0.0,Mabley Green,E9 5HS,Hackney,51.548910987039,-0.029284231249,09:00,10:00,,1,False,https://ourparks.org.uk/borough/box-fit-109837
ourparks_106723_2205,Our Parks,Our Parks,Full Body Workout,Bootcamp & Outdoor Fitness,Bootcamp,True,0.0,Erith Riverside Gardens,DA8 1QY,Bexley,51.482871018656,0.178854717888,10:15,11:15,,1,False,https://ourparks.org.uk/borough/full-body-workout-106723
ourparks_109862_2206,Our Parks,Our Parks,Yoga,"Yoga, Pilates & Studio",Yoga,True,0.0,Beam Park,RM13 8PG,Havering,51.524152163132,0.169393958381,18:00,19:00,,1,False,https://ourparks.org.uk/borough/yoga-109862
ourparks_109863_2207,Our Parks,Our Parks,Yoga,"Yoga, Pilates & Studio",Yoga,True,0.0,Beam Park,RM13 8PG,Havering,51.524152163132,0.169393958381,18:00,19:00,,1,False,https://ourparks.org.uk/borough/yoga-109863
ourparks_107991_2208,Our Parks,Our Parks,ABT,Gym / Fitness,Abs/Core,True,0.0,Victory Park (E20),E20 2ST,Newham,51.546291703992,-0.00978845673,18:00,19:00,,1,False,https://ourparks.org.uk/borough/abt-107991
ourparks_105319_2209,Our Parks,Our Parks,Yoga,"Yoga, Pilates & Studio",Yoga,True,0.0,Willesden Library,NW10 2SF,Brent,51.546774,-0.2289203,13:30,14:30,,1,False,https://ourparks.org.uk/borough/yoga-105319
ourparks_105373_2210,Our Parks,Our Parks,Yoga,"Yoga, Pilates & Studio",Yoga,True,0.0,Willesden Library,NW10 2SF,Brent,51.546774,-0.2289203,14:30,15:30,,1,False,https://ourparks.org.uk/borough/yoga-105373
ourparks_105821_2211,Our Parks,Our Parks,Beginners Bootcamp,Bootcamp & Outdoor Fitness,Bootcamp,True,0.0,Brockwell Park,SE24 0PA,Lambeth,51.452290766375,-0.105533454431,09:00,10:00,,1,False,https://ourparks.org.uk/borough/beginners-bootcamp-105821
ourparks_105822_2212,Our Parks,Our Parks,Beginners Bootcamp,Bootcamp & Outdoor Fitness,Bootcamp,True,0.0,Brockwell Park,SE24 0PA,Lambeth,51.452290766375,-0.105533454431,09:00,10:00,,1,False,https://ourparks.org.uk/borough/beginners-bootcamp-105822
ourparks_105823_2213,Our Parks,Our Parks,Beginners Bootcamp,Bootcamp & Outdoor Fitness,Bootcamp,True,0.0,Brockwell Park,SE24 0PA,Lambeth,51.452290766375,-0.105533454431,09:00,10:00,,1,False,https://ourparks.org.uk/borough/beginners-bootcamp-105823
ourparks_105824_2214,Our Parks,Our Parks,Beginners Bootcamp,Bootcamp & Outdoor Fitness,Bootcamp,True,0.0,Brockwell Park,SE24 0PA,Lambeth,51.452290766375,-0.105533454431,09:00,10:00,,1,False,https://ourparks.org.uk/borough/beginners-bootcamp-105824
ourparks_105825_2215,Our Parks,Our Parks,Beginners Bootcamp,Bootcamp & Outdoor Fitness,Bootcamp,True,0.0,Brockwell Park,SE24 0PA,Lambeth,51.452290766375,-0.105533454431,09:00,10:00,,1,False,https://ourparks.org.uk/borough/beginners-bootcamp-105825
ourparks_105826_2216,Our Parks,Our Parks,Beginners Bootcamp,Bootcamp & Outdoor Fitness,Bootcamp,True,0.0,Brockwell Park,SE24 0PA,Lambeth,51.452290766375,-0.105533454431,09:00,10:00,,1,False,https://ourparks.org.uk/borough/beginners-bootcamp-105826
ourparks_105827_2217,Our Parks,Our Parks,Beginners Bootcamp,Bootcamp & Outdoor Fitness,Bootcamp,True,0.0,Brockwell Park,SE24 0PA,Lambeth,51.452290766375,-0.105533454431,09:00,10:00,,1,False,https://ourparks.org.uk/borough/beginners-bootcamp-105827
ourparks_105829_2218,Our Parks,Our Parks,Beginners Bootcamp,Bootcamp & Outdoor Fitness,Bootcamp,True,0.0,Brockwell Park,SE24 0PA,Lambeth,51.452290766375,-0.105533454431,09:00,10:00,,1,False,https://ourparks.org.uk/borough/beginners-bootcamp-105829
ourparks_105830_2219,Our Parks,Our Parks,Beginners Bootcamp,Bootcamp & Outdoor Fitness,Bootcamp,True,0.0,Brockwell Park,SE24 0PA,Lambeth,51.452290766375,-0.105533454431,09:00,10:00,,1,False,https://ourparks.org.uk/borough/beginners-bootcamp-105830
ourparks_105832_2220,Our Parks,Our Parks,Beginners Bootcamp,Bootcamp & Outdoor Fitness,Bootcamp,True,0.0,Brockwell Park,SE24 0PA,Lambeth,51.452290766375,-0.105533454431,09:00,10:00,,1,False,https://ourparks.org.uk/borough/beginners-bootcamp-105832
ourparks_107207_2221,Our Parks,Our Parks,Box Fit,Gym / Fitness,Boxing Fitness,True,0.0,Brockwell Park,SE24 0PA,Lambeth,51.452290766375,-0.105533454431,08:30,09:30,,1,False,https://ourparks.org.uk/borough/box-fit-107207
ourparks_109492_2222,Our Parks,Our Parks,Strength & Toning,Bootcamp & Outdoor Fitness,Bootcamp,True,0.0,Bushy Park,TW12 1PA,Richmond upon Thames,51.425916856098,-0.356162815432,09:00,10:00,,1,False,https://ourparks.org.uk/borough/strength-toning-109492
ourparks_110052_2223,Our Parks,Our Parks,"Women's only - Abs, Bums & Thighs (ABT)",Gym / Fitness,Abs/Core,True,0.0,Bartlett Park,E14 6LA,Tower Hamlets,51.5152023,-0.0201571,09:00,10:00,,1,False,https://ourparks.org.uk/borough/womens-only-abs-bums-thighs-abt-110052
ourparks_110053_2224,Our Parks,Our Parks,"Women's only - Abs, Bums & Thighs (ABT)",Gym / Fitness,Abs/Core,True,0.0,Bartlett Park,E14 6LA,Tower Hamlets,51.5152023,-0.0201571,09:00,10:00,,1,False,https://ourparks.org.uk/borough/womens-only-abs-bums-thighs-abt-110053
ourparks_110054_2225,Our Parks,Our Parks,"Women's only - Abs, Bums & Thighs (ABT)",Gym / Fitness,Abs/Core,True,0.0,Bartlett Park,E14 6LA,Tower Hamlets,51.5152023,-0.0201571,09:00,10:00,,1,False,https://ourparks.org.uk/borough/womens-only-abs-bums-thighs-abt-110054
ourparks_110057_2226,Our Parks,Our Parks,"Women's only - Abs, Bums & Thighs (ABT)",Gym / Fitness,Abs/Core,True,0.0,Bartlett Park,E14 6LA,Tower Hamlets,51.5152023,-0.0201571,09:00,10:00,,1,False,https://ourparks.org.uk/borough/womens-only-abs-bums-thighs-abt-110057
ourparks_110058_2227,Our Parks,Our Parks,"Women's only - Abs, Bums & Thighs (ABT)",Gym / Fitness,Abs/Core,True,0.0,Bartlett Park,E14 6LA,Tower Hamlets,51.5152023,-0.0201571,09:00,10:00,,1,False,https://ourparks.org.uk/borough/womens-only-abs-bums-thighs-abt-110058
ourparks_110059_2228,Our Parks,Our Parks,"Women's only - Abs, Bums & Thighs (ABT)",Gym / Fitness,Abs/Core,True,0.0,Bartlett Park,E14 6LA,Tower Hamlets,51.5152023,-0.0201571,09:00,10:00,,1,False,https://ourparks.org.uk/borough/womens-only-abs-bums-thighs-abt-110059
ourparks_110060_2229,Our Parks,Our Parks,"Women's only - Abs, Bums & Thighs (ABT)",Gym / Fitness,Abs/Core,True,0.0,Bartlett Park,E14 6LA,Tower Hamlets,51.5152023,-0.0201571,09:00,10:00,,1,False,https://ourparks.org.uk/borough/womens-only-abs-bums-thighs-abt-110060
ourparks_110061_2230,Our Parks,Our Parks,"Women's only - Abs, Bums & Thighs (ABT)",Gym / Fitness,Abs/Core,True,0.0,Bartlett Park,E14 6LA,Tower Hamlets,51.5152023,-0.0201571,09:00,10:00,,1,False,https://ourparks.org.uk/borough/womens-only-abs-bums-thighs-abt-110061
ourparks_110062_2231,Our Parks,Our Parks,"Women's only - Abs, Bums & Thighs (ABT)",Gym / Fitness,Abs/Core,True,0.0,Bartlett Park,E14 6LA,Tower Hamlets,51.5152023,-0.0201571,09:00,10:00,,1,False,https://ourparks.org.uk/borough/womens-only-abs-bums-thighs-abt-110062
ourparks_110063_2232,Our Parks,Our Parks,"Women's only - Abs, Bums & Thighs (ABT)",Gym / Fitness,Abs/Core,True,0.0,Bartlett Park,E14 6LA,Tower Hamlets,51.5152023,-0.0201571,09:00,10:00,,1,False,https://ourparks.org.uk/borough/womens-only-abs-bums-thighs-abt-110063
ourparks_110064_2233,Our Parks,Our Parks,"Women's only - Abs, Bums & Thighs (ABT)",Gym / Fitness,Abs/Core,True,0.0,Bartlett Park,E14 6LA,Tower Hamlets,51.5152023,-0.0201571,09:00,10:00,,1,False,https://ourparks.org.uk/borough/womens-only-abs-bums-thighs-abt-110064
ourparks_110065_2234,Our Parks,Our Parks,"Women's only - Abs, Bums & Thighs (ABT)",Gym / Fitness,Abs/Core,True,0.0,Bartlett Park,E14 6LA,Tower Hamlets,51.5152023,-0.0201571,09:00,10:00,,1,False,https://ourparks.org.uk/borough/womens-only-abs-bums-thighs-abt-110065
ourparks_110066_2235,Our Parks,Our Parks,"Women's only - Abs, Bums & Thighs (ABT)",Gym / Fitness,Abs/Core,True,0.0,Bartlett Park,E14 6LA,Tower Hamlets,51.5152023,-0.0201571,09:00,10:00,,1,False,https://ourparks.org.uk/borough/womens-only-abs-bums-thighs-abt-110066
ourparks_110067_2236,Our Parks,Our Parks,"Women's only - Abs, Bums & Thighs (ABT)",Gym / Fitness,Abs/Core,True,0.0,Bartlett Park,E14 6LA,Tower Hamlets,51.5152023,-0.0201571,09:00,10:00,,1,False,https://ourparks.org.uk/borough/womens-only-abs-bums-thighs-abt-110067
ourparks_110068_2237,Our Parks,Our Parks,"Women's only - Abs, Bums & Thighs (ABT)",Gym / Fitness,Abs/Core,True,0.0,Bartlett Park,E14 6LA,Tower Hamlets,51.5152023,-0.0201571,09:00,10:00,,1,False,https://ourparks.org.uk/borough/womens-only-abs-bums-thighs-abt-110068
ourparks_110069_2238,Our Parks,Our Parks,"Women's only - Abs, Bums & Thighs (ABT)",Gym / Fitness,Abs/Core,True,0.0,Bartlett Park,E14 6LA,Tower Hamlets,51.5152023,-0.0201571,09:00,10:00,,1,False,https://ourparks.org.uk/borough/womens-only-abs-bums-thighs-abt-110069
ourparks_110070_2239,Our Parks,Our Parks,"Women's only - Abs, Bums & Thighs (ABT)",Gym / Fitness,Abs/Core,True,0.0,Bartlett Park,E14 6LA,Tower Hamlets,51.5152023,-0.0201571,09:00,10:00,,1,False,https://ourparks.org.uk/borough/womens-only-abs-bums-thighs-abt-110070
ourparks_110071_2240,Our Parks,Our Parks,"Women's only - Abs, Bums & Thighs (ABT)",Gym / Fitness,Abs/Core,True,0.0,Bartlett Park,E14 6LA,Tower Hamlets,51.5152023,-0.0201571,09:00,10:00,,1,False,https://ourparks.org.uk/borough/womens-only-abs-bums-thighs-abt-110071
ourparks_110072_2241,Our Parks,Our Parks,"Women's only - Abs, Bums & Thighs (ABT)",Gym / Fitness,Abs/Core,True,0.0,Bartlett Park,E14 6LA,Tower Hamlets,51.5152023,-0.0201571,09:00,10:00,,1,False,https://ourparks.org.uk/borough/womens-only-abs-bums-thighs-abt-110072
ourparks_110073_2242,Our Parks,Our Parks,"Women's only - Abs, Bums & Thighs (ABT)",Gym / Fitness,Abs/Core,True,0.0,Bartlett Park,E14 6LA,Tower Hamlets,51.5152023,-0.0201571,09:00,10:00,,1,False,https://ourparks.org.uk/borough/womens-only-abs-bums-thighs-abt-110073
ourparks_110074_2243,Our Parks,Our Parks,"Women's only - Abs, Bums & Thighs (ABT)",Gym / Fitness,Abs/Core,True,0.0,Bartlett Park,E14 6LA,Tower Hamlets,51.5152023,-0.0201571,09:00,10:00,,1,False,https://ourparks.org.uk/borough/womens-only-abs-bums-thighs-abt-110074
ourparks_110075_2244,Our Parks,Our Parks,"Women's only - Abs, Bums & Thighs (ABT)",Gym / Fitness,Abs/Core,True,0.0,Bartlett Park,E14 6LA,Tower Hamlets,51.5152023,-0.0201571,09:00,10:00,,1,False,https://ourparks.org.uk/borough/womens-only-abs-bums-thighs-abt-110075
ourparks_110076_2245,Our Parks,Our Parks,"Women's only - Abs, Bums & Thighs (ABT)",Gym / Fitness,Abs/Core,True,0.0,Bartlett Park,E14 6LA,Tower Hamlets,51.5152023,-0.0201571,09:00,10:00,,1,False,https://ourparks.org.uk/borough/womens-only-abs-bums-thighs-abt-110076
ourparks_110077_2246,Our Parks,Our Parks,"Women's only - Abs, Bums & Thighs (ABT)",Gym / Fitness,Abs/Core,True,0.0,Bartlett Park,E14 6LA,Tower Hamlets,51.5152023,-0.0201571,09:00,10:00,,1,False,https://ourparks.org.uk/borough/womens-only-abs-bums-thighs-abt-110077
ourparks_110078_2247,Our Parks,Our Parks,"Women's only - Abs, Bums & Thighs (ABT)",Gym / Fitness,Abs/Core,True,0.0,Bartlett Park,E14 6LA,Tower Hamlets,51.5152023,-0.0201571,09:00,10:00,,1,False,https://ourparks.org.uk/borough/womens-only-abs-bums-thighs-abt-110078
ourparks_110079_2248,Our Parks,Our Parks,"Women's only - Abs, Bums & Thighs (ABT)",Gym / Fitness,Abs/Core,True,0.0,Bartlett Park,E14 6LA,Tower Hamlets,51.5152023,-0.0201571,09:00,10:00,,1,False,https://ourparks.org.uk/borough/womens-only-abs-bums-thighs-abt-110079
ourparks_110080_2249,Our Parks,Our Parks,"Women's only - Abs, Bums & Thighs (ABT)",Gym / Fitness,Abs/Core,True,0.0,Bartlett Park,E14 6LA,Tower Hamlets,51.5152023,-0.0201571,09:00,10:00,,1,False,https://ourparks.org.uk/borough/womens-only-abs-bums-thighs-abt-110080
ourparks_110081_2250,Our Parks,Our Parks,"Women's only - Abs, Bums & Thighs (ABT)",Gym / Fitness,Abs/Core,True,0.0,Bartlett Park,E14 6LA,Tower Hamlets,51.5152023,-0.0201571,09:00,10:00,,1,False,https://ourparks.org.uk/borough/womens-only-abs-bums-thighs-abt-110081
ourparks_110084_2251,Our Parks,Our Parks,"Women's only - Abs, Bums & Thighs (ABT)",Gym / Fitness,Abs/Core,True,0.0,Bartlett Park,E14 6LA,Tower Hamlets,51.5152023,-0.0201571,09:00,10:00,,1,False,https://ourparks.org.uk/borough/womens-only-abs-bums-thighs-abt-110084
ourparks_110085_2252,Our Parks,Our Parks,"Women's only - Abs, Bums & Thighs (ABT)",Gym / Fitness,Abs/Core,True,0.0,Bartlett Park,E14 6LA,Tower Hamlets,51.5152023,-0.0201571,09:00,10:00,,1,False,https://ourparks.org.uk/borough/womens-only-abs-bums-thighs-abt-110085
ourparks_110086_2253,Our Parks,Our Parks,"Women's only - Abs, Bums & Thighs (ABT)",Gym / Fitness,Abs/Core,True,0.0,Bartlett Park,E14 6LA,Tower Hamlets,51.5152023,-0.0201571,09:00,10:00,,1,False,https://ourparks.org.uk/borough/womens-only-abs-bums-thighs-abt-110086
ourparks_110087_2254,Our Parks,Our Parks,"Women's only - Abs, Bums & Thighs (ABT)",Gym / Fitness,Abs/Core,True,0.0,Bartlett Park,E14 6LA,Tower Hamlets,51.5152023,-0.0201571,09:00,10:00,,1,False,https://ourparks.org.uk/borough/womens-only-abs-bums-thighs-abt-110087
ourparks_110088_2255,Our Parks,Our Parks,"Women's only - Abs, Bums & Thighs (ABT)",Gym / Fitness,Abs/Core,True,0.0,Bartlett Park,E14 6LA,Tower Hamlets,51.5152023,-0.0201571,09:00,10:00,,1,False,https://ourparks.org.uk/borough/womens-only-abs-bums-thighs-abt-110088
ourparks_110089_2256,Our Parks,Our Parks,"Women's only - Abs, Bums & Thighs (ABT)",Gym / Fitness,Abs/Core,True,0.0,Bartlett Park,E14 6LA,Tower Hamlets,51.5152023,-0.0201571,09:00,10:00,,1,False,https://ourparks.org.uk/borough/womens-only-abs-bums-thighs-abt-110089
ourparks_110090_2257,Our Parks,Our Parks,"Women's only - Abs, Bums & Thighs (ABT)",Gym / Fitness,Abs/Core,True,0.0,Bartlett Park,E14 6LA,Tower Hamlets,51.5152023,-0.0201571,09:00,10:00,,1,False,https://ourparks.org.uk/borough/womens-only-abs-bums-thighs-abt-110090
ourparks_110091_2258,Our Parks,Our Parks,"Women's only - Abs, Bums & Thighs (ABT)",Gym / Fitness,Abs/Core,True,0.0,Bartlett Park,E14 6LA,Tower Hamlets,51.5152023,-0.0201571,09:00,10:00,,1,False,https://ourparks.org.uk/borough/womens-only-abs-bums-thighs-abt-110091
ourparks_110092_2259,Our Parks,Our Parks,"Women's only - Abs, Bums & Thighs (ABT)",Gym / Fitness,Abs/Core,True,0.0,Bartlett Park,E14 6LA,Tower Hamlets,51.5152023,-0.0201571,09:00,10:00,,1,False,https://ourparks.org.uk/borough/womens-only-abs-bums-thighs-abt-110092
ourparks_110093_2260,Our Parks,Our Parks,"Women's only - Abs, Bums & Thighs (ABT)",Gym / Fitness,Abs/Core,True,0.0,Bartlett Park,E14 6LA,Tower Hamlets,51.5152023,-0.0201571,09:00,10:00,,1,False,https://ourparks.org.uk/borough/womens-only-abs-bums-thighs-abt-110093
ourparks_110094_2261,Our Parks,Our Parks,"Women's only - Abs, Bums & Thighs (ABT)",Gym / Fitness,Abs/Core,True,0.0,Bartlett Park,E14 6LA,Tower Hamlets,51.5152023,-0.0201571,09:00,10:00,,1,False,https://ourparks.org.uk/borough/womens-only-abs-bums-thighs-abt-110094
ourparks_110095_2262,Our Parks,Our Parks,"Women's only - Abs, Bums & Thighs (ABT)",Gym / Fitness,Abs/Core,True,0.0,Bartlett Park,E14 6LA,Tower Hamlets,51.5152023,-0.0201571,09:00,10:00,,1,False,https://ourparks.org.uk/borough/womens-only-abs-bums-thighs-abt-110095
ourparks_110096_2263,Our Parks,Our Parks,"Women's only - Abs, Bums & Thighs (ABT)",Gym / Fitness,Abs/Core,True,0.0,Bartlett Park,E14 6LA,Tower Hamlets,51.5152023,-0.0201571,09:00,10:00,,1,False,https://ourparks.org.uk/borough/womens-only-abs-bums-thighs-abt-110096
ourparks_110097_2264,Our Parks,Our Parks,"Women's only - Abs, Bums & Thighs (ABT)",Gym / Fitness,Abs/Core,True,0.0,Bartlett Park,E14 6LA,Tower Hamlets,51.5152023,-0.0201571,09:00,10:00,,1,False,https://ourparks.org.uk/borough/womens-only-abs-bums-thighs-abt-110097
ourparks_110098_2265,Our Parks,Our Parks,"Women's only - Abs, Bums & Thighs (ABT)",Gym / Fitness,Abs/Core,True,0.0,Bartlett Park,E14 6LA,Tower Hamlets,51.5152023,-0.0201571,09:00,10:00,,1,False,https://ourparks.org.uk/borough/womens-only-abs-bums-thighs-abt-110098
ourparks_110099_2266,Our Parks,Our Parks,"Women's only - Abs, Bums & Thighs (ABT)",Gym / Fitness,Abs/Core,True,0.0,Bartlett Park,E14 6LA,Tower Hamlets,51.5152023,-0.0201571,09:00,10:00,,1,False,https://ourparks.org.uk/borough/womens-only-abs-bums-thighs-abt-110099
ourparks_110100_2267,Our Parks,Our Parks,"Women's only - Abs, Bums & Thighs (ABT)",Gym / Fitness,Abs/Core,True,0.0,Bartlett Park,E14 6LA,Tower Hamlets,51.5152023,-0.0201571,09:00,10:00,,1,False,https://ourparks.org.uk/borough/womens-only-abs-bums-thighs-abt-110100
ourparks_110101_2268,Our Parks,Our Parks,"Women's only - Abs, Bums & Thighs (ABT)",Gym / Fitness,Abs/Core,True,0.0,Bartlett Park,E14 6LA,Tower Hamlets,51.5152023,-0.0201571,09:00,10:00,,1,False,https://ourparks.org.uk/borough/womens-only-abs-bums-thighs-abt-110101
ourparks_110102_2269,Our Parks,Our Parks,"Women's only - Abs, Bums & Thighs (ABT)",Gym / Fitness,Abs/Core,True,0.0,Bartlett Park,E14 6LA,Tower Hamlets,51.5152023,-0.0201571,09:00,10:00,,1,False,https://ourparks.org.uk/borough/womens-only-abs-bums-thighs-abt-110102
ourparks_105117_2270,Our Parks,Our Parks,Back to Exercise,Gym / Fitness,Abs/Core,True,0.0,Queens Park,NW6 6LR,Brent,51.5365323,-0.2092666,09:00,10:00,,1,False,https://ourparks.org.uk/borough/back-exercise-105117
ourparks_105427_2271,Our Parks,Our Parks,Low Impact Stretch,Martial Arts,Tai Chi,True,0.0,Kingsbury Library,NW9 9HE,Brent,51.5860156,-0.2765225,13:00,14:00,,1,False,https://ourparks.org.uk/borough/low-impact-stretch-105427
ourparks_105428_2272,Our Parks,Our Parks,Low Impact Stretch,Martial Arts,Tai Chi,True,0.0,Kingsbury Library,NW9 9HE,Brent,51.5860156,-0.2765225,13:00,14:00,,1,False,https://ourparks.org.uk/borough/low-impact-stretch-105428
ourparks_105430_2273,Our Parks,Our Parks,Low Impact Stretch,Martial Arts,Tai Chi,True,0.0,Kingsbury Library,NW9 9HE,Brent,51.5860156,-0.2765225,13:00,14:00,,1,False,https://ourparks.org.uk/borough/low-impact-stretch-105430
ourparks_105431_2274,Our Parks,Our Parks,Low Impact Stretch,Martial Arts,Tai Chi,True,0.0,Kingsbury Library,NW9 9HE,Brent,51.5860156,-0.2765225,13:00,14:00,,1,False,https://ourparks.org.uk/borough/low-impact-stretch-105431
ourparks_105433_2275,Our Parks,Our Parks,Low Impact Stretch,Martial Arts,Tai Chi,True,0.0,Kingsbury Library,NW9 9HE,Brent,51.5860156,-0.2765225,13:00,14:00,,1,False,https://ourparks.org.uk/borough/low-impact-stretch-105433
ourparks_105434_2276,Our Parks,Our Parks,Low Impact Stretch,Martial Arts,Tai Chi,True,0.0,Kingsbury Library,NW9 9HE,Brent,51.5860156,-0.2765225,13:00,14:00,,1,False,https://ourparks.org.uk/borough/low-impact-stretch-105434
ourparks_105435_2277,Our Parks,Our Parks,Low Impact Stretch,Martial Arts,Tai Chi,True,0.0,Kingsbury Library,NW9 9HE,Brent,51.5860156,-0.2765225,13:00,14:00,,1,False,https://ourparks.org.uk/borough/low-impact-stretch-105435
ourparks_105437_2278,Our Parks,Our Parks,Low Impact Stretch,Martial Arts,Tai Chi,True,0.0,Kingsbury Library,NW9 9HE,Brent,51.5860156,-0.2765225,13:00,14:00,,1,False,https://ourparks.org.uk/borough/low-impact-stretch-105437
ourparks_109440_2279,Our Parks,Our Parks,Bootcamp,Bootcamp & Outdoor Fitness,Bootcamp,True,0.0,Hillingdon Court Park,UB10 9NT,Hillingdon,51.542145414625,-0.453846634192,09:00,10:00,,1,False,https://ourparks.org.uk/borough/bootcamp-109440
ourparks_109780_2280,Our Parks,Our Parks,Stretch & Conditioning,Gym / Fitness,Multi Fitness,True,0.0,Willersley Park,DA15 9EN,Bexley,51.442682886552,0.101218406272,18:00,19:00,,1,False,https://ourparks.org.uk/borough/stretch-conditioning-109780
ourparks_110110_2281,Our Parks,Our Parks,Stretch & Conditioning,Gym / Fitness,Multi Fitness,True,0.0,Willersley Park,DA15 9EN,Bexley,51.442682886552,0.101218406272,16:30,17:30,,1,False,https://ourparks.org.uk/borough/stretch-conditioning-110110
ourparks_110111_2282,Our Parks,Our Parks,Stretch & Conditioning,Gym / Fitness,Multi Fitness,True,0.0,Willersley Park,DA15 9EN,Bexley,51.442682886552,0.101218406272,16:30,17:30,,1,False,https://ourparks.org.uk/borough/stretch-conditioning-110111
ourparks_110112_2283,Our Parks,Our Parks,Stretch & Conditioning,Gym / Fitness,Multi Fitness,True,0.0,Willersley Park,DA15 9EN,Bexley,51.442682886552,0.101218406272,16:30,17:30,,1,False,https://ourparks.org.uk/borough/stretch-conditioning-110112
ourparks_110113_2284,Our Parks,Our Parks,Stretch & Conditioning,Gym / Fitness,Multi Fitness,True,0.0,Willersley Park,DA15 9EN,Bexley,51.442682886552,0.101218406272,16:30,17:30,,1,False,https://ourparks.org.uk/borough/stretch-conditioning-110113
ourparks_110114_2285,Our Parks,Our Parks,Stretch & Conditioning,Gym / Fitness,Multi Fitness,True,0.0,Willersley Park,DA15 9EN,Bexley,51.442682886552,0.101218406272,16:30,17:30,,1,False,https://ourparks.org.uk/borough/stretch-conditioning-110114
ourparks_110115_2286,Our Parks,Our Parks,Stretch & Conditioning,Gym / Fitness,Multi Fitness,True,0.0,Willersley Park,DA15 9EN,Bexley,51.442682886552,0.101218406272,16:30,17:30,,1,False,https://ourparks.org.uk/borough/stretch-conditioning-110115
ourparks_110116_2287,Our Parks,Our Parks,Stretch & Conditioning,Gym / Fitness,Multi Fitness,True,0.0,Willersley Park,DA15 9EN,Bexley,51.442682886552,0.101218406272,16:30,17:30,,1,False,https://ourparks.org.uk/borough/stretch-conditioning-110116
ourparks_110117_2288,Our Parks,Our Parks,Stretch & Conditioning,Gym / Fitness,Multi Fitness,True,0.0,Willersley Park,DA15 9EN,Bexley,51.442682886552,0.101218406272,16:30,17:30,,1,False,https://ourparks.org.uk/borough/stretch-conditioning-110117
ourparks_110118_2289,Our Parks,Our Parks,Stretch & Conditioning,Gym / Fitness,Multi Fitness,True,0.0,Willersley Park,DA15 9EN,Bexley,51.442682886552,0.101218406272,16:30,17:30,,1,False,https://ourparks.org.uk/borough/stretch-conditioning-110118
ourparks_110119_2290,Our Parks,Our Parks,Stretch & Conditioning,Gym / Fitness,Multi Fitness,True,0.0,Willersley Park,DA15 9EN,Bexley,51.442682886552,0.101218406272,16:30,17:30,,1,False,https://ourparks.org.uk/borough/stretch-conditioning-110119
ourparks_110120_2291,Our Parks,Our Parks,Stretch & Conditioning,Gym / Fitness,Multi Fitness,True,0.0,Willersley Park,DA15 9EN,Bexley,51.442682886552,0.101218406272,16:30,17:30,,1,False,https://ourparks.org.uk/borough/stretch-conditioning-110120
ourparks_110121_2292,Our Parks,Our Parks,Stretch & Conditioning,Gym / Fitness,Multi Fitness,True,0.0,Willersley Park,DA15 9EN,Bexley,51.442682886552,0.101218406272,16:30,17:30,,1,False,https://ourparks.org.uk/borough/stretch-conditioning-110121
ourparks_110122_2293,Our Parks,Our Parks,Stretch & Conditioning,Gym / Fitness,Multi Fitness,True,0.0,Willersley Park,DA15 9EN,Bexley,51.442682886552,0.101218406272,16:30,17:30,,1,False,https://ourparks.org.uk/borough/stretch-conditioning-110122
ourparks_110123_2294,Our Parks,Our Parks,Stretch & Conditioning,Gym / Fitness,Multi Fitness,True,0.0,Willersley Park,DA15 9EN,Bexley,51.442682886552,0.101218406272,16:30,17:30,,1,False,https://ourparks.org.uk/borough/stretch-conditioning-110123
ourparks_110124_2295,Our Parks,Our Parks,Stretch & Conditioning,Gym / Fitness,Multi Fitness,True,0.0,Willersley Park,DA15 9EN,Bexley,51.442682886552,0.101218406272,16:30,17:30,,1,False,https://ourparks.org.uk/borough/stretch-conditioning-110124
ourparks_110125_2296,Our Parks,Our Parks,Stretch & Conditioning,Gym / Fitness,Multi Fitness,True,0.0,Willersley Park,DA15 9EN,Bexley,51.442682886552,0.101218406272,16:30,17:30,,1,False,https://ourparks.org.uk/borough/stretch-conditioning-110125
ourparks_110126_2297,Our Parks,Our Parks,Stretch & Conditioning,Gym / Fitness,Multi Fitness,True,0.0,Willersley Park,DA15 9EN,Bexley,51.442682886552,0.101218406272,16:30,17:30,,1,False,https://ourparks.org.uk/borough/stretch-conditioning-110126
ourparks_110127_2298,Our Parks,Our Parks,Stretch & Conditioning,Gym / Fitness,Multi Fitness,True,0.0,Willersley Park,DA15 9EN,Bexley,51.442682886552,0.101218406272,16:30,17:30,,1,False,https://ourparks.org.uk/borough/stretch-conditioning-110127
ourparks_110128_2299,Our Parks,Our Parks,Stretch & Conditioning,Gym / Fitness,Multi Fitness,True,0.0,Willersley Park,DA15 9EN,Bexley,51.442682886552,0.101218406272,16:30,17:30,,1,False,https://ourparks.org.uk/borough/stretch-conditioning-110128
ourparks_110129_2300,Our Parks,Our Parks,Stretch & Conditioning,Gym / Fitness,Multi Fitness,True,0.0,Willersley Park,DA15 9EN,Bexley,51.442682886552,0.101218406272,16:30,17:30,,1,False,https://ourparks.org.uk/borough/stretch-conditioning-110129
ourparks_110152_2301,Our Parks,Our Parks,Full Body Workout,Bootcamp & Outdoor Fitness,Bootcamp,True,0.0,Erith Riverside Gardens,DA8 1QY,Bexley,51.482871018656,0.178854717888,09:00,10:00,,1,False,https://ourparks.org.uk/borough/full-body-workout-110152
ourparks_110153_2302,Our Parks,Our Parks,Full Body Workout,Bootcamp & Outdoor Fitness,Bootcamp,True,0.0,Erith Riverside Gardens,DA8 1QY,Bexley,51.482871018656,0.178854717888,09:00,10:00,,1,False,https://ourparks.org.uk/borough/full-body-workout-110153
ourparks_110154_2303,Our Parks,Our Parks,Full Body Workout,Bootcamp & Outdoor Fitness,Bootcamp,True,0.0,Erith Riverside Gardens,DA8 1QY,Bexley,51.482871018656,0.178854717888,09:00,10:00,,1,False,https://ourparks.org.uk/borough/full-body-workout-110154
ourparks_110155_2304,Our Parks,Our Parks,Full Body Workout,Bootcamp & Outdoor Fitness,Bootcamp,True,0.0,Erith Riverside Gardens,DA8 1QY,Bexley,51.482871018656,0.178854717888,09:00,10:00,,1,False,https://ourparks.org.uk/borough/full-body-workout-110155
ourparks_110156_2305,Our Parks,Our Parks,Full Body Workout,Bootcamp & Outdoor Fitness,Bootcamp,True,0.0,Erith Riverside Gardens,DA8 1QY,Bexley,51.482871018656,0.178854717888,09:00,10:00,,1,False,https://ourparks.org.uk/borough/full-body-workout-110156
ourparks_110158_2306,Our Parks,Our Parks,Full Body Workout,Bootcamp & Outdoor Fitness,Bootcamp,True,0.0,Erith Riverside Gardens,DA8 1QY,Bexley,51.482871018656,0.178854717888,09:00,10:00,,1,False,https://ourparks.org.uk/borough/full-body-workout-110158
ourparks_110159_2307,Our Parks,Our Parks,Full Body Workout,Bootcamp & Outdoor Fitness,Bootcamp,True,0.0,Erith Riverside Gardens,DA8 1QY,Bexley,51.482871018656,0.178854717888,09:00,10:00,,1,False,https://ourparks.org.uk/borough/full-body-workout-110159
ourparks_110161_2308,Our Parks,Our Parks,Full Body Workout,Bootcamp & Outdoor Fitness,Bootcamp,True,0.0,Erith Riverside Gardens,DA8 1QY,Bexley,51.482871018656,0.178854717888,09:00,10:00,,1,False,https://ourparks.org.uk/borough/full-body-workout-110161
ourparks_110163_2309,Our Parks,Our Parks,Full Body Workout,Bootcamp & Outdoor Fitness,Bootcamp,True,0.0,Erith Riverside Gardens,DA8 1QY,Bexley,51.482871018656,0.178854717888,09:00,10:00,,1,False,https://ourparks.org.uk/borough/full-body-workout-110163
ourparks_110164_2310,Our Parks,Our Parks,Full Body Workout,Bootcamp & Outdoor Fitness,Bootcamp,True,0.0,Erith Riverside Gardens,DA8 1QY,Bexley,51.482871018656,0.178854717888,09:00,10:00,,1,False,https://ourparks.org.uk/borough/full-body-workout-110164
ourparks_110165_2311,Our Parks,Our Parks,Full Body Workout,Bootcamp & Outdoor Fitness,Bootcamp,True,0.0,Erith Riverside Gardens,DA8 1QY,Bexley,51.482871018656,0.178854717888,09:00,10:00,,1,False,https://ourparks.org.uk/borough/full-body-workout-110165
ourparks_110166_2312,Our Parks,Our Parks,Full Body Workout,Bootcamp & Outdoor Fitness,Bootcamp,True,0.0,Erith Riverside Gardens,DA8 1QY,Bexley,51.482871018656,0.178854717888,09:00,10:00,,1,False,https://ourparks.org.uk/borough/full-body-workout-110166
ourparks_110167_2313,Our Parks,Our Parks,Full Body Workout,Bootcamp & Outdoor Fitness,Bootcamp,True,0.0,Erith Riverside Gardens,DA8 1QY,Bexley,51.482871018656,0.178854717888,09:00,10:00,,1,False,https://ourparks.org.uk/borough/full-body-workout-110167
ourparks_110168_2314,Our Parks,Our Parks,Full Body Workout,Bootcamp & Outdoor Fitness,Bootcamp,True,0.0,Erith Riverside Gardens,DA8 1QY,Bexley,51.482871018656,0.178854717888,09:00,10:00,,1,False,https://ourparks.org.uk/borough/full-body-workout-110168
ourparks_110169_2315,Our Parks,Our Parks,Full Body Workout,Bootcamp & Outdoor Fitness,Bootcamp,True,0.0,Erith Riverside Gardens,DA8 1QY,Bexley,51.482871018656,0.178854717888,09:00,10:00,,1,False,https://ourparks.org.uk/borough/full-body-workout-110169
ourparks_110170_2316,Our Parks,Our Parks,Full Body Workout,Bootcamp & Outdoor Fitness,Bootcamp,True,0.0,Erith Riverside Gardens,DA8 1QY,Bexley,51.482871018656,0.178854717888,09:00,10:00,,1,False,https://ourparks.org.uk/borough/full-body-workout-110170
ourparks_110171_2317,Our Parks,Our Parks,Full Body Workout,Bootcamp & Outdoor Fitness,Bootcamp,True,0.0,Erith Riverside Gardens,DA8 1QY,Bexley,51.482871018656,0.178854717888,09:00,10:00,,1,False,https://ourparks.org.uk/borough/full-body-workout-110171
ourparks_110172_2318,Our Parks,Our Parks,Full Body Workout,Bootcamp & Outdoor Fitness,Bootcamp,True,0.0,Erith Riverside Gardens,DA8 1QY,Bexley,51.482871018656,0.178854717888,09:00,10:00,,1,False,https://ourparks.org.uk/borough/full-body-workout-110172
ourparks_107738_2319,Our Parks,Our Parks,RISE & SHINE LIVE YOGA,"Yoga, Pilates & Studio",Yoga,True,0.0,Our Parks Live,KT2 7EW,,51.5161826,-0.1735317,06:30,07:30,,1,True,https://ourparks.org.uk/borough/rise-shine-live-yoga-107738
ourparks_107739_2320,Our Parks,Our Parks,RISE & SHINE LIVE YOGA,"Yoga, Pilates & Studio",Yoga,True,0.0,Our Parks Live,KT2 7EW,,51.5161826,-0.1735317,06:30,07:30,,1,True,https://ourparks.org.uk/borough/rise-shine-live-yoga-107739
ourparks_109840_2321,Our Parks,Our Parks,Back to Exercise,Group Exercise,Group Exercise,True,0.0,Old Farm Park,DA15 8AN,Bexley,51.435940810701,0.091383360071,16:30,17:30,,1,False,https://ourparks.org.uk/borough/back-exercise-109840
ourparks_109841_2322,Our Parks,Our Parks,Back to Exercise,Group Exercise,Group Exercise,True,0.0,Old Farm Park,DA15 8AN,Bexley,51.435940810701,0.091383360071,16:30,17:30,,1,False,https://ourparks.org.uk/borough/back-exercise-109841
ourparks_109842_2323,Our Parks,Our Parks,Back to Exercise,Group Exercise,Group Exercise,True,0.0,Old Farm Park,DA15 8AN,Bexley,51.435940810701,0.091383360071,16:30,17:30,,1,False,https://ourparks.org.uk/borough/back-exercise-109842
ourparks_109845_2324,Our Parks,Our Parks,Back to Exercise,Group Exercise,Group Exercise,True,0.0,Old Farm Park,DA15 8AN,Bexley,51.435940810701,0.091383360071,16:30,17:30,,1,False,https://ourparks.org.uk/borough/back-exercise-109845
ourparks_109846_2325,Our Parks,Our Parks,Back to Exercise,Group Exercise,Group Exercise,True,0.0,Old Farm Park,DA15 8AN,Bexley,51.435940810701,0.091383360071,16:30,17:30,,1,False,https://ourparks.org.uk/borough/back-exercise-109846
ourparks_109860_2326,Our Parks,Our Parks,Back to Exercise,Group Exercise,Group Exercise,True,0.0,Old Farm Park,DA15 8AN,Bexley,51.435940810701,0.091383360071,16:30,17:30,,1,False,https://ourparks.org.uk/borough/back-exercise-109860
ourparks_107787_2327,Our Parks,Our Parks,Rise & Shine Core Workout,Gym / Fitness,Abs/Core,True,0.0,Our Parks Live,KT2 7EW,,51.5161826,-0.1735317,06:30,07:30,,1,True,https://ourparks.org.uk/borough/rise-shine-core-workout-107787
ourparks_108867_2328,Our Parks,Our Parks,Beginners Bootcamp,Bootcamp & Outdoor Fitness,Bootcamp,True,0.0,Sutton & Epsom RFC,SM2 7NF,Sutton,51.349432,-0.2225745,17:30,18:30,,1,False,https://ourparks.org.uk/borough/beginners-bootcamp-108867
ourparks_108869_2329,Our Parks,Our Parks,Beginners Bootcamp,Bootcamp & Outdoor Fitness,Bootcamp,True,0.0,Sutton & Epsom RFC,SM2 7NF,Sutton,51.349432,-0.2225745,17:30,18:30,,1,False,https://ourparks.org.uk/borough/beginners-bootcamp-108869
ourparks_108870_2330,Our Parks,Our Parks,Beginners Bootcamp,Bootcamp & Outdoor Fitness,Bootcamp,True,0.0,Sutton & Epsom RFC,SM2 7NF,Sutton,51.349432,-0.2225745,17:30,18:30,,1,False,https://ourparks.org.uk/borough/beginners-bootcamp-108870
ourparks_107788_2331,Our Parks,Our Parks,Rise & Shine Mat Pilates,"Yoga, Pilates & Studio",Pilates,True,0.0,Our Parks Live,KT2 7EW,,51.5161826,-0.1735317,06:30,07:30,,1,True,https://ourparks.org.uk/borough/rise-shine-mat-pilates-107788
ourparks_107789_2332,Our Parks,Our Parks,Rise & Shine Mat Pilates,"Yoga, Pilates & Studio",Pilates,True,0.0,Our Parks Live,KT2 7EW,,51.5161826,-0.1735317,06:30,07:30,,1,True,https://ourparks.org.uk/borough/rise-shine-mat-pilates-107789
ourparks_107790_2333,Our Parks,Our Parks,Rise & Shine Mat Pilates,"Yoga, Pilates & Studio",Pilates,True,0.0,Our Parks Live,KT2 7EW,,51.5161826,-0.1735317,06:30,07:30,,1,True,https://ourparks.org.uk/borough/rise-shine-mat-pilates-107790
ourparks_107791_2334,Our Parks,Our Parks,Rise & Shine Mat Pilates,"Yoga, Pilates & Studio",Pilates,True,0.0,Our Parks Live,KT2 7EW,,51.5161826,-0.1735317,06:30,07:30,,1,True,https://ourparks.org.uk/borough/rise-shine-mat-pilates-107791
ourparks_107792_2335,Our Parks,Our Parks,Rise & Shine Mat Pilates,"Yoga, Pilates & Studio",Pilates,True,0.0,Our Parks Live,KT2 7EW,,51.5161826,-0.1735317,06:30,07:30,,1,True,https://ourparks.org.uk/borough/rise-shine-mat-pilates-107792
ourparks_107793_2336,Our Parks,Our Parks,Rise & Shine Mat Pilates,"Yoga, Pilates & Studio",Pilates,True,0.0,Our Parks Live,KT2 7EW,,51.5161826,-0.1735317,06:30,07:30,,1,True,https://ourparks.org.uk/borough/rise-shine-mat-pilates-107793
ourparks_107794_2337,Our Parks,Our Parks,Rise & Shine Mat Pilates,"Yoga, Pilates & Studio",Pilates,True,0.0,Our Parks Live,KT2 7EW,,51.5161826,-0.1735317,06:30,07:30,,1,True,https://ourparks.org.uk/borough/rise-shine-mat-pilates-107794
ourparks_107795_2338,Our Parks,Our Parks,Rise & Shine Mat Pilates,"Yoga, Pilates & Studio",Pilates,True,0.0,Our Parks Live,KT2 7EW,,51.5161826,-0.1735317,06:30,07:30,,1,True,https://ourparks.org.uk/borough/rise-shine-mat-pilates-107795
ourparks_107796_2339,Our Parks,Our Parks,Rise & Shine Mat Pilates,"Yoga, Pilates & Studio",Pilates,True,0.0,Our Parks Live,KT2 7EW,,51.5161826,-0.1735317,06:30,07:30,,1,True,https://ourparks.org.uk/borough/rise-shine-mat-pilates-107796
ourparks_107797_2340,Our Parks,Our Parks,Rise & Shine Mat Pilates,"Yoga, Pilates & Studio",Pilates,True,0.0,Our Parks Live,KT2 7EW,,51.5161826,-0.1735317,06:30,07:30,,1,True,https://ourparks.org.uk/borough/rise-shine-mat-pilates-107797
ourparks_107802_2341,Our Parks,Our Parks,Rise & Shine Mat Pilates,"Yoga, Pilates & Studio",Pilates,True,0.0,Our Parks Live,KT2 7EW,,51.5161826,-0.1735317,06:30,07:30,,1,True,https://ourparks.org.uk/borough/rise-shine-mat-pilates-107802
ourparks_107803_2342,Our Parks,Our Parks,Rise & Shine Mat Pilates,"Yoga, Pilates & Studio",Pilates,True,0.0,Our Parks Live,KT2 7EW,,51.5161826,-0.1735317,06:30,07:30,,1,True,https://ourparks.org.uk/borough/rise-shine-mat-pilates-107803
ourparks_107804_2343,Our Parks,Our Parks,Rise & Shine Mat Pilates,"Yoga, Pilates & Studio",Pilates,True,0.0,Our Parks Live,KT2 7EW,,51.5161826,-0.1735317,06:30,07:30,,1,True,https://ourparks.org.uk/borough/rise-shine-mat-pilates-107804
ourparks_107805_2344,Our Parks,Our Parks,Rise & Shine Mat Pilates,"Yoga, Pilates & Studio",Pilates,True,0.0,Our Parks Live,KT2 7EW,,51.5161826,-0.1735317,06:30,07:30,,1,True,https://ourparks.org.uk/borough/rise-shine-mat-pilates-107805
ourparks_107806_2345,Our Parks,Our Parks,Rise & Shine Mat Pilates,"Yoga, Pilates & Studio",Pilates,True,0.0,Our Parks Live,KT2 7EW,,51.5161826,-0.1735317,06:30,07:30,,1,True,https://ourparks.org.uk/borough/rise-shine-mat-pilates-107806
ourparks_107807_2346,Our Parks,Our Parks,Rise & Shine Mat Pilates,"Yoga, Pilates & Studio",Pilates,True,0.0,Our Parks Live,KT2 7EW,,51.5161826,-0.1735317,06:30,07:30,,1,True,https://ourparks.org.uk/borough/rise-shine-mat-pilates-107807
ourparks_107808_2347,Our Parks,Our Parks,Rise & Shine Mat Pilates,"Yoga, Pilates & Studio",Pilates,True,0.0,Our Parks Live,KT2 7EW,,51.5161826,-0.1735317,06:30,07:30,,1,True,https://ourparks.org.uk/borough/rise-shine-mat-pilates-107808
ourparks_107809_2348,Our Parks,Our Parks,Rise & Shine Mat Pilates,"Yoga, Pilates & Studio",Pilates,True,0.0,Our Parks Live,KT2 7EW,,51.5161826,-0.1735317,06:30,07:30,,1,True,https://ourparks.org.uk/borough/rise-shine-mat-pilates-107809
ourparks_107810_2349,Our Parks,Our Parks,Rise & Shine Mat Pilates,"Yoga, Pilates & Studio",Pilates,True,0.0,Our Parks Live,KT2 7EW,,51.5161826,-0.1735317,06:30,07:30,,1,True,https://ourparks.org.uk/borough/rise-shine-mat-pilates-107810
ourparks_107811_2350,Our Parks,Our Parks,Rise & Shine Mat Pilates,"Yoga, Pilates & Studio",Pilates,True,0.0,Our Parks Live,KT2 7EW,,51.5161826,-0.1735317,06:30,07:30,,1,True,https://ourparks.org.uk/borough/rise-shine-mat-pilates-107811
ourparks_107812_2351,Our Parks,Our Parks,Rise & Shine Mat Pilates,"Yoga, Pilates & Studio",Pilates,True,0.0,Our Parks Live,KT2 7EW,,51.5161826,-0.1735317,06:30,07:30,,1,True,https://ourparks.org.uk/borough/rise-shine-mat-pilates-107812
ourparks_107813_2352,Our Parks,Our Parks,Rise & Shine Mat Pilates,"Yoga, Pilates & Studio",Pilates,True,0.0,Our Parks Live,KT2 7EW,,51.5161826,-0.1735317,06:30,07:30,,1,True,https://ourparks.org.uk/borough/rise-shine-mat-pilates-107813
ourparks_107814_2353,Our Parks,Our Parks,Rise & Shine Mat Pilates,"Yoga, Pilates & Studio",Pilates,True,0.0,Our Parks Live,KT2 7EW,,51.5161826,-0.1735317,06:30,07:30,,1,True,https://ourparks.org.uk/borough/rise-shine-mat-pilates-107814
ourparks_107815_2354,Our Parks,Our Parks,Rise & Shine Mat Pilates,"Yoga, Pilates & Studio",Pilates,True,0.0,Our Parks Live,KT2 7EW,,51.5161826,-0.1735317,06:30,07:30,,1,True,https://ourparks.org.uk/borough/rise-shine-mat-pilates-107815
ourparks_107816_2355,Our Parks,Our Parks,Rise & Shine Mat Pilates,"Yoga, Pilates & Studio",Pilates,True,0.0,Our Parks Live,KT2 7EW,,51.5161826,-0.1735317,06:30,07:30,,1,True,https://ourparks.org.uk/borough/rise-shine-mat-pilates-107816
ourparks_107817_2356,Our Parks,Our Parks,Rise & Shine Mat Pilates,"Yoga, Pilates & Studio",Pilates,True,0.0,Our Parks Live,KT2 7EW,,51.5161826,-0.1735317,06:30,07:30,,1,True,https://ourparks.org.uk/borough/rise-shine-mat-pilates-107817
ourparks_107818_2357,Our Parks,Our Parks,Rise & Shine Mat Pilates,"Yoga, Pilates & Studio",Pilates,True,0.0,Our Parks Live,KT2 7EW,,51.5161826,-0.1735317,06:30,07:30,,1,True,https://ourparks.org.uk/borough/rise-shine-mat-pilates-107818
ourparks_107819_2358,Our Parks,Our Parks,Rise & Shine Mat Pilates,"Yoga, Pilates & Studio",Pilates,True,0.0,Our Parks Live,KT2 7EW,,51.5161826,-0.1735317,06:30,07:30,,1,True,https://ourparks.org.uk/borough/rise-shine-mat-pilates-107819
ourparks_107820_2359,Our Parks,Our Parks,Rise & Shine Mat Pilates,"Yoga, Pilates & Studio",Pilates,True,0.0,Our Parks Live,KT2 7EW,,51.5161826,-0.1735317,06:30,07:30,,1,True,https://ourparks.org.uk/borough/rise-shine-mat-pilates-107820
ourparks_107821_2360,Our Parks,Our Parks,Rise & Shine Mat Pilates,"Yoga, Pilates & Studio",Pilates,True,0.0,Our Parks Live,KT2 7EW,,51.5161826,-0.1735317,06:30,07:30,,1,True,https://ourparks.org.uk/borough/rise-shine-mat-pilates-107821
ourparks_107822_2361,Our Parks,Our Parks,Rise & Shine Mat Pilates,"Yoga, Pilates & Studio",Pilates,True,0.0,Our Parks Live,KT2 7EW,,51.5161826,-0.1735317,06:30,07:30,,1,True,https://ourparks.org.uk/borough/rise-shine-mat-pilates-107822
ourparks_108877_2362,Our Parks,Our Parks,Box Fit,Gym / Fitness,Boxing Fitness,True,0.0,Fairfield Recreation Ground,KT1 2PY,Kingston upon Thames,51.4083376,-0.2987306,08:00,09:00,,1,False,https://ourparks.org.uk/borough/box-fit-108877
ourparks_108872_2363,Our Parks,Our Parks,Beginners Bootcamp,Bootcamp & Outdoor Fitness,Bootcamp,True,0.0,Sutton & Epsom RFC,SM2 7NF,Sutton,51.349432,-0.2225745,17:30,18:30,,1,False,https://ourparks.org.uk/borough/beginners-bootcamp-108872
ourparks_105534_2364,Our Parks,Our Parks,Strength building class,"Yoga, Pilates & Studio",Yoga,True,0.0,Harlesden Library,NW10 8SE,Brent,51.538725110209,-0.25043846365,13:00,14:00,,1,False,https://ourparks.org.uk/borough/strength-building-class-105534
ourparks_105321_2365,Our Parks,Our Parks,Yoga,"Yoga, Pilates & Studio",Yoga,True,0.0,Willesden Library,NW10 2SF,Brent,51.546774,-0.2289203,13:30,14:30,,1,False,https://ourparks.org.uk/borough/yoga-105321
ourparks_105375_2366,Our Parks,Our Parks,Yoga,"Yoga, Pilates & Studio",Yoga,True,0.0,Willesden Library,NW10 2SF,Brent,51.546774,-0.2289203,14:30,15:30,,1,False,https://ourparks.org.uk/borough/yoga-105375
ourparks_108096_2367,Our Parks,Our Parks,Box Fit,Gym / Fitness,Boxing Fitness,True,0.0,Victory Park (E20),E20 2ST,Newham,51.546291703992,-0.00978845673,17:30,18:30,,1,False,https://ourparks.org.uk/borough/box-fit-108096
ourparks_108147_2368,Our Parks,Our Parks,Bootcamp,Bootcamp & Outdoor Fitness,Bootcamp,True,0.0,Victory Park (E20),E20 2ST,Newham,51.546291703992,-0.00978845673,09:00,10:00,,1,False,https://ourparks.org.uk/borough/bootcamp-108147
ourparks_108744_2369,Our Parks,Our Parks,Bootcamp,Bootcamp & Outdoor Fitness,Bootcamp,True,0.0,Hoblingwell Wood Recreation Ground,BR5 2QB,Bromley,51.402261016538,0.099742592442,09:00,10:00,,1,False,https://ourparks.org.uk/borough/bootcamp-108744
ourparks_108746_2370,Our Parks,Our Parks,Bootcamp,Bootcamp & Outdoor Fitness,Bootcamp,True,0.0,Hoblingwell Wood Recreation Ground,BR5 2QB,Bromley,51.402261016538,0.099742592442,09:00,10:00,,1,False,https://ourparks.org.uk/borough/bootcamp-108746
ourparks_108749_2371,Our Parks,Our Parks,Bootcamp,Bootcamp & Outdoor Fitness,Bootcamp,True,0.0,Hoblingwell Wood Recreation Ground,BR5 2QB,Bromley,51.402261016538,0.099742592442,09:00,10:00,,1,False,https://ourparks.org.uk/borough/bootcamp-108749
ourparks_107993_2372,Our Parks,Our Parks,"Abs, Bums & Thighs (ABT)",Gym / Fitness,Abs/Core,True,0.0,Victory Park (E20),E20 2ST,Newham,51.546291703992,-0.00978845673,18:00,19:00,,1,False,https://ourparks.org.uk/borough/abs-bums-thighs-abt-107993
ourparks_109003_2373,Our Parks,Our Parks,Yoga,"Yoga, Pilates & Studio",Yoga,True,0.0,Abbey Wood Recreation Ground,DA17 5ND,Bexley,51.489689281292,0.133391557591,08:15,09:15,,1,False,https://ourparks.org.uk/borough/yoga-109003
ourparks_109004_2374,Our Parks,Our Parks,Yoga,"Yoga, Pilates & Studio",Yoga,True,0.0,Abbey Wood Recreation Ground,DA17 5ND,Bexley,51.489689281292,0.133391557591,08:15,09:15,,1,False,https://ourparks.org.uk/borough/yoga-109004
ourparks_109005_2375,Our Parks,Our Parks,Yoga,"Yoga, Pilates & Studio",Yoga,True,0.0,Abbey Wood Recreation Ground,DA17 5ND,Bexley,51.489689281292,0.133391557591,08:15,09:15,,1,False,https://ourparks.org.uk/borough/yoga-109005
ourparks_109006_2376,Our Parks,Our Parks,Yoga,"Yoga, Pilates & Studio",Yoga,True,0.0,Abbey Wood Recreation Ground,DA17 5ND,Bexley,51.489689281292,0.133391557591,08:15,09:15,,1,False,https://ourparks.org.uk/borough/yoga-109006
ourparks_109007_2377,Our Parks,Our Parks,Yoga,"Yoga, Pilates & Studio",Yoga,True,0.0,Abbey Wood Recreation Ground,DA17 5ND,Bexley,51.489689281292,0.133391557591,08:15,09:15,,1,False,https://ourparks.org.uk/borough/yoga-109007
ourparks_109008_2378,Our Parks,Our Parks,Yoga,"Yoga, Pilates & Studio",Yoga,True,0.0,Abbey Wood Recreation Ground,DA17 5ND,Bexley,51.489689281292,0.133391557591,08:15,09:15,,1,False,https://ourparks.org.uk/borough/yoga-109008
ourparks_109009_2379,Our Parks,Our Parks,Yoga,"Yoga, Pilates & Studio",Yoga,True,0.0,Abbey Wood Recreation Ground,DA17 5ND,Bexley,51.489689281292,0.133391557591,08:15,09:15,,1,False,https://ourparks.org.uk/borough/yoga-109009
ourparks_109011_2380,Our Parks,Our Parks,Yoga,"Yoga, Pilates & Studio",Yoga,True,0.0,Abbey Wood Recreation Ground,DA17 5ND,Bexley,51.489689281292,0.133391557591,08:15,09:15,,1,False,https://ourparks.org.uk/borough/yoga-109011
ourparks_109012_2381,Our Parks,Our Parks,Yoga,"Yoga, Pilates & Studio",Yoga,True,0.0,Abbey Wood Recreation Ground,DA17 5ND,Bexley,51.489689281292,0.133391557591,08:15,09:15,,1,False,https://ourparks.org.uk/borough/yoga-109012
ourparks_109013_2382,Our Parks,Our Parks,Yoga,"Yoga, Pilates & Studio",Yoga,True,0.0,Abbey Wood Recreation Ground,DA17 5ND,Bexley,51.489689281292,0.133391557591,08:15,09:15,,1,False,https://ourparks.org.uk/borough/yoga-109013
ourparks_109014_2383,Our Parks,Our Parks,Yoga,"Yoga, Pilates & Studio",Yoga,True,0.0,Abbey Wood Recreation Ground,DA17 5ND,Bexley,51.489689281292,0.133391557591,08:15,09:15,,1,False,https://ourparks.org.uk/borough/yoga-109014
ourparks_109015_2384,Our Parks,Our Parks,Yoga,"Yoga, Pilates & Studio",Yoga,True,0.0,Abbey Wood Recreation Ground,DA17 5ND,Bexley,51.489689281292,0.133391557591,08:15,09:15,,1,False,https://ourparks.org.uk/borough/yoga-109015
ourparks_109016_2385,Our Parks,Our Parks,Yoga,"Yoga, Pilates & Studio",Yoga,True,0.0,Abbey Wood Recreation Ground,DA17 5ND,Bexley,51.489689281292,0.133391557591,08:15,09:15,,1,False,https://ourparks.org.uk/borough/yoga-109016
ourparks_109017_2386,Our Parks,Our Parks,Yoga,"Yoga, Pilates & Studio",Yoga,True,0.0,Abbey Wood Recreation Ground,DA17 5ND,Bexley,51.489689281292,0.133391557591,08:15,09:15,,1,False,https://ourparks.org.uk/borough/yoga-109017
ourparks_109018_2387,Our Parks,Our Parks,Yoga,"Yoga, Pilates & Studio",Yoga,True,0.0,Abbey Wood Recreation Ground,DA17 5ND,Bexley,51.489689281292,0.133391557591,08:15,09:15,,1,False,https://ourparks.org.uk/borough/yoga-109018
ourparks_109019_2388,Our Parks,Our Parks,Yoga,"Yoga, Pilates & Studio",Yoga,True,0.0,Abbey Wood Recreation Ground,DA17 5ND,Bexley,51.489689281292,0.133391557591,08:15,09:15,,1,False,https://ourparks.org.uk/borough/yoga-109019
ourparks_109020_2389,Our Parks,Our Parks,Yoga,"Yoga, Pilates & Studio",Yoga,True,0.0,Abbey Wood Recreation Ground,DA17 5ND,Bexley,51.489689281292,0.133391557591,08:15,09:15,,1,False,https://ourparks.org.uk/borough/yoga-109020
ourparks_109021_2390,Our Parks,Our Parks,Yoga,"Yoga, Pilates & Studio",Yoga,True,0.0,Abbey Wood Recreation Ground,DA17 5ND,Bexley,51.489689281292,0.133391557591,08:15,09:15,,1,False,https://ourparks.org.uk/borough/yoga-109021
ourparks_106953_2391,Our Parks,Our Parks,"Abs, Bums & Thighs (ABT)",Gym / Fitness,Abs/Core,True,0.0,Roundwood Park,NW10 3RT,Brent,51.5420062,-0.2403952,09:00,10:00,,1,False,https://ourparks.org.uk/borough/abs-bums-thighs-abt-106953
ourparks_106954_2392,Our Parks,Our Parks,"Abs, Bums & Thighs (ABT)",Gym / Fitness,Abs/Core,True,0.0,Roundwood Park,NW10 3RT,Brent,51.5420062,-0.2403952,09:00,10:00,,1,False,https://ourparks.org.uk/borough/abs-bums-thighs-abt-106954
ourparks_106955_2393,Our Parks,Our Parks,"Abs, Bums & Thighs (ABT)",Gym / Fitness,Abs/Core,True,0.0,Roundwood Park,NW10 3RT,Brent,51.5420062,-0.2403952,09:00,10:00,,1,False,https://ourparks.org.uk/borough/abs-bums-thighs-abt-106955
ourparks_106956_2394,Our Parks,Our Parks,"Abs, Bums & Thighs (ABT)",Gym / Fitness,Abs/Core,True,0.0,Roundwood Park,NW10 3RT,Brent,51.5420062,-0.2403952,09:00,10:00,,1,False,https://ourparks.org.uk/borough/abs-bums-thighs-abt-106956
ourparks_106957_2395,Our Parks,Our Parks,"Abs, Bums & Thighs (ABT)",Gym / Fitness,Abs/Core,True,0.0,Roundwood Park,NW10 3RT,Brent,51.5420062,-0.2403952,09:00,10:00,,1,False,https://ourparks.org.uk/borough/abs-bums-thighs-abt-106957
ourparks_106958_2396,Our Parks,Our Parks,"Abs, Bums & Thighs (ABT)",Gym / Fitness,Abs/Core,True,0.0,Roundwood Park,NW10 3RT,Brent,51.5420062,-0.2403952,09:00,10:00,,1,False,https://ourparks.org.uk/borough/abs-bums-thighs-abt-106958
ourparks_106959_2397,Our Parks,Our Parks,"Abs, Bums & Thighs (ABT)",Gym / Fitness,Abs/Core,True,0.0,Roundwood Park,NW10 3RT,Brent,51.5420062,-0.2403952,09:00,10:00,,1,False,https://ourparks.org.uk/borough/abs-bums-thighs-abt-106959
ourparks_106960_2398,Our Parks,Our Parks,"Abs, Bums & Thighs (ABT)",Gym / Fitness,Abs/Core,True,0.0,Roundwood Park,NW10 3RT,Brent,51.5420062,-0.2403952,09:00,10:00,,1,False,https://ourparks.org.uk/borough/abs-bums-thighs-abt-106960
ourparks_105429_2399,Our Parks,Our Parks,Low Impact Stretch,Martial Arts,Tai Chi,True,0.0,Kingsbury Library,NW9 9HE,Brent,51.5860156,-0.2765225,13:00,14:00,,1,False,https://ourparks.org.uk/borough/low-impact-stretch-105429
ourparks_109342_2400,Our Parks,Our Parks,Bootcamp,Bootcamp & Outdoor Fitness,Bootcamp,True,0.0,Harefield Village Green,UB9 6EG,Hillingdon,51.604697285476,-0.480577927343,08:30,09:30,,1,False,https://ourparks.org.uk/borough/bootcamp-109342
ourparks_109443_2401,Our Parks,Our Parks,Bootcamp,Bootcamp & Outdoor Fitness,Bootcamp,True,0.0,Hillingdon Court Park,UB10 9NT,Hillingdon,51.542145414625,-0.453846634192,09:00,10:00,,1,False,https://ourparks.org.uk/borough/bootcamp-109443
ourparks_109866_2402,Our Parks,Our Parks,Yoga,"Yoga, Pilates & Studio",Yoga,True,0.0,The Living Room,RM13 8RQ,Havering,51.524601122357,0.170868173773,18:00,19:00,,1,False,https://ourparks.org.uk/borough/yoga-109866
ourparks_109867_2403,Our Parks,Our Parks,Yoga,"Yoga, Pilates & Studio",Yoga,True,0.0,The Living Room,RM13 8RQ,Havering,51.524601122357,0.170868173773,18:00,19:00,,1,False,https://ourparks.org.uk/borough/yoga-109867
ourparks_109868_2404,Our Parks,Our Parks,Yoga,"Yoga, Pilates & Studio",Yoga,True,0.0,The Living Room,RM13 8RQ,Havering,51.524601122357,0.170868173773,18:00,19:00,,1,False,https://ourparks.org.uk/borough/yoga-109868
ourparks_109869_2405,Our Parks,Our Parks,Yoga,"Yoga, Pilates & Studio",Yoga,True,0.0,The Living Room,RM13 8RQ,Havering,51.524601122357,0.170868173773,18:00,19:00,,1,False,https://ourparks.org.uk/borough/yoga-109869
ourparks_109872_2406,Our Parks,Our Parks,Yoga,"Yoga, Pilates & Studio",Yoga,True,0.0,The Living Room,RM13 8RQ,Havering,51.524601122357,0.170868173773,18:00,19:00,,1,False,https://ourparks.org.uk/borough/yoga-109872
ourparks_109875_2407,Our Parks,Our Parks,Yoga,"Yoga, Pilates & Studio",Yoga,True,0.0,The Living Room,RM13 8RQ,Havering,51.524601122357,0.170868173773,18:00,19:00,,1,False,https://ourparks.org.uk/borough/yoga-109875
ourparks_109876_2408,Our Parks,Our Parks,Yoga,"Yoga, Pilates & Studio",Yoga,True,0.0,The Living Room,RM13 8RQ,Havering,51.524601122357,0.170868173773,18:00,19:00,,1,False,https://ourparks.org.uk/borough/yoga-109876
ourparks_109877_2409,Our Parks,Our Parks,Yoga,"Yoga, Pilates & Studio",Yoga,True,0.0,The Living Room,RM13 8RQ,Havering,51.524601122357,0.170868173773,18:00,19:00,,1,False,https://ourparks.org.uk/borough/yoga-109877
ourparks_109878_2410,Our Parks,Our Parks,Yoga,"Yoga, Pilates & Studio",Yoga,True,0.0,The Living Room,RM13 8RQ,Havering,51.524601122357,0.170868173773,18:00,19:00,,1,False,https://ourparks.org.uk/borough/yoga-109878
ourparks_109879_2411,Our Parks,Our Parks,Yoga,"Yoga, Pilates & Studio",Yoga,True,0.0,The Living Room,RM13 8RQ,Havering,51.524601122357,0.170868173773,18:00,19:00,,1,False,https://ourparks.org.uk/borough/yoga-109879
ourparks_109880_2412,Our Parks,Our Parks,Yoga,"Yoga, Pilates & Studio",Yoga,True,0.0,The Living Room,RM13 8RQ,Havering,51.524601122357,0.170868173773,18:00,19:00,,1,False,https://ourparks.org.uk/borough/yoga-109880
ourparks_109881_2413,Our Parks,Our Parks,Yoga,"Yoga, Pilates & Studio",Yoga,True,0.0,The Living Room,RM13 8RQ,Havering,51.524601122357,0.170868173773,18:00,19:00,,1,False,https://ourparks.org.uk/borough/yoga-109881
ourparks_109882_2414,Our Parks,Our Parks,Yoga,"Yoga, Pilates & Studio",Yoga,True,0.0,The Living Room,RM13 8RQ,Havering,51.524601122357,0.170868173773,18:00,19:00,,1,False,https://ourparks.org.uk/borough/yoga-109882
ourparks_109883_2415,Our Parks,Our Parks,Yoga,"Yoga, Pilates & Studio",Yoga,True,0.0,The Living Room,RM13 8RQ,Havering,51.524601122357,0.170868173773,18:00,19:00,,1,False,https://ourparks.org.uk/borough/yoga-109883
ourparks_109884_2416,Our Parks,Our Parks,Yoga,"Yoga, Pilates & Studio",Yoga,True,0.0,The Living Room,RM13 8RQ,Havering,51.524601122357,0.170868173773,18:00,19:00,,1,False,https://ourparks.org.uk/borough/yoga-109884
ourparks_109885_2417,Our Parks,Our Parks,Yoga,"Yoga, Pilates & Studio",Yoga,True,0.0,The Living Room,RM13 8RQ,Havering,51.524601122357,0.170868173773,18:00,19:00,,1,False,https://ourparks.org.uk/borough/yoga-109885
ourparks_109886_2418,Our Parks,Our Parks,Yoga,"Yoga, Pilates & Studio",Yoga,True,0.0,The Living Room,RM13 8RQ,Havering,51.524601122357,0.170868173773,18:00,19:00,,1,False,https://ourparks.org.uk/borough/yoga-109886
ourparks_109887_2419,Our Parks,Our Parks,Yoga,"Yoga, Pilates & Studio",Yoga,True,0.0,The Living Room,RM13 8RQ,Havering,51.524601122357,0.170868173773,18:00,19:00,,1,False,https://ourparks.org.uk/borough/yoga-109887
ourparks_109888_2420,Our Parks,Our Parks,Yoga,"Yoga, Pilates & Studio",Yoga,True,0.0,The Living Room,RM13 8RQ,Havering,51.524601122357,0.170868173773,18:00,19:00,,1,False,https://ourparks.org.uk/borough/yoga-109888
ourparks_109889_2421,Our Parks,Our Parks,Yoga,"Yoga, Pilates & Studio",Yoga,True,0.0,The Living Room,RM13 8RQ,Havering,51.524601122357,0.170868173773,18:00,19:00,,1,False,https://ourparks.org.uk/borough/yoga-109889
ourparks_109890_2422,Our Parks,Our Parks,Yoga,"Yoga, Pilates & Studio",Yoga,True,0.0,The Living Room,RM13 8RQ,Havering,51.524601122357,0.170868173773,18:00,19:00,,1,False,https://ourparks.org.uk/borough/yoga-109890
ourparks_109891_2423,Our Parks,Our Parks,Yoga,"Yoga, Pilates & Studio",Yoga,True,0.0,The Living Room,RM13 8RQ,Havering,51.524601122357,0.170868173773,18:00,19:00,,1,False,https://ourparks.org.uk/borough/yoga-109891
ourparks_109892_2424,Our Parks,Our Parks,Yoga,"Yoga, Pilates & Studio",Yoga,True,0.0,The Living Room,RM13 8RQ,Havering,51.524601122357,0.170868173773,18:00,19:00,,1,False,https://ourparks.org.uk/borough/yoga-109892
ourparks_109893_2425,Our Parks,Our Parks,Yoga,"Yoga, Pilates & Studio",Yoga,True,0.0,The Living Room,RM13 8RQ,Havering,51.524601122357,0.170868173773,18:00,19:00,,1,False,https://ourparks.org.uk/borough/yoga-109893
ourparks_109894_2426,Our Parks,Our Parks,Yoga,"Yoga, Pilates & Studio",Yoga,True,0.0,The Living Room,RM13 8RQ,Havering,51.524601122357,0.170868173773,18:00,19:00,,1,False,https://ourparks.org.uk/borough/yoga-109894
ourparks_109895_2427,Our Parks,Our Parks,Yoga,"Yoga, Pilates & Studio",Yoga,True,0.0,The Living Room,RM13 8RQ,Havering,51.524601122357,0.170868173773,18:00,19:00,,1,False,https://ourparks.org.uk/borough/yoga-109895
ourparks_109932_2428,Our Parks,Our Parks,Yoga,"Yoga, Pilates & Studio",Yoga,True,0.0,The Living Room,RM13 8RQ,Havering,51.524601122357,0.170868173773,18:00,19:00,,1,False,https://ourparks.org.uk/borough/yoga-109932
ourparks_107890_2429,Our Parks,Our Parks,Full Body Workout - LIVE with Born,Dance,Dance Fitness,True,0.0,Our Parks Live,KT2 7EW,,51.5161826,-0.1735317,08:00,09:00,,1,True,https://ourparks.org.uk/borough/full-body-workout-live-born-107890
ourparks_109133_2430,Our Parks,Our Parks,Bootcamp,Bootcamp & Outdoor Fitness,Bootcamp,True,0.0,Queens Park Gardens,W10 4QH,Westminster,51.5284574,-0.2089447,08:30,09:30,,1,False,https://ourparks.org.uk/borough/bootcamp-109133
ourparks_105438_2431,Our Parks,Our Parks,Low Impact Stretch,Martial Arts,Tai Chi,True,0.0,Kingsbury Library,NW9 9HE,Brent,51.5860156,-0.2765225,13:00,14:00,,1,False,https://ourparks.org.uk/borough/low-impact-stretch-105438
ourparks_105439_2432,Our Parks,Our Parks,Low Impact Stretch,Martial Arts,Tai Chi,True,0.0,Kingsbury Library,NW9 9HE,Brent,51.5860156,-0.2765225,13:00,14:00,,1,False,https://ourparks.org.uk/borough/low-impact-stretch-105439
ourparks_110051_2433,Our Parks,Our Parks,"Women's only - Abs, Bums & Thighs (ABT)",Gym / Fitness,Abs/Core,True,0.0,Bartlett Park,E14 6LA,Tower Hamlets,51.5152023,-0.0201571,09:00,10:00,,1,False,https://ourparks.org.uk/borough/womens-only-abs-bums-thighs-abt-110051
ourparks_108152_2434,Our Parks,Our Parks,Bootcamp,Bootcamp & Outdoor Fitness,Bootcamp,True,0.0,Victory Park (E20),E20 2ST,Newham,51.546291703992,-0.00978845673,09:30,10:30,,1,False,https://ourparks.org.uk/borough/bootcamp-108152
ourparks_110055_2435,Our Parks,Our Parks,"Women's only - Abs, Bums & Thighs (ABT)",Gym / Fitness,Abs/Core,True,0.0,Bartlett Park,E14 6LA,Tower Hamlets,51.5152023,-0.0201571,09:00,10:00,,1,False,https://ourparks.org.uk/borough/womens-only-abs-bums-thighs-abt-110055
ourparks_110056_2436,Our Parks,Our Parks,"Women's only - Abs, Bums & Thighs (ABT)",Gym / Fitness,Abs/Core,True,0.0,Bartlett Park,E14 6LA,Tower Hamlets,51.5152023,-0.0201571,09:00,10:00,,1,False,https://ourparks.org.uk/borough/womens-only-abs-bums-thighs-abt-110056
ourparks_110200_2437,Our Parks,Our Parks,HIIT YOGA,"Yoga, Pilates & Studio",Yoga,True,0.0,BST Hyde Park Festival,W2 2UH,Westminster,51.508831194331,-0.158924485878,17:00,18:00,,1,False,https://ourparks.org.uk/borough/hiit-yoga-110200
ourparks_110201_2438,Our Parks,Our Parks,HIIT,Gym / Fitness,HIIT,True,0.0,BST Hyde Park Festival,W2 2UH,Westminster,51.508831194331,-0.158924485878,17:00,18:00,,1,False,https://ourparks.org.uk/borough/hiit-110201
ourparks_109134_2439,Our Parks,Our Parks,Bootcamp,Bootcamp & Outdoor Fitness,Bootcamp,True,0.0,Queens Park Gardens,W10 4QH,Westminster,51.5284574,-0.2089447,08:30,09:30,,1,False,https://ourparks.org.uk/borough/bootcamp-109134
ourparks_109847_2440,Our Parks,Our Parks,Back to Exercise,Group Exercise,Group Exercise,True,0.0,Old Farm Park,DA15 8AN,Bexley,51.435940810701,0.091383360071,16:00,17:00,,1,False,https://ourparks.org.uk/borough/back-exercise-109847
ourparks_109852_2441,Our Parks,Our Parks,Back to Exercise,Group Exercise,Group Exercise,True,0.0,Old Farm Park,DA15 8AN,Bexley,51.435940810701,0.091383360071,16:00,17:00,,1,False,https://ourparks.org.uk/borough/back-exercise-109852
ourparks_109851_2442,Our Parks,Our Parks,Back to Exercise,Group Exercise,Group Exercise,True,0.0,Old Farm Park,DA15 8AN,Bexley,51.435940810701,0.091383360071,16:00,17:00,,1,False,https://ourparks.org.uk/borough/back-exercise-109851
ourparks_109853_2443,Our Parks,Our Parks,Back to Exercise,Group Exercise,Group Exercise,True,0.0,Old Farm Park,DA15 8AN,Bexley,51.435940810701,0.091383360071,16:00,17:00,,1,False,https://ourparks.org.uk/borough/back-exercise-109853
ourparks_109854_2444,Our Parks,Our Parks,Back to Exercise,Group Exercise,Group Exercise,True,0.0,Old Farm Park,DA15 8AN,Bexley,51.435940810701,0.091383360071,16:00,17:00,,1,False,https://ourparks.org.uk/borough/back-exercise-109854
ourparks_109855_2445,Our Parks,Our Parks,Back to Exercise,Group Exercise,Group Exercise,True,0.0,Old Farm Park,DA15 8AN,Bexley,51.435940810701,0.091383360071,16:00,17:00,,1,False,https://ourparks.org.uk/borough/back-exercise-109855
ourparks_109856_2446,Our Parks,Our Parks,Back to Exercise,Group Exercise,Group Exercise,True,0.0,Old Farm Park,DA15 8AN,Bexley,51.435940810701,0.091383360071,16:00,17:00,,1,False,https://ourparks.org.uk/borough/back-exercise-109856
ourparks_109857_2447,Our Parks,Our Parks,Back to Exercise,Group Exercise,Group Exercise,True,0.0,Old Farm Park,DA15 8AN,Bexley,51.435940810701,0.091383360071,16:00,17:00,,1,False,https://ourparks.org.uk/borough/back-exercise-109857
ourparks_109858_2448,Our Parks,Our Parks,Back to Exercise,Group Exercise,Group Exercise,True,0.0,Old Farm Park,DA15 8AN,Bexley,51.435940810701,0.091383360071,16:00,17:00,,1,False,https://ourparks.org.uk/borough/back-exercise-109858
ourparks_109859_2449,Our Parks,Our Parks,Back to Exercise,Group Exercise,Group Exercise,True,0.0,Old Farm Park,DA15 8AN,Bexley,51.435940810701,0.091383360071,16:00,17:00,,1,False,https://ourparks.org.uk/borough/back-exercise-109859
ourparks_109585_2450,Our Parks,Our Parks,Beginners Bootcamp,Bootcamp & Outdoor Fitness,Bootcamp,True,0.0,Walthamstow Marshes,E10 7QL,Waltham Forest,51.564823676338,-0.045328683324,09:00,10:00,,1,False,https://ourparks.org.uk/borough/beginners-bootcamp-109585
ourparks_109870_2451,Our Parks,Our Parks,Yoga,"Yoga, Pilates & Studio",Yoga,True,0.0,The Living Room,RM13 8RQ,Havering,51.524601122357,0.170868173773,18:00,19:00,,1,False,https://ourparks.org.uk/borough/yoga-109870
ourparks_109871_2452,Our Parks,Our Parks,Yoga,"Yoga, Pilates & Studio",Yoga,True,0.0,The Living Room,RM13 8RQ,Havering,51.524601122357,0.170868173773,18:00,19:00,,1,False,https://ourparks.org.uk/borough/yoga-109871
ourparks_110231_2453,Our Parks,Our Parks,Bootcamp,Bootcamp & Outdoor Fitness,Bootcamp,True,0.0,Camberwell Green,SE5 7AA,Southwark,51.475161998131,-0.092520418567,09:00,10:00,,1,False,https://ourparks.org.uk/borough/bootcamp-110231
ourparks_110232_2454,Our Parks,Our Parks,Bootcamp,Bootcamp & Outdoor Fitness,Bootcamp,True,0.0,Camberwell Green,SE5 7AA,Southwark,51.475161998131,-0.092520418567,09:00,10:00,,1,False,https://ourparks.org.uk/borough/bootcamp-110232
ourparks_110233_2455,Our Parks,Our Parks,Bootcamp,Bootcamp & Outdoor Fitness,Bootcamp,True,0.0,Camberwell Green,SE5 7AA,Southwark,51.475161998131,-0.092520418567,09:00,10:00,,1,False,https://ourparks.org.uk/borough/bootcamp-110233
ourparks_110234_2456,Our Parks,Our Parks,Bootcamp,Bootcamp & Outdoor Fitness,Bootcamp,True,0.0,Camberwell Green,SE5 7AA,Southwark,51.475161998131,-0.092520418567,09:00,10:00,,1,False,https://ourparks.org.uk/borough/bootcamp-110234
ourparks_110235_2457,Our Parks,Our Parks,Bootcamp,Bootcamp & Outdoor Fitness,Bootcamp,True,0.0,Camberwell Green,SE5 7AA,Southwark,51.475161998131,-0.092520418567,09:00,10:00,,1,False,https://ourparks.org.uk/borough/bootcamp-110235
ourparks_110236_2458,Our Parks,Our Parks,Bootcamp,Bootcamp & Outdoor Fitness,Bootcamp,True,0.0,Camberwell Green,SE5 7AA,Southwark,51.475161998131,-0.092520418567,09:00,10:00,,1,False,https://ourparks.org.uk/borough/bootcamp-110236
ourparks_110237_2459,Our Parks,Our Parks,Bootcamp,Bootcamp & Outdoor Fitness,Bootcamp,True,0.0,Camberwell Green,SE5 7AA,Southwark,51.475161998131,-0.092520418567,09:00,10:00,,1,False,https://ourparks.org.uk/borough/bootcamp-110237
ourparks_110238_2460,Our Parks,Our Parks,Bootcamp,Bootcamp & Outdoor Fitness,Bootcamp,True,0.0,Camberwell Green,SE5 7AA,Southwark,51.475161998131,-0.092520418567,09:00,10:00,,1,False,https://ourparks.org.uk/borough/bootcamp-110238
ourparks_110239_2461,Our Parks,Our Parks,Bootcamp,Bootcamp & Outdoor Fitness,Bootcamp,True,0.0,Camberwell Green,SE5 7AA,Southwark,51.475161998131,-0.092520418567,09:00,10:00,,1,False,https://ourparks.org.uk/borough/bootcamp-110239
ourparks_110240_2462,Our Parks,Our Parks,Bootcamp,Bootcamp & Outdoor Fitness,Bootcamp,True,0.0,Camberwell Green,SE5 7AA,Southwark,51.475161998131,-0.092520418567,09:00,10:00,,1,False,https://ourparks.org.uk/borough/bootcamp-110240
ourparks_110241_2463,Our Parks,Our Parks,Bootcamp,Bootcamp & Outdoor Fitness,Bootcamp,True,0.0,Camberwell Green,SE5 7AA,Southwark,51.475161998131,-0.092520418567,09:00,10:00,,1,False,https://ourparks.org.uk/borough/bootcamp-110241
ourparks_110242_2464,Our Parks,Our Parks,Bootcamp,Bootcamp & Outdoor Fitness,Bootcamp,True,0.0,Camberwell Green,SE5 7AA,Southwark,51.475161998131,-0.092520418567,09:00,10:00,,1,False,https://ourparks.org.uk/borough/bootcamp-110242
ourparks_110243_2465,Our Parks,Our Parks,Bootcamp,Bootcamp & Outdoor Fitness,Bootcamp,True,0.0,Camberwell Green,SE5 7AA,Southwark,51.475161998131,-0.092520418567,09:00,10:00,,1,False,https://ourparks.org.uk/borough/bootcamp-110243
ourparks_110244_2466,Our Parks,Our Parks,Bootcamp,Bootcamp & Outdoor Fitness,Bootcamp,True,0.0,Camberwell Green,SE5 7AA,Southwark,51.475161998131,-0.092520418567,09:00,10:00,,1,False,https://ourparks.org.uk/borough/bootcamp-110244
ourparks_110245_2467,Our Parks,Our Parks,Bootcamp,Bootcamp & Outdoor Fitness,Bootcamp,True,0.0,Camberwell Green,SE5 7AA,Southwark,51.475161998131,-0.092520418567,09:00,10:00,,1,False,https://ourparks.org.uk/borough/bootcamp-110245
ourparks_110246_2468,Our Parks,Our Parks,Bootcamp,Bootcamp & Outdoor Fitness,Bootcamp,True,0.0,Camberwell Green,SE5 7AA,Southwark,51.475161998131,-0.092520418567,09:00,10:00,,1,False,https://ourparks.org.uk/borough/bootcamp-110246
ourparks_110247_2469,Our Parks,Our Parks,Bootcamp,Bootcamp & Outdoor Fitness,Bootcamp,True,0.0,Camberwell Green,SE5 7AA,Southwark,51.475161998131,-0.092520418567,09:00,10:00,,1,False,https://ourparks.org.uk/borough/bootcamp-110247
ourparks_110248_2470,Our Parks,Our Parks,Bootcamp,Bootcamp & Outdoor Fitness,Bootcamp,True,0.0,Camberwell Green,SE5 7AA,Southwark,51.475161998131,-0.092520418567,09:00,10:00,,1,False,https://ourparks.org.uk/borough/bootcamp-110248
ourparks_110249_2471,Our Parks,Our Parks,Bootcamp,Bootcamp & Outdoor Fitness,Bootcamp,True,0.0,Camberwell Green,SE5 7AA,Southwark,51.475161998131,-0.092520418567,09:00,10:00,,1,False,https://ourparks.org.uk/borough/bootcamp-110249
ourparks_110250_2472,Our Parks,Our Parks,Bootcamp,Bootcamp & Outdoor Fitness,Bootcamp,True,0.0,Camberwell Green,SE5 7AA,Southwark,51.475161998131,-0.092520418567,09:00,10:00,,1,False,https://ourparks.org.uk/borough/bootcamp-110250
ourparks_110251_2473,Our Parks,Our Parks,Bootcamp,Bootcamp & Outdoor Fitness,Bootcamp,True,0.0,Camberwell Green,SE5 7AA,Southwark,51.475161998131,-0.092520418567,09:00,10:00,,1,False,https://ourparks.org.uk/borough/bootcamp-110251
ourparks_110252_2474,Our Parks,Our Parks,Bootcamp,Bootcamp & Outdoor Fitness,Bootcamp,True,0.0,Camberwell Green,SE5 7AA,Southwark,51.475161998131,-0.092520418567,09:00,10:00,,1,False,https://ourparks.org.uk/borough/bootcamp-110252
ourparks_110253_2475,Our Parks,Our Parks,Bootcamp,Bootcamp & Outdoor Fitness,Bootcamp,True,0.0,Camberwell Green,SE5 7AA,Southwark,51.475161998131,-0.092520418567,09:00,10:00,,1,False,https://ourparks.org.uk/borough/bootcamp-110253
ourparks_110256_2476,Our Parks,Our Parks,Bootcamp,Bootcamp & Outdoor Fitness,Bootcamp,True,0.0,Camberwell Green,SE5 7AA,Southwark,51.475161998131,-0.092520418567,09:00,10:00,,1,False,https://ourparks.org.uk/borough/bootcamp-110256
ourparks_110257_2477,Our Parks,Our Parks,Bootcamp,Bootcamp & Outdoor Fitness,Bootcamp,True,0.0,Camberwell Green,SE5 7AA,Southwark,51.475161998131,-0.092520418567,09:00,10:00,,1,False,https://ourparks.org.uk/borough/bootcamp-110257
ourparks_110258_2478,Our Parks,Our Parks,Bootcamp,Bootcamp & Outdoor Fitness,Bootcamp,True,0.0,Camberwell Green,SE5 7AA,Southwark,51.475161998131,-0.092520418567,09:00,10:00,,1,False,https://ourparks.org.uk/borough/bootcamp-110258
ourparks_110259_2479,Our Parks,Our Parks,Bootcamp,Bootcamp & Outdoor Fitness,Bootcamp,True,0.0,Camberwell Green,SE5 7AA,Southwark,51.475161998131,-0.092520418567,09:00,10:00,,1,False,https://ourparks.org.uk/borough/bootcamp-110259
ourparks_110260_2480,Our Parks,Our Parks,Bootcamp,Bootcamp & Outdoor Fitness,Bootcamp,True,0.0,Camberwell Green,SE5 7AA,Southwark,51.475161998131,-0.092520418567,09:00,10:00,,1,False,https://ourparks.org.uk/borough/bootcamp-110260
ourparks_110261_2481,Our Parks,Our Parks,Bootcamp,Bootcamp & Outdoor Fitness,Bootcamp,True,0.0,Camberwell Green,SE5 7AA,Southwark,51.475161998131,-0.092520418567,09:00,10:00,,1,False,https://ourparks.org.uk/borough/bootcamp-110261
ourparks_110262_2482,Our Parks,Our Parks,Bootcamp,Bootcamp & Outdoor Fitness,Bootcamp,True,0.0,Camberwell Green,SE5 7AA,Southwark,51.475161998131,-0.092520418567,09:00,10:00,,1,False,https://ourparks.org.uk/borough/bootcamp-110262
ourparks_110263_2483,Our Parks,Our Parks,Bootcamp,Bootcamp & Outdoor Fitness,Bootcamp,True,0.0,Camberwell Green,SE5 7AA,Southwark,51.475161998131,-0.092520418567,09:00,10:00,,1,False,https://ourparks.org.uk/borough/bootcamp-110263
ourparks_110264_2484,Our Parks,Our Parks,Bootcamp,Bootcamp & Outdoor Fitness,Bootcamp,True,0.0,Camberwell Green,SE5 7AA,Southwark,51.475161998131,-0.092520418567,09:00,10:00,,1,False,https://ourparks.org.uk/borough/bootcamp-110264
ourparks_110265_2485,Our Parks,Our Parks,Bootcamp,Bootcamp & Outdoor Fitness,Bootcamp,True,0.0,Camberwell Green,SE5 7AA,Southwark,51.475161998131,-0.092520418567,09:00,10:00,,1,False,https://ourparks.org.uk/borough/bootcamp-110265
ourparks_110266_2486,Our Parks,Our Parks,Bootcamp,Bootcamp & Outdoor Fitness,Bootcamp,True,0.0,Camberwell Green,SE5 7AA,Southwark,51.475161998131,-0.092520418567,09:00,10:00,,1,False,https://ourparks.org.uk/borough/bootcamp-110266
ourparks_110267_2487,Our Parks,Our Parks,Bootcamp,Bootcamp & Outdoor Fitness,Bootcamp,True,0.0,Camberwell Green,SE5 7AA,Southwark,51.475161998131,-0.092520418567,09:00,10:00,,1,False,https://ourparks.org.uk/borough/bootcamp-110267
ourparks_110268_2488,Our Parks,Our Parks,Bootcamp,Bootcamp & Outdoor Fitness,Bootcamp,True,0.0,Camberwell Green,SE5 7AA,Southwark,51.475161998131,-0.092520418567,09:00,10:00,,1,False,https://ourparks.org.uk/borough/bootcamp-110268
ourparks_110269_2489,Our Parks,Our Parks,Bootcamp,Bootcamp & Outdoor Fitness,Bootcamp,True,0.0,Camberwell Green,SE5 7AA,Southwark,51.475161998131,-0.092520418567,09:00,10:00,,1,False,https://ourparks.org.uk/borough/bootcamp-110269
ourparks_110271_2490,Our Parks,Our Parks,Bootcamp,Bootcamp & Outdoor Fitness,Bootcamp,True,0.0,Slade Green Recreational Ground,DA8 2LX,Bexley,51.469708263156,0.198783354461,08:00,09:00,,1,False,https://ourparks.org.uk/borough/bootcamp-110271
ourparks_110272_2491,Our Parks,Our Parks,Bootcamp,Bootcamp & Outdoor Fitness,Bootcamp,True,0.0,Slade Green Recreational Ground,DA8 2LX,Bexley,51.469708263156,0.198783354461,08:00,09:00,,1,False,https://ourparks.org.uk/borough/bootcamp-110272
ourparks_110274_2492,Our Parks,Our Parks,Bootcamp,Bootcamp & Outdoor Fitness,Bootcamp,True,0.0,Slade Green Recreational Ground,DA8 2LX,Bexley,51.469708263156,0.198783354461,08:00,09:00,,1,False,https://ourparks.org.uk/borough/bootcamp-110274
ourparks_110275_2493,Our Parks,Our Parks,Bootcamp,Bootcamp & Outdoor Fitness,Bootcamp,True,0.0,Slade Green Recreational Ground,DA8 2LX,Bexley,51.469708263156,0.198783354461,08:00,09:00,,1,False,https://ourparks.org.uk/borough/bootcamp-110275
ourparks_110276_2494,Our Parks,Our Parks,Bootcamp,Bootcamp & Outdoor Fitness,Bootcamp,True,0.0,Slade Green Recreational Ground,DA8 2LX,Bexley,51.469708263156,0.198783354461,08:00,09:00,,1,False,https://ourparks.org.uk/borough/bootcamp-110276
ourparks_110277_2495,Our Parks,Our Parks,Bootcamp,Bootcamp & Outdoor Fitness,Bootcamp,True,0.0,Slade Green Recreational Ground,DA8 2LX,Bexley,51.469708263156,0.198783354461,08:00,09:00,,1,False,https://ourparks.org.uk/borough/bootcamp-110277
ourparks_110278_2496,Our Parks,Our Parks,Bootcamp,Bootcamp & Outdoor Fitness,Bootcamp,True,0.0,Slade Green Recreational Ground,DA8 2LX,Bexley,51.469708263156,0.198783354461,08:00,09:00,,1,False,https://ourparks.org.uk/borough/bootcamp-110278
ourparks_110279_2497,Our Parks,Our Parks,Bootcamp,Bootcamp & Outdoor Fitness,Bootcamp,True,0.0,Slade Green Recreational Ground,DA8 2LX,Bexley,51.469708263156,0.198783354461,08:00,09:00,,1,False,https://ourparks.org.uk/borough/bootcamp-110279
ourparks_110280_2498,Our Parks,Our Parks,Bootcamp,Bootcamp & Outdoor Fitness,Bootcamp,True,0.0,Slade Green Recreational Ground,DA8 2LX,Bexley,51.469708263156,0.198783354461,08:00,09:00,,1,False,https://ourparks.org.uk/borough/bootcamp-110280
ourparks_110281_2499,Our Parks,Our Parks,Bootcamp,Bootcamp & Outdoor Fitness,Bootcamp,True,0.0,Slade Green Recreational Ground,DA8 2LX,Bexley,51.469708263156,0.198783354461,08:00,09:00,,1,False,https://ourparks.org.uk/borough/bootcamp-110281
ourparks_110282_2500,Our Parks,Our Parks,Bootcamp,Bootcamp & Outdoor Fitness,Bootcamp,True,0.0,Slade Green Recreational Ground,DA8 2LX,Bexley,51.469708263156,0.198783354461,08:00,09:00,,1,False,https://ourparks.org.uk/borough/bootcamp-110282
ourparks_110283_2501,Our Parks,Our Parks,Bootcamp,Bootcamp & Outdoor Fitness,Bootcamp,True,0.0,Slade Green Recreational Ground,DA8 2LX,Bexley,51.469708263156,0.198783354461,08:00,09:00,,1,False,https://ourparks.org.uk/borough/bootcamp-110283
ourparks_110284_2502,Our Parks,Our Parks,Bootcamp,Bootcamp & Outdoor Fitness,Bootcamp,True,0.0,Slade Green Recreational Ground,DA8 2LX,Bexley,51.469708263156,0.198783354461,08:00,09:00,,1,False,https://ourparks.org.uk/borough/bootcamp-110284
ourparks_109697_2503,Our Parks,Our Parks,Yoga,"Yoga, Pilates & Studio",Yoga,True,0.0,Danson Park,DA6 8HL,Bexley,51.457714156037,0.117872564391,16:30,17:30,,1,False,https://ourparks.org.uk/borough/yoga-109697
ourparks_109700_2504,Our Parks,Our Parks,Yoga,"Yoga, Pilates & Studio",Yoga,True,0.0,Danson Park,DA6 8HL,Bexley,51.457714156037,0.117872564391,16:30,17:30,,1,False,https://ourparks.org.uk/borough/yoga-109700
ourparks_109701_2505,Our Parks,Our Parks,Yoga,"Yoga, Pilates & Studio",Yoga,True,0.0,Danson Park,DA6 8HL,Bexley,51.457714156037,0.117872564391,16:30,17:30,,1,False,https://ourparks.org.uk/borough/yoga-109701
ourparks_109702_2506,Our Parks,Our Parks,Yoga,"Yoga, Pilates & Studio",Yoga,True,0.0,Danson Park,DA6 8HL,Bexley,51.457714156037,0.117872564391,16:30,17:30,,1,False,https://ourparks.org.uk/borough/yoga-109702
ourparks_109703_2507,Our Parks,Our Parks,Yoga,"Yoga, Pilates & Studio",Yoga,True,0.0,Danson Park,DA6 8HL,Bexley,51.457714156037,0.117872564391,16:30,17:30,,1,False,https://ourparks.org.uk/borough/yoga-109703
ourparks_109704_2508,Our Parks,Our Parks,Yoga,"Yoga, Pilates & Studio",Yoga,True,0.0,Danson Park,DA6 8HL,Bexley,51.457714156037,0.117872564391,16:30,17:30,,1,False,https://ourparks.org.uk/borough/yoga-109704
ourparks_109705_2509,Our Parks,Our Parks,Yoga,"Yoga, Pilates & Studio",Yoga,True,0.0,Danson Park,DA6 8HL,Bexley,51.457714156037,0.117872564391,16:30,17:30,,1,False,https://ourparks.org.uk/borough/yoga-109705
ourparks_109706_2510,Our Parks,Our Parks,Yoga,"Yoga, Pilates & Studio",Yoga,True,0.0,Danson Park,DA6 8HL,Bexley,51.457714156037,0.117872564391,16:30,17:30,,1,False,https://ourparks.org.uk/borough/yoga-109706
ourparks_109707_2511,Our Parks,Our Parks,Yoga,"Yoga, Pilates & Studio",Yoga,True,0.0,Danson Park,DA6 8HL,Bexley,51.457714156037,0.117872564391,16:30,17:30,,1,False,https://ourparks.org.uk/borough/yoga-109707
ourparks_109708_2512,Our Parks,Our Parks,Yoga,"Yoga, Pilates & Studio",Yoga,True,0.0,Danson Park,DA6 8HL,Bexley,51.457714156037,0.117872564391,16:30,17:30,,1,False,https://ourparks.org.uk/borough/yoga-109708
ourparks_109709_2513,Our Parks,Our Parks,Yoga,"Yoga, Pilates & Studio",Yoga,True,0.0,Danson Park,DA6 8HL,Bexley,51.457714156037,0.117872564391,16:30,17:30,,1,False,https://ourparks.org.uk/borough/yoga-109709
ourparks_110285_2514,Our Parks,Our Parks,Beginners Bootcamp,Bootcamp & Outdoor Fitness,Bootcamp,True,0.0,Fair Green at Mitcham Market,CR4 2PF,Merton,51.4058202,-0.1638252,09:00,10:00,,1,False,https://ourparks.org.uk/borough/beginners-bootcamp-110285
ourparks_110286_2515,Our Parks,Our Parks,Beginners Bootcamp,Bootcamp & Outdoor Fitness,Bootcamp,True,0.0,Fair Green at Mitcham Market,CR4 2PF,Merton,51.4058202,-0.1638252,09:00,10:00,,1,False,https://ourparks.org.uk/borough/beginners-bootcamp-110286
ourparks_110287_2516,Our Parks,Our Parks,Beginners Bootcamp,Bootcamp & Outdoor Fitness,Bootcamp,True,0.0,Fair Green at Mitcham Market,CR4 2PF,Merton,51.4058202,-0.1638252,09:00,10:00,,1,False,https://ourparks.org.uk/borough/beginners-bootcamp-110287
ourparks_110288_2517,Our Parks,Our Parks,Beginners Bootcamp,Bootcamp & Outdoor Fitness,Bootcamp,True,0.0,Fair Green at Mitcham Market,CR4 2PF,Merton,51.4058202,-0.1638252,09:00,10:00,,1,False,https://ourparks.org.uk/borough/beginners-bootcamp-110288
ourparks_110289_2518,Our Parks,Our Parks,Beginners Bootcamp,Bootcamp & Outdoor Fitness,Bootcamp,True,0.0,Fair Green at Mitcham Market,CR4 2PF,Merton,51.4058202,-0.1638252,09:00,10:00,,1,False,https://ourparks.org.uk/borough/beginners-bootcamp-110289
ourparks_110290_2519,Our Parks,Our Parks,Beginners Bootcamp,Bootcamp & Outdoor Fitness,Bootcamp,True,0.0,Fair Green at Mitcham Market,CR4 2PF,Merton,51.4058202,-0.1638252,09:00,10:00,,1,False,https://ourparks.org.uk/borough/beginners-bootcamp-110290
ourparks_110291_2520,Our Parks,Our Parks,Beginners Bootcamp,Bootcamp & Outdoor Fitness,Bootcamp,True,0.0,Fair Green at Mitcham Market,CR4 2PF,Merton,51.4058202,-0.1638252,09:00,10:00,,1,False,https://ourparks.org.uk/borough/beginners-bootcamp-110291
ourparks_110292_2521,Our Parks,Our Parks,Beginners Bootcamp,Bootcamp & Outdoor Fitness,Bootcamp,True,0.0,Fair Green at Mitcham Market,CR4 2PF,Merton,51.4058202,-0.1638252,09:00,10:00,,1,False,https://ourparks.org.uk/borough/beginners-bootcamp-110292
ourparks_110293_2522,Our Parks,Our Parks,Beginners Bootcamp,Bootcamp & Outdoor Fitness,Bootcamp,True,0.0,Fair Green at Mitcham Market,CR4 2PF,Merton,51.4058202,-0.1638252,09:00,10:00,,1,False,https://ourparks.org.uk/borough/beginners-bootcamp-110293
ourparks_110294_2523,Our Parks,Our Parks,Beginners Bootcamp,Bootcamp & Outdoor Fitness,Bootcamp,True,0.0,Fair Green at Mitcham Market,CR4 2PF,Merton,51.4058202,-0.1638252,09:00,10:00,,1,False,https://ourparks.org.uk/borough/beginners-bootcamp-110294
ourparks_110295_2524,Our Parks,Our Parks,Beginners Bootcamp,Bootcamp & Outdoor Fitness,Bootcamp,True,0.0,Fair Green at Mitcham Market,CR4 2PF,Merton,51.4058202,-0.1638252,09:00,10:00,,1,False,https://ourparks.org.uk/borough/beginners-bootcamp-110295
ourparks_110296_2525,Our Parks,Our Parks,Beginners Bootcamp,Bootcamp & Outdoor Fitness,Bootcamp,True,0.0,Fair Green at Mitcham Market,CR4 2PF,Merton,51.4058202,-0.1638252,09:00,10:00,,1,False,https://ourparks.org.uk/borough/beginners-bootcamp-110296
ourparks_110297_2526,Our Parks,Our Parks,Beginners Bootcamp,Bootcamp & Outdoor Fitness,Bootcamp,True,0.0,Fair Green at Mitcham Market,CR4 2PF,Merton,51.4058202,-0.1638252,09:00,10:00,,1,False,https://ourparks.org.uk/borough/beginners-bootcamp-110297
ourparks_110298_2527,Our Parks,Our Parks,Beginners Bootcamp,Bootcamp & Outdoor Fitness,Bootcamp,True,0.0,Fair Green at Mitcham Market,CR4 2PF,Merton,51.4058202,-0.1638252,09:00,10:00,,1,False,https://ourparks.org.uk/borough/beginners-bootcamp-110298
ourparks_110299_2528,Our Parks,Our Parks,Beginners Bootcamp,Bootcamp & Outdoor Fitness,Bootcamp,True,0.0,Fair Green at Mitcham Market,CR4 2PF,Merton,51.4058202,-0.1638252,09:00,10:00,,1,False,https://ourparks.org.uk/borough/beginners-bootcamp-110299
ourparks_110300_2529,Our Parks,Our Parks,Beginners Bootcamp,Bootcamp & Outdoor Fitness,Bootcamp,True,0.0,Fair Green at Mitcham Market,CR4 2PF,Merton,51.4058202,-0.1638252,09:00,10:00,,1,False,https://ourparks.org.uk/borough/beginners-bootcamp-110300
ourparks_110301_2530,Our Parks,Our Parks,Beginners Bootcamp,Bootcamp & Outdoor Fitness,Bootcamp,True,0.0,Fair Green at Mitcham Market,CR4 2PF,Merton,51.4058202,-0.1638252,09:00,10:00,,1,False,https://ourparks.org.uk/borough/beginners-bootcamp-110301
ourparks_110302_2531,Our Parks,Our Parks,Beginners Bootcamp,Bootcamp & Outdoor Fitness,Bootcamp,True,0.0,Fair Green at Mitcham Market,CR4 2PF,Merton,51.4058202,-0.1638252,09:00,10:00,,1,False,https://ourparks.org.uk/borough/beginners-bootcamp-110302
ourparks_110303_2532,Our Parks,Our Parks,Beginners Bootcamp,Bootcamp & Outdoor Fitness,Bootcamp,True,0.0,Fair Green at Mitcham Market,CR4 2PF,Merton,51.4058202,-0.1638252,09:00,10:00,,1,False,https://ourparks.org.uk/borough/beginners-bootcamp-110303
ourparks_110304_2533,Our Parks,Our Parks,Beginners Bootcamp,Bootcamp & Outdoor Fitness,Bootcamp,True,0.0,Fair Green at Mitcham Market,CR4 2PF,Merton,51.4058202,-0.1638252,09:00,10:00,,1,False,https://ourparks.org.uk/borough/beginners-bootcamp-110304
ourparks_110305_2534,Our Parks,Our Parks,Beginners Bootcamp,Bootcamp & Outdoor Fitness,Bootcamp,True,0.0,Fair Green at Mitcham Market,CR4 2PF,Merton,51.4058202,-0.1638252,09:00,10:00,,1,False,https://ourparks.org.uk/borough/beginners-bootcamp-110305
ourparks_110306_2535,Our Parks,Our Parks,Beginners Bootcamp,Bootcamp & Outdoor Fitness,Bootcamp,True,0.0,Fair Green at Mitcham Market,CR4 2PF,Merton,51.4058202,-0.1638252,09:00,10:00,,1,False,https://ourparks.org.uk/borough/beginners-bootcamp-110306
ourparks_110307_2536,Our Parks,Our Parks,Beginners Bootcamp,Bootcamp & Outdoor Fitness,Bootcamp,True,0.0,Fair Green at Mitcham Market,CR4 2PF,Merton,51.4058202,-0.1638252,09:00,10:00,,1,False,https://ourparks.org.uk/borough/beginners-bootcamp-110307
ourparks_110308_2537,Our Parks,Our Parks,Beginners Bootcamp,Bootcamp & Outdoor Fitness,Bootcamp,True,0.0,Fair Green at Mitcham Market,CR4 2PF,Merton,51.4058202,-0.1638252,09:00,10:00,,1,False,https://ourparks.org.uk/borough/beginners-bootcamp-110308
ourparks_110309_2538,Our Parks,Our Parks,Beginners Bootcamp,Bootcamp & Outdoor Fitness,Bootcamp,True,0.0,Fair Green at Mitcham Market,CR4 2PF,Merton,51.4058202,-0.1638252,09:00,10:00,,1,False,https://ourparks.org.uk/borough/beginners-bootcamp-110309
ourparks_110310_2539,Our Parks,Our Parks,Beginners Bootcamp,Bootcamp & Outdoor Fitness,Bootcamp,True,0.0,Fair Green at Mitcham Market,CR4 2PF,Merton,51.4058202,-0.1638252,09:00,10:00,,1,False,https://ourparks.org.uk/borough/beginners-bootcamp-110310
ourparks_110311_2540,Our Parks,Our Parks,Beginners Bootcamp,Bootcamp & Outdoor Fitness,Bootcamp,True,0.0,Fair Green at Mitcham Market,CR4 2PF,Merton,51.4058202,-0.1638252,09:00,10:00,,1,False,https://ourparks.org.uk/borough/beginners-bootcamp-110311
ourparks_110312_2541,Our Parks,Our Parks,Beginners Bootcamp,Bootcamp & Outdoor Fitness,Bootcamp,True,0.0,Fair Green at Mitcham Market,CR4 2PF,Merton,51.4058202,-0.1638252,09:00,10:00,,1,False,https://ourparks.org.uk/borough/beginners-bootcamp-110312
ourparks_110313_2542,Our Parks,Our Parks,Beginners Bootcamp,Bootcamp & Outdoor Fitness,Bootcamp,True,0.0,Fair Green at Mitcham Market,CR4 2PF,Merton,51.4058202,-0.1638252,09:00,10:00,,1,False,https://ourparks.org.uk/borough/beginners-bootcamp-110313
ourparks_110316_2543,Our Parks,Our Parks,Beginners Bootcamp,Bootcamp & Outdoor Fitness,Bootcamp,True,0.0,Fair Green at Mitcham Market,CR4 2PF,Merton,51.4058202,-0.1638252,09:00,10:00,,1,False,https://ourparks.org.uk/borough/beginners-bootcamp-110316
ourparks_110317_2544,Our Parks,Our Parks,Beginners Bootcamp,Bootcamp & Outdoor Fitness,Bootcamp,True,0.0,Fair Green at Mitcham Market,CR4 2PF,Merton,51.4058202,-0.1638252,09:00,10:00,,1,False,https://ourparks.org.uk/borough/beginners-bootcamp-110317
ourparks_110318_2545,Our Parks,Our Parks,Beginners Bootcamp,Bootcamp & Outdoor Fitness,Bootcamp,True,0.0,Fair Green at Mitcham Market,CR4 2PF,Merton,51.4058202,-0.1638252,09:00,10:00,,1,False,https://ourparks.org.uk/borough/beginners-bootcamp-110318
ourparks_110319_2546,Our Parks,Our Parks,Beginners Bootcamp,Bootcamp & Outdoor Fitness,Bootcamp,True,0.0,Fair Green at Mitcham Market,CR4 2PF,Merton,51.4058202,-0.1638252,09:00,10:00,,1,False,https://ourparks.org.uk/borough/beginners-bootcamp-110319
ourparks_110320_2547,Our Parks,Our Parks,Beginners Bootcamp,Bootcamp & Outdoor Fitness,Bootcamp,True,0.0,Fair Green at Mitcham Market,CR4 2PF,Merton,51.4058202,-0.1638252,09:00,10:00,,1,False,https://ourparks.org.uk/borough/beginners-bootcamp-110320
ourparks_110321_2548,Our Parks,Our Parks,Beginners Bootcamp,Bootcamp & Outdoor Fitness,Bootcamp,True,0.0,Fair Green at Mitcham Market,CR4 2PF,Merton,51.4058202,-0.1638252,09:00,10:00,,1,False,https://ourparks.org.uk/borough/beginners-bootcamp-110321
ourparks_110322_2549,Our Parks,Our Parks,Beginners Bootcamp,Bootcamp & Outdoor Fitness,Bootcamp,True,0.0,Fair Green at Mitcham Market,CR4 2PF,Merton,51.4058202,-0.1638252,09:00,10:00,,1,False,https://ourparks.org.uk/borough/beginners-bootcamp-110322
ourparks_110323_2550,Our Parks,Our Parks,Beginners Bootcamp,Bootcamp & Outdoor Fitness,Bootcamp,True,0.0,Fair Green at Mitcham Market,CR4 2PF,Merton,51.4058202,-0.1638252,09:00,10:00,,1,False,https://ourparks.org.uk/borough/beginners-bootcamp-110323
ourparks_110324_2551,Our Parks,Our Parks,Beginners Bootcamp,Bootcamp & Outdoor Fitness,Bootcamp,True,0.0,Fair Green at Mitcham Market,CR4 2PF,Merton,51.4058202,-0.1638252,09:00,10:00,,1,False,https://ourparks.org.uk/borough/beginners-bootcamp-110324
ourparks_110325_2552,Our Parks,Our Parks,Beginners Bootcamp,Bootcamp & Outdoor Fitness,Bootcamp,True,0.0,Fair Green at Mitcham Market,CR4 2PF,Merton,51.4058202,-0.1638252,09:00,10:00,,1,False,https://ourparks.org.uk/borough/beginners-bootcamp-110325
ourparks_110326_2553,Our Parks,Our Parks,Beginners Bootcamp,Bootcamp & Outdoor Fitness,Bootcamp,True,0.0,Fair Green at Mitcham Market,CR4 2PF,Merton,51.4058202,-0.1638252,09:00,10:00,,1,False,https://ourparks.org.uk/borough/beginners-bootcamp-110326
ourparks_110327_2554,Our Parks,Our Parks,Beginners Bootcamp,Bootcamp & Outdoor Fitness,Bootcamp,True,0.0,Fair Green at Mitcham Market,CR4 2PF,Merton,51.4058202,-0.1638252,09:00,10:00,,1,False,https://ourparks.org.uk/borough/beginners-bootcamp-110327
ourparks_110328_2555,Our Parks,Our Parks,Beginners Bootcamp,Bootcamp & Outdoor Fitness,Bootcamp,True,0.0,Fair Green at Mitcham Market,CR4 2PF,Merton,51.4058202,-0.1638252,09:00,10:00,,1,False,https://ourparks.org.uk/borough/beginners-bootcamp-110328
ourparks_110329_2556,Our Parks,Our Parks,Beginners Bootcamp,Bootcamp & Outdoor Fitness,Bootcamp,True,0.0,Fair Green at Mitcham Market,CR4 2PF,Merton,51.4058202,-0.1638252,09:00,10:00,,1,False,https://ourparks.org.uk/borough/beginners-bootcamp-110329
ourparks_110330_2557,Our Parks,Our Parks,Beginners Bootcamp,Bootcamp & Outdoor Fitness,Bootcamp,True,0.0,Fair Green at Mitcham Market,CR4 2PF,Merton,51.4058202,-0.1638252,09:00,10:00,,1,False,https://ourparks.org.uk/borough/beginners-bootcamp-110330
ourparks_110331_2558,Our Parks,Our Parks,Beginners Bootcamp,Bootcamp & Outdoor Fitness,Bootcamp,True,0.0,Fair Green at Mitcham Market,CR4 2PF,Merton,51.4058202,-0.1638252,09:00,10:00,,1,False,https://ourparks.org.uk/borough/beginners-bootcamp-110331
ourparks_110332_2559,Our Parks,Our Parks,Beginners Bootcamp,Bootcamp & Outdoor Fitness,Bootcamp,True,0.0,Fair Green at Mitcham Market,CR4 2PF,Merton,51.4058202,-0.1638252,09:00,10:00,,1,False,https://ourparks.org.uk/borough/beginners-bootcamp-110332
ourparks_110333_2560,Our Parks,Our Parks,Beginners Bootcamp,Bootcamp & Outdoor Fitness,Bootcamp,True,0.0,Fair Green at Mitcham Market,CR4 2PF,Merton,51.4058202,-0.1638252,09:00,10:00,,1,False,https://ourparks.org.uk/borough/beginners-bootcamp-110333
ourparks_110334_2561,Our Parks,Our Parks,Beginners Bootcamp,Bootcamp & Outdoor Fitness,Bootcamp,True,0.0,Fair Green at Mitcham Market,CR4 2PF,Merton,51.4058202,-0.1638252,09:00,10:00,,1,False,https://ourparks.org.uk/borough/beginners-bootcamp-110334
ourparks_110335_2562,Our Parks,Our Parks,Beginners Bootcamp,Bootcamp & Outdoor Fitness,Bootcamp,True,0.0,Fair Green at Mitcham Market,CR4 2PF,Merton,51.4058202,-0.1638252,09:00,10:00,,1,False,https://ourparks.org.uk/borough/beginners-bootcamp-110335
ourparks_110336_2563,Our Parks,Our Parks,Beginners Bootcamp,Bootcamp & Outdoor Fitness,Bootcamp,True,0.0,Fair Green at Mitcham Market,CR4 2PF,Merton,51.4058202,-0.1638252,09:00,10:00,,1,False,https://ourparks.org.uk/borough/beginners-bootcamp-110336
ourparks_109191_2564,Our Parks,Our Parks,Bootcamp,Bootcamp & Outdoor Fitness,Bootcamp,True,0.0,Queens Park Gardens,W10 4QH,Westminster,51.5284574,-0.2089447,08:30,09:30,,1,False,https://ourparks.org.uk/borough/bootcamp-109191
ourparks_109192_2565,Our Parks,Our Parks,Bootcamp,Bootcamp & Outdoor Fitness,Bootcamp,True,0.0,Queens Park Gardens,W10 4QH,Westminster,51.5284574,-0.2089447,08:30,09:30,,1,False,https://ourparks.org.uk/borough/bootcamp-109192
ourparks_109193_2566,Our Parks,Our Parks,Bootcamp,Bootcamp & Outdoor Fitness,Bootcamp,True,0.0,Queens Park Gardens,W10 4QH,Westminster,51.5284574,-0.2089447,08:30,09:30,,1,False,https://ourparks.org.uk/borough/bootcamp-109193
ourparks_109194_2567,Our Parks,Our Parks,Bootcamp,Bootcamp & Outdoor Fitness,Bootcamp,True,0.0,Queens Park Gardens,W10 4QH,Westminster,51.5284574,-0.2089447,08:30,09:30,,1,False,https://ourparks.org.uk/borough/bootcamp-109194
ourparks_109195_2568,Our Parks,Our Parks,Bootcamp,Bootcamp & Outdoor Fitness,Bootcamp,True,0.0,Queens Park Gardens,W10 4QH,Westminster,51.5284574,-0.2089447,08:30,09:30,,1,False,https://ourparks.org.uk/borough/bootcamp-109195
ourparks_109196_2569,Our Parks,Our Parks,Bootcamp,Bootcamp & Outdoor Fitness,Bootcamp,True,0.0,Queens Park Gardens,W10 4QH,Westminster,51.5284574,-0.2089447,08:30,09:30,,1,False,https://ourparks.org.uk/borough/bootcamp-109196
ourparks_109197_2570,Our Parks,Our Parks,Bootcamp,Bootcamp & Outdoor Fitness,Bootcamp,True,0.0,Queens Park Gardens,W10 4QH,Westminster,51.5284574,-0.2089447,08:30,09:30,,1,False,https://ourparks.org.uk/borough/bootcamp-109197
ourparks_109198_2571,Our Parks,Our Parks,Bootcamp,Bootcamp & Outdoor Fitness,Bootcamp,True,0.0,Queens Park Gardens,W10 4QH,Westminster,51.5284574,-0.2089447,08:30,09:30,,1,False,https://ourparks.org.uk/borough/bootcamp-109198
ourparks_109199_2572,Our Parks,Our Parks,Bootcamp,Bootcamp & Outdoor Fitness,Bootcamp,True,0.0,Queens Park Gardens,W10 4QH,Westminster,51.5284574,-0.2089447,08:30,09:30,,1,False,https://ourparks.org.uk/borough/bootcamp-109199
ourparks_109200_2573,Our Parks,Our Parks,Bootcamp,Bootcamp & Outdoor Fitness,Bootcamp,True,0.0,Queens Park Gardens,W10 4QH,Westminster,51.5284574,-0.2089447,08:30,09:30,,1,False,https://ourparks.org.uk/borough/bootcamp-109200
ourparks_109201_2574,Our Parks,Our Parks,Bootcamp,Bootcamp & Outdoor Fitness,Bootcamp,True,0.0,Queens Park Gardens,W10 4QH,Westminster,51.5284574,-0.2089447,08:30,09:30,,1,False,https://ourparks.org.uk/borough/bootcamp-109201
ourparks_109202_2575,Our Parks,Our Parks,Bootcamp,Bootcamp & Outdoor Fitness,Bootcamp,True,0.0,Queens Park Gardens,W10 4QH,Westminster,51.5284574,-0.2089447,08:30,09:30,,1,False,https://ourparks.org.uk/borough/bootcamp-109202
ourparks_109203_2576,Our Parks,Our Parks,Bootcamp,Bootcamp & Outdoor Fitness,Bootcamp,True,0.0,Queens Park Gardens,W10 4QH,Westminster,51.5284574,-0.2089447,08:30,09:30,,1,False,https://ourparks.org.uk/borough/bootcamp-109203
ourparks_109204_2577,Our Parks,Our Parks,Bootcamp,Bootcamp & Outdoor Fitness,Bootcamp,True,0.0,Queens Park Gardens,W10 4QH,Westminster,51.5284574,-0.2089447,08:30,09:30,,1,False,https://ourparks.org.uk/borough/bootcamp-109204
ourparks_109205_2578,Our Parks,Our Parks,Bootcamp,Bootcamp & Outdoor Fitness,Bootcamp,True,0.0,Queens Park Gardens,W10 4QH,Westminster,51.5284574,-0.2089447,08:30,09:30,,1,False,https://ourparks.org.uk/borough/bootcamp-109205
ourparks_109206_2579,Our Parks,Our Parks,Bootcamp,Bootcamp & Outdoor Fitness,Bootcamp,True,0.0,Queens Park Gardens,W10 4QH,Westminster,51.5284574,-0.2089447,08:30,09:30,,1,False,https://ourparks.org.uk/borough/bootcamp-109206
ourparks_109207_2580,Our Parks,Our Parks,Bootcamp,Bootcamp & Outdoor Fitness,Bootcamp,True,0.0,Queens Park Gardens,W10 4QH,Westminster,51.5284574,-0.2089447,08:30,09:30,,1,False,https://ourparks.org.uk/borough/bootcamp-109207
ourparks_109208_2581,Our Parks,Our Parks,Bootcamp,Bootcamp & Outdoor Fitness,Bootcamp,True,0.0,Queens Park Gardens,W10 4QH,Westminster,51.5284574,-0.2089447,08:30,09:30,,1,False,https://ourparks.org.uk/borough/bootcamp-109208
ourparks_109209_2582,Our Parks,Our Parks,Bootcamp,Bootcamp & Outdoor Fitness,Bootcamp,True,0.0,Queens Park Gardens,W10 4QH,Westminster,51.5284574,-0.2089447,08:30,09:30,,1,False,https://ourparks.org.uk/borough/bootcamp-109209
ourparks_109210_2583,Our Parks,Our Parks,Bootcamp,Bootcamp & Outdoor Fitness,Bootcamp,True,0.0,Queens Park Gardens,W10 4QH,Westminster,51.5284574,-0.2089447,08:30,09:30,,1,False,https://ourparks.org.uk/borough/bootcamp-109210
ourparks_109211_2584,Our Parks,Our Parks,Bootcamp,Bootcamp & Outdoor Fitness,Bootcamp,True,0.0,Queens Park Gardens,W10 4QH,Westminster,51.5284574,-0.2089447,08:30,09:30,,1,False,https://ourparks.org.uk/borough/bootcamp-109211
ourparks_109212_2585,Our Parks,Our Parks,Bootcamp,Bootcamp & Outdoor Fitness,Bootcamp,True,0.0,Queens Park Gardens,W10 4QH,Westminster,51.5284574,-0.2089447,08:30,09:30,,1,False,https://ourparks.org.uk/borough/bootcamp-109212
ourparks_109213_2586,Our Parks,Our Parks,Bootcamp,Bootcamp & Outdoor Fitness,Bootcamp,True,0.0,Queens Park Gardens,W10 4QH,Westminster,51.5284574,-0.2089447,08:30,09:30,,1,False,https://ourparks.org.uk/borough/bootcamp-109213
ourparks_109216_2587,Our Parks,Our Parks,Bootcamp,Bootcamp & Outdoor Fitness,Bootcamp,True,0.0,Queens Park Gardens,W10 4QH,Westminster,51.5284574,-0.2089447,08:30,09:30,,1,False,https://ourparks.org.uk/borough/bootcamp-109216
ourparks_109217_2588,Our Parks,Our Parks,Bootcamp,Bootcamp & Outdoor Fitness,Bootcamp,True,0.0,Queens Park Gardens,W10 4QH,Westminster,51.5284574,-0.2089447,08:30,09:30,,1,False,https://ourparks.org.uk/borough/bootcamp-109217
ourparks_109218_2589,Our Parks,Our Parks,Bootcamp,Bootcamp & Outdoor Fitness,Bootcamp,True,0.0,Queens Park Gardens,W10 4QH,Westminster,51.5284574,-0.2089447,08:30,09:30,,1,False,https://ourparks.org.uk/borough/bootcamp-109218
ourparks_109219_2590,Our Parks,Our Parks,Bootcamp,Bootcamp & Outdoor Fitness,Bootcamp,True,0.0,Queens Park Gardens,W10 4QH,Westminster,51.5284574,-0.2089447,08:30,09:30,,1,False,https://ourparks.org.uk/borough/bootcamp-109219
ourparks_109220_2591,Our Parks,Our Parks,Bootcamp,Bootcamp & Outdoor Fitness,Bootcamp,True,0.0,Queens Park Gardens,W10 4QH,Westminster,51.5284574,-0.2089447,08:30,09:30,,1,False,https://ourparks.org.uk/borough/bootcamp-109220
ourparks_109221_2592,Our Parks,Our Parks,Bootcamp,Bootcamp & Outdoor Fitness,Bootcamp,True,0.0,Queens Park Gardens,W10 4QH,Westminster,51.5284574,-0.2089447,08:30,09:30,,1,False,https://ourparks.org.uk/borough/bootcamp-109221
ourparks_109222_2593,Our Parks,Our Parks,Bootcamp,Bootcamp & Outdoor Fitness,Bootcamp,True,0.0,Queens Park Gardens,W10 4QH,Westminster,51.5284574,-0.2089447,08:30,09:30,,1,False,https://ourparks.org.uk/borough/bootcamp-109222
ourparks_109223_2594,Our Parks,Our Parks,Bootcamp,Bootcamp & Outdoor Fitness,Bootcamp,True,0.0,Queens Park Gardens,W10 4QH,Westminster,51.5284574,-0.2089447,08:30,09:30,,1,False,https://ourparks.org.uk/borough/bootcamp-109223
ourparks_109224_2595,Our Parks,Our Parks,Bootcamp,Bootcamp & Outdoor Fitness,Bootcamp,True,0.0,Queens Park Gardens,W10 4QH,Westminster,51.5284574,-0.2089447,08:30,09:30,,1,False,https://ourparks.org.uk/borough/bootcamp-109224
ourparks_109225_2596,Our Parks,Our Parks,Bootcamp,Bootcamp & Outdoor Fitness,Bootcamp,True,0.0,Queens Park Gardens,W10 4QH,Westminster,51.5284574,-0.2089447,08:30,09:30,,1,False,https://ourparks.org.uk/borough/bootcamp-109225
ourparks_109226_2597,Our Parks,Our Parks,Bootcamp,Bootcamp & Outdoor Fitness,Bootcamp,True,0.0,Queens Park Gardens,W10 4QH,Westminster,51.5284574,-0.2089447,08:30,09:30,,1,False,https://ourparks.org.uk/borough/bootcamp-109226
ourparks_109227_2598,Our Parks,Our Parks,Bootcamp,Bootcamp & Outdoor Fitness,Bootcamp,True,0.0,Queens Park Gardens,W10 4QH,Westminster,51.5284574,-0.2089447,08:30,09:30,,1,False,https://ourparks.org.uk/borough/bootcamp-109227
ourparks_110439_2599,Our Parks,Our Parks,"Abs, Bums & Thighs (ABT)",Gym / Fitness,Abs/Core,True,0.0,Roundwood Park,NW10 3RT,Brent,51.5420062,-0.2403952,09:00,10:00,,1,False,https://ourparks.org.uk/borough/abs-bums-thighs-abt-110439
ourparks_110440_2600,Our Parks,Our Parks,"Abs, Bums & Thighs (ABT)",Gym / Fitness,Abs/Core,True,0.0,Roundwood Park,NW10 3RT,Brent,51.5420062,-0.2403952,09:00,10:00,,1,False,https://ourparks.org.uk/borough/abs-bums-thighs-abt-110440
ourparks_110441_2601,Our Parks,Our Parks,"Abs, Bums & Thighs (ABT)",Gym / Fitness,Abs/Core,True,0.0,Roundwood Park,NW10 3RT,Brent,51.5420062,-0.2403952,09:00,10:00,,1,False,https://ourparks.org.uk/borough/abs-bums-thighs-abt-110441
ourparks_110442_2602,Our Parks,Our Parks,"Abs, Bums & Thighs (ABT)",Gym / Fitness,Abs/Core,True,0.0,Roundwood Park,NW10 3RT,Brent,51.5420062,-0.2403952,09:00,10:00,,1,False,https://ourparks.org.uk/borough/abs-bums-thighs-abt-110442
ourparks_110443_2603,Our Parks,Our Parks,"Abs, Bums & Thighs (ABT)",Gym / Fitness,Abs/Core,True,0.0,Roundwood Park,NW10 3RT,Brent,51.5420062,-0.2403952,09:00,10:00,,1,False,https://ourparks.org.uk/borough/abs-bums-thighs-abt-110443
ourparks_110444_2604,Our Parks,Our Parks,"Abs, Bums & Thighs (ABT)",Gym / Fitness,Abs/Core,True,0.0,Roundwood Park,NW10 3RT,Brent,51.5420062,-0.2403952,09:00,10:00,,1,False,https://ourparks.org.uk/borough/abs-bums-thighs-abt-110444
ourparks_110445_2605,Our Parks,Our Parks,"Abs, Bums & Thighs (ABT)",Gym / Fitness,Abs/Core,True,0.0,Roundwood Park,NW10 3RT,Brent,51.5420062,-0.2403952,09:00,10:00,,1,False,https://ourparks.org.uk/borough/abs-bums-thighs-abt-110445
ourparks_110446_2606,Our Parks,Our Parks,"Abs, Bums & Thighs (ABT)",Gym / Fitness,Abs/Core,True,0.0,Roundwood Park,NW10 3RT,Brent,51.5420062,-0.2403952,09:00,10:00,,1,False,https://ourparks.org.uk/borough/abs-bums-thighs-abt-110446
ourparks_110447_2607,Our Parks,Our Parks,"Abs, Bums & Thighs (ABT)",Gym / Fitness,Abs/Core,True,0.0,Roundwood Park,NW10 3RT,Brent,51.5420062,-0.2403952,09:00,10:00,,1,False,https://ourparks.org.uk/borough/abs-bums-thighs-abt-110447
ourparks_110448_2608,Our Parks,Our Parks,"Abs, Bums & Thighs (ABT)",Gym / Fitness,Abs/Core,True,0.0,Roundwood Park,NW10 3RT,Brent,51.5420062,-0.2403952,09:00,10:00,,1,False,https://ourparks.org.uk/borough/abs-bums-thighs-abt-110448
ourparks_110449_2609,Our Parks,Our Parks,"Abs, Bums & Thighs (ABT)",Gym / Fitness,Abs/Core,True,0.0,Roundwood Park,NW10 3RT,Brent,51.5420062,-0.2403952,09:00,10:00,,1,False,https://ourparks.org.uk/borough/abs-bums-thighs-abt-110449
ourparks_110450_2610,Our Parks,Our Parks,"Abs, Bums & Thighs (ABT)",Gym / Fitness,Abs/Core,True,0.0,Roundwood Park,NW10 3RT,Brent,51.5420062,-0.2403952,09:00,10:00,,1,False,https://ourparks.org.uk/borough/abs-bums-thighs-abt-110450
ourparks_110451_2611,Our Parks,Our Parks,"Abs, Bums & Thighs (ABT)",Gym / Fitness,Abs/Core,True,0.0,Roundwood Park,NW10 3RT,Brent,51.5420062,-0.2403952,09:00,10:00,,1,False,https://ourparks.org.uk/borough/abs-bums-thighs-abt-110451
ourparks_110452_2612,Our Parks,Our Parks,"Abs, Bums & Thighs (ABT)",Gym / Fitness,Abs/Core,True,0.0,Roundwood Park,NW10 3RT,Brent,51.5420062,-0.2403952,09:00,10:00,,1,False,https://ourparks.org.uk/borough/abs-bums-thighs-abt-110452
ourparks_110453_2613,Our Parks,Our Parks,"Abs, Bums & Thighs (ABT)",Gym / Fitness,Abs/Core,True,0.0,Roundwood Park,NW10 3RT,Brent,51.5420062,-0.2403952,09:00,10:00,,1,False,https://ourparks.org.uk/borough/abs-bums-thighs-abt-110453
ourparks_110454_2614,Our Parks,Our Parks,"Abs, Bums & Thighs (ABT)",Gym / Fitness,Abs/Core,True,0.0,Roundwood Park,NW10 3RT,Brent,51.5420062,-0.2403952,09:00,10:00,,1,False,https://ourparks.org.uk/borough/abs-bums-thighs-abt-110454
ourparks_110455_2615,Our Parks,Our Parks,"Abs, Bums & Thighs (ABT)",Gym / Fitness,Abs/Core,True,0.0,Roundwood Park,NW10 3RT,Brent,51.5420062,-0.2403952,09:00,10:00,,1,False,https://ourparks.org.uk/borough/abs-bums-thighs-abt-110455
ourparks_110456_2616,Our Parks,Our Parks,"Abs, Bums & Thighs (ABT)",Gym / Fitness,Abs/Core,True,0.0,Roundwood Park,NW10 3RT,Brent,51.5420062,-0.2403952,09:00,10:00,,1,False,https://ourparks.org.uk/borough/abs-bums-thighs-abt-110456
ourparks_110457_2617,Our Parks,Our Parks,"Abs, Bums & Thighs (ABT)",Gym / Fitness,Abs/Core,True,0.0,Roundwood Park,NW10 3RT,Brent,51.5420062,-0.2403952,09:00,10:00,,1,False,https://ourparks.org.uk/borough/abs-bums-thighs-abt-110457
ourparks_110458_2618,Our Parks,Our Parks,"Abs, Bums & Thighs (ABT)",Gym / Fitness,Abs/Core,True,0.0,Roundwood Park,NW10 3RT,Brent,51.5420062,-0.2403952,09:00,10:00,,1,False,https://ourparks.org.uk/borough/abs-bums-thighs-abt-110458
ourparks_110459_2619,Our Parks,Our Parks,"Abs, Bums & Thighs (ABT)",Gym / Fitness,Abs/Core,True,0.0,Roundwood Park,NW10 3RT,Brent,51.5420062,-0.2403952,09:00,10:00,,1,False,https://ourparks.org.uk/borough/abs-bums-thighs-abt-110459
ourparks_110460_2620,Our Parks,Our Parks,"Abs, Bums & Thighs (ABT)",Gym / Fitness,Abs/Core,True,0.0,Roundwood Park,NW10 3RT,Brent,51.5420062,-0.2403952,09:00,10:00,,1,False,https://ourparks.org.uk/borough/abs-bums-thighs-abt-110460
ourparks_110461_2621,Our Parks,Our Parks,"Abs, Bums & Thighs (ABT)",Gym / Fitness,Abs/Core,True,0.0,Roundwood Park,NW10 3RT,Brent,51.5420062,-0.2403952,09:00,10:00,,1,False,https://ourparks.org.uk/borough/abs-bums-thighs-abt-110461
ourparks_110462_2622,Our Parks,Our Parks,"Abs, Bums & Thighs (ABT)",Gym / Fitness,Abs/Core,True,0.0,Roundwood Park,NW10 3RT,Brent,51.5420062,-0.2403952,09:00,10:00,,1,False,https://ourparks.org.uk/borough/abs-bums-thighs-abt-110462
ourparks_110463_2623,Our Parks,Our Parks,"Abs, Bums & Thighs (ABT)",Gym / Fitness,Abs/Core,True,0.0,Roundwood Park,NW10 3RT,Brent,51.5420062,-0.2403952,09:00,10:00,,1,False,https://ourparks.org.uk/borough/abs-bums-thighs-abt-110463
ourparks_110466_2624,Our Parks,Our Parks,"Abs, Bums & Thighs (ABT)",Gym / Fitness,Abs/Core,True,0.0,Roundwood Park,NW10 3RT,Brent,51.5420062,-0.2403952,09:00,10:00,,1,False,https://ourparks.org.uk/borough/abs-bums-thighs-abt-110466
ourparks_110467_2625,Our Parks,Our Parks,"Abs, Bums & Thighs (ABT)",Gym / Fitness,Abs/Core,True,0.0,Roundwood Park,NW10 3RT,Brent,51.5420062,-0.2403952,09:00,10:00,,1,False,https://ourparks.org.uk/borough/abs-bums-thighs-abt-110467
ourparks_110468_2626,Our Parks,Our Parks,"Abs, Bums & Thighs (ABT)",Gym / Fitness,Abs/Core,True,0.0,Roundwood Park,NW10 3RT,Brent,51.5420062,-0.2403952,09:00,10:00,,1,False,https://ourparks.org.uk/borough/abs-bums-thighs-abt-110468
ourparks_110469_2627,Our Parks,Our Parks,"Abs, Bums & Thighs (ABT)",Gym / Fitness,Abs/Core,True,0.0,Roundwood Park,NW10 3RT,Brent,51.5420062,-0.2403952,09:00,10:00,,1,False,https://ourparks.org.uk/borough/abs-bums-thighs-abt-110469
ourparks_110470_2628,Our Parks,Our Parks,"Abs, Bums & Thighs (ABT)",Gym / Fitness,Abs/Core,True,0.0,Roundwood Park,NW10 3RT,Brent,51.5420062,-0.2403952,09:00,10:00,,1,False,https://ourparks.org.uk/borough/abs-bums-thighs-abt-110470
ourparks_110471_2629,Our Parks,Our Parks,"Abs, Bums & Thighs (ABT)",Gym / Fitness,Abs/Core,True,0.0,Roundwood Park,NW10 3RT,Brent,51.5420062,-0.2403952,09:00,10:00,,1,False,https://ourparks.org.uk/borough/abs-bums-thighs-abt-110471
ourparks_110472_2630,Our Parks,Our Parks,"Abs, Bums & Thighs (ABT)",Gym / Fitness,Abs/Core,True,0.0,Roundwood Park,NW10 3RT,Brent,51.5420062,-0.2403952,09:00,10:00,,1,False,https://ourparks.org.uk/borough/abs-bums-thighs-abt-110472
ourparks_110473_2631,Our Parks,Our Parks,"Abs, Bums & Thighs (ABT)",Gym / Fitness,Abs/Core,True,0.0,Roundwood Park,NW10 3RT,Brent,51.5420062,-0.2403952,09:00,10:00,,1,False,https://ourparks.org.uk/borough/abs-bums-thighs-abt-110473
ourparks_110474_2632,Our Parks,Our Parks,"Abs, Bums & Thighs (ABT)",Gym / Fitness,Abs/Core,True,0.0,Roundwood Park,NW10 3RT,Brent,51.5420062,-0.2403952,09:00,10:00,,1,False,https://ourparks.org.uk/borough/abs-bums-thighs-abt-110474
ourparks_110475_2633,Our Parks,Our Parks,"Abs, Bums & Thighs (ABT)",Gym / Fitness,Abs/Core,True,0.0,Roundwood Park,NW10 3RT,Brent,51.5420062,-0.2403952,09:00,10:00,,1,False,https://ourparks.org.uk/borough/abs-bums-thighs-abt-110475
ourparks_110476_2634,Our Parks,Our Parks,"Abs, Bums & Thighs (ABT)",Gym / Fitness,Abs/Core,True,0.0,Roundwood Park,NW10 3RT,Brent,51.5420062,-0.2403952,09:00,10:00,,1,False,https://ourparks.org.uk/borough/abs-bums-thighs-abt-110476
ourparks_110477_2635,Our Parks,Our Parks,"Abs, Bums & Thighs (ABT)",Gym / Fitness,Abs/Core,True,0.0,Roundwood Park,NW10 3RT,Brent,51.5420062,-0.2403952,09:00,10:00,,1,False,https://ourparks.org.uk/borough/abs-bums-thighs-abt-110477
ourparks_110493_2636,Our Parks,Our Parks,Beginners Bootcamp,Bootcamp & Outdoor Fitness,Bootcamp,True,0.0,Gladstone Park,NW2,Brent,51.5596147901,-0.236722632917,09:00,10:00,,1,False,https://ourparks.org.uk/borough/beginners-bootcamp-110493
ourparks_110494_2637,Our Parks,Our Parks,Beginners Bootcamp,Bootcamp & Outdoor Fitness,Bootcamp,True,0.0,Gladstone Park,NW2,Brent,51.5596147901,-0.236722632917,09:00,10:00,,1,False,https://ourparks.org.uk/borough/beginners-bootcamp-110494
ourparks_110495_2638,Our Parks,Our Parks,Beginners Bootcamp,Bootcamp & Outdoor Fitness,Bootcamp,True,0.0,Gladstone Park,NW2,Brent,51.5596147901,-0.236722632917,09:00,10:00,,1,False,https://ourparks.org.uk/borough/beginners-bootcamp-110495
ourparks_110496_2639,Our Parks,Our Parks,Beginners Bootcamp,Bootcamp & Outdoor Fitness,Bootcamp,True,0.0,Gladstone Park,NW2,Brent,51.5596147901,-0.236722632917,09:00,10:00,,1,False,https://ourparks.org.uk/borough/beginners-bootcamp-110496
ourparks_110497_2640,Our Parks,Our Parks,Beginners Bootcamp,Bootcamp & Outdoor Fitness,Bootcamp,True,0.0,Gladstone Park,NW2,Brent,51.5596147901,-0.236722632917,09:00,10:00,,1,False,https://ourparks.org.uk/borough/beginners-bootcamp-110497
ourparks_110498_2641,Our Parks,Our Parks,Beginners Bootcamp,Bootcamp & Outdoor Fitness,Bootcamp,True,0.0,Gladstone Park,NW2,Brent,51.5596147901,-0.236722632917,09:00,10:00,,1,False,https://ourparks.org.uk/borough/beginners-bootcamp-110498
ourparks_110499_2642,Our Parks,Our Parks,Beginners Bootcamp,Bootcamp & Outdoor Fitness,Bootcamp,True,0.0,Gladstone Park,NW2,Brent,51.5596147901,-0.236722632917,09:00,10:00,,1,False,https://ourparks.org.uk/borough/beginners-bootcamp-110499
ourparks_110500_2643,Our Parks,Our Parks,Beginners Bootcamp,Bootcamp & Outdoor Fitness,Bootcamp,True,0.0,Gladstone Park,NW2,Brent,51.5596147901,-0.236722632917,09:00,10:00,,1,False,https://ourparks.org.uk/borough/beginners-bootcamp-110500
ourparks_110501_2644,Our Parks,Our Parks,Beginners Bootcamp,Bootcamp & Outdoor Fitness,Bootcamp,True,0.0,Gladstone Park,NW2,Brent,51.5596147901,-0.236722632917,09:00,10:00,,1,False,https://ourparks.org.uk/borough/beginners-bootcamp-110501
ourparks_110502_2645,Our Parks,Our Parks,Beginners Bootcamp,Bootcamp & Outdoor Fitness,Bootcamp,True,0.0,Gladstone Park,NW2,Brent,51.5596147901,-0.236722632917,09:00,10:00,,1,False,https://ourparks.org.uk/borough/beginners-bootcamp-110502
ourparks_110503_2646,Our Parks,Our Parks,Beginners Bootcamp,Bootcamp & Outdoor Fitness,Bootcamp,True,0.0,Gladstone Park,NW2,Brent,51.5596147901,-0.236722632917,09:00,10:00,,1,False,https://ourparks.org.uk/borough/beginners-bootcamp-110503
ourparks_110504_2647,Our Parks,Our Parks,Beginners Bootcamp,Bootcamp & Outdoor Fitness,Bootcamp,True,0.0,Gladstone Park,NW2,Brent,51.5596147901,-0.236722632917,09:00,10:00,,1,False,https://ourparks.org.uk/borough/beginners-bootcamp-110504
ourparks_110505_2648,Our Parks,Our Parks,Beginners Bootcamp,Bootcamp & Outdoor Fitness,Bootcamp,True,0.0,Gladstone Park,NW2,Brent,51.5596147901,-0.236722632917,09:00,10:00,,1,False,https://ourparks.org.uk/borough/beginners-bootcamp-110505
ourparks_110506_2649,Our Parks,Our Parks,Beginners Bootcamp,Bootcamp & Outdoor Fitness,Bootcamp,True,0.0,Gladstone Park,NW2,Brent,51.5596147901,-0.236722632917,09:00,10:00,,1,False,https://ourparks.org.uk/borough/beginners-bootcamp-110506
ourparks_110507_2650,Our Parks,Our Parks,Beginners Bootcamp,Bootcamp & Outdoor Fitness,Bootcamp,True,0.0,Gladstone Park,NW2,Brent,51.5596147901,-0.236722632917,09:00,10:00,,1,False,https://ourparks.org.uk/borough/beginners-bootcamp-110507
ourparks_110508_2651,Our Parks,Our Parks,Beginners Bootcamp,Bootcamp & Outdoor Fitness,Bootcamp,True,0.0,Gladstone Park,NW2,Brent,51.5596147901,-0.236722632917,09:00,10:00,,1,False,https://ourparks.org.uk/borough/beginners-bootcamp-110508
ourparks_110509_2652,Our Parks,Our Parks,Beginners Bootcamp,Bootcamp & Outdoor Fitness,Bootcamp,True,0.0,Gladstone Park,NW2,Brent,51.5596147901,-0.236722632917,09:00,10:00,,1,False,https://ourparks.org.uk/borough/beginners-bootcamp-110509
ourparks_110510_2653,Our Parks,Our Parks,Beginners Bootcamp,Bootcamp & Outdoor Fitness,Bootcamp,True,0.0,Gladstone Park,NW2,Brent,51.5596147901,-0.236722632917,09:00,10:00,,1,False,https://ourparks.org.uk/borough/beginners-bootcamp-110510
ourparks_110511_2654,Our Parks,Our Parks,Beginners Bootcamp,Bootcamp & Outdoor Fitness,Bootcamp,True,0.0,Gladstone Park,NW2,Brent,51.5596147901,-0.236722632917,09:00,10:00,,1,False,https://ourparks.org.uk/borough/beginners-bootcamp-110511
ourparks_110512_2655,Our Parks,Our Parks,Beginners Bootcamp,Bootcamp & Outdoor Fitness,Bootcamp,True,0.0,Gladstone Park,NW2,Brent,51.5596147901,-0.236722632917,09:00,10:00,,1,False,https://ourparks.org.uk/borough/beginners-bootcamp-110512
ourparks_110513_2656,Our Parks,Our Parks,Beginners Bootcamp,Bootcamp & Outdoor Fitness,Bootcamp,True,0.0,Gladstone Park,NW2,Brent,51.5596147901,-0.236722632917,09:00,10:00,,1,False,https://ourparks.org.uk/borough/beginners-bootcamp-110513
ourparks_110514_2657,Our Parks,Our Parks,Beginners Bootcamp,Bootcamp & Outdoor Fitness,Bootcamp,True,0.0,Gladstone Park,NW2,Brent,51.5596147901,-0.236722632917,09:00,10:00,,1,False,https://ourparks.org.uk/borough/beginners-bootcamp-110514
ourparks_110515_2658,Our Parks,Our Parks,Beginners Bootcamp,Bootcamp & Outdoor Fitness,Bootcamp,True,0.0,Gladstone Park,NW2,Brent,51.5596147901,-0.236722632917,09:00,10:00,,1,False,https://ourparks.org.uk/borough/beginners-bootcamp-110515
ourparks_110516_2659,Our Parks,Our Parks,Beginners Bootcamp,Bootcamp & Outdoor Fitness,Bootcamp,True,0.0,Gladstone Park,NW2,Brent,51.5596147901,-0.236722632917,09:00,10:00,,1,False,https://ourparks.org.uk/borough/beginners-bootcamp-110516
ourparks_110519_2660,Our Parks,Our Parks,Beginners Bootcamp,Bootcamp & Outdoor Fitness,Bootcamp,True,0.0,Gladstone Park,NW2,Brent,51.5596147901,-0.236722632917,09:00,10:00,,1,False,https://ourparks.org.uk/borough/beginners-bootcamp-110519
ourparks_110520_2661,Our Parks,Our Parks,Beginners Bootcamp,Bootcamp & Outdoor Fitness,Bootcamp,True,0.0,Gladstone Park,NW2,Brent,51.5596147901,-0.236722632917,09:00,10:00,,1,False,https://ourparks.org.uk/borough/beginners-bootcamp-110520
ourparks_110521_2662,Our Parks,Our Parks,Beginners Bootcamp,Bootcamp & Outdoor Fitness,Bootcamp,True,0.0,Gladstone Park,NW2,Brent,51.5596147901,-0.236722632917,09:00,10:00,,1,False,https://ourparks.org.uk/borough/beginners-bootcamp-110521
ourparks_110522_2663,Our Parks,Our Parks,Beginners Bootcamp,Bootcamp & Outdoor Fitness,Bootcamp,True,0.0,Gladstone Park,NW2,Brent,51.5596147901,-0.236722632917,09:00,10:00,,1,False,https://ourparks.org.uk/borough/beginners-bootcamp-110522
ourparks_110523_2664,Our Parks,Our Parks,Beginners Bootcamp,Bootcamp & Outdoor Fitness,Bootcamp,True,0.0,Gladstone Park,NW2,Brent,51.5596147901,-0.236722632917,09:00,10:00,,1,False,https://ourparks.org.uk/borough/beginners-bootcamp-110523
ourparks_110524_2665,Our Parks,Our Parks,Beginners Bootcamp,Bootcamp & Outdoor Fitness,Bootcamp,True,0.0,Gladstone Park,NW2,Brent,51.5596147901,-0.236722632917,09:00,10:00,,1,False,https://ourparks.org.uk/borough/beginners-bootcamp-110524
ourparks_110525_2666,Our Parks,Our Parks,Beginners Bootcamp,Bootcamp & Outdoor Fitness,Bootcamp,True,0.0,Gladstone Park,NW2,Brent,51.5596147901,-0.236722632917,09:00,10:00,,1,False,https://ourparks.org.uk/borough/beginners-bootcamp-110525
ourparks_110491_2667,Our Parks,Our Parks,Beginners Bootcamp,Bootcamp & Outdoor Fitness,Bootcamp,True,0.0,Gladstone Park,NW2,Brent,51.5596147901,-0.236722632917,09:00,10:00,,1,False,https://ourparks.org.uk/borough/beginners-bootcamp-110491
ourparks_110526_2668,Our Parks,Our Parks,Beginners Bootcamp,Bootcamp & Outdoor Fitness,Bootcamp,True,0.0,Gladstone Park,NW2,Brent,51.5596147901,-0.236722632917,09:00,10:00,,1,False,https://ourparks.org.uk/borough/beginners-bootcamp-110526
ourparks_110527_2669,Our Parks,Our Parks,Beginners Bootcamp,Bootcamp & Outdoor Fitness,Bootcamp,True,0.0,Gladstone Park,NW2,Brent,51.5596147901,-0.236722632917,09:00,10:00,,1,False,https://ourparks.org.uk/borough/beginners-bootcamp-110527
ourparks_110528_2670,Our Parks,Our Parks,Beginners Bootcamp,Bootcamp & Outdoor Fitness,Bootcamp,True,0.0,Gladstone Park,NW2,Brent,51.5596147901,-0.236722632917,09:00,10:00,,1,False,https://ourparks.org.uk/borough/beginners-bootcamp-110528
ourparks_110529_2671,Our Parks,Our Parks,Beginners Bootcamp,Bootcamp & Outdoor Fitness,Bootcamp,True,0.0,Gladstone Park,NW2,Brent,51.5596147901,-0.236722632917,09:00,10:00,,1,False,https://ourparks.org.uk/borough/beginners-bootcamp-110529
ourparks_110530_2672,Our Parks,Our Parks,Beginners Bootcamp,Bootcamp & Outdoor Fitness,Bootcamp,True,0.0,Gladstone Park,NW2,Brent,51.5596147901,-0.236722632917,09:00,10:00,,1,False,https://ourparks.org.uk/borough/beginners-bootcamp-110530
ourparks_110531_2673,Our Parks,Our Parks,Walking Tai Chi,Martial Arts,Tai Chi,True,0.0,Roe Green Park,NW9 9HA,Brent,51.586109971363,-0.269687067103,09:00,10:00,,1,False,https://ourparks.org.uk/borough/walking-tai-chi-110531
ourparks_110532_2674,Our Parks,Our Parks,Walking Tai Chi,Martial Arts,Tai Chi,True,0.0,Roe Green Park,NW9 9HA,Brent,51.586109971363,-0.269687067103,09:00,10:00,,1,False,https://ourparks.org.uk/borough/walking-tai-chi-110532
ourparks_110533_2675,Our Parks,Our Parks,Walking Tai Chi,Martial Arts,Tai Chi,True,0.0,Roe Green Park,NW9 9HA,Brent,51.586109971363,-0.269687067103,09:00,10:00,,1,False,https://ourparks.org.uk/borough/walking-tai-chi-110533
ourparks_110534_2676,Our Parks,Our Parks,Walking Tai Chi,Martial Arts,Tai Chi,True,0.0,Roe Green Park,NW9 9HA,Brent,51.586109971363,-0.269687067103,09:00,10:00,,1,False,https://ourparks.org.uk/borough/walking-tai-chi-110534
ourparks_110535_2677,Our Parks,Our Parks,Walking Tai Chi,Martial Arts,Tai Chi,True,0.0,Roe Green Park,NW9 9HA,Brent,51.586109971363,-0.269687067103,09:00,10:00,,1,False,https://ourparks.org.uk/borough/walking-tai-chi-110535
ourparks_110536_2678,Our Parks,Our Parks,Walking Tai Chi,Martial Arts,Tai Chi,True,0.0,Roe Green Park,NW9 9HA,Brent,51.586109971363,-0.269687067103,09:00,10:00,,1,False,https://ourparks.org.uk/borough/walking-tai-chi-110536
ourparks_110537_2679,Our Parks,Our Parks,Walking Tai Chi,Martial Arts,Tai Chi,True,0.0,Roe Green Park,NW9 9HA,Brent,51.586109971363,-0.269687067103,09:00,10:00,,1,False,https://ourparks.org.uk/borough/walking-tai-chi-110537
ourparks_110538_2680,Our Parks,Our Parks,Walking Tai Chi,Martial Arts,Tai Chi,True,0.0,Roe Green Park,NW9 9HA,Brent,51.586109971363,-0.269687067103,09:00,10:00,,1,False,https://ourparks.org.uk/borough/walking-tai-chi-110538
ourparks_110539_2681,Our Parks,Our Parks,Walking Tai Chi,Martial Arts,Tai Chi,True,0.0,Roe Green Park,NW9 9HA,Brent,51.586109971363,-0.269687067103,09:00,10:00,,1,False,https://ourparks.org.uk/borough/walking-tai-chi-110539
ourparks_110540_2682,Our Parks,Our Parks,Walking Tai Chi,Martial Arts,Tai Chi,True,0.0,Roe Green Park,NW9 9HA,Brent,51.586109971363,-0.269687067103,09:00,10:00,,1,False,https://ourparks.org.uk/borough/walking-tai-chi-110540
ourparks_110541_2683,Our Parks,Our Parks,Walking Tai Chi,Martial Arts,Tai Chi,True,0.0,Roe Green Park,NW9 9HA,Brent,51.586109971363,-0.269687067103,09:00,10:00,,1,False,https://ourparks.org.uk/borough/walking-tai-chi-110541
ourparks_110542_2684,Our Parks,Our Parks,Walking Tai Chi,Martial Arts,Tai Chi,True,0.0,Roe Green Park,NW9 9HA,Brent,51.586109971363,-0.269687067103,09:00,10:00,,1,False,https://ourparks.org.uk/borough/walking-tai-chi-110542
ourparks_110543_2685,Our Parks,Our Parks,Walking Tai Chi,Martial Arts,Tai Chi,True,0.0,Roe Green Park,NW9 9HA,Brent,51.586109971363,-0.269687067103,09:00,10:00,,1,False,https://ourparks.org.uk/borough/walking-tai-chi-110543
ourparks_110544_2686,Our Parks,Our Parks,Walking Tai Chi,Martial Arts,Tai Chi,True,0.0,Roe Green Park,NW9 9HA,Brent,51.586109971363,-0.269687067103,09:00,10:00,,1,False,https://ourparks.org.uk/borough/walking-tai-chi-110544
ourparks_110545_2687,Our Parks,Our Parks,Walking Tai Chi,Martial Arts,Tai Chi,True,0.0,Roe Green Park,NW9 9HA,Brent,51.586109971363,-0.269687067103,09:00,10:00,,1,False,https://ourparks.org.uk/borough/walking-tai-chi-110545
ourparks_110546_2688,Our Parks,Our Parks,Walking Tai Chi,Martial Arts,Tai Chi,True,0.0,Roe Green Park,NW9 9HA,Brent,51.586109971363,-0.269687067103,09:00,10:00,,1,False,https://ourparks.org.uk/borough/walking-tai-chi-110546
ourparks_110547_2689,Our Parks,Our Parks,Walking Tai Chi,Martial Arts,Tai Chi,True,0.0,Roe Green Park,NW9 9HA,Brent,51.586109971363,-0.269687067103,09:00,10:00,,1,False,https://ourparks.org.uk/borough/walking-tai-chi-110547
ourparks_110548_2690,Our Parks,Our Parks,Walking Tai Chi,Martial Arts,Tai Chi,True,0.0,Roe Green Park,NW9 9HA,Brent,51.586109971363,-0.269687067103,09:00,10:00,,1,False,https://ourparks.org.uk/borough/walking-tai-chi-110548
ourparks_110549_2691,Our Parks,Our Parks,Walking Tai Chi,Martial Arts,Tai Chi,True,0.0,Roe Green Park,NW9 9HA,Brent,51.586109971363,-0.269687067103,09:00,10:00,,1,False,https://ourparks.org.uk/borough/walking-tai-chi-110549
ourparks_110550_2692,Our Parks,Our Parks,Walking Tai Chi,Martial Arts,Tai Chi,True,0.0,Roe Green Park,NW9 9HA,Brent,51.586109971363,-0.269687067103,09:00,10:00,,1,False,https://ourparks.org.uk/borough/walking-tai-chi-110550
ourparks_110551_2693,Our Parks,Our Parks,Walking Tai Chi,Martial Arts,Tai Chi,True,0.0,Roe Green Park,NW9 9HA,Brent,51.586109971363,-0.269687067103,09:00,10:00,,1,False,https://ourparks.org.uk/borough/walking-tai-chi-110551
ourparks_110552_2694,Our Parks,Our Parks,Walking Tai Chi,Martial Arts,Tai Chi,True,0.0,Roe Green Park,NW9 9HA,Brent,51.586109971363,-0.269687067103,09:00,10:00,,1,False,https://ourparks.org.uk/borough/walking-tai-chi-110552
ourparks_110553_2695,Our Parks,Our Parks,Walking Tai Chi,Martial Arts,Tai Chi,True,0.0,Roe Green Park,NW9 9HA,Brent,51.586109971363,-0.269687067103,09:00,10:00,,1,False,https://ourparks.org.uk/borough/walking-tai-chi-110553
ourparks_110554_2696,Our Parks,Our Parks,Walking Tai Chi,Martial Arts,Tai Chi,True,0.0,Roe Green Park,NW9 9HA,Brent,51.586109971363,-0.269687067103,09:00,10:00,,1,False,https://ourparks.org.uk/borough/walking-tai-chi-110554
ourparks_110555_2697,Our Parks,Our Parks,Walking Tai Chi,Martial Arts,Tai Chi,True,0.0,Roe Green Park,NW9 9HA,Brent,51.586109971363,-0.269687067103,09:00,10:00,,1,False,https://ourparks.org.uk/borough/walking-tai-chi-110555
ourparks_110558_2698,Our Parks,Our Parks,Walking Tai Chi,Martial Arts,Tai Chi,True,0.0,Roe Green Park,NW9 9HA,Brent,51.586109971363,-0.269687067103,09:00,10:00,,1,False,https://ourparks.org.uk/borough/walking-tai-chi-110558
ourparks_110559_2699,Our Parks,Our Parks,Walking Tai Chi,Martial Arts,Tai Chi,True,0.0,Roe Green Park,NW9 9HA,Brent,51.586109971363,-0.269687067103,09:00,10:00,,1,False,https://ourparks.org.uk/borough/walking-tai-chi-110559
ourparks_110560_2700,Our Parks,Our Parks,Walking Tai Chi,Martial Arts,Tai Chi,True,0.0,Roe Green Park,NW9 9HA,Brent,51.586109971363,-0.269687067103,09:00,10:00,,1,False,https://ourparks.org.uk/borough/walking-tai-chi-110560
ourparks_110561_2701,Our Parks,Our Parks,Walking Tai Chi,Martial Arts,Tai Chi,True,0.0,Roe Green Park,NW9 9HA,Brent,51.586109971363,-0.269687067103,09:00,10:00,,1,False,https://ourparks.org.uk/borough/walking-tai-chi-110561
ourparks_110562_2702,Our Parks,Our Parks,Walking Tai Chi,Martial Arts,Tai Chi,True,0.0,Roe Green Park,NW9 9HA,Brent,51.586109971363,-0.269687067103,09:00,10:00,,1,False,https://ourparks.org.uk/borough/walking-tai-chi-110562
ourparks_110563_2703,Our Parks,Our Parks,Walking Tai Chi,Martial Arts,Tai Chi,True,0.0,Roe Green Park,NW9 9HA,Brent,51.586109971363,-0.269687067103,09:00,10:00,,1,False,https://ourparks.org.uk/borough/walking-tai-chi-110563
ourparks_110564_2704,Our Parks,Our Parks,Walking Tai Chi,Martial Arts,Tai Chi,True,0.0,Roe Green Park,NW9 9HA,Brent,51.586109971363,-0.269687067103,09:00,10:00,,1,False,https://ourparks.org.uk/borough/walking-tai-chi-110564
ourparks_110565_2705,Our Parks,Our Parks,Walking Tai Chi,Martial Arts,Tai Chi,True,0.0,Roe Green Park,NW9 9HA,Brent,51.586109971363,-0.269687067103,09:00,10:00,,1,False,https://ourparks.org.uk/borough/walking-tai-chi-110565
ourparks_110566_2706,Our Parks,Our Parks,Walking Tai Chi,Martial Arts,Tai Chi,True,0.0,Roe Green Park,NW9 9HA,Brent,51.586109971363,-0.269687067103,09:00,10:00,,1,False,https://ourparks.org.uk/borough/walking-tai-chi-110566
ourparks_110567_2707,Our Parks,Our Parks,Walking Tai Chi,Martial Arts,Tai Chi,True,0.0,Roe Green Park,NW9 9HA,Brent,51.586109971363,-0.269687067103,09:00,10:00,,1,False,https://ourparks.org.uk/borough/walking-tai-chi-110567
ourparks_110568_2708,Our Parks,Our Parks,Walking Tai Chi,Martial Arts,Tai Chi,True,0.0,Roe Green Park,NW9 9HA,Brent,51.586109971363,-0.269687067103,09:00,10:00,,1,False,https://ourparks.org.uk/borough/walking-tai-chi-110568
ourparks_110569_2709,Our Parks,Our Parks,Walking Tai Chi,Martial Arts,Tai Chi,True,0.0,Roe Green Park,NW9 9HA,Brent,51.586109971363,-0.269687067103,09:00,10:00,,1,False,https://ourparks.org.uk/borough/walking-tai-chi-110569
ourparks_105436_2710,Our Parks,Our Parks,Low Impact Stretch,Martial Arts,Tai Chi,True,0.0,Kingsbury Library,NW9 9HE,Brent,51.5860156,-0.2765225,13:00,14:00,,1,False,https://ourparks.org.uk/borough/low-impact-stretch-105436
ourparks_110388_2711,Our Parks,Our Parks,Back to Exercise,Gym / Fitness,Abs/Core,True,0.0,Queens Park,NW6 6LR,Brent,51.5365323,-0.2092666,09:00,10:00,,1,False,https://ourparks.org.uk/borough/back-exercise-110388
ourparks_110389_2712,Our Parks,Our Parks,Back to Exercise,Gym / Fitness,Abs/Core,True,0.0,Queens Park,NW6 6LR,Brent,51.5365323,-0.2092666,09:00,10:00,,1,False,https://ourparks.org.uk/borough/back-exercise-110389
ourparks_110390_2713,Our Parks,Our Parks,Back to Exercise,Gym / Fitness,Abs/Core,True,0.0,Queens Park,NW6 6LR,Brent,51.5365323,-0.2092666,09:00,10:00,,1,False,https://ourparks.org.uk/borough/back-exercise-110390
ourparks_110391_2714,Our Parks,Our Parks,Back to Exercise,Gym / Fitness,Abs/Core,True,0.0,Queens Park,NW6 6LR,Brent,51.5365323,-0.2092666,09:00,10:00,,1,False,https://ourparks.org.uk/borough/back-exercise-110391
ourparks_110392_2715,Our Parks,Our Parks,Back to Exercise,Gym / Fitness,Abs/Core,True,0.0,Queens Park,NW6 6LR,Brent,51.5365323,-0.2092666,09:00,10:00,,1,False,https://ourparks.org.uk/borough/back-exercise-110392
ourparks_110393_2716,Our Parks,Our Parks,Back to Exercise,Gym / Fitness,Abs/Core,True,0.0,Queens Park,NW6 6LR,Brent,51.5365323,-0.2092666,09:00,10:00,,1,False,https://ourparks.org.uk/borough/back-exercise-110393
ourparks_110394_2717,Our Parks,Our Parks,Back to Exercise,Gym / Fitness,Abs/Core,True,0.0,Queens Park,NW6 6LR,Brent,51.5365323,-0.2092666,09:00,10:00,,1,False,https://ourparks.org.uk/borough/back-exercise-110394
ourparks_110395_2718,Our Parks,Our Parks,Back to Exercise,Gym / Fitness,Abs/Core,True,0.0,Queens Park,NW6 6LR,Brent,51.5365323,-0.2092666,09:00,10:00,,1,False,https://ourparks.org.uk/borough/back-exercise-110395
ourparks_110396_2719,Our Parks,Our Parks,Back to Exercise,Gym / Fitness,Abs/Core,True,0.0,Queens Park,NW6 6LR,Brent,51.5365323,-0.2092666,09:00,10:00,,1,False,https://ourparks.org.uk/borough/back-exercise-110396
ourparks_110397_2720,Our Parks,Our Parks,Back to Exercise,Gym / Fitness,Abs/Core,True,0.0,Queens Park,NW6 6LR,Brent,51.5365323,-0.2092666,09:00,10:00,,1,False,https://ourparks.org.uk/borough/back-exercise-110397
ourparks_110398_2721,Our Parks,Our Parks,Back to Exercise,Gym / Fitness,Abs/Core,True,0.0,Queens Park,NW6 6LR,Brent,51.5365323,-0.2092666,09:00,10:00,,1,False,https://ourparks.org.uk/borough/back-exercise-110398
ourparks_110399_2722,Our Parks,Our Parks,Back to Exercise,Gym / Fitness,Abs/Core,True,0.0,Queens Park,NW6 6LR,Brent,51.5365323,-0.2092666,09:00,10:00,,1,False,https://ourparks.org.uk/borough/back-exercise-110399
ourparks_110400_2723,Our Parks,Our Parks,Back to Exercise,Gym / Fitness,Abs/Core,True,0.0,Queens Park,NW6 6LR,Brent,51.5365323,-0.2092666,09:00,10:00,,1,False,https://ourparks.org.uk/borough/back-exercise-110400
ourparks_110401_2724,Our Parks,Our Parks,Back to Exercise,Gym / Fitness,Abs/Core,True,0.0,Queens Park,NW6 6LR,Brent,51.5365323,-0.2092666,09:00,10:00,,1,False,https://ourparks.org.uk/borough/back-exercise-110401
ourparks_110402_2725,Our Parks,Our Parks,Back to Exercise,Gym / Fitness,Abs/Core,True,0.0,Queens Park,NW6 6LR,Brent,51.5365323,-0.2092666,09:00,10:00,,1,False,https://ourparks.org.uk/borough/back-exercise-110402
ourparks_110403_2726,Our Parks,Our Parks,Back to Exercise,Gym / Fitness,Abs/Core,True,0.0,Queens Park,NW6 6LR,Brent,51.5365323,-0.2092666,09:00,10:00,,1,False,https://ourparks.org.uk/borough/back-exercise-110403
ourparks_110404_2727,Our Parks,Our Parks,Back to Exercise,Gym / Fitness,Abs/Core,True,0.0,Queens Park,NW6 6LR,Brent,51.5365323,-0.2092666,09:00,10:00,,1,False,https://ourparks.org.uk/borough/back-exercise-110404
ourparks_110405_2728,Our Parks,Our Parks,Back to Exercise,Gym / Fitness,Abs/Core,True,0.0,Queens Park,NW6 6LR,Brent,51.5365323,-0.2092666,09:00,10:00,,1,False,https://ourparks.org.uk/borough/back-exercise-110405
ourparks_110406_2729,Our Parks,Our Parks,Back to Exercise,Gym / Fitness,Abs/Core,True,0.0,Queens Park,NW6 6LR,Brent,51.5365323,-0.2092666,09:00,10:00,,1,False,https://ourparks.org.uk/borough/back-exercise-110406
ourparks_110407_2730,Our Parks,Our Parks,Back to Exercise,Gym / Fitness,Abs/Core,True,0.0,Queens Park,NW6 6LR,Brent,51.5365323,-0.2092666,09:00,10:00,,1,False,https://ourparks.org.uk/borough/back-exercise-110407
ourparks_110408_2731,Our Parks,Our Parks,Back to Exercise,Gym / Fitness,Abs/Core,True,0.0,Queens Park,NW6 6LR,Brent,51.5365323,-0.2092666,09:00,10:00,,1,False,https://ourparks.org.uk/borough/back-exercise-110408
ourparks_110409_2732,Our Parks,Our Parks,Back to Exercise,Gym / Fitness,Abs/Core,True,0.0,Queens Park,NW6 6LR,Brent,51.5365323,-0.2092666,09:00,10:00,,1,False,https://ourparks.org.uk/borough/back-exercise-110409
ourparks_110410_2733,Our Parks,Our Parks,Back to Exercise,Gym / Fitness,Abs/Core,True,0.0,Queens Park,NW6 6LR,Brent,51.5365323,-0.2092666,09:00,10:00,,1,False,https://ourparks.org.uk/borough/back-exercise-110410
ourparks_110411_2734,Our Parks,Our Parks,Back to Exercise,Gym / Fitness,Abs/Core,True,0.0,Queens Park,NW6 6LR,Brent,51.5365323,-0.2092666,09:00,10:00,,1,False,https://ourparks.org.uk/borough/back-exercise-110411
ourparks_110412_2735,Our Parks,Our Parks,Back to Exercise,Gym / Fitness,Abs/Core,True,0.0,Queens Park,NW6 6LR,Brent,51.5365323,-0.2092666,09:00,10:00,,1,False,https://ourparks.org.uk/borough/back-exercise-110412
ourparks_110415_2736,Our Parks,Our Parks,Back to Exercise,Gym / Fitness,Abs/Core,True,0.0,Queens Park,NW6 6LR,Brent,51.5365323,-0.2092666,09:00,10:00,,1,False,https://ourparks.org.uk/borough/back-exercise-110415
ourparks_110416_2737,Our Parks,Our Parks,Back to Exercise,Gym / Fitness,Abs/Core,True,0.0,Queens Park,NW6 6LR,Brent,51.5365323,-0.2092666,09:00,10:00,,1,False,https://ourparks.org.uk/borough/back-exercise-110416
ourparks_110417_2738,Our Parks,Our Parks,Back to Exercise,Gym / Fitness,Abs/Core,True,0.0,Queens Park,NW6 6LR,Brent,51.5365323,-0.2092666,09:00,10:00,,1,False,https://ourparks.org.uk/borough/back-exercise-110417
ourparks_110418_2739,Our Parks,Our Parks,Back to Exercise,Gym / Fitness,Abs/Core,True,0.0,Queens Park,NW6 6LR,Brent,51.5365323,-0.2092666,09:00,10:00,,1,False,https://ourparks.org.uk/borough/back-exercise-110418
ourparks_110419_2740,Our Parks,Our Parks,Back to Exercise,Gym / Fitness,Abs/Core,True,0.0,Queens Park,NW6 6LR,Brent,51.5365323,-0.2092666,09:00,10:00,,1,False,https://ourparks.org.uk/borough/back-exercise-110419
ourparks_110420_2741,Our Parks,Our Parks,Back to Exercise,Gym / Fitness,Abs/Core,True,0.0,Queens Park,NW6 6LR,Brent,51.5365323,-0.2092666,09:00,10:00,,1,False,https://ourparks.org.uk/borough/back-exercise-110420
ourparks_110421_2742,Our Parks,Our Parks,Back to Exercise,Gym / Fitness,Abs/Core,True,0.0,Queens Park,NW6 6LR,Brent,51.5365323,-0.2092666,09:00,10:00,,1,False,https://ourparks.org.uk/borough/back-exercise-110421
ourparks_110422_2743,Our Parks,Our Parks,Back to Exercise,Gym / Fitness,Abs/Core,True,0.0,Queens Park,NW6 6LR,Brent,51.5365323,-0.2092666,09:00,10:00,,1,False,https://ourparks.org.uk/borough/back-exercise-110422
ourparks_110423_2744,Our Parks,Our Parks,Back to Exercise,Gym / Fitness,Abs/Core,True,0.0,Queens Park,NW6 6LR,Brent,51.5365323,-0.2092666,09:00,10:00,,1,False,https://ourparks.org.uk/borough/back-exercise-110423
ourparks_110424_2745,Our Parks,Our Parks,Back to Exercise,Gym / Fitness,Abs/Core,True,0.0,Queens Park,NW6 6LR,Brent,51.5365323,-0.2092666,09:00,10:00,,1,False,https://ourparks.org.uk/borough/back-exercise-110424
ourparks_110425_2746,Our Parks,Our Parks,Back to Exercise,Gym / Fitness,Abs/Core,True,0.0,Queens Park,NW6 6LR,Brent,51.5365323,-0.2092666,09:00,10:00,,1,False,https://ourparks.org.uk/borough/back-exercise-110425
ourparks_110426_2747,Our Parks,Our Parks,Back to Exercise,Gym / Fitness,Abs/Core,True,0.0,Queens Park,NW6 6LR,Brent,51.5365323,-0.2092666,09:00,10:00,,1,False,https://ourparks.org.uk/borough/back-exercise-110426
ourparks_109303_2748,Our Parks,Our Parks,Bootcamp,Bootcamp & Outdoor Fitness,Bootcamp,True,0.0,Hyde Park,SW7 1SG,Kensington and Chelsea,51.502586484832,-0.173725612847,09:00,10:00,,1,False,https://ourparks.org.uk/borough/bootcamp-109303
ourparks_109305_2749,Our Parks,Our Parks,Bootcamp,Bootcamp & Outdoor Fitness,Bootcamp,True,0.0,Hyde Park,SW7 1SG,Kensington and Chelsea,51.502586484832,-0.173725612847,09:00,10:00,,1,False,https://ourparks.org.uk/borough/bootcamp-109305
ourparks_109304_2750,Our Parks,Our Parks,Bootcamp,Bootcamp & Outdoor Fitness,Bootcamp,True,0.0,Hyde Park,SW7 1SG,Kensington and Chelsea,51.502586484832,-0.173725612847,09:00,10:00,,1,False,https://ourparks.org.uk/borough/bootcamp-109304
ourparks_110229_2751,Our Parks,Our Parks,Yoga at Eastman Village,"Yoga, Pilates & Studio",Yoga,True,0.0,Eastman Village,HA1 4BF,Harrow,51.594817163904,-0.34572129805,09:30,10:30,,1,False,https://ourparks.org.uk/borough/yoga-eastman-village-110229
ourparks_109589_2752,Our Parks,Our Parks,Beginners Bootcamp,Bootcamp & Outdoor Fitness,Bootcamp,True,0.0,North Millfields Recreation Ground,E5 0AR,Hackney,51.562186281586,-0.047345057653,08:00,09:00,,1,False,https://ourparks.org.uk/borough/beginners-bootcamp-109589
ourparks_109590_2753,Our Parks,Our Parks,Beginners Bootcamp,Bootcamp & Outdoor Fitness,Bootcamp,True,0.0,North Millfields Recreation Ground,E5 0AR,Hackney,51.562186281586,-0.047345057653,08:00,09:00,,1,False,https://ourparks.org.uk/borough/beginners-bootcamp-109590
ourparks_109591_2754,Our Parks,Our Parks,Beginners Bootcamp,Bootcamp & Outdoor Fitness,Bootcamp,True,0.0,North Millfields Recreation Ground,E5 0AR,Hackney,51.562186281586,-0.047345057653,08:00,09:00,,1,False,https://ourparks.org.uk/borough/beginners-bootcamp-109591
ourparks_109592_2755,Our Parks,Our Parks,Beginners Bootcamp,Bootcamp & Outdoor Fitness,Bootcamp,True,0.0,North Millfields Recreation Ground,E5 0AR,Hackney,51.562186281586,-0.047345057653,08:00,09:00,,1,False,https://ourparks.org.uk/borough/beginners-bootcamp-109592
ourparks_109593_2756,Our Parks,Our Parks,Beginners Bootcamp,Bootcamp & Outdoor Fitness,Bootcamp,True,0.0,North Millfields Recreation Ground,E5 0AR,Hackney,51.562186281586,-0.047345057653,08:00,09:00,,1,False,https://ourparks.org.uk/borough/beginners-bootcamp-109593
ourparks_109594_2757,Our Parks,Our Parks,Beginners Bootcamp,Bootcamp & Outdoor Fitness,Bootcamp,True,0.0,North Millfields Recreation Ground,E5 0AR,Hackney,51.562186281586,-0.047345057653,08:00,09:00,,1,False,https://ourparks.org.uk/borough/beginners-bootcamp-109594
ourparks_109595_2758,Our Parks,Our Parks,Beginners Bootcamp,Bootcamp & Outdoor Fitness,Bootcamp,True,0.0,North Millfields Recreation Ground,E5 0AR,Hackney,51.562186281586,-0.047345057653,08:00,09:00,,1,False,https://ourparks.org.uk/borough/beginners-bootcamp-109595
ourparks_109596_2759,Our Parks,Our Parks,Beginners Bootcamp,Bootcamp & Outdoor Fitness,Bootcamp,True,0.0,North Millfields Recreation Ground,E5 0AR,Hackney,51.562186281586,-0.047345057653,08:00,09:00,,1,False,https://ourparks.org.uk/borough/beginners-bootcamp-109596
ourparks_109597_2760,Our Parks,Our Parks,Beginners Bootcamp,Bootcamp & Outdoor Fitness,Bootcamp,True,0.0,North Millfields Recreation Ground,E5 0AR,Hackney,51.562186281586,-0.047345057653,08:00,09:00,,1,False,https://ourparks.org.uk/borough/beginners-bootcamp-109597
ourparks_109598_2761,Our Parks,Our Parks,Beginners Bootcamp,Bootcamp & Outdoor Fitness,Bootcamp,True,0.0,North Millfields Recreation Ground,E5 0AR,Hackney,51.562186281586,-0.047345057653,08:00,09:00,,1,False,https://ourparks.org.uk/borough/beginners-bootcamp-109598
ourparks_109599_2762,Our Parks,Our Parks,Beginners Bootcamp,Bootcamp & Outdoor Fitness,Bootcamp,True,0.0,North Millfields Recreation Ground,E5 0AR,Hackney,51.562186281586,-0.047345057653,08:00,09:00,,1,False,https://ourparks.org.uk/borough/beginners-bootcamp-109599
ourparks_109600_2763,Our Parks,Our Parks,Beginners Bootcamp,Bootcamp & Outdoor Fitness,Bootcamp,True,0.0,North Millfields Recreation Ground,E5 0AR,Hackney,51.562186281586,-0.047345057653,08:00,09:00,,1,False,https://ourparks.org.uk/borough/beginners-bootcamp-109600
ourparks_110195_2764,Our Parks,Our Parks,HIIT at Eastman Village,"Yoga, Pilates & Studio",Yoga,True,0.0,Eastman Village,HA1 4BF,Harrow,51.594817163904,-0.34572129805,09:30,10:30,,1,False,https://ourparks.org.uk/borough/hiit-eastman-village-110195
ourparks_110194_2765,Our Parks,Our Parks,Bootcamp at Eastman Village,Bootcamp & Outdoor Fitness,Bootcamp,True,0.0,Eastman Village,HA1 4BF,Harrow,51.594817163904,-0.34572129805,09:30,10:30,,1,False,https://ourparks.org.uk/borough/bootcamp-eastman-village-110194
ourparks_109588_2766,Our Parks,Our Parks,Beginners Bootcamp,Bootcamp & Outdoor Fitness,Bootcamp,True,0.0,North Millfields Recreation Ground,E5 0AR,Hackney,51.562186281586,-0.047345057653,09:00,10:00,,1,False,https://ourparks.org.uk/borough/beginners-bootcamp-109588
ourparks_107798_2767,Our Parks,Our Parks,Rise & Shine Mat Pilates,"Yoga, Pilates & Studio",Pilates,True,0.0,Our Parks Live,KT2 7EW,,51.5161826,-0.1735317,06:30,07:30,,1,True,https://ourparks.org.uk/borough/rise-shine-mat-pilates-107798
ourparks_107799_2768,Our Parks,Our Parks,Rise & Shine Mat Pilates,"Yoga, Pilates & Studio",Pilates,True,0.0,Our Parks Live,KT2 7EW,,51.5161826,-0.1735317,06:30,07:30,,1,True,https://ourparks.org.uk/borough/rise-shine-mat-pilates-107799
ourparks_107800_2769,Our Parks,Our Parks,Rise & Shine Mat Pilates,"Yoga, Pilates & Studio",Pilates,True,0.0,Our Parks Live,KT2 7EW,,51.5161826,-0.1735317,06:30,07:30,,1,True,https://ourparks.org.uk/borough/rise-shine-mat-pilates-107800
ourparks_107801_2770,Our Parks,Our Parks,Rise & Shine Mat Pilates,"Yoga, Pilates & Studio",Pilates,True,0.0,Our Parks Live,KT2 7EW,,51.5161826,-0.1735317,06:30,07:30,,1,True,https://ourparks.org.uk/borough/rise-shine-mat-pilates-107801
ourparks_110202_2771,Our Parks,Our Parks,Yoga,"Yoga, Pilates & Studio",Yoga,True,0.0,BST Hyde Park Festival,W2 2UH,Westminster,51.508831194331,-0.158924485878,17:00,18:00,,1,False,https://ourparks.org.uk/borough/yoga-110202
ourparks_102114_2772,Our Parks,Our Parks,Couch to Fitness Live,Gym / Fitness,Multi Fitness,True,0.0,Hyde Park,SW7 1SG,Kensington and Chelsea,51.502586484832,-0.173725612847,16:00,17:00,,1,False,https://ourparks.org.uk/borough/couch-fitness-live-102114
ourparks_109190_2773,Our Parks,Our Parks,Bootcamp,Bootcamp & Outdoor Fitness,Bootcamp,True,0.0,Queens Park Gardens,W10 4QH,Westminster,51.5284574,-0.2089447,08:30,09:30,,1,False,https://ourparks.org.uk/borough/bootcamp-109190
ourparks_108753_2774,Our Parks,Our Parks,Bootcamp,Bootcamp & Outdoor Fitness,Bootcamp,True,0.0,Hoblingwell Wood Recreation Ground,BR5 2QB,Bromley,51.402261016538,0.099742592442,09:00,10:00,,1,False,https://ourparks.org.uk/borough/bootcamp-108753
ourparks_108755_2775,Our Parks,Our Parks,Bootcamp,Bootcamp & Outdoor Fitness,Bootcamp,True,0.0,Hoblingwell Wood Recreation Ground,BR5 2QB,Bromley,51.402261016538,0.099742592442,09:00,10:00,,1,False,https://ourparks.org.uk/borough/bootcamp-108755
ourparks_108757_2776,Our Parks,Our Parks,Bootcamp,Bootcamp & Outdoor Fitness,Bootcamp,True,0.0,Hoblingwell Wood Recreation Ground,BR5 2QB,Bromley,51.402261016538,0.099742592442,09:00,10:00,,1,False,https://ourparks.org.uk/borough/bootcamp-108757
ourparks_108759_2777,Our Parks,Our Parks,Bootcamp,Bootcamp & Outdoor Fitness,Bootcamp,True,0.0,Hoblingwell Wood Recreation Ground,BR5 2QB,Bromley,51.402261016538,0.099742592442,09:00,10:00,,1,False,https://ourparks.org.uk/borough/bootcamp-108759
ourparks_108754_2778,Our Parks,Our Parks,Bootcamp,Bootcamp & Outdoor Fitness,Bootcamp,True,0.0,Hoblingwell Wood Recreation Ground,BR5 2QB,Bromley,51.402261016538,0.099742592442,09:00,10:00,,1,False,https://ourparks.org.uk/borough/bootcamp-108754
ourparks_108756_2779,Our Parks,Our Parks,Bootcamp,Bootcamp & Outdoor Fitness,Bootcamp,True,0.0,Hoblingwell Wood Recreation Ground,BR5 2QB,Bromley,51.402261016538,0.099742592442,09:00,10:00,,1,False,https://ourparks.org.uk/borough/bootcamp-108756
ourparks_108758_2780,Our Parks,Our Parks,Bootcamp,Bootcamp & Outdoor Fitness,Bootcamp,True,0.0,Hoblingwell Wood Recreation Ground,BR5 2QB,Bromley,51.402261016538,0.099742592442,09:00,10:00,,1,False,https://ourparks.org.uk/borough/bootcamp-108758
ourparks_108760_2781,Our Parks,Our Parks,Bootcamp,Bootcamp & Outdoor Fitness,Bootcamp,True,0.0,Hoblingwell Wood Recreation Ground,BR5 2QB,Bromley,51.402261016538,0.099742592442,09:00,10:00,,1,False,https://ourparks.org.uk/borough/bootcamp-108760
ourparks_110492_2782,Our Parks,Our Parks,Beginners Bootcamp,Bootcamp & Outdoor Fitness,Bootcamp,True,0.0,Gladstone Park,NW2,Brent,51.5596147901,-0.236722632917,09:00,10:00,,1,False,https://ourparks.org.uk/borough/beginners-bootcamp-110492
ourparks_108157_2783,Our Parks,Our Parks,Bootcamp,Bootcamp & Outdoor Fitness,Bootcamp,True,0.0,Victory Park (E20),E20 2ST,Newham,51.546291703992,-0.00978845673,09:30,10:30,,1,False,https://ourparks.org.uk/borough/bootcamp-108157
