geography_level,geography_name,survey_year,demographic_variable,demographic_group,pct_active,pct_fairly_active,pct_inactive,sample_size
London-wide,London-wide,2018-19,Age9,16-24,72.8,10.5,16.8,1287
London-wide,London-wide,2018-19,Age9,25-34,70.3,10.2,19.5,2999
London-wide,London-wide,2018-19,Age9,35-44,67.6,12.0,20.4,3382
London-wide,London-wide,2018-19,Age9,45-54,67.3,11.5,21.2,2800
London-wide,London-wide,2018-19,Age9,55-64,64.4,12.0,23.6,2409
London-wide,London-wide,2018-19,Age9,65-74,65.0,11.8,23.2,1989
London-wide,London-wide,2018-19,Age9,75-84,53.2,12.1,34.7,876
London-wide,London-wide,2018-19,Age9,85+,25.2,17.2,57.5,226
borough,Barking and Dagenham,2018-19,Age9,16-24,71.6,10.4,18.0,51
borough,Barking and Dagenham,2018-19,Age9,25-34,44.4,11.5,44.1,100
borough,Barking and Dagenham,2018-19,Age9,35-44,51.4,9.6,39.0,113
borough,Barking and Dagenham,2018-19,Age9,45-54,42.4,9.2,48.4,90
borough,Barking and Dagenham,2018-19,Age9,55-64,53.7,8.7,37.6,58
borough,Barking and Dagenham,2018-19,Age9,65-74,46.7,14.2,39.1,48
borough,Barnet,2018-19,Age9,16-24,75.0,0.0,25.0,36
borough,Barnet,2018-19,Age9,25-34,67.3,15.3,17.4,58
borough,Barnet,2018-19,Age9,35-44,60.1,20.4,19.5,94
borough,Barnet,2018-19,Age9,45-54,58.5,17.7,23.7,84
borough,Barnet,2018-19,Age9,55-64,48.7,18.9,32.3,79
borough,Barnet,2018-19,Age9,65-74,61.3,13.1,25.6,75
borough,Barnet,2018-19,Age9,75-84,65.0,8.7,26.4,31
borough,Bexley,2018-19,Age9,16-24,67.9,10.1,22.0,35
borough,Bexley,2018-19,Age9,25-34,61.9,5.5,32.6,65
borough,Bexley,2018-19,Age9,35-44,69.5,10.2,20.2,101
borough,Bexley,2018-19,Age9,45-54,66.0,14.1,20.0,91
borough,Bexley,2018-19,Age9,55-64,60.1,13.6,26.3,82
borough,Bexley,2018-19,Age9,65-74,58.5,9.3,32.3,83
borough,Brent,2018-19,Age9,16-24,67.6,12.3,20.1,50
borough,Brent,2018-19,Age9,25-34,58.0,11.8,30.3,88
borough,Brent,2018-19,Age9,35-44,54.1,15.3,30.6,111
borough,Brent,2018-19,Age9,45-54,58.9,10.1,31.0,73
borough,Brent,2018-19,Age9,55-64,52.0,15.7,32.3,69
borough,Brent,2018-19,Age9,65-74,69.7,7.6,22.7,71
borough,Bromley,2018-19,Age9,25-34,66.6,19.0,14.4,55
borough,Bromley,2018-19,Age9,35-44,65.9,7.4,26.6,90
borough,Bromley,2018-19,Age9,45-54,82.4,6.9,10.7,93
borough,Bromley,2018-19,Age9,55-64,76.5,4.6,18.9,84
borough,Bromley,2018-19,Age9,65-74,62.4,10.1,27.5,99
borough,Bromley,2018-19,Age9,75-84,55.7,11.0,33.3,37
borough,Camden,2018-19,Age9,16-24,71.9,15.4,12.7,51
borough,Camden,2018-19,Age9,25-34,76.3,15.6,8.0,93
borough,Camden,2018-19,Age9,35-44,67.5,12.4,20.1,69
borough,Camden,2018-19,Age9,45-54,87.0,2.4,10.6,68
borough,Camden,2018-19,Age9,55-64,60.1,15.0,24.9,72
borough,Camden,2018-19,Age9,65-74,72.4,9.8,17.8,77
borough,Camden,2018-19,Age9,75-84,57.3,15.2,27.5,44
borough,City of London,2018-19,Age9,25-34,87.8,6.4,5.8,40
borough,City of London,2018-19,Age9,35-44,90.9,4.7,4.4,40
borough,City of London,2018-19,Age9,45-54,83.1,1.5,15.5,40
borough,City of London,2018-19,Age9,55-64,77.2,6.8,16.0,54
borough,City of London,2018-19,Age9,65-74,80.5,11.3,8.2,47
borough,Croydon,2018-19,Age9,25-34,60.1,14.2,25.7,82
borough,Croydon,2018-19,Age9,35-44,56.8,10.3,32.9,103
borough,Croydon,2018-19,Age9,45-54,58.9,23.4,17.7,85
borough,Croydon,2018-19,Age9,55-64,71.7,6.8,21.5,87
borough,Croydon,2018-19,Age9,65-74,82.3,5.8,11.9,48
borough,Croydon,2018-19,Age9,75-84,55.0,20.4,24.6,36
borough,Ealing,2018-19,Age9,16-24,65.1,15.5,19.4,51
borough,Ealing,2018-19,Age9,25-34,59.4,22.6,18.0,80
borough,Ealing,2018-19,Age9,35-44,61.5,15.4,23.0,98
borough,Ealing,2018-19,Age9,45-54,54.0,13.3,32.7,89
borough,Ealing,2018-19,Age9,55-64,53.3,11.7,35.0,69
borough,Ealing,2018-19,Age9,65-74,63.3,5.5,31.2,56
borough,Ealing,2018-19,Age9,75-84,52.7,13.9,33.4,36
borough,Enfield,2018-19,Age9,16-24,78.9,12.4,8.7,38
borough,Enfield,2018-19,Age9,25-34,66.6,16.3,17.1,58
borough,Enfield,2018-19,Age9,35-44,68.7,7.2,24.1,87
borough,Enfield,2018-19,Age9,45-54,71.1,12.7,16.2,75
borough,Enfield,2018-19,Age9,55-64,70.9,13.9,15.2,91
borough,Enfield,2018-19,Age9,65-74,70.6,13.5,15.9,91
borough,Enfield,2018-19,Age9,75-84,37.3,20.8,41.9,32
borough,Greenwich,2018-19,Age9,25-34,67.0,13.4,19.6,110
borough,Greenwich,2018-19,Age9,35-44,68.2,9.5,22.4,111
borough,Greenwich,2018-19,Age9,45-54,60.2,12.5,27.4,100
borough,Greenwich,2018-19,Age9,55-64,65.8,18.9,15.3,59
borough,Greenwich,2018-19,Age9,65-74,56.9,10.2,32.9,42
borough,Hackney,2018-19,Age9,16-24,67.7,12.2,20.0,44
borough,Hackney,2018-19,Age9,25-34,70.1,8.4,21.5,139
borough,Hackney,2018-19,Age9,35-44,77.4,8.8,13.8,121
borough,Hackney,2018-19,Age9,45-54,78.4,7.0,14.6,76
borough,Hackney,2018-19,Age9,55-64,44.2,17.3,38.5,55
borough,Hackney,2018-19,Age9,65-74,69.9,18.2,11.9,33
borough,Hammersmith and Fulham,2018-19,Age9,16-24,67.9,12.4,19.7,50
borough,Hammersmith and Fulham,2018-19,Age9,25-34,88.5,4.9,6.7,102
borough,Hammersmith and Fulham,2018-19,Age9,35-44,86.5,3.9,9.6,95
borough,Hammersmith and Fulham,2018-19,Age9,45-54,66.7,16.9,16.3,89
borough,Hammersmith and Fulham,2018-19,Age9,55-64,65.3,11.3,23.4,76
borough,Hammersmith and Fulham,2018-19,Age9,65-74,64.7,11.6,23.7,52
borough,Haringey,2018-19,Age9,16-24,69.7,7.8,22.5,43
borough,Haringey,2018-19,Age9,25-34,78.2,8.7,13.1,85
borough,Haringey,2018-19,Age9,35-44,69.7,9.7,20.6,140
borough,Haringey,2018-19,Age9,45-54,66.0,11.6,22.4,82
borough,Haringey,2018-19,Age9,55-64,57.5,19.4,23.1,70
borough,Haringey,2018-19,Age9,65-74,63.0,19.5,17.5,52
borough,Harrow,2018-19,Age9,16-24,63.8,23.8,12.4,35
borough,Harrow,2018-19,Age9,25-34,60.7,5.6,33.8,53
borough,Harrow,2018-19,Age9,35-44,62.7,14.0,23.3,109
borough,Harrow,2018-19,Age9,45-54,79.3,7.0,13.7,93
borough,Harrow,2018-19,Age9,55-64,64.0,11.5,24.4,69
borough,Harrow,2018-19,Age9,65-74,60.3,11.7,28.0,61
borough,Harrow,2018-19,Age9,75-84,54.2,11.8,34.0,40
borough,Havering,2018-19,Age9,16-24,88.6,3.6,7.7,37
borough,Havering,2018-19,Age9,25-34,73.0,10.5,16.5,68
borough,Havering,2018-19,Age9,35-44,68.6,9.8,21.6,89
borough,Havering,2018-19,Age9,45-54,52.5,17.1,30.4,80
borough,Havering,2018-19,Age9,55-64,68.2,10.2,21.5,84
borough,Havering,2018-19,Age9,65-74,63.4,15.8,20.9,94
borough,Havering,2018-19,Age9,75-84,45.6,12.7,41.7,40
borough,Hillingdon,2018-19,Age9,16-24,62.0,16.1,22.0,39
borough,Hillingdon,2018-19,Age9,25-34,55.1,22.4,22.5,75
borough,Hillingdon,2018-19,Age9,35-44,60.6,14.4,25.0,93
borough,Hillingdon,2018-19,Age9,45-54,63.4,12.5,24.1,99
borough,Hillingdon,2018-19,Age9,55-64,72.8,11.4,15.9,75
borough,Hillingdon,2018-19,Age9,65-74,50.7,17.3,31.9,73
borough,Hillingdon,2018-19,Age9,75-84,68.4,2.0,29.6,36
borough,Hounslow,2018-19,Age9,16-24,80.3,8.0,11.8,44
borough,Hounslow,2018-19,Age9,25-34,68.9,10.5,20.6,89
borough,Hounslow,2018-19,Age9,35-44,60.1,15.0,25.0,127
borough,Hounslow,2018-19,Age9,45-54,62.5,18.4,19.1,88
borough,Hounslow,2018-19,Age9,55-64,65.3,11.4,23.3,73
borough,Hounslow,2018-19,Age9,65-74,55.3,6.2,38.4,70
borough,Islington,2018-19,Age9,16-24,82.8,6.4,10.8,38
borough,Islington,2018-19,Age9,25-34,77.1,6.0,16.9,124
borough,Islington,2018-19,Age9,35-44,74.6,10.8,14.6,116
borough,Islington,2018-19,Age9,45-54,76.0,5.2,18.8,85
borough,Islington,2018-19,Age9,55-64,78.0,8.0,14.0,63
borough,Islington,2018-19,Age9,65-74,58.3,20.9,20.8,50
borough,Kensington and Chelsea,2018-19,Age9,16-24,77.2,5.4,17.4,39
borough,Kensington and Chelsea,2018-19,Age9,25-34,67.1,7.7,25.1,66
borough,Kensington and Chelsea,2018-19,Age9,35-44,84.3,10.1,5.6,52
borough,Kensington and Chelsea,2018-19,Age9,45-54,68.6,12.6,18.8,88
borough,Kensington and Chelsea,2018-19,Age9,55-64,72.2,8.3,19.5,91
borough,Kensington and Chelsea,2018-19,Age9,65-74,77.5,5.9,16.6,85
borough,Kensington and Chelsea,2018-19,Age9,75-84,49.9,20.5,29.5,47
borough,Kingston upon Thames,2018-19,Age9,25-34,79.0,15.8,5.2,74
borough,Kingston upon Thames,2018-19,Age9,35-44,71.9,16.1,12.0,100
borough,Kingston upon Thames,2018-19,Age9,45-54,75.9,16.2,7.9,87
borough,Kingston upon Thames,2018-19,Age9,55-64,64.6,9.6,25.9,103
borough,Kingston upon Thames,2018-19,Age9,65-74,72.0,10.2,17.8,70
borough,Kingston upon Thames,2018-19,Age9,75-84,64.8,6.4,28.7,35
borough,Lambeth,2018-19,Age9,16-24,82.0,0.0,18.0,53
borough,Lambeth,2018-19,Age9,25-34,76.1,6.4,17.5,126
borough,Lambeth,2018-19,Age9,35-44,77.0,15.7,7.3,115
borough,Lambeth,2018-19,Age9,45-54,66.7,11.1,22.2,90
borough,Lambeth,2018-19,Age9,55-64,67.0,9.0,24.0,59
borough,Lambeth,2018-19,Age9,65-74,61.2,7.0,31.9,34
borough,Lewisham,2018-19,Age9,16-24,64.0,7.9,28.2,30
borough,Lewisham,2018-19,Age9,25-34,74.4,7.8,17.9,118
borough,Lewisham,2018-19,Age9,35-44,80.1,10.7,9.2,133
borough,Lewisham,2018-19,Age9,45-54,81.5,3.7,14.9,83
borough,Lewisham,2018-19,Age9,55-64,68.4,14.2,17.4,73
borough,Lewisham,2018-19,Age9,65-74,54.9,31.4,13.7,45
borough,Merton,2018-19,Age9,16-24,72.0,16.5,11.5,36
borough,Merton,2018-19,Age9,25-34,69.5,11.0,19.5,98
borough,Merton,2018-19,Age9,35-44,70.0,8.7,21.3,113
borough,Merton,2018-19,Age9,45-54,72.8,13.5,13.7,79
borough,Merton,2018-19,Age9,55-64,69.7,7.5,22.8,81
borough,Merton,2018-19,Age9,65-74,73.0,8.9,18.1,59
borough,Newham,2018-19,Age9,16-24,67.5,9.5,23.0,63
borough,Newham,2018-19,Age9,25-34,68.0,7.6,24.4,140
borough,Newham,2018-19,Age9,35-44,49.9,18.2,31.9,105
borough,Newham,2018-19,Age9,45-54,47.8,8.8,43.4,86
borough,Newham,2018-19,Age9,55-64,50.1,27.8,22.0,42
borough,Redbridge,2018-19,Age9,16-24,75.0,4.5,20.4,35
borough,Redbridge,2018-19,Age9,25-34,70.2,13.2,16.6,71
borough,Redbridge,2018-19,Age9,35-44,51.2,18.0,30.8,107
borough,Redbridge,2018-19,Age9,45-54,61.7,14.7,23.6,79
borough,Redbridge,2018-19,Age9,55-64,51.7,23.5,24.8,81
borough,Redbridge,2018-19,Age9,65-74,74.3,8.7,17.0,69
borough,Redbridge,2018-19,Age9,75-84,37.2,24.5,38.3,30
borough,Richmond upon Thames,2018-19,Age9,25-34,91.4,2.8,5.8,44
borough,Richmond upon Thames,2018-19,Age9,35-44,80.3,14.9,4.8,115
borough,Richmond upon Thames,2018-19,Age9,45-54,77.6,8.9,13.6,95
borough,Richmond upon Thames,2018-19,Age9,55-64,77.3,5.9,16.8,87
borough,Richmond upon Thames,2018-19,Age9,65-74,63.3,13.0,23.7,90
borough,Richmond upon Thames,2018-19,Age9,75-84,72.0,4.1,23.9,42
borough,Southwark,2018-19,Age9,16-24,73.5,10.7,15.8,42
borough,Southwark,2018-19,Age9,25-34,70.3,4.4,25.2,143
borough,Southwark,2018-19,Age9,35-44,77.9,6.9,15.1,97
borough,Southwark,2018-19,Age9,45-54,64.3,12.5,23.3,73
borough,Southwark,2018-19,Age9,55-64,63.2,4.7,32.1,72
borough,Southwark,2018-19,Age9,65-74,62.5,10.8,26.7,51
borough,Sutton,2018-19,Age9,25-34,77.8,6.2,16.0,88
borough,Sutton,2018-19,Age9,35-44,79.0,8.5,12.4,114
borough,Sutton,2018-19,Age9,45-54,67.9,15.1,17.0,101
borough,Sutton,2018-19,Age9,55-64,67.0,8.8,24.2,88
borough,Sutton,2018-19,Age9,65-74,70.4,10.8,18.9,69
borough,Sutton,2018-19,Age9,75-84,45.3,20.9,33.8,31
borough,Tower Hamlets,2018-19,Age9,16-24,66.1,13.4,20.4,79
borough,Tower Hamlets,2018-19,Age9,25-34,74.8,6.8,18.4,188
borough,Tower Hamlets,2018-19,Age9,35-44,63.5,14.3,22.3,113
borough,Tower Hamlets,2018-19,Age9,45-54,61.5,9.1,29.4,62
borough,Tower Hamlets,2018-19,Age9,55-64,69.1,8.5,22.4,43
borough,Waltham Forest,2018-19,Age9,16-24,55.6,14.4,30.0,35
borough,Waltham Forest,2018-19,Age9,25-34,78.4,9.1,12.5,85
borough,Waltham Forest,2018-19,Age9,35-44,79.0,8.5,12.4,103
borough,Waltham Forest,2018-19,Age9,45-54,77.5,7.9,14.6,98
borough,Waltham Forest,2018-19,Age9,55-64,56.7,5.1,38.1,73
borough,Waltham Forest,2018-19,Age9,65-74,65.3,15.3,19.3,49
borough,Wandsworth,2018-19,Age9,25-34,77.5,7.7,14.8,109
borough,Wandsworth,2018-19,Age9,35-44,80.4,9.9,9.7,123
borough,Wandsworth,2018-19,Age9,45-54,85.1,5.3,9.6,103
borough,Wandsworth,2018-19,Age9,55-64,72.0,14.6,13.4,68
borough,Wandsworth,2018-19,Age9,65-74,84.9,4.2,10.8,41
borough,Westminster,2018-19,Age9,16-24,76.5,10.4,13.0,46
borough,Westminster,2018-19,Age9,25-34,74.5,6.4,19.1,85
borough,Westminster,2018-19,Age9,35-44,72.5,9.6,17.9,85
borough,Westminster,2018-19,Age9,45-54,74.0,6.2,19.8,96
borough,Westminster,2018-19,Age9,55-64,78.2,7.3,14.5,79
borough,Westminster,2018-19,Age9,65-74,53.7,13.7,32.6,63
borough,Westminster,2018-19,Age9,75-84,57.9,7.7,34.4,34
London-wide,London-wide,2018-19,ChildAgeU13,No,68.4,10.8,20.7,11918
London-wide,London-wide,2018-19,ChildAgeU13,Yes,62.5,12.8,24.7,4230
borough,Barking and Dagenham,2018-19,ChildAgeU13,No,51.5,9.1,39.4,285
borough,Barking and Dagenham,2018-19,ChildAgeU13,Yes,48.7,11.5,39.8,209
borough,Barnet,2018-19,ChildAgeU13,No,59.5,14.5,26.1,354
borough,Barnet,2018-19,ChildAgeU13,Yes,64.1,16.8,19.0,117
borough,Bexley,2018-19,ChildAgeU13,No,64.9,11.5,23.6,339
borough,Bexley,2018-19,ChildAgeU13,Yes,62.1,8.8,29.1,150
borough,Brent,2018-19,ChildAgeU13,No,59.5,12.6,27.8,351
borough,Brent,2018-19,ChildAgeU13,Yes,53.9,11.0,35.1,151
borough,Bromley,2018-19,ChildAgeU13,No,70.1,9.0,20.9,362
borough,Bromley,2018-19,ChildAgeU13,Yes,72.2,11.9,15.9,125
borough,Camden,2018-19,ChildAgeU13,No,67.7,14.4,18.0,406
borough,Camden,2018-19,ChildAgeU13,Yes,79.1,10.3,10.7,85
borough,City of London,2018-19,ChildAgeU13,No,82.5,6.2,11.2,243
borough,Croydon,2018-19,ChildAgeU13,No,66.9,12.8,20.3,365
borough,Croydon,2018-19,ChildAgeU13,Yes,52.6,15.8,31.6,122
borough,Ealing,2018-19,ChildAgeU13,No,63.1,14.4,22.5,332
borough,Ealing,2018-19,ChildAgeU13,Yes,51.5,18.2,30.3,158
borough,Enfield,2018-19,ChildAgeU13,No,69.4,12.0,18.6,347
borough,Enfield,2018-19,ChildAgeU13,Yes,66.7,13.9,19.4,145
borough,Greenwich,2018-19,ChildAgeU13,No,64.7,12.9,22.4,354
borough,Greenwich,2018-19,ChildAgeU13,Yes,61.3,16.5,22.2,132
borough,Hackney,2018-19,ChildAgeU13,No,67.8,9.7,22.6,371
borough,Hackney,2018-19,ChildAgeU13,Yes,66.9,11.8,21.4,126
borough,Hammersmith and Fulham,2018-19,ChildAgeU13,No,75.5,8.0,16.6,412
borough,Hammersmith and Fulham,2018-19,ChildAgeU13,Yes,63.0,12.7,24.4,94
borough,Haringey,2018-19,ChildAgeU13,No,70.9,11.1,18.1,335
borough,Haringey,2018-19,ChildAgeU13,Yes,64.6,12.0,23.4,160
borough,Harrow,2018-19,ChildAgeU13,No,65.2,12.8,22.0,329
borough,Harrow,2018-19,ChildAgeU13,Yes,61.3,10.9,27.8,153
borough,Havering,2018-19,ChildAgeU13,No,65.6,11.5,22.9,372
borough,Havering,2018-19,ChildAgeU13,Yes,63.1,13.0,23.9,135
borough,Hillingdon,2018-19,ChildAgeU13,No,63.6,14.5,22.0,348
borough,Hillingdon,2018-19,ChildAgeU13,Yes,52.5,17.2,30.4,158
borough,Hounslow,2018-19,ChildAgeU13,No,66.1,9.9,24.0,345
borough,Hounslow,2018-19,ChildAgeU13,Yes,62.0,14.4,23.6,178
borough,Islington,2018-19,ChildAgeU13,No,75.3,8.5,16.3,388
borough,Islington,2018-19,ChildAgeU13,Yes,75.5,6.8,17.7,103
borough,Kensington and Chelsea,2018-19,ChildAgeU13,No,69.1,9.7,21.2,417
borough,Kensington and Chelsea,2018-19,ChildAgeU13,Yes,72.3,9.1,18.7,64
borough,Kingston upon Thames,2018-19,ChildAgeU13,No,69.7,12.6,17.6,366
borough,Kingston upon Thames,2018-19,ChildAgeU13,Yes,75.7,14.3,10.0,136
borough,Lambeth,2018-19,ChildAgeU13,No,74.4,6.2,19.4,390
borough,Lambeth,2018-19,ChildAgeU13,Yes,67.2,17.2,15.5,109
borough,Lewisham,2018-19,ChildAgeU13,No,71.9,10.2,17.9,374
borough,Lewisham,2018-19,ChildAgeU13,Yes,73.1,8.2,18.7,138
borough,Merton,2018-19,ChildAgeU13,No,71.0,9.5,19.4,378
borough,Merton,2018-19,ChildAgeU13,Yes,62.9,17.9,19.2,133
borough,Newham,2018-19,ChildAgeU13,No,63.2,12.8,24.0,310
borough,Newham,2018-19,ChildAgeU13,Yes,51.7,11.0,37.3,171
borough,Redbridge,2018-19,ChildAgeU13,No,65.2,13.7,21.1,343
borough,Redbridge,2018-19,ChildAgeU13,Yes,50.7,17.3,32.0,143
borough,Richmond upon Thames,2018-19,ChildAgeU13,No,73.9,8.0,18.1,378
borough,Richmond upon Thames,2018-19,ChildAgeU13,Yes,78.6,14.2,7.2,128
borough,Southwark,2018-19,ChildAgeU13,No,71.2,7.2,21.7,405
borough,Southwark,2018-19,ChildAgeU13,Yes,66.4,7.1,26.5,98
borough,Sutton,2018-19,ChildAgeU13,No,69.5,11.3,19.2,375
borough,Sutton,2018-19,ChildAgeU13,Yes,75.4,9.9,14.6,159
borough,Tower Hamlets,2018-19,ChildAgeU13,No,75.0,9.1,15.9,413
borough,Tower Hamlets,2018-19,ChildAgeU13,Yes,46.3,13.8,39.9,97
borough,Waltham Forest,2018-19,ChildAgeU13,No,67.2,11.2,21.6,340
borough,Waltham Forest,2018-19,ChildAgeU13,Yes,75.7,7.8,16.5,132
borough,Wandsworth,2018-19,ChildAgeU13,No,79.8,7.8,12.4,364
borough,Wandsworth,2018-19,ChildAgeU13,Yes,78.9,7.8,13.3,131
borough,Westminster,2018-19,ChildAgeU13,No,72.9,7.9,19.2,427
borough,Westminster,2018-19,ChildAgeU13,Yes,61.6,11.7,26.7,74
London-wide,London-wide,2018-19,Disab3,Limiting disability,52.4,12.9,34.8,2180
London-wide,London-wide,2018-19,Disab3,No disability,69.8,11.2,19.1,10275
London-wide,London-wide,2018-19,Disab3,Non-limiting disability,69.8,11.6,18.6,2575
borough,Barking and Dagenham,2018-19,Disab3,Limiting disability,31.7,12.6,55.7,76
borough,Barking and Dagenham,2018-19,Disab3,No disability,53.3,9.3,37.4,301
borough,Barking and Dagenham,2018-19,Disab3,Non-limiting disability,61.3,11.9,26.9,74
borough,Barnet,2018-19,Disab3,Limiting disability,53.5,7.6,38.9,49
borough,Barnet,2018-19,Disab3,No disability,61.3,18.2,20.5,318
borough,Barnet,2018-19,Disab3,Non-limiting disability,59.9,12.0,28.0,71
borough,Bexley,2018-19,Disab3,Limiting disability,41.8,17.0,41.2,91
borough,Bexley,2018-19,Disab3,No disability,70.5,9.1,20.5,291
borough,Bexley,2018-19,Disab3,Non-limiting disability,68.7,13.5,17.9,68
borough,Brent,2018-19,Disab3,Limiting disability,53.3,11.2,35.4,64
borough,Brent,2018-19,Disab3,No disability,59.8,12.4,27.8,337
borough,Brent,2018-19,Disab3,Non-limiting disability,50.1,13.2,36.7,73
borough,Bromley,2018-19,Disab3,Limiting disability,46.8,12.5,40.7,78
borough,Bromley,2018-19,Disab3,No disability,75.4,9.9,14.7,290
borough,Bromley,2018-19,Disab3,Non-limiting disability,78.7,3.1,18.2,82
borough,Camden,2018-19,Disab3,Limiting disability,57.6,9.7,32.7,84
borough,Camden,2018-19,Disab3,No disability,74.4,13.1,12.5,301
borough,Camden,2018-19,Disab3,Non-limiting disability,74.9,14.3,10.8,75
borough,City of London,2018-19,Disab3,No disability,84.7,5.1,10.2,170
borough,City of London,2018-19,Disab3,Non-limiting disability,84.6,4.1,11.3,52
borough,Croydon,2018-19,Disab3,Limiting disability,38.0,19.9,42.1,66
borough,Croydon,2018-19,Disab3,No disability,68.5,13.5,18.0,288
borough,Croydon,2018-19,Disab3,Non-limiting disability,71.5,13.8,14.7,90
borough,Ealing,2018-19,Disab3,Limiting disability,52.4,16.1,31.5,61
borough,Ealing,2018-19,Disab3,No disability,58.3,17.0,24.7,320
borough,Ealing,2018-19,Disab3,Non-limiting disability,70.0,13.0,17.0,76
borough,Enfield,2018-19,Disab3,Limiting disability,61.9,10.5,27.6,80
borough,Enfield,2018-19,Disab3,No disability,69.3,13.4,17.2,296
borough,Enfield,2018-19,Disab3,Non-limiting disability,77.6,9.4,13.0,79
borough,Greenwich,2018-19,Disab3,Limiting disability,46.6,26.9,26.5,57
borough,Greenwich,2018-19,Disab3,No disability,66.4,12.4,21.2,306
borough,Greenwich,2018-19,Disab3,Non-limiting disability,64.5,10.6,24.8,88
borough,Hackney,2018-19,Disab3,Limiting disability,45.3,13.1,41.6,62
borough,Hackney,2018-19,Disab3,No disability,69.9,10.8,19.3,323
borough,Hackney,2018-19,Disab3,Non-limiting disability,68.4,8.8,22.9,78
borough,Hammersmith and Fulham,2018-19,Disab3,Limiting disability,43.3,8.2,48.5,60
borough,Hammersmith and Fulham,2018-19,Disab3,No disability,79.3,8.4,12.3,331
borough,Hammersmith and Fulham,2018-19,Disab3,Non-limiting disability,77.7,8.2,14.1,72
borough,Haringey,2018-19,Disab3,Limiting disability,56.3,10.6,33.1,68
borough,Haringey,2018-19,Disab3,No disability,71.9,10.1,18.0,311
borough,Haringey,2018-19,Disab3,Non-limiting disability,70.6,15.8,13.5,79
borough,Harrow,2018-19,Disab3,Limiting disability,63.5,5.6,30.9,78
borough,Harrow,2018-19,Disab3,No disability,66.5,12.3,21.3,311
borough,Harrow,2018-19,Disab3,Non-limiting disability,56.4,12.0,31.7,63
borough,Havering,2018-19,Disab3,Limiting disability,38.9,17.9,43.2,97
borough,Havering,2018-19,Disab3,No disability,72.5,10.3,17.2,294
borough,Havering,2018-19,Disab3,Non-limiting disability,60.8,13.5,25.7,87
borough,Hillingdon,2018-19,Disab3,Limiting disability,53.2,20.4,26.4,71
borough,Hillingdon,2018-19,Disab3,No disability,60.3,14.8,24.9,316
borough,Hillingdon,2018-19,Disab3,Non-limiting disability,75.1,15.3,9.6,90
borough,Hounslow,2018-19,Disab3,Limiting disability,49.7,12.7,37.6,84
borough,Hounslow,2018-19,Disab3,No disability,64.8,13.3,21.9,320
borough,Hounslow,2018-19,Disab3,Non-limiting disability,78.5,4.9,16.6,79
borough,Islington,2018-19,Disab3,Limiting disability,64.9,8.4,26.7,74
borough,Islington,2018-19,Disab3,No disability,76.3,7.7,16.0,302
borough,Islington,2018-19,Disab3,Non-limiting disability,82.3,13.0,4.7,72
borough,Kensington and Chelsea,2018-19,Disab3,Limiting disability,50.3,9.0,40.7,71
borough,Kensington and Chelsea,2018-19,Disab3,No disability,77.4,8.3,14.4,291
borough,Kensington and Chelsea,2018-19,Disab3,Non-limiting disability,64.9,18.5,16.6,72
borough,Kingston upon Thames,2018-19,Disab3,Limiting disability,59.5,22.1,18.4,68
borough,Kingston upon Thames,2018-19,Disab3,No disability,70.3,14.0,15.7,311
borough,Kingston upon Thames,2018-19,Disab3,Non-limiting disability,85.1,4.2,10.7,94
borough,Lambeth,2018-19,Disab3,Limiting disability,65.1,7.0,27.9,62
borough,Lambeth,2018-19,Disab3,No disability,76.7,8.3,14.9,316
borough,Lambeth,2018-19,Disab3,Non-limiting disability,72.5,8.6,18.9,91
borough,Lewisham,2018-19,Disab3,Limiting disability,65.3,9.4,25.2,66
borough,Lewisham,2018-19,Disab3,No disability,75.0,9.1,15.9,337
borough,Lewisham,2018-19,Disab3,Non-limiting disability,71.9,12.2,15.9,84
borough,Merton,2018-19,Disab3,Limiting disability,57.0,6.3,36.6,52
borough,Merton,2018-19,Disab3,No disability,70.0,11.4,18.6,342
borough,Merton,2018-19,Disab3,Non-limiting disability,71.7,15.3,13.0,87
borough,Newham,2018-19,Disab3,Limiting disability,49.7,10.5,39.8,73
borough,Newham,2018-19,Disab3,No disability,64.5,10.4,25.1,310
borough,Newham,2018-19,Disab3,Non-limiting disability,40.2,22.5,37.3,56
borough,Redbridge,2018-19,Disab3,Limiting disability,46.0,13.5,40.5,62
borough,Redbridge,2018-19,Disab3,No disability,61.6,15.9,22.5,334
borough,Redbridge,2018-19,Disab3,Non-limiting disability,65.4,14.5,20.1,63
borough,Richmond upon Thames,2018-19,Disab3,Limiting disability,50.2,8.9,40.9,54
borough,Richmond upon Thames,2018-19,Disab3,No disability,80.1,10.6,9.3,312
borough,Richmond upon Thames,2018-19,Disab3,Non-limiting disability,78.3,6.6,15.2,117
borough,Southwark,2018-19,Disab3,Limiting disability,45.1,12.3,42.6,62
borough,Southwark,2018-19,Disab3,No disability,75.5,7.2,17.3,328
borough,Southwark,2018-19,Disab3,Non-limiting disability,78.7,1.6,19.6,77
borough,Sutton,2018-19,Disab3,Limiting disability,53.8,15.1,31.2,69
borough,Sutton,2018-19,Disab3,No disability,76.5,9.4,14.1,337
borough,Sutton,2018-19,Disab3,Non-limiting disability,67.1,7.2,25.7,87
borough,Tower Hamlets,2018-19,Disab3,Limiting disability,49.1,21.8,29.1,56
borough,Tower Hamlets,2018-19,Disab3,No disability,70.8,7.5,21.7,346
borough,Tower Hamlets,2018-19,Disab3,Non-limiting disability,66.9,24.5,8.6,61
borough,Waltham Forest,2018-19,Disab3,Limiting disability,63.6,10.7,25.7,70
borough,Waltham Forest,2018-19,Disab3,No disability,69.5,9.6,20.9,308
borough,Waltham Forest,2018-19,Disab3,Non-limiting disability,72.0,16.4,11.6,65
borough,Wandsworth,2018-19,Disab3,Limiting disability,64.2,14.6,21.3,48
borough,Wandsworth,2018-19,Disab3,No disability,83.0,6.8,10.2,337
borough,Wandsworth,2018-19,Disab3,Non-limiting disability,78.1,8.7,13.2,89
borough,Westminster,2018-19,Disab3,Limiting disability,58.6,7.6,33.8,47
borough,Westminster,2018-19,Disab3,No disability,74.8,7.8,17.4,340
borough,Westminster,2018-19,Disab3,Non-limiting disability,61.8,13.3,24.9,84
London-wide,London-wide,2018-19,Educ6,Another type of qualification,49.7,12.5,37.7,590
London-wide,London-wide,2018-19,Educ6,Level 1 and below,48.0,8.8,43.2,240
London-wide,London-wide,2018-19,Educ6,Level 2 and equivalents,63.3,12.4,24.3,1752
London-wide,London-wide,2018-19,Educ6,Level 3 and equivalents,64.6,12.1,23.3,1676
London-wide,London-wide,2018-19,Educ6,Level 4 or above,73.8,10.9,15.3,10377
London-wide,London-wide,2018-19,Educ6,No qualifications,45.2,11.9,42.9,920
borough,Barking and Dagenham,2018-19,Educ6,Level 2 and equivalents,61.8,4.4,33.8,85
borough,Barking and Dagenham,2018-19,Educ6,Level 3 and equivalents,65.9,10.0,24.1,77
borough,Barking and Dagenham,2018-19,Educ6,Level 4 or above,46.7,13.8,39.4,204
borough,Barking and Dagenham,2018-19,Educ6,No qualifications,34.2,12.6,53.2,62
borough,Barnet,2018-19,Educ6,Level 2 and equivalents,63.6,3.9,32.5,44
borough,Barnet,2018-19,Educ6,Level 3 and equivalents,54.3,16.3,29.4,58
borough,Barnet,2018-19,Educ6,Level 4 or above,64.7,19.2,16.1,301
borough,Bexley,2018-19,Educ6,Another type of qualification,54.0,4.8,41.2,33
borough,Bexley,2018-19,Educ6,Level 2 and equivalents,60.4,11.3,28.3,109
borough,Bexley,2018-19,Educ6,Level 3 and equivalents,68.0,17.2,14.8,71
borough,Bexley,2018-19,Educ6,Level 4 or above,76.3,4.8,18.8,197
borough,Bexley,2018-19,Educ6,No qualifications,39.6,9.0,51.3,33
borough,Brent,2018-19,Educ6,Level 2 and equivalents,67.3,11.3,21.4,61
borough,Brent,2018-19,Educ6,Level 3 and equivalents,53.3,17.0,29.7,51
borough,Brent,2018-19,Educ6,Level 4 or above,66.3,12.9,20.8,312
borough,Brent,2018-19,Educ6,No qualifications,35.3,3.7,61.0,33
borough,Bromley,2018-19,Educ6,Level 2 and equivalents,72.0,11.4,16.6,62
borough,Bromley,2018-19,Educ6,Level 3 and equivalents,73.8,11.0,15.2,57
borough,Bromley,2018-19,Educ6,Level 4 or above,76.6,9.4,14.0,309
borough,Camden,2018-19,Educ6,Level 2 and equivalents,64.9,17.6,17.5,32
borough,Camden,2018-19,Educ6,Level 3 and equivalents,58.2,16.8,24.9,32
borough,Camden,2018-19,Educ6,Level 4 or above,75.0,13.0,12.1,367
borough,City of London,2018-19,Educ6,Level 4 or above,84.9,6.0,9.2,218
borough,Croydon,2018-19,Educ6,Level 2 and equivalents,65.5,15.3,19.2,76
borough,Croydon,2018-19,Educ6,Level 3 and equivalents,68.5,11.2,20.4,58
borough,Croydon,2018-19,Educ6,Level 4 or above,70.0,13.3,16.7,258
borough,Croydon,2018-19,Educ6,No qualifications,35.2,20.1,44.7,43
borough,Ealing,2018-19,Educ6,Level 2 and equivalents,50.7,15.2,34.0,60
borough,Ealing,2018-19,Educ6,Level 3 and equivalents,61.3,14.4,24.3,61
borough,Ealing,2018-19,Educ6,Level 4 or above,65.9,19.0,15.2,290
borough,Ealing,2018-19,Educ6,No qualifications,40.6,14.1,45.3,31
borough,Enfield,2018-19,Educ6,Level 2 and equivalents,67.2,14.6,18.2,64
borough,Enfield,2018-19,Educ6,Level 3 and equivalents,76.9,7.7,15.4,67
borough,Enfield,2018-19,Educ6,Level 4 or above,68.8,16.5,14.7,264
borough,Enfield,2018-19,Educ6,No qualifications,40.5,15.3,44.2,32
borough,Greenwich,2018-19,Educ6,Level 2 and equivalents,43.4,26.5,30.1,52
borough,Greenwich,2018-19,Educ6,Level 3 and equivalents,65.5,18.0,16.5,48
borough,Greenwich,2018-19,Educ6,Level 4 or above,68.8,13.4,17.8,302
borough,Greenwich,2018-19,Educ6,No qualifications,52.2,3.4,44.3,38
borough,Hackney,2018-19,Educ6,Level 2 and equivalents,64.6,8.3,27.0,39
borough,Hackney,2018-19,Educ6,Level 3 and equivalents,50.4,4.7,44.9,37
borough,Hackney,2018-19,Educ6,Level 4 or above,75.6,8.5,15.8,356
borough,Hackney,2018-19,Educ6,No qualifications,41.5,20.1,38.5,30
borough,Hammersmith and Fulham,2018-19,Educ6,Level 2 and equivalents,51.9,17.7,30.4,31
borough,Hammersmith and Fulham,2018-19,Educ6,Level 3 and equivalents,56.5,12.9,30.5,48
borough,Hammersmith and Fulham,2018-19,Educ6,Level 4 or above,81.2,8.0,10.9,369
borough,Haringey,2018-19,Educ6,Level 2 and equivalents,58.4,16.6,25.0,40
borough,Haringey,2018-19,Educ6,Level 3 and equivalents,75.8,7.4,16.9,39
borough,Haringey,2018-19,Educ6,Level 4 or above,75.1,11.8,13.1,356
borough,Harrow,2018-19,Educ6,Another type of qualification,39.4,13.9,46.7,33
borough,Harrow,2018-19,Educ6,Level 2 and equivalents,73.9,11.4,14.8,56
borough,Harrow,2018-19,Educ6,Level 3 and equivalents,51.8,13.9,34.2,54
borough,Harrow,2018-19,Educ6,Level 4 or above,72.5,12.1,15.4,276
borough,Harrow,2018-19,Educ6,No qualifications,58.4,10.5,31.0,33
borough,Havering,2018-19,Educ6,Another type of qualification,55.9,19.2,24.9,30
borough,Havering,2018-19,Educ6,Level 2 and equivalents,69.6,12.6,17.8,105
borough,Havering,2018-19,Educ6,Level 3 and equivalents,66.4,13.2,20.4,82
borough,Havering,2018-19,Educ6,Level 4 or above,71.6,11.9,16.5,217
borough,Havering,2018-19,Educ6,No qualifications,49.4,5.5,45.1,41
borough,Hillingdon,2018-19,Educ6,Level 2 and equivalents,59.1,14.6,26.4,78
borough,Hillingdon,2018-19,Educ6,Level 3 and equivalents,57.6,15.6,26.7,61
borough,Hillingdon,2018-19,Educ6,Level 4 or above,62.7,15.5,21.8,280
borough,Hillingdon,2018-19,Educ6,No qualifications,59.7,10.8,29.6,38
borough,Hounslow,2018-19,Educ6,Level 2 and equivalents,63.5,16.9,19.6,52
borough,Hounslow,2018-19,Educ6,Level 3 and equivalents,70.4,1.3,28.4,48
borough,Hounslow,2018-19,Educ6,Level 4 or above,67.8,11.4,20.8,334
borough,Hounslow,2018-19,Educ6,No qualifications,64.3,4.8,30.9,35
borough,Islington,2018-19,Educ6,Level 3 and equivalents,67.5,9.9,22.7,53
borough,Islington,2018-19,Educ6,Level 4 or above,83.2,5.6,11.1,354
borough,Kensington and Chelsea,2018-19,Educ6,Level 2 and equivalents,68.9,4.9,26.1,35
borough,Kensington and Chelsea,2018-19,Educ6,Level 3 and equivalents,85.0,10.4,4.6,37
borough,Kensington and Chelsea,2018-19,Educ6,Level 4 or above,72.7,9.3,18.0,352
borough,Kingston upon Thames,2018-19,Educ6,Level 2 and equivalents,57.8,14.5,27.8,55
borough,Kingston upon Thames,2018-19,Educ6,Level 3 and equivalents,76.5,8.8,14.6,58
borough,Kingston upon Thames,2018-19,Educ6,Level 4 or above,77.8,10.5,11.7,324
borough,Lambeth,2018-19,Educ6,Level 2 and equivalents,65.0,10.2,24.8,35
borough,Lambeth,2018-19,Educ6,Level 3 and equivalents,71.8,10.3,17.9,48
borough,Lambeth,2018-19,Educ6,Level 4 or above,78.7,7.7,13.7,380
borough,Lewisham,2018-19,Educ6,Level 2 and equivalents,65.8,7.7,26.5,45
borough,Lewisham,2018-19,Educ6,Level 3 and equivalents,62.2,9.6,28.2,58
borough,Lewisham,2018-19,Educ6,Level 4 or above,79.5,9.9,10.6,370
borough,Merton,2018-19,Educ6,Level 2 and equivalents,73.8,13.0,13.2,43
borough,Merton,2018-19,Educ6,Level 3 and equivalents,56.8,20.9,22.3,44
borough,Merton,2018-19,Educ6,Level 4 or above,72.9,11.0,16.1,370
borough,Newham,2018-19,Educ6,Level 2 and equivalents,66.1,6.1,27.8,52
borough,Newham,2018-19,Educ6,Level 3 and equivalents,56.1,14.6,29.3,61
borough,Newham,2018-19,Educ6,Level 4 or above,66.0,10.7,23.3,266
borough,Newham,2018-19,Educ6,No qualifications,40.1,18.4,41.5,44
borough,Redbridge,2018-19,Educ6,Level 2 and equivalents,62.8,17.0,20.2,73
borough,Redbridge,2018-19,Educ6,Level 3 and equivalents,57.3,18.9,23.7,54
borough,Redbridge,2018-19,Educ6,Level 4 or above,68.6,10.9,20.5,281
borough,Richmond upon Thames,2018-19,Educ6,Level 2 and equivalents,60.2,13.2,26.6,36
borough,Richmond upon Thames,2018-19,Educ6,Level 3 and equivalents,72.5,16.1,11.5,34
borough,Richmond upon Thames,2018-19,Educ6,Level 4 or above,81.0,8.5,10.5,394
borough,Southwark,2018-19,Educ6,Level 2 and equivalents,65.1,14.4,20.4,47
borough,Southwark,2018-19,Educ6,Level 3 and equivalents,71.2,1.6,27.2,44
borough,Southwark,2018-19,Educ6,Level 4 or above,76.3,6.9,16.8,359
borough,Sutton,2018-19,Educ6,Level 2 and equivalents,65.8,12.8,21.4,84
borough,Sutton,2018-19,Educ6,Level 3 and equivalents,74.5,6.8,18.8,65
borough,Sutton,2018-19,Educ6,Level 4 or above,80.6,9.8,9.7,281
borough,Sutton,2018-19,Educ6,No qualifications,49.2,11.6,39.2,47
borough,Tower Hamlets,2018-19,Educ6,Level 2 and equivalents,52.6,7.5,39.9,47
borough,Tower Hamlets,2018-19,Educ6,Level 3 and equivalents,54.2,28.5,17.2,38
borough,Tower Hamlets,2018-19,Educ6,Level 4 or above,81.1,6.7,12.3,356
borough,Waltham Forest,2018-19,Educ6,Level 2 and equivalents,61.6,16.2,22.2,63
borough,Waltham Forest,2018-19,Educ6,Level 3 and equivalents,65.0,7.7,27.3,49
borough,Waltham Forest,2018-19,Educ6,Level 4 or above,78.7,10.8,10.5,299
borough,Wandsworth,2018-19,Educ6,Level 3 and equivalents,74.8,1.8,23.5,35
borough,Wandsworth,2018-19,Educ6,Level 4 or above,83.1,7.6,9.3,398
borough,Westminster,2018-19,Educ6,Level 3 and equivalents,56.7,2.9,40.4,35
borough,Westminster,2018-19,Educ6,Level 4 or above,74.8,9.7,15.4,383
London-wide,London-wide,2018-19,Eth7,Black,61.1,11.6,27.4,983
London-wide,London-wide,2018-19,Eth7,Chinese,67.6,16.3,16.0,265
London-wide,London-wide,2018-19,Eth7,Mixed,67.7,12.5,19.8,520
London-wide,London-wide,2018-19,Eth7,Other ethnic group,61.9,14.6,23.5,443
London-wide,London-wide,2018-19,Eth7,South Asian,55.8,13.1,31.2,1962
London-wide,London-wide,2018-19,Eth7,White British,73.1,10.4,16.5,8424
London-wide,London-wide,2018-19,Eth7,White Other,70.0,10.1,19.8,2431
borough,Barking and Dagenham,2018-19,Eth7,Black,61.6,16.4,21.9,99
borough,Barking and Dagenham,2018-19,Eth7,South Asian,43.0,7.3,49.7,95
borough,Barking and Dagenham,2018-19,Eth7,White British,57.3,7.7,35.1,186
borough,Barking and Dagenham,2018-19,Eth7,White Other,41.8,8.9,49.3,67
borough,Barnet,2018-19,Eth7,South Asian,42.2,18.3,39.5,66
borough,Barnet,2018-19,Eth7,White British,66.1,15.7,18.2,229
borough,Barnet,2018-19,Eth7,White Other,61.7,13.4,24.9,87
borough,Bexley,2018-19,Eth7,South Asian,63.3,7.7,29.0,32
borough,Bexley,2018-19,Eth7,White British,64.4,10.8,24.8,359
borough,Brent,2018-19,Eth7,Black,72.4,14.5,13.1,42
borough,Brent,2018-19,Eth7,South Asian,50.8,12.6,36.5,140
borough,Brent,2018-19,Eth7,White British,65.9,11.2,22.9,142
borough,Brent,2018-19,Eth7,White Other,58.2,9.9,31.8,87
borough,Bromley,2018-19,Eth7,White British,70.8,11.4,17.8,372
borough,Bromley,2018-19,Eth7,White Other,71.2,1.4,27.4,43
borough,Camden,2018-19,Eth7,South Asian,52.2,15.4,32.4,38
borough,Camden,2018-19,Eth7,White British,78.3,12.4,9.3,235
borough,Camden,2018-19,Eth7,White Other,78.8,7.9,13.4,107
borough,City of London,2018-19,Eth7,White British,84.0,6.1,9.9,165
borough,City of London,2018-19,Eth7,White Other,85.2,5.6,9.2,34
borough,Croydon,2018-19,Eth7,Black,60.8,11.0,28.2,52
borough,Croydon,2018-19,Eth7,South Asian,63.4,11.7,24.9,53
borough,Croydon,2018-19,Eth7,White British,66.1,12.7,21.2,270
borough,Croydon,2018-19,Eth7,White Other,57.0,16.3,26.7,48
borough,Ealing,2018-19,Eth7,Black,25.6,15.4,59.1,35
borough,Ealing,2018-19,Eth7,South Asian,54.3,18.6,27.0,95
borough,Ealing,2018-19,Eth7,White British,64.6,11.2,24.2,203
borough,Ealing,2018-19,Eth7,White Other,66.6,19.1,14.3,83
borough,Enfield,2018-19,Eth7,Black,64.8,17.7,17.5,40
borough,Enfield,2018-19,Eth7,South Asian,68.8,12.3,19.0,40
borough,Enfield,2018-19,Eth7,White British,71.7,12.0,16.3,240
borough,Enfield,2018-19,Eth7,White Other,71.8,11.3,16.9,62
borough,Greenwich,2018-19,Eth7,Black,47.6,17.9,34.5,50
borough,Greenwich,2018-19,Eth7,South Asian,73.3,12.9,13.8,33
borough,Greenwich,2018-19,Eth7,White British,71.6,12.1,16.3,271
borough,Greenwich,2018-19,Eth7,White Other,68.6,10.1,21.3,61
borough,Hackney,2018-19,Eth7,Black,64.6,17.6,17.8,40
borough,Hackney,2018-19,Eth7,South Asian,33.5,14.2,52.2,39
borough,Hackney,2018-19,Eth7,White British,78.4,8.5,13.2,239
borough,Hackney,2018-19,Eth7,White Other,76.9,6.9,16.2,114
borough,Hammersmith and Fulham,2018-19,Eth7,White British,81.1,5.8,13.1,264
borough,Hammersmith and Fulham,2018-19,Eth7,White Other,77.4,12.5,10.1,114
borough,Haringey,2018-19,Eth7,Black,55.2,12.6,32.2,39
borough,Haringey,2018-19,Eth7,South Asian,61.3,13.0,25.7,31
borough,Haringey,2018-19,Eth7,White British,79.1,10.4,10.5,256
borough,Haringey,2018-19,Eth7,White Other,78.8,8.2,13.1,94
borough,Harrow,2018-19,Eth7,South Asian,63.4,12.0,24.6,169
borough,Harrow,2018-19,Eth7,White British,70.2,11.9,17.9,180
borough,Harrow,2018-19,Eth7,White Other,58.2,7.3,34.5,56
borough,Havering,2018-19,Eth7,South Asian,49.2,18.3,32.4,36
borough,Havering,2018-19,Eth7,White British,65.8,11.8,22.3,388
borough,Havering,2018-19,Eth7,White Other,53.4,15.1,31.5,31
borough,Hillingdon,2018-19,Eth7,South Asian,40.9,15.0,44.2,123
borough,Hillingdon,2018-19,Eth7,White British,68.7,16.7,14.6,257
borough,Hillingdon,2018-19,Eth7,White Other,63.7,14.8,21.6,48
borough,Hounslow,2018-19,Eth7,South Asian,63.1,7.3,29.6,147
borough,Hounslow,2018-19,Eth7,White British,63.4,12.7,23.9,215
borough,Hounslow,2018-19,Eth7,White Other,71.8,14.4,13.8,66
borough,Islington,2018-19,Eth7,Black,71.4,4.9,23.7,31
borough,Islington,2018-19,Eth7,White British,81.5,6.6,12.0,250
borough,Islington,2018-19,Eth7,White Other,61.0,18.3,20.7,101
borough,Kensington and Chelsea,2018-19,Eth7,White British,74.8,7.5,17.7,231
borough,Kensington and Chelsea,2018-19,Eth7,White Other,74.2,9.8,16.0,118
borough,Kingston upon Thames,2018-19,Eth7,South Asian,43.5,31.9,24.6,33
borough,Kingston upon Thames,2018-19,Eth7,White British,77.6,8.6,13.8,338
borough,Kingston upon Thames,2018-19,Eth7,White Other,73.9,4.6,21.5,70
borough,Lambeth,2018-19,Eth7,Black,53.2,13.6,33.2,55
borough,Lambeth,2018-19,Eth7,White British,81.1,5.5,13.5,266
borough,Lambeth,2018-19,Eth7,White Other,70.7,6.3,23.0,86
borough,Lewisham,2018-19,Eth7,Black,66.5,15.2,18.3,51
borough,Lewisham,2018-19,Eth7,White British,75.5,10.0,14.5,287
borough,Lewisham,2018-19,Eth7,White Other,84.7,10.8,4.4,75
borough,Merton,2018-19,Eth7,South Asian,68.2,7.3,24.5,51
borough,Merton,2018-19,Eth7,White British,75.7,8.5,15.8,278
borough,Merton,2018-19,Eth7,White Other,65.4,11.7,22.9,79
borough,Newham,2018-19,Eth7,Black,65.7,2.9,31.5,64
borough,Newham,2018-19,Eth7,South Asian,46.7,17.1,36.2,146
borough,Newham,2018-19,Eth7,White British,69.6,9.0,21.4,125
borough,Newham,2018-19,Eth7,White Other,81.7,5.9,12.5,63
borough,Redbridge,2018-19,Eth7,Black,44.6,18.2,37.2,31
borough,Redbridge,2018-19,Eth7,South Asian,57.4,13.0,29.6,138
borough,Redbridge,2018-19,Eth7,White British,70.2,12.3,17.5,203
borough,Redbridge,2018-19,Eth7,White Other,49.2,12.0,38.8,45
borough,Richmond upon Thames,2018-19,Eth7,White British,77.9,9.2,12.9,377
borough,Richmond upon Thames,2018-19,Eth7,White Other,68.7,9.2,22.1,60
borough,Southwark,2018-19,Eth7,Black,53.4,5.0,41.6,49
borough,Southwark,2018-19,Eth7,White British,76.2,10.7,13.1,256
borough,Southwark,2018-19,Eth7,White Other,72.9,4.2,23.0,95
borough,Sutton,2018-19,Eth7,South Asian,82.3,6.7,10.9,42
borough,Sutton,2018-19,Eth7,White British,70.4,10.0,19.6,355
borough,Sutton,2018-19,Eth7,White Other,84.7,4.3,11.0,51
borough,Tower Hamlets,2018-19,Eth7,South Asian,48.1,14.8,37.2,126
borough,Tower Hamlets,2018-19,Eth7,White British,83.7,10.3,6.0,183
borough,Tower Hamlets,2018-19,Eth7,White Other,84.7,4.3,11.1,96
borough,Waltham Forest,2018-19,Eth7,Black,70.7,3.7,25.6,31
borough,Waltham Forest,2018-19,Eth7,South Asian,63.3,9.3,27.4,48
borough,Waltham Forest,2018-19,Eth7,White British,77.2,11.9,10.9,260
borough,Waltham Forest,2018-19,Eth7,White Other,71.1,11.1,17.8,58
borough,Wandsworth,2018-19,Eth7,White British,83.9,7.5,8.7,306
borough,Wandsworth,2018-19,Eth7,White Other,77.0,9.5,13.5,92
borough,Westminster,2018-19,Eth7,South Asian,65.0,14.6,20.4,47
borough,Westminster,2018-19,Eth7,White British,73.2,6.5,20.3,238
borough,Westminster,2018-19,Eth7,White Other,67.5,12.4,20.2,112
London-wide,London-wide,2018-19,Gend3,Female,64.4,12.4,23.2,9071
London-wide,London-wide,2018-19,Gend3,Male,69.4,10.3,20.3,6994
London-wide,London-wide,2018-19,Gend3,Other,44.7,18.7,36.6,50
borough,Barking and Dagenham,2018-19,Gend3,Female,47.7,13.1,39.2,292
borough,Barking and Dagenham,2018-19,Gend3,Male,52.9,7.1,40.0,201
borough,Barnet,2018-19,Gend3,Female,57.5,18.1,24.4,258
borough,Barnet,2018-19,Gend3,Male,64.4,12.3,23.4,208
borough,Bexley,2018-19,Gend3,Female,62.7,13.3,24.0,297
borough,Bexley,2018-19,Gend3,Male,66.0,7.2,26.8,189
borough,Brent,2018-19,Gend3,Female,56.6,15.1,28.3,271
borough,Brent,2018-19,Gend3,Male,58.6,9.1,32.3,228
borough,Bromley,2018-19,Gend3,Female,65.6,10.6,23.8,271
borough,Bromley,2018-19,Gend3,Male,76.1,9.0,15.0,216
borough,Camden,2018-19,Gend3,Female,66.6,12.3,21.1,281
borough,Camden,2018-19,Gend3,Male,73.0,15.3,11.7,208
borough,City of London,2018-19,Gend3,Female,78.2,7.8,13.9,132
borough,City of London,2018-19,Gend3,Male,86.5,4.7,8.8,127
borough,Croydon,2018-19,Gend3,Female,63.5,14.6,21.9,290
borough,Croydon,2018-19,Gend3,Male,62.3,12.8,24.9,191
borough,Ealing,2018-19,Gend3,Female,56.7,15.2,28.2,271
borough,Ealing,2018-19,Gend3,Male,61.9,15.7,22.4,216
borough,Enfield,2018-19,Gend3,Female,64.8,13.9,21.3,296
borough,Enfield,2018-19,Gend3,Male,73.3,11.2,15.4,193
borough,Greenwich,2018-19,Gend3,Female,60.3,15.5,24.2,274
borough,Greenwich,2018-19,Gend3,Male,66.7,12.7,20.6,210
borough,Hackney,2018-19,Gend3,Female,69.0,8.9,22.1,297
borough,Hackney,2018-19,Gend3,Male,65.8,11.7,22.5,198
borough,Hammersmith and Fulham,2018-19,Gend3,Female,69.8,9.5,20.7,298
borough,Hammersmith and Fulham,2018-19,Gend3,Male,77.5,7.6,14.9,204
borough,Haringey,2018-19,Gend3,Female,65.6,13.3,21.1,284
borough,Haringey,2018-19,Gend3,Male,73.4,8.2,18.4,207
borough,Harrow,2018-19,Gend3,Female,56.4,12.9,30.8,248
borough,Harrow,2018-19,Gend3,Male,69.6,11.6,18.8,234
borough,Havering,2018-19,Gend3,Female,65.8,14.1,20.1,299
borough,Havering,2018-19,Gend3,Male,64.0,9.2,26.9,207
borough,Hillingdon,2018-19,Gend3,Female,56.0,18.6,25.5,267
borough,Hillingdon,2018-19,Gend3,Male,62.7,13.0,24.3,236
borough,Hounslow,2018-19,Gend3,Female,62.5,12.3,25.2,273
borough,Hounslow,2018-19,Gend3,Male,65.8,11.3,22.9,247
borough,Islington,2018-19,Gend3,Female,71.6,9.6,18.9,279
borough,Islington,2018-19,Gend3,Male,79.1,6.3,14.5,207
borough,Kensington and Chelsea,2018-19,Gend3,Female,67.7,9.9,22.3,267
borough,Kensington and Chelsea,2018-19,Gend3,Male,71.2,9.4,19.4,212
borough,Kingston upon Thames,2018-19,Gend3,Female,69.4,14.0,16.6,271
borough,Kingston upon Thames,2018-19,Gend3,Male,73.0,12.2,14.8,230
borough,Lambeth,2018-19,Gend3,Female,68.4,10.9,20.8,287
borough,Lambeth,2018-19,Gend3,Male,78.8,5.9,15.3,211
borough,Lewisham,2018-19,Gend3,Female,68.9,9.6,21.5,289
borough,Lewisham,2018-19,Gend3,Male,77.0,9.9,13.1,221
borough,Merton,2018-19,Gend3,Female,67.4,14.7,17.9,290
borough,Merton,2018-19,Gend3,Male,71.0,9.1,19.9,215
borough,Newham,2018-19,Gend3,Female,58.2,12.8,29.0,268
borough,Newham,2018-19,Gend3,Male,59.6,10.9,29.6,208
borough,Redbridge,2018-19,Gend3,Female,55.2,13.6,31.2,288
borough,Redbridge,2018-19,Gend3,Male,68.0,15.3,16.7,197
borough,Richmond upon Thames,2018-19,Gend3,Female,70.0,9.8,20.1,269
borough,Richmond upon Thames,2018-19,Gend3,Male,79.3,9.3,11.3,236
borough,Southwark,2018-19,Gend3,Female,71.6,5.4,23.0,291
borough,Southwark,2018-19,Gend3,Male,68.5,9.3,22.2,208
borough,Sutton,2018-19,Gend3,Female,67.3,15.1,17.6,289
borough,Sutton,2018-19,Gend3,Male,74.8,7.6,17.6,243
borough,Tower Hamlets,2018-19,Gend3,Female,64.9,10.5,24.6,270
borough,Tower Hamlets,2018-19,Gend3,Male,69.9,10.2,19.9,234
borough,Waltham Forest,2018-19,Gend3,Female,67.4,12.5,20.1,278
borough,Waltham Forest,2018-19,Gend3,Male,71.9,7.8,20.2,193
borough,Wandsworth,2018-19,Gend3,Female,79.9,8.5,11.6,292
borough,Wandsworth,2018-19,Gend3,Male,79.1,7.1,13.8,202
borough,Westminster,2018-19,Gend3,Female,68.3,7.1,24.6,244
borough,Westminster,2018-19,Gend3,Male,73.1,9.6,17.3,257
London-wide,London-wide,2018-19,IMD10,IMD decile 1,57.5,10.9,31.6,1880
London-wide,London-wide,2018-19,IMD10,IMD decile 10,71.1,12.1,16.8,561
London-wide,London-wide,2018-19,IMD10,IMD decile 2,64.1,10.9,24.9,3220
London-wide,London-wide,2018-19,IMD10,IMD decile 3,67.3,11.4,21.3,2341
London-wide,London-wide,2018-19,IMD10,IMD decile 4,71.2,10.6,18.2,1810
London-wide,London-wide,2018-19,IMD10,IMD decile 5,67.3,13.4,19.3,1532
London-wide,London-wide,2018-19,IMD10,IMD decile 6,67.9,12.5,19.7,1437
London-wide,London-wide,2018-19,IMD10,IMD decile 7,71.3,10.5,18.1,1197
London-wide,London-wide,2018-19,IMD10,IMD decile 8,73.0,10.2,16.8,1031
London-wide,London-wide,2018-19,IMD10,IMD decile 9,71.1,12.6,16.3,1139
borough,Barking and Dagenham,2018-19,IMD10,IMD decile 1,46.3,11.8,41.8,129
borough,Barking and Dagenham,2018-19,IMD10,IMD decile 2,51.5,10.9,37.6,259
borough,Barking and Dagenham,2018-19,IMD10,IMD decile 3,50.9,6.0,43.1,77
borough,Barnet,2018-19,IMD10,IMD decile 2,59.7,13.9,26.4,62
borough,Barnet,2018-19,IMD10,IMD decile 3,50.5,12.9,36.6,41
borough,Barnet,2018-19,IMD10,IMD decile 4,69.4,7.0,23.6,69
borough,Barnet,2018-19,IMD10,IMD decile 5,43.8,29.1,27.2,55
borough,Barnet,2018-19,IMD10,IMD decile 6,61.9,20.8,17.2,71
borough,Barnet,2018-19,IMD10,IMD decile 7,72.6,1.9,25.5,83
borough,Barnet,2018-19,IMD10,IMD decile 8,45.2,26.9,27.8,44
borough,Bexley,2018-19,IMD10,IMD decile 10,54.0,22.0,24.0,32
borough,Bexley,2018-19,IMD10,IMD decile 2,45.1,14.3,40.6,66
borough,Bexley,2018-19,IMD10,IMD decile 3,61.6,4.5,34.0,40
borough,Bexley,2018-19,IMD10,IMD decile 4,75.0,8.9,16.1,43
borough,Bexley,2018-19,IMD10,IMD decile 6,63.4,7.7,28.8,73
borough,Bexley,2018-19,IMD10,IMD decile 7,61.8,13.1,25.1,55
borough,Bexley,2018-19,IMD10,IMD decile 8,62.1,13.5,24.4,61
borough,Bexley,2018-19,IMD10,IMD decile 9,76.3,7.4,16.2,88
borough,Brent,2018-19,IMD10,IMD decile 1,66.2,15.4,18.4,50
borough,Brent,2018-19,IMD10,IMD decile 2,47.5,13.2,39.3,109
borough,Brent,2018-19,IMD10,IMD decile 3,69.9,9.5,20.6,110
borough,Brent,2018-19,IMD10,IMD decile 4,57.3,11.5,31.2,126
borough,Brent,2018-19,IMD10,IMD decile 5,44.6,17.1,38.3,57
borough,Brent,2018-19,IMD10,IMD decile 6,63.7,4.7,31.6,35
borough,Bromley,2018-19,IMD10,IMD decile 10,75.7,5.8,18.6,90
borough,Bromley,2018-19,IMD10,IMD decile 3,73.7,5.6,20.7,48
borough,Bromley,2018-19,IMD10,IMD decile 6,56.4,4.4,39.2,78
borough,Bromley,2018-19,IMD10,IMD decile 7,64.7,16.6,18.7,43
borough,Bromley,2018-19,IMD10,IMD decile 8,86.8,5.5,7.7,64
borough,Bromley,2018-19,IMD10,IMD decile 9,79.0,8.8,12.2,78
borough,Camden,2018-19,IMD10,IMD decile 1,60.6,8.1,31.3,61
borough,Camden,2018-19,IMD10,IMD decile 2,77.2,8.3,14.4,130
borough,Camden,2018-19,IMD10,IMD decile 3,55.8,22.6,21.6,59
borough,Camden,2018-19,IMD10,IMD decile 4,72.8,12.8,14.4,70
borough,Camden,2018-19,IMD10,IMD decile 5,83.0,9.7,7.2,54
borough,Camden,2018-19,IMD10,IMD decile 6,69.9,24.6,5.5,37
borough,Camden,2018-19,IMD10,IMD decile 8,63.5,19.6,16.9,49
borough,City of London,2018-19,IMD10,IMD decile 4,74.0,4.9,21.0,57
borough,City of London,2018-19,IMD10,IMD decile 5,93.2,0.0,6.8,31
borough,City of London,2018-19,IMD10,IMD decile 9,84.5,8.0,7.5,134
borough,Croydon,2018-19,IMD10,IMD decile 1,40.5,15.7,43.8,40
borough,Croydon,2018-19,IMD10,IMD decile 2,57.7,17.3,25.0,77
borough,Croydon,2018-19,IMD10,IMD decile 3,67.5,14.2,18.3,93
borough,Croydon,2018-19,IMD10,IMD decile 4,72.8,12.8,14.4,55
borough,Croydon,2018-19,IMD10,IMD decile 5,59.8,13.3,26.9,54
borough,Croydon,2018-19,IMD10,IMD decile 7,71.6,7.5,20.9,45
borough,Croydon,2018-19,IMD10,IMD decile 8,72.2,9.2,18.7,39
borough,Croydon,2018-19,IMD10,IMD decile 9,58.7,15.3,25.9,42
borough,Ealing,2018-19,IMD10,IMD decile 1,50.0,8.6,41.4,53
borough,Ealing,2018-19,IMD10,IMD decile 2,43.8,26.3,29.9,114
borough,Ealing,2018-19,IMD10,IMD decile 3,71.3,9.6,19.1,74
borough,Ealing,2018-19,IMD10,IMD decile 4,69.0,6.3,24.8,51
borough,Ealing,2018-19,IMD10,IMD decile 5,66.3,18.4,15.2,75
borough,Ealing,2018-19,IMD10,IMD decile 6,59.7,14.4,25.9,30
borough,Ealing,2018-19,IMD10,IMD decile 8,76.3,6.2,17.5,45
borough,Ealing,2018-19,IMD10,IMD decile 9,80.1,11.2,8.6,33
borough,Enfield,2018-19,IMD10,IMD decile 1,55.6,9.5,34.9,59
borough,Enfield,2018-19,IMD10,IMD decile 2,71.0,13.4,15.6,107
borough,Enfield,2018-19,IMD10,IMD decile 3,50.3,21.8,27.9,50
borough,Enfield,2018-19,IMD10,IMD decile 4,70.6,7.9,21.5,65
borough,Enfield,2018-19,IMD10,IMD decile 5,81.5,10.7,7.9,56
borough,Enfield,2018-19,IMD10,IMD decile 6,75.3,13.0,11.7,57
borough,Enfield,2018-19,IMD10,IMD decile 7,71.0,16.5,12.5,55
borough,Greenwich,2018-19,IMD10,IMD decile 1,59.0,13.6,27.4,44
borough,Greenwich,2018-19,IMD10,IMD decile 2,49.4,17.0,33.6,110
borough,Greenwich,2018-19,IMD10,IMD decile 3,61.6,9.8,28.7,98
borough,Greenwich,2018-19,IMD10,IMD decile 4,60.1,28.7,11.3,57
borough,Greenwich,2018-19,IMD10,IMD decile 5,76.7,7.9,15.4,79
borough,Greenwich,2018-19,IMD10,IMD decile 6,78.1,8.8,13.2,50
borough,Greenwich,2018-19,IMD10,IMD decile 7,79.6,10.8,9.7,31
borough,Hackney,2018-19,IMD10,IMD decile 1,58.6,11.5,30.0,162
borough,Hackney,2018-19,IMD10,IMD decile 2,73.8,7.8,18.4,216
borough,Hackney,2018-19,IMD10,IMD decile 3,70.8,7.6,21.6,76
borough,Hackney,2018-19,IMD10,IMD decile 4,65.4,20.4,14.3,35
borough,Hammersmith and Fulham,2018-19,IMD10,IMD decile 1,60.0,15.6,24.4,58
borough,Hammersmith and Fulham,2018-19,IMD10,IMD decile 2,72.0,6.9,21.1,102
borough,Hammersmith and Fulham,2018-19,IMD10,IMD decile 3,68.7,7.8,23.5,81
borough,Hammersmith and Fulham,2018-19,IMD10,IMD decile 4,76.7,10.9,12.4,84
borough,Hammersmith and Fulham,2018-19,IMD10,IMD decile 5,73.2,7.4,19.4,64
borough,Hammersmith and Fulham,2018-19,IMD10,IMD decile 6,89.8,1.4,8.8,35
borough,Hammersmith and Fulham,2018-19,IMD10,IMD decile 7,79.7,8.7,11.7,57
borough,Haringey,2018-19,IMD10,IMD decile 1,51.7,16.9,31.5,121
borough,Haringey,2018-19,IMD10,IMD decile 2,69.8,9.9,20.3,103
borough,Haringey,2018-19,IMD10,IMD decile 3,70.5,11.8,17.6,85
borough,Haringey,2018-19,IMD10,IMD decile 4,87.7,4.8,7.5,30
borough,Haringey,2018-19,IMD10,IMD decile 5,77.9,4.9,17.2,52
borough,Haringey,2018-19,IMD10,IMD decile 6,78.6,9.5,11.8,42
borough,Haringey,2018-19,IMD10,IMD decile 8,75.9,12.9,11.2,37
borough,Harrow,2018-19,IMD10,IMD decile 10,57.0,19.8,23.1,43
borough,Harrow,2018-19,IMD10,IMD decile 4,80.8,8.5,10.8,57
borough,Harrow,2018-19,IMD10,IMD decile 5,65.7,8.7,25.6,73
borough,Harrow,2018-19,IMD10,IMD decile 6,59.0,9.7,31.3,91
borough,Harrow,2018-19,IMD10,IMD decile 7,56.2,11.3,32.5,92
borough,Harrow,2018-19,IMD10,IMD decile 8,77.5,4.8,17.7,33
borough,Harrow,2018-19,IMD10,IMD decile 9,60.4,25.0,14.6,60
borough,Havering,2018-19,IMD10,IMD decile 10,59.7,7.2,33.1,32
borough,Havering,2018-19,IMD10,IMD decile 2,60.3,10.4,29.3,61
borough,Havering,2018-19,IMD10,IMD decile 3,76.1,5.0,18.9,41
borough,Havering,2018-19,IMD10,IMD decile 4,65.5,17.4,17.1,47
borough,Havering,2018-19,IMD10,IMD decile 5,63.2,13.9,22.8,56
borough,Havering,2018-19,IMD10,IMD decile 6,68.4,14.3,17.3,67
borough,Havering,2018-19,IMD10,IMD decile 7,61.9,7.0,31.2,65
borough,Havering,2018-19,IMD10,IMD decile 8,67.5,14.3,18.2,54
borough,Havering,2018-19,IMD10,IMD decile 9,64.9,13.2,21.9,58
borough,Hillingdon,2018-19,IMD10,IMD decile 10,73.0,6.8,20.2,38
borough,Hillingdon,2018-19,IMD10,IMD decile 2,59.2,11.4,29.4,85
borough,Hillingdon,2018-19,IMD10,IMD decile 3,74.1,11.4,14.5,63
borough,Hillingdon,2018-19,IMD10,IMD decile 4,45.3,19.5,35.2,66
borough,Hillingdon,2018-19,IMD10,IMD decile 5,49.3,22.9,27.9,51
borough,Hillingdon,2018-19,IMD10,IMD decile 6,65.5,11.4,23.1,41
borough,Hillingdon,2018-19,IMD10,IMD decile 7,63.8,21.6,14.5,49
borough,Hillingdon,2018-19,IMD10,IMD decile 8,63.3,6.9,29.8,47
borough,Hillingdon,2018-19,IMD10,IMD decile 9,62.5,18.2,19.3,64
borough,Hounslow,2018-19,IMD10,IMD decile 2,56.7,11.2,32.1,86
borough,Hounslow,2018-19,IMD10,IMD decile 3,59.9,13.0,27.1,117
borough,Hounslow,2018-19,IMD10,IMD decile 4,69.8,8.0,22.2,87
borough,Hounslow,2018-19,IMD10,IMD decile 5,65.8,12.0,22.2,107
borough,Hounslow,2018-19,IMD10,IMD decile 6,75.2,14.3,10.6,53
borough,Hounslow,2018-19,IMD10,IMD decile 7,66.9,18.8,14.3,34
borough,Islington,2018-19,IMD10,IMD decile 1,67.5,7.1,25.3,140
borough,Islington,2018-19,IMD10,IMD decile 2,74.4,10.4,15.2,148
borough,Islington,2018-19,IMD10,IMD decile 3,84.0,4.0,12.0,125
borough,Islington,2018-19,IMD10,IMD decile 4,76.2,10.7,13.0,44
borough,Kensington and Chelsea,2018-19,IMD10,IMD decile 1,57.2,9.0,33.8,86
borough,Kensington and Chelsea,2018-19,IMD10,IMD decile 2,70.7,2.2,27.1,61
borough,Kensington and Chelsea,2018-19,IMD10,IMD decile 3,57.9,21.8,20.4,81
borough,Kensington and Chelsea,2018-19,IMD10,IMD decile 4,83.8,3.6,12.6,33
borough,Kensington and Chelsea,2018-19,IMD10,IMD decile 5,89.4,2.5,8.1,59
borough,Kensington and Chelsea,2018-19,IMD10,IMD decile 6,69.4,10.5,20.1,71
borough,Kensington and Chelsea,2018-19,IMD10,IMD decile 7,76.8,10.8,12.3,72
borough,Kingston upon Thames,2018-19,IMD10,IMD decile 10,72.9,8.1,18.9,64
borough,Kingston upon Thames,2018-19,IMD10,IMD decile 5,54.1,33.9,12.0,45
borough,Kingston upon Thames,2018-19,IMD10,IMD decile 6,61.5,19.1,19.3,68
borough,Kingston upon Thames,2018-19,IMD10,IMD decile 7,74.2,11.7,14.1,103
borough,Kingston upon Thames,2018-19,IMD10,IMD decile 8,73.4,12.3,14.3,82
borough,Kingston upon Thames,2018-19,IMD10,IMD decile 9,83.1,5.4,11.5,100
borough,Lambeth,2018-19,IMD10,IMD decile 1,65.4,9.5,25.1,58
borough,Lambeth,2018-19,IMD10,IMD decile 2,68.0,3.7,28.3,161
borough,Lambeth,2018-19,IMD10,IMD decile 3,74.5,15.4,10.0,126
borough,Lambeth,2018-19,IMD10,IMD decile 4,81.8,4.7,13.5,75
borough,Lambeth,2018-19,IMD10,IMD decile 5,70.6,10.2,19.2,47
borough,Lewisham,2018-19,IMD10,IMD decile 1,70.6,8.2,21.2,61
borough,Lewisham,2018-19,IMD10,IMD decile 2,72.3,10.3,17.4,154
borough,Lewisham,2018-19,IMD10,IMD decile 3,76.8,3.7,19.5,106
borough,Lewisham,2018-19,IMD10,IMD decile 4,78.0,9.7,12.3,97
borough,Lewisham,2018-19,IMD10,IMD decile 5,54.3,17.1,28.6,41
borough,Lewisham,2018-19,IMD10,IMD decile 6,61.6,21.8,16.6,37
borough,Merton,2018-19,IMD10,IMD decile 10,73.8,15.5,10.7,77
borough,Merton,2018-19,IMD10,IMD decile 2,81.0,7.0,12.0,31
borough,Merton,2018-19,IMD10,IMD decile 3,72.8,10.6,16.5,44
borough,Merton,2018-19,IMD10,IMD decile 5,72.2,9.7,18.1,43
borough,Merton,2018-19,IMD10,IMD decile 6,56.7,14.8,28.5,67
borough,Merton,2018-19,IMD10,IMD decile 7,73.5,11.8,14.6,47
borough,Merton,2018-19,IMD10,IMD decile 8,74.4,12.2,13.3,71
borough,Merton,2018-19,IMD10,IMD decile 9,60.7,12.5,26.7,105
borough,Newham,2018-19,IMD10,IMD decile 1,52.1,13.6,34.3,132
borough,Newham,2018-19,IMD10,IMD decile 2,63.1,12.6,24.3,230
borough,Newham,2018-19,IMD10,IMD decile 3,54.0,7.1,38.9,93
borough,Redbridge,2018-19,IMD10,IMD decile 2,49.8,13.8,36.4,51
borough,Redbridge,2018-19,IMD10,IMD decile 3,51.6,16.9,31.6,110
borough,Redbridge,2018-19,IMD10,IMD decile 4,66.8,9.3,24.0,77
borough,Redbridge,2018-19,IMD10,IMD decile 5,61.8,16.2,22.0,79
borough,Redbridge,2018-19,IMD10,IMD decile 6,60.1,26.3,13.7,44
borough,Redbridge,2018-19,IMD10,IMD decile 7,73.9,5.9,20.2,60
borough,Redbridge,2018-19,IMD10,IMD decile 8,85.6,0.0,14.4,31
borough,Richmond upon Thames,2018-19,IMD10,IMD decile 10,83.9,2.3,13.8,71
borough,Richmond upon Thames,2018-19,IMD10,IMD decile 6,83.4,7.2,9.4,50
borough,Richmond upon Thames,2018-19,IMD10,IMD decile 7,72.2,8.5,19.3,60
borough,Richmond upon Thames,2018-19,IMD10,IMD decile 8,77.3,9.6,13.0,130
borough,Richmond upon Thames,2018-19,IMD10,IMD decile 9,69.6,14.0,16.4,145
borough,Southwark,2018-19,IMD10,IMD decile 1,56.2,10.2,33.6,91
borough,Southwark,2018-19,IMD10,IMD decile 2,65.5,4.9,29.6,158
borough,Southwark,2018-19,IMD10,IMD decile 3,80.3,7.1,12.6,65
borough,Southwark,2018-19,IMD10,IMD decile 4,74.7,7.2,18.1,81
borough,Southwark,2018-19,IMD10,IMD decile 5,82.8,8.9,8.4,31
borough,Sutton,2018-19,IMD10,IMD decile 10,68.4,18.5,13.1,56
borough,Sutton,2018-19,IMD10,IMD decile 2,54.6,7.3,38.1,35
borough,Sutton,2018-19,IMD10,IMD decile 3,57.4,20.2,22.4,38
borough,Sutton,2018-19,IMD10,IMD decile 4,80.0,2.8,17.1,47
borough,Sutton,2018-19,IMD10,IMD decile 5,76.5,11.5,11.9,45
borough,Sutton,2018-19,IMD10,IMD decile 6,77.7,12.3,10.1,80
borough,Sutton,2018-19,IMD10,IMD decile 7,74.1,11.1,14.8,60
borough,Sutton,2018-19,IMD10,IMD decile 8,77.7,6.1,16.2,74
borough,Sutton,2018-19,IMD10,IMD decile 9,69.5,10.0,20.5,85
borough,Tower Hamlets,2018-19,IMD10,IMD decile 1,63.2,8.8,28.0,229
borough,Tower Hamlets,2018-19,IMD10,IMD decile 2,76.4,6.6,17.0,118
borough,Tower Hamlets,2018-19,IMD10,IMD decile 3,62.5,25.6,11.8,71
borough,Tower Hamlets,2018-19,IMD10,IMD decile 4,79.8,4.5,15.7,39
borough,Tower Hamlets,2018-19,IMD10,IMD decile 6,67.3,4.5,28.2,30
borough,Waltham Forest,2018-19,IMD10,IMD decile 1,58.6,5.0,36.4,61
borough,Waltham Forest,2018-19,IMD10,IMD decile 2,71.6,6.1,22.2,176
borough,Waltham Forest,2018-19,IMD10,IMD decile 3,67.7,16.0,16.2,117
borough,Waltham Forest,2018-19,IMD10,IMD decile 4,77.8,16.4,5.8,75
borough,Wandsworth,2018-19,IMD10,IMD decile 2,72.8,8.9,18.3,45
borough,Wandsworth,2018-19,IMD10,IMD decile 3,85.1,4.3,10.6,79
borough,Wandsworth,2018-19,IMD10,IMD decile 4,87.4,5.1,7.5,66
borough,Wandsworth,2018-19,IMD10,IMD decile 5,79.6,9.7,10.7,68
borough,Wandsworth,2018-19,IMD10,IMD decile 6,74.6,13.1,12.3,79
borough,Wandsworth,2018-19,IMD10,IMD decile 7,88.1,3.4,8.5,48
borough,Wandsworth,2018-19,IMD10,IMD decile 8,81.2,1.5,17.4,44
borough,Wandsworth,2018-19,IMD10,IMD decile 9,74.3,13.7,11.9,49
borough,Westminster,2018-19,IMD10,IMD decile 1,60.3,10.0,29.7,102
borough,Westminster,2018-19,IMD10,IMD decile 2,78.3,6.8,15.0,108
borough,Westminster,2018-19,IMD10,IMD decile 3,72.2,12.6,15.2,83
borough,Westminster,2018-19,IMD10,IMD decile 4,77.7,5.1,17.2,56
borough,Westminster,2018-19,IMD10,IMD decile 5,70.2,6.4,23.3,81
borough,Westminster,2018-19,IMD10,IMD decile 6,65.7,9.0,25.3,46
London-wide,London-wide,2018-19,LondInOut,Inner London,70.4,9.7,19.9,6721
London-wide,London-wide,2018-19,LondInOut,Outer London,64.2,12.6,23.2,9427
borough,Barking and Dagenham,2018-19,LondInOut,Outer London,50.1,10.3,39.6,494
borough,Barnet,2018-19,LondInOut,Outer London,60.7,15.1,24.2,471
borough,Bexley,2018-19,LondInOut,Outer London,63.9,10.6,25.5,489
borough,Brent,2018-19,LondInOut,Outer London,57.6,12.1,30.4,502
borough,Bromley,2018-19,LondInOut,Outer London,70.6,9.8,19.6,487
borough,Camden,2018-19,LondInOut,Inner London,69.6,13.7,16.7,491
borough,City of London,2018-19,LondInOut,Inner London,82.6,6.2,11.2,259
borough,Croydon,2018-19,LondInOut,Outer London,62.8,13.7,23.6,487
borough,Ealing,2018-19,LondInOut,Outer London,59.1,15.7,25.2,490
borough,Enfield,2018-19,LondInOut,Outer London,68.5,12.6,18.8,492
borough,Greenwich,2018-19,LondInOut,Outer London,63.7,14.0,22.3,486
borough,Hackney,2018-19,LondInOut,Inner London,67.6,10.2,22.3,497
borough,Hammersmith and Fulham,2018-19,LondInOut,Inner London,73.1,8.9,18.1,506
borough,Haringey,2018-19,LondInOut,Inner London,68.9,11.4,19.8,495
borough,Harrow,2018-19,LondInOut,Outer London,63.9,12.1,24.0,482
borough,Havering,2018-19,LondInOut,Outer London,64.9,11.9,23.2,507
borough,Hillingdon,2018-19,LondInOut,Outer London,60.1,15.3,24.6,506
borough,Hounslow,2018-19,LondInOut,Outer London,64.4,11.7,23.9,523
borough,Islington,2018-19,LondInOut,Inner London,75.3,8.1,16.6,491
borough,Kensington and Chelsea,2018-19,LondInOut,Inner London,69.6,9.6,20.8,481
borough,Kingston upon Thames,2018-19,LondInOut,Outer London,71.3,13.1,15.7,502
borough,Lambeth,2018-19,LondInOut,Inner London,72.9,8.5,18.6,499
borough,Lewisham,2018-19,LondInOut,Inner London,72.2,9.7,18.1,512
borough,Merton,2018-19,LondInOut,Outer London,68.6,12.0,19.4,511
borough,Newham,2018-19,LondInOut,Inner London,58.6,12.0,29.4,481
borough,Redbridge,2018-19,LondInOut,Outer London,60.3,14.9,24.8,486
borough,Richmond upon Thames,2018-19,LondInOut,Outer London,75.1,9.6,15.3,506
borough,Southwark,2018-19,LondInOut,Inner London,70.1,7.1,22.8,503
borough,Sutton,2018-19,LondInOut,Outer London,71.3,10.9,17.8,534
borough,Tower Hamlets,2018-19,LondInOut,Inner London,67.9,10.3,21.8,510
borough,Waltham Forest,2018-19,LondInOut,Outer London,69.4,10.3,20.2,472
borough,Wandsworth,2018-19,LondInOut,Inner London,79.6,7.8,12.6,495
borough,Westminster,2018-19,LondInOut,Inner London,71.1,8.5,20.4,501
London-wide,London-wide,2018-19,Maternity_pop,No,66.9,11.4,21.7,14596
London-wide,London-wide,2018-19,Maternity_pop,Yes,65.4,11.0,23.6,1552
London-wide,London-wide,2018-19,NSSEC5,Aged <16 or 75+,47.3,13.3,39.3,1230
London-wide,London-wide,2018-19,NSSEC5,NS SEC 1-2: Higher social groups,75.1,10.1,14.8,9331
London-wide,London-wide,2018-19,NSSEC5,NS SEC 3-5: Middle social groups,64.2,13.1,22.7,2729
London-wide,London-wide,2018-19,NSSEC5,NS SEC 6-8: Lower social groups,52.6,12.4,35.0,1451
London-wide,London-wide,2018-19,NSSEC5,NS SEC 9: Students and other/unclassified,69.6,10.9,19.5,1407
borough,Barking and Dagenham,2018-19,NSSEC5,Aged <16 or 75+,28.8,8.8,62.4,34
borough,Barking and Dagenham,2018-19,NSSEC5,NS SEC 1-2: Higher social groups,55.0,13.3,31.7,195
borough,Barking and Dagenham,2018-19,NSSEC5,NS SEC 3-5: Middle social groups,58.7,10.5,30.8,114
borough,Barking and Dagenham,2018-19,NSSEC5,NS SEC 6-8: Lower social groups,39.1,9.1,51.8,95
borough,Barking and Dagenham,2018-19,NSSEC5,NS SEC 9: Students and other/unclassified,54.2,7.9,37.9,56
borough,Barnet,2018-19,NSSEC5,Aged <16 or 75+,50.7,17.0,32.3,45
borough,Barnet,2018-19,NSSEC5,NS SEC 1-2: Higher social groups,67.6,13.1,19.3,269
borough,Barnet,2018-19,NSSEC5,NS SEC 3-5: Middle social groups,55.2,27.0,17.8,78
borough,Barnet,2018-19,NSSEC5,NS SEC 6-8: Lower social groups,37.5,13.6,48.8,42
borough,Barnet,2018-19,NSSEC5,NS SEC 9: Students and other/unclassified,78.0,6.4,15.6,37
borough,Bexley,2018-19,NSSEC5,Aged <16 or 75+,59.5,6.9,33.6,31
borough,Bexley,2018-19,NSSEC5,NS SEC 1-2: Higher social groups,78.5,6.5,15.0,239
borough,Bexley,2018-19,NSSEC5,NS SEC 3-5: Middle social groups,60.3,13.3,26.5,118
borough,Bexley,2018-19,NSSEC5,NS SEC 6-8: Lower social groups,38.9,14.4,46.7,55
borough,Bexley,2018-19,NSSEC5,NS SEC 9: Students and other/unclassified,68.8,11.6,19.6,46
borough,Brent,2018-19,NSSEC5,Aged <16 or 75+,32.5,8.1,59.4,37
borough,Brent,2018-19,NSSEC5,NS SEC 1-2: Higher social groups,65.2,13.5,21.3,274
borough,Brent,2018-19,NSSEC5,NS SEC 3-5: Middle social groups,44.5,14.8,40.8,78
borough,Brent,2018-19,NSSEC5,NS SEC 6-8: Lower social groups,58.3,11.4,30.3,53
borough,Brent,2018-19,NSSEC5,NS SEC 9: Students and other/unclassified,62.6,9.1,28.3,60
borough,Bromley,2018-19,NSSEC5,Aged <16 or 75+,49.5,15.4,35.1,46
borough,Bromley,2018-19,NSSEC5,NS SEC 1-2: Higher social groups,77.2,8.5,14.3,294
borough,Bromley,2018-19,NSSEC5,NS SEC 3-5: Middle social groups,69.9,11.4,18.6,93
borough,Bromley,2018-19,NSSEC5,NS SEC 6-8: Lower social groups,50.8,9.6,39.6,30
borough,Camden,2018-19,NSSEC5,Aged <16 or 75+,50.9,16.9,32.2,58
borough,Camden,2018-19,NSSEC5,NS SEC 1-2: Higher social groups,78.4,12.5,9.2,287
borough,Camden,2018-19,NSSEC5,NS SEC 3-5: Middle social groups,83.0,1.3,15.6,48
borough,Camden,2018-19,NSSEC5,NS SEC 6-8: Lower social groups,45.9,13.8,40.3,33
borough,Camden,2018-19,NSSEC5,NS SEC 9: Students and other/unclassified,66.1,18.9,14.9,65
borough,City of London,2018-19,NSSEC5,NS SEC 1-2: Higher social groups,82.7,7.9,9.4,187
borough,Croydon,2018-19,NSSEC5,Aged <16 or 75+,46.6,18.3,35.1,50
borough,Croydon,2018-19,NSSEC5,NS SEC 1-2: Higher social groups,73.6,10.2,16.2,246
borough,Croydon,2018-19,NSSEC5,NS SEC 3-5: Middle social groups,64.9,12.8,22.3,99
borough,Croydon,2018-19,NSSEC5,NS SEC 6-8: Lower social groups,47.5,16.7,35.8,49
borough,Croydon,2018-19,NSSEC5,NS SEC 9: Students and other/unclassified,61.8,17.3,21.0,43
borough,Ealing,2018-19,NSSEC5,Aged <16 or 75+,50.2,15.0,34.7,45
borough,Ealing,2018-19,NSSEC5,NS SEC 1-2: Higher social groups,75.4,8.9,15.7,254
borough,Ealing,2018-19,NSSEC5,NS SEC 3-5: Middle social groups,50.5,19.1,30.5,87
borough,Ealing,2018-19,NSSEC5,NS SEC 6-8: Lower social groups,48.5,25.0,26.5,62
borough,Ealing,2018-19,NSSEC5,NS SEC 9: Students and other/unclassified,56.4,12.7,30.9,42
borough,Enfield,2018-19,NSSEC5,Aged <16 or 75+,40.2,14.3,45.5,50
borough,Enfield,2018-19,NSSEC5,NS SEC 1-2: Higher social groups,72.3,13.0,14.7,257
borough,Enfield,2018-19,NSSEC5,NS SEC 3-5: Middle social groups,69.3,14.4,16.3,83
borough,Enfield,2018-19,NSSEC5,NS SEC 6-8: Lower social groups,66.5,6.5,27.0,52
borough,Enfield,2018-19,NSSEC5,NS SEC 9: Students and other/unclassified,74.3,14.4,11.3,50
borough,Greenwich,2018-19,NSSEC5,Aged <16 or 75+,50.5,19.3,30.3,37
borough,Greenwich,2018-19,NSSEC5,NS SEC 1-2: Higher social groups,73.1,11.7,15.3,277
borough,Greenwich,2018-19,NSSEC5,NS SEC 3-5: Middle social groups,54.3,20.6,25.0,89
borough,Greenwich,2018-19,NSSEC5,NS SEC 6-8: Lower social groups,62.5,4.6,32.9,47
borough,Greenwich,2018-19,NSSEC5,NS SEC 9: Students and other/unclassified,61.4,18.3,20.3,36
borough,Hackney,2018-19,NSSEC5,NS SEC 1-2: Higher social groups,77.3,7.5,15.1,313
borough,Hackney,2018-19,NSSEC5,NS SEC 3-5: Middle social groups,74.3,3.0,22.7,61
borough,Hackney,2018-19,NSSEC5,NS SEC 6-8: Lower social groups,37.8,20.6,41.6,51
borough,Hackney,2018-19,NSSEC5,NS SEC 9: Students and other/unclassified,66.9,15.0,18.2,46
borough,Hammersmith and Fulham,2018-19,NSSEC5,Aged <16 or 75+,36.7,3.5,59.8,41
borough,Hammersmith and Fulham,2018-19,NSSEC5,NS SEC 1-2: Higher social groups,81.6,9.9,8.4,312
borough,Hammersmith and Fulham,2018-19,NSSEC5,NS SEC 3-5: Middle social groups,73.0,8.5,18.5,75
borough,Hammersmith and Fulham,2018-19,NSSEC5,NS SEC 6-8: Lower social groups,64.3,2.4,33.3,30
borough,Hammersmith and Fulham,2018-19,NSSEC5,NS SEC 9: Students and other/unclassified,72.4,12.6,15.0,48
borough,Haringey,2018-19,NSSEC5,NS SEC 1-2: Higher social groups,72.4,12.9,14.8,319
borough,Haringey,2018-19,NSSEC5,NS SEC 3-5: Middle social groups,67.6,10.5,21.9,65
borough,Haringey,2018-19,NSSEC5,NS SEC 6-8: Lower social groups,54.7,10.1,35.2,43
borough,Haringey,2018-19,NSSEC5,NS SEC 9: Students and other/unclassified,73.2,9.2,17.6,45
borough,Harrow,2018-19,NSSEC5,Aged <16 or 75+,48.8,11.4,39.8,58
borough,Harrow,2018-19,NSSEC5,NS SEC 1-2: Higher social groups,63.9,12.6,23.5,259
borough,Harrow,2018-19,NSSEC5,NS SEC 3-5: Middle social groups,65.4,11.2,23.4,87
borough,Harrow,2018-19,NSSEC5,NS SEC 6-8: Lower social groups,67.7,7.1,25.2,43
borough,Harrow,2018-19,NSSEC5,NS SEC 9: Students and other/unclassified,68.4,17.5,14.0,35
borough,Havering,2018-19,NSSEC5,Aged <16 or 75+,43.1,14.2,42.7,55
borough,Havering,2018-19,NSSEC5,NS SEC 1-2: Higher social groups,73.3,13.8,12.9,247
borough,Havering,2018-19,NSSEC5,NS SEC 3-5: Middle social groups,62.9,12.0,25.1,118
borough,Havering,2018-19,NSSEC5,NS SEC 6-8: Lower social groups,52.7,11.2,36.1,47
borough,Havering,2018-19,NSSEC5,NS SEC 9: Students and other/unclassified,78.7,4.9,16.5,40
borough,Hillingdon,2018-19,NSSEC5,Aged <16 or 75+,55.3,8.1,36.6,50
borough,Hillingdon,2018-19,NSSEC5,NS SEC 1-2: Higher social groups,69.6,11.2,19.1,257
borough,Hillingdon,2018-19,NSSEC5,NS SEC 3-5: Middle social groups,58.9,15.8,25.3,114
borough,Hillingdon,2018-19,NSSEC5,NS SEC 6-8: Lower social groups,52.6,22.0,25.4,47
borough,Hillingdon,2018-19,NSSEC5,NS SEC 9: Students and other/unclassified,51.3,20.4,28.3,38
borough,Hounslow,2018-19,NSSEC5,Aged <16 or 75+,37.7,3.2,59.1,32
borough,Hounslow,2018-19,NSSEC5,NS SEC 1-2: Higher social groups,68.9,11.5,19.6,272
borough,Hounslow,2018-19,NSSEC5,NS SEC 3-5: Middle social groups,59.5,13.6,26.9,106
borough,Hounslow,2018-19,NSSEC5,NS SEC 6-8: Lower social groups,55.4,15.6,28.9,65
borough,Hounslow,2018-19,NSSEC5,NS SEC 9: Students and other/unclassified,80.3,7.6,12.1,48
borough,Islington,2018-19,NSSEC5,NS SEC 1-2: Higher social groups,79.4,7.9,12.7,330
borough,Islington,2018-19,NSSEC5,NS SEC 3-5: Middle social groups,73.0,9.1,18.0,63
borough,Islington,2018-19,NSSEC5,NS SEC 6-8: Lower social groups,59.6,11.5,28.9,44
borough,Islington,2018-19,NSSEC5,NS SEC 9: Students and other/unclassified,82.0,5.6,12.4,41
borough,Kensington and Chelsea,2018-19,NSSEC5,Aged <16 or 75+,47.1,18.6,34.3,59
borough,Kensington and Chelsea,2018-19,NSSEC5,NS SEC 1-2: Higher social groups,77.2,7.7,15.1,265
borough,Kensington and Chelsea,2018-19,NSSEC5,NS SEC 3-5: Middle social groups,74.7,9.1,16.1,72
borough,Kensington and Chelsea,2018-19,NSSEC5,NS SEC 6-8: Lower social groups,49.6,10.9,39.5,35
borough,Kensington and Chelsea,2018-19,NSSEC5,NS SEC 9: Students and other/unclassified,74.8,7.2,18.1,50
borough,Kingston upon Thames,2018-19,NSSEC5,Aged <16 or 75+,56.3,5.1,38.7,45
borough,Kingston upon Thames,2018-19,NSSEC5,NS SEC 1-2: Higher social groups,79.8,11.8,8.4,297
borough,Kingston upon Thames,2018-19,NSSEC5,NS SEC 3-5: Middle social groups,65.8,17.5,16.6,88
borough,Kingston upon Thames,2018-19,NSSEC5,NS SEC 6-8: Lower social groups,55.0,12.0,33.0,36
borough,Kingston upon Thames,2018-19,NSSEC5,NS SEC 9: Students and other/unclassified,74.5,16.5,9.1,36
borough,Lambeth,2018-19,NSSEC5,NS SEC 1-2: Higher social groups,77.3,7.6,15.1,332
borough,Lambeth,2018-19,NSSEC5,NS SEC 3-5: Middle social groups,64.0,15.5,20.6,72
borough,Lambeth,2018-19,NSSEC5,NS SEC 6-8: Lower social groups,73.1,9.6,17.2,33
borough,Lambeth,2018-19,NSSEC5,NS SEC 9: Students and other/unclassified,76.7,2.3,21.0,41
borough,Lewisham,2018-19,NSSEC5,NS SEC 1-2: Higher social groups,79.8,10.9,9.3,338
borough,Lewisham,2018-19,NSSEC5,NS SEC 3-5: Middle social groups,76.5,13.3,10.2,85
borough,Lewisham,2018-19,NSSEC5,NS SEC 6-8: Lower social groups,55.4,0.9,43.7,33
borough,Merton,2018-19,NSSEC5,Aged <16 or 75+,46.7,23.6,29.7,40
borough,Merton,2018-19,NSSEC5,NS SEC 1-2: Higher social groups,79.8,8.9,11.2,324
borough,Merton,2018-19,NSSEC5,NS SEC 3-5: Middle social groups,60.5,12.8,26.8,74
borough,Merton,2018-19,NSSEC5,NS SEC 6-8: Lower social groups,53.4,10.4,36.2,32
borough,Merton,2018-19,NSSEC5,NS SEC 9: Students and other/unclassified,66.4,15.9,17.7,41
borough,Newham,2018-19,NSSEC5,NS SEC 1-2: Higher social groups,69.6,7.7,22.6,227
borough,Newham,2018-19,NSSEC5,NS SEC 3-5: Middle social groups,52.8,10.8,36.4,89
borough,Newham,2018-19,NSSEC5,NS SEC 6-8: Lower social groups,45.6,20.5,33.9,78
borough,Newham,2018-19,NSSEC5,NS SEC 9: Students and other/unclassified,64.0,10.0,26.0,69
borough,Redbridge,2018-19,NSSEC5,Aged <16 or 75+,31.0,20.9,48.1,43
borough,Redbridge,2018-19,NSSEC5,NS SEC 1-2: Higher social groups,67.5,14.0,18.6,263
borough,Redbridge,2018-19,NSSEC5,NS SEC 3-5: Middle social groups,58.3,17.7,24.0,89
borough,Redbridge,2018-19,NSSEC5,NS SEC 6-8: Lower social groups,48.7,13.4,37.9,45
borough,Redbridge,2018-19,NSSEC5,NS SEC 9: Students and other/unclassified,67.0,12.1,20.8,46
borough,Richmond upon Thames,2018-19,NSSEC5,Aged <16 or 75+,61.7,6.0,32.3,54
borough,Richmond upon Thames,2018-19,NSSEC5,NS SEC 1-2: Higher social groups,79.0,10.5,10.4,345
borough,Richmond upon Thames,2018-19,NSSEC5,NS SEC 3-5: Middle social groups,73.4,8.4,18.2,65
borough,Southwark,2018-19,NSSEC5,NS SEC 1-2: Higher social groups,81.1,8.0,10.9,309
borough,Southwark,2018-19,NSSEC5,NS SEC 3-5: Middle social groups,62.3,10.9,26.8,79
borough,Southwark,2018-19,NSSEC5,NS SEC 6-8: Lower social groups,49.2,0.0,50.8,39
borough,Southwark,2018-19,NSSEC5,NS SEC 9: Students and other/unclassified,71.3,6.9,21.9,51
borough,Sutton,2018-19,NSSEC5,Aged <16 or 75+,37.2,24.8,38.1,46
borough,Sutton,2018-19,NSSEC5,NS SEC 1-2: Higher social groups,78.7,7.1,14.1,296
borough,Sutton,2018-19,NSSEC5,NS SEC 3-5: Middle social groups,71.9,9.5,18.6,108
borough,Sutton,2018-19,NSSEC5,NS SEC 6-8: Lower social groups,66.5,16.2,17.3,45
borough,Sutton,2018-19,NSSEC5,NS SEC 9: Students and other/unclassified,71.6,12.2,16.2,39
borough,Tower Hamlets,2018-19,NSSEC5,NS SEC 1-2: Higher social groups,76.9,7.2,15.9,320
borough,Tower Hamlets,2018-19,NSSEC5,NS SEC 3-5: Middle social groups,69.7,14.3,16.1,72
borough,Tower Hamlets,2018-19,NSSEC5,NS SEC 6-8: Lower social groups,47.1,18.8,34.1,60
borough,Tower Hamlets,2018-19,NSSEC5,NS SEC 9: Students and other/unclassified,67.2,5.5,27.2,53
borough,Waltham Forest,2018-19,NSSEC5,NS SEC 1-2: Higher social groups,80.1,9.5,10.4,275
borough,Waltham Forest,2018-19,NSSEC5,NS SEC 3-5: Middle social groups,63.9,10.6,25.5,91
borough,Waltham Forest,2018-19,NSSEC5,NS SEC 6-8: Lower social groups,62.5,3.4,34.1,47
borough,Waltham Forest,2018-19,NSSEC5,NS SEC 9: Students and other/unclassified,66.8,13.4,19.7,34
borough,Wandsworth,2018-19,NSSEC5,NS SEC 1-2: Higher social groups,81.2,7.9,10.9,362
borough,Wandsworth,2018-19,NSSEC5,NS SEC 3-5: Middle social groups,80.8,7.7,11.5,66
borough,Westminster,2018-19,NSSEC5,Aged <16 or 75+,53.9,9.5,36.6,46
borough,Westminster,2018-19,NSSEC5,NS SEC 1-2: Higher social groups,75.2,8.9,15.9,290
borough,Westminster,2018-19,NSSEC5,NS SEC 3-5: Middle social groups,73.4,9.5,17.1,76
borough,Westminster,2018-19,NSSEC5,NS SEC 6-8: Lower social groups,49.5,7.4,43.1,38
borough,Westminster,2018-19,NSSEC5,NS SEC 9: Students and other/unclassified,81.3,6.8,11.9,51
London-wide,London-wide,2018-19,Orient4,Bisexual,64.3,6.9,28.8,112
London-wide,London-wide,2018-19,Orient4,Gay or Lesbian,68.4,9.7,21.9,240
London-wide,London-wide,2018-19,Orient4,Heterosexual or Straight,67.5,11.2,21.3,4775
London-wide,London-wide,2018-19,Orient4,Other sexual orientation,41.8,21.4,36.8,34
London-wide,London-wide,2018-19,Relig7,Any other religion,65.9,19.0,15.0,54
London-wide,London-wide,2018-19,Relig7,Buddhist,50.9,7.7,41.4,57
London-wide,London-wide,2018-19,Relig7,Christian,68.7,11.4,20.0,2325
London-wide,London-wide,2018-19,Relig7,Hindu,49.9,10.6,39.5,253
London-wide,London-wide,2018-19,Relig7,Jewish,74.6,6.3,19.1,123
London-wide,London-wide,2018-19,Relig7,Muslim,54.4,15.1,30.5,443
London-wide,London-wide,2018-19,Relig7,No religion,76.2,8.5,15.3,1690
London-wide,London-wide,2018-19,Relig7,Sikh,53.5,19.4,27.1,59
London-wide,London-wide,2019-20,Age9,16-24,67.1,9.2,23.8,1370
London-wide,London-wide,2019-20,Age9,25-34,71.8,10.3,17.9,3273
London-wide,London-wide,2019-20,Age9,35-44,64.3,11.5,24.2,3226
London-wide,London-wide,2019-20,Age9,45-54,65.1,11.8,23.1,2715
London-wide,London-wide,2019-20,Age9,55-64,65.3,10.3,24.4,2550
London-wide,London-wide,2019-20,Age9,65-74,64.5,10.3,25.3,2002
London-wide,London-wide,2019-20,Age9,75-84,49.0,12.3,38.6,856
London-wide,London-wide,2019-20,Age9,85+,22.0,14.0,64.0,208
borough,Barking and Dagenham,2019-20,Age9,16-24,67.4,8.8,23.8,58
borough,Barking and Dagenham,2019-20,Age9,25-34,61.7,13.4,24.9,92
borough,Barking and Dagenham,2019-20,Age9,35-44,45.1,14.9,39.9,99
borough,Barking and Dagenham,2019-20,Age9,45-54,53.0,18.6,28.4,76
borough,Barking and Dagenham,2019-20,Age9,55-64,60.0,10.8,29.2,78
borough,Barking and Dagenham,2019-20,Age9,65-74,58.1,9.5,32.4,48
borough,Barnet,2019-20,Age9,16-24,69.6,12.5,17.9,45
borough,Barnet,2019-20,Age9,25-34,58.4,14.9,26.7,91
borough,Barnet,2019-20,Age9,35-44,70.4,9.0,20.7,71
borough,Barnet,2019-20,Age9,45-54,66.7,12.8,20.5,92
borough,Barnet,2019-20,Age9,55-64,55.7,16.5,27.7,81
borough,Barnet,2019-20,Age9,65-74,78.0,4.9,17.2,69
borough,Barnet,2019-20,Age9,75-84,29.8,18.6,51.6,33
borough,Bexley,2019-20,Age9,25-34,62.2,16.7,21.0,68
borough,Bexley,2019-20,Age9,35-44,50.1,13.4,36.5,98
borough,Bexley,2019-20,Age9,45-54,65.1,14.1,20.8,96
borough,Bexley,2019-20,Age9,55-64,60.5,8.4,31.1,83
borough,Bexley,2019-20,Age9,65-74,57.4,9.1,33.6,73
borough,Bexley,2019-20,Age9,75-84,71.0,1.3,27.7,36
borough,Brent,2019-20,Age9,16-24,75.1,6.2,18.7,62
borough,Brent,2019-20,Age9,25-34,52.7,14.8,32.5,93
borough,Brent,2019-20,Age9,35-44,57.6,9.7,32.7,105
borough,Brent,2019-20,Age9,45-54,56.6,19.6,23.8,88
borough,Brent,2019-20,Age9,55-64,65.8,9.4,24.8,74
borough,Brent,2019-20,Age9,65-74,62.7,4.4,32.9,65
borough,Brent,2019-20,Age9,75-84,58.4,5.1,36.5,33
borough,Bromley,2019-20,Age9,25-34,72.0,13.3,14.7,60
borough,Bromley,2019-20,Age9,35-44,79.1,10.0,10.9,85
borough,Bromley,2019-20,Age9,45-54,72.8,7.4,19.8,97
borough,Bromley,2019-20,Age9,55-64,71.7,7.9,20.4,82
borough,Bromley,2019-20,Age9,65-74,80.6,7.6,11.8,89
borough,Bromley,2019-20,Age9,75-84,65.4,12.8,21.8,35
borough,Camden,2019-20,Age9,16-24,68.1,4.1,27.9,47
borough,Camden,2019-20,Age9,25-34,70.2,12.8,16.9,105
borough,Camden,2019-20,Age9,35-44,68.2,14.4,17.3,85
borough,Camden,2019-20,Age9,45-54,62.8,8.2,29.0,71
borough,Camden,2019-20,Age9,55-64,69.7,9.6,20.7,90
borough,Camden,2019-20,Age9,65-74,65.7,8.9,25.4,58
borough,City of London,2019-20,Age9,25-34,58.0,13.1,28.9,38
borough,City of London,2019-20,Age9,35-44,47.4,30.8,21.8,36
borough,City of London,2019-20,Age9,45-54,70.2,7.1,22.7,43
borough,City of London,2019-20,Age9,55-64,78.6,7.5,13.9,60
borough,City of London,2019-20,Age9,65-74,56.7,5.4,37.9,44
borough,Croydon,2019-20,Age9,16-24,61.4,8.4,30.2,51
borough,Croydon,2019-20,Age9,25-34,66.7,7.2,26.1,77
borough,Croydon,2019-20,Age9,35-44,65.2,10.9,23.8,109
borough,Croydon,2019-20,Age9,45-54,56.8,12.5,30.7,73
borough,Croydon,2019-20,Age9,55-64,70.2,9.4,20.4,70
borough,Croydon,2019-20,Age9,65-74,64.3,6.4,29.3,69
borough,Croydon,2019-20,Age9,75-84,40.8,11.1,48.1,30
borough,Ealing,2019-20,Age9,16-24,82.5,3.3,14.2,46
borough,Ealing,2019-20,Age9,25-34,60.8,20.2,19.0,79
borough,Ealing,2019-20,Age9,35-44,64.5,10.9,24.7,85
borough,Ealing,2019-20,Age9,45-54,59.4,14.3,26.3,86
borough,Ealing,2019-20,Age9,55-64,65.8,8.7,25.5,94
borough,Ealing,2019-20,Age9,65-74,53.3,15.7,31.0,69
borough,Ealing,2019-20,Age9,75-84,47.2,19.9,32.9,35
borough,Enfield,2019-20,Age9,16-24,58.0,5.5,36.5,53
borough,Enfield,2019-20,Age9,25-34,73.4,6.8,19.9,57
borough,Enfield,2019-20,Age9,35-44,60.6,15.9,23.5,86
borough,Enfield,2019-20,Age9,45-54,66.5,12.7,20.8,97
borough,Enfield,2019-20,Age9,55-64,59.1,13.1,27.7,97
borough,Enfield,2019-20,Age9,65-74,58.6,13.3,28.2,64
borough,Greenwich,2019-20,Age9,16-24,56.1,12.8,31.1,31
borough,Greenwich,2019-20,Age9,25-34,77.0,10.5,12.4,127
borough,Greenwich,2019-20,Age9,35-44,65.4,5.8,28.8,117
borough,Greenwich,2019-20,Age9,45-54,69.0,5.5,25.5,81
borough,Greenwich,2019-20,Age9,55-64,63.7,14.8,21.5,69
borough,Greenwich,2019-20,Age9,65-74,55.7,6.3,38.0,50
borough,Hackney,2019-20,Age9,16-24,71.3,17.0,11.6,39
borough,Hackney,2019-20,Age9,25-34,81.8,7.2,11.0,167
borough,Hackney,2019-20,Age9,35-44,72.1,8.3,19.6,108
borough,Hackney,2019-20,Age9,45-54,79.7,9.5,10.8,82
borough,Hackney,2019-20,Age9,55-64,66.2,13.0,20.8,60
borough,Hackney,2019-20,Age9,65-74,31.8,14.7,53.5,48
borough,Hammersmith and Fulham,2019-20,Age9,16-24,83.2,7.7,9.1,54
borough,Hammersmith and Fulham,2019-20,Age9,25-34,80.9,9.7,9.4,111
borough,Hammersmith and Fulham,2019-20,Age9,35-44,77.9,6.0,16.1,72
borough,Hammersmith and Fulham,2019-20,Age9,45-54,63.3,7.1,29.6,80
borough,Hammersmith and Fulham,2019-20,Age9,55-64,63.6,13.6,22.8,82
borough,Hammersmith and Fulham,2019-20,Age9,65-74,77.4,8.0,14.6,57
borough,Hammersmith and Fulham,2019-20,Age9,75-84,72.9,10.6,16.6,32
borough,Haringey,2019-20,Age9,16-24,57.2,12.2,30.6,41
borough,Haringey,2019-20,Age9,25-34,74.1,6.7,19.2,98
borough,Haringey,2019-20,Age9,35-44,78.3,7.6,14.1,110
borough,Haringey,2019-20,Age9,45-54,66.2,7.5,26.3,90
borough,Haringey,2019-20,Age9,55-64,78.6,5.1,16.3,75
borough,Haringey,2019-20,Age9,65-74,58.1,4.4,37.5,57
borough,Harrow,2019-20,Age9,16-24,70.3,10.7,18.9,47
borough,Harrow,2019-20,Age9,25-34,67.7,9.4,22.9,74
borough,Harrow,2019-20,Age9,35-44,54.7,9.9,35.4,104
borough,Harrow,2019-20,Age9,45-54,55.0,15.9,29.1,74
borough,Harrow,2019-20,Age9,55-64,60.9,9.1,30.0,78
borough,Harrow,2019-20,Age9,65-74,50.7,22.4,26.9,69
borough,Harrow,2019-20,Age9,75-84,42.1,21.1,36.8,34
borough,Havering,2019-20,Age9,25-34,55.6,7.6,36.8,58
borough,Havering,2019-20,Age9,35-44,54.3,11.9,33.9,76
borough,Havering,2019-20,Age9,45-54,64.1,13.0,22.8,83
borough,Havering,2019-20,Age9,55-64,64.8,13.6,21.6,89
borough,Havering,2019-20,Age9,65-74,60.8,18.0,21.2,102
borough,Havering,2019-20,Age9,75-84,31.9,15.8,52.3,30
borough,Hillingdon,2019-20,Age9,16-24,82.6,3.1,14.3,37
borough,Hillingdon,2019-20,Age9,25-34,67.0,6.3,26.6,63
borough,Hillingdon,2019-20,Age9,35-44,56.1,12.3,31.6,112
borough,Hillingdon,2019-20,Age9,45-54,61.8,7.5,30.7,94
borough,Hillingdon,2019-20,Age9,55-64,63.8,7.5,28.7,82
borough,Hillingdon,2019-20,Age9,65-74,58.8,9.0,32.2,60
borough,Hillingdon,2019-20,Age9,75-84,53.4,4.9,41.7,32
borough,Hounslow,2019-20,Age9,16-24,69.4,6.8,23.8,39
borough,Hounslow,2019-20,Age9,25-34,55.2,18.7,26.1,75
borough,Hounslow,2019-20,Age9,35-44,64.1,12.9,23.0,132
borough,Hounslow,2019-20,Age9,45-54,55.3,16.9,27.8,75
borough,Hounslow,2019-20,Age9,55-64,57.9,8.9,33.2,77
borough,Hounslow,2019-20,Age9,65-74,67.7,13.0,19.3,69
borough,Islington,2019-20,Age9,16-24,84.1,1.6,14.3,50
borough,Islington,2019-20,Age9,25-34,81.0,8.1,10.9,155
borough,Islington,2019-20,Age9,35-44,71.5,10.1,18.5,95
borough,Islington,2019-20,Age9,45-54,72.4,11.1,16.5,66
borough,Islington,2019-20,Age9,55-64,58.9,14.1,27.0,77
borough,Islington,2019-20,Age9,65-74,70.2,3.5,26.3,49
borough,Kensington and Chelsea,2019-20,Age9,16-24,90.7,0.0,9.3,34
borough,Kensington and Chelsea,2019-20,Age9,25-34,73.8,14.2,12.0,92
borough,Kensington and Chelsea,2019-20,Age9,35-44,67.9,14.4,17.7,63
borough,Kensington and Chelsea,2019-20,Age9,45-54,70.2,10.3,19.4,91
borough,Kensington and Chelsea,2019-20,Age9,55-64,78.9,14.9,6.1,91
borough,Kensington and Chelsea,2019-20,Age9,65-74,58.3,19.6,22.1,68
borough,Kensington and Chelsea,2019-20,Age9,75-84,68.9,8.3,22.8,46
borough,Kingston upon Thames,2019-20,Age9,25-34,71.0,10.5,18.5,65
borough,Kingston upon Thames,2019-20,Age9,35-44,82.0,3.8,14.2,105
borough,Kingston upon Thames,2019-20,Age9,45-54,80.9,9.4,9.7,95
borough,Kingston upon Thames,2019-20,Age9,55-64,61.3,10.6,28.1,93
borough,Kingston upon Thames,2019-20,Age9,65-74,66.9,14.7,18.4,80
borough,Kingston upon Thames,2019-20,Age9,75-84,53.0,13.9,33.1,33
borough,Lambeth,2019-20,Age9,16-24,51.6,20.3,28.1,39
borough,Lambeth,2019-20,Age9,25-34,90.1,5.4,4.5,154
borough,Lambeth,2019-20,Age9,35-44,65.5,13.1,21.4,94
borough,Lambeth,2019-20,Age9,45-54,63.6,18.8,17.6,76
borough,Lambeth,2019-20,Age9,55-64,68.9,13.9,17.3,67
borough,Lambeth,2019-20,Age9,65-74,84.6,6.3,9.2,43
borough,Lewisham,2019-20,Age9,16-24,68.1,4.2,27.7,32
borough,Lewisham,2019-20,Age9,25-34,78.1,6.1,15.7,136
borough,Lewisham,2019-20,Age9,35-44,65.9,23.9,10.2,133
borough,Lewisham,2019-20,Age9,45-54,65.5,16.2,18.3,99
borough,Lewisham,2019-20,Age9,55-64,75.8,7.7,16.5,83
borough,Merton,2019-20,Age9,16-24,75.2,4.4,20.3,32
borough,Merton,2019-20,Age9,25-34,70.7,12.1,17.2,95
borough,Merton,2019-20,Age9,35-44,58.5,22.2,19.2,100
borough,Merton,2019-20,Age9,45-54,68.9,13.2,17.8,92
borough,Merton,2019-20,Age9,55-64,63.3,1.6,35.0,95
borough,Merton,2019-20,Age9,65-74,70.6,14.4,15.0,67
borough,Newham,2019-20,Age9,16-24,57.6,13.9,28.5,68
borough,Newham,2019-20,Age9,25-34,56.3,12.5,31.3,156
borough,Newham,2019-20,Age9,35-44,49.1,11.1,39.8,100
borough,Newham,2019-20,Age9,45-54,55.4,14.1,30.5,74
borough,Newham,2019-20,Age9,55-64,56.1,14.1,29.8,55
borough,Redbridge,2019-20,Age9,16-24,59.7,13.9,26.4,65
borough,Redbridge,2019-20,Age9,25-34,52.5,24.6,23.0,78
borough,Redbridge,2019-20,Age9,35-44,46.4,20.5,33.1,100
borough,Redbridge,2019-20,Age9,45-54,67.0,4.3,28.7,83
borough,Redbridge,2019-20,Age9,55-64,48.0,3.9,48.1,60
borough,Redbridge,2019-20,Age9,65-74,64.3,14.0,21.8,92
borough,Redbridge,2019-20,Age9,75-84,36.4,5.4,58.2,33
borough,Richmond upon Thames,2019-20,Age9,16-24,74.6,2.8,22.6,34
borough,Richmond upon Thames,2019-20,Age9,25-34,87.3,4.4,8.3,55
borough,Richmond upon Thames,2019-20,Age9,35-44,78.5,7.0,14.5,85
borough,Richmond upon Thames,2019-20,Age9,45-54,79.9,6.9,13.2,108
borough,Richmond upon Thames,2019-20,Age9,55-64,81.3,8.4,10.3,99
borough,Richmond upon Thames,2019-20,Age9,65-74,66.8,9.7,23.5,80
borough,Richmond upon Thames,2019-20,Age9,75-84,49.2,19.2,31.6,51
borough,Southwark,2019-20,Age9,16-24,51.1,13.6,35.3,38
borough,Southwark,2019-20,Age9,25-34,85.7,5.1,9.2,155
borough,Southwark,2019-20,Age9,35-44,65.2,7.9,26.9,124
borough,Southwark,2019-20,Age9,45-54,71.8,8.8,19.4,87
borough,Southwark,2019-20,Age9,55-64,66.0,12.8,21.2,66
borough,Southwark,2019-20,Age9,65-74,62.2,6.8,31.0,39
borough,Sutton,2019-20,Age9,25-34,72.6,8.0,19.4,63
borough,Sutton,2019-20,Age9,35-44,70.7,5.5,23.8,114
borough,Sutton,2019-20,Age9,45-54,66.7,7.7,25.6,70
borough,Sutton,2019-20,Age9,55-64,81.8,3.4,14.8,90
borough,Sutton,2019-20,Age9,65-74,66.6,12.5,20.8,78
borough,Tower Hamlets,2019-20,Age9,16-24,55.3,10.8,33.8,63
borough,Tower Hamlets,2019-20,Age9,25-34,77.8,8.7,13.4,180
borough,Tower Hamlets,2019-20,Age9,35-44,54.0,6.2,39.8,124
borough,Tower Hamlets,2019-20,Age9,45-54,56.1,4.7,39.2,55
borough,Tower Hamlets,2019-20,Age9,55-64,50.7,9.2,40.2,40
borough,Tower Hamlets,2019-20,Age9,65-74,64.3,8.1,27.6,32
borough,Waltham Forest,2019-20,Age9,16-24,69.4,6.7,23.9,43
borough,Waltham Forest,2019-20,Age9,25-34,69.2,9.8,21.0,117
borough,Waltham Forest,2019-20,Age9,35-44,63.5,11.9,24.5,118
borough,Waltham Forest,2019-20,Age9,45-54,62.3,15.4,22.3,83
borough,Waltham Forest,2019-20,Age9,55-64,70.4,12.8,16.8,77
borough,Waltham Forest,2019-20,Age9,65-74,65.3,12.8,21.8,47
borough,Wandsworth,2019-20,Age9,16-24,76.9,5.8,17.3,32
borough,Wandsworth,2019-20,Age9,25-34,73.1,11.1,15.8,146
borough,Wandsworth,2019-20,Age9,35-44,78.5,12.0,9.5,113
borough,Wandsworth,2019-20,Age9,45-54,67.1,14.9,18.1,72
borough,Wandsworth,2019-20,Age9,55-64,68.9,6.9,24.2,69
borough,Wandsworth,2019-20,Age9,65-74,59.2,5.0,35.8,41
borough,Westminster,2019-20,Age9,16-24,51.9,18.6,29.4,44
borough,Westminster,2019-20,Age9,25-34,71.7,7.8,20.5,93
borough,Westminster,2019-20,Age9,35-44,72.3,10.1,17.5,68
borough,Westminster,2019-20,Age9,45-54,71.0,11.8,17.1,86
borough,Westminster,2019-20,Age9,55-64,56.6,11.1,32.3,67
borough,Westminster,2019-20,Age9,65-74,54.8,13.5,31.8,70
borough,Westminster,2019-20,Age9,75-84,29.8,10.8,59.3,33
London-wide,London-wide,2019-20,ChildAgeU13,No,66.5,10.3,23.2,12502
London-wide,London-wide,2019-20,ChildAgeU13,Yes,61.2,12.0,26.8,3862
borough,Barking and Dagenham,2019-20,ChildAgeU13,No,51.3,16.4,32.3,313
borough,Barking and Dagenham,2019-20,ChildAgeU13,Yes,61.4,8.6,30.0,175
borough,Barnet,2019-20,ChildAgeU13,No,63.3,12.5,24.2,382
borough,Barnet,2019-20,ChildAgeU13,Yes,61.5,11.9,26.6,111
borough,Bexley,2019-20,ChildAgeU13,No,59.9,11.7,28.4,342
borough,Bexley,2019-20,ChildAgeU13,Yes,56.3,14.3,29.3,153
borough,Brent,2019-20,ChildAgeU13,No,62.0,10.5,27.5,391
borough,Brent,2019-20,ChildAgeU13,Yes,55.1,13.1,31.9,141
borough,Bromley,2019-20,ChildAgeU13,No,73.8,8.2,18.0,368
borough,Bromley,2019-20,ChildAgeU13,Yes,74.1,10.9,15.0,120
borough,Camden,2019-20,ChildAgeU13,No,66.3,10.6,23.0,418
borough,Camden,2019-20,ChildAgeU13,Yes,60.2,11.3,28.5,74
borough,City of London,2019-20,ChildAgeU13,No,64.4,8.1,27.5,247
borough,Croydon,2019-20,ChildAgeU13,No,62.2,8.6,29.1,341
borough,Croydon,2019-20,ChildAgeU13,Yes,61.7,12.0,26.4,145
borough,Ealing,2019-20,ChildAgeU13,No,63.5,10.6,26.0,392
borough,Ealing,2019-20,ChildAgeU13,Yes,59.4,17.8,22.8,115
borough,Enfield,2019-20,ChildAgeU13,No,62.7,11.0,26.3,362
borough,Enfield,2019-20,ChildAgeU13,Yes,58.6,13.1,28.3,131
borough,Greenwich,2019-20,ChildAgeU13,No,67.9,10.2,21.9,387
borough,Greenwich,2019-20,ChildAgeU13,Yes,62.9,5.0,32.1,116
borough,Hackney,2019-20,ChildAgeU13,No,76.1,10.4,13.5,420
borough,Hackney,2019-20,ChildAgeU13,Yes,63.0,9.6,27.4,113
borough,Hammersmith and Fulham,2019-20,ChildAgeU13,No,76.1,9.2,14.7,399
borough,Hammersmith and Fulham,2019-20,ChildAgeU13,Yes,71.4,6.5,22.1,98
borough,Haringey,2019-20,ChildAgeU13,No,69.6,7.6,22.8,371
borough,Haringey,2019-20,ChildAgeU13,Yes,67.2,6.4,26.4,131
borough,Harrow,2019-20,ChildAgeU13,No,58.9,13.2,27.9,356
borough,Harrow,2019-20,ChildAgeU13,Yes,54.7,11.8,33.4,143
borough,Havering,2019-20,ChildAgeU13,No,61.9,11.9,26.2,376
borough,Havering,2019-20,ChildAgeU13,Yes,45.4,11.6,43.0,102
borough,Hillingdon,2019-20,ChildAgeU13,No,62.4,6.1,31.5,346
borough,Hillingdon,2019-20,ChildAgeU13,Yes,63.2,11.7,25.1,144
borough,Hounslow,2019-20,ChildAgeU13,No,62.7,12.5,24.7,359
borough,Hounslow,2019-20,ChildAgeU13,Yes,55.5,14.6,30.0,144
borough,Islington,2019-20,ChildAgeU13,No,75.1,7.1,17.8,436
borough,Islington,2019-20,ChildAgeU13,Yes,66.9,14.0,19.1,81
borough,Kensington and Chelsea,2019-20,ChildAgeU13,No,72.1,11.1,16.8,423
borough,Kensington and Chelsea,2019-20,ChildAgeU13,Yes,71.4,14.9,13.7,80
borough,Kingston upon Thames,2019-20,ChildAgeU13,No,69.6,11.2,19.3,363
borough,Kingston upon Thames,2019-20,ChildAgeU13,Yes,75.9,9.7,14.4,139
borough,Lambeth,2019-20,ChildAgeU13,No,75.9,10.5,13.6,417
borough,Lambeth,2019-20,ChildAgeU13,Yes,68.4,14.8,16.8,69
borough,Lewisham,2019-20,ChildAgeU13,No,72.8,11.0,16.2,406
borough,Lewisham,2019-20,ChildAgeU13,Yes,60.2,18.9,20.9,133
borough,Merton,2019-20,ChildAgeU13,No,70.7,12.5,16.8,425
borough,Merton,2019-20,ChildAgeU13,Yes,49.3,17.7,33.0,95
borough,Newham,2019-20,ChildAgeU13,No,54.0,10.5,35.5,359
borough,Newham,2019-20,ChildAgeU13,Yes,51.3,16.6,32.1,149
borough,Redbridge,2019-20,ChildAgeU13,No,49.9,15.1,34.9,373
borough,Redbridge,2019-20,ChildAgeU13,Yes,64.4,11.3,24.2,150
borough,Richmond upon Thames,2019-20,ChildAgeU13,No,72.6,9.2,18.1,408
borough,Richmond upon Thames,2019-20,ChildAgeU13,Yes,77.3,4.6,18.2,109
borough,Southwark,2019-20,ChildAgeU13,No,73.2,8.2,18.7,433
borough,Southwark,2019-20,ChildAgeU13,Yes,60.4,9.4,30.3,95
borough,Sutton,2019-20,ChildAgeU13,No,66.2,10.0,23.8,349
borough,Sutton,2019-20,ChildAgeU13,Yes,69.5,6.3,24.2,137
borough,Tower Hamlets,2019-20,ChildAgeU13,No,67.2,7.6,25.2,394
borough,Tower Hamlets,2019-20,ChildAgeU13,Yes,47.5,9.7,42.8,110
borough,Waltham Forest,2019-20,ChildAgeU13,No,67.1,9.1,23.8,372
borough,Waltham Forest,2019-20,ChildAgeU13,Yes,57.9,18.2,23.9,133
borough,Wandsworth,2019-20,ChildAgeU13,No,72.7,9.2,18.1,375
borough,Wandsworth,2019-20,ChildAgeU13,Yes,68.3,11.6,20.1,123
borough,Westminster,2019-20,ChildAgeU13,No,62.1,12.6,25.3,399
borough,Westminster,2019-20,ChildAgeU13,Yes,61.4,7.9,30.7,77
London-wide,London-wide,2019-20,Disab3,Limiting disability,51.9,13.8,34.3,2150
London-wide,London-wide,2019-20,Disab3,No disability,67.9,10.3,21.8,10555
London-wide,London-wide,2019-20,Disab3,Non-limiting disability,69.4,10.5,20.1,2544
borough,Barking and Dagenham,2019-20,Disab3,Limiting disability,42.8,24.2,33.1,82
borough,Barking and Dagenham,2019-20,Disab3,No disability,56.7,11.6,31.6,294
borough,Barking and Dagenham,2019-20,Disab3,Non-limiting disability,74.2,11.4,14.4,72
borough,Barnet,2019-20,Disab3,Limiting disability,48.4,22.0,29.6,70
borough,Barnet,2019-20,Disab3,No disability,69.0,10.5,20.4,288
borough,Barnet,2019-20,Disab3,Non-limiting disability,58.1,11.6,30.3,88
borough,Bexley,2019-20,Disab3,Limiting disability,50.4,18.3,31.4,72
borough,Bexley,2019-20,Disab3,No disability,63.5,10.9,25.6,317
borough,Bexley,2019-20,Disab3,Non-limiting disability,53.6,13.3,33.1,74
borough,Brent,2019-20,Disab3,Limiting disability,55.2,8.0,36.8,64
borough,Brent,2019-20,Disab3,No disability,56.3,12.5,31.2,351
borough,Brent,2019-20,Disab3,Non-limiting disability,78.2,7.8,14.0,76
borough,Bromley,2019-20,Disab3,Limiting disability,68.4,6.7,25.0,62
borough,Bromley,2019-20,Disab3,No disability,75.3,9.3,15.4,296
borough,Bromley,2019-20,Disab3,Non-limiting disability,76.3,8.6,15.1,101
borough,Camden,2019-20,Disab3,Limiting disability,55.6,20.4,24.0,75
borough,Camden,2019-20,Disab3,No disability,70.2,8.8,21.0,300
borough,Camden,2019-20,Disab3,Non-limiting disability,59.0,11.1,29.9,78
borough,City of London,2019-20,Disab3,No disability,62.4,14.7,22.8,182
borough,City of London,2019-20,Disab3,Non-limiting disability,81.6,2.6,15.8,51
borough,Croydon,2019-20,Disab3,Limiting disability,44.8,9.6,45.6,78
borough,Croydon,2019-20,Disab3,No disability,65.6,9.9,24.5,322
borough,Croydon,2019-20,Disab3,Non-limiting disability,61.9,6.7,31.4,57
borough,Ealing,2019-20,Disab3,Limiting disability,57.3,13.1,29.6,62
borough,Ealing,2019-20,Disab3,No disability,64.4,11.6,23.9,330
borough,Ealing,2019-20,Disab3,Non-limiting disability,61.7,19.2,19.1,78
borough,Enfield,2019-20,Disab3,Limiting disability,54.7,9.8,35.5,66
borough,Enfield,2019-20,Disab3,No disability,62.5,12.0,25.5,311
borough,Enfield,2019-20,Disab3,Non-limiting disability,66.8,11.2,21.9,86
borough,Greenwich,2019-20,Disab3,Limiting disability,45.6,9.5,44.9,93
borough,Greenwich,2019-20,Disab3,No disability,67.4,10.4,22.3,312
borough,Greenwich,2019-20,Disab3,Non-limiting disability,87.7,4.2,8.0,60
borough,Hackney,2019-20,Disab3,Limiting disability,51.4,19.5,29.1,69
borough,Hackney,2019-20,Disab3,No disability,76.2,9.6,14.2,344
borough,Hackney,2019-20,Disab3,Non-limiting disability,80.5,7.0,12.5,85
borough,Hammersmith and Fulham,2019-20,Disab3,Limiting disability,58.0,5.9,36.1,61
borough,Hammersmith and Fulham,2019-20,Disab3,No disability,80.7,8.3,11.0,354
borough,Hammersmith and Fulham,2019-20,Disab3,Non-limiting disability,74.2,7.9,17.9,59
borough,Haringey,2019-20,Disab3,Limiting disability,59.0,2.7,38.3,64
borough,Haringey,2019-20,Disab3,No disability,72.5,8.5,19.0,322
borough,Haringey,2019-20,Disab3,Non-limiting disability,84.4,3.7,11.9,74
borough,Harrow,2019-20,Disab3,Limiting disability,42.7,17.8,39.5,52
borough,Harrow,2019-20,Disab3,No disability,60.2,11.6,28.2,345
borough,Harrow,2019-20,Disab3,Non-limiting disability,58.7,19.0,22.3,72
borough,Havering,2019-20,Disab3,Limiting disability,40.3,9.1,50.7,87
borough,Havering,2019-20,Disab3,No disability,59.2,11.9,28.9,269
borough,Havering,2019-20,Disab3,Non-limiting disability,70.8,12.7,16.4,90
borough,Hillingdon,2019-20,Disab3,Limiting disability,62.5,7.5,30.1,72
borough,Hillingdon,2019-20,Disab3,No disability,68.4,4.5,27.1,301
borough,Hillingdon,2019-20,Disab3,Non-limiting disability,52.1,22.6,25.2,79
borough,Hounslow,2019-20,Disab3,Limiting disability,56.4,19.2,24.5,89
borough,Hounslow,2019-20,Disab3,No disability,62.4,11.2,26.5,312
borough,Hounslow,2019-20,Disab3,Non-limiting disability,60.4,16.9,22.7,71
borough,Islington,2019-20,Disab3,Limiting disability,54.4,5.7,39.9,72
borough,Islington,2019-20,Disab3,No disability,77.6,8.2,14.2,335
borough,Islington,2019-20,Disab3,Non-limiting disability,79.5,7.4,13.2,74
borough,Kensington and Chelsea,2019-20,Disab3,Limiting disability,46.5,17.8,35.7,51
borough,Kensington and Chelsea,2019-20,Disab3,No disability,76.9,11.7,11.4,318
borough,Kensington and Chelsea,2019-20,Disab3,Non-limiting disability,76.4,11.8,11.9,95
borough,Kingston upon Thames,2019-20,Disab3,Limiting disability,61.5,19.9,18.6,62
borough,Kingston upon Thames,2019-20,Disab3,No disability,75.4,9.0,15.6,333
borough,Kingston upon Thames,2019-20,Disab3,Non-limiting disability,71.1,10.9,18.0,75
borough,Lambeth,2019-20,Disab3,Limiting disability,51.3,19.2,29.5,46
borough,Lambeth,2019-20,Disab3,No disability,77.4,9.8,12.8,328
borough,Lambeth,2019-20,Disab3,Non-limiting disability,76.1,11.3,12.6,78
borough,Lewisham,2019-20,Disab3,Limiting disability,59.0,21.5,19.5,67
borough,Lewisham,2019-20,Disab3,No disability,70.2,14.0,15.8,341
borough,Lewisham,2019-20,Disab3,Non-limiting disability,72.8,7.8,19.5,98
borough,Merton,2019-20,Disab3,Limiting disability,59.3,7.5,33.2,73
borough,Merton,2019-20,Disab3,No disability,68.4,14.6,17.0,327
borough,Merton,2019-20,Disab3,Non-limiting disability,73.4,8.4,18.2,87
borough,Newham,2019-20,Disab3,Limiting disability,53.1,8.6,38.3,69
borough,Newham,2019-20,Disab3,No disability,58.1,10.9,31.0,326
borough,Newham,2019-20,Disab3,Non-limiting disability,43.1,14.5,42.4,61
borough,Redbridge,2019-20,Disab3,Limiting disability,33.0,11.6,55.4,66
borough,Redbridge,2019-20,Disab3,No disability,57.0,15.6,27.4,344
borough,Redbridge,2019-20,Disab3,Non-limiting disability,65.5,10.4,24.1,75
borough,Richmond upon Thames,2019-20,Disab3,Limiting disability,59.4,12.7,27.9,51
borough,Richmond upon Thames,2019-20,Disab3,No disability,77.3,6.7,16.1,338
borough,Richmond upon Thames,2019-20,Disab3,Non-limiting disability,70.3,12.5,17.2,109
borough,Southwark,2019-20,Disab3,Limiting disability,62.5,7.9,29.7,57
borough,Southwark,2019-20,Disab3,No disability,70.8,9.1,20.2,361
borough,Southwark,2019-20,Disab3,Non-limiting disability,75.1,7.0,17.9,86
borough,Sutton,2019-20,Disab3,Limiting disability,54.2,13.0,32.8,75
borough,Sutton,2019-20,Disab3,No disability,67.1,7.9,25.0,301
borough,Sutton,2019-20,Disab3,Non-limiting disability,82.9,7.0,10.1,79
borough,Tower Hamlets,2019-20,Disab3,Limiting disability,47.4,10.3,42.3,43
borough,Tower Hamlets,2019-20,Disab3,No disability,62.7,7.9,29.4,375
borough,Tower Hamlets,2019-20,Disab3,Non-limiting disability,78.5,8.0,13.5,55
borough,Waltham Forest,2019-20,Disab3,Limiting disability,39.7,31.4,28.9,67
borough,Waltham Forest,2019-20,Disab3,No disability,70.0,7.8,22.2,332
borough,Waltham Forest,2019-20,Disab3,Non-limiting disability,79.1,11.6,9.3,71
borough,Wandsworth,2019-20,Disab3,Limiting disability,54.3,7.0,38.8,42
borough,Wandsworth,2019-20,Disab3,No disability,74.4,10.9,14.7,343
borough,Wandsworth,2019-20,Disab3,Non-limiting disability,72.8,7.8,19.4,85
borough,Westminster,2019-20,Disab3,Limiting disability,38.0,24.3,37.7,69
borough,Westminster,2019-20,Disab3,No disability,70.1,10.5,19.4,303
borough,Westminster,2019-20,Disab3,Non-limiting disability,60.9,6.6,32.6,65
London-wide,London-wide,2019-20,Educ6,Another type of qualification,53.6,7.0,39.4,420
London-wide,London-wide,2019-20,Educ6,Level 1 and below,32.5,9.6,57.9,127
London-wide,London-wide,2019-20,Educ6,Level 2 and equivalents,58.1,12.3,29.6,1207
London-wide,London-wide,2019-20,Educ6,Level 3 and equivalents,60.9,12.1,27.0,1310
London-wide,London-wide,2019-20,Educ6,Level 4 or above,72.1,10.5,17.4,8268
London-wide,London-wide,2019-20,Educ6,No qualifications,44.1,10.2,45.7,499
borough,Barking and Dagenham,2019-20,Educ6,Level 2 and equivalents,64.9,17.5,17.6,64
borough,Barking and Dagenham,2019-20,Educ6,Level 3 and equivalents,61.5,19.5,18.9,55
borough,Barking and Dagenham,2019-20,Educ6,Level 4 or above,61.0,8.3,30.7,153
borough,Barking and Dagenham,2019-20,Educ6,No qualifications,41.7,16.6,41.7,40
borough,Barnet,2019-20,Educ6,Level 2 and equivalents,49.9,24.0,26.1,30
borough,Barnet,2019-20,Educ6,Level 3 and equivalents,61.5,13.4,25.1,39
borough,Barnet,2019-20,Educ6,Level 4 or above,70.0,9.9,20.0,261
borough,Bexley,2019-20,Educ6,Level 2 and equivalents,65.6,11.2,23.2,80
borough,Bexley,2019-20,Educ6,Level 3 and equivalents,45.7,12.7,41.5,51
borough,Bexley,2019-20,Educ6,Level 4 or above,62.2,12.8,25.0,156
borough,Brent,2019-20,Educ6,Level 2 and equivalents,65.7,1.5,32.7,52
borough,Brent,2019-20,Educ6,Level 3 and equivalents,65.1,7.4,27.6,44
borough,Brent,2019-20,Educ6,Level 4 or above,65.2,10.8,24.0,247
borough,Bromley,2019-20,Educ6,Level 2 and equivalents,79.1,6.1,14.8,40
borough,Bromley,2019-20,Educ6,Level 3 and equivalents,75.5,4.9,19.6,45
borough,Bromley,2019-20,Educ6,Level 4 or above,79.9,10.0,10.1,226
borough,Camden,2019-20,Educ6,Level 3 and equivalents,52.9,14.2,32.9,34
borough,Camden,2019-20,Educ6,Level 4 or above,71.8,9.5,18.8,294
borough,City of London,2019-20,Educ6,Level 4 or above,65.7,11.9,22.4,168
borough,Croydon,2019-20,Educ6,Level 2 and equivalents,50.5,11.4,38.2,49
borough,Croydon,2019-20,Educ6,Level 3 and equivalents,56.2,9.1,34.7,39
borough,Croydon,2019-20,Educ6,Level 4 or above,66.0,10.2,23.8,215
borough,Ealing,2019-20,Educ6,Level 2 and equivalents,72.5,9.9,17.6,40
borough,Ealing,2019-20,Educ6,Level 3 and equivalents,68.6,16.3,15.1,46
borough,Ealing,2019-20,Educ6,Level 4 or above,65.2,13.0,21.8,237
borough,Enfield,2019-20,Educ6,Level 2 and equivalents,45.8,5.5,48.7,45
borough,Enfield,2019-20,Educ6,Level 3 and equivalents,62.2,15.3,22.5,57
borough,Enfield,2019-20,Educ6,Level 4 or above,67.8,12.6,19.5,211
borough,Greenwich,2019-20,Educ6,Level 2 and equivalents,52.1,4.4,43.5,34
borough,Greenwich,2019-20,Educ6,Level 4 or above,73.6,10.9,15.5,273
borough,Hackney,2019-20,Educ6,Level 3 and equivalents,82.3,3.7,13.9,30
borough,Hackney,2019-20,Educ6,Level 4 or above,84.1,8.1,7.8,302
borough,Hammersmith and Fulham,2019-20,Educ6,Level 3 and equivalents,83.0,1.8,15.2,35
borough,Hammersmith and Fulham,2019-20,Educ6,Level 4 or above,79.2,11.2,9.7,277
borough,Haringey,2019-20,Educ6,Level 3 and equivalents,51.9,7.0,41.1,31
borough,Haringey,2019-20,Educ6,Level 4 or above,78.2,7.8,14.0,282
borough,Harrow,2019-20,Educ6,Level 2 and equivalents,55.7,12.4,31.9,40
borough,Harrow,2019-20,Educ6,Level 3 and equivalents,56.5,14.7,28.7,42
borough,Harrow,2019-20,Educ6,Level 4 or above,63.5,13.3,23.2,258
borough,Havering,2019-20,Educ6,Level 2 and equivalents,53.7,10.1,36.1,69
borough,Havering,2019-20,Educ6,Level 3 and equivalents,66.2,24.4,9.3,49
borough,Havering,2019-20,Educ6,Level 4 or above,65.4,11.8,22.8,144
borough,Hillingdon,2019-20,Educ6,Level 2 and equivalents,62.3,12.9,24.8,52
borough,Hillingdon,2019-20,Educ6,Level 3 and equivalents,65.4,1.6,33.0,51
borough,Hillingdon,2019-20,Educ6,Level 4 or above,71.4,8.5,20.2,232
borough,Hounslow,2019-20,Educ6,Level 2 and equivalents,73.4,16.9,9.7,37
borough,Hounslow,2019-20,Educ6,Level 3 and equivalents,62.5,12.2,25.3,41
borough,Hounslow,2019-20,Educ6,Level 4 or above,62.6,15.8,21.5,226
borough,Islington,2019-20,Educ6,Level 3 and equivalents,80.3,9.2,10.5,31
borough,Islington,2019-20,Educ6,Level 4 or above,79.6,8.1,12.3,330
borough,Kensington and Chelsea,2019-20,Educ6,Level 3 and equivalents,69.9,8.9,21.2,33
borough,Kensington and Chelsea,2019-20,Educ6,Level 4 or above,74.7,13.9,11.5,264
borough,Kingston upon Thames,2019-20,Educ6,Level 3 and equivalents,78.2,16.2,5.6,39
borough,Kingston upon Thames,2019-20,Educ6,Level 4 or above,78.2,8.5,13.3,265
borough,Lambeth,2019-20,Educ6,Level 4 or above,85.3,7.9,6.8,290
borough,Lewisham,2019-20,Educ6,Level 2 and equivalents,54.3,10.0,35.7,30
borough,Lewisham,2019-20,Educ6,Level 3 and equivalents,53.3,5.0,41.8,33
borough,Lewisham,2019-20,Educ6,Level 4 or above,74.6,15.4,10.0,307
borough,Merton,2019-20,Educ6,Level 2 and equivalents,62.0,9.7,28.3,31
borough,Merton,2019-20,Educ6,Level 3 and equivalents,69.9,12.9,17.3,41
borough,Merton,2019-20,Educ6,Level 4 or above,64.1,16.2,19.7,278
borough,Newham,2019-20,Educ6,Level 2 and equivalents,55.8,15.2,29.0,39
borough,Newham,2019-20,Educ6,Level 3 and equivalents,43.3,20.8,35.9,56
borough,Newham,2019-20,Educ6,Level 4 or above,58.4,12.2,29.5,248
borough,Redbridge,2019-20,Educ6,Level 2 and equivalents,39.8,16.5,43.7,61
borough,Redbridge,2019-20,Educ6,Level 3 and equivalents,50.2,18.4,31.4,43
borough,Redbridge,2019-20,Educ6,Level 4 or above,58.2,15.4,26.4,233
borough,Richmond upon Thames,2019-20,Educ6,Level 3 and equivalents,60.6,15.9,23.5,37
borough,Richmond upon Thames,2019-20,Educ6,Level 4 or above,81.8,7.5,10.7,298
borough,Southwark,2019-20,Educ6,Level 4 or above,74.5,8.1,17.4,330
borough,Sutton,2019-20,Educ6,Level 2 and equivalents,69.6,5.8,24.6,42
borough,Sutton,2019-20,Educ6,Level 3 and equivalents,70.4,8.1,21.5,54
borough,Sutton,2019-20,Educ6,Level 4 or above,72.9,7.5,19.5,208
borough,Tower Hamlets,2019-20,Educ6,Level 3 and equivalents,36.3,12.4,51.2,46
borough,Tower Hamlets,2019-20,Educ6,Level 4 or above,69.7,7.9,22.4,278
borough,Waltham Forest,2019-20,Educ6,Level 2 and equivalents,51.2,12.8,36.0,38
borough,Waltham Forest,2019-20,Educ6,Level 3 and equivalents,65.1,19.3,15.6,45
borough,Waltham Forest,2019-20,Educ6,Level 4 or above,79.7,5.7,14.6,246
borough,Wandsworth,2019-20,Educ6,Level 4 or above,75.4,11.7,12.9,293
borough,Westminster,2019-20,Educ6,Level 3 and equivalents,44.5,14.3,41.2,36
borough,Westminster,2019-20,Educ6,Level 4 or above,72.4,10.7,16.9,238
London-wide,London-wide,2019-20,Eth7,Black,55.8,14.1,30.1,971
London-wide,London-wide,2019-20,Eth7,Chinese,68.2,11.2,20.6,314
London-wide,London-wide,2019-20,Eth7,Mixed,73.3,7.5,19.2,490
London-wide,London-wide,2019-20,Eth7,Other ethnic group,59.7,8.8,31.5,468
London-wide,London-wide,2019-20,Eth7,South Asian,54.3,12.7,33.1,2232
London-wide,London-wide,2019-20,Eth7,White British,71.4,10.0,18.6,8229
London-wide,London-wide,2019-20,Eth7,White Other,68.4,10.1,21.5,2584
borough,Barking and Dagenham,2019-20,Eth7,Black,62.0,19.0,19.0,67
borough,Barking and Dagenham,2019-20,Eth7,South Asian,57.0,11.2,31.8,88
borough,Barking and Dagenham,2019-20,Eth7,White British,54.2,13.9,31.9,195
borough,Barking and Dagenham,2019-20,Eth7,White Other,57.9,4.5,37.5,65
borough,Barnet,2019-20,Eth7,South Asian,58.9,15.0,26.1,57
borough,Barnet,2019-20,Eth7,White British,62.6,13.4,24.0,236
borough,Barnet,2019-20,Eth7,White Other,59.2,13.8,27.0,101
borough,Bexley,2019-20,Eth7,Black,48.3,4.9,46.8,44
borough,Bexley,2019-20,Eth7,South Asian,46.7,13.7,39.6,51
borough,Bexley,2019-20,Eth7,White British,64.1,13.1,22.8,337
borough,Bexley,2019-20,Eth7,White Other,47.3,26.5,26.2,36
borough,Brent,2019-20,Eth7,Black,48.2,19.1,32.7,47
borough,Brent,2019-20,Eth7,South Asian,58.5,12.9,28.6,169
borough,Brent,2019-20,Eth7,White British,75.6,7.2,17.1,111
borough,Brent,2019-20,Eth7,White Other,42.4,9.4,48.2,98
borough,Bromley,2019-20,Eth7,White British,74.9,8.3,16.7,359
borough,Bromley,2019-20,Eth7,White Other,61.5,10.3,28.3,35
borough,Camden,2019-20,Eth7,South Asian,40.0,13.3,46.6,34
borough,Camden,2019-20,Eth7,White British,69.0,10.5,20.6,238
borough,Camden,2019-20,Eth7,White Other,80.8,11.1,8.2,111
borough,City of London,2019-20,Eth7,White British,63.5,7.4,29.1,151
borough,City of London,2019-20,Eth7,White Other,64.6,12.0,23.4,75
borough,Croydon,2019-20,Eth7,Black,55.4,16.1,28.5,43
borough,Croydon,2019-20,Eth7,South Asian,57.0,5.1,37.9,69
borough,Croydon,2019-20,Eth7,White British,64.2,10.0,25.9,243
borough,Croydon,2019-20,Eth7,White Other,79.2,6.1,14.7,57
borough,Ealing,2019-20,Eth7,South Asian,48.0,14.4,37.6,100
borough,Ealing,2019-20,Eth7,White British,72.0,11.2,16.8,215
borough,Ealing,2019-20,Eth7,White Other,78.6,8.2,13.2,79
borough,Enfield,2019-20,Eth7,Black,57.5,10.8,31.7,51
borough,Enfield,2019-20,Eth7,South Asian,58.9,14.0,27.0,65
borough,Enfield,2019-20,Eth7,White British,64.5,11.0,24.5,236
borough,Enfield,2019-20,Eth7,White Other,55.0,15.7,29.3,59
borough,Greenwich,2019-20,Eth7,Black,58.7,13.5,27.8,30
borough,Greenwich,2019-20,Eth7,South Asian,66.0,8.3,25.7,51
borough,Greenwich,2019-20,Eth7,White British,69.8,9.2,21.0,264
borough,Greenwich,2019-20,Eth7,White Other,67.3,7.8,24.9,78
borough,Hackney,2019-20,Eth7,Black,38.1,31.9,29.9,38
borough,Hackney,2019-20,Eth7,South Asian,53.1,20.5,26.4,38
borough,Hackney,2019-20,Eth7,White British,80.0,7.5,12.5,260
borough,Hackney,2019-20,Eth7,White Other,73.7,6.4,19.9,122
borough,Hammersmith and Fulham,2019-20,Eth7,White British,78.8,8.4,12.7,246
borough,Hammersmith and Fulham,2019-20,Eth7,White Other,80.6,4.6,14.8,121
borough,Haringey,2019-20,Eth7,Black,47.8,8.2,44.1,52
borough,Haringey,2019-20,Eth7,South Asian,63.0,12.4,24.6,30
borough,Haringey,2019-20,Eth7,White British,76.3,7.1,16.6,234
borough,Haringey,2019-20,Eth7,White Other,75.2,7.3,17.5,114
borough,Harrow,2019-20,Eth7,South Asian,56.7,13.2,30.0,242
borough,Harrow,2019-20,Eth7,White British,60.8,15.3,23.9,137
borough,Harrow,2019-20,Eth7,White Other,56.5,9.6,33.9,50
borough,Havering,2019-20,Eth7,White British,58.8,12.9,28.3,373
borough,Hillingdon,2019-20,Eth7,South Asian,64.2,4.0,31.8,123
borough,Hillingdon,2019-20,Eth7,White British,58.9,10.1,31.0,230
borough,Hillingdon,2019-20,Eth7,White Other,69.8,9.7,20.5,53
borough,Hounslow,2019-20,Eth7,South Asian,52.2,15.8,31.9,145
borough,Hounslow,2019-20,Eth7,White British,68.3,14.0,17.7,195
borough,Hounslow,2019-20,Eth7,White Other,74.9,11.4,13.7,64
borough,Islington,2019-20,Eth7,White British,80.9,7.0,12.1,258
borough,Islington,2019-20,Eth7,White Other,70.4,8.6,21.0,110
borough,Kensington and Chelsea,2019-20,Eth7,White British,76.9,11.1,12.0,232
borough,Kensington and Chelsea,2019-20,Eth7,White Other,70.6,11.8,17.7,128
borough,Kingston upon Thames,2019-20,Eth7,South Asian,56.7,15.9,27.4,52
borough,Kingston upon Thames,2019-20,Eth7,White British,76.7,10.4,13.0,320
borough,Kingston upon Thames,2019-20,Eth7,White Other,68.4,9.4,22.2,66
borough,Lambeth,2019-20,Eth7,Black,37.5,22.0,40.5,45
borough,Lambeth,2019-20,Eth7,White British,83.4,10.0,6.6,290
borough,Lambeth,2019-20,Eth7,White Other,72.2,13.1,14.6,75
borough,Lewisham,2019-20,Eth7,Black,68.6,15.0,16.4,61
borough,Lewisham,2019-20,Eth7,South Asian,64.7,16.4,19.0,33
borough,Lewisham,2019-20,Eth7,White British,74.3,13.4,12.3,295
borough,Lewisham,2019-20,Eth7,White Other,62.2,12.0,25.8,86
borough,Merton,2019-20,Eth7,Black,48.3,23.9,27.8,32
borough,Merton,2019-20,Eth7,South Asian,61.0,15.6,23.4,54
borough,Merton,2019-20,Eth7,White British,75.6,9.8,14.5,294
borough,Merton,2019-20,Eth7,White Other,62.0,19.1,18.9,74
borough,Newham,2019-20,Eth7,Black,69.3,9.1,21.6,52
borough,Newham,2019-20,Eth7,South Asian,42.5,12.0,45.5,147
borough,Newham,2019-20,Eth7,White British,61.1,10.2,28.7,130
borough,Newham,2019-20,Eth7,White Other,61.2,19.9,18.8,76
borough,Redbridge,2019-20,Eth7,South Asian,52.2,15.6,32.2,170
borough,Redbridge,2019-20,Eth7,White British,58.4,12.1,29.5,210
borough,Redbridge,2019-20,Eth7,White Other,58.4,10.8,30.8,39
borough,Richmond upon Thames,2019-20,Eth7,White British,73.8,9.4,16.8,379
borough,Richmond upon Thames,2019-20,Eth7,White Other,83.8,3.2,13.0,68
borough,Southwark,2019-20,Eth7,Black,48.6,14.1,37.3,57
borough,Southwark,2019-20,Eth7,White British,79.1,6.6,14.4,267
borough,Southwark,2019-20,Eth7,White Other,71.5,8.3,20.3,100
borough,Sutton,2019-20,Eth7,South Asian,59.7,10.8,29.4,65
borough,Sutton,2019-20,Eth7,White British,71.4,7.9,20.8,319
borough,Sutton,2019-20,Eth7,White Other,64.9,7.6,27.5,47
borough,Tower Hamlets,2019-20,Eth7,South Asian,43.4,7.7,48.9,124
borough,Tower Hamlets,2019-20,Eth7,White British,77.9,4.0,18.1,173
borough,Tower Hamlets,2019-20,Eth7,White Other,82.4,3.5,14.1,93
borough,Waltham Forest,2019-20,Eth7,Black,62.7,2.7,34.6,38
borough,Waltham Forest,2019-20,Eth7,South Asian,33.1,22.1,44.9,51
borough,Waltham Forest,2019-20,Eth7,White British,76.3,10.6,13.1,286
borough,Waltham Forest,2019-20,Eth7,White Other,66.1,9.9,24.0,70
borough,Wandsworth,2019-20,Eth7,White British,82.2,6.5,11.3,301
borough,Wandsworth,2019-20,Eth7,White Other,65.6,11.0,23.4,103
borough,Westminster,2019-20,Eth7,South Asian,53.4,19.6,27.0,50
borough,Westminster,2019-20,Eth7,White British,62.4,14.3,23.3,215
borough,Westminster,2019-20,Eth7,White Other,74.9,11.3,13.7,104
London-wide,London-wide,2019-20,Gend3,Female,63.6,11.1,25.3,9066
London-wide,London-wide,2019-20,Gend3,Male,67.1,10.3,22.6,7169
London-wide,London-wide,2019-20,Gend3,Other,43.1,24.1,32.8,79
borough,Barking and Dagenham,2019-20,Gend3,Female,52.5,15.4,32.2,273
borough,Barking and Dagenham,2019-20,Gend3,Male,60.8,11.2,28.0,207
borough,Barnet,2019-20,Gend3,Female,67.8,9.8,22.4,286
borough,Barnet,2019-20,Gend3,Male,58.2,14.8,26.9,207
borough,Bexley,2019-20,Gend3,Female,59.1,13.6,27.3,276
borough,Bexley,2019-20,Gend3,Male,59.9,10.1,30.0,212
borough,Brent,2019-20,Gend3,Female,60.9,14.0,25.1,294
borough,Brent,2019-20,Gend3,Male,58.9,8.6,32.5,235
borough,Bromley,2019-20,Gend3,Female,72.9,9.4,17.6,264
borough,Bromley,2019-20,Gend3,Male,76.4,8.3,15.3,218
borough,Camden,2019-20,Gend3,Female,66.4,11.4,22.2,269
borough,Camden,2019-20,Gend3,Male,64.4,9.8,25.8,218
borough,City of London,2019-20,Gend3,Female,54.3,10.2,35.4,135
borough,City of London,2019-20,Gend3,Male,69.7,10.8,19.5,138
borough,Croydon,2019-20,Gend3,Female,60.4,10.5,29.1,274
borough,Croydon,2019-20,Gend3,Male,64.1,8.6,27.3,209
borough,Ealing,2019-20,Gend3,Female,59.4,15.1,25.6,284
borough,Ealing,2019-20,Gend3,Male,65.2,10.3,24.5,217
borough,Enfield,2019-20,Gend3,Female,63.1,12.8,24.1,297
borough,Enfield,2019-20,Gend3,Male,61.0,9.2,29.8,193
borough,Greenwich,2019-20,Gend3,Female,63.9,9.0,27.0,280
borough,Greenwich,2019-20,Gend3,Male,70.1,9.0,20.9,219
borough,Hackney,2019-20,Gend3,Female,71.8,12.2,16.0,307
borough,Hackney,2019-20,Gend3,Male,74.0,8.1,17.9,222
borough,Hammersmith and Fulham,2019-20,Gend3,Female,72.8,8.2,19.0,278
borough,Hammersmith and Fulham,2019-20,Gend3,Male,77.8,9.2,13.0,215
borough,Haringey,2019-20,Gend3,Female,72.2,5.8,22.0,305
borough,Haringey,2019-20,Gend3,Male,65.0,9.1,25.9,196
borough,Harrow,2019-20,Gend3,Female,53.6,12.2,34.2,268
borough,Harrow,2019-20,Gend3,Male,61.2,13.5,25.3,228
borough,Havering,2019-20,Gend3,Female,53.3,13.7,33.0,269
borough,Havering,2019-20,Gend3,Male,64.2,9.5,26.3,208
borough,Hillingdon,2019-20,Gend3,Female,57.6,9.3,33.1,267
borough,Hillingdon,2019-20,Gend3,Male,68.1,6.2,25.7,222
borough,Hounslow,2019-20,Gend3,Female,52.0,16.8,31.2,260
borough,Hounslow,2019-20,Gend3,Male,67.3,10.5,22.3,238
borough,Islington,2019-20,Gend3,Female,73.7,5.0,21.3,294
borough,Islington,2019-20,Gend3,Male,75.0,11.8,13.1,214
borough,Kensington and Chelsea,2019-20,Gend3,Female,70.6,13.7,15.7,263
borough,Kensington and Chelsea,2019-20,Gend3,Male,74.3,10.1,15.6,235
borough,Kingston upon Thames,2019-20,Gend3,Female,69.0,11.3,19.8,286
borough,Kingston upon Thames,2019-20,Gend3,Male,75.1,9.1,15.7,213
borough,Lambeth,2019-20,Gend3,Female,75.1,8.7,16.2,269
borough,Lambeth,2019-20,Gend3,Male,74.2,14.2,11.6,216
borough,Lewisham,2019-20,Gend3,Female,63.8,15.0,21.2,289
borough,Lewisham,2019-20,Gend3,Male,74.3,11.9,13.8,243
borough,Merton,2019-20,Gend3,Female,65.9,11.8,22.3,295
borough,Merton,2019-20,Gend3,Male,66.9,15.1,18.0,221
borough,Newham,2019-20,Gend3,Female,51.2,16.1,32.7,269
borough,Newham,2019-20,Gend3,Male,54.7,8.7,36.5,234
borough,Redbridge,2019-20,Gend3,Female,50.0,12.2,37.7,287
borough,Redbridge,2019-20,Gend3,Male,58.9,15.7,25.4,232
borough,Richmond upon Thames,2019-20,Gend3,Female,67.9,9.1,23.1,280
borough,Richmond upon Thames,2019-20,Gend3,Male,80.1,7.6,12.3,234
borough,Southwark,2019-20,Gend3,Female,69.1,9.6,21.3,296
borough,Southwark,2019-20,Gend3,Male,72.0,7.4,20.5,227
borough,Sutton,2019-20,Gend3,Female,68.5,8.6,22.9,277
borough,Sutton,2019-20,Gend3,Male,68.0,8.4,23.6,205
borough,Tower Hamlets,2019-20,Gend3,Female,59.7,8.4,31.9,269
borough,Tower Hamlets,2019-20,Gend3,Male,65.1,8.0,26.8,229
borough,Waltham Forest,2019-20,Gend3,Female,63.7,11.9,24.4,277
borough,Waltham Forest,2019-20,Gend3,Male,66.3,10.6,23.1,224
borough,Wandsworth,2019-20,Gend3,Female,70.8,8.9,20.4,288
borough,Wandsworth,2019-20,Gend3,Male,72.7,10.7,16.6,208
borough,Westminster,2019-20,Gend3,Female,56.0,8.6,35.4,241
borough,Westminster,2019-20,Gend3,Male,68.9,11.6,19.5,232
London-wide,London-wide,2019-20,IMD10,IMD decile 1,58.9,9.6,31.5,1004
London-wide,London-wide,2019-20,IMD10,IMD decile 10,75.4,7.9,16.6,665
London-wide,London-wide,2019-20,IMD10,IMD decile 2,58.7,11.0,30.3,3086
London-wide,London-wide,2019-20,IMD10,IMD decile 3,63.5,12.2,24.3,2385
London-wide,London-wide,2019-20,IMD10,IMD decile 4,68.7,10.4,20.9,2009
London-wide,London-wide,2019-20,IMD10,IMD decile 5,66.7,10.3,23.0,1917
London-wide,London-wide,2019-20,IMD10,IMD decile 6,65.7,12.7,21.6,1385
London-wide,London-wide,2019-20,IMD10,IMD decile 7,69.2,11.0,19.7,1414
London-wide,London-wide,2019-20,IMD10,IMD decile 8,68.7,9.4,21.9,1342
London-wide,London-wide,2019-20,IMD10,IMD decile 9,71.0,9.6,19.4,1157
borough,Barking and Dagenham,2019-20,IMD10,IMD decile 1,59.0,14.6,26.4,92
borough,Barking and Dagenham,2019-20,IMD10,IMD decile 2,50.5,12.3,37.2,278
borough,Barking and Dagenham,2019-20,IMD10,IMD decile 3,63.9,6.7,29.4,68
borough,Barking and Dagenham,2019-20,IMD10,IMD decile 4,61.4,25.4,13.2,38
borough,Barnet,2019-20,IMD10,IMD decile 2,64.9,7.8,27.3,39
borough,Barnet,2019-20,IMD10,IMD decile 3,53.2,24.4,22.4,40
borough,Barnet,2019-20,IMD10,IMD decile 4,68.6,8.8,22.7,55
borough,Barnet,2019-20,IMD10,IMD decile 5,62.3,8.6,29.1,59
borough,Barnet,2019-20,IMD10,IMD decile 6,49.1,18.6,32.3,83
borough,Barnet,2019-20,IMD10,IMD decile 7,72.0,13.8,14.2,93
borough,Barnet,2019-20,IMD10,IMD decile 8,59.7,7.3,32.9,66
borough,Barnet,2019-20,IMD10,IMD decile 9,69.9,4.2,25.9,37
borough,Bexley,2019-20,IMD10,IMD decile 10,60.5,28.6,10.8,33
borough,Bexley,2019-20,IMD10,IMD decile 2,55.3,2.2,42.5,61
borough,Bexley,2019-20,IMD10,IMD decile 3,49.4,11.2,39.4,47
borough,Bexley,2019-20,IMD10,IMD decile 4,48.8,16.8,34.4,56
borough,Bexley,2019-20,IMD10,IMD decile 6,66.6,17.7,15.7,50
borough,Bexley,2019-20,IMD10,IMD decile 7,52.3,12.2,35.6,70
borough,Bexley,2019-20,IMD10,IMD decile 8,62.9,12.4,24.8,55
borough,Bexley,2019-20,IMD10,IMD decile 9,71.9,15.8,12.3,82
borough,Brent,2019-20,IMD10,IMD decile 1,38.9,12.1,49.0,44
borough,Brent,2019-20,IMD10,IMD decile 2,53.0,6.6,40.4,130
borough,Brent,2019-20,IMD10,IMD decile 3,70.5,12.4,17.0,108
borough,Brent,2019-20,IMD10,IMD decile 4,57.7,10.9,31.4,114
borough,Brent,2019-20,IMD10,IMD decile 5,61.8,7.7,30.5,66
borough,Brent,2019-20,IMD10,IMD decile 6,71.1,27.9,1.0,30
borough,Bromley,2019-20,IMD10,IMD decile 10,80.6,3.2,16.2,69
borough,Bromley,2019-20,IMD10,IMD decile 3,80.0,13.4,6.6,33
borough,Bromley,2019-20,IMD10,IMD decile 4,73.3,8.5,18.2,35
borough,Bromley,2019-20,IMD10,IMD decile 6,65.2,4.8,30.0,44
borough,Bromley,2019-20,IMD10,IMD decile 7,71.0,13.4,15.6,84
borough,Bromley,2019-20,IMD10,IMD decile 8,79.4,13.9,6.7,70
borough,Bromley,2019-20,IMD10,IMD decile 9,71.5,6.8,21.7,102
borough,Camden,2019-20,IMD10,IMD decile 2,54.9,9.8,35.3,105
borough,Camden,2019-20,IMD10,IMD decile 3,69.1,15.6,15.3,62
borough,Camden,2019-20,IMD10,IMD decile 4,72.6,5.7,21.7,54
borough,Camden,2019-20,IMD10,IMD decile 5,59.6,6.5,33.9,57
borough,Camden,2019-20,IMD10,IMD decile 6,71.7,17.5,10.9,57
borough,Camden,2019-20,IMD10,IMD decile 7,68.9,12.6,18.5,38
borough,Camden,2019-20,IMD10,IMD decile 8,86.0,7.0,7.0,38
borough,Camden,2019-20,IMD10,IMD decile 9,50.3,11.1,38.6,46
borough,City of London,2019-20,IMD10,IMD decile 10,60.8,10.5,28.8,49
borough,City of London,2019-20,IMD10,IMD decile 4,60.7,16.5,22.7,55
borough,City of London,2019-20,IMD10,IMD decile 5,74.9,10.9,14.2,38
borough,City of London,2019-20,IMD10,IMD decile 6,77.6,5.9,16.5,35
borough,City of London,2019-20,IMD10,IMD decile 9,58.2,9.6,32.2,68
borough,Croydon,2019-20,IMD10,IMD decile 2,54.6,9.4,35.9,90
borough,Croydon,2019-20,IMD10,IMD decile 3,61.8,6.6,31.6,66
borough,Croydon,2019-20,IMD10,IMD decile 4,60.5,15.2,24.3,76
borough,Croydon,2019-20,IMD10,IMD decile 5,60.1,5.2,34.7,35
borough,Croydon,2019-20,IMD10,IMD decile 6,78.7,11.1,10.2,46
borough,Croydon,2019-20,IMD10,IMD decile 7,53.0,15.8,31.2,35
borough,Croydon,2019-20,IMD10,IMD decile 8,44.1,5.6,50.3,46
borough,Croydon,2019-20,IMD10,IMD decile 9,78.3,11.0,10.7,58
borough,Ealing,2019-20,IMD10,IMD decile 1,51.1,15.4,33.5,41
borough,Ealing,2019-20,IMD10,IMD decile 2,59.8,17.7,22.5,88
borough,Ealing,2019-20,IMD10,IMD decile 3,63.4,5.3,31.3,81
borough,Ealing,2019-20,IMD10,IMD decile 4,71.6,10.3,18.1,55
borough,Ealing,2019-20,IMD10,IMD decile 5,65.7,8.3,26.0,74
borough,Ealing,2019-20,IMD10,IMD decile 6,58.1,9.5,32.3,69
borough,Ealing,2019-20,IMD10,IMD decile 7,67.1,17.0,15.9,44
borough,Ealing,2019-20,IMD10,IMD decile 8,46.6,36.8,16.6,30
borough,Enfield,2019-20,IMD10,IMD decile 1,51.6,7.3,41.1,58
borough,Enfield,2019-20,IMD10,IMD decile 2,57.0,12.6,30.4,94
borough,Enfield,2019-20,IMD10,IMD decile 3,47.0,9.3,43.8,66
borough,Enfield,2019-20,IMD10,IMD decile 4,65.6,15.0,19.5,61
borough,Enfield,2019-20,IMD10,IMD decile 5,72.3,18.7,9.1,55
borough,Enfield,2019-20,IMD10,IMD decile 6,75.0,14.2,10.9,47
borough,Enfield,2019-20,IMD10,IMD decile 7,62.3,5.9,31.7,51
borough,Enfield,2019-20,IMD10,IMD decile 8,73.9,5.0,21.1,47
borough,Greenwich,2019-20,IMD10,IMD decile 2,55.0,8.0,37.0,105
borough,Greenwich,2019-20,IMD10,IMD decile 3,59.6,12.2,28.2,87
borough,Greenwich,2019-20,IMD10,IMD decile 4,80.8,8.0,11.1,88
borough,Greenwich,2019-20,IMD10,IMD decile 5,68.5,13.9,17.6,86
borough,Greenwich,2019-20,IMD10,IMD decile 6,71.9,3.5,24.5,41
borough,Greenwich,2019-20,IMD10,IMD decile 7,86.7,4.5,8.7,47
borough,Hackney,2019-20,IMD10,IMD decile 1,65.1,9.0,25.9,119
borough,Hackney,2019-20,IMD10,IMD decile 2,70.3,13.0,16.7,232
borough,Hackney,2019-20,IMD10,IMD decile 3,83.8,6.6,9.5,110
borough,Hackney,2019-20,IMD10,IMD decile 4,89.2,2.2,8.6,46
borough,Hammersmith and Fulham,2019-20,IMD10,IMD decile 2,74.3,9.1,16.6,92
borough,Hammersmith and Fulham,2019-20,IMD10,IMD decile 3,74.3,9.9,15.8,96
borough,Hammersmith and Fulham,2019-20,IMD10,IMD decile 4,80.6,3.2,16.1,68
borough,Hammersmith and Fulham,2019-20,IMD10,IMD decile 5,73.6,4.8,21.6,69
borough,Hammersmith and Fulham,2019-20,IMD10,IMD decile 6,80.4,13.3,6.4,65
borough,Hammersmith and Fulham,2019-20,IMD10,IMD decile 7,80.5,8.3,11.3,41
borough,Hammersmith and Fulham,2019-20,IMD10,IMD decile 8,81.0,11.5,7.6,31
borough,Haringey,2019-20,IMD10,IMD decile 1,61.1,7.5,31.4,75
borough,Haringey,2019-20,IMD10,IMD decile 2,60.7,8.1,31.3,126
borough,Haringey,2019-20,IMD10,IMD decile 3,64.2,8.1,27.7,92
borough,Haringey,2019-20,IMD10,IMD decile 4,83.4,9.8,6.8,58
borough,Haringey,2019-20,IMD10,IMD decile 5,81.5,8.1,10.3,53
borough,Haringey,2019-20,IMD10,IMD decile 7,77.4,3.4,19.2,44
borough,Harrow,2019-20,IMD10,IMD decile 4,48.2,14.1,37.7,62
borough,Harrow,2019-20,IMD10,IMD decile 5,61.2,6.2,32.7,83
borough,Harrow,2019-20,IMD10,IMD decile 6,53.4,13.5,33.1,116
borough,Harrow,2019-20,IMD10,IMD decile 7,55.1,23.7,21.1,60
borough,Harrow,2019-20,IMD10,IMD decile 8,57.1,12.2,30.7,57
borough,Harrow,2019-20,IMD10,IMD decile 9,62.6,8.7,28.8,61
borough,Havering,2019-20,IMD10,IMD decile 10,65.6,8.2,26.3,33
borough,Havering,2019-20,IMD10,IMD decile 2,58.4,10.7,30.8,40
borough,Havering,2019-20,IMD10,IMD decile 3,53.2,13.6,33.2,40
borough,Havering,2019-20,IMD10,IMD decile 4,46.6,12.3,41.1,61
borough,Havering,2019-20,IMD10,IMD decile 5,43.7,18.3,38.0,71
borough,Havering,2019-20,IMD10,IMD decile 6,65.3,13.7,21.0,43
borough,Havering,2019-20,IMD10,IMD decile 7,66.0,12.7,21.3,50
borough,Havering,2019-20,IMD10,IMD decile 8,59.5,9.2,31.3,77
borough,Havering,2019-20,IMD10,IMD decile 9,85.3,9.1,5.7,45
borough,Hillingdon,2019-20,IMD10,IMD decile 2,50.3,1.3,48.5,55
borough,Hillingdon,2019-20,IMD10,IMD decile 3,60.2,12.6,27.2,79
borough,Hillingdon,2019-20,IMD10,IMD decile 4,64.7,2.7,32.6,70
borough,Hillingdon,2019-20,IMD10,IMD decile 5,56.6,6.8,36.6,54
borough,Hillingdon,2019-20,IMD10,IMD decile 7,77.7,10.0,12.3,52
borough,Hillingdon,2019-20,IMD10,IMD decile 8,73.4,9.1,17.5,49
borough,Hillingdon,2019-20,IMD10,IMD decile 9,72.0,8.2,19.8,79
borough,Hounslow,2019-20,IMD10,IMD decile 2,54.9,14.9,30.2,67
borough,Hounslow,2019-20,IMD10,IMD decile 3,46.4,20.0,33.6,139
borough,Hounslow,2019-20,IMD10,IMD decile 4,63.0,9.3,27.7,105
borough,Hounslow,2019-20,IMD10,IMD decile 5,65.7,8.0,26.2,85
borough,Hounslow,2019-20,IMD10,IMD decile 6,78.7,9.4,11.9,34
borough,Hounslow,2019-20,IMD10,IMD decile 7,77.8,13.0,9.2,53
borough,Islington,2019-20,IMD10,IMD decile 1,70.3,12.1,17.6,57
borough,Islington,2019-20,IMD10,IMD decile 2,67.0,13.0,20.1,175
borough,Islington,2019-20,IMD10,IMD decile 3,73.1,2.4,24.5,114
borough,Islington,2019-20,IMD10,IMD decile 4,85.6,5.6,8.8,73
borough,Islington,2019-20,IMD10,IMD decile 5,81.5,7.3,11.2,67
borough,Kensington and Chelsea,2019-20,IMD10,IMD decile 1,60.5,17.0,22.5,95
borough,Kensington and Chelsea,2019-20,IMD10,IMD decile 2,57.8,13.9,28.4,49
borough,Kensington and Chelsea,2019-20,IMD10,IMD decile 3,73.7,12.4,13.9,46
borough,Kensington and Chelsea,2019-20,IMD10,IMD decile 4,76.7,8.0,15.3,65
borough,Kensington and Chelsea,2019-20,IMD10,IMD decile 5,81.4,4.0,14.5,70
borough,Kensington and Chelsea,2019-20,IMD10,IMD decile 6,71.1,12.9,15.9,36
borough,Kensington and Chelsea,2019-20,IMD10,IMD decile 7,76.0,12.2,11.9,108
borough,Kingston upon Thames,2019-20,IMD10,IMD decile 10,81.0,7.0,12.0,70
borough,Kingston upon Thames,2019-20,IMD10,IMD decile 5,57.7,13.1,29.2,71
borough,Kingston upon Thames,2019-20,IMD10,IMD decile 6,73.6,10.6,15.8,70
borough,Kingston upon Thames,2019-20,IMD10,IMD decile 7,69.3,9.9,20.9,73
borough,Kingston upon Thames,2019-20,IMD10,IMD decile 8,70.5,14.8,14.6,103
borough,Kingston upon Thames,2019-20,IMD10,IMD decile 9,72.1,8.2,19.7,94
borough,Lambeth,2019-20,IMD10,IMD decile 1,58.3,0.0,41.7,31
borough,Lambeth,2019-20,IMD10,IMD decile 2,67.2,15.3,17.5,130
borough,Lambeth,2019-20,IMD10,IMD decile 3,70.3,12.8,16.9,112
borough,Lambeth,2019-20,IMD10,IMD decile 4,85.0,9.5,5.5,99
borough,Lambeth,2019-20,IMD10,IMD decile 5,85.4,12.4,2.3,65
borough,Lewisham,2019-20,IMD10,IMD decile 2,59.8,14.8,25.3,186
borough,Lewisham,2019-20,IMD10,IMD decile 3,71.5,14.0,14.5,86
borough,Lewisham,2019-20,IMD10,IMD decile 4,72.8,16.9,10.2,104
borough,Lewisham,2019-20,IMD10,IMD decile 5,76.5,10.5,13.0,81
borough,Merton,2019-20,IMD10,IMD decile 10,79.7,4.8,15.4,85
borough,Merton,2019-20,IMD10,IMD decile 2,50.0,11.1,38.9,31
borough,Merton,2019-20,IMD10,IMD decile 3,58.4,15.3,26.3,56
borough,Merton,2019-20,IMD10,IMD decile 5,71.5,10.1,18.4,62
borough,Merton,2019-20,IMD10,IMD decile 6,43.7,31.0,25.3,58
borough,Merton,2019-20,IMD10,IMD decile 7,58.6,12.8,28.6,37
borough,Merton,2019-20,IMD10,IMD decile 8,77.1,4.6,18.2,84
borough,Merton,2019-20,IMD10,IMD decile 9,76.0,13.0,11.0,88
borough,Newham,2019-20,IMD10,IMD decile 1,48.2,18.8,33.0,54
borough,Newham,2019-20,IMD10,IMD decile 2,51.0,10.3,38.8,220
borough,Newham,2019-20,IMD10,IMD decile 3,54.1,13.9,32.0,155
borough,Newham,2019-20,IMD10,IMD decile 4,60.9,9.5,29.6,63
borough,Redbridge,2019-20,IMD10,IMD decile 2,50.7,22.8,26.5,35
borough,Redbridge,2019-20,IMD10,IMD decile 3,39.2,30.7,30.1,38
borough,Redbridge,2019-20,IMD10,IMD decile 4,64.0,8.7,27.4,63
borough,Redbridge,2019-20,IMD10,IMD decile 5,51.8,11.7,36.5,120
borough,Redbridge,2019-20,IMD10,IMD decile 6,64.1,6.1,29.9,68
borough,Redbridge,2019-20,IMD10,IMD decile 7,47.6,12.7,39.7,68
borough,Redbridge,2019-20,IMD10,IMD decile 8,58.8,12.4,28.8,95
borough,Richmond upon Thames,2019-20,IMD10,IMD decile 10,79.4,8.4,12.2,105
borough,Richmond upon Thames,2019-20,IMD10,IMD decile 6,84.8,5.9,9.3,40
borough,Richmond upon Thames,2019-20,IMD10,IMD decile 7,59.3,1.5,39.2,41
borough,Richmond upon Thames,2019-20,IMD10,IMD decile 8,71.8,9.4,18.8,114
borough,Richmond upon Thames,2019-20,IMD10,IMD decile 9,75.8,8.5,15.8,156
borough,Southwark,2019-20,IMD10,IMD decile 1,69.5,8.2,22.3,36
borough,Southwark,2019-20,IMD10,IMD decile 2,59.4,9.5,31.1,150
borough,Southwark,2019-20,IMD10,IMD decile 3,73.0,6.3,20.7,126
borough,Southwark,2019-20,IMD10,IMD decile 4,67.0,13.3,19.7,50
borough,Southwark,2019-20,IMD10,IMD decile 5,80.9,12.5,6.7,76
borough,Southwark,2019-20,IMD10,IMD decile 8,80.5,6.4,13.1,45
borough,Sutton,2019-20,IMD10,IMD decile 10,75.9,6.7,17.3,81
borough,Sutton,2019-20,IMD10,IMD decile 2,32.4,4.4,63.2,30
borough,Sutton,2019-20,IMD10,IMD decile 5,68.2,9.3,22.5,45
borough,Sutton,2019-20,IMD10,IMD decile 6,81.2,9.6,9.2,48
borough,Sutton,2019-20,IMD10,IMD decile 7,77.2,4.1,18.7,90
borough,Sutton,2019-20,IMD10,IMD decile 8,60.0,8.9,31.1,61
borough,Sutton,2019-20,IMD10,IMD decile 9,69.7,14.3,15.9,66
borough,Tower Hamlets,2019-20,IMD10,IMD decile 1,49.4,8.5,42.2,60
borough,Tower Hamlets,2019-20,IMD10,IMD decile 2,61.0,6.9,32.1,184
borough,Tower Hamlets,2019-20,IMD10,IMD decile 3,61.7,9.5,28.8,88
borough,Tower Hamlets,2019-20,IMD10,IMD decile 4,77.3,5.6,17.1,59
borough,Tower Hamlets,2019-20,IMD10,IMD decile 5,73.7,5.9,20.3,30
borough,Tower Hamlets,2019-20,IMD10,IMD decile 6,53.9,15.1,31.0,39
borough,Tower Hamlets,2019-20,IMD10,IMD decile 8,84.2,2.3,13.5,30
borough,Waltham Forest,2019-20,IMD10,IMD decile 2,70.9,7.1,22.0,98
borough,Waltham Forest,2019-20,IMD10,IMD decile 3,62.5,12.3,25.2,155
borough,Waltham Forest,2019-20,IMD10,IMD decile 4,62.8,13.8,23.4,87
borough,Waltham Forest,2019-20,IMD10,IMD decile 5,59.8,18.8,21.3,82
borough,Wandsworth,2019-20,IMD10,IMD decile 2,48.3,23.1,28.6,43
borough,Wandsworth,2019-20,IMD10,IMD decile 3,68.2,20.2,11.6,57
borough,Wandsworth,2019-20,IMD10,IMD decile 4,81.1,7.5,11.4,56
borough,Wandsworth,2019-20,IMD10,IMD decile 5,59.1,12.3,28.6,74
borough,Wandsworth,2019-20,IMD10,IMD decile 6,74.5,3.4,22.1,72
borough,Wandsworth,2019-20,IMD10,IMD decile 7,84.9,4.1,11.0,57
borough,Wandsworth,2019-20,IMD10,IMD decile 8,72.0,3.5,24.5,77
borough,Wandsworth,2019-20,IMD10,IMD decile 9,86.1,8.8,5.1,38
borough,Westminster,2019-20,IMD10,IMD decile 2,52.3,14.9,32.7,84
borough,Westminster,2019-20,IMD10,IMD decile 3,64.7,17.7,17.7,79
borough,Westminster,2019-20,IMD10,IMD decile 4,75.1,6.5,18.4,45
borough,Westminster,2019-20,IMD10,IMD decile 5,67.0,4.8,28.3,73
borough,Westminster,2019-20,IMD10,IMD decile 7,59.5,11.1,29.4,61
borough,Westminster,2019-20,IMD10,IMD decile 8,60.8,15.6,23.6,41
borough,Westminster,2019-20,IMD10,IMD decile 9,50.9,8.3,40.8,32
London-wide,London-wide,2019-20,LondInOut,Inner London,68.2,10.2,21.6,6856
London-wide,London-wide,2019-20,LondInOut,Outer London,62.9,11.2,25.9,9508
borough,Barking and Dagenham,2019-20,LondInOut,Outer London,55.8,12.9,31.3,488
borough,Barnet,2019-20,LondInOut,Outer London,62.9,12.3,24.7,493
borough,Bexley,2019-20,LondInOut,Outer London,58.7,12.6,28.7,495
borough,Brent,2019-20,LondInOut,Outer London,59.9,11.3,28.8,532
borough,Bromley,2019-20,LondInOut,Outer London,73.8,8.8,17.3,488
borough,Camden,2019-20,LondInOut,Inner London,65.4,10.7,23.9,492
borough,City of London,2019-20,LondInOut,Inner London,62.2,10.5,27.3,273
borough,Croydon,2019-20,LondInOut,Outer London,62.0,9.6,28.3,486
borough,Ealing,2019-20,LondInOut,Outer London,62.3,12.6,25.1,507
borough,Enfield,2019-20,LondInOut,Outer London,61.7,11.5,26.8,493
borough,Greenwich,2019-20,LondInOut,Outer London,66.7,9.0,24.4,503
borough,Hackney,2019-20,LondInOut,Inner London,73.1,10.2,16.7,533
borough,Hammersmith and Fulham,2019-20,LondInOut,Inner London,75.1,8.7,16.2,497
borough,Haringey,2019-20,LondInOut,Inner London,68.9,7.3,23.8,502
borough,Harrow,2019-20,LondInOut,Outer London,57.6,12.7,29.7,499
borough,Havering,2019-20,LondInOut,Outer London,58.0,11.9,30.1,478
borough,Hillingdon,2019-20,LondInOut,Outer London,62.6,7.8,29.6,490
borough,Hounslow,2019-20,LondInOut,Outer London,60.5,13.2,26.3,503
borough,Islington,2019-20,LondInOut,Inner London,73.6,8.3,18.1,517
borough,Kensington and Chelsea,2019-20,LondInOut,Inner London,72.0,11.7,16.3,503
borough,Kingston upon Thames,2019-20,LondInOut,Outer London,71.4,10.7,17.8,502
borough,Lambeth,2019-20,LondInOut,Inner London,74.7,11.2,14.1,486
borough,Lewisham,2019-20,LondInOut,Inner London,68.9,13.4,17.7,539
borough,Merton,2019-20,LondInOut,Outer London,66.0,13.6,20.4,520
borough,Newham,2019-20,LondInOut,Inner London,53.2,12.3,34.5,508
borough,Redbridge,2019-20,LondInOut,Outer London,54.4,14.0,31.7,523
borough,Richmond upon Thames,2019-20,LondInOut,Outer London,73.6,8.2,18.1,517
borough,Southwark,2019-20,LondInOut,Inner London,70.7,8.4,20.9,528
borough,Sutton,2019-20,LondInOut,Outer London,67.3,8.7,24.0,486
borough,Tower Hamlets,2019-20,LondInOut,Inner London,62.8,8.1,29.1,504
borough,Waltham Forest,2019-20,LondInOut,Outer London,64.8,11.4,23.8,505
borough,Wandsworth,2019-20,LondInOut,Inner London,71.6,9.8,18.6,498
borough,Westminster,2019-20,LondInOut,Inner London,62.0,11.7,26.4,476
London-wide,London-wide,2019-20,Maternity_pop,No,65.4,10.8,23.8,15500
London-wide,London-wide,2019-20,Maternity_pop,Yes,60.7,10.1,29.2,864
London-wide,London-wide,2019-20,NSSEC5,NS SEC 1-2: Higher social groups,74.6,10.3,15.1,9474
London-wide,London-wide,2019-20,NSSEC5,NS SEC 3-5: Middle social groups,62.3,11.3,26.4,2754
London-wide,London-wide,2019-20,NSSEC5,NS SEC 6-8: Lower social groups,50.1,12.5,37.4,1409
London-wide,London-wide,2019-20,NSSEC5,NS SEC 9: Students and other/unclassified,64.2,9.2,26.6,1619
borough,Barking and Dagenham,2019-20,NSSEC5,NS SEC 1-2: Higher social groups,60.3,10.9,28.8,182
borough,Barking and Dagenham,2019-20,NSSEC5,NS SEC 3-5: Middle social groups,58.6,14.1,27.2,120
borough,Barking and Dagenham,2019-20,NSSEC5,NS SEC 6-8: Lower social groups,45.4,19.6,35.0,81
borough,Barking and Dagenham,2019-20,NSSEC5,NS SEC 9: Students and other/unclassified,62.1,7.2,30.7,75
borough,Barnet,2019-20,NSSEC5,NS SEC 1-2: Higher social groups,68.8,10.9,20.3,298
borough,Barnet,2019-20,NSSEC5,NS SEC 3-5: Middle social groups,69.4,9.0,21.6,76
borough,Barnet,2019-20,NSSEC5,NS SEC 9: Students and other/unclassified,59.2,14.0,26.8,53
borough,Bexley,2019-20,NSSEC5,NS SEC 1-2: Higher social groups,61.8,16.7,21.4,235
borough,Bexley,2019-20,NSSEC5,NS SEC 3-5: Middle social groups,63.3,7.9,28.8,130
borough,Bexley,2019-20,NSSEC5,NS SEC 6-8: Lower social groups,43.5,18.8,37.7,51
borough,Bexley,2019-20,NSSEC5,NS SEC 9: Students and other/unclassified,52.7,4.4,42.8,33
borough,Brent,2019-20,NSSEC5,NS SEC 1-2: Higher social groups,62.4,9.7,27.9,238
borough,Brent,2019-20,NSSEC5,NS SEC 3-5: Middle social groups,56.3,13.6,30.1,105
borough,Brent,2019-20,NSSEC5,NS SEC 6-8: Lower social groups,57.0,16.6,26.4,76
borough,Brent,2019-20,NSSEC5,NS SEC 9: Students and other/unclassified,65.9,6.1,28.0,71
borough,Bromley,2019-20,NSSEC5,NS SEC 1-2: Higher social groups,80.6,8.2,11.2,300
borough,Bromley,2019-20,NSSEC5,NS SEC 3-5: Middle social groups,67.8,10.3,22.0,76
borough,Bromley,2019-20,NSSEC5,NS SEC 9: Students and other/unclassified,75.2,7.1,17.7,34
borough,Camden,2019-20,NSSEC5,NS SEC 1-2: Higher social groups,77.7,8.5,13.8,308
borough,Camden,2019-20,NSSEC5,NS SEC 3-5: Middle social groups,52.0,12.1,35.8,66
borough,Camden,2019-20,NSSEC5,NS SEC 9: Students and other/unclassified,62.6,7.4,30.0,57
borough,City of London,2019-20,NSSEC5,NS SEC 1-2: Higher social groups,64.8,12.5,22.7,190
borough,Croydon,2019-20,NSSEC5,NS SEC 1-2: Higher social groups,67.7,10.3,22.0,270
borough,Croydon,2019-20,NSSEC5,NS SEC 3-5: Middle social groups,64.4,9.0,26.6,90
borough,Croydon,2019-20,NSSEC5,NS SEC 6-8: Lower social groups,49.2,9.9,40.8,43
borough,Croydon,2019-20,NSSEC5,NS SEC 9: Students and other/unclassified,64.6,7.0,28.5,48
borough,Ealing,2019-20,NSSEC5,NS SEC 1-2: Higher social groups,70.3,13.7,16.0,285
borough,Ealing,2019-20,NSSEC5,NS SEC 3-5: Middle social groups,64.4,11.2,24.4,74
borough,Ealing,2019-20,NSSEC5,NS SEC 6-8: Lower social groups,41.8,19.7,38.4,42
borough,Ealing,2019-20,NSSEC5,NS SEC 9: Students and other/unclassified,73.5,3.3,23.2,60
borough,Enfield,2019-20,NSSEC5,NS SEC 1-2: Higher social groups,69.9,13.9,16.2,262
borough,Enfield,2019-20,NSSEC5,NS SEC 3-5: Middle social groups,57.4,10.5,32.1,93
borough,Enfield,2019-20,NSSEC5,NS SEC 6-8: Lower social groups,46.2,10.2,43.6,54
borough,Enfield,2019-20,NSSEC5,NS SEC 9: Students and other/unclassified,66.3,5.6,28.1,47
borough,Greenwich,2019-20,NSSEC5,NS SEC 1-2: Higher social groups,73.7,10.6,15.7,297
borough,Greenwich,2019-20,NSSEC5,NS SEC 3-5: Middle social groups,64.2,7.1,28.7,95
borough,Greenwich,2019-20,NSSEC5,NS SEC 6-8: Lower social groups,60.1,6.5,33.4,53
borough,Greenwich,2019-20,NSSEC5,NS SEC 9: Students and other/unclassified,61.4,10.4,28.2,36
borough,Hackney,2019-20,NSSEC5,NS SEC 1-2: Higher social groups,83.6,8.2,8.3,340
borough,Hackney,2019-20,NSSEC5,NS SEC 3-5: Middle social groups,70.9,7.9,21.1,78
borough,Hackney,2019-20,NSSEC5,NS SEC 6-8: Lower social groups,41.9,14.0,44.1,46
borough,Hackney,2019-20,NSSEC5,NS SEC 9: Students and other/unclassified,72.4,13.6,13.9,43
borough,Hammersmith and Fulham,2019-20,NSSEC5,NS SEC 1-2: Higher social groups,81.7,8.6,9.7,315
borough,Hammersmith and Fulham,2019-20,NSSEC5,NS SEC 3-5: Middle social groups,72.8,13.5,13.7,64
borough,Hammersmith and Fulham,2019-20,NSSEC5,NS SEC 9: Students and other/unclassified,81.1,7.4,11.5,57
borough,Haringey,2019-20,NSSEC5,NS SEC 1-2: Higher social groups,79.7,8.4,11.8,309
borough,Haringey,2019-20,NSSEC5,NS SEC 3-5: Middle social groups,77.5,3.6,18.9,73
borough,Haringey,2019-20,NSSEC5,NS SEC 6-8: Lower social groups,37.1,15.2,47.8,36
borough,Haringey,2019-20,NSSEC5,NS SEC 9: Students and other/unclassified,56.0,7.0,37.0,55
borough,Harrow,2019-20,NSSEC5,NS SEC 1-2: Higher social groups,66.1,12.8,21.1,268
borough,Harrow,2019-20,NSSEC5,NS SEC 3-5: Middle social groups,59.2,13.5,27.3,92
borough,Harrow,2019-20,NSSEC5,NS SEC 6-8: Lower social groups,40.2,6.9,52.9,41
borough,Harrow,2019-20,NSSEC5,NS SEC 9: Students and other/unclassified,61.3,13.1,25.6,53
borough,Havering,2019-20,NSSEC5,NS SEC 1-2: Higher social groups,71.1,11.0,17.8,226
borough,Havering,2019-20,NSSEC5,NS SEC 3-5: Middle social groups,53.0,16.2,30.8,118
borough,Havering,2019-20,NSSEC5,NS SEC 6-8: Lower social groups,59.6,10.9,29.5,61
borough,Hillingdon,2019-20,NSSEC5,NS SEC 1-2: Higher social groups,64.5,14.3,21.2,244
borough,Hillingdon,2019-20,NSSEC5,NS SEC 3-5: Middle social groups,64.4,3.1,32.5,104
borough,Hillingdon,2019-20,NSSEC5,NS SEC 6-8: Lower social groups,57.4,3.9,38.7,59
borough,Hillingdon,2019-20,NSSEC5,NS SEC 9: Students and other/unclassified,70.4,5.9,23.6,44
borough,Hounslow,2019-20,NSSEC5,NS SEC 1-2: Higher social groups,64.9,13.1,22.0,249
borough,Hounslow,2019-20,NSSEC5,NS SEC 3-5: Middle social groups,60.3,11.4,28.3,108
borough,Hounslow,2019-20,NSSEC5,NS SEC 6-8: Lower social groups,50.6,17.8,31.6,63
borough,Hounslow,2019-20,NSSEC5,NS SEC 9: Students and other/unclassified,69.7,9.6,20.7,51
borough,Islington,2019-20,NSSEC5,NS SEC 1-2: Higher social groups,83.0,6.7,10.3,351
borough,Islington,2019-20,NSSEC5,NS SEC 3-5: Middle social groups,68.2,7.6,24.1,52
borough,Islington,2019-20,NSSEC5,NS SEC 6-8: Lower social groups,32.3,14.9,52.8,37
borough,Islington,2019-20,NSSEC5,NS SEC 9: Students and other/unclassified,77.8,8.3,13.9,56
borough,Kensington and Chelsea,2019-20,NSSEC5,NS SEC 1-2: Higher social groups,75.7,12.6,11.7,294
borough,Kensington and Chelsea,2019-20,NSSEC5,NS SEC 3-5: Middle social groups,63.1,22.6,14.4,69
borough,Kensington and Chelsea,2019-20,NSSEC5,NS SEC 9: Students and other/unclassified,79.8,0.5,19.7,52
borough,Kingston upon Thames,2019-20,NSSEC5,NS SEC 1-2: Higher social groups,81.6,8.1,10.3,330
borough,Kingston upon Thames,2019-20,NSSEC5,NS SEC 3-5: Middle social groups,65.1,9.8,25.2,66
borough,Kingston upon Thames,2019-20,NSSEC5,NS SEC 6-8: Lower social groups,45.4,11.6,43.0,31
borough,Kingston upon Thames,2019-20,NSSEC5,NS SEC 9: Students and other/unclassified,67.3,19.9,12.8,37
borough,Lambeth,2019-20,NSSEC5,NS SEC 1-2: Higher social groups,86.1,6.5,7.4,334
borough,Lambeth,2019-20,NSSEC5,NS SEC 3-5: Middle social groups,68.9,14.8,16.3,65
borough,Lambeth,2019-20,NSSEC5,NS SEC 6-8: Lower social groups,36.6,23.0,40.4,31
borough,Lambeth,2019-20,NSSEC5,NS SEC 9: Students and other/unclassified,77.2,14.0,8.8,44
borough,Lewisham,2019-20,NSSEC5,NS SEC 1-2: Higher social groups,80.0,12.0,8.0,346
borough,Lewisham,2019-20,NSSEC5,NS SEC 3-5: Middle social groups,61.1,18.5,20.5,85
borough,Lewisham,2019-20,NSSEC5,NS SEC 6-8: Lower social groups,66.5,5.2,28.3,35
borough,Lewisham,2019-20,NSSEC5,NS SEC 9: Students and other/unclassified,58.4,12.0,29.7,47
borough,Merton,2019-20,NSSEC5,NS SEC 1-2: Higher social groups,74.8,12.3,12.9,325
borough,Merton,2019-20,NSSEC5,NS SEC 3-5: Middle social groups,54.2,21.2,24.6,80
borough,Merton,2019-20,NSSEC5,NS SEC 6-8: Lower social groups,40.2,6.0,53.8,39
borough,Merton,2019-20,NSSEC5,NS SEC 9: Students and other/unclassified,74.2,7.4,18.3,46
borough,Newham,2019-20,NSSEC5,NS SEC 1-2: Higher social groups,62.3,12.0,25.7,257
borough,Newham,2019-20,NSSEC5,NS SEC 3-5: Middle social groups,54.3,8.6,37.1,86
borough,Newham,2019-20,NSSEC5,NS SEC 6-8: Lower social groups,51.3,14.4,34.3,71
borough,Newham,2019-20,NSSEC5,NS SEC 9: Students and other/unclassified,44.3,15.4,40.3,76
borough,Redbridge,2019-20,NSSEC5,NS SEC 1-2: Higher social groups,63.6,14.2,22.1,259
borough,Redbridge,2019-20,NSSEC5,NS SEC 3-5: Middle social groups,45.7,16.5,37.8,104
borough,Redbridge,2019-20,NSSEC5,NS SEC 6-8: Lower social groups,58.7,7.9,33.4,54
borough,Redbridge,2019-20,NSSEC5,NS SEC 9: Students and other/unclassified,52.8,19.8,27.4,62
borough,Richmond upon Thames,2019-20,NSSEC5,NS SEC 1-2: Higher social groups,81.0,7.7,11.3,333
borough,Richmond upon Thames,2019-20,NSSEC5,NS SEC 3-5: Middle social groups,73.8,9.3,16.9,72
borough,Richmond upon Thames,2019-20,NSSEC5,NS SEC 9: Students and other/unclassified,73.5,0.0,26.5,40
borough,Southwark,2019-20,NSSEC5,NS SEC 1-2: Higher social groups,80.9,7.9,11.3,341
borough,Southwark,2019-20,NSSEC5,NS SEC 3-5: Middle social groups,73.1,10.7,16.3,74
borough,Southwark,2019-20,NSSEC5,NS SEC 6-8: Lower social groups,56.1,2.2,41.6,37
borough,Southwark,2019-20,NSSEC5,NS SEC 9: Students and other/unclassified,53.6,10.2,36.2,61
borough,Sutton,2019-20,NSSEC5,NS SEC 1-2: Higher social groups,78.2,6.5,15.3,267
borough,Sutton,2019-20,NSSEC5,NS SEC 3-5: Middle social groups,69.0,7.0,24.0,110
borough,Sutton,2019-20,NSSEC5,NS SEC 6-8: Lower social groups,59.2,4.1,36.7,34
borough,Sutton,2019-20,NSSEC5,NS SEC 9: Students and other/unclassified,55.0,20.8,24.2,34
borough,Tower Hamlets,2019-20,NSSEC5,NS SEC 1-2: Higher social groups,76.2,11.1,12.7,305
borough,Tower Hamlets,2019-20,NSSEC5,NS SEC 3-5: Middle social groups,61.3,5.0,33.8,64
borough,Tower Hamlets,2019-20,NSSEC5,NS SEC 6-8: Lower social groups,41.6,4.7,53.7,64
borough,Tower Hamlets,2019-20,NSSEC5,NS SEC 9: Students and other/unclassified,57.4,8.3,34.2,64
borough,Waltham Forest,2019-20,NSSEC5,NS SEC 1-2: Higher social groups,78.2,9.6,12.2,303
borough,Waltham Forest,2019-20,NSSEC5,NS SEC 3-5: Middle social groups,61.2,11.7,27.0,99
borough,Waltham Forest,2019-20,NSSEC5,NS SEC 6-8: Lower social groups,46.6,18.0,35.4,43
borough,Waltham Forest,2019-20,NSSEC5,NS SEC 9: Students and other/unclassified,56.5,9.3,34.2,46
borough,Wandsworth,2019-20,NSSEC5,NS SEC 1-2: Higher social groups,77.9,8.8,13.3,348
borough,Wandsworth,2019-20,NSSEC5,NS SEC 3-5: Middle social groups,59.6,19.4,21.0,66
borough,Wandsworth,2019-20,NSSEC5,NS SEC 9: Students and other/unclassified,73.9,3.4,22.7,39
borough,Westminster,2019-20,NSSEC5,NS SEC 1-2: Higher social groups,78.6,9.6,11.9,265
borough,Westminster,2019-20,NSSEC5,NS SEC 3-5: Middle social groups,55.5,11.0,33.5,73
borough,Westminster,2019-20,NSSEC5,NS SEC 6-8: Lower social groups,37.4,22.5,40.1,40
borough,Westminster,2019-20,NSSEC5,NS SEC 9: Students and other/unclassified,63.8,9.2,27.0,52
London-wide,London-wide,2019-20,Orient4,Bisexual,84.4,5.7,9.9,127
London-wide,London-wide,2019-20,Orient4,Gay or Lesbian,75.6,8.1,16.4,260
London-wide,London-wide,2019-20,Orient4,Heterosexual or Straight,66.1,11.4,22.5,5270
London-wide,London-wide,2019-20,Orient4,Other sexual orientation,56.9,17.5,25.5,33
London-wide,London-wide,2019-20,Relig7,Any other religion,75.7,6.8,17.5,66
London-wide,London-wide,2019-20,Relig7,Buddhist,62.1,21.7,16.2,71
London-wide,London-wide,2019-20,Relig7,Christian,67.9,10.0,22.0,2465
London-wide,London-wide,2019-20,Relig7,Hindu,61.5,8.0,30.5,316
London-wide,London-wide,2019-20,Relig7,Jewish,50.7,19.6,29.7,135
London-wide,London-wide,2019-20,Relig7,Muslim,50.0,12.0,37.9,459
London-wide,London-wide,2019-20,Relig7,No religion,74.7,12.0,13.3,1926
London-wide,London-wide,2019-20,Relig7,Sikh,56.0,10.3,33.7,63
