session_id,provider_group,source_operator,name,activity_type,activity_raw,is_free,price_gbp,location_name,postcode,borough,latitude,longitude,start_time,end_time,days_of_week,session_count,is_online,url
TH_0,Be Well - Tower Hamlets,Be Well - London Borough of Tower Hamlets,Aerobics,Group Exercise,Tiller Group Ex,False,16.65,Tiller Leisure Centre,E14 8PX,Tower Hamlets,51.496328266681,-0.0218796717363112,18:00,19:00,Wednesday,1,False,https://be-well.org.uk/centres/tiller-leisure-centre/
TH_1,Be Well - Tower Hamlets,Be Well - London Borough of Tower Hamlets,Aerobics Basic,Group Exercise,John Orwell Group Ex,False,16.65,John Orwell Sports Centre,E1W 2QD,Tower Hamlets,51.50487234184735,-0.0614756998345731,10:30,11:30,Wednesday,1,False,https://be-well.org.uk/centres/john-orwell-sports-centre/
TH_2,Be Well - Tower Hamlets,Be Well - London Borough of Tower Hamlets,Aerobics Basic,Group Exercise,Tiller Group Ex,False,16.65,Tiller Leisure Centre,E14 8PX,Tower Hamlets,51.496328266681,-0.0218796717363112,09:30,10:30,Wednesday,1,False,https://be-well.org.uk/centres/tiller-leisure-centre/
TH_3,Be Well - Tower Hamlets,Be Well - London Borough of Tower Hamlets,Aqua Aerobics,Swimming,Tiller Group Ex,False,16.65,Tiller Leisure Centre,E14 8PX,Tower Hamlets,51.496328266681,-0.0218796717363112,09:00,10:00,Thursday,1,False,https://be-well.org.uk/centres/tiller-leisure-centre/
TH_4,Be Well - Tower Hamlets,Be Well - London Borough of Tower Hamlets,Aqua Aerobics,Swimming,York Hall Group Ex,False,16.65, York Hall Leisure Centre,E2 9PJ,Tower Hamlets,51.52995217963927,-0.0558973331840584,18:30,19:30,Monday,2,False,https://be-well.org.uk/centres/york-hall-leisure-centre/
TH_5,Be Well - Tower Hamlets,Be Well - London Borough of Tower Hamlets,Aqua Aerobics - W.O,Swimming,Mile End Group Ex,False,16.65,Mile End Park Leisure Centre,E3 4HL,Tower Hamlets,51.51953920090171,-0.0322499306855374,12:30,13:30,Tuesday,1,False,https://be-well.org.uk/centres/mile-end-leisure-centre-and-stadium/
TH_6,Be Well - Tower Hamlets,Be Well - London Borough of Tower Hamlets,Aqua Aerobics - W.O,Swimming,Tiller Group Ex,False,16.65,Tiller Leisure Centre,E14 8PX,Tower Hamlets,51.496328266681,-0.0218796717363112,19:00,20:00,Thursday,1,False,https://be-well.org.uk/centres/tiller-leisure-centre/
TH_7,Be Well - Tower Hamlets,Be Well - London Borough of Tower Hamlets,Aqua Aerobics - W.O,Swimming,York Hall Group Ex,False,16.65, York Hall Leisure Centre,E2 9PJ,Tower Hamlets,51.52995217963927,-0.0558973331840584,19:00,20:00,Tuesday,1,False,https://be-well.org.uk/centres/york-hall-leisure-centre/
TH_8,Be Well - Tower Hamlets,Be Well - London Borough of Tower Hamlets,Athletics Drop In,Walking / Running,Track Sessions,False,5.3,Mile End Park Leisure Centre,E3 4HL,Tower Hamlets,51.51953920090171,-0.0322499306855374,12:00,13:00,"Sunday, Monday, Tuesday, Wednesday, Thursday, Friday, Saturday",14,False,https://be-well.org.uk/centres/mile-end-leisure-centre-and-stadium/
TH_9,Be Well - Tower Hamlets,Be Well - London Borough of Tower Hamlets,Ballet Fit,Other / Unspecified,Mile End Group Ex,False,16.65,Mile End Park Leisure Centre,E3 4HL,Tower Hamlets,51.51953920090171,-0.0322499306855374,10:45,11:30,Wednesday,1,False,https://be-well.org.uk/centres/mile-end-leisure-centre-and-stadium/
TH_10,Be Well - Tower Hamlets,Be Well - London Borough of Tower Hamlets,Body Conditioning,Gym / Fitness,John Orwell Group Ex,False,16.65,John Orwell Sports Centre,E1W 2QD,Tower Hamlets,51.50487234184735,-0.0614756998345731,09:30,10:30,Wednesday,2,False,https://be-well.org.uk/centres/john-orwell-sports-centre/
TH_11,Be Well - Tower Hamlets,Be Well - London Borough of Tower Hamlets,Body Conditioning,Gym / Fitness,Mile End Group Ex,False,16.65,Mile End Park Leisure Centre,E3 4HL,Tower Hamlets,51.51953920090171,-0.0322499306855374,18:00,19:00,Thursday,3,False,https://be-well.org.uk/centres/mile-end-leisure-centre-and-stadium/
TH_12,Be Well - Tower Hamlets,Be Well - London Borough of Tower Hamlets,Body Conditioning,Gym / Fitness,Poplar Group Ex,False,16.65, Poplar Baths Leisure Centre and Gym,E14 0ED,Tower Hamlets,51.511092905004745,-0.0139868817320598,18:15,19:15,Monday,1,False,https://be-well.org.uk/centres/poplar-baths-leisure-centre-and-gym/
TH_13,Be Well - Tower Hamlets,Be Well - London Borough of Tower Hamlets,Body Conditioning,Gym / Fitness,Tiller Group Ex,False,16.65,Tiller Leisure Centre,E14 8PX,Tower Hamlets,51.496328266681,-0.0218796717363112,09:15,10:00,Monday,1,False,https://be-well.org.uk/centres/tiller-leisure-centre/
TH_14,Be Well - Tower Hamlets,Be Well - London Borough of Tower Hamlets,Body Conditioning,Gym / Fitness,Whitechapel Group Ex,False,16.65,Whitechapel Sports Centre,E1 5BA,Tower Hamlets,51.519950646840734,-0.0614251756687532,09:30,10:30,Monday,1,False,https://be-well.org.uk/centres/whitechapel-sports-centre/
TH_15,Be Well - Tower Hamlets,Be Well - London Borough of Tower Hamlets,Body Conditioning,Gym / Fitness,York Hall Group Ex,False,16.65, York Hall Leisure Centre,E2 9PJ,Tower Hamlets,51.52995217963927,-0.0558973331840584,10:00,11:00,Monday,2,False,https://be-well.org.uk/centres/york-hall-leisure-centre/
TH_16,Be Well - Tower Hamlets,Be Well - London Borough of Tower Hamlets,Body Conditioning - W.O,Gym / Fitness,Whitechapel Group Ex,False,16.65,Whitechapel Sports Centre,E1 5BA,Tower Hamlets,51.519950646840734,-0.0614251756687532,10:30,11:30,Saturday,1,False,https://be-well.org.uk/centres/whitechapel-sports-centre/
TH_17,Be Well - Tower Hamlets,Be Well - London Borough of Tower Hamlets,Boxercise,Martial Arts,Poplar Group Ex,False,16.65, Poplar Baths Leisure Centre and Gym,E14 0ED,Tower Hamlets,51.511092905004745,-0.0139868817320598,12:00,12:45,Friday,1,False,https://be-well.org.uk/centres/poplar-baths-leisure-centre-and-gym/
TH_18,Be Well - Tower Hamlets,Be Well - London Borough of Tower Hamlets,Boxfit,Martial Arts,John Orwell Group Ex,False,16.65,John Orwell Sports Centre,E1W 2QD,Tower Hamlets,51.50487234184735,-0.0614756998345731,18:30,19:30,Friday,2,False,https://be-well.org.uk/centres/john-orwell-sports-centre/
TH_19,Be Well - Tower Hamlets,Be Well - London Borough of Tower Hamlets,Boxfit,Martial Arts,Mile End Group Ex,False,16.65,Mile End Park Leisure Centre,E3 4HL,Tower Hamlets,51.51953920090171,-0.0322499306855374,18:00,19:00,Tuesday,4,False,https://be-well.org.uk/centres/mile-end-leisure-centre-and-stadium/
TH_20,Be Well - Tower Hamlets,Be Well - London Borough of Tower Hamlets,Boxfit,Martial Arts,Poplar Group Ex,False,16.65, Poplar Baths Leisure Centre and Gym,E14 0ED,Tower Hamlets,51.511092905004745,-0.0139868817320598,18:45,19:45,Tuesday,1,False,https://be-well.org.uk/centres/poplar-baths-leisure-centre-and-gym/
TH_21,Be Well - Tower Hamlets,Be Well - London Borough of Tower Hamlets,Boxfit,Martial Arts,York Hall Group Ex,False,16.65, York Hall Leisure Centre,E2 9PJ,Tower Hamlets,51.52995217963927,-0.0558973331840584,18:30,19:30,Thursday,1,False,https://be-well.org.uk/centres/york-hall-leisure-centre/
TH_22,Be Well - Tower Hamlets,Be Well - London Borough of Tower Hamlets,Cardio - Junior,Other / Unspecified,Mile End Group Ex,False,16.65,Mile End Park Leisure Centre,E3 4HL,Tower Hamlets,51.51953920090171,-0.0322499306855374,17:00,17:30,Friday,1,False,https://be-well.org.uk/centres/mile-end-leisure-centre-and-stadium/
TH_23,Be Well - Tower Hamlets,Be Well - London Borough of Tower Hamlets,Circuit Training,Gym / Fitness,Mile End Group Ex,False,16.65,Mile End Park Leisure Centre,E3 4HL,Tower Hamlets,51.51953920090171,-0.0322499306855374,18:00,19:00,Wednesday,2,False,https://be-well.org.uk/centres/mile-end-leisure-centre-and-stadium/
TH_24,Be Well - Tower Hamlets,Be Well - London Borough of Tower Hamlets,Circuit Training,Gym / Fitness,York Hall Group Ex,False,16.65, York Hall Leisure Centre,E2 9PJ,Tower Hamlets,51.52995217963927,-0.0558973331840584,19:25,20:25,Monday,1,False,https://be-well.org.uk/centres/york-hall-leisure-centre/
TH_25,Be Well - Tower Hamlets,Be Well - London Borough of Tower Hamlets,Conditioning - Junior,Gym / Fitness,Mile End Group Ex,False,16.65,Mile End Park Leisure Centre,E3 4HL,Tower Hamlets,51.51953920090171,-0.0322499306855374,17:00,17:30,Wednesday,1,False,https://be-well.org.uk/centres/mile-end-leisure-centre-and-stadium/
TH_26,Be Well - Tower Hamlets,Be Well - London Borough of Tower Hamlets,Core Conditioning,Gym / Fitness,Mile End Group Ex,False,16.65,Mile End Park Leisure Centre,E3 4HL,Tower Hamlets,51.51953920090171,-0.0322499306855374,10:00,10:45,Wednesday,1,False,https://be-well.org.uk/centres/mile-end-leisure-centre-and-stadium/
TH_27,Be Well - Tower Hamlets,Be Well - London Borough of Tower Hamlets,Core Conditioning,Gym / Fitness,Poplar Group Ex,False,16.65, Poplar Baths Leisure Centre and Gym,E14 0ED,Tower Hamlets,51.511092905004745,-0.0139868817320598,10:15,11:00,Thursday,1,False,https://be-well.org.uk/centres/poplar-baths-leisure-centre-and-gym/
TH_28,Be Well - Tower Hamlets,Be Well - London Borough of Tower Hamlets,Dance Fitness,Dance,Mile End Group Ex,False,16.65,Mile End Park Leisure Centre,E3 4HL,Tower Hamlets,51.51953920090171,-0.0322499306855374,10:00,11:00,Sunday,2,False,https://be-well.org.uk/centres/mile-end-leisure-centre-and-stadium/
TH_29,Be Well - Tower Hamlets,Be Well - London Borough of Tower Hamlets,Dance Fitness,Dance,York Hall Group Ex,False,16.65, York Hall Leisure Centre,E2 9PJ,Tower Hamlets,51.52995217963927,-0.0558973331840584,11:30,12:30,Saturday,1,False,https://be-well.org.uk/centres/york-hall-leisure-centre/
TH_30,Be Well - Tower Hamlets,Be Well - London Borough of Tower Hamlets,Family Fun Swim,Swimming,Poplar Swim For All,False,7.9, Poplar Baths Leisure Centre and Gym,E14 0ED,Tower Hamlets,51.511092905004745,-0.0139868817320598,13:00,14:00,Sunday,6,False,https://be-well.org.uk/centres/poplar-baths-leisure-centre-and-gym/
TH_31,Be Well - Tower Hamlets,Be Well - London Borough of Tower Hamlets,Family Fun Swim,Swimming,York Hall Swim For All,False,8.3, York Hall Leisure Centre,E2 9PJ,Tower Hamlets,51.52995217963927,-0.0558973331840584,10:00,11:00,Sunday,6,False,https://be-well.org.uk/centres/york-hall-leisure-centre/
TH_32,Be Well - Tower Hamlets,Be Well - London Borough of Tower Hamlets,For The Girls,Other / Unspecified,Activities,False,3.9,John Orwell Sports Centre,E1W 2QD,Tower Hamlets,51.50487234184735,-0.0614756998345731,17:30,19:00,Tuesday,1,False,https://be-well.org.uk/centres/john-orwell-sports-centre/
TH_33,Be Well - Tower Hamlets,Be Well - London Borough of Tower Hamlets,Free Men Only Swimming,Swimming,Men Only Sessions,False,7.9,Mile End Park Leisure Centre,E3 4HL,Tower Hamlets,51.51953920090171,-0.0322499306855374,21:00,22:00,Wednesday,1,False,https://be-well.org.uk/centres/mile-end-leisure-centre-and-stadium/
TH_34,Be Well - Tower Hamlets,Be Well - London Borough of Tower Hamlets,Free Swimming,Swimming,Free Swimming,False,8.3, Poplar Baths Leisure Centre and Gym,E14 0ED,Tower Hamlets,51.511092905004745,-0.0139868817320598,08:00,09:00,"Sunday, Saturday",21,False,https://be-well.org.uk/centres/poplar-baths-leisure-centre-and-gym/
TH_35,Be Well - Tower Hamlets,Be Well - London Borough of Tower Hamlets,Free Swimming,Swimming,Free Swimming,False,8.3, York Hall Leisure Centre,E2 9PJ,Tower Hamlets,51.52995217963927,-0.0558973331840584,19:30,20:30,Thursday,23,False,https://be-well.org.uk/centres/york-hall-leisure-centre/
TH_36,Be Well - Tower Hamlets,Be Well - London Borough of Tower Hamlets,Free Swimming,Swimming,Free Swimming,False,8.3,Mile End Park Leisure Centre,E3 4HL,Tower Hamlets,51.51953920090171,-0.0322499306855374,06:00,07:00,"Monday, Tuesday, Wednesday, Thursday, Friday",15,False,https://be-well.org.uk/centres/mile-end-leisure-centre-and-stadium/
TH_37,Be Well - Tower Hamlets,Be Well - London Borough of Tower Hamlets,Free Swimming,Swimming,Free Swimming,False,8.3,Tiller Leisure Centre,E14 8PX,Tower Hamlets,51.496328266681,-0.0218796717363112,07:30,08:30,Monday,41,False,https://be-well.org.uk/centres/tiller-leisure-centre/
TH_38,Be Well - Tower Hamlets,Be Well - London Borough of Tower Hamlets,Free Swimming Women Only,Swimming,Free Swimming,False,8.3,Tiller Leisure Centre,E14 8PX,Tower Hamlets,51.496328266681,-0.0218796717363112,12:30,13:30,Friday,1,False,https://be-well.org.uk/centres/tiller-leisure-centre/
TH_39,Be Well - Tower Hamlets,Be Well - London Borough of Tower Hamlets,Free Women Only Swimming,Swimming,Free Swimming,False,7.9, Poplar Baths Leisure Centre and Gym,E14 0ED,Tower Hamlets,51.511092905004745,-0.0139868817320598,15:30,16:15,Sunday,4,False,https://be-well.org.uk/centres/poplar-baths-leisure-centre-and-gym/
TH_40,Be Well - Tower Hamlets,Be Well - London Borough of Tower Hamlets,Free Women Only Swimming,Swimming,Free Swimming,False,7.9,Tiller Leisure Centre,E14 8PX,Tower Hamlets,51.496328266681,-0.0218796717363112,19:00,20:00,Thursday,1,False,https://be-well.org.uk/centres/tiller-leisure-centre/
TH_41,Be Well - Tower Hamlets,Be Well - London Borough of Tower Hamlets,Free Women Only Swimming,Swimming,Women Only Sessions,False,7.9,Mile End Park Leisure Centre,E3 4HL,Tower Hamlets,51.51953920090171,-0.0322499306855374,12:00,12:50,Tuesday,6,False,https://be-well.org.uk/centres/mile-end-leisure-centre-and-stadium/
TH_42,Be Well - Tower Hamlets,Be Well - London Borough of Tower Hamlets,Free Women Only Swimming,Swimming,York Hall Women Only,False,25.0, York Hall Leisure Centre,E2 9PJ,Tower Hamlets,51.52995217963927,-0.0558973331840584,12:30,13:30,Monday,3,False,https://be-well.org.uk/centres/york-hall-leisure-centre/
TH_43,Be Well - Tower Hamlets,Be Well - London Borough of Tower Hamlets,Group Cycle,Cycling,Mile End Group Ex,False,16.65,Mile End Park Leisure Centre,E3 4HL,Tower Hamlets,51.51953920090171,-0.0322499306855374,20:00,20:45,Tuesday,7,False,https://be-well.org.uk/centres/mile-end-leisure-centre-and-stadium/
TH_44,Be Well - Tower Hamlets,Be Well - London Borough of Tower Hamlets,Group Cycle,Cycling,Whitechapel Group Ex,False,16.65,Whitechapel Sports Centre,E1 5BA,Tower Hamlets,51.519950646840734,-0.0614251756687532,19:00,19:45,Tuesday,1,False,https://be-well.org.uk/centres/whitechapel-sports-centre/
TH_45,Be Well - Tower Hamlets,Be Well - London Borough of Tower Hamlets,Group Cycling,Cycling,Whitechapel Group Ex,False,16.65,Whitechapel Sports Centre,E1 5BA,Tower Hamlets,51.519950646840734,-0.0614251756687532,12:00,12:45,Friday,2,False,https://be-well.org.uk/centres/whitechapel-sports-centre/
TH_46,Be Well - Tower Hamlets,Be Well - London Borough of Tower Hamlets,Gym Session,Gym / Fitness,John Orwell Gym Session,False,15.0,John Orwell Sports Centre,E1W 2QD,Tower Hamlets,51.50487234184735,-0.0614756998345731,19:30,20:30,"Monday, Tuesday, Wednesday, Thursday, Friday",22,False,https://be-well.org.uk/centres/john-orwell-sports-centre/
TH_47,Be Well - Tower Hamlets,Be Well - London Borough of Tower Hamlets,Gym Session,Gym / Fitness,Mile End Gym Session,False,8.3,Mile End Park Leisure Centre,E3 4HL,Tower Hamlets,51.51953920090171,-0.0322499306855374,18:00,19:00,"Monday, Tuesday, Wednesday, Thursday, Friday",22,False,https://be-well.org.uk/centres/mile-end-leisure-centre-and-stadium/
TH_48,Be Well - Tower Hamlets,Be Well - London Borough of Tower Hamlets,Gym Session,Gym / Fitness,Poplar Baths Gym Session,False,15.0, Poplar Baths Leisure Centre and Gym,E14 0ED,Tower Hamlets,51.511092905004745,-0.0139868817320598,08:30,09:30,"Monday, Tuesday, Wednesday, Thursday, Friday",25,False,https://be-well.org.uk/centres/poplar-baths-leisure-centre-and-gym/
TH_49,Be Well - Tower Hamlets,Be Well - London Borough of Tower Hamlets,Gym Session,Gym / Fitness,Tiller Gym Session,False,15.0,Tiller Leisure Centre,E14 8PX,Tower Hamlets,51.496328266681,-0.0218796717363112,13:30,14:30,"Monday, Tuesday, Wednesday, Thursday, Friday",24,False,https://be-well.org.uk/centres/tiller-leisure-centre/
TH_50,Be Well - Tower Hamlets,Be Well - London Borough of Tower Hamlets,Gym Session,Gym / Fitness,Whitechapel Gym Session,False,15.0,Whitechapel Sports Centre,E1 5BA,Tower Hamlets,51.519950646840734,-0.0614251756687532,15:00,16:00,"Monday, Tuesday, Wednesday, Thursday, Friday",27,False,https://be-well.org.uk/centres/whitechapel-sports-centre/
TH_51,Be Well - Tower Hamlets,Be Well - London Borough of Tower Hamlets,Gym Session - Women Only,Gym / Fitness,Mile End Gym Session,False,15.0,Mile End Park Leisure Centre,E3 4HL,Tower Hamlets,51.51953920090171,-0.0322499306855374,06:00,07:00,"Monday, Tuesday, Wednesday, Thursday, Friday",2,False,https://be-well.org.uk/centres/mile-end-leisure-centre-and-stadium/
TH_52,Be Well - Tower Hamlets,Be Well - London Borough of Tower Hamlets,Gym Session - Women Only,Gym / Fitness,Poplar Women Only Session,False,15.0, Poplar Baths Leisure Centre and Gym,E14 0ED,Tower Hamlets,51.511092905004745,-0.0139868817320598,11:00,12:00,"Monday, Wednesday",12,False,https://be-well.org.uk/centres/poplar-baths-leisure-centre-and-gym/
TH_53,Be Well - Tower Hamlets,Be Well - London Borough of Tower Hamlets,Gym Session - Women Only,Gym / Fitness,Whitechapel Gym Women Onl,False,15.0,Whitechapel Sports Centre,E1 5BA,Tower Hamlets,51.519950646840734,-0.0614251756687532,07:00,08:00,"Monday, Tuesday, Wednesday, Thursday, Friday",19,False,https://be-well.org.uk/centres/whitechapel-sports-centre/
TH_54,Be Well - Tower Hamlets,Be Well - London Borough of Tower Hamlets,Gym Session - Women Only,Gym / Fitness,Women Only Sessions,False,15.0,Mile End Park Leisure Centre,E3 4HL,Tower Hamlets,51.51953920090171,-0.0322499306855374,08:00,09:00,"Sunday, Monday, Tuesday, Wednesday, Thursday, Friday, Saturday",16,False,https://be-well.org.uk/centres/mile-end-leisure-centre-and-stadium/
TH_55,Be Well - Tower Hamlets,Be Well - London Borough of Tower Hamlets,Holiday Club 5-7 Years,Other / Unspecified,Holiday Club,False,24.35,Mile End Park Leisure Centre,E3 4HL,Tower Hamlets,51.51953920090171,-0.0322499306855374,09:00,17:00,"Monday, Tuesday, Wednesday, Thursday",1,False,https://be-well.org.uk/centres/mile-end-leisure-centre-and-stadium/
TH_56,Be Well - Tower Hamlets,Be Well - London Borough of Tower Hamlets,Holiday Club 8-15 Years,Other / Unspecified,Holiday Club,False,24.35,Mile End Park Leisure Centre,E3 4HL,Tower Hamlets,51.51953920090171,-0.0322499306855374,09:00,17:00,"Monday, Tuesday, Wednesday, Thursday",1,False,https://be-well.org.uk/centres/mile-end-leisure-centre-and-stadium/
TH_57,Be Well - Tower Hamlets,Be Well - London Borough of Tower Hamlets,Junior Gym Session,Gym / Fitness,John Orwell Gym Session,False,5.55,John Orwell Sports Centre,E1W 2QD,Tower Hamlets,51.50487234184735,-0.0614756998345731,13:00,14:00,Saturday,8,False,https://be-well.org.uk/centres/john-orwell-sports-centre/
TH_58,Be Well - Tower Hamlets,Be Well - London Borough of Tower Hamlets,Junior Gym Session,Gym / Fitness,Mile End Gym Session,False,5.55,Mile End Park Leisure Centre,E3 4HL,Tower Hamlets,51.51953920090171,-0.0322499306855374,15:30,16:00,"Sunday, Monday, Tuesday, Wednesday, Thursday, Friday, Saturday",7,False,https://be-well.org.uk/centres/mile-end-leisure-centre-and-stadium/
TH_59,Be Well - Tower Hamlets,Be Well - London Borough of Tower Hamlets,Junior Gym Session,Gym / Fitness,Poplar Baths Gym Session,False,5.55, Poplar Baths Leisure Centre and Gym,E14 0ED,Tower Hamlets,51.511092905004745,-0.0139868817320598,16:30,17:30,"Monday, Tuesday, Wednesday, Thursday, Friday",4,False,https://be-well.org.uk/centres/poplar-baths-leisure-centre-and-gym/
TH_60,Be Well - Tower Hamlets,Be Well - London Borough of Tower Hamlets,Junior Gym Session,Gym / Fitness,Tiller Gym Session,False,5.55,Tiller Leisure Centre,E14 8PX,Tower Hamlets,51.496328266681,-0.0218796717363112,11:00,12:00,"Sunday, Saturday",4,False,https://be-well.org.uk/centres/tiller-leisure-centre/
TH_61,Be Well - Tower Hamlets,Be Well - London Borough of Tower Hamlets,Junior Gym Session,Gym / Fitness,Whitechapel Gym Session,False,5.55,Whitechapel Sports Centre,E1 5BA,Tower Hamlets,51.519950646840734,-0.0614251756687532,11:00,12:00,"Sunday, Saturday",6,False,https://be-well.org.uk/centres/whitechapel-sports-centre/
TH_62,Be Well - Tower Hamlets,Be Well - London Borough of Tower Hamlets,Junior Gym Session,Gym / Fitness,York Hall Gym Session,False,5.3, York Hall Leisure Centre,E2 9PJ,Tower Hamlets,51.52995217963927,-0.0558973331840584,15:30,16:30,"Monday, Tuesday, Wednesday, Thursday, Friday",4,False,https://be-well.org.uk/centres/york-hall-leisure-centre/
TH_63,Be Well - Tower Hamlets,Be Well - London Borough of Tower Hamlets,"Legs, Bums & Tums",Gym / Fitness,Mile End Group Ex,False,16.65,Mile End Park Leisure Centre,E3 4HL,Tower Hamlets,51.51953920090171,-0.0322499306855374,11:30,12:30,Tuesday,1,False,https://be-well.org.uk/centres/mile-end-leisure-centre-and-stadium/
TH_64,Be Well - Tower Hamlets,Be Well - London Borough of Tower Hamlets,"Legs, Bums & Tums",Gym / Fitness,Tiller Group Ex,False,16.65,Tiller Leisure Centre,E14 8PX,Tower Hamlets,51.496328266681,-0.0218796717363112,18:00,19:00,Tuesday,2,False,https://be-well.org.uk/centres/tiller-leisure-centre/
TH_65,Be Well - Tower Hamlets,Be Well - London Borough of Tower Hamlets,"Legs, Bums & Tums - W.O",Gym / Fitness,Poplar Group Ex,False,16.65, Poplar Baths Leisure Centre and Gym,E14 0ED,Tower Hamlets,51.511092905004745,-0.0139868817320598,13:30,14:30,Friday,1,False,https://be-well.org.uk/centres/poplar-baths-leisure-centre-and-gym/
TH_66,Be Well - Tower Hamlets,Be Well - London Borough of Tower Hamlets,Men 35 & Over Free Swim,Swimming,Free Swimming,False,8.3, York Hall Leisure Centre,E2 9PJ,Tower Hamlets,51.52995217963927,-0.0558973331840584,16:30,17:30,Wednesday,6,False,https://be-well.org.uk/centres/york-hall-leisure-centre/
TH_67,Be Well - Tower Hamlets,Be Well - London Borough of Tower Hamlets,Men 35 & Over Free Swim,Swimming,Men Only Sessions,False,8.3, Poplar Baths Leisure Centre and Gym,E14 0ED,Tower Hamlets,51.511092905004745,-0.0139868817320598,20:30,21:30,Tuesday,3,False,https://be-well.org.uk/centres/poplar-baths-leisure-centre-and-gym/
TH_68,Be Well - Tower Hamlets,Be Well - London Borough of Tower Hamlets,Men 35 & Over Free Swim,Swimming,Men Only Sessions,False,8.3,Mile End Park Leisure Centre,E3 4HL,Tower Hamlets,51.51953920090171,-0.0322499306855374,12:00,13:00,Saturday,7,False,https://be-well.org.uk/centres/mile-end-leisure-centre-and-stadium/
TH_69,Be Well - Tower Hamlets,Be Well - London Borough of Tower Hamlets,Men 35 & Over Free Swim,Swimming,Men Only Sessions,False,8.3,Tiller Leisure Centre,E14 8PX,Tower Hamlets,51.496328266681,-0.0218796717363112,11:00,12:00,"Sunday, Thursday, Saturday",4,False,https://be-well.org.uk/centres/tiller-leisure-centre/
TH_70,Be Well - Tower Hamlets,Be Well - London Borough of Tower Hamlets,Men Only Health Suite,Other / Unspecified,Men Only Sauna,False,8.3,Whitechapel Sports Centre,E1 5BA,Tower Hamlets,51.519950646840734,-0.0614251756687532,12:00,12:50,"Monday, Tuesday, Wednesday, Thursday, Friday",15,False,https://be-well.org.uk/centres/whitechapel-sports-centre/
TH_71,Be Well - Tower Hamlets,Be Well - London Borough of Tower Hamlets,Men Only Health Suite,Other / Unspecified,Men Only Sessions,False,8.3,Mile End Park Leisure Centre,E3 4HL,Tower Hamlets,51.51953920090171,-0.0322499306855374,15:30,16:30,"Monday, Tuesday",21,False,https://be-well.org.uk/centres/mile-end-leisure-centre-and-stadium/
TH_72,Be Well - Tower Hamlets,Be Well - London Borough of Tower Hamlets,Men Only Swimming,Swimming,Men Only Sessions,False,8.3, Poplar Baths Leisure Centre and Gym,E14 0ED,Tower Hamlets,51.511092905004745,-0.0139868817320598,20:30,21:30,Tuesday,1,False,https://be-well.org.uk/centres/poplar-baths-leisure-centre-and-gym/
TH_73,Be Well - Tower Hamlets,Be Well - London Borough of Tower Hamlets,Men Only Swimming,Swimming,Men Only Sessions,False,8.3,Mile End Park Leisure Centre,E3 4HL,Tower Hamlets,51.51953920090171,-0.0322499306855374,21:00,22:00,Wednesday,1,False,https://be-well.org.uk/centres/mile-end-leisure-centre-and-stadium/
TH_74,Be Well - Tower Hamlets,Be Well - London Borough of Tower Hamlets,Mindfulness,Other / Unspecified,Mile End Group Ex,False,16.65,Mile End Park Leisure Centre,E3 4HL,Tower Hamlets,51.51953920090171,-0.0322499306855374,13:00,13:30,Wednesday,1,False,https://be-well.org.uk/centres/mile-end-leisure-centre-and-stadium/
TH_75,Be Well - Tower Hamlets,Be Well - London Borough of Tower Hamlets,Mixed Health Suite,Other / Unspecified,Mixed Sessions,False,8.4,Mile End Park Leisure Centre,E3 4HL,Tower Hamlets,51.51953920090171,-0.0322499306855374,10:30,11:30,Sunday,11,False,https://be-well.org.uk/centres/mile-end-leisure-centre-and-stadium/
TH_76,Be Well - Tower Hamlets,Be Well - London Borough of Tower Hamlets,No Strings - Advanced,Other / Unspecified,Activities,False,6.6, Poplar Baths Leisure Centre and Gym,E14 0ED,Tower Hamlets,51.511092905004745,-0.0139868817320598,19:40,21:00,Monday,1,False,https://be-well.org.uk/centres/poplar-baths-leisure-centre-and-gym/
TH_77,Be Well - Tower Hamlets,Be Well - London Borough of Tower Hamlets,No Strings - Beginner,Other / Unspecified,Activities,False,6.6, Poplar Baths Leisure Centre and Gym,E14 0ED,Tower Hamlets,51.511092905004745,-0.0139868817320598,18:20,19:40,Monday,1,False,https://be-well.org.uk/centres/poplar-baths-leisure-centre-and-gym/
TH_78,Be Well - Tower Hamlets,Be Well - London Borough of Tower Hamlets,No Strings Badminton,Racquet Sports,Activities,False,6.6,John Orwell Sports Centre,E1W 2QD,Tower Hamlets,51.50487234184735,-0.0614756998345731,12:00,14:00,Monday,2,False,https://be-well.org.uk/centres/john-orwell-sports-centre/
TH_79,Be Well - Tower Hamlets,Be Well - London Borough of Tower Hamlets,No Strings Badminton,Racquet Sports,Activities,False,6.6,Whitechapel Sports Centre,E1 5BA,Tower Hamlets,51.519950646840734,-0.0614251756687532,18:00,19:20,Friday,2,False,https://be-well.org.uk/centres/whitechapel-sports-centre/
TH_80,Be Well - Tower Hamlets,Be Well - London Borough of Tower Hamlets,Parent & Child Free Swim,Swimming,Free Swimming,False,8.3, Poplar Baths Leisure Centre and Gym,E14 0ED,Tower Hamlets,51.511092905004745,-0.0139868817320598,15:00,15:45,Tuesday,9,False,https://be-well.org.uk/centres/poplar-baths-leisure-centre-and-gym/
TH_81,Be Well - Tower Hamlets,Be Well - London Borough of Tower Hamlets,Parent & Child Free Swim,Swimming,Free Swimming,False,8.3, York Hall Leisure Centre,E2 9PJ,Tower Hamlets,51.52995217963927,-0.0558973331840584,14:45,15:30,Tuesday,10,False,https://be-well.org.uk/centres/york-hall-leisure-centre/
TH_82,Be Well - Tower Hamlets,Be Well - London Borough of Tower Hamlets,Parent & Child Free Swim,Swimming,Free Swimming,True,0.0,Mile End Park Leisure Centre,E3 4HL,Tower Hamlets,51.51953920090171,-0.0322499306855374,08:30,09:15,Tuesday,13,False,https://be-well.org.uk/centres/mile-end-leisure-centre-and-stadium/
TH_83,Be Well - Tower Hamlets,Be Well - London Borough of Tower Hamlets,Parent & Child Free Swim,Swimming,Free Swimming,True,0.0,Tiller Leisure Centre,E14 8PX,Tower Hamlets,51.496328266681,-0.0218796717363112,12:00,12:45,Sunday,5,False,https://be-well.org.uk/centres/tiller-leisure-centre/
TH_84,Be Well - Tower Hamlets,Be Well - London Borough of Tower Hamlets,Pilates,"Yoga, Pilates & Studio",John Orwell Group Ex,False,16.65,John Orwell Sports Centre,E1W 2QD,Tower Hamlets,51.50487234184735,-0.0614756998345731,10:00,11:00,Thursday,2,False,https://be-well.org.uk/centres/john-orwell-sports-centre/
TH_85,Be Well - Tower Hamlets,Be Well - London Borough of Tower Hamlets,Pilates,"Yoga, Pilates & Studio",Mile End Group Ex,False,16.65,Mile End Park Leisure Centre,E3 4HL,Tower Hamlets,51.51953920090171,-0.0322499306855374,18:30,19:30,Friday,3,False,https://be-well.org.uk/centres/mile-end-leisure-centre-and-stadium/
TH_86,Be Well - Tower Hamlets,Be Well - London Borough of Tower Hamlets,Pilates,"Yoga, Pilates & Studio",Poplar Group Ex,False,16.65, Poplar Baths Leisure Centre and Gym,E14 0ED,Tower Hamlets,51.511092905004745,-0.0139868817320598,17:30,18:30,Tuesday,3,False,https://be-well.org.uk/centres/poplar-baths-leisure-centre-and-gym/
TH_87,Be Well - Tower Hamlets,Be Well - London Borough of Tower Hamlets,Pilates,"Yoga, Pilates & Studio",Tiller Group Ex,False,16.65,Tiller Leisure Centre,E14 8PX,Tower Hamlets,51.496328266681,-0.0218796717363112,19:00,20:00,Wednesday,3,False,https://be-well.org.uk/centres/tiller-leisure-centre/
TH_88,Be Well - Tower Hamlets,Be Well - London Borough of Tower Hamlets,Pilates,"Yoga, Pilates & Studio",Whitechapel Group Ex,False,16.65,Whitechapel Sports Centre,E1 5BA,Tower Hamlets,51.519950646840734,-0.0614251756687532,18:00,19:00,Thursday,2,False,https://be-well.org.uk/centres/whitechapel-sports-centre/
TH_89,Be Well - Tower Hamlets,Be Well - London Borough of Tower Hamlets,Power Pump,Other / Unspecified,Mile End Group Ex,False,16.65,Mile End Park Leisure Centre,E3 4HL,Tower Hamlets,51.51953920090171,-0.0322499306855374,13:00,14:00,Saturday,3,False,https://be-well.org.uk/centres/mile-end-leisure-centre-and-stadium/
TH_90,Be Well - Tower Hamlets,Be Well - London Borough of Tower Hamlets,Power Pump,Other / Unspecified,Poplar Group Ex,False,16.65, Poplar Baths Leisure Centre and Gym,E14 0ED,Tower Hamlets,51.511092905004745,-0.0139868817320598,20:00,20:45,Tuesday,2,False,https://be-well.org.uk/centres/poplar-baths-leisure-centre-and-gym/
TH_91,Be Well - Tower Hamlets,Be Well - London Borough of Tower Hamlets,Power Pump,Other / Unspecified,Tiller Group Ex,False,16.65,Tiller Leisure Centre,E14 8PX,Tower Hamlets,51.496328266681,-0.0218796717363112,11:00,12:15,Saturday,3,False,https://be-well.org.uk/centres/tiller-leisure-centre/
TH_92,Be Well - Tower Hamlets,Be Well - London Borough of Tower Hamlets,Power Pump,Other / Unspecified,Whitechapel Group Ex,False,16.65,Whitechapel Sports Centre,E1 5BA,Tower Hamlets,51.519950646840734,-0.0614251756687532,18:00,19:00,Tuesday,3,False,https://be-well.org.uk/centres/whitechapel-sports-centre/
TH_93,Be Well - Tower Hamlets,Be Well - London Borough of Tower Hamlets,Power Pump,Other / Unspecified,York Hall Group Ex,False,16.65, York Hall Leisure Centre,E2 9PJ,Tower Hamlets,51.52995217963927,-0.0558973331840584,10:30,11:30,Saturday,1,False,https://be-well.org.uk/centres/york-hall-leisure-centre/
TH_94,Be Well - Tower Hamlets,Be Well - London Borough of Tower Hamlets,Self Defence - W.O,Other / Unspecified,Tiller Group Ex,False,16.65,Tiller Leisure Centre,E14 8PX,Tower Hamlets,51.496328266681,-0.0218796717363112,12:15,13:00,Saturday,1,False,https://be-well.org.uk/centres/tiller-leisure-centre/
TH_95,Be Well - Tower Hamlets,Be Well - London Borough of Tower Hamlets,Soft Play Session,Wellness & Facility Access,Mile End Soft Play,True,0.0,Mile End Park Leisure Centre,E3 4HL,Tower Hamlets,51.51953920090171,-0.0322499306855374,09:00,10:00,"Sunday, Monday, Tuesday, Wednesday, Thursday, Friday, Saturday",12,False,https://be-well.org.uk/centres/mile-end-leisure-centre-and-stadium/
TH_96,Be Well - Tower Hamlets,Be Well - London Borough of Tower Hamlets,Soft Play Session,Wellness & Facility Access,Tiller Soft Play,False,4.2,Tiller Leisure Centre,E14 8PX,Tower Hamlets,51.496328266681,-0.0218796717363112,12:00,13:00,"Sunday, Monday, Tuesday, Wednesday, Thursday, Friday, Saturday",8,False,https://be-well.org.uk/centres/tiller-leisure-centre/
TH_97,Be Well - Tower Hamlets,Be Well - London Borough of Tower Hamlets,Step,Other / Unspecified,Mile End Group Ex,False,16.65,Mile End Park Leisure Centre,E3 4HL,Tower Hamlets,51.51953920090171,-0.0322499306855374,10:00,11:00,Monday,1,False,https://be-well.org.uk/centres/mile-end-leisure-centre-and-stadium/
TH_98,Be Well - Tower Hamlets,Be Well - London Borough of Tower Hamlets,Step Aerobics,Group Exercise,Mile End Group Ex,False,16.65,Mile End Park Leisure Centre,E3 4HL,Tower Hamlets,51.51953920090171,-0.0322499306855374,19:00,20:00,Thursday,1,False,https://be-well.org.uk/centres/mile-end-leisure-centre-and-stadium/
TH_99,Be Well - Tower Hamlets,Be Well - London Borough of Tower Hamlets,Step Aerobics,Group Exercise,Whitechapel Group Ex,False,16.65,Whitechapel Sports Centre,E1 5BA,Tower Hamlets,51.519950646840734,-0.0614251756687532,18:00,19:00,Wednesday,1,False,https://be-well.org.uk/centres/whitechapel-sports-centre/
TH_100,Be Well - Tower Hamlets,Be Well - London Borough of Tower Hamlets,Swim For All,Swimming,Mile End Swim For All,False,8.3,Mile End Park Leisure Centre,E3 4HL,Tower Hamlets,51.51953920090171,-0.0322499306855374,08:00,09:00,Sunday,19,False,https://be-well.org.uk/centres/mile-end-leisure-centre-and-stadium/
TH_101,Be Well - Tower Hamlets,Be Well - London Borough of Tower Hamlets,Swim For All,Swimming,Poplar Swim For All,False,7.9, Poplar Baths Leisure Centre and Gym,E14 0ED,Tower Hamlets,51.511092905004745,-0.0139868817320598,14:00,15:00,Sunday,7,False,https://be-well.org.uk/centres/poplar-baths-leisure-centre-and-gym/
TH_102,Be Well - Tower Hamlets,Be Well - London Borough of Tower Hamlets,Swim For All,Swimming,Tiller Swim For All,False,8.3,Tiller Leisure Centre,E14 8PX,Tower Hamlets,51.496328266681,-0.0218796717363112,15:30,16:30,"Sunday, Saturday",1,False,https://be-well.org.uk/centres/tiller-leisure-centre/
TH_103,Be Well - Tower Hamlets,Be Well - London Borough of Tower Hamlets,Swim For All - Main Pool,Swimming,Poplar Swim For All,False,8.3, Poplar Baths Leisure Centre and Gym,E14 0ED,Tower Hamlets,51.511092905004745,-0.0139868817320598,14:00,15:00,Saturday,6,False,https://be-well.org.uk/centres/poplar-baths-leisure-centre-and-gym/
TH_104,Be Well - Tower Hamlets,Be Well - London Borough of Tower Hamlets,Swim For All - Main Pool,Swimming,York Hall Swim For All,False,8.3, York Hall Leisure Centre,E2 9PJ,Tower Hamlets,51.52995217963927,-0.0558973331840584,13:00,14:00,Saturday,12,False,https://be-well.org.uk/centres/york-hall-leisure-centre/
TH_105,Be Well - Tower Hamlets,Be Well - London Borough of Tower Hamlets,Swim For All - Small Pool,Swimming,Mile End Swim For All,False,8.3,Mile End Park Leisure Centre,E3 4HL,Tower Hamlets,51.51953920090171,-0.0322499306855374,13:00,14:00,Sunday,7,False,https://be-well.org.uk/centres/mile-end-leisure-centre-and-stadium/
TH_106,Be Well - Tower Hamlets,Be Well - London Borough of Tower Hamlets,Swim For Fitness,Swimming,Mile End Swim For Fitness,False,8.3,Mile End Park Leisure Centre,E3 4HL,Tower Hamlets,51.51953920090171,-0.0322499306855374,18:00,19:00,"Monday, Tuesday, Wednesday, Thursday, Friday",16,False,https://be-well.org.uk/centres/mile-end-leisure-centre-and-stadium/
TH_107,Be Well - Tower Hamlets,Be Well - London Borough of Tower Hamlets,Swim For Fitness,Swimming,Swim For Fitness,False,8.3, Poplar Baths Leisure Centre and Gym,E14 0ED,Tower Hamlets,51.511092905004745,-0.0139868817320598,12:00,13:00,"Sunday, Saturday",27,False,https://be-well.org.uk/centres/poplar-baths-leisure-centre-and-gym/
TH_108,Be Well - Tower Hamlets,Be Well - London Borough of Tower Hamlets,Swim For Fitness,Swimming,Swim For Fitness,False,8.3, York Hall Leisure Centre,E2 9PJ,Tower Hamlets,51.52995217963927,-0.0558973331840584,08:30,09:30,Tuesday,1,False,https://be-well.org.uk/centres/york-hall-leisure-centre/
TH_109,Be Well - Tower Hamlets,Be Well - London Borough of Tower Hamlets,Swim For Fitness,Swimming,Tiller Swim,False,8.3,Tiller Leisure Centre,E14 8PX,Tower Hamlets,51.496328266681,-0.0218796717363112,20:00,21:00,Monday,47,False,https://be-well.org.uk/centres/tiller-leisure-centre/
TH_110,Be Well - Tower Hamlets,Be Well - London Borough of Tower Hamlets,Swim For Fitness,Swimming,York Hall Swim For Fitnes,False,8.3, York Hall Leisure Centre,E2 9PJ,Tower Hamlets,51.52995217963927,-0.0558973331840584,12:30,13:30,Thursday,68,False,https://be-well.org.uk/centres/york-hall-leisure-centre/
TH_111,Be Well - Tower Hamlets,Be Well - London Borough of Tower Hamlets,Table Tennis Club,Racquet Sports,Activities,False,6.6,John Orwell Sports Centre,E1W 2QD,Tower Hamlets,51.50487234184735,-0.0614756998345731,14:00,16:00,Sunday,1,False,https://be-well.org.uk/centres/john-orwell-sports-centre/
TH_112,Be Well - Tower Hamlets,Be Well - London Borough of Tower Hamlets,Tai Chi,"Yoga, Pilates & Studio",York Hall Group Ex,False,16.65, York Hall Leisure Centre,E2 9PJ,Tower Hamlets,51.52995217963927,-0.0558973331840584,12:00,13:00,Sunday,1,False,https://be-well.org.uk/centres/york-hall-leisure-centre/
TH_113,Be Well - Tower Hamlets,Be Well - London Borough of Tower Hamlets,Women & Girls Only Swim,Swimming,Women Only Sessions,False,8.3,Mile End Park Leisure Centre,E3 4HL,Tower Hamlets,51.51953920090171,-0.0322499306855374,20:15,21:00,Friday,8,False,https://be-well.org.uk/centres/mile-end-leisure-centre-and-stadium/
TH_114,Be Well - Tower Hamlets,Be Well - London Borough of Tower Hamlets,Women & Girls Only Swim,Swimming,York Hall Women Only,False,7.9, York Hall Leisure Centre,E2 9PJ,Tower Hamlets,51.52995217963927,-0.0558973331840584,19:00,20:00,Tuesday,1,False,https://be-well.org.uk/centres/york-hall-leisure-centre/
TH_115,Be Well - Tower Hamlets,Be Well - London Borough of Tower Hamlets,Women Only Badminton,Racquet Sports,Activities,False,3.9,John Orwell Sports Centre,E1W 2QD,Tower Hamlets,51.50487234184735,-0.0614756998345731,18:00,20:00,Wednesday,1,False,https://be-well.org.uk/centres/john-orwell-sports-centre/
TH_116,Be Well - Tower Hamlets,Be Well - London Borough of Tower Hamlets,Women Only Health Suite,Other / Unspecified,Women Only Sessions,False,8.3,Mile End Park Leisure Centre,E3 4HL,Tower Hamlets,51.51953920090171,-0.0322499306855374,15:30,16:30,"Wednesday, Thursday",18,False,https://be-well.org.uk/centres/mile-end-leisure-centre-and-stadium/
TH_117,Be Well - Tower Hamlets,Be Well - London Borough of Tower Hamlets,Women Only Health Suite,Other / Unspecified,Women Only Sessions,False,8.3,Whitechapel Sports Centre,E1 5BA,Tower Hamlets,51.519950646840734,-0.0614251756687532,17:00,17:50,"Monday, Tuesday, Wednesday, Thursday, Friday",15,False,https://be-well.org.uk/centres/whitechapel-sports-centre/
TH_118,Be Well - Tower Hamlets,Be Well - London Borough of Tower Hamlets,Women Only Swimming,Swimming,Poplar Women Only Session,False,8.3, Poplar Baths Leisure Centre and Gym,E14 0ED,Tower Hamlets,51.511092905004745,-0.0139868817320598,20:00,21:00,Wednesday,4,False,https://be-well.org.uk/centres/poplar-baths-leisure-centre-and-gym/
TH_119,Be Well - Tower Hamlets,Be Well - London Borough of Tower Hamlets,Women Only Swimming,Swimming,Tiller Women Only,False,8.3,Tiller Leisure Centre,E14 8PX,Tower Hamlets,51.496328266681,-0.0218796717363112,12:30,13:30,Friday,1,False,https://be-well.org.uk/centres/tiller-leisure-centre/
TH_120,Be Well - Tower Hamlets,Be Well - London Borough of Tower Hamlets,Women Only Swimming (16+),Swimming,York Hall Women Only,False,7.9, York Hall Leisure Centre,E2 9PJ,Tower Hamlets,51.52995217963927,-0.0558973331840584,12:30,13:30,Monday,2,False,https://be-well.org.uk/centres/york-hall-leisure-centre/
TH_121,Be Well - Tower Hamlets,Be Well - London Borough of Tower Hamlets,Yoga,"Yoga, Pilates & Studio",Mile End Group Ex,False,16.65,Mile End Park Leisure Centre,E3 4HL,Tower Hamlets,51.51953920090171,-0.0322499306855374,11:00,12:00,Saturday,3,False,https://be-well.org.uk/centres/mile-end-leisure-centre-and-stadium/
TH_122,Be Well - Tower Hamlets,Be Well - London Borough of Tower Hamlets,Yoga,"Yoga, Pilates & Studio",Tiller Group Ex,False,16.65,Tiller Leisure Centre,E14 8PX,Tower Hamlets,51.496328266681,-0.0218796717363112,19:00,20:00,Monday,1,False,https://be-well.org.uk/centres/tiller-leisure-centre/
TH_123,Be Well - Tower Hamlets,Be Well - London Borough of Tower Hamlets,Yoga,"Yoga, Pilates & Studio",York Hall Group Ex,False,16.65, York Hall Leisure Centre,E2 9PJ,Tower Hamlets,51.52995217963927,-0.0558973331840584,10:00,11:00,Sunday,2,False,https://be-well.org.uk/centres/york-hall-leisure-centre/
TH_124,Be Well - Tower Hamlets,Be Well - London Borough of Tower Hamlets,Young At Heart,Other / Unspecified,Mile End Group Ex,False,3.55,Mile End Park Leisure Centre,E3 4HL,Tower Hamlets,51.51953920090171,-0.0322499306855374,10:00,11:00,Tuesday,1,False,https://be-well.org.uk/centres/mile-end-leisure-centre-and-stadium/
TH_125,Be Well - Tower Hamlets,Be Well - London Borough of Tower Hamlets,Zumba,Dance,Mile End Group Ex,False,16.65,Mile End Park Leisure Centre,E3 4HL,Tower Hamlets,51.51953920090171,-0.0322499306855374,11:00,12:00,Friday,1,False,https://be-well.org.uk/centres/mile-end-leisure-centre-and-stadium/
TH_126,Be Well - Tower Hamlets,,Aerobics,Group Exercise,Mile End Group Ex,False,16.65,Mile End Park Leisure Centre,E3 4HL,Tower Hamlets,51.51953920090171,-0.0322499306855374,09:30,10:30,Tuesday,1,False,https://be-well.org.uk/centres/mile-end-leisure-centre-and-stadium/
TH_127,Be Well - Tower Hamlets,,Afro Beats,Other / Unspecified,Mile End Group Ex,False,16.65,Mile End Park Leisure Centre,E3 4HL,Tower Hamlets,51.51953920090171,-0.0322499306855374,20:00,21:00,Thursday,1,False,https://be-well.org.uk/centres/mile-end-leisure-centre-and-stadium/
TH_128,Be Well - Tower Hamlets,,Antenatal Yoga Nhs,"Yoga, Pilates & Studio",York Hall Group Ex,False,, York Hall Leisure Centre,E2 9PJ,Tower Hamlets,51.52995217963927,-0.0558973331840584,12:00,13:00,Thursday,1,False,https://be-well.org.uk/centres/york-hall-leisure-centre/
TH_129,Be Well - Tower Hamlets,,Aqua Aerobics,Swimming,Mile End Group Ex,False,16.65,Mile End Park Leisure Centre,E3 4HL,Tower Hamlets,51.51953920090171,-0.0322499306855374,12:30,13:30,Thursday,2,False,https://be-well.org.uk/centres/mile-end-leisure-centre-and-stadium/
TH_130,Be Well - Tower Hamlets,,Athletics Drop In,Walking / Running,Track Sessions,False,5.3,Mile End Park Leisure Centre,E3 4HL,Tower Hamlets,51.51953920090171,-0.0322499306855374,13:00,14:00,"Sunday, Monday, Tuesday, Wednesday, Thursday, Friday, Saturday",1,False,https://be-well.org.uk/centres/mile-end-leisure-centre-and-stadium/
TH_131,Be Well - Tower Hamlets,,Badminton Course,Racquet Sports,Summer Activities,False,45.0,Whitechapel Sports Centre,E1 5BA,Tower Hamlets,51.519950646840734,-0.0614251756687532,10:00,12:00,Wednesday,2,False,https://be-well.org.uk/centres/whitechapel-sports-centre/
TH_132,Be Well - Tower Hamlets,,Body Conditioning,Gym / Fitness,Whitechapel Group Ex,False,16.65,Whitechapel Sports Centre,E1 5BA,Tower Hamlets,51.519950646840734,-0.0614251756687532,18:30,19:30,Monday,1,False,https://be-well.org.uk/centres/whitechapel-sports-centre/
TH_133,Be Well - Tower Hamlets,,Boxercise,Martial Arts,Poplar Group Ex,False,16.65, Poplar Baths Leisure Centre and Gym,E14 0ED,Tower Hamlets,51.511092905004745,-0.0139868817320598,17:30,18:30,Thursday,1,False,https://be-well.org.uk/centres/poplar-baths-leisure-centre-and-gym/
TH_134,Be Well - Tower Hamlets,,Boxfit,Martial Arts,Mile End Group Ex,False,16.65,Mile End Park Leisure Centre,E3 4HL,Tower Hamlets,51.51953920090171,-0.0322499306855374,13:30,14:30,Monday,1,False,https://be-well.org.uk/centres/mile-end-leisure-centre-and-stadium/
TH_135,Be Well - Tower Hamlets,,Boxfit - W.O,Martial Arts,Tiller Group Ex,False,3.0,Tiller Leisure Centre,E14 8PX,Tower Hamlets,51.496328266681,-0.0218796717363112,10:15,11:00,Tuesday,1,False,https://be-well.org.uk/centres/tiller-leisure-centre/
TH_136,Be Well - Tower Hamlets,,Combat Hiit,Gym / Fitness,Mile End Group Ex,False,16.65,Mile End Park Leisure Centre,E3 4HL,Tower Hamlets,51.51953920090171,-0.0322499306855374,12:00,12:30,Friday,2,False,https://be-well.org.uk/centres/mile-end-leisure-centre-and-stadium/
TH_137,Be Well - Tower Hamlets,,Cricket Club Over 8`s,Team Sports,Summer Activities,False,35.0,Whitechapel Sports Centre,E1 5BA,Tower Hamlets,51.519950646840734,-0.0614251756687532,11:00,12:00,Thursday,2,False,https://be-well.org.uk/centres/whitechapel-sports-centre/
TH_138,Be Well - Tower Hamlets,,Dance Fitness,Dance,York Hall Group Ex,False,16.65, York Hall Leisure Centre,E2 9PJ,Tower Hamlets,51.52995217963927,-0.0558973331840584,18:00,19:00,Tuesday,1,False,https://be-well.org.uk/centres/york-hall-leisure-centre/
TH_139,Be Well - Tower Hamlets,,Football Camp 2-5 Yrs,Team Sports,Summer Activities,False,4.99,Mile End Park Leisure Centre,E3 4HL,Tower Hamlets,51.51953920090171,-0.0322499306855374,10:00,11:00,"Monday, Tuesday, Wednesday, Thursday, Friday",1,False,https://be-well.org.uk/centres/mile-end-leisure-centre-and-stadium/
TH_140,Be Well - Tower Hamlets,,Football Camp 6-8 Yrs,Team Sports,Summer Activities,False,4.99,Mile End Park Leisure Centre,E3 4HL,Tower Hamlets,51.51953920090171,-0.0322499306855374,11:00,12:00,"Monday, Tuesday, Wednesday, Thursday, Friday",1,False,https://be-well.org.uk/centres/mile-end-leisure-centre-and-stadium/
TH_141,Be Well - Tower Hamlets,,Football Camp 9-12 Yrs,Team Sports,Summer Activities,False,4.99,Mile End Park Leisure Centre,E3 4HL,Tower Hamlets,51.51953920090171,-0.0322499306855374,12:00,13:00,"Monday, Tuesday, Wednesday, Thursday, Friday",1,False,https://be-well.org.uk/centres/mile-end-leisure-centre-and-stadium/
TH_142,Be Well - Tower Hamlets,,Football Course,Team Sports,Summer Activities,False,35.0,Whitechapel Sports Centre,E1 5BA,Tower Hamlets,51.519950646840734,-0.0614251756687532,10:00,11:00,Thursday,2,False,https://be-well.org.uk/centres/whitechapel-sports-centre/
TH_143,Be Well - Tower Hamlets,,Football Screen Table,Team Sports,Block Booking,False,40.0, York Hall Leisure Centre,E2 9PJ,Tower Hamlets,51.52995217963927,-0.0558973331840584,19:00,22:00,Friday,1,False,https://be-well.org.uk/centres/york-hall-leisure-centre/
TH_144,Be Well - Tower Hamlets,,Football Screening Ticket,Team Sports,Block Booking,False,5.0, York Hall Leisure Centre,E2 9PJ,Tower Hamlets,51.52995217963927,-0.0558973331840584,19:00,22:00,Friday,1,False,https://be-well.org.uk/centres/york-hall-leisure-centre/
TH_145,Be Well - Tower Hamlets,,Free Men Only Swimming,Swimming,Men Only Sessions,False,, Poplar Baths Leisure Centre and Gym,E14 0ED,Tower Hamlets,51.511092905004745,-0.0139868817320598,20:30,21:15,Tuesday,1,False,https://be-well.org.uk/centres/poplar-baths-leisure-centre-and-gym/
TH_146,Be Well - Tower Hamlets,,Free Swimming,Swimming,Free Swimming,False,8.3, Poplar Baths Leisure Centre and Gym,E14 0ED,Tower Hamlets,51.511092905004745,-0.0139868817320598,20:00,21:00,Monday,1,False,https://be-well.org.uk/centres/poplar-baths-leisure-centre-and-gym/
TH_147,Be Well - Tower Hamlets,,Free Swimming,Swimming,Free Swimming,False,8.3, York Hall Leisure Centre,E2 9PJ,Tower Hamlets,51.52995217963927,-0.0558973331840584,20:30,21:30,"Monday, Tuesday, Wednesday, Thursday, Friday",1,False,https://be-well.org.uk/centres/york-hall-leisure-centre/
TH_148,Be Well - Tower Hamlets,,Free Swimming,Swimming,Free Swimming,False,8.3,Mile End Park Leisure Centre,E3 4HL,Tower Hamlets,51.51953920090171,-0.0322499306855374,20:00,21:00,"Monday, Tuesday, Wednesday, Thursday, Friday",1,False,https://be-well.org.uk/centres/mile-end-leisure-centre-and-stadium/
TH_149,Be Well - Tower Hamlets,,Gym Session,Gym / Fitness,Mile End Gym Session,False,15.0,Mile End Park Leisure Centre,E3 4HL,Tower Hamlets,51.51953920090171,-0.0322499306855374,13:00,14:00,Monday,1,False,https://be-well.org.uk/centres/mile-end-leisure-centre-and-stadium/
TH_150,Be Well - Tower Hamlets,,Gym Session - Women Only,Gym / Fitness,Poplar Women Only Session,False,15.0, Poplar Baths Leisure Centre and Gym,E14 0ED,Tower Hamlets,51.511092905004745,-0.0139868817320598,12:00,13:00,Tuesday,1,False,https://be-well.org.uk/centres/poplar-baths-leisure-centre-and-gym/
TH_151,Be Well - Tower Hamlets,,"Legs, Bums & Tums",Gym / Fitness,Tiller Group Ex,False,16.65,Tiller Leisure Centre,E14 8PX,Tower Hamlets,51.496328266681,-0.0218796717363112,09:15,10:15,Tuesday,1,False,https://be-well.org.uk/centres/tiller-leisure-centre/
TH_152,Be Well - Tower Hamlets,,"Legs, Bums & Tums - W.O",Gym / Fitness,Poplar Group Ex,False,16.65, Poplar Baths Leisure Centre and Gym,E14 0ED,Tower Hamlets,51.511092905004745,-0.0139868817320598,12:30,13:30,Monday,1,False,https://be-well.org.uk/centres/poplar-baths-leisure-centre-and-gym/
TH_153,Be Well - Tower Hamlets,,"Legs, Bums & Tums - W.O",Gym / Fitness,Whitechapel Group Ex,False,16.65,Whitechapel Sports Centre,E1 5BA,Tower Hamlets,51.519950646840734,-0.0614251756687532,17:30,18:30,Monday,1,False,https://be-well.org.uk/centres/whitechapel-sports-centre/
TH_154,Be Well - Tower Hamlets,,Men Only Swim,Swimming,Men Only Sessions,False,8.3, Poplar Baths Leisure Centre and Gym,E14 0ED,Tower Hamlets,51.511092905004745,-0.0139868817320598,20:30,21:30,Tuesday,1,False,https://be-well.org.uk/centres/poplar-baths-leisure-centre-and-gym/
TH_155,Be Well - Tower Hamlets,,Mindfulness,Other / Unspecified,Mile End Group Ex,False,16.65,Mile End Park Leisure Centre,E3 4HL,Tower Hamlets,51.51953920090171,-0.0322499306855374,13:30,14:00,Sunday,1,False,https://be-well.org.uk/centres/mile-end-leisure-centre-and-stadium/
TH_156,Be Well - Tower Hamlets,,Multi Sport Camp 9-15 Yrs,Team Sports,Summer Activities,False,4.99,Mile End Park Leisure Centre,E3 4HL,Tower Hamlets,51.51953920090171,-0.0322499306855374,10:00,11:00,"Monday, Tuesday, Wednesday, Thursday, Friday",2,False,https://be-well.org.uk/centres/mile-end-leisure-centre-and-stadium/
TH_157,Be Well - Tower Hamlets,,Multi Sports Camp Over 8s,Team Sports,Summer Activities,False,15.0,John Orwell Sports Centre,E1W 2QD,Tower Hamlets,51.50487234184735,-0.0614756998345731,09:30,12:30,"Monday, Tuesday, Wednesday",2,False,https://be-well.org.uk/centres/john-orwell-sports-centre/
TH_158,Be Well - Tower Hamlets,,Parent & Child Free Swim,Swimming,Free Swimming,False,8.3, Poplar Baths Leisure Centre and Gym,E14 0ED,Tower Hamlets,51.511092905004745,-0.0139868817320598,16:00,16:45,Thursday,1,False,https://be-well.org.uk/centres/poplar-baths-leisure-centre-and-gym/
TH_159,Be Well - Tower Hamlets,,Parent & Child Free Swim,Swimming,Free Swimming,False,8.3, York Hall Leisure Centre,E2 9PJ,Tower Hamlets,51.52995217963927,-0.0558973331840584,15:15,16:00,Monday,3,False,https://be-well.org.uk/centres/york-hall-leisure-centre/
TH_160,Be Well - Tower Hamlets,,Parent & Child Free Swim,Swimming,Free Swimming,False,8.3,Mile End Park Leisure Centre,E3 4HL,Tower Hamlets,51.51953920090171,-0.0322499306855374,15:00,15:45,Monday,5,False,https://be-well.org.uk/centres/mile-end-leisure-centre-and-stadium/
TH_161,Be Well - Tower Hamlets,,Parent & Child Free Swim,Swimming,Free Swimming,False,8.3,Tiller Leisure Centre,E14 8PX,Tower Hamlets,51.496328266681,-0.0218796717363112,14:30,15:15,Saturday,2,False,https://be-well.org.uk/centres/tiller-leisure-centre/
TH_162,Be Well - Tower Hamlets,,Parent & Child Under 2,Other / Unspecified,York Hall Swim For All,False,4.99, York Hall Leisure Centre,E2 9PJ,Tower Hamlets,51.52995217963927,-0.0558973331840584,10:30,11:30,Friday,5,False,https://be-well.org.uk/centres/york-hall-leisure-centre/
TH_163,Be Well - Tower Hamlets,,Pilates,"Yoga, Pilates & Studio",Tiller Group Ex,False,16.65,Tiller Leisure Centre,E14 8PX,Tower Hamlets,51.496328266681,-0.0218796717363112,10:15,11:15,Thursday,1,False,https://be-well.org.uk/centres/tiller-leisure-centre/
TH_164,Be Well - Tower Hamlets,,Pilates,"Yoga, Pilates & Studio",York Hall Group Ex,False,16.65, York Hall Leisure Centre,E2 9PJ,Tower Hamlets,51.52995217963927,-0.0558973331840584,11:15,12:15,Wednesday,3,False,https://be-well.org.uk/centres/york-hall-leisure-centre/
TH_165,Be Well - Tower Hamlets,,Pool Inflatable Session,Other / Unspecified,Tiller Swim For All,False,10.5,Tiller Leisure Centre,E14 8PX,Tower Hamlets,51.496328266681,-0.0218796717363112,14:00,15:00,Wednesday,2,False,https://be-well.org.uk/centres/tiller-leisure-centre/
TH_166,Be Well - Tower Hamlets,,Power Pump,Other / Unspecified,Mile End Group Ex,False,16.65,Mile End Park Leisure Centre,E3 4HL,Tower Hamlets,51.51953920090171,-0.0322499306855374,18:00,19:00,Monday,1,False,https://be-well.org.uk/centres/mile-end-leisure-centre-and-stadium/
TH_167,Be Well - Tower Hamlets,,Power Pump,Other / Unspecified,York Hall Group Ex,False,16.65, York Hall Leisure Centre,E2 9PJ,Tower Hamlets,51.52995217963927,-0.0558973331840584,09:30,10:30,Tuesday,1,False,https://be-well.org.uk/centres/york-hall-leisure-centre/
TH_168,Be Well - Tower Hamlets,,Sen Family Swim,Swimming,Free Swimming,False,8.3,Tiller Leisure Centre,E14 8PX,Tower Hamlets,51.496328266681,-0.0218796717363112,12:00,12:45,Saturday,1,False,https://be-well.org.uk/centres/tiller-leisure-centre/
TH_169,Be Well - Tower Hamlets,,Sen Sensory Play,Other / Unspecified,Summer Activities,False,4.99,Mile End Park Leisure Centre,E3 4HL,Tower Hamlets,51.51953920090171,-0.0322499306855374,10:30,11:30,Tuesday,3,False,https://be-well.org.uk/centres/mile-end-leisure-centre-and-stadium/
TH_170,Be Well - Tower Hamlets,,Soft & Wet Play - 2-5 Yrs,Other / Unspecified,Summer Activities,False,10.5, Poplar Baths Leisure Centre and Gym,E14 0ED,Tower Hamlets,51.511092905004745,-0.0139868817320598,12:15,14:00,"Wednesday, Thursday",1,False,https://be-well.org.uk/centres/poplar-baths-leisure-centre-and-gym/
TH_171,Be Well - Tower Hamlets,,Soft & Wet Play Under 2`s,Other / Unspecified,Summer Activities,False,4.99,Mile End Park Leisure Centre,E3 4HL,Tower Hamlets,51.51953920090171,-0.0322499306855374,12:30,15:00,Sunday,2,False,https://be-well.org.uk/centres/mile-end-leisure-centre-and-stadium/
TH_172,Be Well - Tower Hamlets,,Swim For All,Swimming,Tiller Swim For All,False,8.3,Tiller Leisure Centre,E14 8PX,Tower Hamlets,51.496328266681,-0.0218796717363112,13:30,14:30,Sunday,2,False,https://be-well.org.uk/centres/tiller-leisure-centre/
TH_173,Be Well - Tower Hamlets,,Swim For All - Main Pool,Swimming,Block Booking,False,8.3, York Hall Leisure Centre,E2 9PJ,Tower Hamlets,51.52995217963927,-0.0558973331840584,13:30,14:30,"Monday, Tuesday, Wednesday, Thursday, Friday",1,False,https://be-well.org.uk/centres/york-hall-leisure-centre/
TH_174,Be Well - Tower Hamlets,,Swim For All - Main Pool,Swimming,York Hall Swim For All,False,8.3, York Hall Leisure Centre,E2 9PJ,Tower Hamlets,51.52995217963927,-0.0558973331840584,14:30,15:30,"Monday, Tuesday, Wednesday, Thursday, Friday",1,False,https://be-well.org.uk/centres/york-hall-leisure-centre/
TH_175,Be Well - Tower Hamlets,,Swim For All - Small Pool,Swimming,Mile End Swim For All,False,8.3,Mile End Park Leisure Centre,E3 4HL,Tower Hamlets,51.51953920090171,-0.0322499306855374,14:00,15:00,Wednesday,1,False,https://be-well.org.uk/centres/mile-end-leisure-centre-and-stadium/
TH_176,Be Well - Tower Hamlets,,Swim For All - Small Pool,Swimming,York Hall Swim For All,False,8.3, York Hall Leisure Centre,E2 9PJ,Tower Hamlets,51.52995217963927,-0.0558973331840584,16:00,17:00,Monday,3,False,https://be-well.org.uk/centres/york-hall-leisure-centre/
TH_177,Be Well - Tower Hamlets,,Swim For Fitness,Swimming,York Hall Swim For Fitnes,False,8.3, York Hall Leisure Centre,E2 9PJ,Tower Hamlets,51.52995217963927,-0.0558973331840584,20:30,21:30,Friday,1,False,https://be-well.org.uk/centres/york-hall-leisure-centre/
TH_178,Be Well - Tower Hamlets,,Table Tennis,Racquet Sports,Activities,False,9.0, Poplar Baths Leisure Centre and Gym,E14 0ED,Tower Hamlets,51.511092905004745,-0.0139868817320598,08:00,09:00,Monday,12,False,https://be-well.org.uk/centres/poplar-baths-leisure-centre-and-gym/
TH_179,Be Well - Tower Hamlets,,Table Tennis W.O,Racquet Sports,Activities,False,, Poplar Baths Leisure Centre and Gym,E14 0ED,Tower Hamlets,51.511092905004745,-0.0139868817320598,18:00,18:40,Wednesday,4,False,https://be-well.org.uk/centres/poplar-baths-leisure-centre-and-gym/
TH_180,Be Well - Tower Hamlets,,Virtual Cycle,Cycling,Mile End Group Ex,False,16.65,Mile End Park Leisure Centre,E3 4HL,Tower Hamlets,51.51953920090171,-0.0322499306855374,19:00,19:45,Wednesday,1,False,https://be-well.org.uk/centres/mile-end-leisure-centre-and-stadium/
TH_181,Be Well - Tower Hamlets,,Women Only Badminton,Racquet Sports,Block Booking,False,2.4, Poplar Baths Leisure Centre and Gym,E14 0ED,Tower Hamlets,51.511092905004745,-0.0139868817320598,18:20,19:40,Thursday,1,False,https://be-well.org.uk/centres/poplar-baths-leisure-centre-and-gym/
TH_182,Be Well - Tower Hamlets,,Yoga,"Yoga, Pilates & Studio",Mile End Group Ex,False,16.65,Mile End Park Leisure Centre,E3 4HL,Tower Hamlets,51.51953920090171,-0.0322499306855374,12:30,13:30,Sunday,1,False,https://be-well.org.uk/centres/mile-end-leisure-centre-and-stadium/
TH_183,Be Well - Tower Hamlets,,Yoga,"Yoga, Pilates & Studio",Poplar Group Ex,False,16.65, Poplar Baths Leisure Centre and Gym,E14 0ED,Tower Hamlets,51.511092905004745,-0.0139868817320598,10:30,12:00,Sunday,1,False,https://be-well.org.uk/centres/poplar-baths-leisure-centre-and-gym/
TH_184,Be Well - Tower Hamlets,,Yoga,"Yoga, Pilates & Studio",York Hall Group Ex,False,16.65, York Hall Leisure Centre,E2 9PJ,Tower Hamlets,51.52995217963927,-0.0558973331840584,19:00,20:00,Tuesday,2,False,https://be-well.org.uk/centres/york-hall-leisure-centre/
EAL_185,Ealing Council,London Borough of Ealing,Cricket Grass Pitch,Team Sports,Cricket Grass Pitch,False,96.72,Durdans Park Cricket Ground,UB1 2QW,Ealing,51.52912133096273,-0.3746849401659413,10:00,18:00,,3,False,https://ealingboroughcouncil.bookteq.com/api/open-active/place/ed4465b9-e89f-42c9-8828-19b2c17c03d7
HAR_186,Haringey Council,London Borough of Haringey,11-a-side - Non Affiliated Clubs (Haringey Council),Team Sports,11-a-side - Non Affiliated Clubs (Haringey Council),False,144.7,O.R. Tambo Recreation Ground (formerly Albert Road Rec),N22 7XL,Haringey,51.603261,-0.132934,10:00,12:00,,10,False,https://widget.bookteq.com/haringeycouncil/book-online/1c08e620-8b1f-4829-8c7c-5b0f7f6321f9
HAR_187,Haringey Council,London Borough of Haringey,11-a-side Affiliated Clubs (Haringey Council) ,Team Sports,11-a-side Affiliated Clubs (Haringey Council) ,False,83.7,O.R. Tambo Recreation Ground (formerly Albert Road Rec),N22 7XL,Haringey,51.603261,-0.132934,14:00,16:00,,10,False,https://widget.bookteq.com/haringeycouncil/book-online/1c08e620-8b1f-4829-8c7c-5b0f7f6321f9
HAR_188,Haringey Council,London Borough of Haringey,9-aside - Affiliated Clubs (Haringey Council),Team Sports,9-aside - Affiliated Clubs (Haringey Council),False,52.5,O.R. Tambo Recreation Ground (formerly Albert Road Rec),N22 7XL,Haringey,51.603261,-0.132934,18:00,20:00,,16,False,https://widget.bookteq.com/haringeycouncil/book-online/1c08e620-8b1f-4829-8c7c-5b0f7f6321f9
HAR_189,Haringey Council,London Borough of Haringey,Aussie Rules,Team Sports,Aussie Rules,False,95.1,O.R. Tambo Recreation Ground (formerly Albert Road Rec),N22 7XL,Haringey,51.603261,-0.132934,13:00,15:00,,12,False,https://widget.bookteq.com/haringeycouncil/book-online/1c08e620-8b1f-4829-8c7c-5b0f7f6321f9
HAR_190,Haringey Council,London Borough of Haringey,Changing Room,Other / Unspecified,Changing Room,False,37.0,Muswell Hill Playing Fields,N10 1JP,Barnet,51.599918,-0.15776,15:00,17:00,,12,False,https://widget.bookteq.com/haringeycouncil/book-online/40753c63-c9d4-4663-beaf-e5e8656ab907
HAR_191,Haringey Council,London Borough of Haringey,Changing Rooms,Other / Unspecified,Changing Rooms,False,37.1,Downhills Park,N17 6PE,Haringey,51.590908,-0.090558,12:00,14:00,,18,False,https://widget.bookteq.com/haringeycouncil/book-online/25a0a37a-ff8c-4c14-bcf4-5a819085ec4f
HAR_192,Haringey Council,London Borough of Haringey,"Cricket Booking 3, 5 and 6 hrs ",Team Sports,"Cricket Booking 3, 5 and 6 hrs ",False,60.0,Markfield Park,N15 6UL,Haringey,51.580921,-0.062854,12:00,18:00,,8,False,https://widget.bookteq.com/haringeycouncil/book-online/0d639775-d310-4ec3-b0af-3026d9188f87
HAR_193,Haringey Council,London Borough of Haringey,"Cricket Booking 3, 5 and 6 hrs ",Team Sports,"Cricket Booking 3, 5 and 6 hrs ",False,60.0,White Hart Lane ,N22 5SJ,Haringey,51.60187,-0.1076283,12:00,18:00,,32,False,https://haringeycouncil.bookteq.com/api/open-active/place/f1990a23-4a30-4912-8f68-0fc6b90222e3
HAR_194,Haringey Council,London Borough of Haringey,Gaelic Football Pitch,Team Sports,Gaelic Football Pitch,False,60.7,Downhills Park,N17 6PE,Haringey,51.590908,-0.090558,14:00,16:00,,9,False,https://widget.bookteq.com/haringeycouncil/book-online/25a0a37a-ff8c-4c14-bcf4-5a819085ec4f
HAR_195,Haringey Council,London Borough of Haringey,Netball Court,Team Sports,Netball Court,False,17.4,Finsbury Park Netball Courts ,N4 4LX,Islington,51.56457839999999,-0.1047257,16:00,17:00,,104,False,https://widget.bookteq.com/haringeycouncil/book-online/6f1c92b0-9587-4f97-946f-8d9579f58f50
HAR_196,Haringey Council,London Borough of Haringey,Park Hire,Other / Unspecified,Park Hire,False,38.64,Chestnuts Park ,N15 3AQ,Islington,51.56457839999999,-0.1047257,09:00,15:00,,6,False,https://haringeycouncil.bookteq.com/api/open-active/place/273edfa6-2eaa-4a3b-a40d-96e9127ade6a
HAR_197,Haringey Council,London Borough of Haringey,Park Hire,Other / Unspecified,Park Hire,True,0.0,Down Lane Park,N17 9AU,Haringey,51.591618,-0.062151,09:00,15:00,,5,False,https://widget.bookteq.com/haringeycouncil/book-online/66560d67-6dd4-4906-b308-1f38e2d68880
HAR_198,Haringey Council,London Borough of Haringey,Rugby Pitch,Team Sports,Rugby Pitch,False,60.7,Downhills Park,N17 6PE,Haringey,51.590908,-0.090558,12:00,14:00,,9,False,https://widget.bookteq.com/haringeycouncil/book-online/25a0a37a-ff8c-4c14-bcf4-5a819085ec4f
SWK_199,Southwark Council,London Borough of Southwark,Full Pitch - 1hr slot,Team Sports,,False,39.25,Leathermarket Gardens,SE1 3TD,Southwark,51.5017476,-0.0843236,19:30,20:30,,47,False,https://widget.bookteq.com/southwarkcouncil/book-online/56354dc7-44b4-40a4-8e83-c64a20ef2f77
SWK_200,Southwark Council,London Borough of Southwark,Full Pitch - 1hr slot,Team Sports,,False,39.25,Mint Street Park,SE1 1QU,Southwark,51.50183370000001,-0.0966090999999999,19:30,20:30,,8,False,https://widget.bookteq.com/southwarkcouncil/book-online/86dbe001-1f3f-4904-86b8-4c24eed26980
SWK_201,Southwark Council,London Borough of Southwark,Full Pitch - 30min slot ,Team Sports,,False,19.63,Leathermarket Gardens,SE1 3TD,Southwark,51.5017476,-0.0843236,16:30,17:00,,50,False,https://widget.bookteq.com/southwarkcouncil/book-online/56354dc7-44b4-40a4-8e83-c64a20ef2f77
SWK_202,Southwark Council,London Borough of Southwark,Full Pitch - 30min slot ,Team Sports,,False,19.63,Mint Street Park,SE1 1QU,Southwark,51.50183370000001,-0.0966090999999999,20:00,20:30,,16,False,https://widget.bookteq.com/southwarkcouncil/book-online/86dbe001-1f3f-4904-86b8-4c24eed26980
SWK_203,Southwark Council,Southwark Council,20-1 Weights Session,Gym / Fitness,Group Exercise Dulwich,False,12.5,Dulwich Leisure Centre,SE22 9HB,Southwark,51.460601,-0.071419,06:45,07:45,,1,False,https://southwarkleisure.co.uk/centres/dulwich-leisure-centre/
SWK_204,Southwark Council,Southwark Council,Acro Yoga,"Yoga, Pilates & Studio",Group Exercise Docks,False,12.5,Surrey Docks Fitness & Water Sports,SE16 7SX,Southwark,51.493796,-0.039449,12:00,13:00,Monday,1,False,https://southwarkleisure.co.uk/centres/surrey-docks-fitness-and-watersports-centre/
SWK_205,Southwark Council,Southwark Council,Active Stretch & Mobility,Gym / Fitness,Group Exercise Peckham,False,12.5,Peckham Pulse Leisure Centre,SE15 5QN,Southwark,51.474074,-0.070885,09:00,09:30,Tuesday,1,False,https://southwarkleisure.co.uk/centres/peckham-pulse-leisure-centre/
SWK_206,Southwark Council,Southwark Council,Adult Bubbles,Other / Unspecified,Swimming Peckham,False,6.8,Peckham Pulse Leisure Centre,SE15 5QN,Southwark,51.474074,-0.070885,21:00,21:45,Thursday,5,False,https://southwarkleisure.co.uk/centres/peckham-pulse-leisure-centre/
SWK_207,Southwark Council,Southwark Council,Adult Swim,Swimming,Swimming Peckham,False,6.8,Peckham Pulse Leisure Centre,SE15 5QN,Southwark,51.474074,-0.070885,06:30,07:30,Friday,7,False,https://southwarkleisure.co.uk/centres/peckham-pulse-leisure-centre/
SWK_208,Southwark Council,Southwark Council,Adult Swim Bubbles,Swimming,Swimming Peckham,False,6.8,Peckham Pulse Leisure Centre,SE15 5QN,Southwark,51.474074,-0.070885,19:00,20:00,Friday,4,False,https://southwarkleisure.co.uk/centres/peckham-pulse-leisure-centre/
SWK_209,Southwark Council,Southwark Council,Advanced Pilates,"Yoga, Pilates & Studio",Group Exercise Dulwich,False,14.9,Dulwich Leisure Centre,SE22 9HB,Southwark,51.460601,-0.071419,18:15,19:15,,2,False,https://southwarkleisure.co.uk/centres/dulwich-leisure-centre/
SWK_210,Southwark Council,Southwark Council,Advanced Silver Tai Chi,"Yoga, Pilates & Studio",Group Exercise Dulwich,False,8.7,Dulwich Leisure Centre,SE22 9HB,Southwark,51.460601,-0.071419,13:15,14:15,,1,False,https://southwarkleisure.co.uk/centres/dulwich-leisure-centre/
SWK_211,Southwark Council,Southwark Council,Aerobics,Group Exercise,Group Exercise Dulwich,False,12.5,Dulwich Leisure Centre,SE22 9HB,Southwark,51.460601,-0.071419,10:00,11:00,,1,False,https://southwarkleisure.co.uk/centres/dulwich-leisure-centre/
SWK_212,Southwark Council,Southwark Council,Aerobics,Group Exercise,Group Exercise Peckham,False,12.5,Peckham Pulse Leisure Centre,SE15 5QN,Southwark,51.474074,-0.070885,10:15,11:15,,1,False,https://southwarkleisure.co.uk/centres/peckham-pulse-leisure-centre/
SWK_213,Southwark Council,Southwark Council,Aqua Aerobics,Swimming,Group Exercise Camberwell,False,12.5,Camberwell Leisure Centre,SE5 8TS,Southwark,51.47422,-0.09051,15:00,16:00,Wednesday,2,False,https://southwarkleisure.co.uk/centres/camberwell-leisure-centre/
SWK_214,Southwark Council,Southwark Council,Aqua Aerobics,Swimming,Group Exercise Castle,False,12.5,The Castle Centre,SE1 6FG,Southwark,51.4935,-0.1024,12:00,13:00,Saturday,5,False,https://southwarkleisure.co.uk/centres/the-castle-centre/
SWK_215,Southwark Council,Southwark Council,Aqua Aerobics,Swimming,Group Exercise Peckham,False,12.5,Peckham Pulse Leisure Centre,SE15 5QN,Southwark,51.474074,-0.070885,19:00,20:00,Thursday,5,False,https://southwarkleisure.co.uk/centres/peckham-pulse-leisure-centre/
SWK_216,Southwark Council,Southwark Council,Aqua Aerobics 60+,Swimming,Group Exercise Castle,False,8.7,The Castle Centre,SE1 6FG,Southwark,51.4935,-0.1024,09:30,10:30,Tuesday,1,False,https://southwarkleisure.co.uk/centres/the-castle-centre/
SWK_217,Southwark Council,Southwark Council,Aqua Aerobics-Women Only,Swimming,Group Exercise Camberwell,False,12.5,Camberwell Leisure Centre,SE5 8TS,Southwark,51.47422,-0.09051,19:15,20:00,Tuesday,1,False,https://southwarkleisure.co.uk/centres/camberwell-leisure-centre/
SWK_218,Southwark Council,Southwark Council,Aqua Zumba,Swimming,Group Exercise Dulwich,False,12.5,Dulwich Leisure Centre,SE22 9HB,Southwark,51.460601,-0.071419,11:00,11:45,Monday,3,False,https://southwarkleisure.co.uk/centres/dulwich-leisure-centre/
SWK_219,Southwark Council,Southwark Council,Battle Blast,Gym / Fitness,Group Exercise Docks,False,12.5,Surrey Docks Fitness & Water Sports,SE16 7SX,Southwark,51.493796,-0.039449,19:15,20:00,Wednesday,1,False,https://southwarkleisure.co.uk/centres/surrey-docks-fitness-and-watersports-centre/
SWK_220,Southwark Council,Southwark Council,Body Attack,Gym / Fitness,Group Exercise Castle,False,12.5,The Castle Centre,SE1 6FG,Southwark,51.4935,-0.1024,09:30,10:30,Saturday,3,False,https://southwarkleisure.co.uk/centres/the-castle-centre/
SWK_221,Southwark Council,Southwark Council,Body Balance,Gym / Fitness,Group Exercise Castle,False,12.5,The Castle Centre,SE1 6FG,Southwark,51.4935,-0.1024,09:00,10:00,Sunday,1,False,https://southwarkleisure.co.uk/centres/the-castle-centre/
SWK_222,Southwark Council,Southwark Council,Body Combat,Gym / Fitness,Group Exercise Camberwell,False,12.5,Camberwell Leisure Centre,SE5 8TS,Southwark,51.47422,-0.09051,18:15,19:15,Wednesday,1,False,https://southwarkleisure.co.uk/centres/camberwell-leisure-centre/
SWK_223,Southwark Council,Southwark Council,Body Combat,Gym / Fitness,Group Exercise Castle,False,12.5,The Castle Centre,SE1 6FG,Southwark,51.4935,-0.1024,19:30,20:30,Wednesday,1,False,https://southwarkleisure.co.uk/centres/the-castle-centre/
SWK_224,Southwark Council,Southwark Council,Body Conditioning,Gym / Fitness,Group Exercise Camberwell,False,12.5,Camberwell Leisure Centre,SE5 8TS,Southwark,51.47422,-0.09051,08:15,09:15,Wednesday,1,False,https://southwarkleisure.co.uk/centres/camberwell-leisure-centre/
SWK_225,Southwark Council,Southwark Council,Body Conditioning,Gym / Fitness,Group Exercise Docks,False,12.5,Surrey Docks Fitness & Water Sports,SE16 7SX,Southwark,51.493796,-0.039449,19:10,20:10,Thursday,1,False,https://southwarkleisure.co.uk/centres/surrey-docks-fitness-and-watersports-centre/
SWK_226,Southwark Council,Southwark Council,Body Conditioning,Gym / Fitness,Group Exercise Peckham,False,12.5,Peckham Pulse Leisure Centre,SE15 5QN,Southwark,51.474074,-0.070885,18:00,19:00,Saturday,3,False,https://southwarkleisure.co.uk/centres/peckham-pulse-leisure-centre/
SWK_227,Southwark Council,Southwark Council,Body Pump,Gym / Fitness,Group Exercise Castle,False,12.5,The Castle Centre,SE1 6FG,Southwark,51.4935,-0.1024,09:15,10:15,Thursday,7,False,https://southwarkleisure.co.uk/centres/the-castle-centre/
SWK_228,Southwark Council,Southwark Council,Body Pump,Gym / Fitness,Group Exercise Peckham,False,12.5,Peckham Pulse Leisure Centre,SE15 5QN,Southwark,51.474074,-0.070885,17:45,18:45,,2,False,https://southwarkleisure.co.uk/centres/peckham-pulse-leisure-centre/
SWK_229,Southwark Council,Southwark Council,Bodybalance,Gym / Fitness,Group Exercise Dulwich,False,12.5,Dulwich Leisure Centre,SE22 9HB,Southwark,51.460601,-0.071419,12:15,13:15,,3,False,https://southwarkleisure.co.uk/centres/dulwich-leisure-centre/
SWK_230,Southwark Council,Southwark Council,Bodybalance,Gym / Fitness,Group Exercise Peckham,False,12.5,Peckham Pulse Leisure Centre,SE15 5QN,Southwark,51.474074,-0.070885,19:00,19:45,Tuesday,1,False,https://southwarkleisure.co.uk/centres/peckham-pulse-leisure-centre/
SWK_231,Southwark Council,Southwark Council,Bodycombat,Gym / Fitness,Group Exercise Dulwich,False,12.5,Dulwich Leisure Centre,SE22 9HB,Southwark,51.460601,-0.071419,11:00,12:00,Saturday,1,False,https://southwarkleisure.co.uk/centres/dulwich-leisure-centre/
SWK_232,Southwark Council,Southwark Council,Bodypump,Gym / Fitness,Group Exercise Camberwell,False,12.5,Camberwell Leisure Centre,SE5 8TS,Southwark,51.47422,-0.09051,12:00,13:00,,2,False,https://southwarkleisure.co.uk/centres/camberwell-leisure-centre/
SWK_233,Southwark Council,Southwark Council,Bodypump,Gym / Fitness,Group Exercise Docks,False,12.5,Surrey Docks Fitness & Water Sports,SE16 7SX,Southwark,51.493796,-0.039449,19:00,20:00,Wednesday,11,False,https://southwarkleisure.co.uk/centres/surrey-docks-fitness-and-watersports-centre/
SWK_234,Southwark Council,Southwark Council,Bodypump,Gym / Fitness,Group Exercise Dulwich,False,12.5,Dulwich Leisure Centre,SE22 9HB,Southwark,51.460601,-0.071419,17:45,18:45,Thursday,9,False,https://southwarkleisure.co.uk/centres/dulwich-leisure-centre/
SWK_235,Southwark Council,Southwark Council,Bodypump,Gym / Fitness,Group Exercise Peckham,False,12.5,Peckham Pulse Leisure Centre,SE15 5QN,Southwark,51.474074,-0.070885,11:30,12:30,Sunday,1,False,https://southwarkleisure.co.uk/centres/peckham-pulse-leisure-centre/
SWK_236,Southwark Council,Southwark Council,Bodypump Heavy,Gym / Fitness,Group Exercise Camberwell,False,12.5,Camberwell Leisure Centre,SE5 8TS,Southwark,51.47422,-0.09051,19:15,20:15,,1,False,https://southwarkleisure.co.uk/centres/camberwell-leisure-centre/
SWK_237,Southwark Council,Southwark Council,Box-12 Supervised,Other / Unspecified,Group Exercise Camberwell,False,12.5,Camberwell Leisure Centre,SE5 8TS,Southwark,51.47422,-0.09051,07:30,08:15,Tuesday,5,False,https://southwarkleisure.co.uk/centres/camberwell-leisure-centre/
SWK_238,Southwark Council,Southwark Council,Box12,Other / Unspecified,Group Exercise Dulwich,False,12.5,Dulwich Leisure Centre,SE22 9HB,Southwark,51.460601,-0.071419,12:00,12:45,Sunday,11,False,https://southwarkleisure.co.uk/centres/dulwich-leisure-centre/
SWK_239,Southwark Council,Southwark Council,Boxercise,Martial Arts,Group Exercise Camberwell,False,12.5,Camberwell Leisure Centre,SE5 8TS,Southwark,51.47422,-0.09051,19:15,20:15,Friday,1,False,https://southwarkleisure.co.uk/centres/camberwell-leisure-centre/
SWK_240,Southwark Council,Southwark Council,Boxercise,Martial Arts,Group Exercise Castle,False,12.5,The Castle Centre,SE1 6FG,Southwark,51.4935,-0.1024,19:20,20:20,Monday,1,False,https://southwarkleisure.co.uk/centres/the-castle-centre/
SWK_241,Southwark Council,Southwark Council,Boxercise,Martial Arts,Group Exercise Docks,False,12.5,Surrey Docks Fitness & Water Sports,SE16 7SX,Southwark,51.493796,-0.039449,10:15,11:00,Sunday,1,False,https://southwarkleisure.co.uk/centres/surrey-docks-fitness-and-watersports-centre/
SWK_242,Southwark Council,Southwark Council,Boxercise,Martial Arts,Group Exercise Dulwich,False,12.5,Dulwich Leisure Centre,SE22 9HB,Southwark,51.460601,-0.071419,20:15,21:15,,2,False,https://southwarkleisure.co.uk/centres/dulwich-leisure-centre/
SWK_243,Southwark Council,Southwark Council,Boxercise,Martial Arts,Group Exercise Peckham,False,12.5,Peckham Pulse Leisure Centre,SE15 5QN,Southwark,51.474074,-0.070885,19:00,20:00,,1,False,https://southwarkleisure.co.uk/centres/peckham-pulse-leisure-centre/
SWK_244,Southwark Council,Southwark Council,Calisthenics Fundamentals,Gym / Fitness,Group Exercise Peckham,False,12.5,Peckham Pulse Leisure Centre,SE15 5QN,Southwark,51.474074,-0.070885,09:00,09:45,Monday,1,False,https://southwarkleisure.co.uk/centres/peckham-pulse-leisure-centre/
SWK_245,Southwark Council,Southwark Council,Circuit Class,Gym / Fitness,Group Exercise Docks,False,12.5,Surrey Docks Fitness & Water Sports,SE16 7SX,Southwark,51.493796,-0.039449,19:15,20:15,Friday,1,False,https://southwarkleisure.co.uk/centres/surrey-docks-fitness-and-watersports-centre/
SWK_246,Southwark Council,Southwark Council,Circuit Class,Gym / Fitness,Group Exercise Peckham,False,12.5,Peckham Pulse Leisure Centre,SE15 5QN,Southwark,51.474074,-0.070885,08:00,08:45,Saturday,1,False,https://southwarkleisure.co.uk/centres/peckham-pulse-leisure-centre/
SWK_247,Southwark Council,Southwark Council,Circuit Class Egym,Gym / Fitness,Group Exercise Peckham,False,12.5,Peckham Pulse Leisure Centre,SE15 5QN,Southwark,51.474074,-0.070885,08:00,08:45,Friday,1,False,https://southwarkleisure.co.uk/centres/peckham-pulse-leisure-centre/
SWK_248,Southwark Council,Southwark Council,Circuits,Gym / Fitness,Group Exercise Castle,False,12.5,The Castle Centre,SE1 6FG,Southwark,51.4935,-0.1024,19:00,19:45,Friday,2,False,https://southwarkleisure.co.uk/centres/the-castle-centre/
SWK_249,Southwark Council,Southwark Council,Circuits Class,Gym / Fitness,Group Exercise Camberwell,False,12.5,Camberwell Leisure Centre,SE5 8TS,Southwark,51.47422,-0.09051,12:15,13:00,Thursday,3,False,https://southwarkleisure.co.uk/centres/camberwell-leisure-centre/
SWK_250,Southwark Council,Southwark Council,Circuits Class,Gym / Fitness,Group Exercise Dulwich,False,12.5,Dulwich Leisure Centre,SE22 9HB,Southwark,51.460601,-0.071419,10:30,11:15,,1,False,https://southwarkleisure.co.uk/centres/dulwich-leisure-centre/
SWK_251,Southwark Council,Southwark Council,Coached Running Class,Walking / Running,Group Exercise Tracks,False,12.5,Southwark Athletics Track,SE16 2PE,Southwark,51.4924,-0.0512,06:45,07:30,Tuesday,1,False,https://southwarkleisure.co.uk/centres/southwark-park-sports-and-athletics-centre/
SWK_252,Southwark Council,Southwark Council,Compound Lifting Club,Gym / Fitness,Group Exercise Peckham,False,12.5,Peckham Pulse Leisure Centre,SE15 5QN,Southwark,51.474074,-0.070885,18:15,19:00,Wednesday,1,False,https://southwarkleisure.co.uk/centres/peckham-pulse-leisure-centre/
SWK_253,Southwark Council,Southwark Council,Core Workout,Gym / Fitness,Group Exercise Camberwell,False,12.5,Camberwell Leisure Centre,SE5 8TS,Southwark,51.47422,-0.09051,18:45,19:15,Tuesday,1,False,https://southwarkleisure.co.uk/centres/camberwell-leisure-centre/
SWK_254,Southwark Council,Southwark Council,Core Workout,Gym / Fitness,Group Exercise Castle,False,12.5,The Castle Centre,SE1 6FG,Southwark,51.4935,-0.1024,09:15,10:00,Tuesday,1,False,https://southwarkleisure.co.uk/centres/the-castle-centre/
SWK_255,Southwark Council,Southwark Council,Core Workout,Gym / Fitness,Group Exercise Docks,False,12.5,Surrey Docks Fitness & Water Sports,SE16 7SX,Southwark,51.493796,-0.039449,19:15,20:00,Thursday,1,False,https://southwarkleisure.co.uk/centres/surrey-docks-fitness-and-watersports-centre/
SWK_256,Southwark Council,Southwark Council,Core Workout,Gym / Fitness,Group Exercise Dulwich,False,12.5,Dulwich Leisure Centre,SE22 9HB,Southwark,51.460601,-0.071419,11:15,11:45,Thursday,2,False,https://southwarkleisure.co.uk/centres/dulwich-leisure-centre/
SWK_257,Southwark Council,Southwark Council,Core Workout,Gym / Fitness,Group Exercise Peckham,False,12.5,Peckham Pulse Leisure Centre,SE15 5QN,Southwark,51.474074,-0.070885,18:15,18:45,Saturday,3,False,https://southwarkleisure.co.uk/centres/peckham-pulse-leisure-centre/
SWK_258,Southwark Council,Southwark Council,Cycl`H2o,Cycling,Group Exercise Castle,False,12.5,The Castle Centre,SE1 6FG,Southwark,51.4935,-0.1024,19:00,19:45,Friday,2,False,https://southwarkleisure.co.uk/centres/the-castle-centre/
SWK_259,Southwark Council,Southwark Council,Dance Fitness,Dance,Group Exercise Camberwell,False,12.5,Camberwell Leisure Centre,SE5 8TS,Southwark,51.47422,-0.09051,18:15,19:15,Wednesday,2,False,https://southwarkleisure.co.uk/centres/camberwell-leisure-centre/
SWK_260,Southwark Council,Southwark Council,Dance Fitness,Dance,Group Exercise Dulwich,False,12.5,Dulwich Leisure Centre,SE22 9HB,Southwark,51.460601,-0.071419,11:30,12:30,,1,False,https://southwarkleisure.co.uk/centres/dulwich-leisure-centre/
SWK_261,Southwark Council,Southwark Council,Dance Fitness,Dance,Group Exercise Peckham,False,12.5,Peckham Pulse Leisure Centre,SE15 5QN,Southwark,51.474074,-0.070885,12:00,13:00,Thursday,1,False,https://southwarkleisure.co.uk/centres/peckham-pulse-leisure-centre/
SWK_262,Southwark Council,Southwark Council,Dancehall,Dance,Group Exercise Docks,False,12.5,Surrey Docks Fitness & Water Sports,SE16 7SX,Southwark,51.493796,-0.039449,12:15,13:00,Saturday,1,False,https://southwarkleisure.co.uk/centres/surrey-docks-fitness-and-watersports-centre/
SWK_263,Southwark Council,Southwark Council,Disability Bubble Swim,Swimming,Swimming Peckham,False,5.6,Peckham Pulse Leisure Centre,SE15 5QN,Southwark,51.474074,-0.070885,12:00,13:00,Friday,2,False,https://southwarkleisure.co.uk/centres/peckham-pulse-leisure-centre/
SWK_264,Southwark Council,Southwark Council,Disability Swim,Swimming,Swimming Camberwell,False,5.7,Camberwell Leisure Centre,SE5 8TS,Southwark,51.47422,-0.09051,19:00,20:00,Sunday,3,False,https://southwarkleisure.co.uk/centres/camberwell-leisure-centre/
SWK_265,Southwark Council,Southwark Council,Disability Swim,Swimming,Swimming Castle,True,0.0,The Castle Centre,SE1 6FG,Southwark,51.4935,-0.1024,15:00,16:00,Friday,4,False,https://southwarkleisure.co.uk/centres/the-castle-centre/
SWK_266,Southwark Council,Southwark Council,Disability Swim,Swimming,Swimming Dulwich,True,0.0,Dulwich Leisure Centre,SE22 9HB,Southwark,51.460601,-0.071419,14:00,15:00,Sunday,1,False,https://southwarkleisure.co.uk/centres/dulwich-leisure-centre/
SWK_267,Southwark Council,Southwark Council,Disability Swim,Swimming,Swimming Peckham,False,5.6,Peckham Pulse Leisure Centre,SE15 5QN,Southwark,51.474074,-0.070885,20:00,21:00,Monday,3,False,https://southwarkleisure.co.uk/centres/peckham-pulse-leisure-centre/
SWK_268,Southwark Council,Southwark Council,Double Impact,Gym / Fitness,Group Exercise Castle,False,12.5,The Castle Centre,SE1 6FG,Southwark,51.4935,-0.1024,20:00,21:00,Thursday,2,False,https://southwarkleisure.co.uk/centres/the-castle-centre/
SWK_269,Southwark Council,Southwark Council,Dynamic Yoga,"Yoga, Pilates & Studio",Group Exercise Docks,False,12.5,Surrey Docks Fitness & Water Sports,SE16 7SX,Southwark,51.493796,-0.039449,12:00,13:00,,1,False,https://southwarkleisure.co.uk/centres/surrey-docks-fitness-and-watersports-centre/
SWK_270,Southwark Council,Southwark Council,Egym Induction,Gym / Fitness,Gym Peckham,True,0.0,Peckham Pulse Leisure Centre,SE15 5QN,Southwark,51.474074,-0.070885,17:30,18:00,Wednesday,5,False,https://southwarkleisure.co.uk/centres/peckham-pulse-leisure-centre/
SWK_271,Southwark Council,Southwark Council,Egym Intro,Gym / Fitness,Egym Camberwell,True,0.0,Camberwell Leisure Centre,SE5 8TS,Southwark,51.47422,-0.09051,18:30,19:30,Friday,26,False,https://southwarkleisure.co.uk/centres/camberwell-leisure-centre/
SWK_272,Southwark Council,Southwark Council,Egym Intro,Gym / Fitness,Gym Peckham,True,0.0,Peckham Pulse Leisure Centre,SE15 5QN,Southwark,51.474074,-0.070885,17:30,18:00,Monday,2,False,https://southwarkleisure.co.uk/centres/peckham-pulse-leisure-centre/
SWK_273,Southwark Council,Southwark Council,Express Hiit,Gym / Fitness,Group Exercise Docks,False,12.5,Surrey Docks Fitness & Water Sports,SE16 7SX,Southwark,51.493796,-0.039449,09:30,10:00,Wednesday,1,False,https://southwarkleisure.co.uk/centres/surrey-docks-fitness-and-watersports-centre/
SWK_274,Southwark Council,Southwark Council,Family Disability,Other / Unspecified,Swimming Peckham,False,5.7,Peckham Pulse Leisure Centre,SE15 5QN,Southwark,51.474074,-0.070885,15:00,16:00,Saturday,1,False,https://southwarkleisure.co.uk/centres/peckham-pulse-leisure-centre/
SWK_275,Southwark Council,Southwark Council,Family Disability Swim,Swimming,Swimming Peckham,False,5.7,Peckham Pulse Leisure Centre,SE15 5QN,Southwark,51.474074,-0.070885,15:00,16:00,Thursday,3,False,https://southwarkleisure.co.uk/centres/peckham-pulse-leisure-centre/
SWK_276,Southwark Council,Southwark Council,Family Fun Swim,Swimming,Swimming Peckham,False,6.8,Peckham Pulse Leisure Centre,SE15 5QN,Southwark,51.474074,-0.070885,15:00,16:00,"Monday, Tuesday, Wednesday",1,False,https://southwarkleisure.co.uk/centres/peckham-pulse-leisure-centre/
SWK_277,Southwark Council,Southwark Council,Family Swim,Swimming,Swimming Camberwell,False,6.8,Camberwell Leisure Centre,SE5 8TS,Southwark,51.47422,-0.09051,09:00,10:00,Monday,10,False,https://southwarkleisure.co.uk/centres/camberwell-leisure-centre/
SWK_278,Southwark Council,Southwark Council,Family Swim,Swimming,Swimming Castle,False,6.8,The Castle Centre,SE1 6FG,Southwark,51.4935,-0.1024,14:00,14:55,Sunday,9,False,https://southwarkleisure.co.uk/centres/the-castle-centre/
SWK_279,Southwark Council,Southwark Council,Family Swim,Swimming,Swimming Dulwich,False,6.8,Dulwich Leisure Centre,SE22 9HB,Southwark,51.460601,-0.071419,09:00,10:00,,3,False,https://southwarkleisure.co.uk/centres/dulwich-leisure-centre/
SWK_280,Southwark Council,Southwark Council,Family Swim,Swimming,Swimming Peckham,False,6.8,Peckham Pulse Leisure Centre,SE15 5QN,Southwark,51.474074,-0.070885,14:00,15:00,Sunday,4,False,https://southwarkleisure.co.uk/centres/peckham-pulse-leisure-centre/
SWK_281,Southwark Council,Southwark Council,Family Swim - Fsg,Swimming,Swimming Camberwell,False,6.8,Camberwell Leisure Centre,SE5 8TS,Southwark,51.47422,-0.09051,14:00,15:00,,2,False,https://southwarkleisure.co.uk/centres/camberwell-leisure-centre/
SWK_282,Southwark Council,Southwark Council,Free Pt Taster,Personal Training,Group Exercise Docks,False,12.5,Surrey Docks Fitness & Water Sports,SE16 7SX,Southwark,51.493796,-0.039449,14:30,15:00,Wednesday,31,False,https://southwarkleisure.co.uk/centres/surrey-docks-fitness-and-watersports-centre/
SWK_283,Southwark Council,Southwark Council,Fun And Floats Swim,Swimming,Swimming Dulwich,False,6.8,Dulwich Leisure Centre,SE22 9HB,Southwark,51.460601,-0.071419,11:00,12:00,Sunday,1,False,https://southwarkleisure.co.uk/centres/dulwich-leisure-centre/
SWK_284,Southwark Council,Southwark Council,Functional Fit,Gym / Fitness,Group Exercise Castle,False,12.5,The Castle Centre,SE1 6FG,Southwark,51.4935,-0.1024,19:30,20:15,Wednesday,1,False,https://southwarkleisure.co.uk/centres/the-castle-centre/
SWK_285,Southwark Council,Southwark Council,Functional Performance,Gym / Fitness,Group Exercise Peckham,False,12.5,Peckham Pulse Leisure Centre,SE15 5QN,Southwark,51.474074,-0.070885,09:00,09:30,Thursday,1,False,https://southwarkleisure.co.uk/centres/peckham-pulse-leisure-centre/
SWK_286,Southwark Council,Southwark Council,Good Boost Exercise,Group Exercise,Swimming Peckham,False,4.3,Peckham Pulse Leisure Centre,SE15 5QN,Southwark,51.474074,-0.070885,19:00,19:45,Tuesday,1,False,https://southwarkleisure.co.uk/centres/peckham-pulse-leisure-centre/
SWK_287,Southwark Council,Southwark Council,Group Cycle,Cycling,Group Exercise Castle,False,12.5,The Castle Centre,SE1 6FG,Southwark,51.4935,-0.1024,18:30,19:15,Monday,6,False,https://southwarkleisure.co.uk/centres/the-castle-centre/
SWK_288,Southwark Council,Southwark Council,Group Cycle,Cycling,Group Exercise Docks,False,12.5,Surrey Docks Fitness & Water Sports,SE16 7SX,Southwark,51.493796,-0.039449,18:45,19:30,Wednesday,10,False,https://southwarkleisure.co.uk/centres/surrey-docks-fitness-and-watersports-centre/
SWK_289,Southwark Council,Southwark Council,Group Cycle,Cycling,Group Exercise Dulwich,False,12.5,Dulwich Leisure Centre,SE22 9HB,Southwark,51.460601,-0.071419,09:15,10:00,Friday,21,False,https://southwarkleisure.co.uk/centres/dulwich-leisure-centre/
SWK_290,Southwark Council,Southwark Council,Group Cycle,Cycling,Group Exercise Peckham,False,12.5,Peckham Pulse Leisure Centre,SE15 5QN,Southwark,51.474074,-0.070885,09:15,10:00,Tuesday,12,False,https://southwarkleisure.co.uk/centres/peckham-pulse-leisure-centre/
SWK_291,Southwark Council,Southwark Council,Group Gym Induction,Gym / Fitness,Gym Dulwich,True,0.0,Dulwich Leisure Centre,SE22 9HB,Southwark,51.460601,-0.071419,17:30,18:15,Wednesday,3,False,https://southwarkleisure.co.uk/centres/dulwich-leisure-centre/
SWK_292,Southwark Council,Southwark Council,Group Kickstart Session,Gym / Fitness,Group Exercise Peckham,False,12.5,Peckham Pulse Leisure Centre,SE15 5QN,Southwark,51.474074,-0.070885,10:45,11:15,"Monday, Tuesday, Wednesday, Thursday",1,False,https://southwarkleisure.co.uk/centres/peckham-pulse-leisure-centre/
SWK_293,Southwark Council,Southwark Council,Gym Session,Gym / Fitness,Gym Camberwell,False,12.5,Camberwell Leisure Centre,SE5 8TS,Southwark,51.47422,-0.09051,06:30,07:00,Monday,97,False,https://southwarkleisure.co.uk/centres/camberwell-leisure-centre/
SWK_294,Southwark Council,Southwark Council,Gym Session,Gym / Fitness,Gym Castle,False,12.5,The Castle Centre,SE1 6FG,Southwark,51.4935,-0.1024,06:30,07:00,Monday,100,False,https://southwarkleisure.co.uk/centres/the-castle-centre/
SWK_295,Southwark Council,Southwark Council,Gym Session,Gym / Fitness,Gym Dulwich,False,12.5,Dulwich Leisure Centre,SE22 9HB,Southwark,51.460601,-0.071419,06:30,07:00,Monday,106,False,https://southwarkleisure.co.uk/centres/dulwich-leisure-centre/
SWK_296,Southwark Council,Southwark Council,Gym Session,Gym / Fitness,Gym Peckham,False,12.5,Peckham Pulse Leisure Centre,SE15 5QN,Southwark,51.474074,-0.070885,07:00,08:00,Monday,96,False,https://southwarkleisure.co.uk/centres/peckham-pulse-leisure-centre/
SWK_297,Southwark Council,Southwark Council,Gym Session,Gym / Fitness,Gym Surrey Docks,False,12.5,Surrey Docks Fitness & Water Sports,SE16 7SX,Southwark,51.493796,-0.039449,06:30,07:00,Monday,105,False,https://southwarkleisure.co.uk/centres/surrey-docks-fitness-and-watersports-centre/
SWK_298,Southwark Council,Southwark Council,Gym Session,Gym / Fitness,Gym Track,False,12.5,Southwark Athletics Track,SE16 2PE,Southwark,51.4924,-0.0512,06:30,07:00,Monday,93,False,https://southwarkleisure.co.uk/centres/southwark-park-sports-and-athletics-centre/
SWK_299,Southwark Council,Southwark Council,Gym Session + Silver,Gym / Fitness,Gym Peckham,False,12.5,Peckham Pulse Leisure Centre,SE15 5QN,Southwark,51.474074,-0.070885,15:00,16:00,Thursday,8,False,https://southwarkleisure.co.uk/centres/peckham-pulse-leisure-centre/
SWK_300,Southwark Council,Southwark Council,Gymfluence  - Instructor,Gym / Fitness,Gymfluence Dulwich,False,4.0,Dulwich Leisure Centre,SE22 9HB,Southwark,51.460601,-0.071419,11:00,12:00,Sunday,11,False,https://southwarkleisure.co.uk/centres/dulwich-leisure-centre/
SWK_301,Southwark Council,Southwark Council,Gymfluence - Instructor,Gym / Fitness,Gymfluence Camberwell,False,4.0,Camberwell Leisure Centre,SE5 8TS,Southwark,51.47422,-0.09051,16:00,17:00,Friday,8,False,https://southwarkleisure.co.uk/centres/camberwell-leisure-centre/
SWK_302,Southwark Council,Southwark Council,Gymfluence - Instructor,Gym / Fitness,Gymfluence Castle,False,4.0,The Castle Centre,SE1 6FG,Southwark,51.4935,-0.1024,11:00,12:00,Sunday,9,False,https://southwarkleisure.co.uk/centres/the-castle-centre/
SWK_303,Southwark Council,Southwark Council,Gymfluence - Instructor,Gym / Fitness,Gymfluence Peckham,False,4.0,Peckham Pulse Leisure Centre,SE15 5QN,Southwark,51.474074,-0.070885,16:30,17:30,Monday,10,False,https://southwarkleisure.co.uk/centres/peckham-pulse-leisure-centre/
SWK_304,Southwark Council,Southwark Council,Gymfluence - Instructor,Gym / Fitness,Gymfluence Surrey Docks,False,4.0,Surrey Docks Fitness & Water Sports,SE16 7SX,Southwark,51.493796,-0.039449,15:30,16:30,Thursday,12,False,https://southwarkleisure.co.uk/centres/surrey-docks-fitness-and-watersports-centre/
SWK_305,Southwark Council,Southwark Council,Gymfluence - Instructor,Gym / Fitness,Gymfluence Track,False,4.0,Southwark Athletics Track,SE16 2PE,Southwark,51.4924,-0.0512,16:30,17:30,Wednesday,12,False,https://southwarkleisure.co.uk/centres/southwark-park-sports-and-athletics-centre/
SWK_306,Southwark Council,Southwark Council,Gymfluence Induction,Gym / Fitness,Gymfluence Camberwell,True,0.0,Camberwell Leisure Centre,SE5 8TS,Southwark,51.47422,-0.09051,13:30,14:00,Saturday,1,False,https://southwarkleisure.co.uk/centres/camberwell-leisure-centre/
SWK_307,Southwark Council,Southwark Council,Gymfluence Induction,Gym / Fitness,Gymfluence Canada Water,True,0.0,Camberwell Leisure Centre,SE5 8TS,Southwark,51.47422,-0.09051,14:30,15:30,Saturday,1,False,https://southwarkleisure.co.uk/centres/camberwell-leisure-centre/
SWK_308,Southwark Council,Southwark Council,Gymfluence Induction,Gym / Fitness,Gymfluence Castle,True,0.0,The Castle Centre,SE1 6FG,Southwark,51.4935,-0.1024,15:30,16:00,Wednesday,4,False,https://southwarkleisure.co.uk/centres/the-castle-centre/
SWK_309,Southwark Council,Southwark Council,Gymfluence – Supervised,Gym / Fitness,Gymfluence Camberwell,False,4.0,Camberwell Leisure Centre,SE5 8TS,Southwark,51.47422,-0.09051,21:00,22:00,Monday,104,False,https://southwarkleisure.co.uk/centres/camberwell-leisure-centre/
SWK_310,Southwark Council,Southwark Council,Gymfluence – Supervised,Gym / Fitness,Gymfluence Castle,False,4.0,The Castle Centre,SE1 6FG,Southwark,51.4935,-0.1024,18:00,19:00,Wednesday,97,False,https://southwarkleisure.co.uk/centres/the-castle-centre/
SWK_311,Southwark Council,Southwark Council,Gymfluence – Supervised,Gym / Fitness,Gymfluence Peckham,False,4.0,Peckham Pulse Leisure Centre,SE15 5QN,Southwark,51.474074,-0.070885,09:00,10:00,Saturday,91,False,https://southwarkleisure.co.uk/centres/peckham-pulse-leisure-centre/
SWK_312,Southwark Council,Southwark Council,Gymfluence – Supervised,Gym / Fitness,Gymfluence Surrey Docks,False,4.0,Surrey Docks Fitness & Water Sports,SE16 7SX,Southwark,51.493796,-0.039449,08:00,09:00,Monday,103,False,https://southwarkleisure.co.uk/centres/surrey-docks-fitness-and-watersports-centre/
SWK_313,Southwark Council,Southwark Council,H I I T,Gym / Fitness,Group Exercise Camberwell,False,12.5,Camberwell Leisure Centre,SE5 8TS,Southwark,51.47422,-0.09051,18:15,19:15,Monday,2,False,https://southwarkleisure.co.uk/centres/camberwell-leisure-centre/
SWK_314,Southwark Council,Southwark Council,H I I T,Gym / Fitness,Group Exercise Castle,False,12.5,The Castle Centre,SE1 6FG,Southwark,51.4935,-0.1024,07:00,07:45,Monday,2,False,https://southwarkleisure.co.uk/centres/the-castle-centre/
SWK_315,Southwark Council,Southwark Council,H I I T,Gym / Fitness,Group Exercise Dulwich,False,12.5,Dulwich Leisure Centre,SE22 9HB,Southwark,51.460601,-0.071419,17:45,18:30,,1,False,https://southwarkleisure.co.uk/centres/dulwich-leisure-centre/
SWK_316,Southwark Council,Southwark Council,Hand Stand And Core,Gym / Fitness,Group Exercise Castle,False,12.5,The Castle Centre,SE1 6FG,Southwark,51.4935,-0.1024,18:15,19:15,Wednesday,1,False,https://southwarkleisure.co.uk/centres/the-castle-centre/
SWK_317,Southwark Council,Southwark Council,Hand Stands And Core,Gym / Fitness,Group Exercise Docks,False,12.5,Surrey Docks Fitness & Water Sports,SE16 7SX,Southwark,51.493796,-0.039449,12:00,13:00,Thursday,1,False,https://southwarkleisure.co.uk/centres/surrey-docks-fitness-and-watersports-centre/
SWK_318,Southwark Council,Southwark Council,Handstands & Core,Gym / Fitness,Group Exercise Camberwell,False,12.5,Camberwell Leisure Centre,SE5 8TS,Southwark,51.47422,-0.09051,18:00,18:45,Tuesday,1,False,https://southwarkleisure.co.uk/centres/camberwell-leisure-centre/
SWK_319,Southwark Council,Southwark Council,Hatha Yoga,"Yoga, Pilates & Studio",Group Exercise Camberwell,False,12.5,Camberwell Leisure Centre,SE5 8TS,Southwark,51.47422,-0.09051,09:45,11:15,Friday,1,False,https://southwarkleisure.co.uk/centres/camberwell-leisure-centre/
SWK_320,Southwark Council,Southwark Council,Hatha Yoga,"Yoga, Pilates & Studio",Group Exercise Castle,False,12.5,The Castle Centre,SE1 6FG,Southwark,51.4935,-0.1024,17:45,18:45,Thursday,1,False,https://southwarkleisure.co.uk/centres/the-castle-centre/
SWK_321,Southwark Council,Southwark Council,Hatha Yoga,"Yoga, Pilates & Studio",Group Exercise Docks,False,12.5,Surrey Docks Fitness & Water Sports,SE16 7SX,Southwark,51.493796,-0.039449,12:30,13:30,,1,False,https://southwarkleisure.co.uk/centres/surrey-docks-fitness-and-watersports-centre/
SWK_322,Southwark Council,Southwark Council,Hatha Yoga,"Yoga, Pilates & Studio",Group Exercise Tracks,False,12.5,Southwark Athletics Track,SE16 2PE,Southwark,51.4924,-0.0512,17:45,19:15,Friday,1,False,https://southwarkleisure.co.uk/centres/southwark-park-sports-and-athletics-centre/
SWK_323,Southwark Council,Southwark Council,Hiit,Gym / Fitness,Group Exercise Camberwell,False,12.5,Camberwell Leisure Centre,SE5 8TS,Southwark,51.47422,-0.09051,09:30,10:30,Saturday,1,False,https://southwarkleisure.co.uk/centres/camberwell-leisure-centre/
SWK_324,Southwark Council,Southwark Council,Hiit,Gym / Fitness,Group Exercise Dulwich,False,12.5,Dulwich Leisure Centre,SE22 9HB,Southwark,51.460601,-0.071419,12:15,13:00,,1,False,https://southwarkleisure.co.uk/centres/dulwich-leisure-centre/
SWK_325,Southwark Council,Southwark Council,Hiit Class,Gym / Fitness,Group Exercise Docks,False,12.5,Surrey Docks Fitness & Water Sports,SE16 7SX,Southwark,51.493796,-0.039449,18:15,19:00,,2,False,https://southwarkleisure.co.uk/centres/surrey-docks-fitness-and-watersports-centre/
SWK_326,Southwark Council,Southwark Council,Hiit Class,Gym / Fitness,Group Exercise Dulwich,False,12.5,Dulwich Leisure Centre,SE22 9HB,Southwark,51.460601,-0.071419,06:45,07:30,Friday,7,False,https://southwarkleisure.co.uk/centres/dulwich-leisure-centre/
SWK_327,Southwark Council,Southwark Council,Hiit Class,Gym / Fitness,Group Exercise Peckham,False,12.5,Peckham Pulse Leisure Centre,SE15 5QN,Southwark,51.474074,-0.070885,19:00,20:00,Tuesday,1,False,https://southwarkleisure.co.uk/centres/peckham-pulse-leisure-centre/
SWK_328,Southwark Council,Southwark Council,Hyrox,Gym / Fitness,Group Exercise Tracks,False,12.5,Southwark Athletics Track,SE16 2PE,Southwark,51.4924,-0.0512,18:00,19:00,Monday,1,False,https://southwarkleisure.co.uk/centres/southwark-park-sports-and-athletics-centre/
SWK_329,Southwark Council,Southwark Council,Induction/programme,Gym / Fitness,Gym Peckham,False,12.5,Peckham Pulse Leisure Centre,SE15 5QN,Southwark,51.474074,-0.070885,18:15,18:45,"Monday, Tuesday",2,False,https://southwarkleisure.co.uk/centres/peckham-pulse-leisure-centre/
SWK_330,Southwark Council,Southwark Council,Junior Fsg,Other / Unspecified,Gymfluence Peckham,False,12.5,Peckham Pulse Leisure Centre,SE15 5QN,Southwark,51.474074,-0.070885,17:00,18:00,Friday,1,False,https://southwarkleisure.co.uk/centres/peckham-pulse-leisure-centre/
SWK_331,Southwark Council,Southwark Council,Junior Gym Circuits,Gym / Fitness,Gymfluence Camberwell,False,12.5,Camberwell Leisure Centre,SE5 8TS,Southwark,51.47422,-0.09051,16:30,17:30,Friday,1,False,https://southwarkleisure.co.uk/centres/camberwell-leisure-centre/
SWK_332,Southwark Council,Southwark Council,Junior Induction,Gym / Fitness,Gymfluence Peckham,True,0.0,Peckham Pulse Leisure Centre,SE15 5QN,Southwark,51.474074,-0.070885,16:00,17:00,Friday,1,False,https://southwarkleisure.co.uk/centres/peckham-pulse-leisure-centre/
SWK_333,Southwark Council,Southwark Council,Junior Kayaking Club,Swimming,Watersports Courses,False,5.0,Surrey Docks Fitness & Water Sports,SE16 7SX,Southwark,51.493796,-0.039449,14:00,15:30,Saturday,2,False,https://southwarkleisure.co.uk/centres/surrey-docks-fitness-and-watersports-centre/
SWK_334,Southwark Council,Southwark Council,Karate Class (children),Martial Arts,Club Martial Art,False,7.7,Camberwell Leisure Centre,SE5 8TS,Southwark,51.47422,-0.09051,13:30,15:00,Saturday,1,False,https://southwarkleisure.co.uk/centres/camberwell-leisure-centre/
SWK_335,Southwark Council,Southwark Council,Kettlebell,Gym / Fitness,Group Exercise Peckham,False,12.5,Peckham Pulse Leisure Centre,SE15 5QN,Southwark,51.474074,-0.070885,09:00,09:30,Wednesday,1,False,https://southwarkleisure.co.uk/centres/peckham-pulse-leisure-centre/
SWK_336,Southwark Council,Southwark Council,Kettlebells,Gym / Fitness,Group Exercise Camberwell,False,12.5,Camberwell Leisure Centre,SE5 8TS,Southwark,51.47422,-0.09051,11:30,12:30,Friday,1,False,https://southwarkleisure.co.uk/centres/camberwell-leisure-centre/
SWK_337,Southwark Council,Southwark Council,Kettlebells,Gym / Fitness,Group Exercise Castle,False,12.5,The Castle Centre,SE1 6FG,Southwark,51.4935,-0.1024,12:45,13:30,,2,False,https://southwarkleisure.co.uk/centres/the-castle-centre/
SWK_338,Southwark Council,Southwark Council,Kettlebells,Gym / Fitness,Group Exercise Docks,False,12.5,Surrey Docks Fitness & Water Sports,SE16 7SX,Southwark,51.493796,-0.039449,20:15,21:00,Thursday,1,False,https://southwarkleisure.co.uk/centres/surrey-docks-fitness-and-watersports-centre/
SWK_339,Southwark Council,Southwark Council,Kettlebells,Gym / Fitness,Group Exercise Dulwich,False,12.5,Dulwich Leisure Centre,SE22 9HB,Southwark,51.460601,-0.071419,19:40,20:25,Tuesday,3,False,https://southwarkleisure.co.uk/centres/dulwich-leisure-centre/
SWK_340,Southwark Council,Southwark Council,Lane Swim - 45 Min Fast,Swimming,Swimming Dulwich,False,6.8,Dulwich Leisure Centre,SE22 9HB,Southwark,51.460601,-0.071419,12:45,13:30,Monday,3,False,https://southwarkleisure.co.uk/centres/dulwich-leisure-centre/
SWK_341,Southwark Council,Southwark Council,Lane Swim - Fast,Swimming,Swimming Camberwell,False,6.8,Camberwell Leisure Centre,SE5 8TS,Southwark,51.47422,-0.09051,12:00,12:45,Monday,45,False,https://southwarkleisure.co.uk/centres/camberwell-leisure-centre/
SWK_342,Southwark Council,Southwark Council,Lane Swim - Fast,Swimming,Swimming Castle,False,6.8,The Castle Centre,SE1 6FG,Southwark,51.4935,-0.1024,21:00,21:50,Tuesday,32,False,https://southwarkleisure.co.uk/centres/the-castle-centre/
SWK_343,Southwark Council,Southwark Council,Lane Swim - Fast,Swimming,Swimming Dulwich,False,6.8,Dulwich Leisure Centre,SE22 9HB,Southwark,51.460601,-0.071419,18:00,19:00,"Sunday, Saturday",23,False,https://southwarkleisure.co.uk/centres/dulwich-leisure-centre/
SWK_344,Southwark Council,Southwark Council,Lane Swim - Fast,Swimming,Swimming Peckham,False,6.8,Peckham Pulse Leisure Centre,SE15 5QN,Southwark,51.474074,-0.070885,19:00,20:00,Sunday,38,False,https://southwarkleisure.co.uk/centres/peckham-pulse-leisure-centre/
SWK_345,Southwark Council,Southwark Council,Lane Swim - Fast 45 Min,Swimming,Swimming Dulwich,False,6.8,Dulwich Leisure Centre,SE22 9HB,Southwark,51.460601,-0.071419,21:00,21:45,Sunday,8,False,https://southwarkleisure.co.uk/centres/dulwich-leisure-centre/
SWK_346,Southwark Council,Southwark Council,Lane Swim - Fast 75 Min,Swimming,Swimming Dulwich,False,6.8,Dulwich Leisure Centre,SE22 9HB,Southwark,51.460601,-0.071419,20:30,21:45,Wednesday,1,False,https://southwarkleisure.co.uk/centres/dulwich-leisure-centre/
SWK_347,Southwark Council,Southwark Council,Lane Swim - Med,Swimming,Swimming Camberwell,False,6.8,Camberwell Leisure Centre,SE5 8TS,Southwark,51.47422,-0.09051,12:00,12:45,Monday,45,False,https://southwarkleisure.co.uk/centres/camberwell-leisure-centre/
SWK_348,Southwark Council,Southwark Council,Lane Swim - Med,Swimming,Swimming Castle,False,6.8,The Castle Centre,SE1 6FG,Southwark,51.4935,-0.1024,12:00,12:55,Wednesday,34,False,https://southwarkleisure.co.uk/centres/the-castle-centre/
SWK_349,Southwark Council,Southwark Council,Lane Swim - Med,Swimming,Swimming Dulwich,False,6.8,Dulwich Leisure Centre,SE22 9HB,Southwark,51.460601,-0.071419,20:00,21:00,Monday,23,False,https://southwarkleisure.co.uk/centres/dulwich-leisure-centre/
SWK_350,Southwark Council,Southwark Council,Lane Swim - Med,Swimming,Swimming Peckham,False,6.8,Peckham Pulse Leisure Centre,SE15 5QN,Southwark,51.474074,-0.070885,21:00,21:45,Monday,6,False,https://southwarkleisure.co.uk/centres/peckham-pulse-leisure-centre/
SWK_351,Southwark Council,Southwark Council,Lane Swim - Med 45 Min,Swimming,Swimming Dulwich,False,6.8,Dulwich Leisure Centre,SE22 9HB,Southwark,51.460601,-0.071419,21:00,21:45,Monday,7,False,https://southwarkleisure.co.uk/centres/dulwich-leisure-centre/
SWK_352,Southwark Council,Southwark Council,Lane Swim - Med 45 Mon,Swimming,Swimming Dulwich,False,6.8,Dulwich Leisure Centre,SE22 9HB,Southwark,51.460601,-0.071419,12:00,12:45,Monday,2,False,https://southwarkleisure.co.uk/centres/dulwich-leisure-centre/
SWK_353,Southwark Council,Southwark Council,Lane Swim - Medium,Swimming,Swimming Peckham,False,6.8,Peckham Pulse Leisure Centre,SE15 5QN,Southwark,51.474074,-0.070885,06:30,07:30,Thursday,32,False,https://southwarkleisure.co.uk/centres/peckham-pulse-leisure-centre/
SWK_354,Southwark Council,Southwark Council,Lane Swim - Slow,Swimming,Swimming Camberwell,False,6.8,Camberwell Leisure Centre,SE5 8TS,Southwark,51.47422,-0.09051,12:00,12:45,Monday,45,False,https://southwarkleisure.co.uk/centres/camberwell-leisure-centre/
SWK_355,Southwark Council,Southwark Council,Lane Swim - Slow,Swimming,Swimming Castle,False,6.8,The Castle Centre,SE1 6FG,Southwark,51.4935,-0.1024,12:00,12:55,Wednesday,32,False,https://southwarkleisure.co.uk/centres/the-castle-centre/
SWK_356,Southwark Council,Southwark Council,Lane Swim - Slow,Swimming,Swimming Dulwich,False,6.8,Dulwich Leisure Centre,SE22 9HB,Southwark,51.460601,-0.071419,07:00,08:00,"Sunday, Saturday",22,False,https://southwarkleisure.co.uk/centres/dulwich-leisure-centre/
SWK_357,Southwark Council,Southwark Council,Lane Swim - Slow,Swimming,Swimming Peckham,False,6.8,Peckham Pulse Leisure Centre,SE15 5QN,Southwark,51.474074,-0.070885,17:00,17:45,Thursday,38,False,https://southwarkleisure.co.uk/centres/peckham-pulse-leisure-centre/
SWK_358,Southwark Council,Southwark Council,Lane Swim - Slow 45 Min,Swimming,Swimming Dulwich,False,6.8,Dulwich Leisure Centre,SE22 9HB,Southwark,51.460601,-0.071419,12:45,13:30,Monday,11,False,https://southwarkleisure.co.uk/centres/dulwich-leisure-centre/
SWK_359,Southwark Council,Southwark Council,Lane Swim - Slow 75 Min,Swimming,Swimming Dulwich,False,6.8,Dulwich Leisure Centre,SE22 9HB,Southwark,51.460601,-0.071419,20:30,21:45,Wednesday,1,False,https://southwarkleisure.co.uk/centres/dulwich-leisure-centre/
SWK_360,Southwark Council,Southwark Council,Lane Swim Medium,Swimming,Swimming Peckham,False,6.8,Peckham Pulse Leisure Centre,SE15 5QN,Southwark,51.474074,-0.070885,20:00,21:00,,1,False,https://southwarkleisure.co.uk/centres/peckham-pulse-leisure-centre/
SWK_361,Southwark Council,Southwark Council,Lane Swim Slow,Swimming,Swimming Peckham,False,6.8,Peckham Pulse Leisure Centre,SE15 5QN,Southwark,51.474074,-0.070885,20:00,21:00,,1,False,https://southwarkleisure.co.uk/centres/peckham-pulse-leisure-centre/
SWK_362,Southwark Council,Southwark Council,Lane Swim-Fast,Swimming,Swimming Castle,False,6.8,The Castle Centre,SE1 6FG,Southwark,51.4935,-0.1024,21:00,21:50,Wednesday,1,False,https://southwarkleisure.co.uk/centres/the-castle-centre/
SWK_363,Southwark Council,Southwark Council,Lane Swim-Med,Swimming,Swimming Castle,False,6.8,The Castle Centre,SE1 6FG,Southwark,51.4935,-0.1024,21:00,21:50,Wednesday,1,False,https://southwarkleisure.co.uk/centres/the-castle-centre/
SWK_364,Southwark Council,Southwark Council,Lane Swim-Slow,Swimming,Swimming Castle,False,6.8,The Castle Centre,SE1 6FG,Southwark,51.4935,-0.1024,21:00,21:50,Wednesday,1,False,https://southwarkleisure.co.uk/centres/the-castle-centre/
SWK_365,Southwark Council,Southwark Council,Lap Swim - Fast,Swimming,Swimming Peckham,False,6.8,Peckham Pulse Leisure Centre,SE15 5QN,Southwark,51.474074,-0.070885,21:00,21:45,Wednesday,1,False,https://southwarkleisure.co.uk/centres/peckham-pulse-leisure-centre/
SWK_366,Southwark Council,Southwark Council,Lap Swim - Slow,Swimming,Swimming Peckham,False,6.8,Peckham Pulse Leisure Centre,SE15 5QN,Southwark,51.474074,-0.070885,21:00,21:45,Wednesday,1,False,https://southwarkleisure.co.uk/centres/peckham-pulse-leisure-centre/
SWK_367,Southwark Council,Southwark Council,Legs Bums&tums,Gym / Fitness,Group Exercise Camberwell,False,12.5,Camberwell Leisure Centre,SE5 8TS,Southwark,51.47422,-0.09051,08:40,09:25,Thursday,1,False,https://southwarkleisure.co.uk/centres/camberwell-leisure-centre/
SWK_368,Southwark Council,Southwark Council,Legs Bums&tums,Gym / Fitness,Group Exercise Castle,False,12.5,The Castle Centre,SE1 6FG,Southwark,51.4935,-0.1024,10:30,11:15,Thursday,2,False,https://southwarkleisure.co.uk/centres/the-castle-centre/
SWK_369,Southwark Council,Southwark Council,Legs Bums&tums,Gym / Fitness,Group Exercise Docks,False,12.5,Surrey Docks Fitness & Water Sports,SE16 7SX,Southwark,51.493796,-0.039449,18:00,18:45,Sunday,3,False,https://southwarkleisure.co.uk/centres/surrey-docks-fitness-and-watersports-centre/
SWK_370,Southwark Council,Southwark Council,Legs Bums&tums,Gym / Fitness,Group Exercise Dulwich,False,12.5,Dulwich Leisure Centre,SE22 9HB,Southwark,51.460601,-0.071419,10:15,10:45,,3,False,https://southwarkleisure.co.uk/centres/dulwich-leisure-centre/
SWK_371,Southwark Council,Southwark Council,Legs Bums&tums,Gym / Fitness,Group Exercise Peckham,False,12.5,Peckham Pulse Leisure Centre,SE15 5QN,Southwark,51.474074,-0.070885,10:00,11:00,Monday,2,False,https://southwarkleisure.co.uk/centres/peckham-pulse-leisure-centre/
SWK_372,Southwark Council,Southwark Council,Les Mills Core (45mins),Gym / Fitness,Group Exercise Dulwich,False,12.5,Dulwich Leisure Centre,SE22 9HB,Southwark,51.460601,-0.071419,18:45,19:45,Friday,1,False,https://southwarkleisure.co.uk/centres/dulwich-leisure-centre/
SWK_373,Southwark Council,Southwark Council,Meditation,"Yoga, Pilates & Studio",Group Exercise Camberwell,False,12.5,Camberwell Leisure Centre,SE5 8TS,Southwark,51.47422,-0.09051,09:45,10:30,Thursday,3,False,https://southwarkleisure.co.uk/centres/camberwell-leisure-centre/
SWK_374,Southwark Council,Southwark Council,Men Only Swim,Swimming,Swimming Dulwich,False,6.8,Dulwich Leisure Centre,SE22 9HB,Southwark,51.460601,-0.071419,19:00,20:00,,1,False,https://southwarkleisure.co.uk/centres/dulwich-leisure-centre/
SWK_375,Southwark Council,Southwark Council,Mindful Flow Yoga,"Yoga, Pilates & Studio",Group Exercise Camberwell,False,12.5,Camberwell Leisure Centre,SE5 8TS,Southwark,51.47422,-0.09051,10:45,11:45,Saturday,1,False,https://southwarkleisure.co.uk/centres/camberwell-leisure-centre/
SWK_376,Southwark Council,Southwark Council,Open Water Swimming,Swimming,Recreational Watersports,False,9.0,Surrey Docks Fitness & Water Sports,SE16 7SX,Southwark,51.493796,-0.039449,16:30,17:30,Thursday,2,False,https://southwarkleisure.co.uk/centres/surrey-docks-fitness-and-watersports-centre/
SWK_377,Southwark Council,Southwark Council,Personal Gym Intro,Gym / Fitness,Gym Peckham,False,12.5,Peckham Pulse Leisure Centre,SE15 5QN,Southwark,51.474074,-0.070885,12:45,13:15,"Monday, Tuesday, Wednesday, Thursday",1,False,https://southwarkleisure.co.uk/centres/peckham-pulse-leisure-centre/
SWK_378,Southwark Council,Southwark Council,Pilates,"Yoga, Pilates & Studio",Group Exercise Camberwell,False,14.9,Camberwell Leisure Centre,SE5 8TS,Southwark,51.47422,-0.09051,18:00,19:00,Monday,4,False,https://southwarkleisure.co.uk/centres/camberwell-leisure-centre/
SWK_379,Southwark Council,Southwark Council,Pilates,"Yoga, Pilates & Studio",Group Exercise Castle,False,14.9,The Castle Centre,SE1 6FG,Southwark,51.4935,-0.1024,17:45,18:45,Monday,6,False,https://southwarkleisure.co.uk/centres/the-castle-centre/
SWK_380,Southwark Council,Southwark Council,Pilates,"Yoga, Pilates & Studio",Group Exercise Docks,False,14.9,Surrey Docks Fitness & Water Sports,SE16 7SX,Southwark,51.493796,-0.039449,10:45,11:45,Saturday,5,False,https://southwarkleisure.co.uk/centres/surrey-docks-fitness-and-watersports-centre/
SWK_381,Southwark Council,Southwark Council,Pilates,"Yoga, Pilates & Studio",Group Exercise Dulwich,False,14.9,Dulwich Leisure Centre,SE22 9HB,Southwark,51.460601,-0.071419,19:30,20:30,Tuesday,11,False,https://southwarkleisure.co.uk/centres/dulwich-leisure-centre/
SWK_382,Southwark Council,Southwark Council,Pilates,"Yoga, Pilates & Studio",Group Exercise Peckham,False,14.9,Peckham Pulse Leisure Centre,SE15 5QN,Southwark,51.474074,-0.070885,07:30,08:30,Thursday,5,False,https://southwarkleisure.co.uk/centres/peckham-pulse-leisure-centre/
SWK_383,Southwark Council,Southwark Council,Power Yoga,"Yoga, Pilates & Studio",Group Exercise Dulwich,False,12.5,Dulwich Leisure Centre,SE22 9HB,Southwark,51.460601,-0.071419,19:00,19:45,Thursday,1,False,https://southwarkleisure.co.uk/centres/dulwich-leisure-centre/
SWK_384,Southwark Council,Southwark Council,Public Swim,Swimming,Swimming Camberwell,False,6.8,Camberwell Leisure Centre,SE5 8TS,Southwark,51.47422,-0.09051,15:00,16:00,Wednesday,5,False,https://southwarkleisure.co.uk/centres/camberwell-leisure-centre/
SWK_385,Southwark Council,Southwark Council,Public Swim,Swimming,Swimming Castle,False,6.8,The Castle Centre,SE1 6FG,Southwark,51.4935,-0.1024,12:00,13:00,Wednesday,36,False,https://southwarkleisure.co.uk/centres/the-castle-centre/
SWK_386,Southwark Council,Southwark Council,Public Swim,Swimming,Swimming Dulwich,False,6.8,Dulwich Leisure Centre,SE22 9HB,Southwark,51.460601,-0.071419,10:00,11:00,Sunday,7,False,https://southwarkleisure.co.uk/centres/dulwich-leisure-centre/
SWK_387,Southwark Council,Southwark Council,Public Swim,Swimming,Swimming Peckham,False,6.8,Peckham Pulse Leisure Centre,SE15 5QN,Southwark,51.474074,-0.070885,18:00,19:00,Tuesday,41,False,https://southwarkleisure.co.uk/centres/peckham-pulse-leisure-centre/
SWK_388,Southwark Council,Southwark Council,Public Swim - Fsg,Swimming,Swimming Camberwell,False,6.8,Camberwell Leisure Centre,SE5 8TS,Southwark,51.47422,-0.09051,15:00,16:00,,5,False,https://southwarkleisure.co.uk/centres/camberwell-leisure-centre/
SWK_389,Southwark Council,Southwark Council,Public Swimm,Swimming,Swimming Castle,False,,The Castle Centre,SE1 6FG,Southwark,51.4935,-0.1024,08:00,08:55,Saturday,1,False,https://southwarkleisure.co.uk/centres/the-castle-centre/
SWK_390,Southwark Council,Southwark Council,Pull Up Club,Gym / Fitness,Group Exercise Peckham,False,12.5,Peckham Pulse Leisure Centre,SE15 5QN,Southwark,51.474074,-0.070885,10:00,10:30,Monday,1,False,https://southwarkleisure.co.uk/centres/peckham-pulse-leisure-centre/
SWK_391,Southwark Council,Southwark Council,Pure Stretch,Gym / Fitness,Group Exercise Dulwich,False,12.5,Dulwich Leisure Centre,SE22 9HB,Southwark,51.460601,-0.071419,10:30,11:30,,1,False,https://southwarkleisure.co.uk/centres/dulwich-leisure-centre/
SWK_392,Southwark Council,Southwark Council,Recreational Watersports,Swimming,Recreational Watersports,False,34.8,Surrey Docks Fitness & Water Sports,SE16 7SX,Southwark,51.493796,-0.039449,17:00,20:00,Wednesday,5,False,https://southwarkleisure.co.uk/centres/surrey-docks-fitness-and-watersports-centre/
SWK_393,Southwark Council,Southwark Council,Salsation - Women Only,Dance,Group Exercise Camberwell,False,12.5,Camberwell Leisure Centre,SE5 8TS,Southwark,51.47422,-0.09051,19:15,20:15,,1,False,https://southwarkleisure.co.uk/centres/camberwell-leisure-centre/
SWK_394,Southwark Council,Southwark Council,Salsation Women Only,Dance,Group Exercise Peckham,False,12.5,Peckham Pulse Leisure Centre,SE15 5QN,Southwark,51.474074,-0.070885,20:00,21:00,Thursday,1,False,https://southwarkleisure.co.uk/centres/peckham-pulse-leisure-centre/
SWK_395,Southwark Council,Southwark Council,Silver Aerobics,Group Exercise,Group Exercise Camberwell,False,8.7,Camberwell Leisure Centre,SE5 8TS,Southwark,51.47422,-0.09051,13:15,14:15,,2,False,https://southwarkleisure.co.uk/centres/camberwell-leisure-centre/
SWK_396,Southwark Council,Southwark Council,Silver Aerobics,Group Exercise,Group Exercise Castle,False,8.7,The Castle Centre,SE1 6FG,Southwark,51.4935,-0.1024,11:00,12:00,Tuesday,2,False,https://southwarkleisure.co.uk/centres/the-castle-centre/
SWK_397,Southwark Council,Southwark Council,Silver Aerobics,Group Exercise,Group Exercise Docks,False,8.7,Surrey Docks Fitness & Water Sports,SE16 7SX,Southwark,51.493796,-0.039449,10:00,10:45,Friday,1,False,https://southwarkleisure.co.uk/centres/surrey-docks-fitness-and-watersports-centre/
SWK_398,Southwark Council,Southwark Council,Silver Aerobics,Group Exercise,Group Exercise Dulwich,False,8.7,Dulwich Leisure Centre,SE22 9HB,Southwark,51.460601,-0.071419,10:30,11:30,,1,False,https://southwarkleisure.co.uk/centres/dulwich-leisure-centre/
SWK_399,Southwark Council,Southwark Council,Silver Aerobics,Group Exercise,Group Exercise Peckham,False,8.7,Peckham Pulse Leisure Centre,SE15 5QN,Southwark,51.474074,-0.070885,11:00,12:00,Monday,2,False,https://southwarkleisure.co.uk/centres/peckham-pulse-leisure-centre/
SWK_400,Southwark Council,Southwark Council,Silver Aqua,Swimming,Group Exercise Peckham,False,10.0,Peckham Pulse Leisure Centre,SE15 5QN,Southwark,51.474074,-0.070885,12:30,13:30,,1,False,https://southwarkleisure.co.uk/centres/peckham-pulse-leisure-centre/
SWK_401,Southwark Council,Southwark Council,Silver Aqua Zumba,Swimming,Group Exercise Peckham,False,10.0,Peckham Pulse Leisure Centre,SE15 5QN,Southwark,51.474074,-0.070885,11:00,12:00,,2,False,https://southwarkleisure.co.uk/centres/peckham-pulse-leisure-centre/
SWK_402,Southwark Council,Southwark Council,Silver Chair Yoga,"Yoga, Pilates & Studio",Group Exercise Docks,False,8.7,Surrey Docks Fitness & Water Sports,SE16 7SX,Southwark,51.493796,-0.039449,16:00,17:30,Tuesday,1,False,https://southwarkleisure.co.uk/centres/surrey-docks-fitness-and-watersports-centre/
SWK_403,Southwark Council,Southwark Council,Silver Circuit,Gym / Fitness,Group Exercise Docks,False,8.7,Surrey Docks Fitness & Water Sports,SE16 7SX,Southwark,51.493796,-0.039449,14:00,15:00,Wednesday,1,False,https://southwarkleisure.co.uk/centres/surrey-docks-fitness-and-watersports-centre/
SWK_404,Southwark Council,Southwark Council,Silver Circuits,Gym / Fitness,Group Exercise Camberwell,False,8.7,Camberwell Leisure Centre,SE5 8TS,Southwark,51.47422,-0.09051,14:45,15:45,Tuesday,1,False,https://southwarkleisure.co.uk/centres/camberwell-leisure-centre/
SWK_405,Southwark Council,Southwark Council,Silver Circuits,Gym / Fitness,Group Exercise Castle,False,8.7,The Castle Centre,SE1 6FG,Southwark,51.4935,-0.1024,14:30,15:30,Thursday,1,False,https://southwarkleisure.co.uk/centres/the-castle-centre/
SWK_406,Southwark Council,Southwark Council,Silver Circuits,Gym / Fitness,Group Exercise Dulwich,False,8.7,Dulwich Leisure Centre,SE22 9HB,Southwark,51.460601,-0.071419,12:15,13:15,Friday,4,False,https://southwarkleisure.co.uk/centres/dulwich-leisure-centre/
SWK_407,Southwark Council,Southwark Council,Silver Dance,Dance,Group Exercise Dulwich,False,8.7,Dulwich Leisure Centre,SE22 9HB,Southwark,51.460601,-0.071419,10:00,11:00,,1,False,https://southwarkleisure.co.uk/centres/dulwich-leisure-centre/
SWK_408,Southwark Council,Southwark Council,Silver Group Cycle,Cycling,Group Exercise Docks,False,8.7,Surrey Docks Fitness & Water Sports,SE16 7SX,Southwark,51.493796,-0.039449,10:00,10:45,Tuesday,1,False,https://southwarkleisure.co.uk/centres/surrey-docks-fitness-and-watersports-centre/
SWK_409,Southwark Council,Southwark Council,Silver Group Cycle,Cycling,Group Exercise Dulwich,False,8.7,Dulwich Leisure Centre,SE22 9HB,Southwark,51.460601,-0.071419,12:30,13:15,,1,False,https://southwarkleisure.co.uk/centres/dulwich-leisure-centre/
SWK_410,Southwark Council,Southwark Council,Silver Gym Session,Gym / Fitness,Gym Camberwell,False,12.5,Camberwell Leisure Centre,SE5 8TS,Southwark,51.47422,-0.09051,14:00,15:00,Thursday,8,False,https://southwarkleisure.co.uk/centres/camberwell-leisure-centre/
SWK_411,Southwark Council,Southwark Council,Silver Pilates,"Yoga, Pilates & Studio",Group Exercise Dulwich,False,8.7,Dulwich Leisure Centre,SE22 9HB,Southwark,51.460601,-0.071419,13:15,14:15,,2,False,https://southwarkleisure.co.uk/centres/dulwich-leisure-centre/
SWK_412,Southwark Council,Southwark Council,Silver Swim,Swimming,Swimming Camberwell,True,0.0,Camberwell Leisure Centre,SE5 8TS,Southwark,51.47422,-0.09051,09:30,10:30,Thursday,4,False,https://southwarkleisure.co.uk/centres/camberwell-leisure-centre/
SWK_413,Southwark Council,Southwark Council,Silver Swim,Swimming,Swimming Castle,True,0.0,The Castle Centre,SE1 6FG,Southwark,51.4935,-0.1024,11:00,11:50,Thursday,2,False,https://southwarkleisure.co.uk/centres/the-castle-centre/
SWK_414,Southwark Council,Southwark Council,Silver Swim,Swimming,Swimming Dulwich,True,0.0,Dulwich Leisure Centre,SE22 9HB,Southwark,51.460601,-0.071419,15:00,16:00,"Tuesday, Thursday",1,False,https://southwarkleisure.co.uk/centres/dulwich-leisure-centre/
SWK_415,Southwark Council,Southwark Council,Silver Swim,Swimming,Swimming Peckham,True,0.0,Peckham Pulse Leisure Centre,SE15 5QN,Southwark,51.474074,-0.070885,09:00,10:00,Tuesday,1,False,https://southwarkleisure.co.uk/centres/peckham-pulse-leisure-centre/
SWK_416,Southwark Council,Southwark Council,Silver Swim 60+,Swimming,Swimming Peckham,True,0.0,Peckham Pulse Leisure Centre,SE15 5QN,Southwark,51.474074,-0.070885,11:00,12:00,,1,False,https://southwarkleisure.co.uk/centres/peckham-pulse-leisure-centre/
SWK_417,Southwark Council,Southwark Council,Silver Tai  Chi,"Yoga, Pilates & Studio",Group Exercise Dulwich,False,8.7,Dulwich Leisure Centre,SE22 9HB,Southwark,51.460601,-0.071419,12:15,13:15,,1,False,https://southwarkleisure.co.uk/centres/dulwich-leisure-centre/
SWK_418,Southwark Council,Southwark Council,Silver Yoga,"Yoga, Pilates & Studio",Group Exercise Castle,False,8.7,The Castle Centre,SE1 6FG,Southwark,51.4935,-0.1024,14:00,15:00,Tuesday,2,False,https://southwarkleisure.co.uk/centres/the-castle-centre/
SWK_419,Southwark Council,Southwark Council,Silver Yoga,"Yoga, Pilates & Studio",Group Exercise Docks,False,8.7,Surrey Docks Fitness & Water Sports,SE16 7SX,Southwark,51.493796,-0.039449,11:30,12:30,Friday,1,False,https://southwarkleisure.co.uk/centres/surrey-docks-fitness-and-watersports-centre/
SWK_420,Southwark Council,Southwark Council,Silver Yoga Hatha,"Yoga, Pilates & Studio",Group Exercise Dulwich,False,8.7,Dulwich Leisure Centre,SE22 9HB,Southwark,51.460601,-0.071419,14:15,15:15,,1,False,https://southwarkleisure.co.uk/centres/dulwich-leisure-centre/
SWK_421,Southwark Council,Southwark Council,Soca Aerobics,Group Exercise,Group Exercise Peckham,False,12.5,Peckham Pulse Leisure Centre,SE15 5QN,Southwark,51.474074,-0.070885,19:00,20:00,Thursday,2,False,https://southwarkleisure.co.uk/centres/peckham-pulse-leisure-centre/
SWK_422,Southwark Council,Southwark Council,Socca Aerobics,Group Exercise,Group Exercise Castle,False,8.7,The Castle Centre,SE1 6FG,Southwark,51.4935,-0.1024,10:00,11:00,,1,False,https://southwarkleisure.co.uk/centres/the-castle-centre/
SWK_423,Southwark Council,Southwark Council,Soft Play Session,Wellness & Facility Access,Soft Play Peckham,False,3.6,Peckham Pulse Leisure Centre,SE15 5QN,Southwark,51.474074,-0.070885,10:00,11:00,,1,False,https://southwarkleisure.co.uk/centres/peckham-pulse-leisure-centre/
SWK_424,Southwark Council,Southwark Council,Soft Play Session 0-8 Yr,Wellness & Facility Access,Soft Play Peckham,False,3.6,Peckham Pulse Leisure Centre,SE15 5QN,Southwark,51.474074,-0.070885,09:00,10:00,"Sunday, Monday, Tuesday, Wednesday, Thursday, Friday, Saturday",5,False,https://southwarkleisure.co.uk/centres/peckham-pulse-leisure-centre/
SWK_425,Southwark Council,Southwark Council,Soft Play Session 0-8yr,Wellness & Facility Access,Soft Play Peckham,False,3.6,Peckham Pulse Leisure Centre,SE15 5QN,Southwark,51.474074,-0.070885,14:00,15:00,"Monday, Tuesday, Wednesday, Thursday, Friday",4,False,https://southwarkleisure.co.uk/centres/peckham-pulse-leisure-centre/
SWK_426,Southwark Council,Southwark Council,Sound Bath,Wellness & Facility Access,Group Exercise Camberwell,False,12.5,Camberwell Leisure Centre,SE5 8TS,Southwark,51.47422,-0.09051,08:15,09:15,Friday,2,False,https://southwarkleisure.co.uk/centres/camberwell-leisure-centre/
SWK_427,Southwark Council,Southwark Council,Sound Bath,Wellness & Facility Access,Group Exercise Castle,False,12.5,The Castle Centre,SE1 6FG,Southwark,51.4935,-0.1024,08:45,09:45,Monday,1,False,https://southwarkleisure.co.uk/centres/the-castle-centre/
SWK_428,Southwark Council,Southwark Council,Sound Bath,Wellness & Facility Access,Group Exercise Docks,False,12.5,Surrey Docks Fitness & Water Sports,SE16 7SX,Southwark,51.493796,-0.039449,18:15,19:15,Sunday,2,False,https://southwarkleisure.co.uk/centres/surrey-docks-fitness-and-watersports-centre/
SWK_429,Southwark Council,Southwark Council,Sound Bath + Yin Yoga,"Yoga, Pilates & Studio",Group Exercise Castle,False,12.5,The Castle Centre,SE1 6FG,Southwark,51.4935,-0.1024,10:30,12:00,Friday,1,False,https://southwarkleisure.co.uk/centres/the-castle-centre/
SWK_430,Southwark Council,Southwark Council,Step,Other / Unspecified,Group Exercise Peckham,False,12.5,Peckham Pulse Leisure Centre,SE15 5QN,Southwark,51.474074,-0.070885,09:30,10:30,Thursday,2,False,https://southwarkleisure.co.uk/centres/peckham-pulse-leisure-centre/
SWK_431,Southwark Council,Southwark Council,Step Aerobics,Group Exercise,Group Exercise Castle,False,12.5,The Castle Centre,SE1 6FG,Southwark,51.4935,-0.1024,10:15,11:15,Saturday,3,False,https://southwarkleisure.co.uk/centres/the-castle-centre/
SWK_432,Southwark Council,Southwark Council,Step Aerobics,Group Exercise,Group Exercise Docks,False,12.5,Surrey Docks Fitness & Water Sports,SE16 7SX,Southwark,51.493796,-0.039449,11:00,12:00,Saturday,1,False,https://southwarkleisure.co.uk/centres/surrey-docks-fitness-and-watersports-centre/
SWK_433,Southwark Council,Southwark Council,Strength And Conditioning,Gym / Fitness,Group Exercise Castle,False,12.5,The Castle Centre,SE1 6FG,Southwark,51.4935,-0.1024,17:45,18:45,Tuesday,2,False,https://southwarkleisure.co.uk/centres/the-castle-centre/
SWK_434,Southwark Council,Southwark Council,Stretch & Tone,Gym / Fitness,Group Exercise Camberwell,False,12.5,Camberwell Leisure Centre,SE5 8TS,Southwark,51.47422,-0.09051,13:15,14:00,Monday,1,False,https://southwarkleisure.co.uk/centres/camberwell-leisure-centre/
SWK_435,Southwark Council,Southwark Council,Stretch & Tone,Gym / Fitness,Group Exercise Castle,False,12.5,The Castle Centre,SE1 6FG,Southwark,51.4935,-0.1024,07:00,07:45,Monday,1,False,https://southwarkleisure.co.uk/centres/the-castle-centre/
SWK_436,Southwark Council,Southwark Council,Stretch & Tone,Gym / Fitness,Group Exercise Peckham,False,12.5,Peckham Pulse Leisure Centre,SE15 5QN,Southwark,51.474074,-0.070885,11:15,12:15,,1,False,https://southwarkleisure.co.uk/centres/peckham-pulse-leisure-centre/
SWK_437,Southwark Council,Southwark Council,Stretch And Mobility,Gym / Fitness,Group Exercise Docks,False,12.5,Surrey Docks Fitness & Water Sports,SE16 7SX,Southwark,51.493796,-0.039449,16:00,17:00,Tuesday,2,False,https://southwarkleisure.co.uk/centres/surrey-docks-fitness-and-watersports-centre/
SWK_438,Southwark Council,Southwark Council,Supple Strength,Gym / Fitness,Group Exercise Dulwich,False,14.9,Dulwich Leisure Centre,SE22 9HB,Southwark,51.460601,-0.071419,09:30,10:30,Friday,1,False,https://southwarkleisure.co.uk/centres/dulwich-leisure-centre/
SWK_439,Southwark Council,Southwark Council,Tai Chi,"Yoga, Pilates & Studio",Group Exercise Camberwell,False,14.9,Camberwell Leisure Centre,SE5 8TS,Southwark,51.47422,-0.09051,14:30,15:30,Friday,2,False,https://southwarkleisure.co.uk/centres/camberwell-leisure-centre/
SWK_440,Southwark Council,Southwark Council,Tai Chi,"Yoga, Pilates & Studio",Group Exercise Castle,False,8.7,The Castle Centre,SE1 6FG,Southwark,51.4935,-0.1024,12:30,13:30,Monday,1,False,https://southwarkleisure.co.uk/centres/the-castle-centre/
SWK_441,Southwark Council,Southwark Council,Tai Chi,"Yoga, Pilates & Studio",Group Exercise Docks,False,14.9,Surrey Docks Fitness & Water Sports,SE16 7SX,Southwark,51.493796,-0.039449,10:30,11:30,Tuesday,1,False,https://southwarkleisure.co.uk/centres/surrey-docks-fitness-and-watersports-centre/
SWK_442,Southwark Council,Southwark Council,Tai Chi,"Yoga, Pilates & Studio",Group Exercise Dulwich,False,12.5,Dulwich Leisure Centre,SE22 9HB,Southwark,51.460601,-0.071419,14:45,15:45,Sunday,1,False,https://southwarkleisure.co.uk/centres/dulwich-leisure-centre/
SWK_443,Southwark Council,Southwark Council,The Training Club,Other / Unspecified,Group Exercise Castle,False,12.5,The Castle Centre,SE1 6FG,Southwark,51.4935,-0.1024,20:00,21:00,Thursday,3,False,https://southwarkleisure.co.uk/centres/the-castle-centre/
SWK_444,Southwark Council,Southwark Council,The Training Club,Other / Unspecified,Group Exercise Docks,False,12.5,Surrey Docks Fitness & Water Sports,SE16 7SX,Southwark,51.493796,-0.039449,12:00,13:00,Wednesday,3,False,https://southwarkleisure.co.uk/centres/surrey-docks-fitness-and-watersports-centre/
SWK_445,Southwark Council,Southwark Council,The Training Club,Other / Unspecified,Group Exercise Dulwich,False,12.5,Dulwich Leisure Centre,SE22 9HB,Southwark,51.460601,-0.071419,06:30,07:00,Monday,4,False,https://southwarkleisure.co.uk/centres/dulwich-leisure-centre/
SWK_446,Southwark Council,Southwark Council,Total Stretch And Chai,Gym / Fitness,Group Exercise Peckham,False,12.5,Peckham Pulse Leisure Centre,SE15 5QN,Southwark,51.474074,-0.070885,12:30,13:30,Sunday,1,False,https://southwarkleisure.co.uk/centres/peckham-pulse-leisure-centre/
SWK_447,Southwark Council,Southwark Council,Total Tone,Other / Unspecified,Group Exercise Dulwich,False,12.5,Dulwich Leisure Centre,SE22 9HB,Southwark,51.460601,-0.071419,07:40,08:40,,1,False,https://southwarkleisure.co.uk/centres/dulwich-leisure-centre/
SWK_448,Southwark Council,Southwark Council,Total Toning,Gym / Fitness,Group Exercise Docks,False,12.5,Surrey Docks Fitness & Water Sports,SE16 7SX,Southwark,51.493796,-0.039449,17:00,17:45,Wednesday,1,False,https://southwarkleisure.co.uk/centres/surrey-docks-fitness-and-watersports-centre/
SWK_449,Southwark Council,Southwark Council,Total Toning,Gym / Fitness,Group Exercise Peckham,False,12.5,Peckham Pulse Leisure Centre,SE15 5QN,Southwark,51.474074,-0.070885,20:15,21:15,,1,False,https://southwarkleisure.co.uk/centres/peckham-pulse-leisure-centre/
SWK_450,Southwark Council,Southwark Council,Track Visit,Walking / Running,Athletics Track Casual,False,6.6,Southwark Athletics Track,SE16 2PE,Southwark,51.4924,-0.0512,11:00,12:00,Sunday,33,False,https://southwarkleisure.co.uk/centres/southwark-park-sports-and-athletics-centre/
SWK_451,Southwark Council,Southwark Council,Track Visit,Walking / Running,Gym Track,False,6.6,Southwark Athletics Track,SE16 2PE,Southwark,51.4924,-0.0512,10:00,11:00,Wednesday,1,False,https://southwarkleisure.co.uk/centres/southwark-park-sports-and-athletics-centre/
SWK_452,Southwark Council,Southwark Council,Track Visit Lane 1,Walking / Running,Athletics Track Casual,False,6.6,Southwark Athletics Track,SE16 2PE,Southwark,51.4924,-0.0512,19:00,20:00,"Monday, Tuesday, Friday",1,False,https://southwarkleisure.co.uk/centres/southwark-park-sports-and-athletics-centre/
SWK_453,Southwark Council,Southwark Council,Turn Up Dance Fit,Dance,Group Exercise Docks,False,12.5,Surrey Docks Fitness & Water Sports,SE16 7SX,Southwark,51.493796,-0.039449,20:00,21:00,Wednesday,1,False,https://southwarkleisure.co.uk/centres/surrey-docks-fitness-and-watersports-centre/
SWK_454,Southwark Council,Southwark Council,U5 Fun Swim,Swimming,Swimming Castle,False,6.8,The Castle Centre,SE1 6FG,Southwark,51.4935,-0.1024,09:00,10:00,,3,False,https://southwarkleisure.co.uk/centres/the-castle-centre/
SWK_455,Southwark Council,Southwark Council,U5 Fun Swim,Swimming,Swimming Peckham,False,6.8,Peckham Pulse Leisure Centre,SE15 5QN,Southwark,51.474074,-0.070885,09:00,10:00,Sunday,5,False,https://southwarkleisure.co.uk/centres/peckham-pulse-leisure-centre/
SWK_456,Southwark Council,Southwark Council,Under 5 Swim,Swimming,Swimming Dulwich,False,6.8,Dulwich Leisure Centre,SE22 9HB,Southwark,51.460601,-0.071419,09:00,10:00,Sunday,1,False,https://southwarkleisure.co.uk/centres/dulwich-leisure-centre/
SWK_457,Southwark Council,Southwark Council,Vinyasa Yoga,"Yoga, Pilates & Studio",Group Exercise Castle,False,12.5,The Castle Centre,SE1 6FG,Southwark,51.4935,-0.1024,10:00,11:00,Monday,2,False,https://southwarkleisure.co.uk/centres/the-castle-centre/
SWK_458,Southwark Council,Southwark Council,Vulnerable Disability,Other / Unspecified,Swimming Peckham,False,5.7,Peckham Pulse Leisure Centre,SE15 5QN,Southwark,51.474074,-0.070885,20:00,21:00,Friday,2,False,https://southwarkleisure.co.uk/centres/peckham-pulse-leisure-centre/
SWK_459,Southwark Council,Southwark Council,Vunerable Disability Swim,Swimming,Swimming Peckham,False,5.6,Peckham Pulse Leisure Centre,SE15 5QN,Southwark,51.474074,-0.070885,19:00,20:00,Thursday,2,False,https://southwarkleisure.co.uk/centres/peckham-pulse-leisure-centre/
SWK_460,Southwark Council,Southwark Council,Women Only Lane Swim Fast,Swimming,Swimming Camberwell,False,6.8,Camberwell Leisure Centre,SE5 8TS,Southwark,51.47422,-0.09051,21:00,21:50,,1,False,https://southwarkleisure.co.uk/centres/camberwell-leisure-centre/
SWK_461,Southwark Council,Southwark Council,Women Only Lane Swim Slow,Swimming,Swimming Camberwell,False,6.8,Camberwell Leisure Centre,SE5 8TS,Southwark,51.47422,-0.09051,21:00,21:50,,1,False,https://southwarkleisure.co.uk/centres/camberwell-leisure-centre/
SWK_462,Southwark Council,Southwark Council,Women Only Session,Other / Unspecified,Swimming Castle,False,6.8,The Castle Centre,SE1 6FG,Southwark,51.4935,-0.1024,20:00,20:50,Monday,1,False,https://southwarkleisure.co.uk/centres/the-castle-centre/
SWK_463,Southwark Council,Southwark Council,Women Only Swim,Swimming,Swimming Camberwell,False,6.8,Camberwell Leisure Centre,SE5 8TS,Southwark,51.47422,-0.09051,20:00,21:00,,3,False,https://southwarkleisure.co.uk/centres/camberwell-leisure-centre/
SWK_464,Southwark Council,Southwark Council,Women Only Swim,Swimming,Swimming Castle,False,6.8,The Castle Centre,SE1 6FG,Southwark,51.4935,-0.1024,12:00,13:00,Thursday,4,False,https://southwarkleisure.co.uk/centres/the-castle-centre/
SWK_465,Southwark Council,Southwark Council,Women Only Swim,Swimming,Swimming Dulwich,True,0.0,Dulwich Leisure Centre,SE22 9HB,Southwark,51.460601,-0.071419,16:00,17:00,,2,False,https://southwarkleisure.co.uk/centres/dulwich-leisure-centre/
SWK_466,Southwark Council,Southwark Council,Women Only Swim,Swimming,Swimming Peckham,False,6.8,Peckham Pulse Leisure Centre,SE15 5QN,Southwark,51.474074,-0.070885,11:00,12:00,Friday,1,False,https://southwarkleisure.co.uk/centres/peckham-pulse-leisure-centre/
SWK_467,Southwark Council,Southwark Council,Women Only Swim 16+,Swimming,Swimming Peckham,False,6.8,Peckham Pulse Leisure Centre,SE15 5QN,Southwark,51.474074,-0.070885,19:00,20:00,Sunday,2,False,https://southwarkleisure.co.uk/centres/peckham-pulse-leisure-centre/
SWK_468,Southwark Council,Southwark Council,Women Only Swim 16+ Swim,Swimming,Swimming Peckham,False,6.8,Peckham Pulse Leisure Centre,SE15 5QN,Southwark,51.474074,-0.070885,11:00,12:00,Monday,1,False,https://southwarkleisure.co.uk/centres/peckham-pulse-leisure-centre/
SWK_469,Southwark Council,Southwark Council,Women Only Swim Med Lane,Swimming,Swimming Camberwell,False,6.8,Camberwell Leisure Centre,SE5 8TS,Southwark,51.47422,-0.09051,21:00,21:50,,1,False,https://southwarkleisure.co.uk/centres/camberwell-leisure-centre/
SWK_470,Southwark Council,Southwark Council,Yang To Yin Yoga,"Yoga, Pilates & Studio",Group Exercise Camberwell,False,12.5,Camberwell Leisure Centre,SE5 8TS,Southwark,51.47422,-0.09051,10:30,11:30,Sunday,1,False,https://southwarkleisure.co.uk/centres/camberwell-leisure-centre/
SWK_471,Southwark Council,Southwark Council,Yin Yoga Class,"Yoga, Pilates & Studio",Group Exercise Camberwell,False,12.5,Camberwell Leisure Centre,SE5 8TS,Southwark,51.47422,-0.09051,19:30,20:30,,1,False,https://southwarkleisure.co.uk/centres/camberwell-leisure-centre/
SWK_472,Southwark Council,Southwark Council,Yinyassa Yoga,"Yoga, Pilates & Studio",Group Exercise Castle,False,12.5,The Castle Centre,SE1 6FG,Southwark,51.4935,-0.1024,19:00,20:00,,1,False,https://southwarkleisure.co.uk/centres/the-castle-centre/
SWK_473,Southwark Council,Southwark Council,Yoga,"Yoga, Pilates & Studio",Group Exercise Camberwell,False,12.5,Camberwell Leisure Centre,SE5 8TS,Southwark,51.47422,-0.09051,09:45,10:45,Sunday,8,False,https://southwarkleisure.co.uk/centres/camberwell-leisure-centre/
SWK_474,Southwark Council,Southwark Council,Yoga,"Yoga, Pilates & Studio",Group Exercise Castle,False,12.5,The Castle Centre,SE1 6FG,Southwark,51.4935,-0.1024,19:15,20:45,Monday,3,False,https://southwarkleisure.co.uk/centres/the-castle-centre/
SWK_475,Southwark Council,Southwark Council,Yoga,"Yoga, Pilates & Studio",Group Exercise Docks,False,12.5,Surrey Docks Fitness & Water Sports,SE16 7SX,Southwark,51.493796,-0.039449,20:00,21:30,Thursday,4,False,https://southwarkleisure.co.uk/centres/surrey-docks-fitness-and-watersports-centre/
SWK_476,Southwark Council,Southwark Council,Yoga,"Yoga, Pilates & Studio",Group Exercise Dulwich,False,12.5,Dulwich Leisure Centre,SE22 9HB,Southwark,51.460601,-0.071419,13:00,14:30,Sunday,8,False,https://southwarkleisure.co.uk/centres/dulwich-leisure-centre/
SWK_477,Southwark Council,Southwark Council,Yoga,"Yoga, Pilates & Studio",Group Exercise Peckham,False,12.5,Peckham Pulse Leisure Centre,SE15 5QN,Southwark,51.474074,-0.070885,19:00,20:00,Monday,3,False,https://southwarkleisure.co.uk/centres/peckham-pulse-leisure-centre/
SWK_478,Southwark Council,Southwark Council,Yoga Advanced,"Yoga, Pilates & Studio",Group Exercise Dulwich,False,12.5,Dulwich Leisure Centre,SE22 9HB,Southwark,51.460601,-0.071419,08:30,10:00,,1,False,https://southwarkleisure.co.uk/centres/dulwich-leisure-centre/
SWK_479,Southwark Council,Southwark Council,Yoga Ashtanga,"Yoga, Pilates & Studio",Group Exercise Camberwell,False,12.5,Camberwell Leisure Centre,SE5 8TS,Southwark,51.47422,-0.09051,07:00,08:00,Friday,1,False,https://southwarkleisure.co.uk/centres/camberwell-leisure-centre/
SWK_480,Southwark Council,Southwark Council,Yoga Ashtanga,"Yoga, Pilates & Studio",Group Exercise Castle,False,16.9,The Castle Centre,SE1 6FG,Southwark,51.4935,-0.1024,10:15,11:45,Sunday,1,False,https://southwarkleisure.co.uk/centres/the-castle-centre/
SWK_481,Southwark Council,Southwark Council,Yoga Ashtanga,"Yoga, Pilates & Studio",Group Exercise Docks,False,16.9,Surrey Docks Fitness & Water Sports,SE16 7SX,Southwark,51.493796,-0.039449,19:30,21:00,Tuesday,1,False,https://southwarkleisure.co.uk/centres/surrey-docks-fitness-and-watersports-centre/
SWK_482,Southwark Council,Southwark Council,Yoga Ashtanga,"Yoga, Pilates & Studio",Group Exercise Dulwich,False,12.5,Dulwich Leisure Centre,SE22 9HB,Southwark,51.460601,-0.071419,07:00,08:00,,1,False,https://southwarkleisure.co.uk/centres/dulwich-leisure-centre/
SWK_483,Southwark Council,Southwark Council,Yoga Ashtanga,"Yoga, Pilates & Studio",Group Exercise Peckham,False,12.5,Peckham Pulse Leisure Centre,SE15 5QN,Southwark,51.474074,-0.070885,10:00,11:00,Tuesday,1,False,https://southwarkleisure.co.uk/centres/peckham-pulse-leisure-centre/
SWK_484,Southwark Council,Southwark Council,Yoga Balance,"Yoga, Pilates & Studio",Group Exercise Dulwich,False,12.5,Dulwich Leisure Centre,SE22 9HB,Southwark,51.460601,-0.071419,10:30,11:30,,1,False,https://southwarkleisure.co.uk/centres/dulwich-leisure-centre/
SWK_485,Southwark Council,Southwark Council,Yoga For Menopause,"Yoga, Pilates & Studio",Group Exercise Castle,False,12.5,The Castle Centre,SE1 6FG,Southwark,51.4935,-0.1024,12:30,13:30,Friday,1,False,https://southwarkleisure.co.uk/centres/the-castle-centre/
SWK_486,Southwark Council,Southwark Council,Yoga Hatha,"Yoga, Pilates & Studio",Group Exercise Docks,False,16.9,Surrey Docks Fitness & Water Sports,SE16 7SX,Southwark,51.493796,-0.039449,16:30,18:00,Sunday,1,False,https://southwarkleisure.co.uk/centres/surrey-docks-fitness-and-watersports-centre/
SWK_487,Southwark Council,Southwark Council,Yoga Hatha,"Yoga, Pilates & Studio",Group Exercise Dulwich,False,12.5,Dulwich Leisure Centre,SE22 9HB,Southwark,51.460601,-0.071419,19:15,20:15,,5,False,https://southwarkleisure.co.uk/centres/dulwich-leisure-centre/
SWK_488,Southwark Council,Southwark Council,Yoga Hatha,"Yoga, Pilates & Studio",Group Exercise Peckham,False,12.5,Peckham Pulse Leisure Centre,SE15 5QN,Southwark,51.474074,-0.070885,09:00,10:00,Tuesday,1,False,https://southwarkleisure.co.uk/centres/peckham-pulse-leisure-centre/
SWK_489,Southwark Council,Southwark Council,Yoga Kundalini,"Yoga, Pilates & Studio",Group Exercise Dulwich,False,12.5,Dulwich Leisure Centre,SE22 9HB,Southwark,51.460601,-0.071419,19:30,20:30,,1,False,https://southwarkleisure.co.uk/centres/dulwich-leisure-centre/
SWK_490,Southwark Council,Southwark Council,Yoga Power,"Yoga, Pilates & Studio",Group Exercise Docks,False,12.5,Surrey Docks Fitness & Water Sports,SE16 7SX,Southwark,51.493796,-0.039449,15:15,16:15,,1,False,https://southwarkleisure.co.uk/centres/surrey-docks-fitness-and-watersports-centre/
SWK_491,Southwark Council,Southwark Council,Yoga Vinyasa,"Yoga, Pilates & Studio",Group Exercise Dulwich,False,12.5,Dulwich Leisure Centre,SE22 9HB,Southwark,51.460601,-0.071419,18:00,19:00,Friday,3,False,https://southwarkleisure.co.uk/centres/dulwich-leisure-centre/
SWK_492,Southwark Council,Southwark Council,Yogalates,"Yoga, Pilates & Studio",Group Exercise Castle,False,12.5,The Castle Centre,SE1 6FG,Southwark,51.4935,-0.1024,20:00,21:00,,2,False,https://southwarkleisure.co.uk/centres/the-castle-centre/
SWK_493,Southwark Council,Southwark Council,Yogalates Mon 18.00,"Yoga, Pilates & Studio",Group Exercise Camberwell,False,12.5,Camberwell Leisure Centre,SE5 8TS,Southwark,51.47422,-0.09051,18:00,19:00,Monday,1,False,https://southwarkleisure.co.uk/centres/camberwell-leisure-centre/
SWK_494,Southwark Council,Southwark Council,Zumba,Dance,Group Exercise Camberwell,False,12.5,Camberwell Leisure Centre,SE5 8TS,Southwark,51.47422,-0.09051,10:45,11:45,Tuesday,1,False,https://southwarkleisure.co.uk/centres/camberwell-leisure-centre/
SWK_495,Southwark Council,Southwark Council,Zumba,Dance,Group Exercise Castle,False,12.5,The Castle Centre,SE1 6FG,Southwark,51.4935,-0.1024,20:00,21:00,,3,False,https://southwarkleisure.co.uk/centres/the-castle-centre/
SWK_496,Southwark Council,Southwark Council,Zumba,Dance,Group Exercise Docks,False,12.5,Surrey Docks Fitness & Water Sports,SE16 7SX,Southwark,51.493796,-0.039449,11:00,12:00,,3,False,https://southwarkleisure.co.uk/centres/surrey-docks-fitness-and-watersports-centre/
SWK_497,Southwark Council,Southwark Council,Zumba,Dance,Group Exercise Dulwich,False,12.5,Dulwich Leisure Centre,SE22 9HB,Southwark,51.460601,-0.071419,12:00,13:00,Monday,6,False,https://southwarkleisure.co.uk/centres/dulwich-leisure-centre/
SWK_498,Southwark Council,Southwark Council,Zumba,Dance,Group Exercise Peckham,False,12.5,Peckham Pulse Leisure Centre,SE15 5QN,Southwark,51.474074,-0.070885,10:00,11:00,Saturday,8,False,https://southwarkleisure.co.uk/centres/peckham-pulse-leisure-centre/
SWK_499,Southwark Council,Southwark Council,Zumba Fri 19.00,Dance,Group Exercise Dulwich,False,12.5,Dulwich Leisure Centre,SE22 9HB,Southwark,51.460601,-0.071419,19:00,20:00,Friday,1,False,https://southwarkleisure.co.uk/centres/dulwich-leisure-centre/
SWK_500,Southwark Council,Southwark Council,Zumba Gold,Dance,Group Exercise Castle,False,8.7,The Castle Centre,SE1 6FG,Southwark,51.4935,-0.1024,11:00,12:00,Wednesday,2,False,https://southwarkleisure.co.uk/centres/the-castle-centre/
SWK_501,Southwark Council,Southwark Council,Zumba Gold,Dance,Group Exercise Dulwich,False,8.7,Dulwich Leisure Centre,SE22 9HB,Southwark,51.460601,-0.071419,13:30,14:30,,1,False,https://southwarkleisure.co.uk/centres/dulwich-leisure-centre/
SWK_502,Southwark Council,,Core Workout,Gym / Fitness,Group Exercise Docks,False,12.5,Surrey Docks Fitness & Water Sports,SE16 7SX,Southwark,51.493796,-0.039449,11:00,11:30,Monday,2,False,https://southwarkleisure.co.uk/centres/surrey-docks-fitness-and-watersports-centre/
SWK_503,Southwark Council,,Core Workout,Gym / Fitness,Group Exercise Peckham,False,12.5,Peckham Pulse Leisure Centre,SE15 5QN,Southwark,51.474074,-0.070885,09:45,10:15,,1,False,https://southwarkleisure.co.uk/centres/peckham-pulse-leisure-centre/
SWK_504,Southwark Council,,Egym Intro,Gym / Fitness,Gym Peckham,True,0.0,Peckham Pulse Leisure Centre,SE15 5QN,Southwark,51.474074,-0.070885,12:30,13:00,Saturday,2,False,https://southwarkleisure.co.uk/centres/peckham-pulse-leisure-centre/
SWK_505,Southwark Council,,Full Body Workout,Group Exercise,Group Exercise Docks,False,12.5,Surrey Docks Fitness & Water Sports,SE16 7SX,Southwark,51.493796,-0.039449,12:00,12:30,Tuesday,1,False,https://southwarkleisure.co.uk/centres/surrey-docks-fitness-and-watersports-centre/
SWK_506,Southwark Council,,Functional Training,Gym / Fitness,Group Exercise Docks,False,12.5,Surrey Docks Fitness & Water Sports,SE16 7SX,Southwark,51.493796,-0.039449,18:30,19:15,Friday,2,False,https://southwarkleisure.co.uk/centres/surrey-docks-fitness-and-watersports-centre/
SWK_507,Southwark Council,,Move Games  - Kids Dance,Dance,Move Games Castle,False,2.0,The Castle Centre,SE1 6FG,Southwark,51.4935,-0.1024,14:00,15:00,Thursday,1,False,https://southwarkleisure.co.uk/centres/the-castle-centre/
SWK_508,Southwark Council,,Move Games - Box 12,Other / Unspecified,Move Games Camberwell,True,0.0,Camberwell Leisure Centre,SE5 8TS,Southwark,51.47422,-0.09051,11:00,11:45,Monday,2,False,https://southwarkleisure.co.uk/centres/camberwell-leisure-centre/
SWK_509,Southwark Council,,Move Games - Family Swim,Swimming,Move Games Camberwell,False,2.0,Camberwell Leisure Centre,SE5 8TS,Southwark,51.47422,-0.09051,11:00,12:00,Tuesday,8,False,https://southwarkleisure.co.uk/centres/camberwell-leisure-centre/
SWK_510,Southwark Council,,Move Games - Family Swim,Swimming,Move Games Castle,True,0.0,The Castle Centre,SE1 6FG,Southwark,51.4935,-0.1024,11:00,12:00,Tuesday,1,False,https://southwarkleisure.co.uk/centres/the-castle-centre/
SWK_511,Southwark Council,,Move Games - Family Swim,Swimming,Move Games Dulwich,False,2.0,Dulwich Leisure Centre,SE22 9HB,Southwark,51.460601,-0.071419,14:00,15:00,Saturday,1,False,https://southwarkleisure.co.uk/centres/dulwich-leisure-centre/
SWK_512,Southwark Council,,Move Games - Fun & Games,Other / Unspecified,Move Games Southwark Park,False,5.0,Southwark Athletics Track,SE16 2PE,Southwark,51.4924,-0.0512,11:00,12:00,Tuesday,2,False,https://southwarkleisure.co.uk/centres/southwark-park-sports-and-athletics-centre/
SWK_513,Southwark Council,,Move Games - Gymfluence,Gym / Fitness,Move Games Peckham,True,0.0,Peckham Pulse Leisure Centre,SE15 5QN,Southwark,51.474074,-0.070885,15:30,16:30,Thursday,1,False,https://southwarkleisure.co.uk/centres/peckham-pulse-leisure-centre/
SWK_514,Southwark Council,,Move Games - Karate,Martial Arts,Move Games Camberwell,False,2.0,Camberwell Leisure Centre,SE5 8TS,Southwark,51.47422,-0.09051,13:30,15:00,Saturday,1,False,https://southwarkleisure.co.uk/centres/camberwell-leisure-centre/
SWK_515,Southwark Council,,Move Games - Kayak,Swimming,Move Games Surrey Docks,False,5.0,Surrey Docks Fitness & Water Sports,SE16 7SX,Southwark,51.493796,-0.039449,10:00,11:00,Thursday,2,False,https://southwarkleisure.co.uk/centres/surrey-docks-fitness-and-watersports-centre/
SWK_516,Southwark Council,,Move Games - Kids Yoga,"Yoga, Pilates & Studio",Move Games Castle,False,2.0,The Castle Centre,SE1 6FG,Southwark,51.4935,-0.1024,15:00,16:00,Tuesday,1,False,https://southwarkleisure.co.uk/centres/the-castle-centre/
SWK_517,Southwark Council,,Move Games - Paddleboard,Swimming,Move Games Surrey Docks,False,5.0,Surrey Docks Fitness & Water Sports,SE16 7SX,Southwark,51.493796,-0.039449,13:00,14:00,Thursday,2,False,https://southwarkleisure.co.uk/centres/surrey-docks-fitness-and-watersports-centre/
SWK_518,Southwark Council,,Move Games - Pool Disco,Other / Unspecified,Move Games Castle,True,0.0,The Castle Centre,SE1 6FG,Southwark,51.4935,-0.1024,11:00,12:00,Wednesday,1,False,https://southwarkleisure.co.uk/centres/the-castle-centre/
SWK_519,Southwark Council,,Move Games Kids Circuits,Gym / Fitness,Move Games Castle,True,0.0,The Castle Centre,SE1 6FG,Southwark,51.4935,-0.1024,14:30,15:15,Thursday,1,False,https://southwarkleisure.co.uk/centres/the-castle-centre/
SWK_520,Southwark Council,,Public Swim,Swimming,Swimming Camberwell,False,6.8,Camberwell Leisure Centre,SE5 8TS,Southwark,51.47422,-0.09051,13:30,14:30,Thursday,9,False,https://southwarkleisure.co.uk/centres/camberwell-leisure-centre/
SWK_521,Southwark Council,,The Training Club,Other / Unspecified,Group Exercise Tracks,False,12.5,Southwark Athletics Track,SE16 2PE,Southwark,51.4924,-0.0512,18:00,19:00,Tuesday,2,False,https://southwarkleisure.co.uk/centres/southwark-park-sports-and-athletics-centre/
WF_522,Waltham Forest Council,London Borough of Waltham Forest,11-a-side 3G Pitch,Team Sports,11-a-side 3G Pitch,False,88.0,Feel Good Too (formerly Ive Farm Fields),E10 5UE,Waltham Forest,51.5624493,-0.0211292,19:30,20:30,,154,False,https://widget.bookteq.com/walthamforestcouncil/book-online/e7534d85-3bef-4d1f-93d7-bb51318cd6f9
WF_523,Waltham Forest Council,London Borough of Waltham Forest,11-a-side 3G Pitch,Team Sports,11-a-side 3G Pitch,False,80.0,Salisbury Hall Playing Fields,E4 8ST,Waltham Forest,51.606743,-0.018753,16:00,17:00,,70,False,https://widget.bookteq.com/walthamforestcouncil/book-online/76a4616b-34ca-4e70-878a-ccd1ffed49c0
WF_524,Waltham Forest Council,London Borough of Waltham Forest,11-a-side Football,Team Sports,11-a-side Football,False,88.0,Draper's Field,E15 2DD,Newham,51.552793,-0.006165,21:00,22:00,,58,False,https://widget.bookteq.com/walthamforestcouncil/book-online/5b1a1619-7faa-4c48-aa3e-ab2e72b96a9e
WF_525,Waltham Forest Council,London Borough of Waltham Forest,5-a-side Football,Team Sports,5-a-side Football,False,34.0,Pastures  Centre,E11 3DR,Waltham Forest,51.5641244,0.0113854,09:00,10:00,,113,False,https://widget.bookteq.com/walthamforestcouncil/book-online/2ca73eed-e711-4824-8d0c-ac6b5d5bb1e3
WF_526,Waltham Forest Council,London Borough of Waltham Forest,7 a-side Football,Team Sports,7 a-side Football,False,77.0,Low Hall Sports Ground,E17 8AX,Waltham Forest,51.574778,-0.040214,21:00,22:00,,4,False,https://widget.bookteq.com/walthamforestcouncil/book-online/a5f3bad2-0794-4ece-a889-c168621b66ec
WF_527,Waltham Forest Council,London Borough of Waltham Forest,7-a-side 3G Pitch 1,Team Sports,7-a-side 3G Pitch 1,False,44.0,Feel Good Too (formerly Ive Farm Fields),E10 5UE,Waltham Forest,51.5624493,-0.0211292,12:00,13:00,,157,False,https://widget.bookteq.com/walthamforestcouncil/book-online/e7534d85-3bef-4d1f-93d7-bb51318cd6f9
WF_528,Waltham Forest Council,London Borough of Waltham Forest,7-a-side 3G Pitch 1 ,Other / Unspecified,7-a-side 3G Pitch 1 ,False,40.0,Salisbury Hall Playing Fields,E4 8ST,Waltham Forest,51.606743,-0.018753,18:00,19:00,,70,False,https://widget.bookteq.com/walthamforestcouncil/book-online/76a4616b-34ca-4e70-878a-ccd1ffed49c0
WF_529,Waltham Forest Council,London Borough of Waltham Forest,7-a-side 3G Pitch 2,Team Sports,7-a-side 3G Pitch 2,False,44.0,Feel Good Too (formerly Ive Farm Fields),E10 5UE,Waltham Forest,51.5624493,-0.0211292,09:00,10:00,,157,False,https://widget.bookteq.com/walthamforestcouncil/book-online/e7534d85-3bef-4d1f-93d7-bb51318cd6f9
WF_530,Waltham Forest Council,London Borough of Waltham Forest,7-a-side 3G Pitch 2,Team Sports,7-a-side 3G Pitch 2,False,40.0,Salisbury Hall Playing Fields,E4 8ST,Waltham Forest,51.606743,-0.018753,19:00,20:00,,70,False,https://widget.bookteq.com/walthamforestcouncil/book-online/76a4616b-34ca-4e70-878a-ccd1ffed49c0
WF_531,Waltham Forest Council,London Borough of Waltham Forest,7-a-side 3G Pitch 3,Team Sports,7-a-side 3G Pitch 3,False,44.0,Feel Good Too (formerly Ive Farm Fields),E10 5UE,Waltham Forest,51.5624493,-0.0211292,19:00,20:00,,157,False,https://widget.bookteq.com/walthamforestcouncil/book-online/e7534d85-3bef-4d1f-93d7-bb51318cd6f9
WF_532,Waltham Forest Council,London Borough of Waltham Forest,7-a-side Football,Team Sports,7-a-side Football,False,85.0,"Jubilee Sports Ground, Highams Park",E4 9SF,Waltham Forest,51.6140042,0.004534,19:30,20:30,,5,False,https://widget.bookteq.com/walthamforestcouncil/book-online/341d9d18-6981-4eb6-8a56-6a918d31ca8b
WF_533,Waltham Forest Council,London Borough of Waltham Forest,7-a-side Football 1,Team Sports,7-a-side Football 1,False,44.0,Draper's Field,E15 2DD,Newham,51.552793,-0.006165,21:00,22:00,,58,False,https://widget.bookteq.com/walthamforestcouncil/book-online/5b1a1619-7faa-4c48-aa3e-ab2e72b96a9e
WF_534,Waltham Forest Council,London Borough of Waltham Forest,7-a-side Football 2,Team Sports,7-a-side Football 2,False,44.0,Draper's Field,E15 2DD,Newham,51.552793,-0.006165,21:00,22:00,,58,False,https://widget.bookteq.com/walthamforestcouncil/book-online/5b1a1619-7faa-4c48-aa3e-ab2e72b96a9e
WF_535,Waltham Forest Council,London Borough of Waltham Forest,7-a-side Football 3,Team Sports,7-a-side Football 3,False,44.0,Draper's Field,E15 2DD,Newham,51.552793,-0.006165,21:00,22:00,,58,False,https://widget.bookteq.com/walthamforestcouncil/book-online/5b1a1619-7faa-4c48-aa3e-ab2e72b96a9e
WF_536,Waltham Forest Council,London Borough of Waltham Forest,7-a-side Pitch 1,Team Sports,7-a-side Pitch 1,False,44.0,Feel Good Too (formerly Ive Farm Fields),E10 5UE,Waltham Forest,51.5624493,-0.0211292,10:30,11:30,,85,False,https://widget.bookteq.com/walthamforestcouncil/book-online/e7534d85-3bef-4d1f-93d7-bb51318cd6f9
WF_537,Waltham Forest Council,London Borough of Waltham Forest,7-a-side Pitch 2,Team Sports,7-a-side Pitch 2,False,44.0,Feel Good Too (formerly Ive Farm Fields),E10 5UE,Waltham Forest,51.5624493,-0.0211292,20:30,21:30,,85,False,https://widget.bookteq.com/walthamforestcouncil/book-online/e7534d85-3bef-4d1f-93d7-bb51318cd6f9
WF_538,Waltham Forest Council,London Borough of Waltham Forest,9-aside Astroturf,Team Sports,9-aside Astroturf,False,39.5,Low Hall Sports Ground,E17 8AX,Waltham Forest,51.574778,-0.040214,15:00,16:00,,1970,False,https://widget.bookteq.com/walthamforestcouncil/book-online/a5f3bad2-0794-4ece-a889-c168621b66ec
WF_539,Waltham Forest Council,London Borough of Waltham Forest,Badminton Courts,Racquet Sports,Badminton Courts,False,34.0,Pastures  Centre,E11 3DR,Waltham Forest,51.5641244,0.0113854,09:00,10:00,,113,False,https://widget.bookteq.com/walthamforestcouncil/book-online/2ca73eed-e711-4824-8d0c-ac6b5d5bb1e3
WF_540,Waltham Forest Council,London Borough of Waltham Forest,Basketball Court,Team Sports,Basketball Court,False,34.0,Pastures  Centre,E11 3DR,Waltham Forest,51.5641244,0.0113854,09:00,10:00,,113,False,https://widget.bookteq.com/walthamforestcouncil/book-online/2ca73eed-e711-4824-8d0c-ac6b5d5bb1e3
WF_541,Waltham Forest Council,London Borough of Waltham Forest,Club Room,Other / Unspecified,Club Room,False,63.0,Leyton Sports Ground,E10 6PY,Waltham Forest,51.56829,-0.00895,18:00,19:00,,133,False,https://widget.bookteq.com/walthamforestcouncil/book-online/6029f6c2-dc4f-4419-a1cc-9056c0d3ae54
WF_542,Waltham Forest Council,London Borough of Waltham Forest,Cricket Nets,Team Sports,Cricket Nets,False,34.0,Pastures  Centre,E11 3DR,Waltham Forest,51.5641244,0.0113854,09:00,10:00,,113,False,https://widget.bookteq.com/walthamforestcouncil/book-online/2ca73eed-e711-4824-8d0c-ac6b5d5bb1e3
WF_543,Waltham Forest Council,London Borough of Waltham Forest,Futsal Pitch 1,Team Sports,Futsal Pitch 1,False,44.0,Feel Good Too (formerly Ive Farm Fields),E10 5UE,Waltham Forest,51.5624493,-0.0211292,14:30,15:30,,85,False,https://widget.bookteq.com/walthamforestcouncil/book-online/e7534d85-3bef-4d1f-93d7-bb51318cd6f9
WF_544,Waltham Forest Council,London Borough of Waltham Forest,Futsal Pitch 2,Team Sports,Futsal Pitch 2,False,44.0,Feel Good Too (formerly Ive Farm Fields),E10 5UE,Waltham Forest,51.5624493,-0.0211292,15:30,16:30,,85,False,https://widget.bookteq.com/walthamforestcouncil/book-online/e7534d85-3bef-4d1f-93d7-bb51318cd6f9
WF_545,Waltham Forest Council,London Borough of Waltham Forest,General Area,Other / Unspecified,General Area,False,34.0,Pastures  Centre,E11 3DR,Waltham Forest,51.5641244,0.0113854,20:00,21:00,,98,False,https://widget.bookteq.com/walthamforestcouncil/book-online/2ca73eed-e711-4824-8d0c-ac6b5d5bb1e3
WF_546,Waltham Forest Council,London Borough of Waltham Forest,Grass Field,Team Sports,Grass Field,False,25.0,Pastures  Centre,E11 3DR,Waltham Forest,51.5641244,0.0113854,11:00,12:00,,100,False,https://widget.bookteq.com/walthamforestcouncil/book-online/2ca73eed-e711-4824-8d0c-ac6b5d5bb1e3
WF_547,Waltham Forest Council,London Borough of Waltham Forest,Hockey Full Pitch,Team Sports,Hockey Full Pitch,False,88.0,Feel Good Too (formerly Ive Farm Fields),E10 5UE,Waltham Forest,51.5624493,-0.0211292,20:30,21:30,,85,False,https://widget.bookteq.com/walthamforestcouncil/book-online/e7534d85-3bef-4d1f-93d7-bb51318cd6f9
WF_548,Waltham Forest Council,London Borough of Waltham Forest,Hockey Half Pitch 1,Team Sports,Hockey Half Pitch 1,False,44.0,Feel Good Too (formerly Ive Farm Fields),E10 5UE,Waltham Forest,51.5624493,-0.0211292,10:30,11:30,,85,False,https://widget.bookteq.com/walthamforestcouncil/book-online/e7534d85-3bef-4d1f-93d7-bb51318cd6f9
WF_549,Waltham Forest Council,London Borough of Waltham Forest,Hockey Half Pitch 2,Team Sports,Hockey Half Pitch 2,False,44.0,Feel Good Too (formerly Ive Farm Fields),E10 5UE,Waltham Forest,51.5624493,-0.0211292,20:30,21:30,,85,False,https://widget.bookteq.com/walthamforestcouncil/book-online/e7534d85-3bef-4d1f-93d7-bb51318cd6f9
WF_550,Waltham Forest Council,London Borough of Waltham Forest,Indoor Cricket Net 1,Team Sports,Indoor Cricket Net 1,False,24.0,Leyton Sports Ground,E10 6PY,Waltham Forest,51.56829,-0.00895,19:00,20:00,,2,False,https://widget.bookteq.com/walthamforestcouncil/book-online/6029f6c2-dc4f-4419-a1cc-9056c0d3ae54
WF_551,Waltham Forest Council,London Borough of Waltham Forest,Indoor Cricket Net 2,Team Sports,Indoor Cricket Net 2,False,24.0,Leyton Sports Ground,E10 6PY,Waltham Forest,51.56829,-0.00895,19:00,20:00,,2,False,https://widget.bookteq.com/walthamforestcouncil/book-online/6029f6c2-dc4f-4419-a1cc-9056c0d3ae54
WF_552,Waltham Forest Council,London Borough of Waltham Forest,Indoor Cricket Net 3,Team Sports,Indoor Cricket Net 3,False,24.0,Leyton Sports Ground,E10 6PY,Waltham Forest,51.56829,-0.00895,19:00,20:00,,2,False,https://widget.bookteq.com/walthamforestcouncil/book-online/6029f6c2-dc4f-4419-a1cc-9056c0d3ae54
WF_553,Waltham Forest Council,London Borough of Waltham Forest,Indoor Cricket Net 4,Team Sports,Indoor Cricket Net 4,False,24.0,Leyton Sports Ground,E10 6PY,Waltham Forest,51.56829,-0.00895,19:00,20:00,,2,False,https://widget.bookteq.com/walthamforestcouncil/book-online/6029f6c2-dc4f-4419-a1cc-9056c0d3ae54
WF_554,Waltham Forest Council,London Borough of Waltham Forest,Indoor Cricket Nets (Whole Hall),Team Sports,Indoor Cricket Nets (Whole Hall),False,72.0,Leyton Sports Ground,E10 6PY,Waltham Forest,51.56829,-0.00895,19:00,20:00,,7,False,https://widget.bookteq.com/walthamforestcouncil/book-online/6029f6c2-dc4f-4419-a1cc-9056c0d3ae54
WF_555,Waltham Forest Council,London Borough of Waltham Forest,Kitchen,Other / Unspecified,Kitchen,False,18.0,Pastures  Centre,E11 3DR,Waltham Forest,51.5641244,0.0113854,11:00,12:00,,96,False,https://widget.bookteq.com/walthamforestcouncil/book-online/2ca73eed-e711-4824-8d0c-ac6b5d5bb1e3
WF_556,Waltham Forest Council,London Borough of Waltham Forest,Multi-Purpose Room,Other / Unspecified,Multi-Purpose Room,False,63.0,Leyton Sports Ground,E10 6PY,Waltham Forest,51.56829,-0.00895,16:30,17:30,,133,False,https://widget.bookteq.com/walthamforestcouncil/book-online/6029f6c2-dc4f-4419-a1cc-9056c0d3ae54
WF_557,Waltham Forest Council,London Borough of Waltham Forest,Netball Court,Team Sports,Netball Court,False,34.0,Pastures  Centre,E11 3DR,Waltham Forest,51.5641244,0.0113854,09:00,10:00,,113,False,https://widget.bookteq.com/walthamforestcouncil/book-online/2ca73eed-e711-4824-8d0c-ac6b5d5bb1e3
WF_558,Waltham Forest Council,London Borough of Waltham Forest,Outdoor Net 1 ,Other / Unspecified,Outdoor Net 1 ,False,17.0,Leyton Sports Ground,E10 6PY,Waltham Forest,51.56829,-0.00895,19:00,20:00,,2,False,https://widget.bookteq.com/walthamforestcouncil/book-online/6029f6c2-dc4f-4419-a1cc-9056c0d3ae54
WF_559,Waltham Forest Council,London Borough of Waltham Forest,Outdoor Net 2,Team Sports,Outdoor Net 2,False,17.0,Leyton Sports Ground,E10 6PY,Waltham Forest,51.56829,-0.00895,19:00,20:00,,2,False,https://widget.bookteq.com/walthamforestcouncil/book-online/6029f6c2-dc4f-4419-a1cc-9056c0d3ae54
WF_560,Waltham Forest Council,London Borough of Waltham Forest,Studio,Other / Unspecified,Studio,False,42.0,Leyton Sports Ground,E10 6PY,Waltham Forest,51.56829,-0.00895,18:00,19:00,,133,False,https://widget.bookteq.com/walthamforestcouncil/book-online/6029f6c2-dc4f-4419-a1cc-9056c0d3ae54
WF_561,Waltham Forest Council,London Borough of Waltham Forest,Table Tennis,Racquet Sports,Table Tennis,False,34.0,Pastures  Centre,E11 3DR,Waltham Forest,51.5641244,0.0113854,09:00,10:00,,112,False,https://widget.bookteq.com/walthamforestcouncil/book-online/2ca73eed-e711-4824-8d0c-ac6b5d5bb1e3
WF_562,Waltham Forest Council,London Borough of Waltham Forest,Volleyball,Team Sports,Volleyball,False,34.0,Pastures  Centre,E11 3DR,Waltham Forest,51.5641244,0.0113854,09:00,10:00,,113,False,https://widget.bookteq.com/walthamforestcouncil/book-online/2ca73eed-e711-4824-8d0c-ac6b5d5bb1e3
WF_563,Waltham Forest Council,London Borough of Waltham Forest,Volleyball Court 1,Team Sports,Volleyball Court 1,False,23.0,Feel Good Too (formerly Ive Farm Fields),E10 5UE,Waltham Forest,51.5624493,-0.0211292,15:30,16:30,,168,False,https://widget.bookteq.com/walthamforestcouncil/book-online/e7534d85-3bef-4d1f-93d7-bb51318cd6f9
WF_564,Waltham Forest Council,London Borough of Waltham Forest,Volleyball Court 2,Team Sports,Volleyball Court 2,False,23.0,Feel Good Too (formerly Ive Farm Fields),E10 5UE,Waltham Forest,51.5624493,-0.0211292,14:30,15:30,,168,False,https://widget.bookteq.com/walthamforestcouncil/book-online/e7534d85-3bef-4d1f-93d7-bb51318cd6f9
WF_565,Waltham Forest Council,London Borough of Waltham Forest,Volleyball Court 3,Team Sports,Volleyball Court 3,False,23.0,Feel Good Too (formerly Ive Farm Fields),E10 5UE,Waltham Forest,51.5624493,-0.0211292,18:30,19:30,,168,False,https://widget.bookteq.com/walthamforestcouncil/book-online/e7534d85-3bef-4d1f-93d7-bb51318cd6f9
