id,name,start_date,end_date,duration,activity,level,max_capacity,remaining_capacity,is_free,meeting_point,url,location_name,postcode,locality,region,country,latitude,longitude,programme,programme_url,leader_name
105332,Yoga,2026-07-13 13:30:00+00:00,2026-07-13 14:30:00+00:00,PT60M,Yoga,Beginner,15.0,15,True,Performance Space,https://ourparks.org.uk/borough/yoga-105332,Willesden Library,NW10 2SF,Willesden,95 High Road,GB,51.546774,-0.2289203,Brent,https://ourparks.org.uk/borough/brent-0,Cindy
105333,Yoga,2026-07-20 13:30:00+00:00,2026-07-20 14:30:00+00:00,PT60M,Yoga,Beginner,15.0,15,True,Performance Space,https://ourparks.org.uk/borough/yoga-105333,Willesden Library,NW10 2SF,Willesden,95 High Road,GB,51.546774,-0.2289203,Brent,https://ourparks.org.uk/borough/brent-0,Cindy
105397,Low Impact Stretch,2025-09-23 13:00:00+00:00,2025-09-23 14:00:00+00:00,PT60M,Tai Chi,Beginner,11.0,11,True,Children’s area,https://ourparks.org.uk/borough/low-impact-stretch-105397,Kingsbury Library,NW9 9HE,London,522-524 Kingsbury Road,GB,51.5860156,-0.2765225,Brent,https://ourparks.org.uk/borough/brent-0,Savita
105398,Low Impact Stretch,2025-09-30 13:00:00+00:00,2025-09-30 14:00:00+00:00,PT60M,Tai Chi,Beginner,11.0,11,True,Children’s area,https://ourparks.org.uk/borough/low-impact-stretch-105398,Kingsbury Library,NW9 9HE,London,522-524 Kingsbury Road,GB,51.5860156,-0.2765225,Brent,https://ourparks.org.uk/borough/brent-0,Savita
105399,Low Impact Stretch,2025-10-07 13:00:00+00:00,2025-10-07 14:00:00+00:00,PT60M,Tai Chi,Beginner,11.0,11,True,Children’s area,https://ourparks.org.uk/borough/low-impact-stretch-105399,Kingsbury Library,NW9 9HE,London,522-524 Kingsbury Road,GB,51.5860156,-0.2765225,Brent,https://ourparks.org.uk/borough/brent-0,Savita
105400,Low Impact Stretch,2025-10-14 13:00:00+00:00,2025-10-14 14:00:00+00:00,PT60M,Tai Chi,Beginner,11.0,11,True,Children’s area,https://ourparks.org.uk/borough/low-impact-stretch-105400,Kingsbury Library,NW9 9HE,London,522-524 Kingsbury Road,GB,51.5860156,-0.2765225,Brent,https://ourparks.org.uk/borough/brent-0,Savita
105401,Low Impact Stretch,2025-10-21 13:00:00+00:00,2025-10-21 14:00:00+00:00,PT60M,Tai Chi,Beginner,11.0,11,True,Children’s area,https://ourparks.org.uk/borough/low-impact-stretch-105401,Kingsbury Library,NW9 9HE,London,522-524 Kingsbury Road,GB,51.5860156,-0.2765225,Brent,https://ourparks.org.uk/borough/brent-0,Savita
105403,Low Impact Stretch,2025-11-04 13:00:00+00:00,2025-11-04 14:00:00+00:00,PT60M,Tai Chi,Beginner,11.0,11,True,Children’s area,https://ourparks.org.uk/borough/low-impact-stretch-105403,Kingsbury Library,NW9 9HE,London,522-524 Kingsbury Road,GB,51.5860156,-0.2765225,Brent,https://ourparks.org.uk/borough/brent-0,Savita
105404,Low Impact Stretch,2025-11-11 13:00:00+00:00,2025-11-11 14:00:00+00:00,PT60M,Tai Chi,Beginner,11.0,11,True,Children’s area,https://ourparks.org.uk/borough/low-impact-stretch-105404,Kingsbury Library,NW9 9HE,London,522-524 Kingsbury Road,GB,51.5860156,-0.2765225,Brent,https://ourparks.org.uk/borough/brent-0,Savita
105405,Low Impact Stretch,2025-11-18 13:00:00+00:00,2025-11-18 14:00:00+00:00,PT60M,Tai Chi,Beginner,11.0,11,True,Children’s area,https://ourparks.org.uk/borough/low-impact-stretch-105405,Kingsbury Library,NW9 9HE,London,522-524 Kingsbury Road,GB,51.5860156,-0.2765225,Brent,https://ourparks.org.uk/borough/brent-0,Savita
105406,Low Impact Stretch,2025-11-25 13:00:00+00:00,2025-11-25 14:00:00+00:00,PT60M,Tai Chi,Beginner,11.0,11,True,Children’s area,https://ourparks.org.uk/borough/low-impact-stretch-105406,Kingsbury Library,NW9 9HE,London,522-524 Kingsbury Road,GB,51.5860156,-0.2765225,Brent,https://ourparks.org.uk/borough/brent-0,Savita
105407,Low Impact Stretch,2025-12-02 13:00:00+00:00,2025-12-02 14:00:00+00:00,PT60M,Tai Chi,Beginner,11.0,11,True,Children’s area,https://ourparks.org.uk/borough/low-impact-stretch-105407,Kingsbury Library,NW9 9HE,London,522-524 Kingsbury Road,GB,51.5860156,-0.2765225,Brent,https://ourparks.org.uk/borough/brent-0,Savita
105408,Low Impact Stretch,2025-12-09 13:00:00+00:00,2025-12-09 14:00:00+00:00,PT60M,Tai Chi,Beginner,11.0,11,True,Children’s area,https://ourparks.org.uk/borough/low-impact-stretch-105408,Kingsbury Library,NW9 9HE,London,522-524 Kingsbury Road,GB,51.5860156,-0.2765225,Brent,https://ourparks.org.uk/borough/brent-0,Savita
105409,Low Impact Stretch,2025-12-16 13:00:00+00:00,2025-12-16 14:00:00+00:00,PT60M,Tai Chi,Beginner,11.0,11,True,Children’s area,https://ourparks.org.uk/borough/low-impact-stretch-105409,Kingsbury Library,NW9 9HE,London,522-524 Kingsbury Road,GB,51.5860156,-0.2765225,Brent,https://ourparks.org.uk/borough/brent-0,Savita
105415,Low Impact Stretch,2026-01-27 13:00:00+00:00,2026-01-27 14:00:00+00:00,PT60M,Tai Chi,Beginner,11.0,11,True,Children’s area,https://ourparks.org.uk/borough/low-impact-stretch-105415,Kingsbury Library,NW9 9HE,London,522-524 Kingsbury Road,GB,51.5860156,-0.2765225,Brent,https://ourparks.org.uk/borough/brent-0,Savita
105416,Low Impact Stretch,2026-02-03 13:00:00+00:00,2026-02-03 14:00:00+00:00,PT60M,Tai Chi,Beginner,11.0,11,True,Children’s area,https://ourparks.org.uk/borough/low-impact-stretch-105416,Kingsbury Library,NW9 9HE,London,522-524 Kingsbury Road,GB,51.5860156,-0.2765225,Brent,https://ourparks.org.uk/borough/brent-0,Savita
105417,Low Impact Stretch,2026-02-10 13:00:00+00:00,2026-02-10 14:00:00+00:00,PT60M,Tai Chi,Beginner,11.0,11,True,Children’s area,https://ourparks.org.uk/borough/low-impact-stretch-105417,Kingsbury Library,NW9 9HE,London,522-524 Kingsbury Road,GB,51.5860156,-0.2765225,Brent,https://ourparks.org.uk/borough/brent-0,Savita
105420,Low Impact Stretch,2026-03-03 13:00:00+00:00,2026-03-03 14:00:00+00:00,PT60M,Tai Chi,Beginner,11.0,11,True,Children’s area,https://ourparks.org.uk/borough/low-impact-stretch-105420,Kingsbury Library,NW9 9HE,London,522-524 Kingsbury Road,GB,51.5860156,-0.2765225,Brent,https://ourparks.org.uk/borough/brent-0,Savita
105421,Low Impact Stretch,2026-03-10 13:00:00+00:00,2026-03-10 14:00:00+00:00,PT60M,Tai Chi,Beginner,11.0,11,True,Children’s area,https://ourparks.org.uk/borough/low-impact-stretch-105421,Kingsbury Library,NW9 9HE,London,522-524 Kingsbury Road,GB,51.5860156,-0.2765225,Brent,https://ourparks.org.uk/borough/brent-0,Savita
105422,Low Impact Stretch,2026-03-17 13:00:00+00:00,2026-03-17 14:00:00+00:00,PT60M,Tai Chi,Beginner,11.0,11,True,Children’s area,https://ourparks.org.uk/borough/low-impact-stretch-105422,Kingsbury Library,NW9 9HE,London,522-524 Kingsbury Road,GB,51.5860156,-0.2765225,Brent,https://ourparks.org.uk/borough/brent-0,Savita
105423,Low Impact Stretch,2026-03-24 13:00:00+00:00,2026-03-24 14:00:00+00:00,PT60M,Tai Chi,Beginner,11.0,11,True,Children’s area,https://ourparks.org.uk/borough/low-impact-stretch-105423,Kingsbury Library,NW9 9HE,London,522-524 Kingsbury Road,GB,51.5860156,-0.2765225,Brent,https://ourparks.org.uk/borough/brent-0,Savita
105503,Strength building class,2025-09-19 13:00:00+00:00,2025-09-19 14:00:00+00:00,PT60M,Yoga,Beginner,15.0,15,True,Carolyn Downs Community Room,https://ourparks.org.uk/borough/strength-building-class-105503,Harlesden Library,NW10 8SE,Harlesden,Craven Park Road,GB,51.538725110209,-0.25043846365,Brent,https://ourparks.org.uk/borough/brent-0,Cindy
105504,Strength building class,2025-09-26 13:00:00+00:00,2025-09-26 14:00:00+00:00,PT60M,Yoga,Beginner,15.0,15,True,Carolyn Downs Community Room,https://ourparks.org.uk/borough/strength-building-class-105504,Harlesden Library,NW10 8SE,Harlesden,Craven Park Road,GB,51.538725110209,-0.25043846365,Brent,https://ourparks.org.uk/borough/brent-0,Cindy
105505,Strength building class,2025-10-03 13:00:00+00:00,2025-10-03 14:00:00+00:00,PT60M,Yoga,Beginner,15.0,15,True,Carolyn Downs Community Room,https://ourparks.org.uk/borough/strength-building-class-105505,Harlesden Library,NW10 8SE,Harlesden,Craven Park Road,GB,51.538725110209,-0.25043846365,Brent,https://ourparks.org.uk/borough/brent-0,Cindy
105506,Strength building class,2025-10-10 13:00:00+00:00,2025-10-10 14:00:00+00:00,PT60M,Yoga,Beginner,15.0,15,True,Carolyn Downs Community Room,https://ourparks.org.uk/borough/strength-building-class-105506,Harlesden Library,NW10 8SE,Harlesden,Craven Park Road,GB,51.538725110209,-0.25043846365,Brent,https://ourparks.org.uk/borough/brent-0,Cindy
105507,Strength building class,2025-10-17 13:00:00+00:00,2025-10-17 14:00:00+00:00,PT60M,Yoga,Beginner,15.0,15,True,Carolyn Downs Community Room,https://ourparks.org.uk/borough/strength-building-class-105507,Harlesden Library,NW10 8SE,Harlesden,Craven Park Road,GB,51.538725110209,-0.25043846365,Brent,https://ourparks.org.uk/borough/brent-0,Cindy
105508,Strength building class,2025-10-24 13:00:00+00:00,2025-10-24 14:00:00+00:00,PT60M,Yoga,Beginner,15.0,15,True,Carolyn Downs Community Room,https://ourparks.org.uk/borough/strength-building-class-105508,Harlesden Library,NW10 8SE,Harlesden,Craven Park Road,GB,51.538725110209,-0.25043846365,Brent,https://ourparks.org.uk/borough/brent-0,Cindy
105511,Strength building class,2025-11-14 13:00:00+00:00,2025-11-14 14:00:00+00:00,PT60M,Yoga,Beginner,15.0,15,True,Carolyn Downs Community Room,https://ourparks.org.uk/borough/strength-building-class-105511,Harlesden Library,NW10 8SE,Harlesden,Craven Park Road,GB,51.538725110209,-0.25043846365,Brent,https://ourparks.org.uk/borough/brent-0,Cindy
105512,Strength building class,2025-11-21 13:00:00+00:00,2025-11-21 14:00:00+00:00,PT60M,Yoga,Beginner,15.0,15,True,Carolyn Downs Community Room,https://ourparks.org.uk/borough/strength-building-class-105512,Harlesden Library,NW10 8SE,Harlesden,Craven Park Road,GB,51.538725110209,-0.25043846365,Brent,https://ourparks.org.uk/borough/brent-0,Cindy
105513,Strength building class,2025-11-28 13:00:00+00:00,2025-11-28 14:00:00+00:00,PT60M,Yoga,Beginner,15.0,15,True,Carolyn Downs Community Room,https://ourparks.org.uk/borough/strength-building-class-105513,Harlesden Library,NW10 8SE,Harlesden,Craven Park Road,GB,51.538725110209,-0.25043846365,Brent,https://ourparks.org.uk/borough/brent-0,Cindy
105514,Strength building class,2025-12-05 13:00:00+00:00,2025-12-05 14:00:00+00:00,PT60M,Yoga,Beginner,15.0,15,True,Carolyn Downs Community Room,https://ourparks.org.uk/borough/strength-building-class-105514,Harlesden Library,NW10 8SE,Harlesden,Craven Park Road,GB,51.538725110209,-0.25043846365,Brent,https://ourparks.org.uk/borough/brent-0,Cindy
105515,Strength building class,2025-12-12 13:00:00+00:00,2025-12-12 14:00:00+00:00,PT60M,Yoga,Beginner,15.0,15,True,Carolyn Downs Community Room,https://ourparks.org.uk/borough/strength-building-class-105515,Harlesden Library,NW10 8SE,Harlesden,Craven Park Road,GB,51.538725110209,-0.25043846365,Brent,https://ourparks.org.uk/borough/brent-0,Cindy
105516,Strength building class,2025-12-19 13:00:00+00:00,2025-12-19 14:00:00+00:00,PT60M,Yoga,Beginner,15.0,15,True,Carolyn Downs Community Room,https://ourparks.org.uk/borough/strength-building-class-105516,Harlesden Library,NW10 8SE,Harlesden,Craven Park Road,GB,51.538725110209,-0.25043846365,Brent,https://ourparks.org.uk/borough/brent-0,Cindy
105519,Strength building class,2026-01-09 13:00:00+00:00,2026-01-09 14:00:00+00:00,PT60M,Yoga,Beginner,15.0,15,True,Carolyn Downs Community Room,https://ourparks.org.uk/borough/strength-building-class-105519,Harlesden Library,NW10 8SE,Harlesden,Craven Park Road,GB,51.538725110209,-0.25043846365,Brent,https://ourparks.org.uk/borough/brent-0,Cindy
105520,Strength building class,2026-01-16 13:00:00+00:00,2026-01-16 14:00:00+00:00,PT60M,Yoga,Beginner,15.0,15,True,Carolyn Downs Community Room,https://ourparks.org.uk/borough/strength-building-class-105520,Harlesden Library,NW10 8SE,Harlesden,Craven Park Road,GB,51.538725110209,-0.25043846365,Brent,https://ourparks.org.uk/borough/brent-0,Cindy
105521,Strength building class,2026-01-23 13:00:00+00:00,2026-01-23 14:00:00+00:00,PT60M,Yoga,Beginner,15.0,15,True,Carolyn Downs Community Room,https://ourparks.org.uk/borough/strength-building-class-105521,Harlesden Library,NW10 8SE,Harlesden,Craven Park Road,GB,51.538725110209,-0.25043846365,Brent,https://ourparks.org.uk/borough/brent-0,Cindy
105522,Strength building class,2026-01-30 13:00:00+00:00,2026-01-30 14:00:00+00:00,PT60M,Yoga,Beginner,15.0,15,True,Carolyn Downs Community Room,https://ourparks.org.uk/borough/strength-building-class-105522,Harlesden Library,NW10 8SE,Harlesden,Craven Park Road,GB,51.538725110209,-0.25043846365,Brent,https://ourparks.org.uk/borough/brent-0,Cindy
105019,Bootcamp,2025-06-28 09:00:00+00:00,2025-06-28 10:00:00+00:00,PT60M,Bootcamp,Intermediate,29.0,29,True,Hard surface by Kids Play Area near car park,https://ourparks.org.uk/borough/bootcamp-105019,Hoblingwell Wood Recreation Ground,BR5 2QB,Orpington,Hoblingwell Recreation Ground,GB,51.402261016538,0.099742592442,Bromley,https://ourparks.org.uk/borough/bromley,Jo
105018,Bootcamp,2025-06-21 09:00:00+00:00,2025-06-21 10:00:00+00:00,PT60M,Bootcamp,Intermediate,29.0,29,True,Hard surface by Kids Play Area near car park,https://ourparks.org.uk/borough/bootcamp-105018,Hoblingwell Wood Recreation Ground,BR5 2QB,Orpington,Hoblingwell Recreation Ground,GB,51.402261016538,0.099742592442,Bromley,https://ourparks.org.uk/borough/bromley,Jo
105017,Bootcamp,2025-06-14 09:00:00+00:00,2025-06-14 10:00:00+00:00,PT60M,Bootcamp,Intermediate,29.0,29,True,Hard surface by Kids Play Area near car park,https://ourparks.org.uk/borough/bootcamp-105017,Hoblingwell Wood Recreation Ground,BR5 2QB,Orpington,Hoblingwell Recreation Ground,GB,51.402261016538,0.099742592442,Bromley,https://ourparks.org.uk/borough/bromley,Jo
104966,Bootcamp,2025-05-31 09:30:00+00:00,2025-05-31 10:30:00+00:00,PT60M,Bootcamp,Intermediate,30.0,30,True,By the Basketball court,https://ourparks.org.uk/borough/bootcamp-104966,Lloyd Park,E17 5JW,London,Forest Road,GB,51.594659049141,-0.020824090333,Waltham Forest,https://ourparks.org.uk/borough/waltham-forest,Albert
105127,Beginners Bootcamp,2025-06-29 09:00:00+00:00,2025-06-29 10:00:00+00:00,PT60M,Bootcamp,Intermediate,29.0,29,True,"At the top of the park, opposite The Stables cafe",https://ourparks.org.uk/borough/beginners-bootcamp-105127,Gladstone Park,NW2,London,Dollis Hill Lane,GB,51.5596147901,-0.236722632917,Brent,https://ourparks.org.uk/borough/brent-0,Laurène
105128,Beginners Bootcamp,2025-07-06 09:00:00+00:00,2025-07-06 10:00:00+00:00,PT60M,Bootcamp,Intermediate,29.0,29,True,"At the top of the park, opposite The Stables cafe",https://ourparks.org.uk/borough/beginners-bootcamp-105128,Gladstone Park,NW2,London,Dollis Hill Lane,GB,51.5596147901,-0.236722632917,Brent,https://ourparks.org.uk/borough/brent-0,Laurène
105129,Beginners Bootcamp,2025-07-13 09:00:00+00:00,2025-07-13 10:00:00+00:00,PT60M,Bootcamp,Intermediate,29.0,29,True,"At the top of the park, opposite The Stables cafe",https://ourparks.org.uk/borough/beginners-bootcamp-105129,Gladstone Park,NW2,London,Dollis Hill Lane,GB,51.5596147901,-0.236722632917,Brent,https://ourparks.org.uk/borough/brent-0,Laurène
105130,Beginners Bootcamp,2025-07-20 09:00:00+00:00,2025-07-20 10:00:00+00:00,PT60M,Bootcamp,Intermediate,29.0,29,True,"At the top of the park, opposite The Stables cafe",https://ourparks.org.uk/borough/beginners-bootcamp-105130,Gladstone Park,NW2,London,Dollis Hill Lane,GB,51.5596147901,-0.236722632917,Brent,https://ourparks.org.uk/borough/brent-0,Laurène
105131,Beginners Bootcamp,2025-07-27 09:00:00+00:00,2025-07-27 10:00:00+00:00,PT60M,Bootcamp,Intermediate,29.0,29,True,"At the top of the park, opposite The Stables cafe",https://ourparks.org.uk/borough/beginners-bootcamp-105131,Gladstone Park,NW2,London,Dollis Hill Lane,GB,51.5596147901,-0.236722632917,Brent,https://ourparks.org.uk/borough/brent-0,Laurène
105132,Beginners Bootcamp,2025-08-03 09:00:00+00:00,2025-08-03 10:00:00+00:00,PT60M,Bootcamp,Intermediate,29.0,29,True,"At the top of the park, opposite The Stables cafe",https://ourparks.org.uk/borough/beginners-bootcamp-105132,Gladstone Park,NW2,London,Dollis Hill Lane,GB,51.5596147901,-0.236722632917,Brent,https://ourparks.org.uk/borough/brent-0,Laurène
105136,Beginners Bootcamp,2025-08-31 09:00:00+00:00,2025-08-31 10:00:00+00:00,PT60M,Bootcamp,Intermediate,29.0,29,True,"At the top of the park, opposite The Stables cafe",https://ourparks.org.uk/borough/beginners-bootcamp-105136,Gladstone Park,NW2,London,Dollis Hill Lane,GB,51.5596147901,-0.236722632917,Brent,https://ourparks.org.uk/borough/brent-0,Laurène
105137,Beginners Bootcamp,2025-09-07 09:00:00+00:00,2025-09-07 10:00:00+00:00,PT60M,Bootcamp,Intermediate,29.0,29,True,"At the top of the park, opposite The Stables cafe",https://ourparks.org.uk/borough/beginners-bootcamp-105137,Gladstone Park,NW2,London,Dollis Hill Lane,GB,51.5596147901,-0.236722632917,Brent,https://ourparks.org.uk/borough/brent-0,Laurène
105138,Beginners Bootcamp,2025-09-14 09:00:00+00:00,2025-09-14 10:00:00+00:00,PT60M,Bootcamp,Intermediate,29.0,29,True,"At the top of the park, opposite The Stables cafe",https://ourparks.org.uk/borough/beginners-bootcamp-105138,Gladstone Park,NW2,London,Dollis Hill Lane,GB,51.5596147901,-0.236722632917,Brent,https://ourparks.org.uk/borough/brent-0,Laurène
105139,Beginners Bootcamp,2025-09-21 09:00:00+00:00,2025-09-21 10:00:00+00:00,PT60M,Bootcamp,Intermediate,29.0,29,True,"At the top of the park, opposite The Stables cafe",https://ourparks.org.uk/borough/beginners-bootcamp-105139,Gladstone Park,NW2,London,Dollis Hill Lane,GB,51.5596147901,-0.236722632917,Brent,https://ourparks.org.uk/borough/brent-0,Laurène
105140,Beginners Bootcamp,2025-09-28 09:00:00+00:00,2025-09-28 10:00:00+00:00,PT60M,Bootcamp,Intermediate,29.0,29,True,"At the top of the park, opposite The Stables cafe",https://ourparks.org.uk/borough/beginners-bootcamp-105140,Gladstone Park,NW2,London,Dollis Hill Lane,GB,51.5596147901,-0.236722632917,Brent,https://ourparks.org.uk/borough/brent-0,Laurène
105141,Beginners Bootcamp,2025-10-05 09:00:00+00:00,2025-10-05 10:00:00+00:00,PT60M,Bootcamp,Intermediate,29.0,29,True,"At the top of the park, opposite The Stables cafe",https://ourparks.org.uk/borough/beginners-bootcamp-105141,Gladstone Park,NW2,London,Dollis Hill Lane,GB,51.5596147901,-0.236722632917,Brent,https://ourparks.org.uk/borough/brent-0,Laurène
105143,Beginners Bootcamp,2025-10-19 09:00:00+00:00,2025-10-19 10:00:00+00:00,PT60M,Bootcamp,Intermediate,29.0,29,True,"At the top of the park, opposite The Stables cafe",https://ourparks.org.uk/borough/beginners-bootcamp-105143,Gladstone Park,NW2,London,Dollis Hill Lane,GB,51.5596147901,-0.236722632917,Brent,https://ourparks.org.uk/borough/brent-0,Laurène
105145,Beginners Bootcamp,2025-11-02 09:00:00+00:00,2025-11-02 10:00:00+00:00,PT60M,Bootcamp,Intermediate,29.0,29,True,"At the top of the park, opposite The Stables cafe",https://ourparks.org.uk/borough/beginners-bootcamp-105145,Gladstone Park,NW2,London,Dollis Hill Lane,GB,51.5596147901,-0.236722632917,Brent,https://ourparks.org.uk/borough/brent-0,Laurène
105146,Beginners Bootcamp,2025-11-09 09:00:00+00:00,2025-11-09 10:00:00+00:00,PT60M,Bootcamp,Intermediate,29.0,29,True,"At the top of the park, opposite The Stables cafe",https://ourparks.org.uk/borough/beginners-bootcamp-105146,Gladstone Park,NW2,London,Dollis Hill Lane,GB,51.5596147901,-0.236722632917,Brent,https://ourparks.org.uk/borough/brent-0,Laurène
105147,Beginners Bootcamp,2025-11-16 09:00:00+00:00,2025-11-16 10:00:00+00:00,PT60M,Bootcamp,Intermediate,29.0,29,True,"At the top of the park, opposite The Stables cafe",https://ourparks.org.uk/borough/beginners-bootcamp-105147,Gladstone Park,NW2,London,Dollis Hill Lane,GB,51.5596147901,-0.236722632917,Brent,https://ourparks.org.uk/borough/brent-0,Laurène
105148,Beginners Bootcamp,2025-11-23 09:00:00+00:00,2025-11-23 10:00:00+00:00,PT60M,Bootcamp,Intermediate,29.0,29,True,"At the top of the park, opposite The Stables cafe",https://ourparks.org.uk/borough/beginners-bootcamp-105148,Gladstone Park,NW2,London,Dollis Hill Lane,GB,51.5596147901,-0.236722632917,Brent,https://ourparks.org.uk/borough/brent-0,Laurène
105606,Bootcamp,2025-06-07 09:00:00+00:00,2025-06-07 10:00:00+00:00,PT60M,Bootcamp,Intermediate,30.0,30,True,By the Basketball court,https://ourparks.org.uk/borough/bootcamp-105606,Lloyd Park,E17 5JW,London,Forest Road,GB,51.594659049141,-0.020824090333,Waltham Forest,https://ourparks.org.uk/borough/waltham-forest,Born
104813,Bootcamp,2025-06-17 09:30:00+00:00,2025-06-17 10:30:00+00:00,PT60M,Bootcamp,Intermediate,29.0,29,True,The Playground,https://ourparks.org.uk/borough/bootcamp-104813,Barra Hall Park,UB3 2NH,London,Barra Hill Park,GB,51.5179777,-0.4235929,Hillingdon,https://ourparks.org.uk/borough/hillingdon,Karolina 
103848,Bootcamp,2025-06-14 09:00:00+00:00,2025-06-14 10:00:00+00:00,PT60M,Bootcamp,Intermediate,29.0,29,True,"The old football pitches, small pitch 5",https://ourparks.org.uk/borough/bootcamp-103848,Hyde Park,SW7 1SG,London,Old football pitches,GB,51.502586484832,-0.173725612847,The Royal Parks,https://ourparks.org.uk/borough/royal-parks,Inga
100416,Back to Exercise,2025-06-07 09:00:00+00:00,2025-06-07 10:00:00+00:00,PT60M,Abs/Core,Intermediate,29.0,29,True,The Bandstand,https://ourparks.org.uk/borough/back-exercise-100416,Queens Park,NW6 6LR,London,Kingswood Avenue,GB,51.5365323,-0.2092666,Brent,https://ourparks.org.uk/borough/brent-0,NROB 
103991,Bootcamp,2025-06-21 08:30:00+00:00,2025-06-21 09:30:00+00:00,PT60M,Bootcamp,Intermediate,29.0,29,True,Outdoor gym area,https://ourparks.org.uk/borough/bootcamp-103991,Queens Park Gardens,W10 4QH,London,Queen Park Gardens,GB,51.5284574,-0.2089447,City of Westminster,https://ourparks.org.uk/borough/city-westminster,Dec
103995,Bootcamp,2025-07-19 08:30:00+00:00,2025-07-19 09:30:00+00:00,PT60M,Bootcamp,Intermediate,29.0,29,True,Outdoor gym area,https://ourparks.org.uk/borough/bootcamp-103995,Queens Park Gardens,W10 4QH,London,Queen Park Gardens,GB,51.5284574,-0.2089447,City of Westminster,https://ourparks.org.uk/borough/city-westminster,Patrizia
103997,Bootcamp,2025-08-02 08:30:00+00:00,2025-08-02 09:30:00+00:00,PT60M,Bootcamp,Intermediate,29.0,29,True,Outdoor gym area,https://ourparks.org.uk/borough/bootcamp-103997,Queens Park Gardens,W10 4QH,London,Queen Park Gardens,GB,51.5284574,-0.2089447,City of Westminster,https://ourparks.org.uk/borough/city-westminster,Patrizia
103996,Bootcamp,2025-07-26 08:30:00+00:00,2025-07-26 09:30:00+00:00,PT60M,Bootcamp,Intermediate,29.0,29,True,Outdoor gym area,https://ourparks.org.uk/borough/bootcamp-103996,Queens Park Gardens,W10 4QH,London,Queen Park Gardens,GB,51.5284574,-0.2089447,City of Westminster,https://ourparks.org.uk/borough/city-westminster,Patrizia
103578,Beginners Bootcamp,2025-07-05 09:00:00+00:00,2025-07-05 10:00:00+00:00,PT60M,Bootcamp,Beginner,29.0,29,True,Fair Green - this is the green opposite Mitcham Market,https://ourparks.org.uk/borough/beginners-bootcamp-103578,Fair Green at Mitcham Market,CR4 2PF,Mitcham,2A Upper Green E,GB,51.4058202,-0.1638252,London Borough of Merton,https://ourparks.org.uk/borough/london-borough-merton,Tristan
103579,Beginners Bootcamp,2025-07-12 09:00:00+00:00,2025-07-12 10:00:00+00:00,PT60M,Bootcamp,Beginner,29.0,29,True,Fair Green - this is the green opposite Mitcham Market,https://ourparks.org.uk/borough/beginners-bootcamp-103579,Fair Green at Mitcham Market,CR4 2PF,Mitcham,2A Upper Green E,GB,51.4058202,-0.1638252,London Borough of Merton,https://ourparks.org.uk/borough/london-borough-merton,Tristan
103580,Beginners Bootcamp,2025-07-19 09:00:00+00:00,2025-07-19 10:00:00+00:00,PT60M,Bootcamp,Beginner,29.0,29,True,Fair Green - this is the green opposite Mitcham Market,https://ourparks.org.uk/borough/beginners-bootcamp-103580,Fair Green at Mitcham Market,CR4 2PF,Mitcham,2A Upper Green E,GB,51.4058202,-0.1638252,London Borough of Merton,https://ourparks.org.uk/borough/london-borough-merton,Tristan
105688,Beginners Bootcamp,2025-07-26 09:00:00+00:00,2025-07-26 10:00:00+00:00,PT60M,Bootcamp,Beginner,29.0,29,True,Fair Green - this is the green opposite Mitcham Market,https://ourparks.org.uk/borough/beginners-bootcamp-105688,Fair Green at Mitcham Market,CR4 2PF,Mitcham,2A Upper Green E,GB,51.4058202,-0.1638252,London Borough of Merton,https://ourparks.org.uk/borough/london-borough-merton,Tristan
105689,Beginners Bootcamp,2025-08-02 09:00:00+00:00,2025-08-02 10:00:00+00:00,PT60M,Bootcamp,Beginner,29.0,29,True,Fair Green - this is the green opposite Mitcham Market,https://ourparks.org.uk/borough/beginners-bootcamp-105689,Fair Green at Mitcham Market,CR4 2PF,Mitcham,2A Upper Green E,GB,51.4058202,-0.1638252,London Borough of Merton,https://ourparks.org.uk/borough/london-borough-merton,Tristan
105690,Beginners Bootcamp,2025-08-09 09:00:00+00:00,2025-08-09 10:00:00+00:00,PT60M,Bootcamp,Beginner,29.0,29,True,Fair Green - this is the green opposite Mitcham Market,https://ourparks.org.uk/borough/beginners-bootcamp-105690,Fair Green at Mitcham Market,CR4 2PF,Mitcham,2A Upper Green E,GB,51.4058202,-0.1638252,London Borough of Merton,https://ourparks.org.uk/borough/london-borough-merton,Tristan
105691,Beginners Bootcamp,2025-08-16 09:00:00+00:00,2025-08-16 10:00:00+00:00,PT60M,Bootcamp,Beginner,29.0,29,True,Fair Green - this is the green opposite Mitcham Market,https://ourparks.org.uk/borough/beginners-bootcamp-105691,Fair Green at Mitcham Market,CR4 2PF,Mitcham,2A Upper Green E,GB,51.4058202,-0.1638252,London Borough of Merton,https://ourparks.org.uk/borough/london-borough-merton,Tristan
105692,Beginners Bootcamp,2025-08-23 09:00:00+00:00,2025-08-23 10:00:00+00:00,PT60M,Bootcamp,Beginner,29.0,29,True,Fair Green - this is the green opposite Mitcham Market,https://ourparks.org.uk/borough/beginners-bootcamp-105692,Fair Green at Mitcham Market,CR4 2PF,Mitcham,2A Upper Green E,GB,51.4058202,-0.1638252,London Borough of Merton,https://ourparks.org.uk/borough/london-borough-merton,Tristan
105693,Beginners Bootcamp,2025-08-30 09:00:00+00:00,2025-08-30 10:00:00+00:00,PT60M,Bootcamp,Beginner,29.0,29,True,Fair Green - this is the green opposite Mitcham Market,https://ourparks.org.uk/borough/beginners-bootcamp-105693,Fair Green at Mitcham Market,CR4 2PF,Mitcham,2A Upper Green E,GB,51.4058202,-0.1638252,London Borough of Merton,https://ourparks.org.uk/borough/london-borough-merton,Tristan
105694,Beginners Bootcamp,2025-09-06 09:00:00+00:00,2025-09-06 10:00:00+00:00,PT60M,Bootcamp,Beginner,29.0,29,True,Fair Green - this is the green opposite Mitcham Market,https://ourparks.org.uk/borough/beginners-bootcamp-105694,Fair Green at Mitcham Market,CR4 2PF,Mitcham,2A Upper Green E,GB,51.4058202,-0.1638252,London Borough of Merton,https://ourparks.org.uk/borough/london-borough-merton,Tristan
105695,Beginners Bootcamp,2025-09-13 09:00:00+00:00,2025-09-13 10:00:00+00:00,PT60M,Bootcamp,Beginner,29.0,29,True,Fair Green - this is the green opposite Mitcham Market,https://ourparks.org.uk/borough/beginners-bootcamp-105695,Fair Green at Mitcham Market,CR4 2PF,Mitcham,2A Upper Green E,GB,51.4058202,-0.1638252,London Borough of Merton,https://ourparks.org.uk/borough/london-borough-merton,Tristan
105696,Beginners Bootcamp,2025-09-20 09:00:00+00:00,2025-09-20 10:00:00+00:00,PT60M,Bootcamp,Beginner,29.0,29,True,Fair Green - this is the green opposite Mitcham Market,https://ourparks.org.uk/borough/beginners-bootcamp-105696,Fair Green at Mitcham Market,CR4 2PF,Mitcham,2A Upper Green E,GB,51.4058202,-0.1638252,London Borough of Merton,https://ourparks.org.uk/borough/london-borough-merton,Tristan
105697,Beginners Bootcamp,2025-09-27 09:00:00+00:00,2025-09-27 10:00:00+00:00,PT60M,Bootcamp,Beginner,29.0,29,True,Fair Green - this is the green opposite Mitcham Market,https://ourparks.org.uk/borough/beginners-bootcamp-105697,Fair Green at Mitcham Market,CR4 2PF,Mitcham,2A Upper Green E,GB,51.4058202,-0.1638252,London Borough of Merton,https://ourparks.org.uk/borough/london-borough-merton,Tristan
105698,Beginners Bootcamp,2025-10-04 09:00:00+00:00,2025-10-04 10:00:00+00:00,PT60M,Bootcamp,Beginner,29.0,29,True,Fair Green - this is the green opposite Mitcham Market,https://ourparks.org.uk/borough/beginners-bootcamp-105698,Fair Green at Mitcham Market,CR4 2PF,Mitcham,2A Upper Green E,GB,51.4058202,-0.1638252,London Borough of Merton,https://ourparks.org.uk/borough/london-borough-merton,Tristan
105699,Beginners Bootcamp,2025-10-11 09:00:00+00:00,2025-10-11 10:00:00+00:00,PT60M,Bootcamp,Beginner,29.0,29,True,Fair Green - this is the green opposite Mitcham Market,https://ourparks.org.uk/borough/beginners-bootcamp-105699,Fair Green at Mitcham Market,CR4 2PF,Mitcham,2A Upper Green E,GB,51.4058202,-0.1638252,London Borough of Merton,https://ourparks.org.uk/borough/london-borough-merton,Tristan
105700,Beginners Bootcamp,2025-10-18 09:00:00+00:00,2025-10-18 10:00:00+00:00,PT60M,Bootcamp,Beginner,29.0,29,True,Fair Green - this is the green opposite Mitcham Market,https://ourparks.org.uk/borough/beginners-bootcamp-105700,Fair Green at Mitcham Market,CR4 2PF,Mitcham,2A Upper Green E,GB,51.4058202,-0.1638252,London Borough of Merton,https://ourparks.org.uk/borough/london-borough-merton,Tristan
105394,Low Impact Stretch,2025-09-02 13:00:00+00:00,2025-09-02 14:00:00+00:00,PT60M,Tai Chi,Beginner,11.0,11,True,Children’s area,https://ourparks.org.uk/borough/low-impact-stretch-105394,Kingsbury Library,NW9 9HE,London,522-524 Kingsbury Road,GB,51.5860156,-0.2765225,Brent,https://ourparks.org.uk/borough/brent-0,Dec
105395,Low Impact Stretch,2025-09-09 13:00:00+00:00,2025-09-09 14:00:00+00:00,PT60M,Tai Chi,Beginner,11.0,11,True,Children’s area,https://ourparks.org.uk/borough/low-impact-stretch-105395,Kingsbury Library,NW9 9HE,London,522-524 Kingsbury Road,GB,51.5860156,-0.2765225,Brent,https://ourparks.org.uk/borough/brent-0,Dec
105396,Low Impact Stretch,2025-09-16 13:00:00+00:00,2025-09-16 14:00:00+00:00,PT60M,Tai Chi,Beginner,11.0,11,True,Children’s area,https://ourparks.org.uk/borough/low-impact-stretch-105396,Kingsbury Library,NW9 9HE,London,522-524 Kingsbury Road,GB,51.5860156,-0.2765225,Brent,https://ourparks.org.uk/borough/brent-0,Dec
101118,Box Fit,2025-07-19 09:00:00+00:00,2025-07-19 10:00:00+00:00,PT60M,Boxing Fitness,Intermediate,29.0,29,True,By the Outdoor Gym,https://ourparks.org.uk/borough/box-fit-101118,Mabley Green,E9 5HS,London,"Stop E, Crowfoot Close",GB,51.548910987039,-0.029284231249,Hackney,https://ourparks.org.uk/borough/hackney,Albert
101119,Box Fit,2025-07-26 09:00:00+00:00,2025-07-26 10:00:00+00:00,PT60M,Boxing Fitness,Intermediate,29.0,29,True,By the Outdoor Gym,https://ourparks.org.uk/borough/box-fit-101119,Mabley Green,E9 5HS,London,"Stop E, Crowfoot Close",GB,51.548910987039,-0.029284231249,Hackney,https://ourparks.org.uk/borough/hackney,Albert
103577,Beginners Bootcamp,2025-06-28 09:00:00+00:00,2025-06-28 10:00:00+00:00,PT60M,Bootcamp,Beginner,29.0,29,True,Fair Green - this is the green opposite Mitcham Market,https://ourparks.org.uk/borough/beginners-bootcamp-103577,Fair Green at Mitcham Market,CR4 2PF,Mitcham,2A Upper Green E,GB,51.4058202,-0.1638252,London Borough of Merton,https://ourparks.org.uk/borough/london-borough-merton,Georgie
101166,Pilates,2025-06-21 09:30:00+00:00,2025-06-21 10:30:00+00:00,PT60M,Pilates,Intermediate,60.0,60,True,Field between the Victoria Park track & St Marks Gate,https://ourparks.org.uk/borough/pilates-101166,Victoria Park (LBTH),E9 5HT,London,Victoria Park,GB,51.539720884667,-0.030759174101,Tower Hamlets,https://ourparks.org.uk/borough/tower-hamlets,Sharron
103992,Bootcamp,2025-06-28 08:30:00+00:00,2025-06-28 09:30:00+00:00,PT60M,Bootcamp,Intermediate,29.0,29,True,Outdoor gym area,https://ourparks.org.uk/borough/bootcamp-103992,Queens Park Gardens,W10 4QH,London,Queen Park Gardens,GB,51.5284574,-0.2089447,City of Westminster,https://ourparks.org.uk/borough/city-westminster,Patrizia
103993,Bootcamp,2025-07-05 08:30:00+00:00,2025-07-05 09:30:00+00:00,PT60M,Bootcamp,Intermediate,29.0,29,True,Outdoor gym area,https://ourparks.org.uk/borough/bootcamp-103993,Queens Park Gardens,W10 4QH,London,Queen Park Gardens,GB,51.5284574,-0.2089447,City of Westminster,https://ourparks.org.uk/borough/city-westminster,Patrizia
104186,Box Fit,2025-06-29 08:00:00+00:00,2025-06-29 09:00:00+00:00,PT60M,Boxing Fitness,Intermediate,29.0,29,True,Fair Green - this is the green opposite Mitcham Market  - Please note we have a alternative location when raining.  Parkers please proceed to the multi story carpark in the Market Square (Red Building). We will be on the 5th Floor which is undercover,https://ourparks.org.uk/borough/box-fit-104186,Fair Green at Mitcham Market,CR4 2PF,Mitcham,2A Upper Green E,GB,51.4058202,-0.1638252,London Borough of Merton,https://ourparks.org.uk/borough/london-borough-merton,Georgie
103144,Beginners Bootcamp,2025-06-26 09:00:00+00:00,2025-06-26 10:00:00+00:00,PT60M,Bootcamp,Intermediate,29.0,29,True,"Green Space by the Workout bars, Calisthenic park, outdoor gym",https://ourparks.org.uk/borough/beginners-bootcamp-103144,North Millfields Recreation Ground,E5 0AR,London,North Millfields Recreation Ground,GB,51.562186281586,-0.047345057653,Hackney,https://ourparks.org.uk/borough/hackney,Albert
103145,Beginners Bootcamp,2025-07-03 09:00:00+00:00,2025-07-03 10:00:00+00:00,PT60M,Bootcamp,Intermediate,29.0,29,True,"Green Space by the Workout bars, Calisthenic park, outdoor gym",https://ourparks.org.uk/borough/beginners-bootcamp-103145,North Millfields Recreation Ground,E5 0AR,London,North Millfields Recreation Ground,GB,51.562186281586,-0.047345057653,Hackney,https://ourparks.org.uk/borough/hackney,Albert
103146,Beginners Bootcamp,2025-07-10 08:00:00+00:00,2025-07-10 09:00:00+00:00,PT60M,Bootcamp,Intermediate,29.0,29,True,"Green Space by the Workout bars, Calisthenic park, outdoor gym",https://ourparks.org.uk/borough/beginners-bootcamp-103146,North Millfields Recreation Ground,E5 0AR,London,North Millfields Recreation Ground,GB,51.562186281586,-0.047345057653,Hackney,https://ourparks.org.uk/borough/hackney,Iona
103147,Beginners Bootcamp,2025-07-17 08:00:00+00:00,2025-07-17 09:00:00+00:00,PT60M,Bootcamp,Intermediate,29.0,29,True,"Green Space by the Workout bars, Calisthenic park, outdoor gym",https://ourparks.org.uk/borough/beginners-bootcamp-103147,North Millfields Recreation Ground,E5 0AR,London,North Millfields Recreation Ground,GB,51.562186281586,-0.047345057653,Hackney,https://ourparks.org.uk/borough/hackney,Iona
103148,Beginners Bootcamp,2025-07-24 08:00:00+00:00,2025-07-24 09:00:00+00:00,PT60M,Bootcamp,Intermediate,29.0,29,True,"Green Space by the Workout bars, Calisthenic park, outdoor gym",https://ourparks.org.uk/borough/beginners-bootcamp-103148,North Millfields Recreation Ground,E5 0AR,London,North Millfields Recreation Ground,GB,51.562186281586,-0.047345057653,Hackney,https://ourparks.org.uk/borough/hackney,Iona
103450,"Legs, Bums & Tums (LBT)",2025-06-28 09:00:00+00:00,2025-06-28 10:00:00+00:00,PT60M,Abs/Core,Intermediate,29.0,29,True,"Green Space by the Workout bars, Calisthenic park, outdoor gym",https://ourparks.org.uk/borough/legs-bums-tums-lbt-103450,North Millfields Recreation Ground,E5 0AR,London,North Millfields Recreation Ground,GB,51.562186281586,-0.047345057653,Hackney,https://ourparks.org.uk/borough/hackney,Albert
103451,"Legs, Bums & Tums (LBT)",2025-07-05 09:00:00+00:00,2025-07-05 10:00:00+00:00,PT60M,Abs/Core,Intermediate,29.0,29,True,"Green Space by the Workout bars, Calisthenic park, outdoor gym",https://ourparks.org.uk/borough/legs-bums-tums-lbt-103451,North Millfields Recreation Ground,E5 0AR,London,North Millfields Recreation Ground,GB,51.562186281586,-0.047345057653,Hackney,https://ourparks.org.uk/borough/hackney,Iona
103453,"Legs, Bums & Tums (LBT)",2025-07-19 09:00:00+00:00,2025-07-19 10:00:00+00:00,PT60M,Abs/Core,Intermediate,29.0,29,True,"Green Space by the Workout bars, Calisthenic park, outdoor gym",https://ourparks.org.uk/borough/legs-bums-tums-lbt-103453,North Millfields Recreation Ground,E5 0AR,London,North Millfields Recreation Ground,GB,51.562186281586,-0.047345057653,Hackney,https://ourparks.org.uk/borough/hackney,Iona
103454,"Legs, Bums & Tums (LBT)",2025-07-26 09:00:00+00:00,2025-07-26 10:00:00+00:00,PT60M,Abs/Core,Intermediate,29.0,29,True,"Green Space by the Workout bars, Calisthenic park, outdoor gym",https://ourparks.org.uk/borough/legs-bums-tums-lbt-103454,North Millfields Recreation Ground,E5 0AR,London,North Millfields Recreation Ground,GB,51.562186281586,-0.047345057653,Hackney,https://ourparks.org.uk/borough/hackney,Iona
103202,Pilates,2025-04-28 17:30:00+00:00,2025-04-28 18:30:00+00:00,PT60M,Pilates,Intermediate,29.0,29,True,Outdoor Gym area,https://ourparks.org.uk/borough/pilates-103202,Victory Park (E20),E20 2ST,London,Victory Park,GB,51.546291703992,-0.00978845673,East Village,https://ourparks.org.uk/borough/east-village,Sharron
101067,Pilates,2025-07-26 09:00:00+00:00,2025-07-26 10:00:00+00:00,PT60M,Pilates,Intermediate,29.0,29,True,Field by the Boating Pavilion,https://ourparks.org.uk/borough/pilates-101067,Southwark Park,SE16 2UA,London,Boating Pavilion,GB,51.493371320076,-0.053755568621,London Borough of Southwark,https://ourparks.org.uk/borough/london-borough-southwark,Sharron
102298,HIIT,2025-06-21 09:00:00+00:00,2025-06-21 10:00:00+00:00,PT60M,HIIT,Intermediate,29.0,29,True,Parliament Hill end of the Heath by the mown grass area next to the bandstand,https://ourparks.org.uk/borough/hiit-102298,Hampstead Heath,NW5 1QY,London,Hampstead Heath Highgate Rd,GB,51.559276267073,-0.15334605909,Camden,https://ourparks.org.uk/borough/camden,Qaiys
105023,Full Body Circuit,2025-06-28 09:00:00+00:00,2025-06-28 10:00:00+00:00,PT60M,Bootcamp,Intermediate,29.0,29,True,Outdoor Gym area,https://ourparks.org.uk/borough/full-body-circuit-105023,Roe Green Park,NW9 9HA,London,Kingsbury High Road Kingsbury,GB,51.586109971363,-0.269687067103,Brent,https://ourparks.org.uk/borough/brent-0,Dec
103723,Full Body Workout,2025-06-21 08:00:00+00:00,2025-06-21 09:00:00+00:00,PT60M,Bootcamp,Intermediate,29.0,29,True,The main entrance,https://ourparks.org.uk/borough/full-body-workout-103723,London Welsh RFC,TW9 2AZ,Richmond,Old Deer Park Sports Grounds,GB,51.4687957,-0.2952569,Richmond Upon Thames,https://ourparks.org.uk/borough/richmond-upon-thames,NROB 
105608,Full Body HIIT,2025-06-14 09:00:00+00:00,2025-06-14 10:00:00+00:00,PT60M,Pilates,Intermediate,29.0,29,True,By the Basketball court,https://ourparks.org.uk/borough/full-body-hiit-105608,Lloyd Park,E17 5JW,London,Forest Road,GB,51.594659049141,-0.020824090333,Waltham Forest,https://ourparks.org.uk/borough/waltham-forest,Lauren
105609,Full Body HIIT,2025-06-21 09:00:00+00:00,2025-06-21 10:00:00+00:00,PT60M,Pilates,Intermediate,29.0,29,True,By the Basketball court,https://ourparks.org.uk/borough/full-body-hiit-105609,Lloyd Park,E17 5JW,London,Forest Road,GB,51.594659049141,-0.020824090333,Waltham Forest,https://ourparks.org.uk/borough/waltham-forest,Lauren
105610,Full Body HIIT,2025-06-28 09:00:00+00:00,2025-06-28 10:00:00+00:00,PT60M,Pilates,Intermediate,29.0,29,True,By the Basketball court,https://ourparks.org.uk/borough/full-body-hiit-105610,Lloyd Park,E17 5JW,London,Forest Road,GB,51.594659049141,-0.020824090333,Waltham Forest,https://ourparks.org.uk/borough/waltham-forest,Lauren
105611,Full Body HIIT,2025-07-05 09:00:00+00:00,2025-07-05 10:00:00+00:00,PT60M,Pilates,Intermediate,29.0,29,True,By the Basketball court,https://ourparks.org.uk/borough/full-body-hiit-105611,Lloyd Park,E17 5JW,London,Forest Road,GB,51.594659049141,-0.020824090333,Waltham Forest,https://ourparks.org.uk/borough/waltham-forest,Lauren
102634,Strength building class,2025-06-27 13:00:00+00:00,2025-06-27 14:00:00+00:00,PT60M,Yoga,Beginner,15.0,15,True,Carolyn Downs Community Room,https://ourparks.org.uk/borough/strength-building-class-102634,Harlesden Library,NW10 8SE,Harlesden,Craven Park Road,GB,51.538725110209,-0.25043846365,Brent,https://ourparks.org.uk/borough/brent-0,Dec
105890,Beginners Bootcamp,2025-08-28 08:00:00+00:00,2025-08-28 09:00:00+00:00,PT60M,Bootcamp,Intermediate,29.0,29,True,"Green Space by the Workout bars, Calisthenic park, outdoor gym",https://ourparks.org.uk/borough/beginners-bootcamp-105890,North Millfields Recreation Ground,E5 0AR,London,North Millfields Recreation Ground,GB,51.562186281586,-0.047345057653,Hackney,https://ourparks.org.uk/borough/hackney,Iona
105892,Beginners Bootcamp,2025-09-11 08:00:00+00:00,2025-09-11 09:00:00+00:00,PT60M,Bootcamp,Intermediate,29.0,29,True,"Green Space by the Workout bars, Calisthenic park, outdoor gym",https://ourparks.org.uk/borough/beginners-bootcamp-105892,North Millfields Recreation Ground,E5 0AR,London,North Millfields Recreation Ground,GB,51.562186281586,-0.047345057653,Hackney,https://ourparks.org.uk/borough/hackney,Iona
105893,Beginners Bootcamp,2025-09-18 08:00:00+00:00,2025-09-18 09:00:00+00:00,PT60M,Bootcamp,Intermediate,29.0,29,True,"Green Space by the Workout bars, Calisthenic park, outdoor gym",https://ourparks.org.uk/borough/beginners-bootcamp-105893,North Millfields Recreation Ground,E5 0AR,London,North Millfields Recreation Ground,GB,51.562186281586,-0.047345057653,Hackney,https://ourparks.org.uk/borough/hackney,Iona
105894,Beginners Bootcamp,2025-09-25 08:00:00+00:00,2025-09-25 09:00:00+00:00,PT60M,Bootcamp,Intermediate,29.0,29,True,"Green Space by the Workout bars, Calisthenic park, outdoor gym",https://ourparks.org.uk/borough/beginners-bootcamp-105894,North Millfields Recreation Ground,E5 0AR,London,North Millfields Recreation Ground,GB,51.562186281586,-0.047345057653,Hackney,https://ourparks.org.uk/borough/hackney,Iona
105922,"Legs, Bums & Tums (LBT)",2025-08-23 09:00:00+00:00,2025-08-23 10:00:00+00:00,PT60M,Abs/Core,Intermediate,29.0,29,True,"Green Space by the Workout bars, Calisthenic park, outdoor gym",https://ourparks.org.uk/borough/legs-bums-tums-lbt-105922,North Millfields Recreation Ground,E5 0AR,London,North Millfields Recreation Ground,GB,51.562186281586,-0.047345057653,Hackney,https://ourparks.org.uk/borough/hackney,Iona
105923,"Legs, Bums & Tums (LBT)",2025-08-30 09:00:00+00:00,2025-08-30 10:00:00+00:00,PT60M,Abs/Core,Intermediate,29.0,29,True,"Green Space by the Workout bars, Calisthenic park, outdoor gym",https://ourparks.org.uk/borough/legs-bums-tums-lbt-105923,North Millfields Recreation Ground,E5 0AR,London,North Millfields Recreation Ground,GB,51.562186281586,-0.047345057653,Hackney,https://ourparks.org.uk/borough/hackney,Iona
105924,"Legs, Bums & Tums (LBT)",2025-09-06 09:00:00+00:00,2025-09-06 10:00:00+00:00,PT60M,Abs/Core,Intermediate,29.0,29,True,"Green Space by the Workout bars, Calisthenic park, outdoor gym",https://ourparks.org.uk/borough/legs-bums-tums-lbt-105924,North Millfields Recreation Ground,E5 0AR,London,North Millfields Recreation Ground,GB,51.562186281586,-0.047345057653,Hackney,https://ourparks.org.uk/borough/hackney,Iona
105925,"Legs, Bums & Tums (LBT)",2025-09-13 09:00:00+00:00,2025-09-13 10:00:00+00:00,PT60M,Abs/Core,Intermediate,29.0,29,True,"Green Space by the Workout bars, Calisthenic park, outdoor gym",https://ourparks.org.uk/borough/legs-bums-tums-lbt-105925,North Millfields Recreation Ground,E5 0AR,London,North Millfields Recreation Ground,GB,51.562186281586,-0.047345057653,Hackney,https://ourparks.org.uk/borough/hackney,Iona
105927,"Legs, Bums & Tums (LBT)",2025-09-27 09:00:00+00:00,2025-09-27 10:00:00+00:00,PT60M,Abs/Core,Intermediate,29.0,29,True,"Green Space by the Workout bars, Calisthenic park, outdoor gym",https://ourparks.org.uk/borough/legs-bums-tums-lbt-105927,North Millfields Recreation Ground,E5 0AR,London,North Millfields Recreation Ground,GB,51.562186281586,-0.047345057653,Hackney,https://ourparks.org.uk/borough/hackney,Iona
105955,Bootcamp,2025-07-05 08:30:00+00:00,2025-07-05 09:30:00+00:00,PT60M,Bootcamp,Intermediate,29.0,29,True,Beddington Park car park (South),https://ourparks.org.uk/borough/bootcamp-105955,Beddington Park,SM6 7NN,Wallington,Church Road,GB,51.369874622426,-0.147107063538,Sutton,https://ourparks.org.uk/borough/sutton,Premika
105956,Bootcamp,2025-07-12 08:30:00+00:00,2025-07-12 09:30:00+00:00,PT60M,Bootcamp,Intermediate,29.0,29,True,Beddington Park car park (South),https://ourparks.org.uk/borough/bootcamp-105956,Beddington Park,SM6 7NN,Wallington,Church Road,GB,51.369874622426,-0.147107063538,Sutton,https://ourparks.org.uk/borough/sutton,Premika
105958,Bootcamp,2025-07-26 08:30:00+00:00,2025-07-26 09:30:00+00:00,PT60M,Bootcamp,Intermediate,29.0,29,True,Beddington Park car park (South),https://ourparks.org.uk/borough/bootcamp-105958,Beddington Park,SM6 7NN,Wallington,Church Road,GB,51.369874622426,-0.147107063538,Sutton,https://ourparks.org.uk/borough/sutton,Premika
105959,Bootcamp,2025-07-05 09:00:00+00:00,2025-07-05 10:00:00+00:00,PT60M,Bootcamp,Intermediate,29.0,29,True,Hard surface by Kids Play Area near car park,https://ourparks.org.uk/borough/bootcamp-105959,Hoblingwell Wood Recreation Ground,BR5 2QB,Orpington,Hoblingwell Recreation Ground,GB,51.402261016538,0.099742592442,Bromley,https://ourparks.org.uk/borough/bromley,Jo
105960,Bootcamp,2025-07-12 09:00:00+00:00,2025-07-12 10:00:00+00:00,PT60M,Bootcamp,Intermediate,29.0,29,True,Hard surface by Kids Play Area near car park,https://ourparks.org.uk/borough/bootcamp-105960,Hoblingwell Wood Recreation Ground,BR5 2QB,Orpington,Hoblingwell Recreation Ground,GB,51.402261016538,0.099742592442,Bromley,https://ourparks.org.uk/borough/bromley,Jo
105961,Bootcamp,2025-07-19 09:00:00+00:00,2025-07-19 10:00:00+00:00,PT60M,Bootcamp,Intermediate,29.0,29,True,Hard surface by Kids Play Area near car park,https://ourparks.org.uk/borough/bootcamp-105961,Hoblingwell Wood Recreation Ground,BR5 2QB,Orpington,Hoblingwell Recreation Ground,GB,51.402261016538,0.099742592442,Bromley,https://ourparks.org.uk/borough/bromley,Jo
105962,Bootcamp,2025-07-26 09:00:00+00:00,2025-07-26 10:00:00+00:00,PT60M,Bootcamp,Intermediate,29.0,29,True,Hard surface by Kids Play Area near car park,https://ourparks.org.uk/borough/bootcamp-105962,Hoblingwell Wood Recreation Ground,BR5 2QB,Orpington,Hoblingwell Recreation Ground,GB,51.402261016538,0.099742592442,Bromley,https://ourparks.org.uk/borough/bromley,Jo
105963,Bootcamp,2025-07-05 08:45:00+00:00,2025-07-05 09:45:00+00:00,PT60M,Bootcamp,Intermediate,0.0,0,True,Meeting by the playground swing park in Slade Green Recreational Ground,https://ourparks.org.uk/borough/bootcamp-105963,Slade Green Recreational Ground,DA8 2LX,Bexley,Slade Green,GB,51.469708263156,0.198783354461,London Borough of Bexley,https://ourparks.org.uk/borough/london-borough-bexley,Danni
105964,Bootcamp,2025-07-12 08:45:00+00:00,2025-07-12 09:45:00+00:00,PT60M,Bootcamp,Intermediate,0.0,0,True,Meeting by the playground swing park in Slade Green Recreational Ground,https://ourparks.org.uk/borough/bootcamp-105964,Slade Green Recreational Ground,DA8 2LX,Bexley,Slade Green,GB,51.469708263156,0.198783354461,London Borough of Bexley,https://ourparks.org.uk/borough/london-borough-bexley,Danni
105966,Bootcamp,2025-07-26 08:45:00+00:00,2025-07-26 09:45:00+00:00,PT60M,Bootcamp,Intermediate,0.0,0,True,Meeting by the playground swing park in Slade Green Recreational Ground,https://ourparks.org.uk/borough/bootcamp-105966,Slade Green Recreational Ground,DA8 2LX,Bexley,Slade Green,GB,51.469708263156,0.198783354461,London Borough of Bexley,https://ourparks.org.uk/borough/london-borough-bexley,Danni
105895,Beginners Bootcamp,2025-10-02 08:00:00+00:00,2025-10-02 09:00:00+00:00,PT60M,Bootcamp,Intermediate,29.0,29,True,Green space across Lee Valley Park Bridge,https://ourparks.org.uk/borough/beginners-bootcamp-105895,Walthamstow Marshes,E10 7QL,London,Lea Bridge Road,GB,51.564823676338,-0.045328683324,Waltham Forest,https://ourparks.org.uk/borough/waltham-forest,Iona
105896,Beginners Bootcamp,2025-10-09 08:00:00+00:00,2025-10-09 09:00:00+00:00,PT60M,Bootcamp,Intermediate,29.0,29,True,Green space across Lee Valley Park Bridge,https://ourparks.org.uk/borough/beginners-bootcamp-105896,Walthamstow Marshes,E10 7QL,London,Lea Bridge Road,GB,51.564823676338,-0.045328683324,Waltham Forest,https://ourparks.org.uk/borough/waltham-forest,Iona
105897,Beginners Bootcamp,2025-10-16 08:00:00+00:00,2025-10-16 09:00:00+00:00,PT60M,Bootcamp,Intermediate,29.0,29,True,Green space across Lee Valley Park Bridge,https://ourparks.org.uk/borough/beginners-bootcamp-105897,Walthamstow Marshes,E10 7QL,London,Lea Bridge Road,GB,51.564823676338,-0.045328683324,Waltham Forest,https://ourparks.org.uk/borough/waltham-forest,Iona
105898,Beginners Bootcamp,2025-10-23 08:00:00+00:00,2025-10-23 09:00:00+00:00,PT60M,Bootcamp,Intermediate,29.0,29,True,Green space across Lee Valley Park Bridge,https://ourparks.org.uk/borough/beginners-bootcamp-105898,Walthamstow Marshes,E10 7QL,London,Lea Bridge Road,GB,51.564823676338,-0.045328683324,Waltham Forest,https://ourparks.org.uk/borough/waltham-forest,Iona
105899,Beginners Bootcamp,2025-10-30 08:00:00+00:00,2025-10-30 09:00:00+00:00,PT60M,Bootcamp,Intermediate,29.0,29,True,Green space across Lee Valley Park Bridge,https://ourparks.org.uk/borough/beginners-bootcamp-105899,Walthamstow Marshes,E10 7QL,London,Lea Bridge Road,GB,51.564823676338,-0.045328683324,Waltham Forest,https://ourparks.org.uk/borough/waltham-forest,Iona
105901,Beginners Bootcamp,2025-11-13 08:00:00+00:00,2025-11-13 09:00:00+00:00,PT60M,Bootcamp,Intermediate,29.0,29,True,Green space across Lee Valley Park Bridge,https://ourparks.org.uk/borough/beginners-bootcamp-105901,Walthamstow Marshes,E10 7QL,London,Lea Bridge Road,GB,51.564823676338,-0.045328683324,Waltham Forest,https://ourparks.org.uk/borough/waltham-forest,Iona
105902,Beginners Bootcamp,2025-11-20 08:00:00+00:00,2025-11-20 09:00:00+00:00,PT60M,Bootcamp,Intermediate,29.0,29,True,Green space across Lee Valley Park Bridge,https://ourparks.org.uk/borough/beginners-bootcamp-105902,Walthamstow Marshes,E10 7QL,London,Lea Bridge Road,GB,51.564823676338,-0.045328683324,Waltham Forest,https://ourparks.org.uk/borough/waltham-forest,Iona
105903,Beginners Bootcamp,2025-11-27 08:00:00+00:00,2025-11-27 09:00:00+00:00,PT60M,Bootcamp,Intermediate,29.0,29,True,Green space across Lee Valley Park Bridge,https://ourparks.org.uk/borough/beginners-bootcamp-105903,Walthamstow Marshes,E10 7QL,London,Lea Bridge Road,GB,51.564823676338,-0.045328683324,Waltham Forest,https://ourparks.org.uk/borough/waltham-forest,Iona
105904,Beginners Bootcamp,2025-12-04 08:00:00+00:00,2025-12-04 09:00:00+00:00,PT60M,Bootcamp,Intermediate,29.0,29,True,Green space across Lee Valley Park Bridge,https://ourparks.org.uk/borough/beginners-bootcamp-105904,Walthamstow Marshes,E10 7QL,London,Lea Bridge Road,GB,51.564823676338,-0.045328683324,Waltham Forest,https://ourparks.org.uk/borough/waltham-forest,Iona
105905,Beginners Bootcamp,2025-12-11 08:00:00+00:00,2025-12-11 09:00:00+00:00,PT60M,Bootcamp,Intermediate,29.0,29,True,Green space across Lee Valley Park Bridge,https://ourparks.org.uk/borough/beginners-bootcamp-105905,Walthamstow Marshes,E10 7QL,London,Lea Bridge Road,GB,51.564823676338,-0.045328683324,Waltham Forest,https://ourparks.org.uk/borough/waltham-forest,Iona
105909,Beginners Bootcamp,2026-01-08 08:00:00+00:00,2026-01-08 09:00:00+00:00,PT60M,Bootcamp,Intermediate,29.0,29,True,Green space across Lee Valley Park Bridge,https://ourparks.org.uk/borough/beginners-bootcamp-105909,Walthamstow Marshes,E10 7QL,London,Lea Bridge Road,GB,51.564823676338,-0.045328683324,Waltham Forest,https://ourparks.org.uk/borough/waltham-forest,Iona
105910,Beginners Bootcamp,2026-01-15 08:00:00+00:00,2026-01-15 09:00:00+00:00,PT60M,Bootcamp,Intermediate,29.0,29,True,Green space across Lee Valley Park Bridge,https://ourparks.org.uk/borough/beginners-bootcamp-105910,Walthamstow Marshes,E10 7QL,London,Lea Bridge Road,GB,51.564823676338,-0.045328683324,Waltham Forest,https://ourparks.org.uk/borough/waltham-forest,Iona
105911,Beginners Bootcamp,2026-01-22 08:00:00+00:00,2026-01-22 09:00:00+00:00,PT60M,Bootcamp,Intermediate,29.0,29,True,Green space across Lee Valley Park Bridge,https://ourparks.org.uk/borough/beginners-bootcamp-105911,Walthamstow Marshes,E10 7QL,London,Lea Bridge Road,GB,51.564823676338,-0.045328683324,Waltham Forest,https://ourparks.org.uk/borough/waltham-forest,Iona
105916,Beginners Bootcamp,2026-02-26 08:00:00+00:00,2026-02-26 09:00:00+00:00,PT60M,Bootcamp,Intermediate,29.0,29,True,Green space across Lee Valley Park Bridge,https://ourparks.org.uk/borough/beginners-bootcamp-105916,Walthamstow Marshes,E10 7QL,London,Lea Bridge Road,GB,51.564823676338,-0.045328683324,Waltham Forest,https://ourparks.org.uk/borough/waltham-forest,Iona
105917,Beginners Bootcamp,2026-03-05 08:00:00+00:00,2026-03-05 09:00:00+00:00,PT60M,Bootcamp,Intermediate,29.0,29,True,Green space across Lee Valley Park Bridge,https://ourparks.org.uk/borough/beginners-bootcamp-105917,Walthamstow Marshes,E10 7QL,London,Lea Bridge Road,GB,51.564823676338,-0.045328683324,Waltham Forest,https://ourparks.org.uk/borough/waltham-forest,Iona
105918,Beginners Bootcamp,2026-03-12 08:00:00+00:00,2026-03-12 09:00:00+00:00,PT60M,Bootcamp,Intermediate,29.0,29,True,Green space across Lee Valley Park Bridge,https://ourparks.org.uk/borough/beginners-bootcamp-105918,Walthamstow Marshes,E10 7QL,London,Lea Bridge Road,GB,51.564823676338,-0.045328683324,Waltham Forest,https://ourparks.org.uk/borough/waltham-forest,Iona
105919,Beginners Bootcamp,2026-03-19 08:00:00+00:00,2026-03-19 09:00:00+00:00,PT60M,Bootcamp,Intermediate,29.0,29,True,Green space across Lee Valley Park Bridge,https://ourparks.org.uk/borough/beginners-bootcamp-105919,Walthamstow Marshes,E10 7QL,London,Lea Bridge Road,GB,51.564823676338,-0.045328683324,Waltham Forest,https://ourparks.org.uk/borough/waltham-forest,Iona
105953,Beginners Bootcamp,2026-03-26 08:00:00+00:00,2026-03-26 09:00:00+00:00,PT60M,Bootcamp,Intermediate,29.0,29,True,Green space across Lee Valley Park Bridge,https://ourparks.org.uk/borough/beginners-bootcamp-105953,Walthamstow Marshes,E10 7QL,London,Lea Bridge Road,GB,51.564823676338,-0.045328683324,Waltham Forest,https://ourparks.org.uk/borough/waltham-forest,Iona
105928,"Legs, Bums & Tums (LBT)",2025-10-04 09:00:00+00:00,2025-10-04 10:00:00+00:00,PT60M,Abs/Core,Intermediate,29.0,29,True,Green space across Lee Valley Park Bridge,https://ourparks.org.uk/borough/legs-bums-tums-lbt-105928,Walthamstow Marshes,E10 7QL,London,Lea Bridge Road,GB,51.564823676338,-0.045328683324,Waltham Forest,https://ourparks.org.uk/borough/waltham-forest,Iona
105929,"Legs, Bums & Tums (LBT)",2025-10-11 09:00:00+00:00,2025-10-11 10:00:00+00:00,PT60M,Abs/Core,Intermediate,29.0,29,True,Green space across Lee Valley Park Bridge,https://ourparks.org.uk/borough/legs-bums-tums-lbt-105929,Walthamstow Marshes,E10 7QL,London,Lea Bridge Road,GB,51.564823676338,-0.045328683324,Waltham Forest,https://ourparks.org.uk/borough/waltham-forest,Iona
105930,"Legs, Bums & Tums (LBT)",2025-10-18 09:00:00+00:00,2025-10-18 10:00:00+00:00,PT60M,Abs/Core,Intermediate,29.0,29,True,Green space across Lee Valley Park Bridge,https://ourparks.org.uk/borough/legs-bums-tums-lbt-105930,Walthamstow Marshes,E10 7QL,London,Lea Bridge Road,GB,51.564823676338,-0.045328683324,Waltham Forest,https://ourparks.org.uk/borough/waltham-forest,Iona
105931,"Legs, Bums & Tums (LBT)",2025-10-25 09:00:00+00:00,2025-10-25 10:00:00+00:00,PT60M,Abs/Core,Intermediate,29.0,29,True,Green space across Lee Valley Park Bridge,https://ourparks.org.uk/borough/legs-bums-tums-lbt-105931,Walthamstow Marshes,E10 7QL,London,Lea Bridge Road,GB,51.564823676338,-0.045328683324,Waltham Forest,https://ourparks.org.uk/borough/waltham-forest,Iona
105933,"Legs, Bums & Tums (LBT)",2025-11-08 09:00:00+00:00,2025-11-08 10:00:00+00:00,PT60M,Abs/Core,Intermediate,29.0,29,True,Green space across Lee Valley Park Bridge,https://ourparks.org.uk/borough/legs-bums-tums-lbt-105933,Walthamstow Marshes,E10 7QL,London,Lea Bridge Road,GB,51.564823676338,-0.045328683324,Waltham Forest,https://ourparks.org.uk/borough/waltham-forest,Iona
105934,"Legs, Bums & Tums (LBT)",2025-11-15 09:00:00+00:00,2025-11-15 10:00:00+00:00,PT60M,Abs/Core,Intermediate,29.0,29,True,Green space across Lee Valley Park Bridge,https://ourparks.org.uk/borough/legs-bums-tums-lbt-105934,Walthamstow Marshes,E10 7QL,London,Lea Bridge Road,GB,51.564823676338,-0.045328683324,Waltham Forest,https://ourparks.org.uk/borough/waltham-forest,Iona
105935,"Legs, Bums & Tums (LBT)",2025-11-22 09:00:00+00:00,2025-11-22 10:00:00+00:00,PT60M,Abs/Core,Intermediate,29.0,29,True,Green space across Lee Valley Park Bridge,https://ourparks.org.uk/borough/legs-bums-tums-lbt-105935,Walthamstow Marshes,E10 7QL,London,Lea Bridge Road,GB,51.564823676338,-0.045328683324,Waltham Forest,https://ourparks.org.uk/borough/waltham-forest,Iona
105937,"Legs, Bums & Tums (LBT)",2025-12-06 09:00:00+00:00,2025-12-06 10:00:00+00:00,PT60M,Abs/Core,Intermediate,29.0,29,True,Green space across Lee Valley Park Bridge,https://ourparks.org.uk/borough/legs-bums-tums-lbt-105937,Walthamstow Marshes,E10 7QL,London,Lea Bridge Road,GB,51.564823676338,-0.045328683324,Waltham Forest,https://ourparks.org.uk/borough/waltham-forest,Iona
105942,"Legs, Bums & Tums (LBT)",2026-01-10 09:00:00+00:00,2026-01-10 10:00:00+00:00,PT60M,Abs/Core,Intermediate,29.0,29,True,Green space across Lee Valley Park Bridge,https://ourparks.org.uk/borough/legs-bums-tums-lbt-105942,Walthamstow Marshes,E10 7QL,London,Lea Bridge Road,GB,51.564823676338,-0.045328683324,Waltham Forest,https://ourparks.org.uk/borough/waltham-forest,Iona
105943,"Legs, Bums & Tums (LBT)",2026-01-17 09:00:00+00:00,2026-01-17 10:00:00+00:00,PT60M,Abs/Core,Intermediate,29.0,29,True,Green space across Lee Valley Park Bridge,https://ourparks.org.uk/borough/legs-bums-tums-lbt-105943,Walthamstow Marshes,E10 7QL,London,Lea Bridge Road,GB,51.564823676338,-0.045328683324,Waltham Forest,https://ourparks.org.uk/borough/waltham-forest,Iona
105944,"Legs, Bums & Tums (LBT)",2026-01-24 09:00:00+00:00,2026-01-24 10:00:00+00:00,PT60M,Abs/Core,Intermediate,29.0,29,True,Green space across Lee Valley Park Bridge,https://ourparks.org.uk/borough/legs-bums-tums-lbt-105944,Walthamstow Marshes,E10 7QL,London,Lea Bridge Road,GB,51.564823676338,-0.045328683324,Waltham Forest,https://ourparks.org.uk/borough/waltham-forest,Iona
105949,"Legs, Bums & Tums (LBT)",2026-02-28 09:00:00+00:00,2026-02-28 10:00:00+00:00,PT60M,Abs/Core,Intermediate,29.0,29,True,Green space across Lee Valley Park Bridge,https://ourparks.org.uk/borough/legs-bums-tums-lbt-105949,Walthamstow Marshes,E10 7QL,London,Lea Bridge Road,GB,51.564823676338,-0.045328683324,Waltham Forest,https://ourparks.org.uk/borough/waltham-forest,Iona
105951,"Legs, Bums & Tums (LBT)",2026-03-14 09:00:00+00:00,2026-03-14 10:00:00+00:00,PT60M,Abs/Core,Intermediate,29.0,29,True,Green space across Lee Valley Park Bridge,https://ourparks.org.uk/borough/legs-bums-tums-lbt-105951,Walthamstow Marshes,E10 7QL,London,Lea Bridge Road,GB,51.564823676338,-0.045328683324,Waltham Forest,https://ourparks.org.uk/borough/waltham-forest,Iona
105952,"Legs, Bums & Tums (LBT)",2026-03-21 09:00:00+00:00,2026-03-21 10:00:00+00:00,PT60M,Abs/Core,Intermediate,29.0,29,True,Green space across Lee Valley Park Bridge,https://ourparks.org.uk/borough/legs-bums-tums-lbt-105952,Walthamstow Marshes,E10 7QL,London,Lea Bridge Road,GB,51.564823676338,-0.045328683324,Waltham Forest,https://ourparks.org.uk/borough/waltham-forest,Iona
105954,"Legs, Bums & Tums (LBT)",2026-03-28 09:00:00+00:00,2026-03-28 10:00:00+00:00,PT60M,Abs/Core,Intermediate,29.0,29,True,Green space across Lee Valley Park Bridge,https://ourparks.org.uk/borough/legs-bums-tums-lbt-105954,Walthamstow Marshes,E10 7QL,London,Lea Bridge Road,GB,51.564823676338,-0.045328683324,Waltham Forest,https://ourparks.org.uk/borough/waltham-forest,Iona
106029,Beginners Bootcamp,2025-07-05 10:00:00+00:00,2025-07-05 11:00:00+00:00,PT60M,Bootcamp,Intermediate,30.0,30,True,Childrens Play area,https://ourparks.org.uk/borough/beginners-bootcamp-106029,"King Edward VII Park - Wembley, HA9 7QS",HA9 7QS,Wembley,56 The Dene,GB,51.557962737092,-0.2950736601,Brent,https://ourparks.org.uk/borough/brent-0,Alvin
103724,Full Body Workout,2025-06-28 08:00:00+00:00,2025-06-28 09:00:00+00:00,PT60M,Bootcamp,Intermediate,29.0,29,True,The main entrance,https://ourparks.org.uk/borough/full-body-workout-103724,London Welsh RFC,TW9 2AZ,Richmond,Old Deer Park Sports Grounds,GB,51.4687957,-0.2952569,Richmond Upon Thames,https://ourparks.org.uk/borough/richmond-upon-thames,NROB 
103725,Full Body Workout,2025-07-05 08:00:00+00:00,2025-07-05 09:00:00+00:00,PT60M,Bootcamp,Intermediate,29.0,29,True,The main entrance,https://ourparks.org.uk/borough/full-body-workout-103725,London Welsh RFC,TW9 2AZ,Richmond,Old Deer Park Sports Grounds,GB,51.4687957,-0.2952569,Richmond Upon Thames,https://ourparks.org.uk/borough/richmond-upon-thames,Inga
103994,Bootcamp,2025-07-12 08:30:00+00:00,2025-07-12 09:30:00+00:00,PT60M,Bootcamp,Intermediate,29.0,29,True,Outdoor gym area,https://ourparks.org.uk/borough/bootcamp-103994,Queens Park Gardens,W10 4QH,London,Queen Park Gardens,GB,51.5284574,-0.2089447,City of Westminster,https://ourparks.org.uk/borough/city-westminster,Patrizia
105781,Beginners Bootcamp,2025-07-05 09:00:00+00:00,2025-07-05 10:00:00+00:00,PT60M,Bootcamp,Intermediate,30.0,30,True,"Open air training area, near Lido",https://ourparks.org.uk/borough/beginners-bootcamp-105781,Brockwell Park,SE24 0PA,London,Brockwell Park,GB,51.452290766375,-0.105533454431,London Borough of Lambeth,https://ourparks.org.uk/borough/london-borough-lambeth,Srikrupa 
103452,"Legs, Bums & Tums (LBT)",2025-07-12 09:00:00+00:00,2025-07-12 10:00:00+00:00,PT60M,Abs/Core,Intermediate,29.0,29,True,"Green Space by the Workout bars, Calisthenic park, outdoor gym",https://ourparks.org.uk/borough/legs-bums-tums-lbt-103452,North Millfields Recreation Ground,E5 0AR,London,North Millfields Recreation Ground,GB,51.562186281586,-0.047345057653,Hackney,https://ourparks.org.uk/borough/hackney,Albert
105834,Back to Exercise,2025-07-09 17:30:00+00:00,2025-07-09 18:30:00+00:00,PT60M,Group Exercise,Intermediate,30.0,30,True,"Green Space, to the right of the Lido",https://ourparks.org.uk/borough/back-exercise-105834,Brockwell Park,SE24 0PA,London,Brockwell Park,GB,51.452290766375,-0.105533454431,London Borough of Lambeth,https://ourparks.org.uk/borough/london-borough-lambeth,Inga
105835,Back to Exercise,2025-07-16 17:30:00+00:00,2025-07-16 18:30:00+00:00,PT60M,Group Exercise,Intermediate,30.0,30,True,"Green Space, to the right of the Lido",https://ourparks.org.uk/borough/back-exercise-105835,Brockwell Park,SE24 0PA,London,Brockwell Park,GB,51.452290766375,-0.105533454431,London Borough of Lambeth,https://ourparks.org.uk/borough/london-borough-lambeth,Inga
105782,Beginners Bootcamp,2025-07-12 09:00:00+00:00,2025-07-12 10:00:00+00:00,PT60M,Bootcamp,Intermediate,30.0,30,True,"Green Space, to the right of the Lido",https://ourparks.org.uk/borough/beginners-bootcamp-105782,Brockwell Park,SE24 0PA,London,Brockwell Park,GB,51.452290766375,-0.105533454431,London Borough of Lambeth,https://ourparks.org.uk/borough/london-borough-lambeth,Srikrupa 
105783,Beginners Bootcamp,2025-07-19 09:00:00+00:00,2025-07-19 10:00:00+00:00,PT60M,Bootcamp,Intermediate,30.0,30,True,"Green Space, to the right of the Lido",https://ourparks.org.uk/borough/beginners-bootcamp-105783,Brockwell Park,SE24 0PA,London,Brockwell Park,GB,51.452290766375,-0.105533454431,London Borough of Lambeth,https://ourparks.org.uk/borough/london-borough-lambeth,Srikrupa 
105785,Beginners Bootcamp,2025-08-02 09:00:00+00:00,2025-08-02 10:00:00+00:00,PT60M,Bootcamp,Intermediate,30.0,30,True,"Green Space, to the right of the Lido",https://ourparks.org.uk/borough/beginners-bootcamp-105785,Brockwell Park,SE24 0PA,London,Brockwell Park,GB,51.452290766375,-0.105533454431,London Borough of Lambeth,https://ourparks.org.uk/borough/london-borough-lambeth,Srikrupa 
105786,Beginners Bootcamp,2025-08-09 09:00:00+00:00,2025-08-09 10:00:00+00:00,PT60M,Bootcamp,Intermediate,30.0,30,True,"Green Space, to the right of the Lido",https://ourparks.org.uk/borough/beginners-bootcamp-105786,Brockwell Park,SE24 0PA,London,Brockwell Park,GB,51.452290766375,-0.105533454431,London Borough of Lambeth,https://ourparks.org.uk/borough/london-borough-lambeth,Srikrupa 
105787,Beginners Bootcamp,2025-08-16 09:00:00+00:00,2025-08-16 10:00:00+00:00,PT60M,Bootcamp,Intermediate,30.0,30,True,"Green Space, to the right of the Lido",https://ourparks.org.uk/borough/beginners-bootcamp-105787,Brockwell Park,SE24 0PA,London,Brockwell Park,GB,51.452290766375,-0.105533454431,London Borough of Lambeth,https://ourparks.org.uk/borough/london-borough-lambeth,Srikrupa 
105788,Beginners Bootcamp,2025-08-23 09:00:00+00:00,2025-08-23 10:00:00+00:00,PT60M,Bootcamp,Intermediate,30.0,30,True,"Green Space, to the right of the Lido",https://ourparks.org.uk/borough/beginners-bootcamp-105788,Brockwell Park,SE24 0PA,London,Brockwell Park,GB,51.452290766375,-0.105533454431,London Borough of Lambeth,https://ourparks.org.uk/borough/london-borough-lambeth,Srikrupa 
103212,Bootcamp,2025-07-07 18:00:00+00:00,2025-07-07 19:00:00+00:00,PT60M,Bootcamp,Intermediate,29.0,29,True,Outdoor Gym area,https://ourparks.org.uk/borough/bootcamp-103212,Victory Park (E20),E20 2ST,London,Victory Park,GB,51.546291703992,-0.00978845673,East Village,https://ourparks.org.uk/borough/east-village,Albert
106030,Beginners Bootcamp,2025-07-12 10:00:00+00:00,2025-07-12 11:00:00+00:00,PT60M,Bootcamp,Intermediate,30.0,30,True,By the Outdoor Gym,https://ourparks.org.uk/borough/beginners-bootcamp-106030,"King Edward VII Park - Wembley, HA9 7QS",HA9 7QS,Wembley,56 The Dene,GB,51.557962737092,-0.2950736601,Brent,https://ourparks.org.uk/borough/brent-0,Alvin
106031,Beginners Bootcamp,2025-07-19 10:00:00+00:00,2025-07-19 11:00:00+00:00,PT60M,Bootcamp,Intermediate,30.0,30,True,By the Outdoor Gym,https://ourparks.org.uk/borough/beginners-bootcamp-106031,"King Edward VII Park - Wembley, HA9 7QS",HA9 7QS,Wembley,56 The Dene,GB,51.557962737092,-0.2950736601,Brent,https://ourparks.org.uk/borough/brent-0,Alvin
106035,Beginners Bootcamp,2025-08-16 10:00:00+00:00,2025-08-16 11:00:00+00:00,PT60M,Bootcamp,Intermediate,30.0,30,True,By the Outdoor Gym,https://ourparks.org.uk/borough/beginners-bootcamp-106035,"King Edward VII Park - Wembley, HA9 7QS",HA9 7QS,Wembley,56 The Dene,GB,51.557962737092,-0.2950736601,Brent,https://ourparks.org.uk/borough/brent-0,Alvin
106036,Beginners Bootcamp,2025-08-23 10:00:00+00:00,2025-08-23 11:00:00+00:00,PT60M,Bootcamp,Intermediate,30.0,30,True,By the Outdoor Gym,https://ourparks.org.uk/borough/beginners-bootcamp-106036,"King Edward VII Park - Wembley, HA9 7QS",HA9 7QS,Wembley,56 The Dene,GB,51.557962737092,-0.2950736601,Brent,https://ourparks.org.uk/borough/brent-0,Alvin
106037,Beginners Bootcamp,2025-08-30 10:00:00+00:00,2025-08-30 11:00:00+00:00,PT60M,Bootcamp,Intermediate,30.0,30,True,By the Outdoor Gym,https://ourparks.org.uk/borough/beginners-bootcamp-106037,"King Edward VII Park - Wembley, HA9 7QS",HA9 7QS,Wembley,56 The Dene,GB,51.557962737092,-0.2950736601,Brent,https://ourparks.org.uk/borough/brent-0,Alvin
106038,Beginners Bootcamp,2025-09-06 10:00:00+00:00,2025-09-06 11:00:00+00:00,PT60M,Bootcamp,Intermediate,30.0,30,True,By the Outdoor Gym,https://ourparks.org.uk/borough/beginners-bootcamp-106038,"King Edward VII Park - Wembley, HA9 7QS",HA9 7QS,Wembley,56 The Dene,GB,51.557962737092,-0.2950736601,Brent,https://ourparks.org.uk/borough/brent-0,Alvin
106039,Beginners Bootcamp,2025-09-13 10:00:00+00:00,2025-09-13 11:00:00+00:00,PT60M,Bootcamp,Intermediate,30.0,30,True,By the Outdoor Gym,https://ourparks.org.uk/borough/beginners-bootcamp-106039,"King Edward VII Park - Wembley, HA9 7QS",HA9 7QS,Wembley,56 The Dene,GB,51.557962737092,-0.2950736601,Brent,https://ourparks.org.uk/borough/brent-0,Alvin
106040,Beginners Bootcamp,2025-09-20 10:00:00+00:00,2025-09-20 11:00:00+00:00,PT60M,Bootcamp,Intermediate,30.0,30,True,By the Outdoor Gym,https://ourparks.org.uk/borough/beginners-bootcamp-106040,"King Edward VII Park - Wembley, HA9 7QS",HA9 7QS,Wembley,56 The Dene,GB,51.557962737092,-0.2950736601,Brent,https://ourparks.org.uk/borough/brent-0,Alvin
106041,Beginners Bootcamp,2025-09-27 10:00:00+00:00,2025-09-27 11:00:00+00:00,PT60M,Bootcamp,Intermediate,30.0,30,True,By the Outdoor Gym,https://ourparks.org.uk/borough/beginners-bootcamp-106041,"King Edward VII Park - Wembley, HA9 7QS",HA9 7QS,Wembley,56 The Dene,GB,51.557962737092,-0.2950736601,Brent,https://ourparks.org.uk/borough/brent-0,Alvin
106042,Beginners Bootcamp,2025-10-04 10:00:00+00:00,2025-10-04 11:00:00+00:00,PT60M,Bootcamp,Intermediate,30.0,30,True,By the Outdoor Gym,https://ourparks.org.uk/borough/beginners-bootcamp-106042,"King Edward VII Park - Wembley, HA9 7QS",HA9 7QS,Wembley,56 The Dene,GB,51.557962737092,-0.2950736601,Brent,https://ourparks.org.uk/borough/brent-0,Alvin
106043,Beginners Bootcamp,2025-10-11 10:00:00+00:00,2025-10-11 11:00:00+00:00,PT60M,Bootcamp,Intermediate,30.0,30,True,By the Outdoor Gym,https://ourparks.org.uk/borough/beginners-bootcamp-106043,"King Edward VII Park - Wembley, HA9 7QS",HA9 7QS,Wembley,56 The Dene,GB,51.557962737092,-0.2950736601,Brent,https://ourparks.org.uk/borough/brent-0,Alvin
106044,Beginners Bootcamp,2025-10-18 10:00:00+00:00,2025-10-18 11:00:00+00:00,PT60M,Bootcamp,Intermediate,30.0,30,True,By the Outdoor Gym,https://ourparks.org.uk/borough/beginners-bootcamp-106044,"King Edward VII Park - Wembley, HA9 7QS",HA9 7QS,Wembley,56 The Dene,GB,51.557962737092,-0.2950736601,Brent,https://ourparks.org.uk/borough/brent-0,Alvin
106046,Beginners Bootcamp,2025-11-01 10:00:00+00:00,2025-11-01 11:00:00+00:00,PT60M,Bootcamp,Intermediate,30.0,30,True,By the Outdoor Gym,https://ourparks.org.uk/borough/beginners-bootcamp-106046,"King Edward VII Park - Wembley, HA9 7QS",HA9 7QS,Wembley,56 The Dene,GB,51.557962737092,-0.2950736601,Brent,https://ourparks.org.uk/borough/brent-0,Alvin
106047,Beginners Bootcamp,2025-11-08 10:00:00+00:00,2025-11-08 11:00:00+00:00,PT60M,Bootcamp,Intermediate,30.0,30,True,By the Outdoor Gym,https://ourparks.org.uk/borough/beginners-bootcamp-106047,"King Edward VII Park - Wembley, HA9 7QS",HA9 7QS,Wembley,56 The Dene,GB,51.557962737092,-0.2950736601,Brent,https://ourparks.org.uk/borough/brent-0,Alvin
106048,Beginners Bootcamp,2025-11-15 10:00:00+00:00,2025-11-15 11:00:00+00:00,PT60M,Bootcamp,Intermediate,30.0,30,True,By the Outdoor Gym,https://ourparks.org.uk/borough/beginners-bootcamp-106048,"King Edward VII Park - Wembley, HA9 7QS",HA9 7QS,Wembley,56 The Dene,GB,51.557962737092,-0.2950736601,Brent,https://ourparks.org.uk/borough/brent-0,Alvin
106049,Beginners Bootcamp,2025-11-22 10:00:00+00:00,2025-11-22 11:00:00+00:00,PT60M,Bootcamp,Intermediate,30.0,30,True,By the Outdoor Gym,https://ourparks.org.uk/borough/beginners-bootcamp-106049,"King Edward VII Park - Wembley, HA9 7QS",HA9 7QS,Wembley,56 The Dene,GB,51.557962737092,-0.2950736601,Brent,https://ourparks.org.uk/borough/brent-0,Alvin
106050,Beginners Bootcamp,2025-11-29 10:00:00+00:00,2025-11-29 11:00:00+00:00,PT60M,Bootcamp,Intermediate,30.0,30,True,By the Outdoor Gym,https://ourparks.org.uk/borough/beginners-bootcamp-106050,"King Edward VII Park - Wembley, HA9 7QS",HA9 7QS,Wembley,56 The Dene,GB,51.557962737092,-0.2950736601,Brent,https://ourparks.org.uk/borough/brent-0,Alvin
106051,Beginners Bootcamp,2025-12-06 10:00:00+00:00,2025-12-06 11:00:00+00:00,PT60M,Bootcamp,Intermediate,30.0,30,True,By the Outdoor Gym,https://ourparks.org.uk/borough/beginners-bootcamp-106051,"King Edward VII Park - Wembley, HA9 7QS",HA9 7QS,Wembley,56 The Dene,GB,51.557962737092,-0.2950736601,Brent,https://ourparks.org.uk/borough/brent-0,Alvin
106052,Beginners Bootcamp,2025-12-13 10:00:00+00:00,2025-12-13 11:00:00+00:00,PT60M,Bootcamp,Intermediate,30.0,30,True,By the Outdoor Gym,https://ourparks.org.uk/borough/beginners-bootcamp-106052,"King Edward VII Park - Wembley, HA9 7QS",HA9 7QS,Wembley,56 The Dene,GB,51.557962737092,-0.2950736601,Brent,https://ourparks.org.uk/borough/brent-0,Alvin
106056,Beginners Bootcamp,2026-01-10 10:00:00+00:00,2026-01-10 11:00:00+00:00,PT60M,Bootcamp,Intermediate,30.0,30,True,By the Outdoor Gym,https://ourparks.org.uk/borough/beginners-bootcamp-106056,"King Edward VII Park - Wembley, HA9 7QS",HA9 7QS,Wembley,56 The Dene,GB,51.557962737092,-0.2950736601,Brent,https://ourparks.org.uk/borough/brent-0,Alvin
106057,Beginners Bootcamp,2026-01-17 10:00:00+00:00,2026-01-17 11:00:00+00:00,PT60M,Bootcamp,Intermediate,30.0,30,True,By the Outdoor Gym,https://ourparks.org.uk/borough/beginners-bootcamp-106057,"King Edward VII Park - Wembley, HA9 7QS",HA9 7QS,Wembley,56 The Dene,GB,51.557962737092,-0.2950736601,Brent,https://ourparks.org.uk/borough/brent-0,Alvin
106058,Beginners Bootcamp,2026-01-24 10:00:00+00:00,2026-01-24 11:00:00+00:00,PT60M,Bootcamp,Intermediate,30.0,30,True,By the Outdoor Gym,https://ourparks.org.uk/borough/beginners-bootcamp-106058,"King Edward VII Park - Wembley, HA9 7QS",HA9 7QS,Wembley,56 The Dene,GB,51.557962737092,-0.2950736601,Brent,https://ourparks.org.uk/borough/brent-0,Alvin
106059,Beginners Bootcamp,2026-01-31 10:00:00+00:00,2026-01-31 11:00:00+00:00,PT60M,Bootcamp,Intermediate,30.0,30,True,By the Outdoor Gym,https://ourparks.org.uk/borough/beginners-bootcamp-106059,"King Edward VII Park - Wembley, HA9 7QS",HA9 7QS,Wembley,56 The Dene,GB,51.557962737092,-0.2950736601,Brent,https://ourparks.org.uk/borough/brent-0,Alvin
106060,Beginners Bootcamp,2026-02-07 10:00:00+00:00,2026-02-07 11:00:00+00:00,PT60M,Bootcamp,Intermediate,30.0,30,True,By the Outdoor Gym,https://ourparks.org.uk/borough/beginners-bootcamp-106060,"King Edward VII Park - Wembley, HA9 7QS",HA9 7QS,Wembley,56 The Dene,GB,51.557962737092,-0.2950736601,Brent,https://ourparks.org.uk/borough/brent-0,Alvin
106061,Beginners Bootcamp,2026-02-14 10:00:00+00:00,2026-02-14 11:00:00+00:00,PT60M,Bootcamp,Intermediate,30.0,30,True,By the Outdoor Gym,https://ourparks.org.uk/borough/beginners-bootcamp-106061,"King Edward VII Park - Wembley, HA9 7QS",HA9 7QS,Wembley,56 The Dene,GB,51.557962737092,-0.2950736601,Brent,https://ourparks.org.uk/borough/brent-0,Alvin
106064,Beginners Bootcamp,2026-03-07 10:00:00+00:00,2026-03-07 11:00:00+00:00,PT60M,Bootcamp,Intermediate,30.0,30,True,By the Outdoor Gym,https://ourparks.org.uk/borough/beginners-bootcamp-106064,"King Edward VII Park - Wembley, HA9 7QS",HA9 7QS,Wembley,56 The Dene,GB,51.557962737092,-0.2950736601,Brent,https://ourparks.org.uk/borough/brent-0,Alvin
103726,Full Body Workout,2025-07-12 08:00:00+00:00,2025-07-12 09:00:00+00:00,PT60M,Bootcamp,Intermediate,29.0,29,True,The main entrance,https://ourparks.org.uk/borough/full-body-workout-103726,London Welsh RFC,TW9 2AZ,Richmond,Old Deer Park Sports Grounds,GB,51.4687957,-0.2952569,Richmond Upon Thames,https://ourparks.org.uk/borough/richmond-upon-thames,Inga
103763,Full Body Workout,2025-07-19 08:00:00+00:00,2025-07-19 09:00:00+00:00,PT60M,Bootcamp,Intermediate,29.0,29,True,The main entrance,https://ourparks.org.uk/borough/full-body-workout-103763,London Welsh RFC,TW9 2AZ,Richmond,Old Deer Park Sports Grounds,GB,51.4687957,-0.2952569,Richmond Upon Thames,https://ourparks.org.uk/borough/richmond-upon-thames,Inga
105135,Beginners Bootcamp,2025-08-24 09:00:00+00:00,2025-08-24 10:00:00+00:00,PT60M,Bootcamp,Intermediate,29.0,29,True,"At the top of the park, opposite The Stables cafe",https://ourparks.org.uk/borough/beginners-bootcamp-105135,Gladstone Park,NW2,London,Dollis Hill Lane,GB,51.5596147901,-0.236722632917,Brent,https://ourparks.org.uk/borough/brent-0,Julia
106095,Bootcamp,2025-08-02 08:45:00+00:00,2025-08-02 09:45:00+00:00,PT60M,Bootcamp,Intermediate,0.0,0,True,Meeting by the playground swing park in Slade Green Recreational Ground,https://ourparks.org.uk/borough/bootcamp-106095,Slade Green Recreational Ground,DA8 2LX,Bexley,Slade Green,GB,51.469708263156,0.198783354461,London Borough of Bexley,https://ourparks.org.uk/borough/london-borough-bexley,Danni
106096,Bootcamp,2025-08-09 08:45:00+00:00,2025-08-09 09:45:00+00:00,PT60M,Bootcamp,Intermediate,0.0,0,True,Meeting by the playground swing park in Slade Green Recreational Ground,https://ourparks.org.uk/borough/bootcamp-106096,Slade Green Recreational Ground,DA8 2LX,Bexley,Slade Green,GB,51.469708263156,0.198783354461,London Borough of Bexley,https://ourparks.org.uk/borough/london-borough-bexley,Danni
106098,Bootcamp,2025-08-23 08:45:00+00:00,2025-08-23 09:45:00+00:00,PT60M,Bootcamp,Intermediate,0.0,0,True,Meeting by the playground swing park in Slade Green Recreational Ground,https://ourparks.org.uk/borough/bootcamp-106098,Slade Green Recreational Ground,DA8 2LX,Bexley,Slade Green,GB,51.469708263156,0.198783354461,London Borough of Bexley,https://ourparks.org.uk/borough/london-borough-bexley,Danni
106099,Bootcamp,2025-08-30 08:45:00+00:00,2025-08-30 09:45:00+00:00,PT60M,Bootcamp,Intermediate,0.0,0,True,Meeting by the playground swing park in Slade Green Recreational Ground,https://ourparks.org.uk/borough/bootcamp-106099,Slade Green Recreational Ground,DA8 2LX,Bexley,Slade Green,GB,51.469708263156,0.198783354461,London Borough of Bexley,https://ourparks.org.uk/borough/london-borough-bexley,Danni
106106,Bootcamp,2025-08-16 09:00:00+00:00,2025-08-16 10:00:00+00:00,PT60M,Bootcamp,Intermediate,29.0,29,True,Hard surface by Kids Play Area near car park,https://ourparks.org.uk/borough/bootcamp-106106,Hoblingwell Wood Recreation Ground,BR5 2QB,Orpington,Hoblingwell Recreation Ground,GB,51.402261016538,0.099742592442,Bromley,https://ourparks.org.uk/borough/bromley,Jo
106107,Bootcamp,2025-08-23 09:00:00+00:00,2025-08-23 10:00:00+00:00,PT60M,Bootcamp,Intermediate,29.0,29,True,Hard surface by Kids Play Area near car park,https://ourparks.org.uk/borough/bootcamp-106107,Hoblingwell Wood Recreation Ground,BR5 2QB,Orpington,Hoblingwell Recreation Ground,GB,51.402261016538,0.099742592442,Bromley,https://ourparks.org.uk/borough/bromley,Jo
106108,Bootcamp,2025-08-30 09:00:00+00:00,2025-08-30 10:00:00+00:00,PT60M,Bootcamp,Intermediate,29.0,29,True,Hard surface by Kids Play Area near car park,https://ourparks.org.uk/borough/bootcamp-106108,Hoblingwell Wood Recreation Ground,BR5 2QB,Orpington,Hoblingwell Recreation Ground,GB,51.402261016538,0.099742592442,Bromley,https://ourparks.org.uk/borough/bromley,Jo
106109,Bootcamp,2025-09-06 09:00:00+00:00,2025-09-06 10:00:00+00:00,PT60M,Bootcamp,Intermediate,29.0,29,True,Hard surface by Kids Play Area near car park,https://ourparks.org.uk/borough/bootcamp-106109,Hoblingwell Wood Recreation Ground,BR5 2QB,Orpington,Hoblingwell Recreation Ground,GB,51.402261016538,0.099742592442,Bromley,https://ourparks.org.uk/borough/bromley,Jo
106111,Bootcamp,2025-09-20 09:00:00+00:00,2025-09-20 10:00:00+00:00,PT60M,Bootcamp,Intermediate,29.0,29,True,Hard surface by Kids Play Area near car park,https://ourparks.org.uk/borough/bootcamp-106111,Hoblingwell Wood Recreation Ground,BR5 2QB,Orpington,Hoblingwell Recreation Ground,GB,51.402261016538,0.099742592442,Bromley,https://ourparks.org.uk/borough/bromley,Jo
106112,Bootcamp,2025-09-27 09:00:00+00:00,2025-09-27 10:00:00+00:00,PT60M,Bootcamp,Intermediate,29.0,29,True,Hard surface by Kids Play Area near car park,https://ourparks.org.uk/borough/bootcamp-106112,Hoblingwell Wood Recreation Ground,BR5 2QB,Orpington,Hoblingwell Recreation Ground,GB,51.402261016538,0.099742592442,Bromley,https://ourparks.org.uk/borough/bromley,Jo
106113,Bootcamp,2025-08-02 08:30:00+00:00,2025-08-02 09:30:00+00:00,PT60M,Bootcamp,Intermediate,29.0,29,True,Beddington Park car park (South),https://ourparks.org.uk/borough/bootcamp-106113,Beddington Park,SM6 7NN,Wallington,Church Road,GB,51.369874622426,-0.147107063538,Sutton,https://ourparks.org.uk/borough/sutton,Premika
106114,Bootcamp,2025-08-09 08:30:00+00:00,2025-08-09 09:30:00+00:00,PT60M,Bootcamp,Intermediate,29.0,29,True,Beddington Park car park (South),https://ourparks.org.uk/borough/bootcamp-106114,Beddington Park,SM6 7NN,Wallington,Church Road,GB,51.369874622426,-0.147107063538,Sutton,https://ourparks.org.uk/borough/sutton,Premika
106118,Bootcamp,2025-09-06 08:30:00+00:00,2025-09-06 09:30:00+00:00,PT60M,Bootcamp,Intermediate,29.0,29,True,Beddington Park car park (South),https://ourparks.org.uk/borough/bootcamp-106118,Beddington Park,SM6 7NN,Wallington,Church Road,GB,51.369874622426,-0.147107063538,Sutton,https://ourparks.org.uk/borough/sutton,Premika
106119,Bootcamp,2025-09-13 08:30:00+00:00,2025-09-13 09:30:00+00:00,PT60M,Bootcamp,Intermediate,29.0,29,True,Beddington Park car park (South),https://ourparks.org.uk/borough/bootcamp-106119,Beddington Park,SM6 7NN,Wallington,Church Road,GB,51.369874622426,-0.147107063538,Sutton,https://ourparks.org.uk/borough/sutton,Premika
106120,Bootcamp,2025-09-20 08:30:00+00:00,2025-09-20 09:30:00+00:00,PT60M,Bootcamp,Intermediate,29.0,29,True,Beddington Park car park (South),https://ourparks.org.uk/borough/bootcamp-106120,Beddington Park,SM6 7NN,Wallington,Church Road,GB,51.369874622426,-0.147107063538,Sutton,https://ourparks.org.uk/borough/sutton,Premika
106121,Bootcamp,2025-09-27 08:30:00+00:00,2025-09-27 09:30:00+00:00,PT60M,Bootcamp,Intermediate,29.0,29,True,Beddington Park car park (South),https://ourparks.org.uk/borough/bootcamp-106121,Beddington Park,SM6 7NN,Wallington,Church Road,GB,51.369874622426,-0.147107063538,Sutton,https://ourparks.org.uk/borough/sutton,Premika
106123,Box Fit,2025-08-09 09:00:00+00:00,2025-08-09 10:00:00+00:00,PT60M,Boxing Fitness,Intermediate,29.0,29,True,By the Outdoor Gym,https://ourparks.org.uk/borough/box-fit-106123,Mabley Green,E9 5HS,London,"Stop E, Crowfoot Close",GB,51.548910987039,-0.029284231249,Hackney,https://ourparks.org.uk/borough/hackney,Albert
106124,Box Fit,2025-08-16 09:00:00+00:00,2025-08-16 10:00:00+00:00,PT60M,Boxing Fitness,Intermediate,29.0,29,True,By the Outdoor Gym,https://ourparks.org.uk/borough/box-fit-106124,Mabley Green,E9 5HS,London,"Stop E, Crowfoot Close",GB,51.548910987039,-0.029284231249,Hackney,https://ourparks.org.uk/borough/hackney,Albert
106125,Box Fit,2025-08-23 09:00:00+00:00,2025-08-23 10:00:00+00:00,PT60M,Boxing Fitness,Intermediate,29.0,29,True,By the Outdoor Gym,https://ourparks.org.uk/borough/box-fit-106125,Mabley Green,E9 5HS,London,"Stop E, Crowfoot Close",GB,51.548910987039,-0.029284231249,Hackney,https://ourparks.org.uk/borough/hackney,Roosevelt 
106126,Box Fit,2025-08-30 09:00:00+00:00,2025-08-30 10:00:00+00:00,PT60M,Boxing Fitness,Intermediate,29.0,29,True,By the Outdoor Gym,https://ourparks.org.uk/borough/box-fit-106126,Mabley Green,E9 5HS,London,"Stop E, Crowfoot Close",GB,51.548910987039,-0.029284231249,Hackney,https://ourparks.org.uk/borough/hackney,Roosevelt 
106127,Box Fit,2025-09-06 09:00:00+00:00,2025-09-06 10:00:00+00:00,PT60M,Boxing Fitness,Intermediate,29.0,29,True,By the Outdoor Gym,https://ourparks.org.uk/borough/box-fit-106127,Mabley Green,E9 5HS,London,"Stop E, Crowfoot Close",GB,51.548910987039,-0.029284231249,Hackney,https://ourparks.org.uk/borough/hackney,Roosevelt 
106128,Box Fit,2025-09-13 09:00:00+00:00,2025-09-13 10:00:00+00:00,PT60M,Boxing Fitness,Intermediate,29.0,29,True,By the Outdoor Gym,https://ourparks.org.uk/borough/box-fit-106128,Mabley Green,E9 5HS,London,"Stop E, Crowfoot Close",GB,51.548910987039,-0.029284231249,Hackney,https://ourparks.org.uk/borough/hackney,Roosevelt 
106129,Box Fit,2025-09-20 09:00:00+00:00,2025-09-20 10:00:00+00:00,PT60M,Boxing Fitness,Intermediate,29.0,29,True,By the Outdoor Gym,https://ourparks.org.uk/borough/box-fit-106129,Mabley Green,E9 5HS,London,"Stop E, Crowfoot Close",GB,51.548910987039,-0.029284231249,Hackney,https://ourparks.org.uk/borough/hackney,Roosevelt 
106130,Box Fit,2025-09-27 09:00:00+00:00,2025-09-27 10:00:00+00:00,PT60M,Boxing Fitness,Intermediate,29.0,29,True,By the Outdoor Gym,https://ourparks.org.uk/borough/box-fit-106130,Mabley Green,E9 5HS,London,"Stop E, Crowfoot Close",GB,51.548910987039,-0.029284231249,Hackney,https://ourparks.org.uk/borough/hackney,Roosevelt 
106131,LIIT,2025-08-03 09:00:00+00:00,2025-08-03 10:00:00+00:00,PT60M,Bootcamp,Intermediate,29.0,29,True,By the St Mary's Gate entrance,https://ourparks.org.uk/borough/liit-106131,Greenwich Park,SE10 9JL,London,St Mary's Gate,GB,51.479613763653,-0.006785005332,The Royal Parks,https://ourparks.org.uk/borough/royal-parks,Olga
106132,LIIT,2025-08-10 09:00:00+00:00,2025-08-10 10:00:00+00:00,PT60M,Bootcamp,Intermediate,29.0,29,True,By the St Mary's Gate entrance,https://ourparks.org.uk/borough/liit-106132,Greenwich Park,SE10 9JL,London,St Mary's Gate,GB,51.479613763653,-0.006785005332,The Royal Parks,https://ourparks.org.uk/borough/royal-parks,Olga
106133,LIIT,2025-08-17 09:00:00+00:00,2025-08-17 10:00:00+00:00,PT60M,Bootcamp,Intermediate,29.0,29,True,By the St Mary's Gate entrance,https://ourparks.org.uk/borough/liit-106133,Greenwich Park,SE10 9JL,London,St Mary's Gate,GB,51.479613763653,-0.006785005332,The Royal Parks,https://ourparks.org.uk/borough/royal-parks,Olga
106134,LIIT,2025-08-24 09:00:00+00:00,2025-08-24 10:00:00+00:00,PT60M,Bootcamp,Intermediate,29.0,29,True,By the St Mary's Gate entrance,https://ourparks.org.uk/borough/liit-106134,Greenwich Park,SE10 9JL,London,St Mary's Gate,GB,51.479613763653,-0.006785005332,The Royal Parks,https://ourparks.org.uk/borough/royal-parks,Olga
106137,LIIT,2025-09-14 09:00:00+00:00,2025-09-14 10:00:00+00:00,PT60M,Bootcamp,Intermediate,29.0,29,True,By the St Mary's Gate entrance,https://ourparks.org.uk/borough/liit-106137,Greenwich Park,SE10 9JL,London,St Mary's Gate,GB,51.479613763653,-0.006785005332,The Royal Parks,https://ourparks.org.uk/borough/royal-parks,Olga
106138,LIIT,2025-09-21 09:00:00+00:00,2025-09-21 10:00:00+00:00,PT60M,Bootcamp,Intermediate,29.0,29,True,By the St Mary's Gate entrance,https://ourparks.org.uk/borough/liit-106138,Greenwich Park,SE10 9JL,London,St Mary's Gate,GB,51.479613763653,-0.006785005332,The Royal Parks,https://ourparks.org.uk/borough/royal-parks,Olga
106139,LIIT,2025-09-28 09:00:00+00:00,2025-09-28 10:00:00+00:00,PT60M,Bootcamp,Intermediate,29.0,29,True,By the St Mary's Gate entrance,https://ourparks.org.uk/borough/liit-106139,Greenwich Park,SE10 9JL,London,St Mary's Gate,GB,51.479613763653,-0.006785005332,The Royal Parks,https://ourparks.org.uk/borough/royal-parks,Olga
106140,Bootcamp,2025-09-13 09:00:00+00:00,2025-09-13 10:00:00+00:00,PT60M,Bootcamp,Intermediate,29.0,29,True,By Steel Warriors Gym area,https://ourparks.org.uk/borough/bootcamp-106140,Ruskin Park,SE5 9AW,London,Denmark Hill,GB,51.465334687572,-0.094753186132,London Borough of Lambeth,https://ourparks.org.uk/borough/london-borough-lambeth,Stylianos
106141,Bootcamp,2025-09-20 09:00:00+00:00,2025-09-20 10:00:00+00:00,PT60M,Bootcamp,Intermediate,29.0,29,True,By Steel Warriors Gym area,https://ourparks.org.uk/borough/bootcamp-106141,Ruskin Park,SE5 9AW,London,Denmark Hill,GB,51.465334687572,-0.094753186132,London Borough of Lambeth,https://ourparks.org.uk/borough/london-borough-lambeth,Stylianos
106142,Bootcamp,2025-09-27 09:00:00+00:00,2025-09-27 10:00:00+00:00,PT60M,Bootcamp,Intermediate,29.0,29,True,By Steel Warriors Gym area,https://ourparks.org.uk/borough/bootcamp-106142,Ruskin Park,SE5 9AW,London,Denmark Hill,GB,51.465334687572,-0.094753186132,London Borough of Lambeth,https://ourparks.org.uk/borough/london-borough-lambeth,Stylianos
106032,Beginners Bootcamp,2025-07-26 10:00:00+00:00,2025-07-26 11:00:00+00:00,PT60M,Bootcamp,Intermediate,30.0,30,True,By the Outdoor Gym,https://ourparks.org.uk/borough/beginners-bootcamp-106032,"King Edward VII Park - Wembley, HA9 7QS",HA9 7QS,Wembley,56 The Dene,GB,51.557962737092,-0.2950736601,Brent,https://ourparks.org.uk/borough/brent-0,Orall
105029,Full Body Circuit,2025-08-09 09:00:00+00:00,2025-08-09 10:00:00+00:00,PT60M,Bootcamp,Intermediate,29.0,29,True,Outdoor Gym area,https://ourparks.org.uk/borough/full-body-circuit-105029,Roe Green Park,NW9 9HA,London,Kingsbury High Road Kingsbury,GB,51.586109971363,-0.269687067103,Brent,https://ourparks.org.uk/borough/brent-0,Orall
106100,Bootcamp,2025-09-06 09:00:00+00:00,2025-09-06 10:00:00+00:00,PT60M,Bootcamp,Intermediate,0.0,0,True,Meeting by the playground swing park in Slade Green Recreational Ground,https://ourparks.org.uk/borough/bootcamp-106100,Slade Green Recreational Ground,DA8 2LX,Bexley,Slade Green,GB,51.469708263156,0.198783354461,London Borough of Bexley,https://ourparks.org.uk/borough/london-borough-bexley,Danni
106101,Bootcamp,2025-09-13 09:00:00+00:00,2025-09-13 10:00:00+00:00,PT60M,Bootcamp,Intermediate,0.0,0,True,Meeting by the playground swing park in Slade Green Recreational Ground,https://ourparks.org.uk/borough/bootcamp-106101,Slade Green Recreational Ground,DA8 2LX,Bexley,Slade Green,GB,51.469708263156,0.198783354461,London Borough of Bexley,https://ourparks.org.uk/borough/london-borough-bexley,Danni
106102,Bootcamp,2025-09-20 09:00:00+00:00,2025-09-20 10:00:00+00:00,PT60M,Bootcamp,Intermediate,0.0,0,True,Meeting by the playground swing park in Slade Green Recreational Ground,https://ourparks.org.uk/borough/bootcamp-106102,Slade Green Recreational Ground,DA8 2LX,Bexley,Slade Green,GB,51.469708263156,0.198783354461,London Borough of Bexley,https://ourparks.org.uk/borough/london-borough-bexley,Danni
106103,Bootcamp,2025-09-27 09:00:00+00:00,2025-09-27 10:00:00+00:00,PT60M,Bootcamp,Intermediate,0.0,0,True,Meeting by the playground swing park in Slade Green Recreational Ground,https://ourparks.org.uk/borough/bootcamp-106103,Slade Green Recreational Ground,DA8 2LX,Bexley,Slade Green,GB,51.469708263156,0.198783354461,London Borough of Bexley,https://ourparks.org.uk/borough/london-borough-bexley,Danni
106160,Back to Exercise,2025-08-07 17:30:00+00:00,2025-08-07 18:30:00+00:00,PT60M,Group Exercise,Intermediate,30.0,30,True,"Green Space, to the right of the Lido",https://ourparks.org.uk/borough/back-exercise-106160,Brockwell Park,SE24 0PA,London,Brockwell Park,GB,51.452290766375,-0.105533454431,London Borough of Lambeth,https://ourparks.org.uk/borough/london-borough-lambeth,Anna
106161,Back to Exercise,2025-08-14 17:30:00+00:00,2025-08-14 18:30:00+00:00,PT60M,Group Exercise,Intermediate,30.0,30,True,"Green Space, to the right of the Lido",https://ourparks.org.uk/borough/back-exercise-106161,Brockwell Park,SE24 0PA,London,Brockwell Park,GB,51.452290766375,-0.105533454431,London Borough of Lambeth,https://ourparks.org.uk/borough/london-borough-lambeth,Anna
106162,Back to Exercise,2025-08-21 17:30:00+00:00,2025-08-21 18:30:00+00:00,PT60M,Group Exercise,Intermediate,30.0,30,True,"Green Space, to the right of the Lido",https://ourparks.org.uk/borough/back-exercise-106162,Brockwell Park,SE24 0PA,London,Brockwell Park,GB,51.452290766375,-0.105533454431,London Borough of Lambeth,https://ourparks.org.uk/borough/london-borough-lambeth,Anna
106163,Back to Exercise,2025-08-28 17:30:00+00:00,2025-08-28 18:30:00+00:00,PT60M,Group Exercise,Intermediate,30.0,30,True,"Green Space, to the right of the Lido",https://ourparks.org.uk/borough/back-exercise-106163,Brockwell Park,SE24 0PA,London,Brockwell Park,GB,51.452290766375,-0.105533454431,London Borough of Lambeth,https://ourparks.org.uk/borough/london-borough-lambeth,Anna
106164,Back to Exercise,2025-09-04 17:30:00+00:00,2025-09-04 18:30:00+00:00,PT60M,Group Exercise,Intermediate,30.0,30,True,"Green Space, to the right of the Lido",https://ourparks.org.uk/borough/back-exercise-106164,Brockwell Park,SE24 0PA,London,Brockwell Park,GB,51.452290766375,-0.105533454431,London Borough of Lambeth,https://ourparks.org.uk/borough/london-borough-lambeth,Anna
106165,Back to Exercise,2025-09-11 17:30:00+00:00,2025-09-11 18:30:00+00:00,PT60M,Group Exercise,Intermediate,30.0,30,True,"Green Space, to the right of the Lido",https://ourparks.org.uk/borough/back-exercise-106165,Brockwell Park,SE24 0PA,London,Brockwell Park,GB,51.452290766375,-0.105533454431,London Borough of Lambeth,https://ourparks.org.uk/borough/london-borough-lambeth,Anna
106159,Back to Exercise,2025-07-31 17:30:00+00:00,2025-07-31 18:30:00+00:00,PT60M,Group Exercise,Intermediate,30.0,30,True,"Green Space, to the right of the Lido",https://ourparks.org.uk/borough/back-exercise-106159,Brockwell Park,SE24 0PA,London,Brockwell Park,GB,51.452290766375,-0.105533454431,London Borough of Lambeth,https://ourparks.org.uk/borough/london-borough-lambeth,Inga
98293,Bootcamp,2025-07-24 08:30:00+00:00,2025-07-24 09:30:00+00:00,PT60M,Bootcamp,Intermediate,29.0,29,True,Play Area,https://ourparks.org.uk/borough/bootcamp-98293,Harefield Village Green,UB9 6EG,Harefield,Harefield Village Green,GB,51.604697285476,-0.480577927343,Hillingdon,https://ourparks.org.uk/borough/hillingdon,Sheila
105784,Beginners Bootcamp,2025-07-26 09:00:00+00:00,2025-07-26 10:00:00+00:00,PT60M,Bootcamp,Intermediate,30.0,30,True,"Green Space, to the right of the Lido",https://ourparks.org.uk/borough/beginners-bootcamp-105784,Brockwell Park,SE24 0PA,London,Brockwell Park,GB,51.452290766375,-0.105533454431,London Borough of Lambeth,https://ourparks.org.uk/borough/london-borough-lambeth,Inga
103183,Beginners Bootcamp,2025-07-31 08:00:00+00:00,2025-07-31 09:00:00+00:00,PT60M,Bootcamp,Intermediate,29.0,29,True,"Green Space by the Workout bars, Calisthenic park, outdoor gym",https://ourparks.org.uk/borough/beginners-bootcamp-103183,North Millfields Recreation Ground,E5 0AR,London,North Millfields Recreation Ground,GB,51.562186281586,-0.047345057653,Hackney,https://ourparks.org.uk/borough/hackney,Albert
106122,Box Fit,2025-08-02 09:30:00+00:00,2025-08-02 10:30:00+00:00,PT60M,Boxing Fitness,Intermediate,29.0,29,True,By the Outdoor Gym,https://ourparks.org.uk/borough/box-fit-106122,Mabley Green,E9 5HS,London,"Stop E, Crowfoot Close",GB,51.548910987039,-0.029284231249,Hackney,https://ourparks.org.uk/borough/hackney,Albert
104917,"Women's only - Abs, Bums & Thighs (ABT)",2025-08-03 09:00:00+00:00,2025-08-03 10:00:00+00:00,PT60M,Abs/Core,Intermediate,29.0,29,True,Outdoor Gym area,https://ourparks.org.uk/borough/womens-only-abs-bums-thighs-abt-104917,Bartlett Park,E14 6LA,London,Bartlett Park Outdoor Gym,GB,51.5152023,-0.0201571,Tower Hamlets,https://ourparks.org.uk/borough/tower-hamlets,Bláthnait
103216,Pilates,2025-08-04 17:30:00+00:00,2025-08-04 18:30:00+00:00,PT60M,Pilates,Intermediate,29.0,29,True,Outdoor Gym area,https://ourparks.org.uk/borough/pilates-103216,Victory Park (E20),E20 2ST,London,Victory Park,GB,51.546291703992,-0.00978845673,East Village,https://ourparks.org.uk/borough/east-village,Bláthnait
104920,"Women's only - Abs, Bums & Thighs (ABT)",2025-08-24 09:00:00+00:00,2025-08-24 10:00:00+00:00,PT60M,Abs/Core,Intermediate,29.0,29,True,Outdoor Gym area,https://ourparks.org.uk/borough/womens-only-abs-bums-thighs-abt-104920,Bartlett Park,E14 6LA,London,Bartlett Park Outdoor Gym,GB,51.5152023,-0.0201571,Tower Hamlets,https://ourparks.org.uk/borough/tower-hamlets,Bláthnait
104057,Yoga,2025-08-02 09:00:00+00:00,2025-08-02 10:00:00+00:00,PT60M,Yoga,Intermediate,60.0,60,True,Field between the Victoria Park track & St Marks Gate,https://ourparks.org.uk/borough/yoga-104057,Victoria Park (LBTH),E9 5HT,London,Victoria Park,GB,51.539720884667,-0.030759174101,Tower Hamlets,https://ourparks.org.uk/borough/tower-hamlets,Ellen
103955,Bootcamp,2025-09-10 08:30:00+00:00,2025-09-10 09:30:00+00:00,PT60M,Bootcamp,Intermediate,29.0,29,True,Outdoor Gym area,https://ourparks.org.uk/borough/bootcamp-103955,Queens Park Gardens,W10 4QH,London,Queen Park Gardens,GB,51.5284574,-0.2089447,City of Westminster,https://ourparks.org.uk/borough/city-westminster,Dec
103809,Bootcamp,2025-09-09 09:00:00+00:00,2025-09-09 10:00:00+00:00,PT60M,Bootcamp,Intermediate,29.0,29,True,Field by Gloucester Gate playground,https://ourparks.org.uk/borough/bootcamp-103809,Regents Park,NW1 4HG,London,The Regent’s Park,GB,51.534602890205,-0.14999467612,The Royal Parks,https://ourparks.org.uk/borough/royal-parks,Dec
103373,Bootcamp,2025-08-02 09:00:00+00:00,2025-08-02 10:00:00+00:00,PT60M,Bootcamp,Intermediate,29.0,29,True,Outdoor gym area,https://ourparks.org.uk/borough/bootcamp-103373,Victory Park (E20),E20 2ST,London,Victory Park,GB,51.546291703992,-0.00978845673,East Village,https://ourparks.org.uk/borough/east-village,Orall
106097,Yoga,2025-08-16 08:45:00+00:00,2025-08-16 09:45:00+00:00,PT60M,Yoga,Intermediate,0.0,0,True,Meeting by the playground swing park in Slade Green Recreational Ground,https://ourparks.org.uk/borough/yoga-106097,Slade Green Recreational Ground,DA8 2LX,Bexley,Slade Green,GB,51.469708263156,0.198783354461,London Borough of Bexley,https://ourparks.org.uk/borough/london-borough-bexley,Stefanie
105887,Beginners Bootcamp,2025-08-07 08:00:00+00:00,2025-08-07 09:00:00+00:00,PT60M,Bootcamp,Intermediate,29.0,29,True,"Green Space by the Workout bars, Calisthenic park, outdoor gym",https://ourparks.org.uk/borough/beginners-bootcamp-105887,North Millfields Recreation Ground,E5 0AR,London,North Millfields Recreation Ground,GB,51.562186281586,-0.047345057653,Hackney,https://ourparks.org.uk/borough/hackney,Albert
103859,Bootcamp,2025-08-30 09:00:00+00:00,2025-08-30 10:00:00+00:00,PT60M,Bootcamp,Intermediate,29.0,29,True,"The old football pitches, small pitch 5",https://ourparks.org.uk/borough/bootcamp-103859,Hyde Park,SW7 1SG,London,Old football pitches,GB,51.502586484832,-0.173725612847,The Royal Parks,https://ourparks.org.uk/borough/royal-parks,Inga
106308,Low Impact Stretch,2025-08-22 09:30:00+00:00,2025-08-22 10:30:00+00:00,PT60M,Yoga,Intermediate,30.0,30,True,By the Outdoor Gym area,https://ourparks.org.uk/borough/low-impact-stretch-106308,Craydene Open Space,DA8 2HR,Erith,Craydene Road,GB,51.470321952769,0.184112241266,London Borough of Bexley,https://ourparks.org.uk/borough/london-borough-bexley,Kelly
106309,Low Impact Stretch,2025-08-29 09:30:00+00:00,2025-08-29 10:30:00+00:00,PT60M,Yoga,Intermediate,30.0,30,True,By the Outdoor Gym area,https://ourparks.org.uk/borough/low-impact-stretch-106309,Craydene Open Space,DA8 2HR,Erith,Craydene Road,GB,51.470321952769,0.184112241266,London Borough of Bexley,https://ourparks.org.uk/borough/london-borough-bexley,Kelly
106312,Low Impact Stretch,2025-09-19 09:30:00+00:00,2025-09-19 10:30:00+00:00,PT60M,Yoga,Intermediate,30.0,30,True,By the Outdoor Gym area,https://ourparks.org.uk/borough/low-impact-stretch-106312,Craydene Open Space,DA8 2HR,Erith,Craydene Road,GB,51.470321952769,0.184112241266,London Borough of Bexley,https://ourparks.org.uk/borough/london-borough-bexley,Kelly
106315,Low Impact Stretch,2025-10-10 09:30:00+00:00,2025-10-10 10:30:00+00:00,PT60M,Yoga,Intermediate,30.0,30,True,By the Outdoor Gym area,https://ourparks.org.uk/borough/low-impact-stretch-106315,Craydene Open Space,DA8 2HR,Erith,Craydene Road,GB,51.470321952769,0.184112241266,London Borough of Bexley,https://ourparks.org.uk/borough/london-borough-bexley,Kelly
106316,Low Impact Stretch,2025-10-17 09:30:00+00:00,2025-10-17 10:30:00+00:00,PT60M,Yoga,Intermediate,30.0,30,True,By the Outdoor Gym area,https://ourparks.org.uk/borough/low-impact-stretch-106316,Craydene Open Space,DA8 2HR,Erith,Craydene Road,GB,51.470321952769,0.184112241266,London Borough of Bexley,https://ourparks.org.uk/borough/london-borough-bexley,Kelly
106317,Low Impact Stretch,2025-10-24 09:30:00+00:00,2025-10-24 10:30:00+00:00,PT60M,Yoga,Intermediate,30.0,30,True,By the Outdoor Gym area,https://ourparks.org.uk/borough/low-impact-stretch-106317,Craydene Open Space,DA8 2HR,Erith,Craydene Road,GB,51.470321952769,0.184112241266,London Borough of Bexley,https://ourparks.org.uk/borough/london-borough-bexley,Kelly
106318,Low Impact Stretch,2025-10-31 09:30:00+00:00,2025-10-31 10:30:00+00:00,PT60M,Yoga,Intermediate,30.0,30,True,By the Outdoor Gym area,https://ourparks.org.uk/borough/low-impact-stretch-106318,Craydene Open Space,DA8 2HR,Erith,Craydene Road,GB,51.470321952769,0.184112241266,London Borough of Bexley,https://ourparks.org.uk/borough/london-borough-bexley,Kelly
106319,Low Impact Stretch,2025-11-07 09:30:00+00:00,2025-11-07 10:30:00+00:00,PT60M,Yoga,Intermediate,30.0,30,True,By the Outdoor Gym area,https://ourparks.org.uk/borough/low-impact-stretch-106319,Craydene Open Space,DA8 2HR,Erith,Craydene Road,GB,51.470321952769,0.184112241266,London Borough of Bexley,https://ourparks.org.uk/borough/london-borough-bexley,Kelly
106320,Low Impact Stretch,2025-11-14 09:30:00+00:00,2025-11-14 10:30:00+00:00,PT60M,Yoga,Intermediate,30.0,30,True,By the Outdoor Gym area,https://ourparks.org.uk/borough/low-impact-stretch-106320,Craydene Open Space,DA8 2HR,Erith,Craydene Road,GB,51.470321952769,0.184112241266,London Borough of Bexley,https://ourparks.org.uk/borough/london-borough-bexley,Kelly
106321,Low Impact Stretch,2025-11-21 09:30:00+00:00,2025-11-21 10:30:00+00:00,PT60M,Yoga,Intermediate,30.0,30,True,By the Outdoor Gym area,https://ourparks.org.uk/borough/low-impact-stretch-106321,Craydene Open Space,DA8 2HR,Erith,Craydene Road,GB,51.470321952769,0.184112241266,London Borough of Bexley,https://ourparks.org.uk/borough/london-borough-bexley,Kelly
106328,Low Impact Stretch,2026-01-09 09:30:00+00:00,2026-01-09 10:30:00+00:00,PT60M,Yoga,Intermediate,30.0,30,True,By the Outdoor Gym area,https://ourparks.org.uk/borough/low-impact-stretch-106328,Craydene Open Space,DA8 2HR,Erith,Craydene Road,GB,51.470321952769,0.184112241266,London Borough of Bexley,https://ourparks.org.uk/borough/london-borough-bexley,Kelly
106307,Low Impact Stretch,2025-08-15 08:30:00+00:00,2025-08-15 09:30:00+00:00,PT60M,Yoga,Intermediate,30.0,30,True,By the Outdoor Gym area,https://ourparks.org.uk/borough/low-impact-stretch-106307,Craydene Open Space,DA8 2HR,Erith,Craydene Road,GB,51.470321952769,0.184112241266,London Borough of Bexley,https://ourparks.org.uk/borough/london-borough-bexley,Kelly
106270,Beginners Bootcamp,2025-08-12 08:30:00+00:00,2025-08-12 09:30:00+00:00,PT60M,Bootcamp,Intermediate,30.0,30,True,Open playground space,https://ourparks.org.uk/borough/beginners-bootcamp-106270,East Wickham Open Space,DA16 3BJ,Welling,East Wickham Open Space,GB,51.47144151112,0.103413504169,London Borough of Bexley,https://ourparks.org.uk/borough/london-borough-bexley,Donna
106135,LIIT,2025-08-31 09:00:00+00:00,2025-08-31 10:00:00+00:00,PT60M,Bootcamp,Intermediate,29.0,29,True,By the St Mary's Gate entrance,https://ourparks.org.uk/borough/liit-106135,Greenwich Park,SE10 9JL,London,St Mary's Gate,GB,51.479613763653,-0.006785005332,The Royal Parks,https://ourparks.org.uk/borough/royal-parks,Drew
98295,Bootcamp,2025-08-07 08:30:00+00:00,2025-08-07 09:30:00+00:00,PT60M,Bootcamp,Intermediate,29.0,29,True,Play Area,https://ourparks.org.uk/borough/bootcamp-98295,Harefield Village Green,UB9 6EG,Harefield,Harefield Village Green,GB,51.604697285476,-0.480577927343,Hillingdon,https://ourparks.org.uk/borough/hillingdon,Sheila
103321,Box Fit,2025-08-07 17:00:00+00:00,2025-08-07 18:00:00+00:00,PT60M,Boxing Fitness,Intermediate,29.0,29,True,Outdoor Gym area,https://ourparks.org.uk/borough/box-fit-103321,Victory Park (E20),E20 2ST,London,Victory Park,GB,51.546291703992,-0.00978845673,East Village,https://ourparks.org.uk/borough/east-village,Albert
106115,Bootcamp,2025-08-16 08:30:00+00:00,2025-08-16 09:30:00+00:00,PT60M,Bootcamp,Intermediate,29.0,29,True,Beddington Park car park (South),https://ourparks.org.uk/borough/bootcamp-106115,Beddington Park,SM6 7NN,Wallington,Church Road,GB,51.369874622426,-0.147107063538,Sutton,https://ourparks.org.uk/borough/sutton,Lisa
106116,Bootcamp,2025-08-23 08:30:00+00:00,2025-08-23 09:30:00+00:00,PT60M,Bootcamp,Intermediate,29.0,29,True,Beddington Park car park (South),https://ourparks.org.uk/borough/bootcamp-106116,Beddington Park,SM6 7NN,Wallington,Church Road,GB,51.369874622426,-0.147107063538,Sutton,https://ourparks.org.uk/borough/sutton,PHILIP
106117,Bootcamp,2025-08-30 08:30:00+00:00,2025-08-30 09:30:00+00:00,PT60M,Bootcamp,Intermediate,29.0,29,True,Beddington Park car park (South),https://ourparks.org.uk/borough/bootcamp-106117,Beddington Park,SM6 7NN,Wallington,Church Road,GB,51.369874622426,-0.147107063538,Sutton,https://ourparks.org.uk/borough/sutton,Lisa
103998,Bootcamp,2025-08-09 08:30:00+00:00,2025-08-09 09:30:00+00:00,PT60M,Bootcamp,Intermediate,29.0,29,True,Outdoor gym area,https://ourparks.org.uk/borough/bootcamp-103998,Queens Park Gardens,W10 4QH,London,Queen Park Gardens,GB,51.5284574,-0.2089447,City of Westminster,https://ourparks.org.uk/borough/city-westminster,NROB 
106408,Bootcamp,2025-10-04 09:00:00+00:00,2025-10-04 10:00:00+00:00,PT60M,Bootcamp,Intermediate,0.0,0,True,Meeting by the playground swing park in Slade Green Recreational Ground,https://ourparks.org.uk/borough/bootcamp-106408,Slade Green Recreational Ground,DA8 2LX,Bexley,Slade Green,GB,51.469708263156,0.198783354461,London Borough of Bexley,https://ourparks.org.uk/borough/london-borough-bexley,Danni
106409,Bootcamp,2025-10-11 09:00:00+00:00,2025-10-11 10:00:00+00:00,PT60M,Bootcamp,Intermediate,0.0,0,True,Meeting by the playground swing park in Slade Green Recreational Ground,https://ourparks.org.uk/borough/bootcamp-106409,Slade Green Recreational Ground,DA8 2LX,Bexley,Slade Green,GB,51.469708263156,0.198783354461,London Borough of Bexley,https://ourparks.org.uk/borough/london-borough-bexley,Danni
106410,Bootcamp,2025-10-18 09:00:00+00:00,2025-10-18 10:00:00+00:00,PT60M,Bootcamp,Intermediate,0.0,0,True,Meeting by the playground swing park in Slade Green Recreational Ground,https://ourparks.org.uk/borough/bootcamp-106410,Slade Green Recreational Ground,DA8 2LX,Bexley,Slade Green,GB,51.469708263156,0.198783354461,London Borough of Bexley,https://ourparks.org.uk/borough/london-borough-bexley,Danni
106411,Bootcamp,2025-10-25 09:00:00+00:00,2025-10-25 10:00:00+00:00,PT60M,Bootcamp,Intermediate,0.0,0,True,Meeting by the playground swing park in Slade Green Recreational Ground,https://ourparks.org.uk/borough/bootcamp-106411,Slade Green Recreational Ground,DA8 2LX,Bexley,Slade Green,GB,51.469708263156,0.198783354461,London Borough of Bexley,https://ourparks.org.uk/borough/london-borough-bexley,Danni
106412,Bootcamp,2025-11-01 09:00:00+00:00,2025-11-01 10:00:00+00:00,PT60M,Bootcamp,Intermediate,0.0,0,True,Meeting by the playground swing park in Slade Green Recreational Ground,https://ourparks.org.uk/borough/bootcamp-106412,Slade Green Recreational Ground,DA8 2LX,Bexley,Slade Green,GB,51.469708263156,0.198783354461,London Borough of Bexley,https://ourparks.org.uk/borough/london-borough-bexley,Danni
106413,Bootcamp,2025-11-08 09:00:00+00:00,2025-11-08 10:00:00+00:00,PT60M,Bootcamp,Intermediate,0.0,0,True,Meeting by the playground swing park in Slade Green Recreational Ground,https://ourparks.org.uk/borough/bootcamp-106413,Slade Green Recreational Ground,DA8 2LX,Bexley,Slade Green,GB,51.469708263156,0.198783354461,London Borough of Bexley,https://ourparks.org.uk/borough/london-borough-bexley,Danni
106414,Bootcamp,2025-11-15 09:00:00+00:00,2025-11-15 10:00:00+00:00,PT60M,Bootcamp,Intermediate,0.0,0,True,Meeting by the playground swing park in Slade Green Recreational Ground,https://ourparks.org.uk/borough/bootcamp-106414,Slade Green Recreational Ground,DA8 2LX,Bexley,Slade Green,GB,51.469708263156,0.198783354461,London Borough of Bexley,https://ourparks.org.uk/borough/london-borough-bexley,Danni
106415,Bootcamp,2025-11-22 09:00:00+00:00,2025-11-22 10:00:00+00:00,PT60M,Bootcamp,Intermediate,0.0,0,True,Meeting by the playground swing park in Slade Green Recreational Ground,https://ourparks.org.uk/borough/bootcamp-106415,Slade Green Recreational Ground,DA8 2LX,Bexley,Slade Green,GB,51.469708263156,0.198783354461,London Borough of Bexley,https://ourparks.org.uk/borough/london-borough-bexley,Danni
106416,Bootcamp,2025-11-29 09:00:00+00:00,2025-11-29 10:00:00+00:00,PT60M,Bootcamp,Intermediate,0.0,0,True,Meeting by the playground swing park in Slade Green Recreational Ground,https://ourparks.org.uk/borough/bootcamp-106416,Slade Green Recreational Ground,DA8 2LX,Bexley,Slade Green,GB,51.469708263156,0.198783354461,London Borough of Bexley,https://ourparks.org.uk/borough/london-borough-bexley,Danni
106417,Bootcamp,2025-12-06 09:00:00+00:00,2025-12-06 10:00:00+00:00,PT60M,Bootcamp,Intermediate,0.0,0,True,Meeting by the playground swing park in Slade Green Recreational Ground,https://ourparks.org.uk/borough/bootcamp-106417,Slade Green Recreational Ground,DA8 2LX,Bexley,Slade Green,GB,51.469708263156,0.198783354461,London Borough of Bexley,https://ourparks.org.uk/borough/london-borough-bexley,Danni
106418,Bootcamp,2025-12-13 09:00:00+00:00,2025-12-13 10:00:00+00:00,PT60M,Bootcamp,Intermediate,0.0,0,True,Meeting by the playground swing park in Slade Green Recreational Ground,https://ourparks.org.uk/borough/bootcamp-106418,Slade Green Recreational Ground,DA8 2LX,Bexley,Slade Green,GB,51.469708263156,0.198783354461,London Borough of Bexley,https://ourparks.org.uk/borough/london-borough-bexley,Danni
106422,Bootcamp,2026-01-10 09:00:00+00:00,2026-01-10 10:00:00+00:00,PT60M,Bootcamp,Intermediate,0.0,0,True,Meeting by the playground swing park in Slade Green Recreational Ground,https://ourparks.org.uk/borough/bootcamp-106422,Slade Green Recreational Ground,DA8 2LX,Bexley,Slade Green,GB,51.469708263156,0.198783354461,London Borough of Bexley,https://ourparks.org.uk/borough/london-borough-bexley,Danni
106423,Bootcamp,2026-01-17 09:00:00+00:00,2026-01-17 10:00:00+00:00,PT60M,Bootcamp,Intermediate,0.0,0,True,Meeting by the playground swing park in Slade Green Recreational Ground,https://ourparks.org.uk/borough/bootcamp-106423,Slade Green Recreational Ground,DA8 2LX,Bexley,Slade Green,GB,51.469708263156,0.198783354461,London Borough of Bexley,https://ourparks.org.uk/borough/london-borough-bexley,Danni
106424,Bootcamp,2026-01-24 09:00:00+00:00,2026-01-24 10:00:00+00:00,PT60M,Bootcamp,Intermediate,0.0,0,True,Meeting by the playground swing park in Slade Green Recreational Ground,https://ourparks.org.uk/borough/bootcamp-106424,Slade Green Recreational Ground,DA8 2LX,Bexley,Slade Green,GB,51.469708263156,0.198783354461,London Borough of Bexley,https://ourparks.org.uk/borough/london-borough-bexley,Danni
106425,Bootcamp,2026-01-31 09:00:00+00:00,2026-01-31 10:00:00+00:00,PT60M,Bootcamp,Intermediate,0.0,0,True,Meeting by the playground swing park in Slade Green Recreational Ground,https://ourparks.org.uk/borough/bootcamp-106425,Slade Green Recreational Ground,DA8 2LX,Bexley,Slade Green,GB,51.469708263156,0.198783354461,London Borough of Bexley,https://ourparks.org.uk/borough/london-borough-bexley,Danni
106427,Bootcamp,2025-10-04 09:00:00+00:00,2025-10-04 10:00:00+00:00,PT60M,Bootcamp,Intermediate,29.0,29,True,Hard surface by Kids Play Area near car park,https://ourparks.org.uk/borough/bootcamp-106427,Hoblingwell Wood Recreation Ground,BR5 2QB,Orpington,Hoblingwell Recreation Ground,GB,51.402261016538,0.099742592442,Bromley,https://ourparks.org.uk/borough/bromley,Jo
106428,Bootcamp,2025-10-11 09:00:00+00:00,2025-10-11 10:00:00+00:00,PT60M,Bootcamp,Intermediate,29.0,29,True,Hard surface by Kids Play Area near car park,https://ourparks.org.uk/borough/bootcamp-106428,Hoblingwell Wood Recreation Ground,BR5 2QB,Orpington,Hoblingwell Recreation Ground,GB,51.402261016538,0.099742592442,Bromley,https://ourparks.org.uk/borough/bromley,Jo
106429,Bootcamp,2025-10-18 09:00:00+00:00,2025-10-18 10:00:00+00:00,PT60M,Bootcamp,Intermediate,29.0,29,True,Hard surface by Kids Play Area near car park,https://ourparks.org.uk/borough/bootcamp-106429,Hoblingwell Wood Recreation Ground,BR5 2QB,Orpington,Hoblingwell Recreation Ground,GB,51.402261016538,0.099742592442,Bromley,https://ourparks.org.uk/borough/bromley,Jo
106431,Bootcamp,2025-11-01 09:00:00+00:00,2025-11-01 10:00:00+00:00,PT60M,Bootcamp,Intermediate,29.0,29,True,Hard surface by Kids Play Area near car park,https://ourparks.org.uk/borough/bootcamp-106431,Hoblingwell Wood Recreation Ground,BR5 2QB,Orpington,Hoblingwell Recreation Ground,GB,51.402261016538,0.099742592442,Bromley,https://ourparks.org.uk/borough/bromley,Jo
106433,Bootcamp,2025-11-15 09:00:00+00:00,2025-11-15 10:00:00+00:00,PT60M,Bootcamp,Intermediate,29.0,29,True,Hard surface by Kids Play Area near car park,https://ourparks.org.uk/borough/bootcamp-106433,Hoblingwell Wood Recreation Ground,BR5 2QB,Orpington,Hoblingwell Recreation Ground,GB,51.402261016538,0.099742592442,Bromley,https://ourparks.org.uk/borough/bromley,Jo
106434,Bootcamp,2025-11-22 09:00:00+00:00,2025-11-22 10:00:00+00:00,PT60M,Bootcamp,Intermediate,29.0,29,True,Hard surface by Kids Play Area near car park,https://ourparks.org.uk/borough/bootcamp-106434,Hoblingwell Wood Recreation Ground,BR5 2QB,Orpington,Hoblingwell Recreation Ground,GB,51.402261016538,0.099742592442,Bromley,https://ourparks.org.uk/borough/bromley,Jo
106435,Bootcamp,2025-11-29 09:00:00+00:00,2025-11-29 10:00:00+00:00,PT60M,Bootcamp,Intermediate,29.0,29,True,Hard surface by Kids Play Area near car park,https://ourparks.org.uk/borough/bootcamp-106435,Hoblingwell Wood Recreation Ground,BR5 2QB,Orpington,Hoblingwell Recreation Ground,GB,51.402261016538,0.099742592442,Bromley,https://ourparks.org.uk/borough/bromley,Jo
106436,Bootcamp,2025-12-06 09:00:00+00:00,2025-12-06 10:00:00+00:00,PT60M,Bootcamp,Intermediate,29.0,29,True,Hard surface by Kids Play Area near car park,https://ourparks.org.uk/borough/bootcamp-106436,Hoblingwell Wood Recreation Ground,BR5 2QB,Orpington,Hoblingwell Recreation Ground,GB,51.402261016538,0.099742592442,Bromley,https://ourparks.org.uk/borough/bromley,Jo
106437,Bootcamp,2025-12-13 09:00:00+00:00,2025-12-13 10:00:00+00:00,PT60M,Bootcamp,Intermediate,29.0,29,True,Hard surface by Kids Play Area near car park,https://ourparks.org.uk/borough/bootcamp-106437,Hoblingwell Wood Recreation Ground,BR5 2QB,Orpington,Hoblingwell Recreation Ground,GB,51.402261016538,0.099742592442,Bromley,https://ourparks.org.uk/borough/bromley,Jo
106441,Bootcamp,2026-01-10 09:00:00+00:00,2026-01-10 10:00:00+00:00,PT60M,Bootcamp,Intermediate,29.0,29,True,Hard surface by Kids Play Area near car park,https://ourparks.org.uk/borough/bootcamp-106441,Hoblingwell Wood Recreation Ground,BR5 2QB,Orpington,Hoblingwell Recreation Ground,GB,51.402261016538,0.099742592442,Bromley,https://ourparks.org.uk/borough/bromley,Jo
106442,Bootcamp,2026-01-17 09:00:00+00:00,2026-01-17 10:00:00+00:00,PT60M,Bootcamp,Intermediate,29.0,29,True,Hard surface by Kids Play Area near car park,https://ourparks.org.uk/borough/bootcamp-106442,Hoblingwell Wood Recreation Ground,BR5 2QB,Orpington,Hoblingwell Recreation Ground,GB,51.402261016538,0.099742592442,Bromley,https://ourparks.org.uk/borough/bromley,Jo
106443,Bootcamp,2026-01-24 09:00:00+00:00,2026-01-24 10:00:00+00:00,PT60M,Bootcamp,Intermediate,29.0,29,True,Hard surface by Kids Play Area near car park,https://ourparks.org.uk/borough/bootcamp-106443,Hoblingwell Wood Recreation Ground,BR5 2QB,Orpington,Hoblingwell Recreation Ground,GB,51.402261016538,0.099742592442,Bromley,https://ourparks.org.uk/borough/bromley,Jo
106444,Bootcamp,2026-01-31 09:00:00+00:00,2026-01-31 10:00:00+00:00,PT60M,Bootcamp,Intermediate,29.0,29,True,Hard surface by Kids Play Area near car park,https://ourparks.org.uk/borough/bootcamp-106444,Hoblingwell Wood Recreation Ground,BR5 2QB,Orpington,Hoblingwell Recreation Ground,GB,51.402261016538,0.099742592442,Bromley,https://ourparks.org.uk/borough/bromley,Jo
106445,Bootcamp,2026-02-07 09:00:00+00:00,2026-02-07 10:00:00+00:00,PT60M,Bootcamp,Intermediate,29.0,29,True,Hard surface by Kids Play Area near car park,https://ourparks.org.uk/borough/bootcamp-106445,Hoblingwell Wood Recreation Ground,BR5 2QB,Orpington,Hoblingwell Recreation Ground,GB,51.402261016538,0.099742592442,Bromley,https://ourparks.org.uk/borough/bromley,Jo
106447,Bootcamp,2025-10-04 08:30:00+00:00,2025-10-04 09:30:00+00:00,PT60M,Bootcamp,Intermediate,29.0,29,True,Beddington Park car park (South),https://ourparks.org.uk/borough/bootcamp-106447,Beddington Park,SM6 7NN,Wallington,Church Road,GB,51.369874622426,-0.147107063538,Sutton,https://ourparks.org.uk/borough/sutton,Premika
106449,Bootcamp,2025-10-18 08:30:00+00:00,2025-10-18 09:30:00+00:00,PT60M,Bootcamp,Intermediate,29.0,29,True,Beddington Park car park (South),https://ourparks.org.uk/borough/bootcamp-106449,Beddington Park,SM6 7NN,Wallington,Church Road,GB,51.369874622426,-0.147107063538,Sutton,https://ourparks.org.uk/borough/sutton,Premika
106450,Bootcamp,2025-10-25 08:30:00+00:00,2025-10-25 09:30:00+00:00,PT60M,Bootcamp,Intermediate,29.0,29,True,Beddington Park car park (South),https://ourparks.org.uk/borough/bootcamp-106450,Beddington Park,SM6 7NN,Wallington,Church Road,GB,51.369874622426,-0.147107063538,Sutton,https://ourparks.org.uk/borough/sutton,Premika
106451,Bootcamp,2025-11-01 08:30:00+00:00,2025-11-01 09:30:00+00:00,PT60M,Bootcamp,Intermediate,29.0,29,True,Beddington Park car park (South),https://ourparks.org.uk/borough/bootcamp-106451,Beddington Park,SM6 7NN,Wallington,Church Road,GB,51.369874622426,-0.147107063538,Sutton,https://ourparks.org.uk/borough/sutton,Premika
106452,Bootcamp,2025-11-08 08:30:00+00:00,2025-11-08 09:30:00+00:00,PT60M,Bootcamp,Intermediate,29.0,29,True,Beddington Park car park (South),https://ourparks.org.uk/borough/bootcamp-106452,Beddington Park,SM6 7NN,Wallington,Church Road,GB,51.369874622426,-0.147107063538,Sutton,https://ourparks.org.uk/borough/sutton,Premika
106453,Bootcamp,2025-11-15 08:30:00+00:00,2025-11-15 09:30:00+00:00,PT60M,Bootcamp,Intermediate,29.0,29,True,Beddington Park car park (South),https://ourparks.org.uk/borough/bootcamp-106453,Beddington Park,SM6 7NN,Wallington,Church Road,GB,51.369874622426,-0.147107063538,Sutton,https://ourparks.org.uk/borough/sutton,Premika
106454,Bootcamp,2025-11-22 08:30:00+00:00,2025-11-22 09:30:00+00:00,PT60M,Bootcamp,Intermediate,29.0,29,True,Beddington Park car park (South),https://ourparks.org.uk/borough/bootcamp-106454,Beddington Park,SM6 7NN,Wallington,Church Road,GB,51.369874622426,-0.147107063538,Sutton,https://ourparks.org.uk/borough/sutton,Premika
106455,Bootcamp,2025-11-29 08:30:00+00:00,2025-11-29 09:30:00+00:00,PT60M,Bootcamp,Intermediate,29.0,29,True,Beddington Park car park (South),https://ourparks.org.uk/borough/bootcamp-106455,Beddington Park,SM6 7NN,Wallington,Church Road,GB,51.369874622426,-0.147107063538,Sutton,https://ourparks.org.uk/borough/sutton,Premika
106456,Bootcamp,2025-12-06 08:30:00+00:00,2025-12-06 09:30:00+00:00,PT60M,Bootcamp,Intermediate,29.0,29,True,Beddington Park car park (South),https://ourparks.org.uk/borough/bootcamp-106456,Beddington Park,SM6 7NN,Wallington,Church Road,GB,51.369874622426,-0.147107063538,Sutton,https://ourparks.org.uk/borough/sutton,Premika
106457,Bootcamp,2025-12-13 08:30:00+00:00,2025-12-13 09:30:00+00:00,PT60M,Bootcamp,Intermediate,29.0,29,True,Beddington Park car park (South),https://ourparks.org.uk/borough/bootcamp-106457,Beddington Park,SM6 7NN,Wallington,Church Road,GB,51.369874622426,-0.147107063538,Sutton,https://ourparks.org.uk/borough/sutton,Premika
106461,Bootcamp,2026-01-10 08:30:00+00:00,2026-01-10 09:30:00+00:00,PT60M,Bootcamp,Intermediate,29.0,29,True,Beddington Park car park (South),https://ourparks.org.uk/borough/bootcamp-106461,Beddington Park,SM6 7NN,Wallington,Church Road,GB,51.369874622426,-0.147107063538,Sutton,https://ourparks.org.uk/borough/sutton,Premika
106462,Bootcamp,2026-01-17 08:30:00+00:00,2026-01-17 09:30:00+00:00,PT60M,Bootcamp,Intermediate,29.0,29,True,Beddington Park car park (South),https://ourparks.org.uk/borough/bootcamp-106462,Beddington Park,SM6 7NN,Wallington,Church Road,GB,51.369874622426,-0.147107063538,Sutton,https://ourparks.org.uk/borough/sutton,Premika
106463,Bootcamp,2026-01-24 08:30:00+00:00,2026-01-24 09:30:00+00:00,PT60M,Bootcamp,Intermediate,29.0,29,True,Beddington Park car park (South),https://ourparks.org.uk/borough/bootcamp-106463,Beddington Park,SM6 7NN,Wallington,Church Road,GB,51.369874622426,-0.147107063538,Sutton,https://ourparks.org.uk/borough/sutton,Premika
106464,Bootcamp,2026-01-31 08:30:00+00:00,2026-01-31 09:30:00+00:00,PT60M,Bootcamp,Intermediate,29.0,29,True,Beddington Park car park (South),https://ourparks.org.uk/borough/bootcamp-106464,Beddington Park,SM6 7NN,Wallington,Church Road,GB,51.369874622426,-0.147107063538,Sutton,https://ourparks.org.uk/borough/sutton,Premika
106465,Bootcamp,2026-02-07 08:30:00+00:00,2026-02-07 09:30:00+00:00,PT60M,Bootcamp,Intermediate,29.0,29,True,Beddington Park car park (South),https://ourparks.org.uk/borough/bootcamp-106465,Beddington Park,SM6 7NN,Wallington,Church Road,GB,51.369874622426,-0.147107063538,Sutton,https://ourparks.org.uk/borough/sutton,Premika
106466,Box Fit,2025-10-04 09:00:00+00:00,2025-10-04 10:00:00+00:00,PT60M,Boxing Fitness,Intermediate,29.0,29,True,By the Outdoor Gym,https://ourparks.org.uk/borough/box-fit-106466,Mabley Green,E9 5HS,London,"Stop E, Crowfoot Close",GB,51.548910987039,-0.029284231249,Hackney,https://ourparks.org.uk/borough/hackney,Roosevelt 
106467,Box Fit,2025-10-11 09:00:00+00:00,2025-10-11 10:00:00+00:00,PT60M,Boxing Fitness,Intermediate,29.0,29,True,By the Outdoor Gym,https://ourparks.org.uk/borough/box-fit-106467,Mabley Green,E9 5HS,London,"Stop E, Crowfoot Close",GB,51.548910987039,-0.029284231249,Hackney,https://ourparks.org.uk/borough/hackney,Roosevelt 
106468,Box Fit,2025-10-18 09:00:00+00:00,2025-10-18 10:00:00+00:00,PT60M,Boxing Fitness,Intermediate,29.0,29,True,By the Outdoor Gym,https://ourparks.org.uk/borough/box-fit-106468,Mabley Green,E9 5HS,London,"Stop E, Crowfoot Close",GB,51.548910987039,-0.029284231249,Hackney,https://ourparks.org.uk/borough/hackney,Roosevelt 
106469,Box Fit,2025-10-25 09:00:00+00:00,2025-10-25 10:00:00+00:00,PT60M,Boxing Fitness,Intermediate,29.0,29,True,By the Outdoor Gym,https://ourparks.org.uk/borough/box-fit-106469,Mabley Green,E9 5HS,London,"Stop E, Crowfoot Close",GB,51.548910987039,-0.029284231249,Hackney,https://ourparks.org.uk/borough/hackney,Roosevelt 
106470,Box Fit,2025-11-01 09:00:00+00:00,2025-11-01 10:00:00+00:00,PT60M,Boxing Fitness,Intermediate,29.0,29,True,By the Outdoor Gym,https://ourparks.org.uk/borough/box-fit-106470,Mabley Green,E9 5HS,London,"Stop E, Crowfoot Close",GB,51.548910987039,-0.029284231249,Hackney,https://ourparks.org.uk/borough/hackney,Roosevelt 
106471,Box Fit,2025-11-08 09:00:00+00:00,2025-11-08 10:00:00+00:00,PT60M,Boxing Fitness,Intermediate,29.0,29,True,By the Outdoor Gym,https://ourparks.org.uk/borough/box-fit-106471,Mabley Green,E9 5HS,London,"Stop E, Crowfoot Close",GB,51.548910987039,-0.029284231249,Hackney,https://ourparks.org.uk/borough/hackney,Roosevelt 
106472,Box Fit,2025-11-15 09:00:00+00:00,2025-11-15 10:00:00+00:00,PT60M,Boxing Fitness,Intermediate,29.0,29,True,By the Outdoor Gym,https://ourparks.org.uk/borough/box-fit-106472,Mabley Green,E9 5HS,London,"Stop E, Crowfoot Close",GB,51.548910987039,-0.029284231249,Hackney,https://ourparks.org.uk/borough/hackney,Roosevelt 
106473,Box Fit,2025-11-22 09:00:00+00:00,2025-11-22 10:00:00+00:00,PT60M,Boxing Fitness,Intermediate,29.0,29,True,By the Outdoor Gym,https://ourparks.org.uk/borough/box-fit-106473,Mabley Green,E9 5HS,London,"Stop E, Crowfoot Close",GB,51.548910987039,-0.029284231249,Hackney,https://ourparks.org.uk/borough/hackney,Roosevelt 
106474,Box Fit,2025-11-29 09:00:00+00:00,2025-11-29 10:00:00+00:00,PT60M,Boxing Fitness,Intermediate,29.0,29,True,By the Outdoor Gym,https://ourparks.org.uk/borough/box-fit-106474,Mabley Green,E9 5HS,London,"Stop E, Crowfoot Close",GB,51.548910987039,-0.029284231249,Hackney,https://ourparks.org.uk/borough/hackney,Roosevelt 
106475,Box Fit,2025-12-06 09:00:00+00:00,2025-12-06 10:00:00+00:00,PT60M,Boxing Fitness,Intermediate,29.0,29,True,By the Outdoor Gym,https://ourparks.org.uk/borough/box-fit-106475,Mabley Green,E9 5HS,London,"Stop E, Crowfoot Close",GB,51.548910987039,-0.029284231249,Hackney,https://ourparks.org.uk/borough/hackney,Roosevelt 
106476,Box Fit,2025-12-13 09:00:00+00:00,2025-12-13 10:00:00+00:00,PT60M,Boxing Fitness,Intermediate,29.0,29,True,By the Outdoor Gym,https://ourparks.org.uk/borough/box-fit-106476,Mabley Green,E9 5HS,London,"Stop E, Crowfoot Close",GB,51.548910987039,-0.029284231249,Hackney,https://ourparks.org.uk/borough/hackney,Roosevelt 
106480,Box Fit,2026-01-10 09:00:00+00:00,2026-01-10 10:00:00+00:00,PT60M,Boxing Fitness,Intermediate,29.0,29,True,By the Outdoor Gym,https://ourparks.org.uk/borough/box-fit-106480,Mabley Green,E9 5HS,London,"Stop E, Crowfoot Close",GB,51.548910987039,-0.029284231249,Hackney,https://ourparks.org.uk/borough/hackney,Roosevelt 
106481,Box Fit,2026-01-17 09:00:00+00:00,2026-01-17 10:00:00+00:00,PT60M,Boxing Fitness,Intermediate,29.0,29,True,By the Outdoor Gym,https://ourparks.org.uk/borough/box-fit-106481,Mabley Green,E9 5HS,London,"Stop E, Crowfoot Close",GB,51.548910987039,-0.029284231249,Hackney,https://ourparks.org.uk/borough/hackney,Roosevelt 
106482,Box Fit,2026-01-24 09:00:00+00:00,2026-01-24 10:00:00+00:00,PT60M,Boxing Fitness,Intermediate,29.0,29,True,By the Outdoor Gym,https://ourparks.org.uk/borough/box-fit-106482,Mabley Green,E9 5HS,London,"Stop E, Crowfoot Close",GB,51.548910987039,-0.029284231249,Hackney,https://ourparks.org.uk/borough/hackney,Roosevelt 
106483,Box Fit,2026-01-31 09:00:00+00:00,2026-01-31 10:00:00+00:00,PT60M,Boxing Fitness,Intermediate,29.0,29,True,By the Outdoor Gym,https://ourparks.org.uk/borough/box-fit-106483,Mabley Green,E9 5HS,London,"Stop E, Crowfoot Close",GB,51.548910987039,-0.029284231249,Hackney,https://ourparks.org.uk/borough/hackney,Roosevelt 
106484,Box Fit,2026-02-07 09:00:00+00:00,2026-02-07 10:00:00+00:00,PT60M,Boxing Fitness,Intermediate,29.0,29,True,By the Outdoor Gym,https://ourparks.org.uk/borough/box-fit-106484,Mabley Green,E9 5HS,London,"Stop E, Crowfoot Close",GB,51.548910987039,-0.029284231249,Hackney,https://ourparks.org.uk/borough/hackney,Roosevelt 
106486,HIIT,2025-10-25 09:00:00+00:00,2025-10-25 10:00:00+00:00,PT60M,HIIT,Intermediate,29.0,29,True,Parliament Hill end of the Heath by the mown grass area next to the bandstand,https://ourparks.org.uk/borough/hiit-106486,Hampstead Heath,NW5 1QY,London,Hampstead Heath Highgate Rd,GB,51.559276267073,-0.15334605909,Camden,https://ourparks.org.uk/borough/camden,Ana
106487,HIIT,2025-11-01 09:00:00+00:00,2025-11-01 10:00:00+00:00,PT60M,HIIT,Intermediate,29.0,29,True,Parliament Hill end of the Heath by the mown grass area next to the bandstand,https://ourparks.org.uk/borough/hiit-106487,Hampstead Heath,NW5 1QY,London,Hampstead Heath Highgate Rd,GB,51.559276267073,-0.15334605909,Camden,https://ourparks.org.uk/borough/camden,Ana
106488,HIIT,2025-11-08 09:00:00+00:00,2025-11-08 10:00:00+00:00,PT60M,HIIT,Intermediate,29.0,29,True,Parliament Hill end of the Heath by the mown grass area next to the bandstand,https://ourparks.org.uk/borough/hiit-106488,Hampstead Heath,NW5 1QY,London,Hampstead Heath Highgate Rd,GB,51.559276267073,-0.15334605909,Camden,https://ourparks.org.uk/borough/camden,Ana
106489,HIIT,2025-11-15 09:00:00+00:00,2025-11-15 10:00:00+00:00,PT60M,HIIT,Intermediate,29.0,29,True,Parliament Hill end of the Heath by the mown grass area next to the bandstand,https://ourparks.org.uk/borough/hiit-106489,Hampstead Heath,NW5 1QY,London,Hampstead Heath Highgate Rd,GB,51.559276267073,-0.15334605909,Camden,https://ourparks.org.uk/borough/camden,Ana
106490,HIIT,2025-11-22 09:00:00+00:00,2025-11-22 10:00:00+00:00,PT60M,HIIT,Intermediate,29.0,29,True,Parliament Hill end of the Heath by the mown grass area next to the bandstand,https://ourparks.org.uk/borough/hiit-106490,Hampstead Heath,NW5 1QY,London,Hampstead Heath Highgate Rd,GB,51.559276267073,-0.15334605909,Camden,https://ourparks.org.uk/borough/camden,Ana
106491,HIIT,2025-11-29 09:00:00+00:00,2025-11-29 10:00:00+00:00,PT60M,HIIT,Intermediate,29.0,29,True,Parliament Hill end of the Heath by the mown grass area next to the bandstand,https://ourparks.org.uk/borough/hiit-106491,Hampstead Heath,NW5 1QY,London,Hampstead Heath Highgate Rd,GB,51.559276267073,-0.15334605909,Camden,https://ourparks.org.uk/borough/camden,Ana
106492,HIIT,2025-12-06 09:00:00+00:00,2025-12-06 10:00:00+00:00,PT60M,HIIT,Intermediate,29.0,29,True,Parliament Hill end of the Heath by the mown grass area next to the bandstand,https://ourparks.org.uk/borough/hiit-106492,Hampstead Heath,NW5 1QY,London,Hampstead Heath Highgate Rd,GB,51.559276267073,-0.15334605909,Camden,https://ourparks.org.uk/borough/camden,Ana
106493,HIIT,2025-12-13 09:00:00+00:00,2025-12-13 10:00:00+00:00,PT60M,HIIT,Intermediate,29.0,29,True,Parliament Hill end of the Heath by the mown grass area next to the bandstand,https://ourparks.org.uk/borough/hiit-106493,Hampstead Heath,NW5 1QY,London,Hampstead Heath Highgate Rd,GB,51.559276267073,-0.15334605909,Camden,https://ourparks.org.uk/borough/camden,Ana
106497,HIIT,2026-01-10 09:00:00+00:00,2026-01-10 10:00:00+00:00,PT60M,HIIT,Intermediate,29.0,29,True,Parliament Hill end of the Heath by the mown grass area next to the bandstand,https://ourparks.org.uk/borough/hiit-106497,Hampstead Heath,NW5 1QY,London,Hampstead Heath Highgate Rd,GB,51.559276267073,-0.15334605909,Camden,https://ourparks.org.uk/borough/camden,Ana
106498,HIIT,2026-01-17 09:00:00+00:00,2026-01-17 10:00:00+00:00,PT60M,HIIT,Intermediate,29.0,29,True,Parliament Hill end of the Heath by the mown grass area next to the bandstand,https://ourparks.org.uk/borough/hiit-106498,Hampstead Heath,NW5 1QY,London,Hampstead Heath Highgate Rd,GB,51.559276267073,-0.15334605909,Camden,https://ourparks.org.uk/borough/camden,Ana
106499,HIIT,2026-01-24 09:00:00+00:00,2026-01-24 10:00:00+00:00,PT60M,HIIT,Intermediate,29.0,29,True,Parliament Hill end of the Heath by the mown grass area next to the bandstand,https://ourparks.org.uk/borough/hiit-106499,Hampstead Heath,NW5 1QY,London,Hampstead Heath Highgate Rd,GB,51.559276267073,-0.15334605909,Camden,https://ourparks.org.uk/borough/camden,Ana
106500,HIIT,2026-01-31 09:00:00+00:00,2026-01-31 10:00:00+00:00,PT60M,HIIT,Intermediate,29.0,29,True,Parliament Hill end of the Heath by the mown grass area next to the bandstand,https://ourparks.org.uk/borough/hiit-106500,Hampstead Heath,NW5 1QY,London,Hampstead Heath Highgate Rd,GB,51.559276267073,-0.15334605909,Camden,https://ourparks.org.uk/borough/camden,Ana
106521,Bootcamp,2025-10-04 09:00:00+00:00,2025-10-04 10:00:00+00:00,PT60M,Bootcamp,Intermediate,29.0,29,True,By Steel Warriors Gym area,https://ourparks.org.uk/borough/bootcamp-106521,Ruskin Park,SE5 9AW,London,Denmark Hill,GB,51.465334687572,-0.094753186132,London Borough of Lambeth,https://ourparks.org.uk/borough/london-borough-lambeth,Stylianos
106522,Bootcamp,2025-10-11 09:00:00+00:00,2025-10-11 10:00:00+00:00,PT60M,Bootcamp,Intermediate,29.0,29,True,By Steel Warriors Gym area,https://ourparks.org.uk/borough/bootcamp-106522,Ruskin Park,SE5 9AW,London,Denmark Hill,GB,51.465334687572,-0.094753186132,London Borough of Lambeth,https://ourparks.org.uk/borough/london-borough-lambeth,Stylianos
106523,Bootcamp,2025-10-18 09:00:00+00:00,2025-10-18 10:00:00+00:00,PT60M,Bootcamp,Intermediate,29.0,29,True,By Steel Warriors Gym area,https://ourparks.org.uk/borough/bootcamp-106523,Ruskin Park,SE5 9AW,London,Denmark Hill,GB,51.465334687572,-0.094753186132,London Borough of Lambeth,https://ourparks.org.uk/borough/london-borough-lambeth,Stylianos
106524,Bootcamp,2025-10-25 09:00:00+00:00,2025-10-25 10:00:00+00:00,PT60M,Bootcamp,Intermediate,29.0,29,True,By Steel Warriors Gym area,https://ourparks.org.uk/borough/bootcamp-106524,Ruskin Park,SE5 9AW,London,Denmark Hill,GB,51.465334687572,-0.094753186132,London Borough of Lambeth,https://ourparks.org.uk/borough/london-borough-lambeth,Stylianos
106525,Bootcamp,2025-11-01 09:00:00+00:00,2025-11-01 10:00:00+00:00,PT60M,Bootcamp,Intermediate,29.0,29,True,By Steel Warriors Gym area,https://ourparks.org.uk/borough/bootcamp-106525,Ruskin Park,SE5 9AW,London,Denmark Hill,GB,51.465334687572,-0.094753186132,London Borough of Lambeth,https://ourparks.org.uk/borough/london-borough-lambeth,Stylianos
106526,Bootcamp,2025-11-08 09:00:00+00:00,2025-11-08 10:00:00+00:00,PT60M,Bootcamp,Intermediate,29.0,29,True,By Steel Warriors Gym area,https://ourparks.org.uk/borough/bootcamp-106526,Ruskin Park,SE5 9AW,London,Denmark Hill,GB,51.465334687572,-0.094753186132,London Borough of Lambeth,https://ourparks.org.uk/borough/london-borough-lambeth,Stylianos
106527,Bootcamp,2025-11-15 09:00:00+00:00,2025-11-15 10:00:00+00:00,PT60M,Bootcamp,Intermediate,29.0,29,True,By Steel Warriors Gym area,https://ourparks.org.uk/borough/bootcamp-106527,Ruskin Park,SE5 9AW,London,Denmark Hill,GB,51.465334687572,-0.094753186132,London Borough of Lambeth,https://ourparks.org.uk/borough/london-borough-lambeth,Stylianos
106528,Bootcamp,2025-11-22 09:00:00+00:00,2025-11-22 10:00:00+00:00,PT60M,Bootcamp,Intermediate,29.0,29,True,By Steel Warriors Gym area,https://ourparks.org.uk/borough/bootcamp-106528,Ruskin Park,SE5 9AW,London,Denmark Hill,GB,51.465334687572,-0.094753186132,London Borough of Lambeth,https://ourparks.org.uk/borough/london-borough-lambeth,Stylianos
106529,Bootcamp,2025-11-29 09:00:00+00:00,2025-11-29 10:00:00+00:00,PT60M,Bootcamp,Intermediate,29.0,29,True,By Steel Warriors Gym area,https://ourparks.org.uk/borough/bootcamp-106529,Ruskin Park,SE5 9AW,London,Denmark Hill,GB,51.465334687572,-0.094753186132,London Borough of Lambeth,https://ourparks.org.uk/borough/london-borough-lambeth,Stylianos
106530,Bootcamp,2025-12-06 09:00:00+00:00,2025-12-06 10:00:00+00:00,PT60M,Bootcamp,Intermediate,29.0,29,True,By Steel Warriors Gym area,https://ourparks.org.uk/borough/bootcamp-106530,Ruskin Park,SE5 9AW,London,Denmark Hill,GB,51.465334687572,-0.094753186132,London Borough of Lambeth,https://ourparks.org.uk/borough/london-borough-lambeth,Stylianos
106540,Bootcamp,2025-08-16 09:30:00+00:00,2025-08-16 10:30:00+00:00,PT60M,Bootcamp,Intermediate,29.0,29,True,Childrens Play area,https://ourparks.org.uk/borough/bootcamp-106540,Stratford Park,E15 4PT,Stratford,West Ham Lane,GB,51.539172347486,0.007154249428,London Borough of Newham,https://ourparks.org.uk/borough/london-borough-newham,Dean
106541,Bootcamp,2025-08-23 09:30:00+00:00,2025-08-23 10:30:00+00:00,PT60M,Bootcamp,Intermediate,29.0,29,True,Childrens Play area,https://ourparks.org.uk/borough/bootcamp-106541,Stratford Park,E15 4PT,Stratford,West Ham Lane,GB,51.539172347486,0.007154249428,London Borough of Newham,https://ourparks.org.uk/borough/london-borough-newham,Dean
106542,Bootcamp,2025-08-30 09:30:00+00:00,2025-08-30 10:30:00+00:00,PT60M,Bootcamp,Intermediate,29.0,29,True,Childrens Play area,https://ourparks.org.uk/borough/bootcamp-106542,Stratford Park,E15 4PT,Stratford,West Ham Lane,GB,51.539172347486,0.007154249428,London Borough of Newham,https://ourparks.org.uk/borough/london-borough-newham,Dean
106543,Bootcamp,2025-09-06 09:30:00+00:00,2025-09-06 10:30:00+00:00,PT60M,Bootcamp,Intermediate,29.0,29,True,Childrens Play area,https://ourparks.org.uk/borough/bootcamp-106543,Stratford Park,E15 4PT,Stratford,West Ham Lane,GB,51.539172347486,0.007154249428,London Borough of Newham,https://ourparks.org.uk/borough/london-borough-newham,Dean
106544,Bootcamp,2025-09-13 09:30:00+00:00,2025-09-13 10:30:00+00:00,PT60M,Bootcamp,Intermediate,29.0,29,True,Childrens Play area,https://ourparks.org.uk/borough/bootcamp-106544,Stratford Park,E15 4PT,Stratford,West Ham Lane,GB,51.539172347486,0.007154249428,London Borough of Newham,https://ourparks.org.uk/borough/london-borough-newham,Dean
106545,Bootcamp,2025-09-20 09:30:00+00:00,2025-09-20 10:30:00+00:00,PT60M,Bootcamp,Intermediate,29.0,29,True,Childrens Play area,https://ourparks.org.uk/borough/bootcamp-106545,Stratford Park,E15 4PT,Stratford,West Ham Lane,GB,51.539172347486,0.007154249428,London Borough of Newham,https://ourparks.org.uk/borough/london-borough-newham,Dean
106546,Bootcamp,2025-09-27 09:30:00+00:00,2025-09-27 10:30:00+00:00,PT60M,Bootcamp,Intermediate,29.0,29,True,Childrens Play area,https://ourparks.org.uk/borough/bootcamp-106546,Stratford Park,E15 4PT,Stratford,West Ham Lane,GB,51.539172347486,0.007154249428,London Borough of Newham,https://ourparks.org.uk/borough/london-borough-newham,Dean
106547,Bootcamp,2025-10-04 09:30:00+00:00,2025-10-04 10:30:00+00:00,PT60M,Bootcamp,Intermediate,29.0,29,True,Childrens Play area,https://ourparks.org.uk/borough/bootcamp-106547,Stratford Park,E15 4PT,Stratford,West Ham Lane,GB,51.539172347486,0.007154249428,London Borough of Newham,https://ourparks.org.uk/borough/london-borough-newham,Dean
106548,Bootcamp,2025-10-11 09:30:00+00:00,2025-10-11 10:30:00+00:00,PT60M,Bootcamp,Intermediate,29.0,29,True,Childrens Play area,https://ourparks.org.uk/borough/bootcamp-106548,Stratford Park,E15 4PT,Stratford,West Ham Lane,GB,51.539172347486,0.007154249428,London Borough of Newham,https://ourparks.org.uk/borough/london-borough-newham,Dean
106550,Bootcamp,2025-10-25 09:30:00+00:00,2025-10-25 10:30:00+00:00,PT60M,Bootcamp,Intermediate,29.0,29,True,Childrens Play area,https://ourparks.org.uk/borough/bootcamp-106550,Stratford Park,E15 4PT,Stratford,West Ham Lane,GB,51.539172347486,0.007154249428,London Borough of Newham,https://ourparks.org.uk/borough/london-borough-newham,Dean
106551,Bootcamp,2025-11-01 09:30:00+00:00,2025-11-01 10:30:00+00:00,PT60M,Bootcamp,Intermediate,29.0,29,True,Childrens Play area,https://ourparks.org.uk/borough/bootcamp-106551,Stratford Park,E15 4PT,Stratford,West Ham Lane,GB,51.539172347486,0.007154249428,London Borough of Newham,https://ourparks.org.uk/borough/london-borough-newham,Dean
106552,Bootcamp,2025-11-08 09:30:00+00:00,2025-11-08 10:30:00+00:00,PT60M,Bootcamp,Intermediate,29.0,29,True,Childrens Play area,https://ourparks.org.uk/borough/bootcamp-106552,Stratford Park,E15 4PT,Stratford,West Ham Lane,GB,51.539172347486,0.007154249428,London Borough of Newham,https://ourparks.org.uk/borough/london-borough-newham,Dean
106553,Bootcamp,2025-11-15 09:30:00+00:00,2025-11-15 10:30:00+00:00,PT60M,Bootcamp,Intermediate,29.0,29,True,Childrens Play area,https://ourparks.org.uk/borough/bootcamp-106553,Stratford Park,E15 4PT,Stratford,West Ham Lane,GB,51.539172347486,0.007154249428,London Borough of Newham,https://ourparks.org.uk/borough/london-borough-newham,Dean
106554,Bootcamp,2025-11-22 09:30:00+00:00,2025-11-22 10:30:00+00:00,PT60M,Bootcamp,Intermediate,29.0,29,True,Childrens Play area,https://ourparks.org.uk/borough/bootcamp-106554,Stratford Park,E15 4PT,Stratford,West Ham Lane,GB,51.539172347486,0.007154249428,London Borough of Newham,https://ourparks.org.uk/borough/london-borough-newham,Dean
106555,Bootcamp,2025-11-29 09:30:00+00:00,2025-11-29 10:30:00+00:00,PT60M,Bootcamp,Intermediate,29.0,29,True,Childrens Play area,https://ourparks.org.uk/borough/bootcamp-106555,Stratford Park,E15 4PT,Stratford,West Ham Lane,GB,51.539172347486,0.007154249428,London Borough of Newham,https://ourparks.org.uk/borough/london-borough-newham,Dean
106556,Bootcamp,2025-12-06 09:30:00+00:00,2025-12-06 10:30:00+00:00,PT60M,Bootcamp,Intermediate,29.0,29,True,Childrens Play area,https://ourparks.org.uk/borough/bootcamp-106556,Stratford Park,E15 4PT,Stratford,West Ham Lane,GB,51.539172347486,0.007154249428,London Borough of Newham,https://ourparks.org.uk/borough/london-borough-newham,Dean
106557,Bootcamp,2025-12-13 09:30:00+00:00,2025-12-13 10:30:00+00:00,PT60M,Bootcamp,Intermediate,29.0,29,True,Childrens Play area,https://ourparks.org.uk/borough/bootcamp-106557,Stratford Park,E15 4PT,Stratford,West Ham Lane,GB,51.539172347486,0.007154249428,London Borough of Newham,https://ourparks.org.uk/borough/london-borough-newham,Dean
105031,Full Body Circuit,2025-08-23 09:00:00+00:00,2025-08-23 10:00:00+00:00,PT60M,Bootcamp,Intermediate,29.0,29,True,Outdoor Gym area,https://ourparks.org.uk/borough/full-body-circuit-105031,Roe Green Park,NW9 9HA,London,Kingsbury High Road Kingsbury,GB,51.586109971363,-0.269687067103,Brent,https://ourparks.org.uk/borough/brent-0,Dec
102308,HIIT,2025-08-30 09:00:00+00:00,2025-08-30 10:00:00+00:00,PT60M,HIIT,Intermediate,29.0,29,True,Parliament Hill end of the Heath by the mown grass area next to the bandstand,https://ourparks.org.uk/borough/hiit-102308,Hampstead Heath,NW5 1QY,London,Hampstead Heath Highgate Rd,GB,51.559276267073,-0.15334605909,Camden,https://ourparks.org.uk/borough/camden,Dec
103322,Box Fit,2025-08-14 17:00:00+00:00,2025-08-14 18:00:00+00:00,PT60M,Boxing Fitness,Intermediate,29.0,29,True,Outdoor Gym area,https://ourparks.org.uk/borough/box-fit-103322,Victory Park (E20),E20 2ST,London,Victory Park,GB,51.546291703992,-0.00978845673,East Village,https://ourparks.org.uk/borough/east-village,Dean
105889,Beginners Bootcamp,2025-08-21 08:00:00+00:00,2025-08-21 09:00:00+00:00,PT60M,Bootcamp,Intermediate,29.0,29,True,"Green Space by the Workout bars, Calisthenic park, outdoor gym",https://ourparks.org.uk/borough/beginners-bootcamp-105889,North Millfields Recreation Ground,E5 0AR,London,North Millfields Recreation Ground,GB,51.562186281586,-0.047345057653,Hackney,https://ourparks.org.uk/borough/hackney,Albert
105921,"Legs, Bums & Tums (LBT)",2025-08-16 09:00:00+00:00,2025-08-16 10:00:00+00:00,PT60M,Abs/Core,Intermediate,29.0,29,True,"Green Space by the Workout bars, Calisthenic park, outdoor gym",https://ourparks.org.uk/borough/legs-bums-tums-lbt-105921,North Millfields Recreation Ground,E5 0AR,London,North Millfields Recreation Ground,GB,51.562186281586,-0.047345057653,Hackney,https://ourparks.org.uk/borough/hackney,Orall
106166,Back to Exercise,2025-09-18 17:30:00+00:00,2025-09-18 18:30:00+00:00,PT60M,Group Exercise,Intermediate,30.0,30,True,"Green Space, to the right of the Lido",https://ourparks.org.uk/borough/back-exercise-106166,Brockwell Park,SE24 0PA,London,Brockwell Park,GB,51.452290766375,-0.105533454431,London Borough of Lambeth,https://ourparks.org.uk/borough/london-borough-lambeth,Inga
104873,Bootcamp,2025-08-09 09:00:00+00:00,2025-08-09 10:00:00+00:00,PT60M,Bootcamp,Intermediate,29.0,29,True,Multi use court,https://ourparks.org.uk/borough/bootcamp-104873,Hillingdon Court Park,UB10 9NT,Uxbridge,Court Park,GB,51.542145414625,-0.453846634192,Hillingdon,https://ourparks.org.uk/borough/hillingdon,Sheila
104874,Bootcamp,2025-08-16 09:00:00+00:00,2025-08-16 10:00:00+00:00,PT60M,Bootcamp,Intermediate,29.0,29,True,Multi use court,https://ourparks.org.uk/borough/bootcamp-104874,Hillingdon Court Park,UB10 9NT,Uxbridge,Court Park,GB,51.542145414625,-0.453846634192,Hillingdon,https://ourparks.org.uk/borough/hillingdon,Sheila
104875,Bootcamp,2025-08-23 09:00:00+00:00,2025-08-23 10:00:00+00:00,PT60M,Bootcamp,Intermediate,29.0,29,True,Multi use court,https://ourparks.org.uk/borough/bootcamp-104875,Hillingdon Court Park,UB10 9NT,Uxbridge,Court Park,GB,51.542145414625,-0.453846634192,Hillingdon,https://ourparks.org.uk/borough/hillingdon,Sheila
104877,Bootcamp,2025-09-06 09:00:00+00:00,2025-09-06 10:00:00+00:00,PT60M,Bootcamp,Intermediate,29.0,29,True,Multi use court,https://ourparks.org.uk/borough/bootcamp-104877,Hillingdon Court Park,UB10 9NT,Uxbridge,Court Park,GB,51.542145414625,-0.453846634192,Hillingdon,https://ourparks.org.uk/borough/hillingdon,Sheila
104879,Bootcamp,2025-09-20 09:00:00+00:00,2025-09-20 10:00:00+00:00,PT60M,Bootcamp,Intermediate,29.0,29,True,Multi use court,https://ourparks.org.uk/borough/bootcamp-104879,Hillingdon Court Park,UB10 9NT,Uxbridge,Court Park,GB,51.542145414625,-0.453846634192,Hillingdon,https://ourparks.org.uk/borough/hillingdon,Sheila
104880,Bootcamp,2025-09-27 09:00:00+00:00,2025-09-27 10:00:00+00:00,PT60M,Bootcamp,Intermediate,29.0,29,True,Multi use court,https://ourparks.org.uk/borough/bootcamp-104880,Hillingdon Court Park,UB10 9NT,Uxbridge,Court Park,GB,51.542145414625,-0.453846634192,Hillingdon,https://ourparks.org.uk/borough/hillingdon,Sheila
104882,Bootcamp,2025-10-11 09:00:00+00:00,2025-10-11 10:00:00+00:00,PT60M,Bootcamp,Intermediate,29.0,29,True,Multi use court,https://ourparks.org.uk/borough/bootcamp-104882,Hillingdon Court Park,UB10 9NT,Uxbridge,Court Park,GB,51.542145414625,-0.453846634192,Hillingdon,https://ourparks.org.uk/borough/hillingdon,Sheila
104883,Bootcamp,2025-10-18 09:00:00+00:00,2025-10-18 10:00:00+00:00,PT60M,Bootcamp,Intermediate,29.0,29,True,Multi use court,https://ourparks.org.uk/borough/bootcamp-104883,Hillingdon Court Park,UB10 9NT,Uxbridge,Court Park,GB,51.542145414625,-0.453846634192,Hillingdon,https://ourparks.org.uk/borough/hillingdon,Sheila
104884,Bootcamp,2025-10-25 09:00:00+00:00,2025-10-25 10:00:00+00:00,PT60M,Bootcamp,Intermediate,29.0,29,True,Multi use court,https://ourparks.org.uk/borough/bootcamp-104884,Hillingdon Court Park,UB10 9NT,Uxbridge,Court Park,GB,51.542145414625,-0.453846634192,Hillingdon,https://ourparks.org.uk/borough/hillingdon,Sheila
104885,Bootcamp,2025-11-01 09:00:00+00:00,2025-11-01 10:00:00+00:00,PT60M,Bootcamp,Intermediate,29.0,29,True,Multi use court,https://ourparks.org.uk/borough/bootcamp-104885,Hillingdon Court Park,UB10 9NT,Uxbridge,Court Park,GB,51.542145414625,-0.453846634192,Hillingdon,https://ourparks.org.uk/borough/hillingdon,Sheila
104886,Bootcamp,2025-11-08 09:00:00+00:00,2025-11-08 10:00:00+00:00,PT60M,Bootcamp,Intermediate,29.0,29,True,Multi use court,https://ourparks.org.uk/borough/bootcamp-104886,Hillingdon Court Park,UB10 9NT,Uxbridge,Court Park,GB,51.542145414625,-0.453846634192,Hillingdon,https://ourparks.org.uk/borough/hillingdon,Sheila
104887,Bootcamp,2025-11-15 09:00:00+00:00,2025-11-15 10:00:00+00:00,PT60M,Bootcamp,Intermediate,29.0,29,True,Multi use court,https://ourparks.org.uk/borough/bootcamp-104887,Hillingdon Court Park,UB10 9NT,Uxbridge,Court Park,GB,51.542145414625,-0.453846634192,Hillingdon,https://ourparks.org.uk/borough/hillingdon,Sheila
104888,Bootcamp,2025-11-22 09:00:00+00:00,2025-11-22 10:00:00+00:00,PT60M,Bootcamp,Intermediate,29.0,29,True,Multi use court,https://ourparks.org.uk/borough/bootcamp-104888,Hillingdon Court Park,UB10 9NT,Uxbridge,Court Park,GB,51.542145414625,-0.453846634192,Hillingdon,https://ourparks.org.uk/borough/hillingdon,Sheila
104889,Bootcamp,2025-11-29 09:00:00+00:00,2025-11-29 10:00:00+00:00,PT60M,Bootcamp,Intermediate,29.0,29,True,Multi use court,https://ourparks.org.uk/borough/bootcamp-104889,Hillingdon Court Park,UB10 9NT,Uxbridge,Court Park,GB,51.542145414625,-0.453846634192,Hillingdon,https://ourparks.org.uk/borough/hillingdon,Sheila
104891,Bootcamp,2025-12-13 09:00:00+00:00,2025-12-13 10:00:00+00:00,PT60M,Bootcamp,Intermediate,29.0,29,True,Multi use court,https://ourparks.org.uk/borough/bootcamp-104891,Hillingdon Court Park,UB10 9NT,Uxbridge,Court Park,GB,51.542145414625,-0.453846634192,Hillingdon,https://ourparks.org.uk/borough/hillingdon,Sheila
104895,Bootcamp,2026-01-10 09:00:00+00:00,2026-01-10 10:00:00+00:00,PT60M,Bootcamp,Intermediate,29.0,29,True,Multi use court,https://ourparks.org.uk/borough/bootcamp-104895,Hillingdon Court Park,UB10 9NT,Uxbridge,Court Park,GB,51.542145414625,-0.453846634192,Hillingdon,https://ourparks.org.uk/borough/hillingdon,Sheila
104896,Bootcamp,2026-01-17 09:00:00+00:00,2026-01-17 10:00:00+00:00,PT60M,Bootcamp,Intermediate,29.0,29,True,Multi use court,https://ourparks.org.uk/borough/bootcamp-104896,Hillingdon Court Park,UB10 9NT,Uxbridge,Court Park,GB,51.542145414625,-0.453846634192,Hillingdon,https://ourparks.org.uk/borough/hillingdon,Sheila
104897,Bootcamp,2026-01-24 09:00:00+00:00,2026-01-24 10:00:00+00:00,PT60M,Bootcamp,Intermediate,29.0,29,True,Multi use court,https://ourparks.org.uk/borough/bootcamp-104897,Hillingdon Court Park,UB10 9NT,Uxbridge,Court Park,GB,51.542145414625,-0.453846634192,Hillingdon,https://ourparks.org.uk/borough/hillingdon,Sheila
104898,Bootcamp,2026-01-31 09:00:00+00:00,2026-01-31 10:00:00+00:00,PT60M,Bootcamp,Intermediate,29.0,29,True,Multi use court,https://ourparks.org.uk/borough/bootcamp-104898,Hillingdon Court Park,UB10 9NT,Uxbridge,Court Park,GB,51.542145414625,-0.453846634192,Hillingdon,https://ourparks.org.uk/borough/hillingdon,Sheila
104985,Yoga,2025-09-03 17:30:00+00:00,2025-09-03 18:30:00+00:00,PT60M,Yoga,Intermediate,29.0,29,True,By the Physical Energy Statue,https://ourparks.org.uk/borough/yoga-104985,Kensington Gardens,W2 3JH,London,NW corner of Kensington Gardens,GB,51.506987,-0.179165,The Royal Parks,https://ourparks.org.uk/borough/royal-parks,Leslie
103219,Pilates,2025-08-25 17:30:00+00:00,2025-08-25 18:30:00+00:00,PT60M,Pilates,Intermediate,29.0,29,True,Outdoor Gym area,https://ourparks.org.uk/borough/pilates-103219,Victory Park (E20),E20 2ST,London,Victory Park,GB,51.546291703992,-0.00978845673,East Village,https://ourparks.org.uk/borough/east-village,Sharron
106658,Beginners Bootcamp,2025-09-06 09:00:00+00:00,2025-09-06 10:00:00+00:00,PT60M,Bootcamp,,30.0,30,True,Outside the Sports Pavilion - Sessions take place by the outdoor gym,https://ourparks.org.uk/borough/beginners-bootcamp-106658,Hall Place Main Field,DA5 1PQ,Bexley,Bourne Road,GB,51.447550001177,0.162264911019,London Borough of Bexley,https://ourparks.org.uk/borough/london-borough-bexley,Ollie
106659,Beginners Bootcamp,2025-09-13 09:00:00+00:00,2025-09-13 10:00:00+00:00,PT60M,Bootcamp,,30.0,30,True,Outside the Sports Pavilion - Sessions take place by the outdoor gym,https://ourparks.org.uk/borough/beginners-bootcamp-106659,Hall Place Main Field,DA5 1PQ,Bexley,Bourne Road,GB,51.447550001177,0.162264911019,London Borough of Bexley,https://ourparks.org.uk/borough/london-borough-bexley,Ollie
106660,Beginners Bootcamp,2025-09-20 09:00:00+00:00,2025-09-20 10:00:00+00:00,PT60M,Bootcamp,,30.0,30,True,Outside the Sports Pavilion - Sessions take place by the outdoor gym,https://ourparks.org.uk/borough/beginners-bootcamp-106660,Hall Place Main Field,DA5 1PQ,Bexley,Bourne Road,GB,51.447550001177,0.162264911019,London Borough of Bexley,https://ourparks.org.uk/borough/london-borough-bexley,Ollie
106661,Beginners Bootcamp,2025-09-27 09:00:00+00:00,2025-09-27 10:00:00+00:00,PT60M,Bootcamp,,30.0,30,True,Outside the Sports Pavilion - Sessions take place by the outdoor gym,https://ourparks.org.uk/borough/beginners-bootcamp-106661,Hall Place Main Field,DA5 1PQ,Bexley,Bourne Road,GB,51.447550001177,0.162264911019,London Borough of Bexley,https://ourparks.org.uk/borough/london-borough-bexley,Ollie
106662,Beginners Bootcamp,2025-10-04 09:00:00+00:00,2025-10-04 10:00:00+00:00,PT60M,Bootcamp,,30.0,30,True,Outside the Sports Pavilion - Sessions take place by the outdoor gym,https://ourparks.org.uk/borough/beginners-bootcamp-106662,Hall Place Main Field,DA5 1PQ,Bexley,Bourne Road,GB,51.447550001177,0.162264911019,London Borough of Bexley,https://ourparks.org.uk/borough/london-borough-bexley,Ollie
106663,Beginners Bootcamp,2025-10-11 09:00:00+00:00,2025-10-11 10:00:00+00:00,PT60M,Bootcamp,,30.0,30,True,Outside the Sports Pavilion - Sessions take place by the outdoor gym,https://ourparks.org.uk/borough/beginners-bootcamp-106663,Hall Place Main Field,DA5 1PQ,Bexley,Bourne Road,GB,51.447550001177,0.162264911019,London Borough of Bexley,https://ourparks.org.uk/borough/london-borough-bexley,Ollie
106664,Beginners Bootcamp,2025-10-18 09:00:00+00:00,2025-10-18 10:00:00+00:00,PT60M,Bootcamp,,30.0,30,True,Outside the Sports Pavilion - Sessions take place by the outdoor gym,https://ourparks.org.uk/borough/beginners-bootcamp-106664,Hall Place Main Field,DA5 1PQ,Bexley,Bourne Road,GB,51.447550001177,0.162264911019,London Borough of Bexley,https://ourparks.org.uk/borough/london-borough-bexley,Ollie
106665,Beginners Bootcamp,2025-10-25 09:00:00+00:00,2025-10-25 10:00:00+00:00,PT60M,Bootcamp,,30.0,30,True,Outside the Sports Pavilion - Sessions take place by the outdoor gym,https://ourparks.org.uk/borough/beginners-bootcamp-106665,Hall Place Main Field,DA5 1PQ,Bexley,Bourne Road,GB,51.447550001177,0.162264911019,London Borough of Bexley,https://ourparks.org.uk/borough/london-borough-bexley,Ollie
106666,Beginners Bootcamp,2025-11-01 09:00:00+00:00,2025-11-01 10:00:00+00:00,PT60M,Bootcamp,,30.0,30,True,Outside the Sports Pavilion - Sessions take place by the outdoor gym,https://ourparks.org.uk/borough/beginners-bootcamp-106666,Hall Place Main Field,DA5 1PQ,Bexley,Bourne Road,GB,51.447550001177,0.162264911019,London Borough of Bexley,https://ourparks.org.uk/borough/london-borough-bexley,Ollie
106667,Beginners Bootcamp,2025-11-08 09:00:00+00:00,2025-11-08 10:00:00+00:00,PT60M,Bootcamp,,30.0,30,True,Outside the Sports Pavilion - Sessions take place by the outdoor gym,https://ourparks.org.uk/borough/beginners-bootcamp-106667,Hall Place Main Field,DA5 1PQ,Bexley,Bourne Road,GB,51.447550001177,0.162264911019,London Borough of Bexley,https://ourparks.org.uk/borough/london-borough-bexley,Ollie
106668,Beginners Bootcamp,2025-11-15 09:00:00+00:00,2025-11-15 10:00:00+00:00,PT60M,Bootcamp,,30.0,30,True,Outside the Sports Pavilion - Sessions take place by the outdoor gym,https://ourparks.org.uk/borough/beginners-bootcamp-106668,Hall Place Main Field,DA5 1PQ,Bexley,Bourne Road,GB,51.447550001177,0.162264911019,London Borough of Bexley,https://ourparks.org.uk/borough/london-borough-bexley,Ollie
106669,Beginners Bootcamp,2025-11-22 09:00:00+00:00,2025-11-22 10:00:00+00:00,PT60M,Bootcamp,,30.0,30,True,Outside the Sports Pavilion - Sessions take place by the outdoor gym,https://ourparks.org.uk/borough/beginners-bootcamp-106669,Hall Place Main Field,DA5 1PQ,Bexley,Bourne Road,GB,51.447550001177,0.162264911019,London Borough of Bexley,https://ourparks.org.uk/borough/london-borough-bexley,Ollie
106670,Beginners Bootcamp,2025-11-29 09:00:00+00:00,2025-11-29 10:00:00+00:00,PT60M,Bootcamp,,30.0,30,True,Outside the Sports Pavilion - Sessions take place by the outdoor gym,https://ourparks.org.uk/borough/beginners-bootcamp-106670,Hall Place Main Field,DA5 1PQ,Bexley,Bourne Road,GB,51.447550001177,0.162264911019,London Borough of Bexley,https://ourparks.org.uk/borough/london-borough-bexley,Ollie
106671,Beginners Bootcamp,2025-12-06 09:00:00+00:00,2025-12-06 10:00:00+00:00,PT60M,Bootcamp,,30.0,30,True,Outside the Sports Pavilion - Sessions take place by the outdoor gym,https://ourparks.org.uk/borough/beginners-bootcamp-106671,Hall Place Main Field,DA5 1PQ,Bexley,Bourne Road,GB,51.447550001177,0.162264911019,London Borough of Bexley,https://ourparks.org.uk/borough/london-borough-bexley,Ollie
106672,Beginners Bootcamp,2025-12-13 09:00:00+00:00,2025-12-13 10:00:00+00:00,PT60M,Bootcamp,,30.0,30,True,Outside the Sports Pavilion - Sessions take place by the outdoor gym,https://ourparks.org.uk/borough/beginners-bootcamp-106672,Hall Place Main Field,DA5 1PQ,Bexley,Bourne Road,GB,51.447550001177,0.162264911019,London Borough of Bexley,https://ourparks.org.uk/borough/london-borough-bexley,Ollie
106676,Beginners Bootcamp,2026-01-10 09:00:00+00:00,2026-01-10 10:00:00+00:00,PT60M,Bootcamp,,30.0,30,True,Outside the Sports Pavilion - Sessions take place by the outdoor gym,https://ourparks.org.uk/borough/beginners-bootcamp-106676,Hall Place Main Field,DA5 1PQ,Bexley,Bourne Road,GB,51.447550001177,0.162264911019,London Borough of Bexley,https://ourparks.org.uk/borough/london-borough-bexley,Ollie
106677,Beginners Bootcamp,2026-01-17 09:00:00+00:00,2026-01-17 10:00:00+00:00,PT60M,Bootcamp,,30.0,30,True,Outside the Sports Pavilion - Sessions take place by the outdoor gym,https://ourparks.org.uk/borough/beginners-bootcamp-106677,Hall Place Main Field,DA5 1PQ,Bexley,Bourne Road,GB,51.447550001177,0.162264911019,London Borough of Bexley,https://ourparks.org.uk/borough/london-borough-bexley,Ollie
106678,Beginners Bootcamp,2026-01-24 09:00:00+00:00,2026-01-24 10:00:00+00:00,PT60M,Bootcamp,,30.0,30,True,Outside the Sports Pavilion - Sessions take place by the outdoor gym,https://ourparks.org.uk/borough/beginners-bootcamp-106678,Hall Place Main Field,DA5 1PQ,Bexley,Bourne Road,GB,51.447550001177,0.162264911019,London Borough of Bexley,https://ourparks.org.uk/borough/london-borough-bexley,Ollie
106679,Beginners Bootcamp,2026-01-31 09:00:00+00:00,2026-01-31 10:00:00+00:00,PT60M,Bootcamp,,30.0,30,True,Outside the Sports Pavilion - Sessions take place by the outdoor gym,https://ourparks.org.uk/borough/beginners-bootcamp-106679,Hall Place Main Field,DA5 1PQ,Bexley,Bourne Road,GB,51.447550001177,0.162264911019,London Borough of Bexley,https://ourparks.org.uk/borough/london-borough-bexley,Ollie
106680,Beginners Bootcamp,2026-02-07 09:00:00+00:00,2026-02-07 10:00:00+00:00,PT60M,Bootcamp,,30.0,30,True,Outside the Sports Pavilion - Sessions take place by the outdoor gym,https://ourparks.org.uk/borough/beginners-bootcamp-106680,Hall Place Main Field,DA5 1PQ,Bexley,Bourne Road,GB,51.447550001177,0.162264911019,London Borough of Bexley,https://ourparks.org.uk/borough/london-borough-bexley,Ollie
106681,Beginners Bootcamp,2026-02-14 09:00:00+00:00,2026-02-14 10:00:00+00:00,PT60M,Bootcamp,,30.0,30,True,Outside the Sports Pavilion - Sessions take place by the outdoor gym,https://ourparks.org.uk/borough/beginners-bootcamp-106681,Hall Place Main Field,DA5 1PQ,Bexley,Bourne Road,GB,51.447550001177,0.162264911019,London Borough of Bexley,https://ourparks.org.uk/borough/london-borough-bexley,Ollie
106682,Beginners Bootcamp,2026-02-21 09:00:00+00:00,2026-02-21 10:00:00+00:00,PT60M,Bootcamp,,30.0,30,True,Outside the Sports Pavilion - Sessions take place by the outdoor gym,https://ourparks.org.uk/borough/beginners-bootcamp-106682,Hall Place Main Field,DA5 1PQ,Bexley,Bourne Road,GB,51.447550001177,0.162264911019,London Borough of Bexley,https://ourparks.org.uk/borough/london-borough-bexley,Ollie
106683,Beginners Bootcamp,2026-02-28 09:00:00+00:00,2026-02-28 10:00:00+00:00,PT60M,Bootcamp,,30.0,30,True,Outside the Sports Pavilion - Sessions take place by the outdoor gym,https://ourparks.org.uk/borough/beginners-bootcamp-106683,Hall Place Main Field,DA5 1PQ,Bexley,Bourne Road,GB,51.447550001177,0.162264911019,London Borough of Bexley,https://ourparks.org.uk/borough/london-borough-bexley,Ollie
106684,Beginners Bootcamp,2026-03-07 09:00:00+00:00,2026-03-07 10:00:00+00:00,PT60M,Bootcamp,,30.0,30,True,Outside the Sports Pavilion - Sessions take place by the outdoor gym,https://ourparks.org.uk/borough/beginners-bootcamp-106684,Hall Place Main Field,DA5 1PQ,Bexley,Bourne Road,GB,51.447550001177,0.162264911019,London Borough of Bexley,https://ourparks.org.uk/borough/london-borough-bexley,Ollie
106685,Beginners Bootcamp,2026-03-14 09:00:00+00:00,2026-03-14 10:00:00+00:00,PT60M,Bootcamp,,30.0,30,True,Outside the Sports Pavilion - Sessions take place by the outdoor gym,https://ourparks.org.uk/borough/beginners-bootcamp-106685,Hall Place Main Field,DA5 1PQ,Bexley,Bourne Road,GB,51.447550001177,0.162264911019,London Borough of Bexley,https://ourparks.org.uk/borough/london-borough-bexley,Ollie
106686,Beginners Bootcamp,2026-03-21 09:00:00+00:00,2026-03-21 10:00:00+00:00,PT60M,Bootcamp,,30.0,30,True,Outside the Sports Pavilion - Sessions take place by the outdoor gym,https://ourparks.org.uk/borough/beginners-bootcamp-106686,Hall Place Main Field,DA5 1PQ,Bexley,Bourne Road,GB,51.447550001177,0.162264911019,London Borough of Bexley,https://ourparks.org.uk/borough/london-borough-bexley,Ollie
106687,Beginners Bootcamp,2026-03-28 09:00:00+00:00,2026-03-28 10:00:00+00:00,PT60M,Bootcamp,,30.0,30,True,Outside the Sports Pavilion - Sessions take place by the outdoor gym,https://ourparks.org.uk/borough/beginners-bootcamp-106687,Hall Place Main Field,DA5 1PQ,Bexley,Bourne Road,GB,51.447550001177,0.162264911019,London Borough of Bexley,https://ourparks.org.uk/borough/london-borough-bexley,Ollie
106688,Beginners Bootcamp,2026-04-04 09:00:00+00:00,2026-04-04 10:00:00+00:00,PT60M,Bootcamp,,30.0,30,True,Outside the Sports Pavilion - Sessions take place by the outdoor gym,https://ourparks.org.uk/borough/beginners-bootcamp-106688,Hall Place Main Field,DA5 1PQ,Bexley,Bourne Road,GB,51.447550001177,0.162264911019,London Borough of Bexley,https://ourparks.org.uk/borough/london-borough-bexley,Ollie
105084,Back to Exercise,2025-08-30 09:00:00+00:00,2025-08-30 10:00:00+00:00,PT60M,Abs/Core,Intermediate,29.0,29,True,The Bandstand,https://ourparks.org.uk/borough/back-exercise-105084,Queens Park,NW6 6LR,London,Kingswood Avenue,GB,51.5365323,-0.2092666,Brent,https://ourparks.org.uk/borough/brent-0,Patrizia
105240,"Abs, Bums & Thighs (ABT)",2025-08-30 11:00:00+00:00,2025-08-30 12:00:00+00:00,PT60M,Abs/Core,Intermediate,29.0,29,True,By the cafe,https://ourparks.org.uk/borough/abs-bums-thighs-abt-105240,Roundwood Park,NW10 3RT,Brent,Roundwood Park,GB,51.5420062,-0.2403952,Brent,https://ourparks.org.uk/borough/brent-0,Patrizia
106694,Full Body Workout,2025-09-20 10:15:00+00:00,2025-09-20 11:15:00+00:00,PT60M,Bootcamp,Intermediate,30.0,30,True,Outdoor Gym area,https://ourparks.org.uk/borough/full-body-workout-106694,Erith Riverside Gardens,DA8 1QY,Erith,Erith High Street,GB,51.482871018656,0.178854717888,London Borough of Bexley,https://ourparks.org.uk/borough/london-borough-bexley,Danni
106695,Full Body Workout,2025-09-27 10:15:00+00:00,2025-09-27 11:15:00+00:00,PT60M,Bootcamp,Intermediate,30.0,30,True,Outdoor Gym area,https://ourparks.org.uk/borough/full-body-workout-106695,Erith Riverside Gardens,DA8 1QY,Erith,Erith High Street,GB,51.482871018656,0.178854717888,London Borough of Bexley,https://ourparks.org.uk/borough/london-borough-bexley,Danni
106696,Full Body Workout,2025-10-04 10:15:00+00:00,2025-10-04 11:15:00+00:00,PT60M,Bootcamp,Intermediate,30.0,30,True,Outdoor Gym area,https://ourparks.org.uk/borough/full-body-workout-106696,Erith Riverside Gardens,DA8 1QY,Erith,Erith High Street,GB,51.482871018656,0.178854717888,London Borough of Bexley,https://ourparks.org.uk/borough/london-borough-bexley,Danni
106697,Full Body Workout,2025-10-11 10:15:00+00:00,2025-10-11 11:15:00+00:00,PT60M,Bootcamp,Intermediate,30.0,30,True,Outdoor Gym area,https://ourparks.org.uk/borough/full-body-workout-106697,Erith Riverside Gardens,DA8 1QY,Erith,Erith High Street,GB,51.482871018656,0.178854717888,London Borough of Bexley,https://ourparks.org.uk/borough/london-borough-bexley,Danni
106698,Full Body Workout,2025-10-18 10:15:00+00:00,2025-10-18 11:15:00+00:00,PT60M,Bootcamp,Intermediate,30.0,30,True,Outdoor Gym area,https://ourparks.org.uk/borough/full-body-workout-106698,Erith Riverside Gardens,DA8 1QY,Erith,Erith High Street,GB,51.482871018656,0.178854717888,London Borough of Bexley,https://ourparks.org.uk/borough/london-borough-bexley,Danni
106699,Full Body Workout,2025-10-25 10:15:00+00:00,2025-10-25 11:15:00+00:00,PT60M,Bootcamp,Intermediate,30.0,30,True,Outdoor Gym area,https://ourparks.org.uk/borough/full-body-workout-106699,Erith Riverside Gardens,DA8 1QY,Erith,Erith High Street,GB,51.482871018656,0.178854717888,London Borough of Bexley,https://ourparks.org.uk/borough/london-borough-bexley,Danni
106700,Full Body Workout,2025-11-01 10:15:00+00:00,2025-11-01 11:15:00+00:00,PT60M,Bootcamp,Intermediate,30.0,30,True,Outdoor Gym area,https://ourparks.org.uk/borough/full-body-workout-106700,Erith Riverside Gardens,DA8 1QY,Erith,Erith High Street,GB,51.482871018656,0.178854717888,London Borough of Bexley,https://ourparks.org.uk/borough/london-borough-bexley,Danni
106701,Full Body Workout,2025-11-08 10:15:00+00:00,2025-11-08 11:15:00+00:00,PT60M,Bootcamp,Intermediate,30.0,30,True,Outdoor Gym area,https://ourparks.org.uk/borough/full-body-workout-106701,Erith Riverside Gardens,DA8 1QY,Erith,Erith High Street,GB,51.482871018656,0.178854717888,London Borough of Bexley,https://ourparks.org.uk/borough/london-borough-bexley,Danni
106702,Full Body Workout,2025-11-15 10:15:00+00:00,2025-11-15 11:15:00+00:00,PT60M,Bootcamp,Intermediate,30.0,30,True,Outdoor Gym area,https://ourparks.org.uk/borough/full-body-workout-106702,Erith Riverside Gardens,DA8 1QY,Erith,Erith High Street,GB,51.482871018656,0.178854717888,London Borough of Bexley,https://ourparks.org.uk/borough/london-borough-bexley,Danni
106703,Full Body Workout,2025-11-22 10:15:00+00:00,2025-11-22 11:15:00+00:00,PT60M,Bootcamp,Intermediate,30.0,30,True,Outdoor Gym area,https://ourparks.org.uk/borough/full-body-workout-106703,Erith Riverside Gardens,DA8 1QY,Erith,Erith High Street,GB,51.482871018656,0.178854717888,London Borough of Bexley,https://ourparks.org.uk/borough/london-borough-bexley,Danni
106704,Full Body Workout,2025-11-29 10:15:00+00:00,2025-11-29 11:15:00+00:00,PT60M,Bootcamp,Intermediate,30.0,30,True,Outdoor Gym area,https://ourparks.org.uk/borough/full-body-workout-106704,Erith Riverside Gardens,DA8 1QY,Erith,Erith High Street,GB,51.482871018656,0.178854717888,London Borough of Bexley,https://ourparks.org.uk/borough/london-borough-bexley,Danni
106705,Full Body Workout,2025-12-06 10:15:00+00:00,2025-12-06 11:15:00+00:00,PT60M,Bootcamp,Intermediate,30.0,30,True,Outdoor Gym area,https://ourparks.org.uk/borough/full-body-workout-106705,Erith Riverside Gardens,DA8 1QY,Erith,Erith High Street,GB,51.482871018656,0.178854717888,London Borough of Bexley,https://ourparks.org.uk/borough/london-borough-bexley,Danni
106706,Full Body Workout,2025-12-13 10:15:00+00:00,2025-12-13 11:15:00+00:00,PT60M,Bootcamp,Intermediate,30.0,30,True,Outdoor Gym area,https://ourparks.org.uk/borough/full-body-workout-106706,Erith Riverside Gardens,DA8 1QY,Erith,Erith High Street,GB,51.482871018656,0.178854717888,London Borough of Bexley,https://ourparks.org.uk/borough/london-borough-bexley,Danni
106710,Full Body Workout,2026-01-10 10:15:00+00:00,2026-01-10 11:15:00+00:00,PT60M,Bootcamp,Intermediate,30.0,30,True,Outdoor Gym area,https://ourparks.org.uk/borough/full-body-workout-106710,Erith Riverside Gardens,DA8 1QY,Erith,Erith High Street,GB,51.482871018656,0.178854717888,London Borough of Bexley,https://ourparks.org.uk/borough/london-borough-bexley,Danni
106711,Full Body Workout,2026-01-17 10:15:00+00:00,2026-01-17 11:15:00+00:00,PT60M,Bootcamp,Intermediate,30.0,30,True,Outdoor Gym area,https://ourparks.org.uk/borough/full-body-workout-106711,Erith Riverside Gardens,DA8 1QY,Erith,Erith High Street,GB,51.482871018656,0.178854717888,London Borough of Bexley,https://ourparks.org.uk/borough/london-borough-bexley,Danni
106712,Full Body Workout,2026-01-24 10:15:00+00:00,2026-01-24 11:15:00+00:00,PT60M,Bootcamp,Intermediate,30.0,30,True,Outdoor Gym area,https://ourparks.org.uk/borough/full-body-workout-106712,Erith Riverside Gardens,DA8 1QY,Erith,Erith High Street,GB,51.482871018656,0.178854717888,London Borough of Bexley,https://ourparks.org.uk/borough/london-borough-bexley,Danni
106713,Full Body Workout,2026-01-31 10:15:00+00:00,2026-01-31 11:15:00+00:00,PT60M,Bootcamp,Intermediate,30.0,30,True,Outdoor Gym area,https://ourparks.org.uk/borough/full-body-workout-106713,Erith Riverside Gardens,DA8 1QY,Erith,Erith High Street,GB,51.482871018656,0.178854717888,London Borough of Bexley,https://ourparks.org.uk/borough/london-borough-bexley,Danni
106715,Full Body Workout,2026-02-14 10:15:00+00:00,2026-02-14 11:15:00+00:00,PT60M,Bootcamp,Intermediate,30.0,30,True,Outdoor Gym area,https://ourparks.org.uk/borough/full-body-workout-106715,Erith Riverside Gardens,DA8 1QY,Erith,Erith High Street,GB,51.482871018656,0.178854717888,London Borough of Bexley,https://ourparks.org.uk/borough/london-borough-bexley,Danni
106716,Full Body Workout,2026-02-21 10:15:00+00:00,2026-02-21 11:15:00+00:00,PT60M,Bootcamp,Intermediate,30.0,30,True,Outdoor Gym area,https://ourparks.org.uk/borough/full-body-workout-106716,Erith Riverside Gardens,DA8 1QY,Erith,Erith High Street,GB,51.482871018656,0.178854717888,London Borough of Bexley,https://ourparks.org.uk/borough/london-borough-bexley,Danni
106717,Full Body Workout,2026-02-28 10:15:00+00:00,2026-02-28 11:15:00+00:00,PT60M,Bootcamp,Intermediate,30.0,30,True,Outdoor Gym area,https://ourparks.org.uk/borough/full-body-workout-106717,Erith Riverside Gardens,DA8 1QY,Erith,Erith High Street,GB,51.482871018656,0.178854717888,London Borough of Bexley,https://ourparks.org.uk/borough/london-borough-bexley,Danni
106718,Full Body Workout,2026-03-07 10:15:00+00:00,2026-03-07 11:15:00+00:00,PT60M,Bootcamp,Intermediate,30.0,30,True,Outdoor Gym area,https://ourparks.org.uk/borough/full-body-workout-106718,Erith Riverside Gardens,DA8 1QY,Erith,Erith High Street,GB,51.482871018656,0.178854717888,London Borough of Bexley,https://ourparks.org.uk/borough/london-borough-bexley,Danni
106719,Full Body Workout,2026-03-14 10:15:00+00:00,2026-03-14 11:15:00+00:00,PT60M,Bootcamp,Intermediate,30.0,30,True,Outdoor Gym area,https://ourparks.org.uk/borough/full-body-workout-106719,Erith Riverside Gardens,DA8 1QY,Erith,Erith High Street,GB,51.482871018656,0.178854717888,London Borough of Bexley,https://ourparks.org.uk/borough/london-borough-bexley,Danni
106720,Full Body Workout,2026-03-21 10:15:00+00:00,2026-03-21 11:15:00+00:00,PT60M,Bootcamp,Intermediate,30.0,30,True,Outdoor Gym area,https://ourparks.org.uk/borough/full-body-workout-106720,Erith Riverside Gardens,DA8 1QY,Erith,Erith High Street,GB,51.482871018656,0.178854717888,London Borough of Bexley,https://ourparks.org.uk/borough/london-borough-bexley,Danni
105501,Strength building class,2025-09-05 13:00:00+00:00,2025-09-05 14:00:00+00:00,PT60M,Yoga,Beginner,15.0,15,True,Carolyn Downs Community Room,https://ourparks.org.uk/borough/strength-building-class-105501,Harlesden Library,NW10 8SE,Harlesden,Craven Park Road,GB,51.538725110209,-0.25043846365,Brent,https://ourparks.org.uk/borough/brent-0,Alvin
105288,Low Impact Stretch,2025-09-08 13:30:00+00:00,2025-09-08 14:30:00+00:00,PT60M,Yoga,Beginner,15.0,15,True,Performance Space,https://ourparks.org.uk/borough/low-impact-stretch-105288,Willesden Library,NW10 2SF,Willesden,95 High Road,GB,51.546774,-0.2289203,Brent,https://ourparks.org.uk/borough/brent-0,Dec
105342,Low Impact Stretch,2025-09-08 14:30:00+00:00,2025-09-08 15:30:00+00:00,PT60M,Yoga,Beginner,15.0,15,True,Performance Space,https://ourparks.org.uk/borough/low-impact-stretch-105342,Willesden Library,NW10 2SF,Willesden,95 High Road,GB,51.546774,-0.2289203,Brent,https://ourparks.org.uk/borough/brent-0,Dec
106724,Full Body Workout,2026-04-18 10:15:00+00:00,2026-04-18 11:15:00+00:00,PT60M,Bootcamp,Intermediate,30.0,30,True,Outdoor Gym area,https://ourparks.org.uk/borough/full-body-workout-106724,Erith Riverside Gardens,DA8 1QY,Erith,Erith High Street,GB,51.482871018656,0.178854717888,London Borough of Bexley,https://ourparks.org.uk/borough/london-borough-bexley,Danni
105502,Strength building class,2025-09-12 13:00:00+00:00,2025-09-12 14:00:00+00:00,PT60M,Yoga,Beginner,15.0,15,True,Carolyn Downs Community Room,https://ourparks.org.uk/borough/strength-building-class-105502,Harlesden Library,NW10 8SE,Harlesden,Craven Park Road,GB,51.538725110209,-0.25043846365,Brent,https://ourparks.org.uk/borough/brent-0,Alvin
105032,Full Body Circuit,2025-08-30 09:00:00+00:00,2025-08-30 10:00:00+00:00,PT60M,Bootcamp,Intermediate,29.0,29,True,Outdoor Gym area,https://ourparks.org.uk/borough/full-body-circuit-105032,Roe Green Park,NW9 9HA,London,Kingsbury High Road Kingsbury,GB,51.586109971363,-0.269687067103,Brent,https://ourparks.org.uk/borough/brent-0,Barbora
106729,Full Body Workout,2025-09-11 08:30:00+00:00,2025-09-11 09:30:00+00:00,PT60M,Bootcamp,Intermediate,30.0,30,True,Outdoor Gym area,https://ourparks.org.uk/borough/full-body-workout-106729,Willersley Park,DA15 9EN,Sidcup,Willersley Avenue,GB,51.442682886552,0.101218406272,London Borough of Bexley,https://ourparks.org.uk/borough/london-borough-bexley,Ravit
106310,Low Impact Stretch,2025-09-05 09:30:00+00:00,2025-09-05 10:30:00+00:00,PT60M,Yoga,Intermediate,30.0,30,True,By the Outdoor Gym area,https://ourparks.org.uk/borough/low-impact-stretch-106310,Craydene Open Space,DA8 2HR,Erith,Craydene Road,GB,51.470321952769,0.184112241266,London Borough of Bexley,https://ourparks.org.uk/borough/london-borough-bexley,Ravit
106311,Low Impact Stretch,2025-09-12 09:30:00+00:00,2025-09-12 10:30:00+00:00,PT60M,Yoga,Intermediate,30.0,30,True,By the Outdoor Gym area,https://ourparks.org.uk/borough/low-impact-stretch-106311,Craydene Open Space,DA8 2HR,Erith,Craydene Road,GB,51.470321952769,0.184112241266,London Borough of Bexley,https://ourparks.org.uk/borough/london-borough-bexley,Ravit
105789,Beginners Bootcamp,2025-08-30 09:00:00+00:00,2025-08-30 10:00:00+00:00,PT60M,Bootcamp,Intermediate,30.0,30,True,"Green Space, to the right of the Lido",https://ourparks.org.uk/borough/beginners-bootcamp-105789,Brockwell Park,SE24 0PA,London,Brockwell Park,GB,51.452290766375,-0.105533454431,London Borough of Lambeth,https://ourparks.org.uk/borough/london-borough-lambeth,Donte
106277,Low Impact Stretch,2025-09-10 08:15:00+00:00,2025-09-10 09:15:00+00:00,PT60M,Yoga,,30.0,30,True,Outdoor Gym area,https://ourparks.org.uk/borough/low-impact-stretch-106277,Abbey Wood Recreation Ground,DA17 5ND,Belvedere,Abbey Road,GB,51.489689281292,0.133391557591,London Borough of Bexley,https://ourparks.org.uk/borough/london-borough-bexley,Ravit
106273,Stretch & Bend,2025-08-13 08:15:00+00:00,2025-08-13 09:15:00+00:00,PT60M,Yoga,,30.0,30,True,Outdoor Gym area,https://ourparks.org.uk/borough/stretch-bend-106273,Abbey Wood Recreation Ground,DA17 5ND,Belvedere,Abbey Road,GB,51.489689281292,0.133391557591,London Borough of Bexley,https://ourparks.org.uk/borough/london-borough-bexley,Kelly
106274,Stretch & Bend,2025-08-20 08:15:00+00:00,2025-08-20 09:15:00+00:00,PT60M,Yoga,,30.0,30,True,Outdoor Gym area,https://ourparks.org.uk/borough/stretch-bend-106274,Abbey Wood Recreation Ground,DA17 5ND,Belvedere,Abbey Road,GB,51.489689281292,0.133391557591,London Borough of Bexley,https://ourparks.org.uk/borough/london-borough-bexley,Kelly
106275,Stretch & Bend,2025-08-27 08:15:00+00:00,2025-08-27 09:15:00+00:00,PT60M,Yoga,,30.0,30,True,Outdoor Gym area,https://ourparks.org.uk/borough/stretch-bend-106275,Abbey Wood Recreation Ground,DA17 5ND,Belvedere,Abbey Road,GB,51.489689281292,0.133391557591,London Borough of Bexley,https://ourparks.org.uk/borough/london-borough-bexley,Kelly
106276,Stretch & Bend,2025-09-03 08:15:00+00:00,2025-09-03 09:15:00+00:00,PT60M,Yoga,,30.0,30,True,Outdoor Gym area,https://ourparks.org.uk/borough/stretch-bend-106276,Abbey Wood Recreation Ground,DA17 5ND,Belvedere,Abbey Road,GB,51.489689281292,0.133391557591,London Borough of Bexley,https://ourparks.org.uk/borough/london-borough-bexley,Kelly
106278,Stretch & Bend,2025-09-17 08:15:00+00:00,2025-09-17 09:15:00+00:00,PT60M,Yoga,,30.0,30,True,Outdoor Gym area,https://ourparks.org.uk/borough/stretch-bend-106278,Abbey Wood Recreation Ground,DA17 5ND,Belvedere,Abbey Road,GB,51.489689281292,0.133391557591,London Borough of Bexley,https://ourparks.org.uk/borough/london-borough-bexley,Kelly
106279,Stretch & Bend,2025-09-24 08:15:00+00:00,2025-09-24 09:15:00+00:00,PT60M,Yoga,,30.0,30,True,Outdoor Gym area,https://ourparks.org.uk/borough/stretch-bend-106279,Abbey Wood Recreation Ground,DA17 5ND,Belvedere,Abbey Road,GB,51.489689281292,0.133391557591,London Borough of Bexley,https://ourparks.org.uk/borough/london-borough-bexley,Kelly
106280,Stretch & Bend,2025-10-01 08:15:00+00:00,2025-10-01 09:15:00+00:00,PT60M,Yoga,,30.0,30,True,Outdoor Gym area,https://ourparks.org.uk/borough/stretch-bend-106280,Abbey Wood Recreation Ground,DA17 5ND,Belvedere,Abbey Road,GB,51.489689281292,0.133391557591,London Borough of Bexley,https://ourparks.org.uk/borough/london-borough-bexley,Kelly
106282,Stretch & Bend,2025-10-15 08:15:00+00:00,2025-10-15 09:15:00+00:00,PT60M,Yoga,,30.0,30,True,Outdoor Gym area,https://ourparks.org.uk/borough/stretch-bend-106282,Abbey Wood Recreation Ground,DA17 5ND,Belvedere,Abbey Road,GB,51.489689281292,0.133391557591,London Borough of Bexley,https://ourparks.org.uk/borough/london-borough-bexley,Kelly
106283,Stretch & Bend,2025-10-22 08:15:00+00:00,2025-10-22 09:15:00+00:00,PT60M,Yoga,,30.0,30,True,Outdoor Gym area,https://ourparks.org.uk/borough/stretch-bend-106283,Abbey Wood Recreation Ground,DA17 5ND,Belvedere,Abbey Road,GB,51.489689281292,0.133391557591,London Borough of Bexley,https://ourparks.org.uk/borough/london-borough-bexley,Kelly
106284,Stretch & Bend,2025-10-29 08:15:00+00:00,2025-10-29 09:15:00+00:00,PT60M,Yoga,,30.0,30,True,Outdoor Gym area,https://ourparks.org.uk/borough/stretch-bend-106284,Abbey Wood Recreation Ground,DA17 5ND,Belvedere,Abbey Road,GB,51.489689281292,0.133391557591,London Borough of Bexley,https://ourparks.org.uk/borough/london-borough-bexley,Kelly
106285,Stretch & Bend,2025-11-05 08:15:00+00:00,2025-11-05 09:15:00+00:00,PT60M,Yoga,,30.0,30,True,Outdoor Gym area,https://ourparks.org.uk/borough/stretch-bend-106285,Abbey Wood Recreation Ground,DA17 5ND,Belvedere,Abbey Road,GB,51.489689281292,0.133391557591,London Borough of Bexley,https://ourparks.org.uk/borough/london-borough-bexley,Kelly
106286,Stretch & Bend,2025-11-12 08:15:00+00:00,2025-11-12 09:15:00+00:00,PT60M,Yoga,,30.0,30,True,Outdoor Gym area,https://ourparks.org.uk/borough/stretch-bend-106286,Abbey Wood Recreation Ground,DA17 5ND,Belvedere,Abbey Road,GB,51.489689281292,0.133391557591,London Borough of Bexley,https://ourparks.org.uk/borough/london-borough-bexley,Kelly
106287,Stretch & Bend,2025-11-19 08:15:00+00:00,2025-11-19 09:15:00+00:00,PT60M,Yoga,,30.0,30,True,Outdoor Gym area,https://ourparks.org.uk/borough/stretch-bend-106287,Abbey Wood Recreation Ground,DA17 5ND,Belvedere,Abbey Road,GB,51.489689281292,0.133391557591,London Borough of Bexley,https://ourparks.org.uk/borough/london-borough-bexley,Kelly
106291,Stretch & Bend,2025-12-17 08:15:00+00:00,2025-12-17 09:15:00+00:00,PT60M,Yoga,,30.0,30,True,Outdoor Gym area,https://ourparks.org.uk/borough/stretch-bend-106291,Abbey Wood Recreation Ground,DA17 5ND,Belvedere,Abbey Road,GB,51.489689281292,0.133391557591,London Borough of Bexley,https://ourparks.org.uk/borough/london-borough-bexley,Kelly
106295,Stretch & Bend,2026-01-14 08:15:00+00:00,2026-01-14 09:15:00+00:00,PT60M,Yoga,,30.0,30,True,Outdoor Gym area,https://ourparks.org.uk/borough/stretch-bend-106295,Abbey Wood Recreation Ground,DA17 5ND,Belvedere,Abbey Road,GB,51.489689281292,0.133391557591,London Borough of Bexley,https://ourparks.org.uk/borough/london-borough-bexley,Kelly
106302,Stretch & Bend,2026-03-04 08:15:00+00:00,2026-03-04 09:15:00+00:00,PT60M,Yoga,,30.0,30,True,Outdoor Gym area,https://ourparks.org.uk/borough/stretch-bend-106302,Abbey Wood Recreation Ground,DA17 5ND,Belvedere,Abbey Road,GB,51.489689281292,0.133391557591,London Borough of Bexley,https://ourparks.org.uk/borough/london-borough-bexley,Kelly
106303,Stretch & Bend,2026-03-11 08:15:00+00:00,2026-03-11 09:15:00+00:00,PT60M,Yoga,,30.0,30,True,Outdoor Gym area,https://ourparks.org.uk/borough/stretch-bend-106303,Abbey Wood Recreation Ground,DA17 5ND,Belvedere,Abbey Road,GB,51.489689281292,0.133391557591,London Borough of Bexley,https://ourparks.org.uk/borough/london-borough-bexley,Kelly
104921,"Women's only - Abs, Bums & Thighs (ABT)",2025-08-31 09:00:00+00:00,2025-08-31 10:00:00+00:00,PT60M,Abs/Core,Intermediate,29.0,29,True,Outdoor Gym area,https://ourparks.org.uk/borough/womens-only-abs-bums-thighs-abt-104921,Bartlett Park,E14 6LA,London,Bartlett Park Outdoor Gym,GB,51.5152023,-0.0201571,Tower Hamlets,https://ourparks.org.uk/borough/tower-hamlets,Bláthnait
103860,Bootcamp,2025-09-06 09:00:00+00:00,2025-09-06 10:00:00+00:00,PT60M,Bootcamp,Intermediate,29.0,29,True,"The old football pitches, small pitch 5",https://ourparks.org.uk/borough/bootcamp-103860,Hyde Park,SW7 1SG,London,Old football pitches,GB,51.502586484832,-0.173725612847,The Royal Parks,https://ourparks.org.uk/borough/royal-parks,Inga
106795,Beginners Bootcamp,2025-10-25 09:00:00+00:00,2025-10-25 10:00:00+00:00,PT60M,Bootcamp,Beginner,29.0,29,True,Fair Green - this is the green opposite Mitcham Market,https://ourparks.org.uk/borough/beginners-bootcamp-106795,Fair Green at Mitcham Market,CR4 2PF,Mitcham,2A Upper Green E,GB,51.4058202,-0.1638252,London Borough of Merton,https://ourparks.org.uk/borough/london-borough-merton,Tristan
106796,Beginners Bootcamp,2025-11-01 09:00:00+00:00,2025-11-01 10:00:00+00:00,PT60M,Bootcamp,Beginner,29.0,29,True,Fair Green - this is the green opposite Mitcham Market,https://ourparks.org.uk/borough/beginners-bootcamp-106796,Fair Green at Mitcham Market,CR4 2PF,Mitcham,2A Upper Green E,GB,51.4058202,-0.1638252,London Borough of Merton,https://ourparks.org.uk/borough/london-borough-merton,Tristan
106797,Beginners Bootcamp,2025-11-08 09:00:00+00:00,2025-11-08 10:00:00+00:00,PT60M,Bootcamp,Beginner,29.0,29,True,Fair Green - this is the green opposite Mitcham Market,https://ourparks.org.uk/borough/beginners-bootcamp-106797,Fair Green at Mitcham Market,CR4 2PF,Mitcham,2A Upper Green E,GB,51.4058202,-0.1638252,London Borough of Merton,https://ourparks.org.uk/borough/london-borough-merton,Tristan
106798,Beginners Bootcamp,2025-11-15 09:00:00+00:00,2025-11-15 10:00:00+00:00,PT60M,Bootcamp,Beginner,29.0,29,True,Fair Green - this is the green opposite Mitcham Market,https://ourparks.org.uk/borough/beginners-bootcamp-106798,Fair Green at Mitcham Market,CR4 2PF,Mitcham,2A Upper Green E,GB,51.4058202,-0.1638252,London Borough of Merton,https://ourparks.org.uk/borough/london-borough-merton,Tristan
106799,Beginners Bootcamp,2025-11-22 09:00:00+00:00,2025-11-22 10:00:00+00:00,PT60M,Bootcamp,Beginner,29.0,29,True,Fair Green - this is the green opposite Mitcham Market,https://ourparks.org.uk/borough/beginners-bootcamp-106799,Fair Green at Mitcham Market,CR4 2PF,Mitcham,2A Upper Green E,GB,51.4058202,-0.1638252,London Borough of Merton,https://ourparks.org.uk/borough/london-borough-merton,Tristan
106801,Beginners Bootcamp,2025-12-06 09:00:00+00:00,2025-12-06 10:00:00+00:00,PT60M,Bootcamp,Beginner,29.0,29,True,Fair Green - this is the green opposite Mitcham Market,https://ourparks.org.uk/borough/beginners-bootcamp-106801,Fair Green at Mitcham Market,CR4 2PF,Mitcham,2A Upper Green E,GB,51.4058202,-0.1638252,London Borough of Merton,https://ourparks.org.uk/borough/london-borough-merton,Tristan
106802,Beginners Bootcamp,2025-12-13 09:00:00+00:00,2025-12-13 10:00:00+00:00,PT60M,Bootcamp,Beginner,29.0,29,True,Fair Green - this is the green opposite Mitcham Market,https://ourparks.org.uk/borough/beginners-bootcamp-106802,Fair Green at Mitcham Market,CR4 2PF,Mitcham,2A Upper Green E,GB,51.4058202,-0.1638252,London Borough of Merton,https://ourparks.org.uk/borough/london-borough-merton,Tristan
106806,Beginners Bootcamp,2026-01-10 09:00:00+00:00,2026-01-10 10:00:00+00:00,PT60M,Bootcamp,Beginner,29.0,29,True,Fair Green - this is the green opposite Mitcham Market,https://ourparks.org.uk/borough/beginners-bootcamp-106806,Fair Green at Mitcham Market,CR4 2PF,Mitcham,2A Upper Green E,GB,51.4058202,-0.1638252,London Borough of Merton,https://ourparks.org.uk/borough/london-borough-merton,Tristan
106807,Beginners Bootcamp,2026-01-17 09:00:00+00:00,2026-01-17 10:00:00+00:00,PT60M,Bootcamp,Beginner,29.0,29,True,Fair Green - this is the green opposite Mitcham Market,https://ourparks.org.uk/borough/beginners-bootcamp-106807,Fair Green at Mitcham Market,CR4 2PF,Mitcham,2A Upper Green E,GB,51.4058202,-0.1638252,London Borough of Merton,https://ourparks.org.uk/borough/london-borough-merton,Tristan
106808,Beginners Bootcamp,2026-01-24 09:00:00+00:00,2026-01-24 10:00:00+00:00,PT60M,Bootcamp,Beginner,29.0,29,True,Fair Green - this is the green opposite Mitcham Market,https://ourparks.org.uk/borough/beginners-bootcamp-106808,Fair Green at Mitcham Market,CR4 2PF,Mitcham,2A Upper Green E,GB,51.4058202,-0.1638252,London Borough of Merton,https://ourparks.org.uk/borough/london-borough-merton,Tristan
106809,Beginners Bootcamp,2026-01-31 09:00:00+00:00,2026-01-31 10:00:00+00:00,PT60M,Bootcamp,Beginner,29.0,29,True,Fair Green - this is the green opposite Mitcham Market,https://ourparks.org.uk/borough/beginners-bootcamp-106809,Fair Green at Mitcham Market,CR4 2PF,Mitcham,2A Upper Green E,GB,51.4058202,-0.1638252,London Borough of Merton,https://ourparks.org.uk/borough/london-borough-merton,Tristan
106810,Beginners Bootcamp,2026-02-07 09:00:00+00:00,2026-02-07 10:00:00+00:00,PT60M,Bootcamp,Beginner,29.0,29,True,Fair Green - this is the green opposite Mitcham Market,https://ourparks.org.uk/borough/beginners-bootcamp-106810,Fair Green at Mitcham Market,CR4 2PF,Mitcham,2A Upper Green E,GB,51.4058202,-0.1638252,London Borough of Merton,https://ourparks.org.uk/borough/london-borough-merton,Tristan
106811,Beginners Bootcamp,2026-02-14 09:00:00+00:00,2026-02-14 10:00:00+00:00,PT60M,Bootcamp,Beginner,29.0,29,True,Fair Green - this is the green opposite Mitcham Market,https://ourparks.org.uk/borough/beginners-bootcamp-106811,Fair Green at Mitcham Market,CR4 2PF,Mitcham,2A Upper Green E,GB,51.4058202,-0.1638252,London Borough of Merton,https://ourparks.org.uk/borough/london-borough-merton,Tristan
106812,Beginners Bootcamp,2026-02-21 09:00:00+00:00,2026-02-21 10:00:00+00:00,PT60M,Bootcamp,Beginner,29.0,29,True,Fair Green - this is the green opposite Mitcham Market,https://ourparks.org.uk/borough/beginners-bootcamp-106812,Fair Green at Mitcham Market,CR4 2PF,Mitcham,2A Upper Green E,GB,51.4058202,-0.1638252,London Borough of Merton,https://ourparks.org.uk/borough/london-borough-merton,Tristan
106813,Beginners Bootcamp,2026-02-28 09:00:00+00:00,2026-02-28 10:00:00+00:00,PT60M,Bootcamp,Beginner,29.0,29,True,Fair Green - this is the green opposite Mitcham Market,https://ourparks.org.uk/borough/beginners-bootcamp-106813,Fair Green at Mitcham Market,CR4 2PF,Mitcham,2A Upper Green E,GB,51.4058202,-0.1638252,London Borough of Merton,https://ourparks.org.uk/borough/london-borough-merton,Tristan
106814,Beginners Bootcamp,2026-03-07 09:00:00+00:00,2026-03-07 10:00:00+00:00,PT60M,Bootcamp,Beginner,29.0,29,True,Fair Green - this is the green opposite Mitcham Market,https://ourparks.org.uk/borough/beginners-bootcamp-106814,Fair Green at Mitcham Market,CR4 2PF,Mitcham,2A Upper Green E,GB,51.4058202,-0.1638252,London Borough of Merton,https://ourparks.org.uk/borough/london-borough-merton,Tristan
106815,Beginners Bootcamp,2026-03-14 09:00:00+00:00,2026-03-14 10:00:00+00:00,PT60M,Bootcamp,Beginner,29.0,29,True,Fair Green - this is the green opposite Mitcham Market,https://ourparks.org.uk/borough/beginners-bootcamp-106815,Fair Green at Mitcham Market,CR4 2PF,Mitcham,2A Upper Green E,GB,51.4058202,-0.1638252,London Borough of Merton,https://ourparks.org.uk/borough/london-borough-merton,Tristan
106816,Beginners Bootcamp,2026-03-21 09:00:00+00:00,2026-03-21 10:00:00+00:00,PT60M,Bootcamp,Beginner,29.0,29,True,Fair Green - this is the green opposite Mitcham Market,https://ourparks.org.uk/borough/beginners-bootcamp-106816,Fair Green at Mitcham Market,CR4 2PF,Mitcham,2A Upper Green E,GB,51.4058202,-0.1638252,London Borough of Merton,https://ourparks.org.uk/borough/london-borough-merton,Tristan
106817,Beginners Bootcamp,2026-03-28 09:00:00+00:00,2026-03-28 10:00:00+00:00,PT60M,Bootcamp,Beginner,29.0,29,True,Fair Green - this is the green opposite Mitcham Market,https://ourparks.org.uk/borough/beginners-bootcamp-106817,Fair Green at Mitcham Market,CR4 2PF,Mitcham,2A Upper Green E,GB,51.4058202,-0.1638252,London Borough of Merton,https://ourparks.org.uk/borough/london-borough-merton,Tristan
106818,Beginners Bootcamp,2026-04-04 09:00:00+00:00,2026-04-04 10:00:00+00:00,PT60M,Bootcamp,Beginner,29.0,29,True,Fair Green - this is the green opposite Mitcham Market,https://ourparks.org.uk/borough/beginners-bootcamp-106818,Fair Green at Mitcham Market,CR4 2PF,Mitcham,2A Upper Green E,GB,51.4058202,-0.1638252,London Borough of Merton,https://ourparks.org.uk/borough/london-borough-merton,Tristan
106819,Beginners Bootcamp,2026-04-11 09:00:00+00:00,2026-04-11 10:00:00+00:00,PT60M,Bootcamp,Beginner,29.0,29,True,Fair Green - this is the green opposite Mitcham Market,https://ourparks.org.uk/borough/beginners-bootcamp-106819,Fair Green at Mitcham Market,CR4 2PF,Mitcham,2A Upper Green E,GB,51.4058202,-0.1638252,London Borough of Merton,https://ourparks.org.uk/borough/london-borough-merton,Tristan
106820,Beginners Bootcamp,2026-04-18 09:00:00+00:00,2026-04-18 10:00:00+00:00,PT60M,Bootcamp,Beginner,29.0,29,True,Fair Green - this is the green opposite Mitcham Market,https://ourparks.org.uk/borough/beginners-bootcamp-106820,Fair Green at Mitcham Market,CR4 2PF,Mitcham,2A Upper Green E,GB,51.4058202,-0.1638252,London Borough of Merton,https://ourparks.org.uk/borough/london-borough-merton,Tristan
106821,Beginners Bootcamp,2026-04-25 09:00:00+00:00,2026-04-25 10:00:00+00:00,PT60M,Bootcamp,Beginner,29.0,29,True,Fair Green - this is the green opposite Mitcham Market,https://ourparks.org.uk/borough/beginners-bootcamp-106821,Fair Green at Mitcham Market,CR4 2PF,Mitcham,2A Upper Green E,GB,51.4058202,-0.1638252,London Borough of Merton,https://ourparks.org.uk/borough/london-borough-merton,Tristan
106822,Beginners Bootcamp,2026-05-02 09:00:00+00:00,2026-05-02 10:00:00+00:00,PT60M,Bootcamp,Beginner,29.0,29,True,Fair Green - this is the green opposite Mitcham Market,https://ourparks.org.uk/borough/beginners-bootcamp-106822,Fair Green at Mitcham Market,CR4 2PF,Mitcham,2A Upper Green E,GB,51.4058202,-0.1638252,London Borough of Merton,https://ourparks.org.uk/borough/london-borough-merton,Tristan
106823,Beginners Bootcamp,2026-05-09 09:00:00+00:00,2026-05-09 10:00:00+00:00,PT60M,Bootcamp,Beginner,29.0,29,True,Fair Green - this is the green opposite Mitcham Market,https://ourparks.org.uk/borough/beginners-bootcamp-106823,Fair Green at Mitcham Market,CR4 2PF,Mitcham,2A Upper Green E,GB,51.4058202,-0.1638252,London Borough of Merton,https://ourparks.org.uk/borough/london-borough-merton,Tristan
106824,Beginners Bootcamp,2026-05-16 09:00:00+00:00,2026-05-16 10:00:00+00:00,PT60M,Bootcamp,Beginner,29.0,29,True,Fair Green - this is the green opposite Mitcham Market,https://ourparks.org.uk/borough/beginners-bootcamp-106824,Fair Green at Mitcham Market,CR4 2PF,Mitcham,2A Upper Green E,GB,51.4058202,-0.1638252,London Borough of Merton,https://ourparks.org.uk/borough/london-borough-merton,Tristan
106825,Beginners Bootcamp,2026-05-23 09:00:00+00:00,2026-05-23 10:00:00+00:00,PT60M,Bootcamp,Beginner,29.0,29,True,Fair Green - this is the green opposite Mitcham Market,https://ourparks.org.uk/borough/beginners-bootcamp-106825,Fair Green at Mitcham Market,CR4 2PF,Mitcham,2A Upper Green E,GB,51.4058202,-0.1638252,London Borough of Merton,https://ourparks.org.uk/borough/london-borough-merton,Tristan
106826,Beginners Bootcamp,2026-05-30 09:00:00+00:00,2026-05-30 10:00:00+00:00,PT60M,Bootcamp,Beginner,29.0,29,True,Fair Green - this is the green opposite Mitcham Market,https://ourparks.org.uk/borough/beginners-bootcamp-106826,Fair Green at Mitcham Market,CR4 2PF,Mitcham,2A Upper Green E,GB,51.4058202,-0.1638252,London Borough of Merton,https://ourparks.org.uk/borough/london-borough-merton,Tristan
105891,Beginners Bootcamp,2025-09-04 08:00:00+00:00,2025-09-04 09:00:00+00:00,PT60M,Bootcamp,Intermediate,29.0,29,True,"Green Space by the Workout bars, Calisthenic park, outdoor gym",https://ourparks.org.uk/borough/beginners-bootcamp-105891,North Millfields Recreation Ground,E5 0AR,London,North Millfields Recreation Ground,GB,51.562186281586,-0.047345057653,Hackney,https://ourparks.org.uk/borough/hackney,NROB 
106693,Full Body Workout,2025-09-13 10:15:00+00:00,2025-09-13 11:15:00+00:00,PT60M,Bootcamp,Intermediate,30.0,30,True,Outdoor Gym area,https://ourparks.org.uk/borough/full-body-workout-106693,"Erith Park, Dell View Road, Erith, DA8 3RJ",DA8 3RJ,Erith,Dell View Road,GB,51.474225830372,0.178713259252,London Borough of Bexley,https://ourparks.org.uk/borough/london-borough-bexley,Danni
105043,Full Body Circuit,2025-11-15 09:00:00+00:00,2025-11-15 10:00:00+00:00,PT60M,Bootcamp,Intermediate,29.0,29,True,Outdoor Gym area,https://ourparks.org.uk/borough/full-body-circuit-105043,Roe Green Park,NW9 9HA,London,Kingsbury High Road Kingsbury,GB,51.586109971363,-0.269687067103,Brent,https://ourparks.org.uk/borough/brent-0,Barbora
105044,Full Body Circuit,2025-11-22 09:00:00+00:00,2025-11-22 10:00:00+00:00,PT60M,Bootcamp,Intermediate,29.0,29,True,Outdoor Gym area,https://ourparks.org.uk/borough/full-body-circuit-105044,Roe Green Park,NW9 9HA,London,Kingsbury High Road Kingsbury,GB,51.586109971363,-0.269687067103,Brent,https://ourparks.org.uk/borough/brent-0,Barbora
105045,Full Body Circuit,2025-11-29 09:00:00+00:00,2025-11-29 10:00:00+00:00,PT60M,Bootcamp,Intermediate,29.0,29,True,Outdoor Gym area,https://ourparks.org.uk/borough/full-body-circuit-105045,Roe Green Park,NW9 9HA,London,Kingsbury High Road Kingsbury,GB,51.586109971363,-0.269687067103,Brent,https://ourparks.org.uk/borough/brent-0,Barbora
105046,Full Body Circuit,2025-12-06 09:00:00+00:00,2025-12-06 10:00:00+00:00,PT60M,Bootcamp,Intermediate,29.0,29,True,Outdoor Gym area,https://ourparks.org.uk/borough/full-body-circuit-105046,Roe Green Park,NW9 9HA,London,Kingsbury High Road Kingsbury,GB,51.586109971363,-0.269687067103,Brent,https://ourparks.org.uk/borough/brent-0,Barbora
105047,Full Body Circuit,2025-12-13 09:00:00+00:00,2025-12-13 10:00:00+00:00,PT60M,Bootcamp,Intermediate,29.0,29,True,Outdoor Gym area,https://ourparks.org.uk/borough/full-body-circuit-105047,Roe Green Park,NW9 9HA,London,Kingsbury High Road Kingsbury,GB,51.586109971363,-0.269687067103,Brent,https://ourparks.org.uk/borough/brent-0,Barbora
105051,Full Body Circuit,2026-01-10 09:00:00+00:00,2026-01-10 10:00:00+00:00,PT60M,Bootcamp,Intermediate,29.0,29,True,Outdoor Gym area,https://ourparks.org.uk/borough/full-body-circuit-105051,Roe Green Park,NW9 9HA,London,Kingsbury High Road Kingsbury,GB,51.586109971363,-0.269687067103,Brent,https://ourparks.org.uk/borough/brent-0,Barbora
105052,Full Body Circuit,2026-01-17 09:00:00+00:00,2026-01-17 10:00:00+00:00,PT60M,Bootcamp,Intermediate,29.0,29,True,Outdoor Gym area,https://ourparks.org.uk/borough/full-body-circuit-105052,Roe Green Park,NW9 9HA,London,Kingsbury High Road Kingsbury,GB,51.586109971363,-0.269687067103,Brent,https://ourparks.org.uk/borough/brent-0,Barbora
105054,Full Body Circuit,2026-01-31 09:00:00+00:00,2026-01-31 10:00:00+00:00,PT60M,Bootcamp,Intermediate,29.0,29,True,Outdoor Gym area,https://ourparks.org.uk/borough/full-body-circuit-105054,Roe Green Park,NW9 9HA,London,Kingsbury High Road Kingsbury,GB,51.586109971363,-0.269687067103,Brent,https://ourparks.org.uk/borough/brent-0,Barbora
105056,Full Body Circuit,2026-02-14 09:00:00+00:00,2026-02-14 10:00:00+00:00,PT60M,Bootcamp,Intermediate,29.0,29,True,Outdoor Gym area,https://ourparks.org.uk/borough/full-body-circuit-105056,Roe Green Park,NW9 9HA,London,Kingsbury High Road Kingsbury,GB,51.586109971363,-0.269687067103,Brent,https://ourparks.org.uk/borough/brent-0,Barbora
105057,Full Body Circuit,2026-02-21 09:00:00+00:00,2026-02-21 10:00:00+00:00,PT60M,Bootcamp,Intermediate,29.0,29,True,Outdoor Gym area,https://ourparks.org.uk/borough/full-body-circuit-105057,Roe Green Park,NW9 9HA,London,Kingsbury High Road Kingsbury,GB,51.586109971363,-0.269687067103,Brent,https://ourparks.org.uk/borough/brent-0,Barbora
105058,Full Body Circuit,2026-02-28 09:00:00+00:00,2026-02-28 10:00:00+00:00,PT60M,Bootcamp,Intermediate,29.0,29,True,Outdoor Gym area,https://ourparks.org.uk/borough/full-body-circuit-105058,Roe Green Park,NW9 9HA,London,Kingsbury High Road Kingsbury,GB,51.586109971363,-0.269687067103,Brent,https://ourparks.org.uk/borough/brent-0,Barbora
103861,Bootcamp,2025-09-13 09:00:00+00:00,2025-09-13 10:00:00+00:00,PT60M,Bootcamp,Intermediate,29.0,29,True,"Tennis centre, session to take place on mini pitches 1 and 2",https://ourparks.org.uk/borough/bootcamp-103861,Hyde Park,SW7 1SG,London,Old football pitches,GB,51.502586484832,-0.173725612847,The Royal Parks,https://ourparks.org.uk/borough/royal-parks,Olga
103862,Bootcamp,2025-09-20 09:00:00+00:00,2025-09-20 10:00:00+00:00,PT60M,Bootcamp,Intermediate,29.0,29,True,"Tennis centre, session to take place on mini pitches 1 and 2",https://ourparks.org.uk/borough/bootcamp-103862,Hyde Park,SW7 1SG,London,Old football pitches,GB,51.502586484832,-0.173725612847,The Royal Parks,https://ourparks.org.uk/borough/royal-parks,Olga
103863,Bootcamp,2025-09-27 09:00:00+00:00,2025-09-27 10:00:00+00:00,PT60M,Bootcamp,Intermediate,29.0,29,True,"Tennis centre, session to take place on mini pitches 1 and 2",https://ourparks.org.uk/borough/bootcamp-103863,Hyde Park,SW7 1SG,London,Old football pitches,GB,51.502586484832,-0.173725612847,The Royal Parks,https://ourparks.org.uk/borough/royal-parks,Inga
103866,Bootcamp,2025-10-18 09:00:00+00:00,2025-10-18 10:00:00+00:00,PT60M,Bootcamp,Intermediate,29.0,29,True,"Tennis centre, session to take place on mini pitches 1 and 2",https://ourparks.org.uk/borough/bootcamp-103866,Hyde Park,SW7 1SG,London,Old football pitches,GB,51.502586484832,-0.173725612847,The Royal Parks,https://ourparks.org.uk/borough/royal-parks,Inga
103867,Bootcamp,2025-10-25 09:00:00+00:00,2025-10-25 10:00:00+00:00,PT60M,Bootcamp,Intermediate,29.0,29,True,"Tennis centre, session to take place on mini pitches 1 and 2",https://ourparks.org.uk/borough/bootcamp-103867,Hyde Park,SW7 1SG,London,Old football pitches,GB,51.502586484832,-0.173725612847,The Royal Parks,https://ourparks.org.uk/borough/royal-parks,Inga
103868,Bootcamp,2025-11-01 09:00:00+00:00,2025-11-01 10:00:00+00:00,PT60M,Bootcamp,Intermediate,29.0,29,True,"Tennis centre, session to take place on mini pitches 1 and 2",https://ourparks.org.uk/borough/bootcamp-103868,Hyde Park,SW7 1SG,London,Old football pitches,GB,51.502586484832,-0.173725612847,The Royal Parks,https://ourparks.org.uk/borough/royal-parks,Inga
103869,Bootcamp,2025-11-08 09:00:00+00:00,2025-11-08 10:00:00+00:00,PT60M,Bootcamp,Intermediate,29.0,29,True,"Tennis centre, session to take place on mini pitches 1 and 2",https://ourparks.org.uk/borough/bootcamp-103869,Hyde Park,SW7 1SG,London,Old football pitches,GB,51.502586484832,-0.173725612847,The Royal Parks,https://ourparks.org.uk/borough/royal-parks,Inga
103870,Bootcamp,2025-11-15 09:00:00+00:00,2025-11-15 10:00:00+00:00,PT60M,Bootcamp,Intermediate,29.0,29,True,"Tennis centre, session to take place on mini pitches 1 and 2",https://ourparks.org.uk/borough/bootcamp-103870,Hyde Park,SW7 1SG,London,Old football pitches,GB,51.502586484832,-0.173725612847,The Royal Parks,https://ourparks.org.uk/borough/royal-parks,Inga
103884,Bootcamp,2026-02-21 09:00:00+00:00,2026-02-21 10:00:00+00:00,PT60M,Bootcamp,Intermediate,29.0,29,True,"Tennis centre, session to take place on mini pitches 1 and 2",https://ourparks.org.uk/borough/bootcamp-103884,Hyde Park,SW7 1SG,London,Old football pitches,GB,51.502586484832,-0.173725612847,The Royal Parks,https://ourparks.org.uk/borough/royal-parks,Inga
103885,Bootcamp,2026-02-28 09:00:00+00:00,2026-02-28 10:00:00+00:00,PT60M,Bootcamp,Intermediate,29.0,29,True,"Tennis centre, session to take place on mini pitches 1 and 2",https://ourparks.org.uk/borough/bootcamp-103885,Hyde Park,SW7 1SG,London,Old football pitches,GB,51.502586484832,-0.173725612847,The Royal Parks,https://ourparks.org.uk/borough/royal-parks,Inga
103886,Bootcamp,2026-03-07 09:00:00+00:00,2026-03-07 10:00:00+00:00,PT60M,Bootcamp,Intermediate,29.0,29,True,"Tennis centre, session to take place on mini pitches 1 and 2",https://ourparks.org.uk/borough/bootcamp-103886,Hyde Park,SW7 1SG,London,Old football pitches,GB,51.502586484832,-0.173725612847,The Royal Parks,https://ourparks.org.uk/borough/royal-parks,Inga
103887,Bootcamp,2026-03-14 09:00:00+00:00,2026-03-14 10:00:00+00:00,PT60M,Bootcamp,Intermediate,29.0,29,True,"Tennis centre, session to take place on mini pitches 1 and 2",https://ourparks.org.uk/borough/bootcamp-103887,Hyde Park,SW7 1SG,London,Old football pitches,GB,51.502586484832,-0.173725612847,The Royal Parks,https://ourparks.org.uk/borough/royal-parks,Inga
103889,Bootcamp,2026-03-28 09:00:00+00:00,2026-03-28 10:00:00+00:00,PT60M,Bootcamp,Intermediate,29.0,29,True,"Tennis centre, session to take place on mini pitches 1 and 2",https://ourparks.org.uk/borough/bootcamp-103889,Hyde Park,SW7 1SG,London,Old football pitches,GB,51.502586484832,-0.173725612847,The Royal Parks,https://ourparks.org.uk/borough/royal-parks,Inga
105621,Bootcamp,2025-09-13 09:30:00+00:00,2025-09-13 10:30:00+00:00,PT60M,Pilates,Intermediate,29.0,29,True,By the Basketball court,https://ourparks.org.uk/borough/bootcamp-105621,Lloyd Park,E17 5JW,London,Forest Road,GB,51.594659049141,-0.020824090333,Waltham Forest,https://ourparks.org.uk/borough/waltham-forest,NROB 
106897,Beginners Bootcamp,2025-09-29 17:00:00+00:00,2025-09-29 18:00:00+00:00,PT60M,Bootcamp,Intermediate,29.0,29,True,Front of club - Sessions take place on the Club House Pitch,https://ourparks.org.uk/borough/beginners-bootcamp-106897,Sutton & Epsom RFC,SM2 7NF,Sutton,"Cuddington Court, Rugby Lane",GB,51.349432,-0.2225745,London Borough of Sutton,https://ourparks.org.uk/borough/london-borough-sutton,PHILIP
106898,Beginners Bootcamp,2025-10-06 17:00:00+00:00,2025-10-06 18:00:00+00:00,PT60M,Bootcamp,Intermediate,29.0,29,True,Front of club - Sessions take place on the Club House Pitch,https://ourparks.org.uk/borough/beginners-bootcamp-106898,Sutton & Epsom RFC,SM2 7NF,Sutton,"Cuddington Court, Rugby Lane",GB,51.349432,-0.2225745,London Borough of Sutton,https://ourparks.org.uk/borough/london-borough-sutton,PHILIP
106899,Beginners Bootcamp,2025-10-13 17:00:00+00:00,2025-10-13 18:00:00+00:00,PT60M,Bootcamp,Intermediate,29.0,29,True,Front of club - Sessions take place on the Club House Pitch,https://ourparks.org.uk/borough/beginners-bootcamp-106899,Sutton & Epsom RFC,SM2 7NF,Sutton,"Cuddington Court, Rugby Lane",GB,51.349432,-0.2225745,London Borough of Sutton,https://ourparks.org.uk/borough/london-borough-sutton,PHILIP
106900,Beginners Bootcamp,2025-10-20 17:00:00+00:00,2025-10-20 18:00:00+00:00,PT60M,Bootcamp,Intermediate,29.0,29,True,Front of club - Sessions take place on the Club House Pitch,https://ourparks.org.uk/borough/beginners-bootcamp-106900,Sutton & Epsom RFC,SM2 7NF,Sutton,"Cuddington Court, Rugby Lane",GB,51.349432,-0.2225745,London Borough of Sutton,https://ourparks.org.uk/borough/london-borough-sutton,PHILIP
106901,Beginners Bootcamp,2025-10-27 17:00:00+00:00,2025-10-27 18:00:00+00:00,PT60M,Bootcamp,Intermediate,29.0,29,True,Front of club - Sessions take place on the Club House Pitch,https://ourparks.org.uk/borough/beginners-bootcamp-106901,Sutton & Epsom RFC,SM2 7NF,Sutton,"Cuddington Court, Rugby Lane",GB,51.349432,-0.2225745,London Borough of Sutton,https://ourparks.org.uk/borough/london-borough-sutton,PHILIP
106902,Beginners Bootcamp,2025-11-03 17:00:00+00:00,2025-11-03 18:00:00+00:00,PT60M,Bootcamp,Intermediate,29.0,29,True,Front of club - Sessions take place on the Club House Pitch,https://ourparks.org.uk/borough/beginners-bootcamp-106902,Sutton & Epsom RFC,SM2 7NF,Sutton,"Cuddington Court, Rugby Lane",GB,51.349432,-0.2225745,London Borough of Sutton,https://ourparks.org.uk/borough/london-borough-sutton,PHILIP
106903,Beginners Bootcamp,2025-11-10 17:00:00+00:00,2025-11-10 18:00:00+00:00,PT60M,Bootcamp,Intermediate,29.0,29,True,Front of club - Sessions take place on the Club House Pitch,https://ourparks.org.uk/borough/beginners-bootcamp-106903,Sutton & Epsom RFC,SM2 7NF,Sutton,"Cuddington Court, Rugby Lane",GB,51.349432,-0.2225745,London Borough of Sutton,https://ourparks.org.uk/borough/london-borough-sutton,PHILIP
106904,Beginners Bootcamp,2025-11-17 17:00:00+00:00,2025-11-17 18:00:00+00:00,PT60M,Bootcamp,Intermediate,29.0,29,True,Front of club - Sessions take place on the Club House Pitch,https://ourparks.org.uk/borough/beginners-bootcamp-106904,Sutton & Epsom RFC,SM2 7NF,Sutton,"Cuddington Court, Rugby Lane",GB,51.349432,-0.2225745,London Borough of Sutton,https://ourparks.org.uk/borough/london-borough-sutton,PHILIP
106905,Beginners Bootcamp,2025-11-24 17:00:00+00:00,2025-11-24 18:00:00+00:00,PT60M,Bootcamp,Intermediate,29.0,29,True,Front of club - Sessions take place on the Club House Pitch,https://ourparks.org.uk/borough/beginners-bootcamp-106905,Sutton & Epsom RFC,SM2 7NF,Sutton,"Cuddington Court, Rugby Lane",GB,51.349432,-0.2225745,London Borough of Sutton,https://ourparks.org.uk/borough/london-borough-sutton,PHILIP
105243,"Abs, Bums & Thighs (ABT)",2025-09-20 11:00:00+00:00,2025-09-20 12:00:00+00:00,PT60M,Abs/Core,Intermediate,29.0,29,True,By the cafe,https://ourparks.org.uk/borough/abs-bums-thighs-abt-105243,Roundwood Park,NW10 3RT,Brent,Roundwood Park,GB,51.5420062,-0.2403952,Brent,https://ourparks.org.uk/borough/brent-0,NROB 
106922,"Abs, Bums & Thighs (ABT)",2025-09-28 09:00:00+00:00,2025-09-28 10:00:00+00:00,PT60M,Abs/Core,Intermediate,29.0,29,True,By the cafe,https://ourparks.org.uk/borough/abs-bums-thighs-abt-106922,Roundwood Park,NW10 3RT,Brent,Roundwood Park,GB,51.5420062,-0.2403952,Brent,https://ourparks.org.uk/borough/brent-0,Barbora
106924,"Abs, Bums & Thighs (ABT)",2025-10-12 09:00:00+00:00,2025-10-12 10:00:00+00:00,PT60M,Abs/Core,Intermediate,29.0,29,True,By the cafe,https://ourparks.org.uk/borough/abs-bums-thighs-abt-106924,Roundwood Park,NW10 3RT,Brent,Roundwood Park,GB,51.5420062,-0.2403952,Brent,https://ourparks.org.uk/borough/brent-0,Barbora
106925,"Abs, Bums & Thighs (ABT)",2025-10-19 09:00:00+00:00,2025-10-19 10:00:00+00:00,PT60M,Abs/Core,Intermediate,29.0,29,True,By the cafe,https://ourparks.org.uk/borough/abs-bums-thighs-abt-106925,Roundwood Park,NW10 3RT,Brent,Roundwood Park,GB,51.5420062,-0.2403952,Brent,https://ourparks.org.uk/borough/brent-0,Barbora
106926,"Abs, Bums & Thighs (ABT)",2025-10-26 09:00:00+00:00,2025-10-26 10:00:00+00:00,PT60M,Abs/Core,Intermediate,29.0,29,True,By the cafe,https://ourparks.org.uk/borough/abs-bums-thighs-abt-106926,Roundwood Park,NW10 3RT,Brent,Roundwood Park,GB,51.5420062,-0.2403952,Brent,https://ourparks.org.uk/borough/brent-0,Barbora
106929,"Abs, Bums & Thighs (ABT)",2025-11-16 09:00:00+00:00,2025-11-16 10:00:00+00:00,PT60M,Abs/Core,Intermediate,29.0,29,True,By the cafe,https://ourparks.org.uk/borough/abs-bums-thighs-abt-106929,Roundwood Park,NW10 3RT,Brent,Roundwood Park,GB,51.5420062,-0.2403952,Brent,https://ourparks.org.uk/borough/brent-0,Barbora
106930,"Abs, Bums & Thighs (ABT)",2025-11-23 09:00:00+00:00,2025-11-23 10:00:00+00:00,PT60M,Abs/Core,Intermediate,29.0,29,True,By the cafe,https://ourparks.org.uk/borough/abs-bums-thighs-abt-106930,Roundwood Park,NW10 3RT,Brent,Roundwood Park,GB,51.5420062,-0.2403952,Brent,https://ourparks.org.uk/borough/brent-0,Barbora
106931,"Abs, Bums & Thighs (ABT)",2025-11-30 09:00:00+00:00,2025-11-30 10:00:00+00:00,PT60M,Abs/Core,Intermediate,29.0,29,True,By the cafe,https://ourparks.org.uk/borough/abs-bums-thighs-abt-106931,Roundwood Park,NW10 3RT,Brent,Roundwood Park,GB,51.5420062,-0.2403952,Brent,https://ourparks.org.uk/borough/brent-0,Barbora
106932,"Abs, Bums & Thighs (ABT)",2025-12-07 09:00:00+00:00,2025-12-07 10:00:00+00:00,PT60M,Abs/Core,Intermediate,29.0,29,True,By the cafe,https://ourparks.org.uk/borough/abs-bums-thighs-abt-106932,Roundwood Park,NW10 3RT,Brent,Roundwood Park,GB,51.5420062,-0.2403952,Brent,https://ourparks.org.uk/borough/brent-0,Barbora
106933,"Abs, Bums & Thighs (ABT)",2025-12-14 09:00:00+00:00,2025-12-14 10:00:00+00:00,PT60M,Abs/Core,Intermediate,29.0,29,True,By the cafe,https://ourparks.org.uk/borough/abs-bums-thighs-abt-106933,Roundwood Park,NW10 3RT,Brent,Roundwood Park,GB,51.5420062,-0.2403952,Brent,https://ourparks.org.uk/borough/brent-0,Barbora
106938,"Abs, Bums & Thighs (ABT)",2026-01-18 09:00:00+00:00,2026-01-18 10:00:00+00:00,PT60M,Abs/Core,Intermediate,29.0,29,True,By the cafe,https://ourparks.org.uk/borough/abs-bums-thighs-abt-106938,Roundwood Park,NW10 3RT,Brent,Roundwood Park,GB,51.5420062,-0.2403952,Brent,https://ourparks.org.uk/borough/brent-0,Barbora
106502,LIIT,2025-10-05 09:00:00+00:00,2025-10-05 10:00:00+00:00,PT60M,Bootcamp,Intermediate,29.0,29,True,By the St Mary's Gate entrance,https://ourparks.org.uk/borough/liit-106502,Greenwich Park,SE10 9JL,London,St Mary's Gate,GB,51.479613763653,-0.006785005332,The Royal Parks,https://ourparks.org.uk/borough/royal-parks,Drew
106503,LIIT,2025-10-12 09:00:00+00:00,2025-10-12 10:00:00+00:00,PT60M,Bootcamp,Intermediate,29.0,29,True,By the St Mary's Gate entrance,https://ourparks.org.uk/borough/liit-106503,Greenwich Park,SE10 9JL,London,St Mary's Gate,GB,51.479613763653,-0.006785005332,The Royal Parks,https://ourparks.org.uk/borough/royal-parks,Drew
106504,LIIT,2025-10-19 09:00:00+00:00,2025-10-19 10:00:00+00:00,PT60M,Bootcamp,Intermediate,29.0,29,True,By the St Mary's Gate entrance,https://ourparks.org.uk/borough/liit-106504,Greenwich Park,SE10 9JL,London,St Mary's Gate,GB,51.479613763653,-0.006785005332,The Royal Parks,https://ourparks.org.uk/borough/royal-parks,Drew
106505,LIIT,2025-10-26 09:00:00+00:00,2025-10-26 10:00:00+00:00,PT60M,Bootcamp,Intermediate,29.0,29,True,By the St Mary's Gate entrance,https://ourparks.org.uk/borough/liit-106505,Greenwich Park,SE10 9JL,London,St Mary's Gate,GB,51.479613763653,-0.006785005332,The Royal Parks,https://ourparks.org.uk/borough/royal-parks,Drew
106506,LIIT,2025-11-02 09:00:00+00:00,2025-11-02 10:00:00+00:00,PT60M,Bootcamp,Intermediate,29.0,29,True,By the St Mary's Gate entrance,https://ourparks.org.uk/borough/liit-106506,Greenwich Park,SE10 9JL,London,St Mary's Gate,GB,51.479613763653,-0.006785005332,The Royal Parks,https://ourparks.org.uk/borough/royal-parks,Drew
106507,LIIT,2025-11-09 09:00:00+00:00,2025-11-09 10:00:00+00:00,PT60M,Bootcamp,Intermediate,29.0,29,True,By the St Mary's Gate entrance,https://ourparks.org.uk/borough/liit-106507,Greenwich Park,SE10 9JL,London,St Mary's Gate,GB,51.479613763653,-0.006785005332,The Royal Parks,https://ourparks.org.uk/borough/royal-parks,Drew
106508,LIIT,2025-11-16 09:00:00+00:00,2025-11-16 10:00:00+00:00,PT60M,Bootcamp,Intermediate,29.0,29,True,By the St Mary's Gate entrance,https://ourparks.org.uk/borough/liit-106508,Greenwich Park,SE10 9JL,London,St Mary's Gate,GB,51.479613763653,-0.006785005332,The Royal Parks,https://ourparks.org.uk/borough/royal-parks,Drew
106509,LIIT,2025-11-23 09:00:00+00:00,2025-11-23 10:00:00+00:00,PT60M,Bootcamp,Intermediate,29.0,29,True,By the St Mary's Gate entrance,https://ourparks.org.uk/borough/liit-106509,Greenwich Park,SE10 9JL,London,St Mary's Gate,GB,51.479613763653,-0.006785005332,The Royal Parks,https://ourparks.org.uk/borough/royal-parks,Drew
106510,LIIT,2025-11-30 09:00:00+00:00,2025-11-30 10:00:00+00:00,PT60M,Bootcamp,Intermediate,29.0,29,True,By the St Mary's Gate entrance,https://ourparks.org.uk/borough/liit-106510,Greenwich Park,SE10 9JL,London,St Mary's Gate,GB,51.479613763653,-0.006785005332,The Royal Parks,https://ourparks.org.uk/borough/royal-parks,Drew
106511,LIIT,2025-12-07 09:00:00+00:00,2025-12-07 10:00:00+00:00,PT60M,Bootcamp,Intermediate,29.0,29,True,By the St Mary's Gate entrance,https://ourparks.org.uk/borough/liit-106511,Greenwich Park,SE10 9JL,London,St Mary's Gate,GB,51.479613763653,-0.006785005332,The Royal Parks,https://ourparks.org.uk/borough/royal-parks,Drew
106512,LIIT,2025-12-14 09:00:00+00:00,2025-12-14 10:00:00+00:00,PT60M,Bootcamp,Intermediate,29.0,29,True,By the St Mary's Gate entrance,https://ourparks.org.uk/borough/liit-106512,Greenwich Park,SE10 9JL,London,St Mary's Gate,GB,51.479613763653,-0.006785005332,The Royal Parks,https://ourparks.org.uk/borough/royal-parks,Drew
106517,LIIT,2026-01-18 09:00:00+00:00,2026-01-18 10:00:00+00:00,PT60M,Bootcamp,Intermediate,29.0,29,True,By the St Mary's Gate entrance,https://ourparks.org.uk/borough/liit-106517,Greenwich Park,SE10 9JL,London,St Mary's Gate,GB,51.479613763653,-0.006785005332,The Royal Parks,https://ourparks.org.uk/borough/royal-parks,Drew
106518,LIIT,2026-01-25 09:00:00+00:00,2026-01-25 10:00:00+00:00,PT60M,Bootcamp,Intermediate,29.0,29,True,By the St Mary's Gate entrance,https://ourparks.org.uk/borough/liit-106518,Greenwich Park,SE10 9JL,London,St Mary's Gate,GB,51.479613763653,-0.006785005332,The Royal Parks,https://ourparks.org.uk/borough/royal-parks,Drew
106519,LIIT,2026-02-01 09:00:00+00:00,2026-02-01 10:00:00+00:00,PT60M,Bootcamp,Intermediate,29.0,29,True,By the St Mary's Gate entrance,https://ourparks.org.uk/borough/liit-106519,Greenwich Park,SE10 9JL,London,St Mary's Gate,GB,51.479613763653,-0.006785005332,The Royal Parks,https://ourparks.org.uk/borough/royal-parks,Drew
106520,LIIT,2026-02-08 09:00:00+00:00,2026-02-08 10:00:00+00:00,PT60M,Bootcamp,Intermediate,29.0,29,True,By the St Mary's Gate entrance,https://ourparks.org.uk/borough/liit-106520,Greenwich Park,SE10 9JL,London,St Mary's Gate,GB,51.479613763653,-0.006785005332,The Royal Parks,https://ourparks.org.uk/borough/royal-parks,Drew
105087,Back to Exercise,2025-09-20 09:00:00+00:00,2025-09-20 10:00:00+00:00,PT60M,Abs/Core,Intermediate,29.0,29,True,The Bandstand,https://ourparks.org.uk/borough/back-exercise-105087,Queens Park,NW6 6LR,London,Kingswood Avenue,GB,51.5365323,-0.2092666,Brent,https://ourparks.org.uk/borough/brent-0,Dec
105038,Full Body Circuit,2025-10-11 09:00:00+00:00,2025-10-11 10:00:00+00:00,PT60M,Bootcamp,Intermediate,29.0,29,True,Outdoor Gym area,https://ourparks.org.uk/borough/full-body-circuit-105038,Roe Green Park,NW9 9HA,London,Kingsbury High Road Kingsbury,GB,51.586109971363,-0.269687067103,Brent,https://ourparks.org.uk/borough/brent-0,Dec
103380,Bootcamp,2025-09-20 09:00:00+00:00,2025-09-20 10:00:00+00:00,PT60M,Bootcamp,Intermediate,29.0,29,True,Outdoor gym area,https://ourparks.org.uk/borough/bootcamp-103380,Victory Park (E20),E20 2ST,London,Victory Park,GB,51.546291703992,-0.00978845673,East Village,https://ourparks.org.uk/borough/east-village,Albert
103379,Bootcamp,2025-09-13 09:00:00+00:00,2025-09-13 10:00:00+00:00,PT60M,Bootcamp,Intermediate,29.0,29,True,Outdoor gym area,https://ourparks.org.uk/borough/bootcamp-103379,Victory Park (E20),E20 2ST,London,Victory Park,GB,51.546291703992,-0.00978845673,East Village,https://ourparks.org.uk/borough/east-village,Albert
103381,Bootcamp,2025-09-27 09:00:00+00:00,2025-09-27 10:00:00+00:00,PT60M,Bootcamp,Intermediate,29.0,29,True,Outdoor gym area,https://ourparks.org.uk/borough/bootcamp-103381,Victory Park (E20),E20 2ST,London,Victory Park,GB,51.546291703992,-0.00978845673,East Village,https://ourparks.org.uk/borough/east-village,Albert
105040,Full Body Circuit,2025-10-25 09:00:00+00:00,2025-10-25 10:00:00+00:00,PT60M,Bootcamp,Intermediate,29.0,29,True,Outdoor Gym area,https://ourparks.org.uk/borough/full-body-circuit-105040,Roe Green Park,NW9 9HA,London,Kingsbury High Road Kingsbury,GB,51.586109971363,-0.269687067103,Brent,https://ourparks.org.uk/borough/brent-0,Barbora
105039,Full Body Circuit,2025-10-18 09:00:00+00:00,2025-10-18 10:00:00+00:00,PT60M,Bootcamp,Intermediate,29.0,29,True,Outdoor Gym area,https://ourparks.org.uk/borough/full-body-circuit-105039,Roe Green Park,NW9 9HA,London,Kingsbury High Road Kingsbury,GB,51.586109971363,-0.269687067103,Brent,https://ourparks.org.uk/borough/brent-0,Barbora
105035,Full Body Circuit,2025-09-20 09:00:00+00:00,2025-09-20 10:00:00+00:00,PT60M,Bootcamp,Intermediate,29.0,29,True,Outdoor Gym area,https://ourparks.org.uk/borough/full-body-circuit-105035,Roe Green Park,NW9 9HA,London,Kingsbury High Road Kingsbury,GB,51.586109971363,-0.269687067103,Brent,https://ourparks.org.uk/borough/brent-0,Barbora
105036,Full Body Circuit,2025-09-27 09:00:00+00:00,2025-09-27 10:00:00+00:00,PT60M,Bootcamp,Intermediate,29.0,29,True,Outdoor Gym area,https://ourparks.org.uk/borough/full-body-circuit-105036,Roe Green Park,NW9 9HA,London,Kingsbury High Road Kingsbury,GB,51.586109971363,-0.269687067103,Brent,https://ourparks.org.uk/borough/brent-0,Barbora
105034,Full Body Circuit,2025-09-13 09:00:00+00:00,2025-09-13 10:00:00+00:00,PT60M,Bootcamp,Intermediate,29.0,29,True,Outdoor Gym area,https://ourparks.org.uk/borough/full-body-circuit-105034,Roe Green Park,NW9 9HA,London,Kingsbury High Road Kingsbury,GB,51.586109971363,-0.269687067103,Brent,https://ourparks.org.uk/borough/brent-0,Barbora
105189,Low Impact Stretch,2025-09-14 09:00:00+00:00,2025-09-14 10:00:00+00:00,PT60M,Tai Chi,Intermediate,29.0,29,True,Outdoor Gym area,https://ourparks.org.uk/borough/low-impact-stretch-105189,Roe Green Park,NW9 9HA,London,Kingsbury High Road Kingsbury,GB,51.586109971363,-0.269687067103,Brent,https://ourparks.org.uk/borough/brent-0,Barbora
106136,LIIT,2025-09-07 09:00:00+00:00,2025-09-07 10:00:00+00:00,PT60M,Bootcamp,Intermediate,29.0,29,True,By the St Mary's Gate entrance,https://ourparks.org.uk/borough/liit-106136,Greenwich Park,SE10 9JL,London,St Mary's Gate,GB,51.479613763653,-0.006785005332,The Royal Parks,https://ourparks.org.uk/borough/royal-parks,Drew
104988,Yoga,2025-09-24 17:30:00+00:00,2025-09-24 18:30:00+00:00,PT60M,Yoga,Intermediate,29.0,29,True,By the Physical Energy Statue,https://ourparks.org.uk/borough/yoga-104988,Kensington Gardens,W2 3JH,London,NW corner of Kensington Gardens,GB,51.506987,-0.179165,The Royal Parks,https://ourparks.org.uk/borough/royal-parks,Saskia
98299,Bootcamp,2025-09-04 08:30:00+00:00,2025-09-04 09:30:00+00:00,PT60M,Bootcamp,Intermediate,29.0,29,True,Play Area,https://ourparks.org.uk/borough/bootcamp-98299,Harefield Village Green,UB9 6EG,Harefield,Harefield Village Green,GB,51.604697285476,-0.480577927343,Hillingdon,https://ourparks.org.uk/borough/hillingdon,Sheila
104922,"Women's only - Abs, Bums & Thighs (ABT)",2025-09-07 09:00:00+00:00,2025-09-07 10:00:00+00:00,PT60M,Abs/Core,Intermediate,29.0,29,True,Outdoor Gym area,https://ourparks.org.uk/borough/womens-only-abs-bums-thighs-abt-104922,Bartlett Park,E14 6LA,London,Bartlett Park Outdoor Gym,GB,51.5152023,-0.0201571,Tower Hamlets,https://ourparks.org.uk/borough/tower-hamlets,Karolina 
105188,Walking Tai Chi,2025-09-07 09:00:00+00:00,2025-09-07 10:00:00+00:00,PT60M,Tai Chi,Intermediate,29.0,29,True,Outdoor Gym area,https://ourparks.org.uk/borough/walking-tai-chi-105188,Roe Green Park,NW9 9HA,London,Kingsbury High Road Kingsbury,GB,51.586109971363,-0.269687067103,Brent,https://ourparks.org.uk/borough/brent-0,Navi
102309,HIIT,2025-09-06 09:00:00+00:00,2025-09-06 10:00:00+00:00,PT60M,HIIT,Intermediate,29.0,29,True,Parliament Hill end of the Heath by the mown grass area next to the bandstand,https://ourparks.org.uk/borough/hiit-102309,Hampstead Heath,NW5 1QY,London,Hampstead Heath Highgate Rd,GB,51.559276267073,-0.15334605909,Camden,https://ourparks.org.uk/borough/camden,Orall
104266,Box Fit,2025-10-01 09:00:00+00:00,2025-10-01 10:00:00+00:00,PT60M,Boxing Fitness,Intermediate,29.0,29,True,Outside Gym area,https://ourparks.org.uk/borough/box-fit-104266,Figges Marsh,CR4 2AD,Mitcham,Streatham Road,GB,51.412937713235,-0.160785856795,London Borough of Merton,https://ourparks.org.uk/borough/london-borough-merton,Tristan
104929,"Women's only - Abs, Bums & Thighs (ABT)",2025-10-26 09:00:00+00:00,2025-10-26 10:00:00+00:00,PT60M,Abs/Core,Intermediate,29.0,29,True,Outdoor Gym area,https://ourparks.org.uk/borough/womens-only-abs-bums-thighs-abt-104929,Bartlett Park,E14 6LA,London,Bartlett Park Outdoor Gym,GB,51.5152023,-0.0201571,Tower Hamlets,https://ourparks.org.uk/borough/tower-hamlets,Karolina 
106965,Back to Exercise,2025-10-09 08:30:00+00:00,2025-10-09 09:30:00+00:00,PT60M,Group Exercise,Intermediate,29.0,29,True,Outdoor Gym area,https://ourparks.org.uk/borough/back-exercise-106965,Foots Cray Meadows,DA14 4PS,Sidcup,Riverside Road entrance,GB,51.432911516763,0.134709314101,London Borough of Bexley,https://ourparks.org.uk/borough/london-borough-bexley,Barry
106966,Back to Exercise,2025-10-16 08:30:00+00:00,2025-10-16 09:30:00+00:00,PT60M,Group Exercise,Intermediate,29.0,29,True,Outdoor Gym area,https://ourparks.org.uk/borough/back-exercise-106966,Foots Cray Meadows,DA14 4PS,Sidcup,Riverside Road entrance,GB,51.432911516763,0.134709314101,London Borough of Bexley,https://ourparks.org.uk/borough/london-borough-bexley,Barry
106967,Back to Exercise,2025-10-23 08:30:00+00:00,2025-10-23 09:30:00+00:00,PT60M,Group Exercise,Intermediate,29.0,29,True,Outdoor Gym area,https://ourparks.org.uk/borough/back-exercise-106967,Foots Cray Meadows,DA14 4PS,Sidcup,Riverside Road entrance,GB,51.432911516763,0.134709314101,London Borough of Bexley,https://ourparks.org.uk/borough/london-borough-bexley,Barry
106964,Back to Exercise,2025-10-02 08:30:00+00:00,2025-10-02 09:30:00+00:00,PT60M,Group Exercise,Intermediate,29.0,29,True,Outdoor Gym area,https://ourparks.org.uk/borough/back-exercise-106964,Foots Cray Meadows,DA14 4PS,Sidcup,Riverside Road entrance,GB,51.432911516763,0.134709314101,London Borough of Bexley,https://ourparks.org.uk/borough/london-borough-bexley,Olamide
106997,Beginners Bootcamp,2025-09-29 08:30:00+00:00,2025-09-29 09:30:00+00:00,PT60M,Bootcamp,Intermediate,29.0,29,True,Outdoor Gym area,https://ourparks.org.uk/borough/beginners-bootcamp-106997,Old Farm Park,DA15 8AN,Sidcup,Old Farm Avenue,GB,51.435940810701,0.091383360071,London Borough of Bexley,https://ourparks.org.uk/borough/london-borough-bexley,Olamide
106998,Beginners Bootcamp,2025-10-06 08:30:00+00:00,2025-10-06 09:30:00+00:00,PT60M,Bootcamp,Intermediate,29.0,29,True,Outdoor Gym area,https://ourparks.org.uk/borough/beginners-bootcamp-106998,Old Farm Park,DA15 8AN,Sidcup,Old Farm Avenue,GB,51.435940810701,0.091383360071,London Borough of Bexley,https://ourparks.org.uk/borough/london-borough-bexley,Olamide
106999,Beginners Bootcamp,2025-10-13 08:30:00+00:00,2025-10-13 09:30:00+00:00,PT60M,Bootcamp,Intermediate,29.0,29,True,Outdoor Gym area,https://ourparks.org.uk/borough/beginners-bootcamp-106999,Old Farm Park,DA15 8AN,Sidcup,Old Farm Avenue,GB,51.435940810701,0.091383360071,London Borough of Bexley,https://ourparks.org.uk/borough/london-borough-bexley,Olamide
107001,Beginners Bootcamp,2025-10-27 08:30:00+00:00,2025-10-27 09:30:00+00:00,PT60M,Bootcamp,Intermediate,29.0,29,True,Outdoor Gym area,https://ourparks.org.uk/borough/beginners-bootcamp-107001,Old Farm Park,DA15 8AN,Sidcup,Old Farm Avenue,GB,51.435940810701,0.091383360071,London Borough of Bexley,https://ourparks.org.uk/borough/london-borough-bexley,Olamide
107002,Beginners Bootcamp,2025-11-03 08:30:00+00:00,2025-11-03 09:30:00+00:00,PT60M,Bootcamp,Intermediate,29.0,29,True,Outdoor Gym area,https://ourparks.org.uk/borough/beginners-bootcamp-107002,Old Farm Park,DA15 8AN,Sidcup,Old Farm Avenue,GB,51.435940810701,0.091383360071,London Borough of Bexley,https://ourparks.org.uk/borough/london-borough-bexley,Olamide
107003,Beginners Bootcamp,2025-11-10 08:30:00+00:00,2025-11-10 09:30:00+00:00,PT60M,Bootcamp,Intermediate,29.0,29,True,Outdoor Gym area,https://ourparks.org.uk/borough/beginners-bootcamp-107003,Old Farm Park,DA15 8AN,Sidcup,Old Farm Avenue,GB,51.435940810701,0.091383360071,London Borough of Bexley,https://ourparks.org.uk/borough/london-borough-bexley,Olamide
107004,Beginners Bootcamp,2025-11-17 08:30:00+00:00,2025-11-17 09:30:00+00:00,PT60M,Bootcamp,Intermediate,29.0,29,True,Outdoor Gym area,https://ourparks.org.uk/borough/beginners-bootcamp-107004,Old Farm Park,DA15 8AN,Sidcup,Old Farm Avenue,GB,51.435940810701,0.091383360071,London Borough of Bexley,https://ourparks.org.uk/borough/london-borough-bexley,Olamide
107005,Beginners Bootcamp,2025-11-24 08:30:00+00:00,2025-11-24 09:30:00+00:00,PT60M,Bootcamp,Intermediate,29.0,29,True,Outdoor Gym area,https://ourparks.org.uk/borough/beginners-bootcamp-107005,Old Farm Park,DA15 8AN,Sidcup,Old Farm Avenue,GB,51.435940810701,0.091383360071,London Borough of Bexley,https://ourparks.org.uk/borough/london-borough-bexley,Olamide
107030,Full Body Workout,2025-10-01 08:30:00+00:00,2025-10-01 09:30:00+00:00,PT60M,Bootcamp,Intermediate,29.0,29,True,By the Physical Energy Statue,https://ourparks.org.uk/borough/full-body-workout-107030,Kensington Gardens,W2 3JH,London,NW corner of Kensington Gardens,GB,51.506987,-0.179165,The Royal Parks,https://ourparks.org.uk/borough/royal-parks,Zara
107031,Full Body Workout,2025-10-08 08:30:00+00:00,2025-10-08 09:30:00+00:00,PT60M,Bootcamp,Intermediate,29.0,29,True,By the Physical Energy Statue,https://ourparks.org.uk/borough/full-body-workout-107031,Kensington Gardens,W2 3JH,London,NW corner of Kensington Gardens,GB,51.506987,-0.179165,The Royal Parks,https://ourparks.org.uk/borough/royal-parks,Zara
107033,Full Body Workout,2025-10-22 08:30:00+00:00,2025-10-22 09:30:00+00:00,PT60M,Bootcamp,Intermediate,29.0,29,True,By the Physical Energy Statue,https://ourparks.org.uk/borough/full-body-workout-107033,Kensington Gardens,W2 3JH,London,NW corner of Kensington Gardens,GB,51.506987,-0.179165,The Royal Parks,https://ourparks.org.uk/borough/royal-parks,Zara
107034,Full Body Workout,2025-10-29 08:30:00+00:00,2025-10-29 09:30:00+00:00,PT60M,Bootcamp,Intermediate,29.0,29,True,By the Physical Energy Statue,https://ourparks.org.uk/borough/full-body-workout-107034,Kensington Gardens,W2 3JH,London,NW corner of Kensington Gardens,GB,51.506987,-0.179165,The Royal Parks,https://ourparks.org.uk/borough/royal-parks,Zara
107036,Full Body Workout,2025-11-12 08:30:00+00:00,2025-11-12 09:30:00+00:00,PT60M,Bootcamp,Intermediate,29.0,29,True,By the Physical Energy Statue,https://ourparks.org.uk/borough/full-body-workout-107036,Kensington Gardens,W2 3JH,London,NW corner of Kensington Gardens,GB,51.506987,-0.179165,The Royal Parks,https://ourparks.org.uk/borough/royal-parks,Zara
107037,Full Body Workout,2025-11-19 08:30:00+00:00,2025-11-19 09:30:00+00:00,PT60M,Bootcamp,Intermediate,29.0,29,True,By the Physical Energy Statue,https://ourparks.org.uk/borough/full-body-workout-107037,Kensington Gardens,W2 3JH,London,NW corner of Kensington Gardens,GB,51.506987,-0.179165,The Royal Parks,https://ourparks.org.uk/borough/royal-parks,Zara
107038,Full Body Workout,2025-11-26 08:30:00+00:00,2025-11-26 09:30:00+00:00,PT60M,Bootcamp,Intermediate,29.0,29,True,By the Physical Energy Statue,https://ourparks.org.uk/borough/full-body-workout-107038,Kensington Gardens,W2 3JH,London,NW corner of Kensington Gardens,GB,51.506987,-0.179165,The Royal Parks,https://ourparks.org.uk/borough/royal-parks,Zara
107039,Full Body Workout,2025-12-03 08:30:00+00:00,2025-12-03 09:30:00+00:00,PT60M,Bootcamp,Intermediate,29.0,29,True,By the Physical Energy Statue,https://ourparks.org.uk/borough/full-body-workout-107039,Kensington Gardens,W2 3JH,London,NW corner of Kensington Gardens,GB,51.506987,-0.179165,The Royal Parks,https://ourparks.org.uk/borough/royal-parks,Zara
107040,Full Body Workout,2025-12-10 08:30:00+00:00,2025-12-10 09:30:00+00:00,PT60M,Bootcamp,Intermediate,29.0,29,True,By the Physical Energy Statue,https://ourparks.org.uk/borough/full-body-workout-107040,Kensington Gardens,W2 3JH,London,NW corner of Kensington Gardens,GB,51.506987,-0.179165,The Royal Parks,https://ourparks.org.uk/borough/royal-parks,Zara
107041,Full Body Workout,2025-12-17 08:30:00+00:00,2025-12-17 09:30:00+00:00,PT60M,Bootcamp,Intermediate,29.0,29,True,By the Physical Energy Statue,https://ourparks.org.uk/borough/full-body-workout-107041,Kensington Gardens,W2 3JH,London,NW corner of Kensington Gardens,GB,51.506987,-0.179165,The Royal Parks,https://ourparks.org.uk/borough/royal-parks,Zara
107044,Full Body Workout,2026-01-07 08:30:00+00:00,2026-01-07 09:30:00+00:00,PT60M,Bootcamp,Intermediate,29.0,29,True,By the Physical Energy Statue,https://ourparks.org.uk/borough/full-body-workout-107044,Kensington Gardens,W2 3JH,London,NW corner of Kensington Gardens,GB,51.506987,-0.179165,The Royal Parks,https://ourparks.org.uk/borough/royal-parks,Zara
107045,Full Body Workout,2026-01-14 08:30:00+00:00,2026-01-14 09:30:00+00:00,PT60M,Bootcamp,Intermediate,29.0,29,True,By the Physical Energy Statue,https://ourparks.org.uk/borough/full-body-workout-107045,Kensington Gardens,W2 3JH,London,NW corner of Kensington Gardens,GB,51.506987,-0.179165,The Royal Parks,https://ourparks.org.uk/borough/royal-parks,Zara
107046,Full Body Workout,2026-01-21 08:30:00+00:00,2026-01-21 09:30:00+00:00,PT60M,Bootcamp,Intermediate,29.0,29,True,By the Physical Energy Statue,https://ourparks.org.uk/borough/full-body-workout-107046,Kensington Gardens,W2 3JH,London,NW corner of Kensington Gardens,GB,51.506987,-0.179165,The Royal Parks,https://ourparks.org.uk/borough/royal-parks,Zara
107047,Full Body Workout,2026-01-28 08:30:00+00:00,2026-01-28 09:30:00+00:00,PT60M,Bootcamp,Intermediate,29.0,29,True,By the Physical Energy Statue,https://ourparks.org.uk/borough/full-body-workout-107047,Kensington Gardens,W2 3JH,London,NW corner of Kensington Gardens,GB,51.506987,-0.179165,The Royal Parks,https://ourparks.org.uk/borough/royal-parks,Zara
107048,Full Body Workout,2026-02-04 08:30:00+00:00,2026-02-04 09:30:00+00:00,PT60M,Bootcamp,Intermediate,29.0,29,True,By the Physical Energy Statue,https://ourparks.org.uk/borough/full-body-workout-107048,Kensington Gardens,W2 3JH,London,NW corner of Kensington Gardens,GB,51.506987,-0.179165,The Royal Parks,https://ourparks.org.uk/borough/royal-parks,Zara
107084,Bootcamp,2025-10-12 08:30:00+00:00,2025-10-12 09:30:00+00:00,PT60M,Bootcamp,Intermediate,29.0,29,True,"Green space in front Roehampton Gate (opposite Colicci Roehampton Gate Café, car park & toilets)",https://ourparks.org.uk/borough/bootcamp-107084,Richmond Park,KT2 7SS,London,Broomfield Hill Car Park,GB,51.432184462701,-0.269421501853,The Royal Parks,https://ourparks.org.uk/borough/royal-parks,Srikrupa 
107085,Bootcamp,2025-10-19 08:30:00+00:00,2025-10-19 09:30:00+00:00,PT60M,Bootcamp,Intermediate,29.0,29,True,"Green space in front Roehampton Gate (opposite Colicci Roehampton Gate Café, car park & toilets)",https://ourparks.org.uk/borough/bootcamp-107085,Richmond Park,KT2 7SS,London,Broomfield Hill Car Park,GB,51.432184462701,-0.269421501853,The Royal Parks,https://ourparks.org.uk/borough/royal-parks,Srikrupa 
107086,Bootcamp,2025-10-26 08:30:00+00:00,2025-10-26 09:30:00+00:00,PT60M,Bootcamp,Intermediate,29.0,29,True,"Green space in front Roehampton Gate (opposite Colicci Roehampton Gate Café, car park & toilets)",https://ourparks.org.uk/borough/bootcamp-107086,Richmond Park,KT2 7SS,London,Broomfield Hill Car Park,GB,51.432184462701,-0.269421501853,The Royal Parks,https://ourparks.org.uk/borough/royal-parks,Srikrupa 
107087,Bootcamp,2025-11-02 08:30:00+00:00,2025-11-02 09:30:00+00:00,PT60M,Bootcamp,Intermediate,29.0,29,True,"Green space in front Roehampton Gate (opposite Colicci Roehampton Gate Café, car park & toilets)",https://ourparks.org.uk/borough/bootcamp-107087,Richmond Park,KT2 7SS,London,Broomfield Hill Car Park,GB,51.432184462701,-0.269421501853,The Royal Parks,https://ourparks.org.uk/borough/royal-parks,Srikrupa 
107088,Bootcamp,2025-11-09 08:30:00+00:00,2025-11-09 09:30:00+00:00,PT60M,Bootcamp,Intermediate,29.0,29,True,"Green space in front Roehampton Gate (opposite Colicci Roehampton Gate Café, car park & toilets)",https://ourparks.org.uk/borough/bootcamp-107088,Richmond Park,KT2 7SS,London,Broomfield Hill Car Park,GB,51.432184462701,-0.269421501853,The Royal Parks,https://ourparks.org.uk/borough/royal-parks,Srikrupa 
107090,Bootcamp,2025-11-23 08:30:00+00:00,2025-11-23 09:30:00+00:00,PT60M,Bootcamp,Intermediate,29.0,29,True,"Green space in front Roehampton Gate (opposite Colicci Roehampton Gate Café, car park & toilets)",https://ourparks.org.uk/borough/bootcamp-107090,Richmond Park,KT2 7SS,London,Broomfield Hill Car Park,GB,51.432184462701,-0.269421501853,The Royal Parks,https://ourparks.org.uk/borough/royal-parks,Srikrupa 
107091,Bootcamp,2025-11-30 08:30:00+00:00,2025-11-30 09:30:00+00:00,PT60M,Bootcamp,Intermediate,29.0,29,True,"Green space in front Roehampton Gate (opposite Colicci Roehampton Gate Café, car park & toilets)",https://ourparks.org.uk/borough/bootcamp-107091,Richmond Park,KT2 7SS,London,Broomfield Hill Car Park,GB,51.432184462701,-0.269421501853,The Royal Parks,https://ourparks.org.uk/borough/royal-parks,Srikrupa 
107092,Bootcamp,2025-12-07 08:30:00+00:00,2025-12-07 09:30:00+00:00,PT60M,Bootcamp,Intermediate,29.0,29,True,"Green space in front Roehampton Gate (opposite Colicci Roehampton Gate Café, car park & toilets)",https://ourparks.org.uk/borough/bootcamp-107092,Richmond Park,KT2 7SS,London,Broomfield Hill Car Park,GB,51.432184462701,-0.269421501853,The Royal Parks,https://ourparks.org.uk/borough/royal-parks,Srikrupa 
107093,Bootcamp,2025-12-14 08:30:00+00:00,2025-12-14 09:30:00+00:00,PT60M,Bootcamp,Intermediate,29.0,29,True,"Green space in front Roehampton Gate (opposite Colicci Roehampton Gate Café, car park & toilets)",https://ourparks.org.uk/borough/bootcamp-107093,Richmond Park,KT2 7SS,London,Broomfield Hill Car Park,GB,51.432184462701,-0.269421501853,The Royal Parks,https://ourparks.org.uk/borough/royal-parks,Srikrupa 
107097,Bootcamp,2026-01-11 08:30:00+00:00,2026-01-11 09:30:00+00:00,PT60M,Bootcamp,Intermediate,29.0,29,True,"Green space in front Roehampton Gate (opposite Colicci Roehampton Gate Café, car park & toilets)",https://ourparks.org.uk/borough/bootcamp-107097,Richmond Park,KT2 7SS,London,Broomfield Hill Car Park,GB,51.432184462701,-0.269421501853,The Royal Parks,https://ourparks.org.uk/borough/royal-parks,Srikrupa 
107099,Bootcamp,2026-01-25 08:30:00+00:00,2026-01-25 09:30:00+00:00,PT60M,Bootcamp,Intermediate,29.0,29,True,"Green space in front Roehampton Gate (opposite Colicci Roehampton Gate Café, car park & toilets)",https://ourparks.org.uk/borough/bootcamp-107099,Richmond Park,KT2 7SS,London,Broomfield Hill Car Park,GB,51.432184462701,-0.269421501853,The Royal Parks,https://ourparks.org.uk/borough/royal-parks,Srikrupa 
107100,Bootcamp,2026-02-01 08:30:00+00:00,2026-02-01 09:30:00+00:00,PT60M,Bootcamp,Intermediate,29.0,29,True,"Green space in front Roehampton Gate (opposite Colicci Roehampton Gate Café, car park & toilets)",https://ourparks.org.uk/borough/bootcamp-107100,Richmond Park,KT2 7SS,London,Broomfield Hill Car Park,GB,51.432184462701,-0.269421501853,The Royal Parks,https://ourparks.org.uk/borough/royal-parks,Srikrupa 
105790,Beginners Bootcamp,2025-09-06 09:00:00+00:00,2025-09-06 10:00:00+00:00,PT60M,Bootcamp,Intermediate,30.0,30,True,Open air training ground,https://ourparks.org.uk/borough/beginners-bootcamp-105790,Brockwell Park,SE24 0PA,London,Brockwell Park,GB,51.452290766375,-0.105533454431,London Borough of Lambeth,https://ourparks.org.uk/borough/london-borough-lambeth,Srikrupa 
105791,Beginners Bootcamp,2025-09-13 09:00:00+00:00,2025-09-13 10:00:00+00:00,PT60M,Bootcamp,Intermediate,30.0,30,True,Open air training ground,https://ourparks.org.uk/borough/beginners-bootcamp-105791,Brockwell Park,SE24 0PA,London,Brockwell Park,GB,51.452290766375,-0.105533454431,London Borough of Lambeth,https://ourparks.org.uk/borough/london-borough-lambeth,Srikrupa 
105792,Beginners Bootcamp,2025-09-20 09:00:00+00:00,2025-09-20 10:00:00+00:00,PT60M,Bootcamp,Intermediate,30.0,30,True,Open air training ground,https://ourparks.org.uk/borough/beginners-bootcamp-105792,Brockwell Park,SE24 0PA,London,Brockwell Park,GB,51.452290766375,-0.105533454431,London Borough of Lambeth,https://ourparks.org.uk/borough/london-borough-lambeth,Srikrupa 
105793,Beginners Bootcamp,2025-09-27 09:00:00+00:00,2025-09-27 10:00:00+00:00,PT60M,Bootcamp,Intermediate,30.0,30,True,Open air training ground,https://ourparks.org.uk/borough/beginners-bootcamp-105793,Brockwell Park,SE24 0PA,London,Brockwell Park,GB,51.452290766375,-0.105533454431,London Borough of Lambeth,https://ourparks.org.uk/borough/london-borough-lambeth,Srikrupa 
105794,Beginners Bootcamp,2025-10-04 09:00:00+00:00,2025-10-04 10:00:00+00:00,PT60M,Bootcamp,Intermediate,30.0,30,True,Open air training ground,https://ourparks.org.uk/borough/beginners-bootcamp-105794,Brockwell Park,SE24 0PA,London,Brockwell Park,GB,51.452290766375,-0.105533454431,London Borough of Lambeth,https://ourparks.org.uk/borough/london-borough-lambeth,Srikrupa 
105795,Beginners Bootcamp,2025-10-11 09:00:00+00:00,2025-10-11 10:00:00+00:00,PT60M,Bootcamp,Intermediate,30.0,30,True,Open air training ground,https://ourparks.org.uk/borough/beginners-bootcamp-105795,Brockwell Park,SE24 0PA,London,Brockwell Park,GB,51.452290766375,-0.105533454431,London Borough of Lambeth,https://ourparks.org.uk/borough/london-borough-lambeth,Srikrupa 
105796,Beginners Bootcamp,2025-10-18 09:00:00+00:00,2025-10-18 10:00:00+00:00,PT60M,Bootcamp,Intermediate,30.0,30,True,Open air training ground,https://ourparks.org.uk/borough/beginners-bootcamp-105796,Brockwell Park,SE24 0PA,London,Brockwell Park,GB,51.452290766375,-0.105533454431,London Borough of Lambeth,https://ourparks.org.uk/borough/london-borough-lambeth,Srikrupa 
105797,Beginners Bootcamp,2025-10-25 09:00:00+00:00,2025-10-25 10:00:00+00:00,PT60M,Bootcamp,Intermediate,30.0,30,True,Open air training ground,https://ourparks.org.uk/borough/beginners-bootcamp-105797,Brockwell Park,SE24 0PA,London,Brockwell Park,GB,51.452290766375,-0.105533454431,London Borough of Lambeth,https://ourparks.org.uk/borough/london-borough-lambeth,Srikrupa 
105798,Beginners Bootcamp,2025-11-01 09:00:00+00:00,2025-11-01 10:00:00+00:00,PT60M,Bootcamp,Intermediate,30.0,30,True,Open air training ground,https://ourparks.org.uk/borough/beginners-bootcamp-105798,Brockwell Park,SE24 0PA,London,Brockwell Park,GB,51.452290766375,-0.105533454431,London Borough of Lambeth,https://ourparks.org.uk/borough/london-borough-lambeth,Srikrupa 
105799,Beginners Bootcamp,2025-11-08 09:00:00+00:00,2025-11-08 10:00:00+00:00,PT60M,Bootcamp,Intermediate,30.0,30,True,Open air training ground,https://ourparks.org.uk/borough/beginners-bootcamp-105799,Brockwell Park,SE24 0PA,London,Brockwell Park,GB,51.452290766375,-0.105533454431,London Borough of Lambeth,https://ourparks.org.uk/borough/london-borough-lambeth,Srikrupa 
105800,Beginners Bootcamp,2025-11-15 09:00:00+00:00,2025-11-15 10:00:00+00:00,PT60M,Bootcamp,Intermediate,30.0,30,True,Open air training ground,https://ourparks.org.uk/borough/beginners-bootcamp-105800,Brockwell Park,SE24 0PA,London,Brockwell Park,GB,51.452290766375,-0.105533454431,London Borough of Lambeth,https://ourparks.org.uk/borough/london-borough-lambeth,Srikrupa 
105801,Beginners Bootcamp,2025-11-22 09:00:00+00:00,2025-11-22 10:00:00+00:00,PT60M,Bootcamp,Intermediate,30.0,30,True,Open air training ground,https://ourparks.org.uk/borough/beginners-bootcamp-105801,Brockwell Park,SE24 0PA,London,Brockwell Park,GB,51.452290766375,-0.105533454431,London Borough of Lambeth,https://ourparks.org.uk/borough/london-borough-lambeth,Srikrupa 
105803,Beginners Bootcamp,2025-12-06 09:00:00+00:00,2025-12-06 10:00:00+00:00,PT60M,Bootcamp,Intermediate,30.0,30,True,Open air training ground,https://ourparks.org.uk/borough/beginners-bootcamp-105803,Brockwell Park,SE24 0PA,London,Brockwell Park,GB,51.452290766375,-0.105533454431,London Borough of Lambeth,https://ourparks.org.uk/borough/london-borough-lambeth,Srikrupa 
105804,Beginners Bootcamp,2025-12-13 09:00:00+00:00,2025-12-13 10:00:00+00:00,PT60M,Bootcamp,Intermediate,30.0,30,True,Open air training ground,https://ourparks.org.uk/borough/beginners-bootcamp-105804,Brockwell Park,SE24 0PA,London,Brockwell Park,GB,51.452290766375,-0.105533454431,London Borough of Lambeth,https://ourparks.org.uk/borough/london-borough-lambeth,Srikrupa 
105808,Beginners Bootcamp,2026-01-10 09:00:00+00:00,2026-01-10 10:00:00+00:00,PT60M,Bootcamp,Intermediate,30.0,30,True,Open air training ground,https://ourparks.org.uk/borough/beginners-bootcamp-105808,Brockwell Park,SE24 0PA,London,Brockwell Park,GB,51.452290766375,-0.105533454431,London Borough of Lambeth,https://ourparks.org.uk/borough/london-borough-lambeth,Srikrupa 
105809,Beginners Bootcamp,2026-01-17 09:00:00+00:00,2026-01-17 10:00:00+00:00,PT60M,Bootcamp,Intermediate,30.0,30,True,Open air training ground,https://ourparks.org.uk/borough/beginners-bootcamp-105809,Brockwell Park,SE24 0PA,London,Brockwell Park,GB,51.452290766375,-0.105533454431,London Borough of Lambeth,https://ourparks.org.uk/borough/london-borough-lambeth,Srikrupa 
106549,Bootcamp,2025-10-18 09:30:00+00:00,2025-10-18 10:30:00+00:00,PT60M,Bootcamp,Intermediate,29.0,29,True,Childrens Play area,https://ourparks.org.uk/borough/bootcamp-106549,Stratford Park,E15 4PT,Stratford,West Ham Lane,GB,51.539172347486,0.007154249428,London Borough of Newham,https://ourparks.org.uk/borough/london-borough-newham,Orall
106448,Bootcamp,2025-10-11 08:30:00+00:00,2025-10-11 09:30:00+00:00,PT60M,Bootcamp,Intermediate,29.0,29,True,Beddington Park car park (South),https://ourparks.org.uk/borough/bootcamp-106448,Beddington Park,SM6 7NN,Wallington,Church Road,GB,51.369874622426,-0.147107063538,Sutton,https://ourparks.org.uk/borough/sutton,Lisa
106485,HIIT,2025-10-18 09:00:00+00:00,2025-10-18 10:00:00+00:00,PT60M,HIIT,Intermediate,29.0,29,True,Parliament Hill end of the Heath by the mown grass area next to the bandstand,https://ourparks.org.uk/borough/hiit-106485,Hampstead Heath,NW5 1QY,London,Hampstead Heath Highgate Rd,GB,51.559276267073,-0.15334605909,Camden,https://ourparks.org.uk/borough/camden,Dec
104300,Strength & Toning,2025-10-01 09:00:00+00:00,2025-10-01 10:00:00+00:00,PT60M,Bootcamp,Intermediate,29.0,29,True,Outfield - Hampton Hill Cricket Club,https://ourparks.org.uk/borough/strength-toning-104300,Bushy Park,TW12 1PA,Hampton Hill,The Pavilion Bushy Park,GB,51.425916856098,-0.356162815432,The Royal Parks,https://ourparks.org.uk/borough/royal-parks,Liza
106962,Strength & Toning,2025-10-08 09:00:00+00:00,2025-10-08 10:00:00+00:00,PT60M,Bootcamp,Intermediate,29.0,29,True,Outfield - Hampton Hill Cricket Club,https://ourparks.org.uk/borough/strength-toning-106962,Bushy Park,TW12 1PA,Hampton Hill,The Pavilion Bushy Park,GB,51.425916856098,-0.356162815432,The Royal Parks,https://ourparks.org.uk/borough/royal-parks,Liza
107059,Strength & Toning,2025-10-15 09:00:00+00:00,2025-10-15 10:00:00+00:00,PT60M,Bootcamp,Intermediate,29.0,29,True,Outfield - Hampton Hill Cricket Club,https://ourparks.org.uk/borough/strength-toning-107059,Bushy Park,TW12 1PA,Hampton Hill,The Pavilion Bushy Park,GB,51.425916856098,-0.356162815432,The Royal Parks,https://ourparks.org.uk/borough/royal-parks,Liza
107060,Strength & Toning,2025-10-22 09:00:00+00:00,2025-10-22 10:00:00+00:00,PT60M,Bootcamp,Intermediate,29.0,29,True,Outfield - Hampton Hill Cricket Club,https://ourparks.org.uk/borough/strength-toning-107060,Bushy Park,TW12 1PA,Hampton Hill,The Pavilion Bushy Park,GB,51.425916856098,-0.356162815432,The Royal Parks,https://ourparks.org.uk/borough/royal-parks,Liza
107062,Strength & Toning,2025-11-05 09:00:00+00:00,2025-11-05 10:00:00+00:00,PT60M,Bootcamp,Intermediate,29.0,29,True,Outfield - Hampton Hill Cricket Club,https://ourparks.org.uk/borough/strength-toning-107062,Bushy Park,TW12 1PA,Hampton Hill,The Pavilion Bushy Park,GB,51.425916856098,-0.356162815432,The Royal Parks,https://ourparks.org.uk/borough/royal-parks,Liza
107063,Strength & Toning,2025-11-12 09:00:00+00:00,2025-11-12 10:00:00+00:00,PT60M,Bootcamp,Intermediate,29.0,29,True,Outfield - Hampton Hill Cricket Club,https://ourparks.org.uk/borough/strength-toning-107063,Bushy Park,TW12 1PA,Hampton Hill,The Pavilion Bushy Park,GB,51.425916856098,-0.356162815432,The Royal Parks,https://ourparks.org.uk/borough/royal-parks,Liza
107064,Strength & Toning,2025-11-19 09:00:00+00:00,2025-11-19 10:00:00+00:00,PT60M,Bootcamp,Intermediate,29.0,29,True,Outfield - Hampton Hill Cricket Club,https://ourparks.org.uk/borough/strength-toning-107064,Bushy Park,TW12 1PA,Hampton Hill,The Pavilion Bushy Park,GB,51.425916856098,-0.356162815432,The Royal Parks,https://ourparks.org.uk/borough/royal-parks,Liza
107065,Strength & Toning,2025-11-26 09:00:00+00:00,2025-11-26 10:00:00+00:00,PT60M,Bootcamp,Intermediate,29.0,29,True,Outfield - Hampton Hill Cricket Club,https://ourparks.org.uk/borough/strength-toning-107065,Bushy Park,TW12 1PA,Hampton Hill,The Pavilion Bushy Park,GB,51.425916856098,-0.356162815432,The Royal Parks,https://ourparks.org.uk/borough/royal-parks,Liza
107066,Strength & Toning,2025-12-03 09:00:00+00:00,2025-12-03 10:00:00+00:00,PT60M,Bootcamp,Intermediate,29.0,29,True,Outfield - Hampton Hill Cricket Club,https://ourparks.org.uk/borough/strength-toning-107066,Bushy Park,TW12 1PA,Hampton Hill,The Pavilion Bushy Park,GB,51.425916856098,-0.356162815432,The Royal Parks,https://ourparks.org.uk/borough/royal-parks,Liza
107067,Strength & Toning,2025-12-10 09:00:00+00:00,2025-12-10 10:00:00+00:00,PT60M,Bootcamp,Intermediate,29.0,29,True,Outfield - Hampton Hill Cricket Club,https://ourparks.org.uk/borough/strength-toning-107067,Bushy Park,TW12 1PA,Hampton Hill,The Pavilion Bushy Park,GB,51.425916856098,-0.356162815432,The Royal Parks,https://ourparks.org.uk/borough/royal-parks,Liza
107068,Strength & Toning,2025-12-17 09:00:00+00:00,2025-12-17 10:00:00+00:00,PT60M,Bootcamp,Intermediate,29.0,29,True,Outfield - Hampton Hill Cricket Club,https://ourparks.org.uk/borough/strength-toning-107068,Bushy Park,TW12 1PA,Hampton Hill,The Pavilion Bushy Park,GB,51.425916856098,-0.356162815432,The Royal Parks,https://ourparks.org.uk/borough/royal-parks,Liza
107071,Strength & Toning,2026-01-07 09:00:00+00:00,2026-01-07 10:00:00+00:00,PT60M,Bootcamp,Intermediate,29.0,29,True,Outfield - Hampton Hill Cricket Club,https://ourparks.org.uk/borough/strength-toning-107071,Bushy Park,TW12 1PA,Hampton Hill,The Pavilion Bushy Park,GB,51.425916856098,-0.356162815432,The Royal Parks,https://ourparks.org.uk/borough/royal-parks,Liza
107072,Strength & Toning,2026-01-14 09:00:00+00:00,2026-01-14 10:00:00+00:00,PT60M,Bootcamp,Intermediate,29.0,29,True,Outfield - Hampton Hill Cricket Club,https://ourparks.org.uk/borough/strength-toning-107072,Bushy Park,TW12 1PA,Hampton Hill,The Pavilion Bushy Park,GB,51.425916856098,-0.356162815432,The Royal Parks,https://ourparks.org.uk/borough/royal-parks,Liza
107073,Strength & Toning,2026-01-21 09:00:00+00:00,2026-01-21 10:00:00+00:00,PT60M,Bootcamp,Intermediate,29.0,29,True,Outfield - Hampton Hill Cricket Club,https://ourparks.org.uk/borough/strength-toning-107073,Bushy Park,TW12 1PA,Hampton Hill,The Pavilion Bushy Park,GB,51.425916856098,-0.356162815432,The Royal Parks,https://ourparks.org.uk/borough/royal-parks,Liza
107074,Strength & Toning,2026-01-28 09:00:00+00:00,2026-01-28 10:00:00+00:00,PT60M,Bootcamp,Intermediate,29.0,29,True,Outfield - Hampton Hill Cricket Club,https://ourparks.org.uk/borough/strength-toning-107074,Bushy Park,TW12 1PA,Hampton Hill,The Pavilion Bushy Park,GB,51.425916856098,-0.356162815432,The Royal Parks,https://ourparks.org.uk/borough/royal-parks,Liza
107075,Strength & Toning,2026-02-04 09:00:00+00:00,2026-02-04 10:00:00+00:00,PT60M,Bootcamp,Intermediate,29.0,29,True,Outfield - Hampton Hill Cricket Club,https://ourparks.org.uk/borough/strength-toning-107075,Bushy Park,TW12 1PA,Hampton Hill,The Pavilion Bushy Park,GB,51.425916856098,-0.356162815432,The Royal Parks,https://ourparks.org.uk/borough/royal-parks,Liza
107076,Strength & Toning,2026-02-11 09:00:00+00:00,2026-02-11 10:00:00+00:00,PT60M,Bootcamp,Intermediate,29.0,29,True,Outfield - Hampton Hill Cricket Club,https://ourparks.org.uk/borough/strength-toning-107076,Bushy Park,TW12 1PA,Hampton Hill,The Pavilion Bushy Park,GB,51.425916856098,-0.356162815432,The Royal Parks,https://ourparks.org.uk/borough/royal-parks,Liza
107077,Strength & Toning,2026-02-18 09:00:00+00:00,2026-02-18 10:00:00+00:00,PT60M,Bootcamp,Intermediate,29.0,29,True,Outfield - Hampton Hill Cricket Club,https://ourparks.org.uk/borough/strength-toning-107077,Bushy Park,TW12 1PA,Hampton Hill,The Pavilion Bushy Park,GB,51.425916856098,-0.356162815432,The Royal Parks,https://ourparks.org.uk/borough/royal-parks,Liza
107078,Strength & Toning,2026-02-25 09:00:00+00:00,2026-02-25 10:00:00+00:00,PT60M,Bootcamp,Intermediate,29.0,29,True,Outfield - Hampton Hill Cricket Club,https://ourparks.org.uk/borough/strength-toning-107078,Bushy Park,TW12 1PA,Hampton Hill,The Pavilion Bushy Park,GB,51.425916856098,-0.356162815432,The Royal Parks,https://ourparks.org.uk/borough/royal-parks,Liza
107079,Strength & Toning,2026-03-04 09:00:00+00:00,2026-03-04 10:00:00+00:00,PT60M,Bootcamp,Intermediate,29.0,29,True,Outfield - Hampton Hill Cricket Club,https://ourparks.org.uk/borough/strength-toning-107079,Bushy Park,TW12 1PA,Hampton Hill,The Pavilion Bushy Park,GB,51.425916856098,-0.356162815432,The Royal Parks,https://ourparks.org.uk/borough/royal-parks,Liza
107080,Strength & Toning,2026-03-11 09:00:00+00:00,2026-03-11 10:00:00+00:00,PT60M,Bootcamp,Intermediate,29.0,29,True,Outfield - Hampton Hill Cricket Club,https://ourparks.org.uk/borough/strength-toning-107080,Bushy Park,TW12 1PA,Hampton Hill,The Pavilion Bushy Park,GB,51.425916856098,-0.356162815432,The Royal Parks,https://ourparks.org.uk/borough/royal-parks,Liza
107081,Strength & Toning,2026-03-18 09:00:00+00:00,2026-03-18 10:00:00+00:00,PT60M,Bootcamp,Intermediate,29.0,29,True,Outfield - Hampton Hill Cricket Club,https://ourparks.org.uk/borough/strength-toning-107081,Bushy Park,TW12 1PA,Hampton Hill,The Pavilion Bushy Park,GB,51.425916856098,-0.356162815432,The Royal Parks,https://ourparks.org.uk/borough/royal-parks,Liza
107082,Strength & Toning,2026-03-25 09:00:00+00:00,2026-03-25 10:00:00+00:00,PT60M,Bootcamp,Intermediate,29.0,29,True,Outfield - Hampton Hill Cricket Club,https://ourparks.org.uk/borough/strength-toning-107082,Bushy Park,TW12 1PA,Hampton Hill,The Pavilion Bushy Park,GB,51.425916856098,-0.356162815432,The Royal Parks,https://ourparks.org.uk/borough/royal-parks,Liza
106281,Low Impact Stretch,2025-10-08 08:15:00+00:00,2025-10-08 09:15:00+00:00,PT60M,Yoga,,30.0,30,True,Outdoor Gym area,https://ourparks.org.uk/borough/low-impact-stretch-106281,Abbey Wood Recreation Ground,DA17 5ND,Belvedere,Abbey Road,GB,51.489689281292,0.133391557591,London Borough of Bexley,https://ourparks.org.uk/borough/london-borough-bexley,NROB 
107228,Beginners Bootcamp,2025-10-25 09:00:00+00:00,2025-10-25 10:00:00+00:00,PT60M,Bootcamp,Intermediate,30.0,30,True,Green Space - Miller Road entrance,https://ourparks.org.uk/borough/beginners-bootcamp-107228,Beam Central Park,RM9 6FZ,Rainham,Beam Central Park,GB,51.525777643845,0.162476030491,"L&Q at Beam Park, Rainham",https://ourparks.org.uk/borough/lq-beam-park-rainham,Albert
107230,Beginners Bootcamp,2025-11-08 09:00:00+00:00,2025-11-08 10:00:00+00:00,PT60M,Bootcamp,Intermediate,30.0,30,True,Green Space - Miller Road entrance,https://ourparks.org.uk/borough/beginners-bootcamp-107230,Beam Central Park,RM9 6FZ,Rainham,Beam Central Park,GB,51.525777643845,0.162476030491,"L&Q at Beam Park, Rainham",https://ourparks.org.uk/borough/lq-beam-park-rainham,Albert
107231,Beginners Bootcamp,2025-11-15 09:00:00+00:00,2025-11-15 10:00:00+00:00,PT60M,Bootcamp,Intermediate,30.0,30,True,Green Space - Miller Road entrance,https://ourparks.org.uk/borough/beginners-bootcamp-107231,Beam Central Park,RM9 6FZ,Rainham,Beam Central Park,GB,51.525777643845,0.162476030491,"L&Q at Beam Park, Rainham",https://ourparks.org.uk/borough/lq-beam-park-rainham,Albert
107232,Beginners Bootcamp,2025-11-22 09:00:00+00:00,2025-11-22 10:00:00+00:00,PT60M,Bootcamp,Intermediate,30.0,30,True,Green Space - Miller Road entrance,https://ourparks.org.uk/borough/beginners-bootcamp-107232,Beam Central Park,RM9 6FZ,Rainham,Beam Central Park,GB,51.525777643845,0.162476030491,"L&Q at Beam Park, Rainham",https://ourparks.org.uk/borough/lq-beam-park-rainham,Albert
107233,Beginners Bootcamp,2025-11-29 09:00:00+00:00,2025-11-29 10:00:00+00:00,PT60M,Bootcamp,Intermediate,30.0,30,True,Green Space - Miller Road entrance,https://ourparks.org.uk/borough/beginners-bootcamp-107233,Beam Central Park,RM9 6FZ,Rainham,Beam Central Park,GB,51.525777643845,0.162476030491,"L&Q at Beam Park, Rainham",https://ourparks.org.uk/borough/lq-beam-park-rainham,Albert
107234,Beginners Bootcamp,2025-12-06 09:00:00+00:00,2025-12-06 10:00:00+00:00,PT60M,Bootcamp,Intermediate,30.0,30,True,Green Space - Miller Road entrance,https://ourparks.org.uk/borough/beginners-bootcamp-107234,Beam Central Park,RM9 6FZ,Rainham,Beam Central Park,GB,51.525777643845,0.162476030491,"L&Q at Beam Park, Rainham",https://ourparks.org.uk/borough/lq-beam-park-rainham,Albert
107235,Beginners Bootcamp,2025-12-13 09:00:00+00:00,2025-12-13 10:00:00+00:00,PT60M,Bootcamp,Intermediate,30.0,30,True,Green Space - Miller Road entrance,https://ourparks.org.uk/borough/beginners-bootcamp-107235,Beam Central Park,RM9 6FZ,Rainham,Beam Central Park,GB,51.525777643845,0.162476030491,"L&Q at Beam Park, Rainham",https://ourparks.org.uk/borough/lq-beam-park-rainham,Albert
107239,Beginners Bootcamp,2026-01-10 09:00:00+00:00,2026-01-10 10:00:00+00:00,PT60M,Bootcamp,Intermediate,30.0,30,True,Green Space - Miller Road entrance,https://ourparks.org.uk/borough/beginners-bootcamp-107239,Beam Central Park,RM9 6FZ,Rainham,Beam Central Park,GB,51.525777643845,0.162476030491,"L&Q at Beam Park, Rainham",https://ourparks.org.uk/borough/lq-beam-park-rainham,Albert
107240,Beginners Bootcamp,2026-01-17 09:00:00+00:00,2026-01-17 10:00:00+00:00,PT60M,Bootcamp,Intermediate,30.0,30,True,Green Space - Miller Road entrance,https://ourparks.org.uk/borough/beginners-bootcamp-107240,Beam Central Park,RM9 6FZ,Rainham,Beam Central Park,GB,51.525777643845,0.162476030491,"L&Q at Beam Park, Rainham",https://ourparks.org.uk/borough/lq-beam-park-rainham,Albert
107241,Beginners Bootcamp,2026-01-24 09:00:00+00:00,2026-01-24 10:00:00+00:00,PT60M,Bootcamp,Intermediate,30.0,30,True,Green Space - Miller Road entrance,https://ourparks.org.uk/borough/beginners-bootcamp-107241,Beam Central Park,RM9 6FZ,Rainham,Beam Central Park,GB,51.525777643845,0.162476030491,"L&Q at Beam Park, Rainham",https://ourparks.org.uk/borough/lq-beam-park-rainham,Albert
107242,Beginners Bootcamp,2026-01-31 09:00:00+00:00,2026-01-31 10:00:00+00:00,PT60M,Bootcamp,Intermediate,30.0,30,True,Green Space - Miller Road entrance,https://ourparks.org.uk/borough/beginners-bootcamp-107242,Beam Central Park,RM9 6FZ,Rainham,Beam Central Park,GB,51.525777643845,0.162476030491,"L&Q at Beam Park, Rainham",https://ourparks.org.uk/borough/lq-beam-park-rainham,Albert
107181,Box Fit,2025-10-16 08:30:00+00:00,2025-10-16 09:30:00+00:00,PT60M,Boxing Fitness,Intermediate,29.0,29,True,Open air training ground,https://ourparks.org.uk/borough/box-fit-107181,Brockwell Park,SE24 0PA,London,Brockwell Park,GB,51.452290766375,-0.105533454431,London Borough of Lambeth,https://ourparks.org.uk/borough/london-borough-lambeth,Chrissy
107182,Box Fit,2025-10-23 08:30:00+00:00,2025-10-23 09:30:00+00:00,PT60M,Boxing Fitness,Intermediate,29.0,29,True,Open air training ground,https://ourparks.org.uk/borough/box-fit-107182,Brockwell Park,SE24 0PA,London,Brockwell Park,GB,51.452290766375,-0.105533454431,London Borough of Lambeth,https://ourparks.org.uk/borough/london-borough-lambeth,Chrissy
107183,Box Fit,2025-10-30 08:30:00+00:00,2025-10-30 09:30:00+00:00,PT60M,Boxing Fitness,Intermediate,29.0,29,True,Open air training ground,https://ourparks.org.uk/borough/box-fit-107183,Brockwell Park,SE24 0PA,London,Brockwell Park,GB,51.452290766375,-0.105533454431,London Borough of Lambeth,https://ourparks.org.uk/borough/london-borough-lambeth,Chrissy
107184,Box Fit,2025-11-06 08:30:00+00:00,2025-11-06 09:30:00+00:00,PT60M,Boxing Fitness,Intermediate,29.0,29,True,Open air training ground,https://ourparks.org.uk/borough/box-fit-107184,Brockwell Park,SE24 0PA,London,Brockwell Park,GB,51.452290766375,-0.105533454431,London Borough of Lambeth,https://ourparks.org.uk/borough/london-borough-lambeth,Chrissy
107185,Box Fit,2025-11-13 08:30:00+00:00,2025-11-13 09:30:00+00:00,PT60M,Boxing Fitness,Intermediate,29.0,29,True,Open air training ground,https://ourparks.org.uk/borough/box-fit-107185,Brockwell Park,SE24 0PA,London,Brockwell Park,GB,51.452290766375,-0.105533454431,London Borough of Lambeth,https://ourparks.org.uk/borough/london-borough-lambeth,Chrissy
107186,Box Fit,2025-11-20 08:30:00+00:00,2025-11-20 09:30:00+00:00,PT60M,Boxing Fitness,Intermediate,29.0,29,True,Open air training ground,https://ourparks.org.uk/borough/box-fit-107186,Brockwell Park,SE24 0PA,London,Brockwell Park,GB,51.452290766375,-0.105533454431,London Borough of Lambeth,https://ourparks.org.uk/borough/london-borough-lambeth,Chrissy
107187,Box Fit,2025-11-27 08:30:00+00:00,2025-11-27 09:30:00+00:00,PT60M,Boxing Fitness,Intermediate,29.0,29,True,Open air training ground,https://ourparks.org.uk/borough/box-fit-107187,Brockwell Park,SE24 0PA,London,Brockwell Park,GB,51.452290766375,-0.105533454431,London Borough of Lambeth,https://ourparks.org.uk/borough/london-borough-lambeth,Chrissy
107188,Box Fit,2025-12-04 08:30:00+00:00,2025-12-04 09:30:00+00:00,PT60M,Boxing Fitness,Intermediate,29.0,29,True,Open air training ground,https://ourparks.org.uk/borough/box-fit-107188,Brockwell Park,SE24 0PA,London,Brockwell Park,GB,51.452290766375,-0.105533454431,London Borough of Lambeth,https://ourparks.org.uk/borough/london-borough-lambeth,Chrissy
107189,Box Fit,2025-12-11 08:30:00+00:00,2025-12-11 09:30:00+00:00,PT60M,Boxing Fitness,Intermediate,29.0,29,True,Open air training ground,https://ourparks.org.uk/borough/box-fit-107189,Brockwell Park,SE24 0PA,London,Brockwell Park,GB,51.452290766375,-0.105533454431,London Borough of Lambeth,https://ourparks.org.uk/borough/london-borough-lambeth,Chrissy
107193,Box Fit,2026-01-08 08:30:00+00:00,2026-01-08 09:30:00+00:00,PT60M,Boxing Fitness,Intermediate,29.0,29,True,Open air training ground,https://ourparks.org.uk/borough/box-fit-107193,Brockwell Park,SE24 0PA,London,Brockwell Park,GB,51.452290766375,-0.105533454431,London Borough of Lambeth,https://ourparks.org.uk/borough/london-borough-lambeth,Chrissy
107194,Box Fit,2026-01-15 08:30:00+00:00,2026-01-15 09:30:00+00:00,PT60M,Boxing Fitness,Intermediate,29.0,29,True,Open air training ground,https://ourparks.org.uk/borough/box-fit-107194,Brockwell Park,SE24 0PA,London,Brockwell Park,GB,51.452290766375,-0.105533454431,London Borough of Lambeth,https://ourparks.org.uk/borough/london-borough-lambeth,Chrissy
105142,Beginners Bootcamp,2025-10-12 09:00:00+00:00,2025-10-12 10:00:00+00:00,PT60M,Bootcamp,Intermediate,29.0,29,True,"At the top of the park, opposite The Stables cafe",https://ourparks.org.uk/borough/beginners-bootcamp-105142,Gladstone Park,NW2,London,Dollis Hill Lane,GB,51.5596147901,-0.236722632917,Brent,https://ourparks.org.uk/borough/brent-0,Julia
103960,Bootcamp,2025-10-15 08:30:00+00:00,2025-10-15 09:30:00+00:00,PT60M,Bootcamp,Intermediate,29.0,29,True,Outdoor Gym area,https://ourparks.org.uk/borough/bootcamp-103960,Queens Park Gardens,W10 4QH,London,Queen Park Gardens,GB,51.5284574,-0.2089447,City of Westminster,https://ourparks.org.uk/borough/city-westminster,Christine
107061,Strength & Toning,2025-10-29 09:00:00+00:00,2025-10-29 10:00:00+00:00,PT60M,Bootcamp,Intermediate,29.0,29,True,Outfield - Hampton Hill Cricket Club,https://ourparks.org.uk/borough/strength-toning-107061,Bushy Park,TW12 1PA,Hampton Hill,The Pavilion Bushy Park,GB,51.425916856098,-0.356162815432,The Royal Parks,https://ourparks.org.uk/borough/royal-parks,Karolina 
106923,"Abs, Bums & Thighs (ABT)",2025-10-05 09:00:00+00:00,2025-10-05 10:00:00+00:00,PT60M,Abs/Core,Intermediate,29.0,29,True,By the cafe,https://ourparks.org.uk/borough/abs-bums-thighs-abt-106923,Roundwood Park,NW10 3RT,Brent,Roundwood Park,GB,51.5420062,-0.2403952,Brent,https://ourparks.org.uk/borough/brent-0,NROB 
103226,"Abs, Bums & Thighs (ABT)",2025-10-13 18:00:00+00:00,2025-10-13 19:00:00+00:00,PT60M,Abs/Core,Intermediate,29.0,29,True,Outdoor Gym area,https://ourparks.org.uk/borough/abs-bums-thighs-abt-103226,Victory Park (E20),E20 2ST,London,Victory Park,GB,51.546291703992,-0.00978845673,East Village,https://ourparks.org.uk/borough/east-village,Albert
107000,Beginners Bootcamp,2025-10-20 08:30:00+00:00,2025-10-20 09:30:00+00:00,PT60M,Bootcamp,Intermediate,29.0,29,True,Outdoor Gym area,https://ourparks.org.uk/borough/beginners-bootcamp-107000,Old Farm Park,DA15 8AN,Sidcup,Old Farm Avenue,GB,51.435940810701,0.091383360071,London Borough of Bexley,https://ourparks.org.uk/borough/london-borough-bexley,Ravit
104927,"Women's only - Abs, Bums & Thighs (ABT)",2025-10-12 09:00:00+00:00,2025-10-12 10:00:00+00:00,PT60M,Abs/Core,Intermediate,29.0,29,True,Outdoor Gym area,https://ourparks.org.uk/borough/womens-only-abs-bums-thighs-abt-104927,Bartlett Park,E14 6LA,London,Bartlett Park Outdoor Gym,GB,51.5152023,-0.0201571,Tower Hamlets,https://ourparks.org.uk/borough/tower-hamlets,NROB 
98311,Bootcamp,2025-11-27 08:30:00+00:00,2025-11-27 09:30:00+00:00,PT60M,Bootcamp,Intermediate,29.0,29,True,Play Area,https://ourparks.org.uk/borough/bootcamp-98311,Harefield Village Green,UB9 6EG,Harefield,Harefield Village Green,GB,51.604697285476,-0.480577927343,Hillingdon,https://ourparks.org.uk/borough/hillingdon,Karolina 
107032,Full Body Workout,2025-10-15 08:30:00+00:00,2025-10-15 09:30:00+00:00,PT60M,Bootcamp,Intermediate,29.0,29,True,By the Physical Energy Statue,https://ourparks.org.uk/borough/full-body-workout-107032,Kensington Gardens,W2 3JH,London,NW corner of Kensington Gardens,GB,51.506987,-0.179165,The Royal Parks,https://ourparks.org.uk/borough/royal-parks,Dec
98305,Bootcamp,2025-10-16 08:30:00+00:00,2025-10-16 09:30:00+00:00,PT60M,Bootcamp,Intermediate,29.0,29,True,Play Area,https://ourparks.org.uk/borough/bootcamp-98305,Harefield Village Green,UB9 6EG,Harefield,Harefield Village Green,GB,51.604697285476,-0.480577927343,Hillingdon,https://ourparks.org.uk/borough/hillingdon,Sheila
106829,Full Body Workout,2025-09-18 09:00:00+00:00,2025-09-18 10:00:00+00:00,PT60M,Bootcamp,,30.0,30,True,Outdoor Gym area,https://ourparks.org.uk/borough/full-body-workout-106829,Willersley Park,DA15 9EN,Sidcup,Willersley Avenue,GB,51.442682886552,0.101218406272,London Borough of Bexley,https://ourparks.org.uk/borough/london-borough-bexley,Ravit
106830,Full Body Workout,2025-09-25 09:00:00+00:00,2025-09-25 10:00:00+00:00,PT60M,Bootcamp,,30.0,30,True,Outdoor Gym area,https://ourparks.org.uk/borough/full-body-workout-106830,Willersley Park,DA15 9EN,Sidcup,Willersley Avenue,GB,51.442682886552,0.101218406272,London Borough of Bexley,https://ourparks.org.uk/borough/london-borough-bexley,Ravit
106831,Full Body Workout,2025-10-02 09:00:00+00:00,2025-10-02 10:00:00+00:00,PT60M,Bootcamp,,30.0,30,True,Outdoor Gym area,https://ourparks.org.uk/borough/full-body-workout-106831,Willersley Park,DA15 9EN,Sidcup,Willersley Avenue,GB,51.442682886552,0.101218406272,London Borough of Bexley,https://ourparks.org.uk/borough/london-borough-bexley,Ravit
106832,Full Body Workout,2025-10-09 09:00:00+00:00,2025-10-09 10:00:00+00:00,PT60M,Bootcamp,,30.0,30,True,Outdoor Gym area,https://ourparks.org.uk/borough/full-body-workout-106832,Willersley Park,DA15 9EN,Sidcup,Willersley Avenue,GB,51.442682886552,0.101218406272,London Borough of Bexley,https://ourparks.org.uk/borough/london-borough-bexley,Ravit
106833,Full Body Workout,2025-10-16 09:00:00+00:00,2025-10-16 10:00:00+00:00,PT60M,Bootcamp,,30.0,30,True,Outdoor Gym area,https://ourparks.org.uk/borough/full-body-workout-106833,Willersley Park,DA15 9EN,Sidcup,Willersley Avenue,GB,51.442682886552,0.101218406272,London Borough of Bexley,https://ourparks.org.uk/borough/london-borough-bexley,Ravit
106834,Full Body Workout,2025-10-23 09:00:00+00:00,2025-10-23 10:00:00+00:00,PT60M,Bootcamp,,30.0,30,True,Outdoor Gym area,https://ourparks.org.uk/borough/full-body-workout-106834,Willersley Park,DA15 9EN,Sidcup,Willersley Avenue,GB,51.442682886552,0.101218406272,London Borough of Bexley,https://ourparks.org.uk/borough/london-borough-bexley,Ravit
106835,Full Body Workout,2025-10-30 09:00:00+00:00,2025-10-30 10:00:00+00:00,PT60M,Bootcamp,,30.0,30,True,Outdoor Gym area,https://ourparks.org.uk/borough/full-body-workout-106835,Willersley Park,DA15 9EN,Sidcup,Willersley Avenue,GB,51.442682886552,0.101218406272,London Borough of Bexley,https://ourparks.org.uk/borough/london-borough-bexley,Ravit
106846,Full Body Workout,2026-01-15 09:00:00+00:00,2026-01-15 10:00:00+00:00,PT60M,Bootcamp,,30.0,30,True,Outdoor Gym area,https://ourparks.org.uk/borough/full-body-workout-106846,Willersley Park,DA15 9EN,Sidcup,Willersley Avenue,GB,51.442682886552,0.101218406272,London Borough of Bexley,https://ourparks.org.uk/borough/london-borough-bexley,Ravit
106762,Beginners Bootcamp,2025-09-07 09:00:00+00:00,2025-09-07 10:00:00+00:00,PT60M,Bootcamp,Intermediate,30.0,30,True,Tennis Courts - Session to take place at the Outdoor gym,https://ourparks.org.uk/borough/beginners-bootcamp-106762,Danson Park,DA6 8HL,Welling,"Danson Road, Broadway",GB,51.457714156037,0.117872564391,London Borough of Bexley,https://ourparks.org.uk/borough/london-borough-bexley,Ravit
106763,Beginners Bootcamp,2025-09-14 09:00:00+00:00,2025-09-14 10:00:00+00:00,PT60M,Bootcamp,Intermediate,30.0,30,True,Tennis Courts - Session to take place at the Outdoor gym,https://ourparks.org.uk/borough/beginners-bootcamp-106763,Danson Park,DA6 8HL,Welling,"Danson Road, Broadway",GB,51.457714156037,0.117872564391,London Borough of Bexley,https://ourparks.org.uk/borough/london-borough-bexley,Ravit
106764,Beginners Bootcamp,2025-09-21 09:00:00+00:00,2025-09-21 10:00:00+00:00,PT60M,Bootcamp,Intermediate,30.0,30,True,Tennis Courts - Session to take place at the Outdoor gym,https://ourparks.org.uk/borough/beginners-bootcamp-106764,Danson Park,DA6 8HL,Welling,"Danson Road, Broadway",GB,51.457714156037,0.117872564391,London Borough of Bexley,https://ourparks.org.uk/borough/london-borough-bexley,Ravit
106765,Beginners Bootcamp,2025-09-28 09:00:00+00:00,2025-09-28 10:00:00+00:00,PT60M,Bootcamp,Intermediate,30.0,30,True,Tennis Courts - Session to take place at the Outdoor gym,https://ourparks.org.uk/borough/beginners-bootcamp-106765,Danson Park,DA6 8HL,Welling,"Danson Road, Broadway",GB,51.457714156037,0.117872564391,London Borough of Bexley,https://ourparks.org.uk/borough/london-borough-bexley,Ravit
106766,Beginners Bootcamp,2025-10-05 09:00:00+00:00,2025-10-05 10:00:00+00:00,PT60M,Bootcamp,Intermediate,30.0,30,True,Tennis Courts - Session to take place at the Outdoor gym,https://ourparks.org.uk/borough/beginners-bootcamp-106766,Danson Park,DA6 8HL,Welling,"Danson Road, Broadway",GB,51.457714156037,0.117872564391,London Borough of Bexley,https://ourparks.org.uk/borough/london-borough-bexley,Ravit
106767,Beginners Bootcamp,2025-10-12 09:00:00+00:00,2025-10-12 10:00:00+00:00,PT60M,Bootcamp,Intermediate,30.0,30,True,Tennis Courts - Session to take place at the Outdoor gym,https://ourparks.org.uk/borough/beginners-bootcamp-106767,Danson Park,DA6 8HL,Welling,"Danson Road, Broadway",GB,51.457714156037,0.117872564391,London Borough of Bexley,https://ourparks.org.uk/borough/london-borough-bexley,Ravit
106769,Beginners Bootcamp,2025-10-26 09:00:00+00:00,2025-10-26 10:00:00+00:00,PT60M,Bootcamp,Intermediate,30.0,30,True,Tennis Courts - Session to take place at the Outdoor gym,https://ourparks.org.uk/borough/beginners-bootcamp-106769,Danson Park,DA6 8HL,Welling,"Danson Road, Broadway",GB,51.457714156037,0.117872564391,London Borough of Bexley,https://ourparks.org.uk/borough/london-borough-bexley,Ravit
106781,Beginners Bootcamp,2026-01-18 09:00:00+00:00,2026-01-18 10:00:00+00:00,PT60M,Bootcamp,Intermediate,30.0,30,True,Tennis Courts - Session to take place at the Outdoor gym,https://ourparks.org.uk/borough/beginners-bootcamp-106781,Danson Park,DA6 8HL,Welling,"Danson Road, Broadway",GB,51.457714156037,0.117872564391,London Borough of Bexley,https://ourparks.org.uk/borough/london-borough-bexley,Ravit
106782,Beginners Bootcamp,2026-01-25 09:00:00+00:00,2026-01-25 10:00:00+00:00,PT60M,Bootcamp,Intermediate,30.0,30,True,Tennis Courts - Session to take place at the Outdoor gym,https://ourparks.org.uk/borough/beginners-bootcamp-106782,Danson Park,DA6 8HL,Welling,"Danson Road, Broadway",GB,51.457714156037,0.117872564391,London Borough of Bexley,https://ourparks.org.uk/borough/london-borough-bexley,Ravit
106863,HIIT,2025-09-27 09:00:00+00:00,2025-09-27 10:00:00+00:00,PT60M,HIIT,Intermediate,30.0,30,True,Outdoor fitness area,https://ourparks.org.uk/borough/hiit-106863,Belvedere Recreation Ground (South),DA17 5EW,Belvedere,Woolwich Road,GB,51.483608256965,0.144812887406,London Borough of Bexley,https://ourparks.org.uk/borough/london-borough-bexley,Ravit
106865,HIIT,2025-10-11 09:00:00+00:00,2025-10-11 10:00:00+00:00,PT60M,HIIT,Intermediate,30.0,30,True,Outdoor fitness area,https://ourparks.org.uk/borough/hiit-106865,Belvedere Recreation Ground (South),DA17 5EW,Belvedere,Woolwich Road,GB,51.483608256965,0.144812887406,London Borough of Bexley,https://ourparks.org.uk/borough/london-borough-bexley,Ravit
106866,HIIT,2025-10-18 09:00:00+00:00,2025-10-18 10:00:00+00:00,PT60M,HIIT,Intermediate,30.0,30,True,Outdoor fitness area,https://ourparks.org.uk/borough/hiit-106866,Belvedere Recreation Ground (South),DA17 5EW,Belvedere,Woolwich Road,GB,51.483608256965,0.144812887406,London Borough of Bexley,https://ourparks.org.uk/borough/london-borough-bexley,Ravit
106867,HIIT,2025-10-25 09:00:00+00:00,2025-10-25 10:00:00+00:00,PT60M,HIIT,Intermediate,30.0,30,True,Outdoor fitness area,https://ourparks.org.uk/borough/hiit-106867,Belvedere Recreation Ground (South),DA17 5EW,Belvedere,Woolwich Road,GB,51.483608256965,0.144812887406,London Borough of Bexley,https://ourparks.org.uk/borough/london-borough-bexley,Ravit
106868,HIIT,2025-11-01 09:00:00+00:00,2025-11-01 10:00:00+00:00,PT60M,HIIT,Intermediate,30.0,30,True,Outdoor fitness area,https://ourparks.org.uk/borough/hiit-106868,Belvedere Recreation Ground (South),DA17 5EW,Belvedere,Woolwich Road,GB,51.483608256965,0.144812887406,London Borough of Bexley,https://ourparks.org.uk/borough/london-borough-bexley,Ravit
106870,HIIT,2025-11-15 09:00:00+00:00,2025-11-15 10:00:00+00:00,PT60M,HIIT,Intermediate,30.0,30,True,Outdoor fitness area,https://ourparks.org.uk/borough/hiit-106870,Belvedere Recreation Ground (South),DA17 5EW,Belvedere,Woolwich Road,GB,51.483608256965,0.144812887406,London Borough of Bexley,https://ourparks.org.uk/borough/london-borough-bexley,Ravit
106871,HIIT,2025-11-22 09:00:00+00:00,2025-11-22 10:00:00+00:00,PT60M,HIIT,Intermediate,30.0,30,True,Outdoor fitness area,https://ourparks.org.uk/borough/hiit-106871,Belvedere Recreation Ground (South),DA17 5EW,Belvedere,Woolwich Road,GB,51.483608256965,0.144812887406,London Borough of Bexley,https://ourparks.org.uk/borough/london-borough-bexley,Ravit
106872,HIIT,2025-11-29 09:00:00+00:00,2025-11-29 10:00:00+00:00,PT60M,HIIT,Intermediate,30.0,30,True,Outdoor fitness area,https://ourparks.org.uk/borough/hiit-106872,Belvedere Recreation Ground (South),DA17 5EW,Belvedere,Woolwich Road,GB,51.483608256965,0.144812887406,London Borough of Bexley,https://ourparks.org.uk/borough/london-borough-bexley,Ravit
106873,HIIT,2025-12-06 09:00:00+00:00,2025-12-06 10:00:00+00:00,PT60M,HIIT,Intermediate,30.0,30,True,Outdoor fitness area,https://ourparks.org.uk/borough/hiit-106873,Belvedere Recreation Ground (South),DA17 5EW,Belvedere,Woolwich Road,GB,51.483608256965,0.144812887406,London Borough of Bexley,https://ourparks.org.uk/borough/london-borough-bexley,Ravit
106874,HIIT,2025-12-13 09:00:00+00:00,2025-12-13 10:00:00+00:00,PT60M,HIIT,Intermediate,30.0,30,True,Outdoor fitness area,https://ourparks.org.uk/borough/hiit-106874,Belvedere Recreation Ground (South),DA17 5EW,Belvedere,Woolwich Road,GB,51.483608256965,0.144812887406,London Borough of Bexley,https://ourparks.org.uk/borough/london-borough-bexley,Ravit
106879,HIIT,2026-01-17 09:00:00+00:00,2026-01-17 10:00:00+00:00,PT60M,HIIT,Intermediate,30.0,30,True,Outdoor fitness area,https://ourparks.org.uk/borough/hiit-106879,Belvedere Recreation Ground (South),DA17 5EW,Belvedere,Woolwich Road,GB,51.483608256965,0.144812887406,London Borough of Bexley,https://ourparks.org.uk/borough/london-borough-bexley,Ravit
106880,HIIT,2026-01-24 09:00:00+00:00,2026-01-24 10:00:00+00:00,PT60M,HIIT,Intermediate,30.0,30,True,Outdoor fitness area,https://ourparks.org.uk/borough/hiit-106880,Belvedere Recreation Ground (South),DA17 5EW,Belvedere,Woolwich Road,GB,51.483608256965,0.144812887406,London Borough of Bexley,https://ourparks.org.uk/borough/london-borough-bexley,Ravit
106238,Beginners Bootcamp,2025-08-19 08:30:00+00:00,2025-08-19 09:30:00+00:00,PT60M,Bootcamp,Intermediate,30.0,30,True,Open Playground space,https://ourparks.org.uk/borough/beginners-bootcamp-106238,East Wickham Open Space,DA16 3BJ,Welling,East Wickham Open Space,GB,51.47144151112,0.103413504169,London Borough of Bexley,https://ourparks.org.uk/borough/london-borough-bexley,Donna
106239,Beginners Bootcamp,2025-08-26 08:30:00+00:00,2025-08-26 09:30:00+00:00,PT60M,Bootcamp,Intermediate,30.0,30,True,Open Playground space,https://ourparks.org.uk/borough/beginners-bootcamp-106239,East Wickham Open Space,DA16 3BJ,Welling,East Wickham Open Space,GB,51.47144151112,0.103413504169,London Borough of Bexley,https://ourparks.org.uk/borough/london-borough-bexley,Donna
106241,Beginners Bootcamp,2025-09-09 08:30:00+00:00,2025-09-09 09:30:00+00:00,PT60M,Bootcamp,Intermediate,30.0,30,True,Open Playground space,https://ourparks.org.uk/borough/beginners-bootcamp-106241,East Wickham Open Space,DA16 3BJ,Welling,East Wickham Open Space,GB,51.47144151112,0.103413504169,London Borough of Bexley,https://ourparks.org.uk/borough/london-borough-bexley,Donna
106242,Beginners Bootcamp,2025-09-16 08:30:00+00:00,2025-09-16 09:30:00+00:00,PT60M,Bootcamp,Intermediate,30.0,30,True,Open Playground space,https://ourparks.org.uk/borough/beginners-bootcamp-106242,East Wickham Open Space,DA16 3BJ,Welling,East Wickham Open Space,GB,51.47144151112,0.103413504169,London Borough of Bexley,https://ourparks.org.uk/borough/london-borough-bexley,Donna
106243,Beginners Bootcamp,2025-09-23 08:30:00+00:00,2025-09-23 09:30:00+00:00,PT60M,Bootcamp,Intermediate,30.0,30,True,Open Playground space,https://ourparks.org.uk/borough/beginners-bootcamp-106243,East Wickham Open Space,DA16 3BJ,Welling,East Wickham Open Space,GB,51.47144151112,0.103413504169,London Borough of Bexley,https://ourparks.org.uk/borough/london-borough-bexley,Donna
106244,Beginners Bootcamp,2025-09-30 08:30:00+00:00,2025-09-30 09:30:00+00:00,PT60M,Bootcamp,Intermediate,30.0,30,True,Open Playground space,https://ourparks.org.uk/borough/beginners-bootcamp-106244,East Wickham Open Space,DA16 3BJ,Welling,East Wickham Open Space,GB,51.47144151112,0.103413504169,London Borough of Bexley,https://ourparks.org.uk/borough/london-borough-bexley,Donna
106246,Beginners Bootcamp,2025-10-14 08:30:00+00:00,2025-10-14 09:30:00+00:00,PT60M,Bootcamp,Intermediate,30.0,30,True,Open Playground space,https://ourparks.org.uk/borough/beginners-bootcamp-106246,East Wickham Open Space,DA16 3BJ,Welling,East Wickham Open Space,GB,51.47144151112,0.103413504169,London Borough of Bexley,https://ourparks.org.uk/borough/london-borough-bexley,Donna
106247,Beginners Bootcamp,2025-10-21 08:30:00+00:00,2025-10-21 09:30:00+00:00,PT60M,Bootcamp,Intermediate,30.0,30,True,Open Playground space,https://ourparks.org.uk/borough/beginners-bootcamp-106247,East Wickham Open Space,DA16 3BJ,Welling,East Wickham Open Space,GB,51.47144151112,0.103413504169,London Borough of Bexley,https://ourparks.org.uk/borough/london-borough-bexley,Donna
106248,Beginners Bootcamp,2025-10-28 08:30:00+00:00,2025-10-28 09:30:00+00:00,PT60M,Bootcamp,Intermediate,30.0,30,True,Open Playground space,https://ourparks.org.uk/borough/beginners-bootcamp-106248,East Wickham Open Space,DA16 3BJ,Welling,East Wickham Open Space,GB,51.47144151112,0.103413504169,London Borough of Bexley,https://ourparks.org.uk/borough/london-borough-bexley,Donna
106249,Beginners Bootcamp,2025-11-04 08:30:00+00:00,2025-11-04 09:30:00+00:00,PT60M,Bootcamp,Intermediate,30.0,30,True,Open Playground space,https://ourparks.org.uk/borough/beginners-bootcamp-106249,East Wickham Open Space,DA16 3BJ,Welling,East Wickham Open Space,GB,51.47144151112,0.103413504169,London Borough of Bexley,https://ourparks.org.uk/borough/london-borough-bexley,Donna
103229,"Abs, Bums & Thighs (ABT)",2025-11-03 17:30:00+00:00,2025-11-03 18:30:00+00:00,PT60M,Abs/Core,Intermediate,29.0,29,True,Outdoor Gym area,https://ourparks.org.uk/borough/abs-bums-thighs-abt-103229,Victory Park (E20),E20 2ST,London,Victory Park,GB,51.546291703992,-0.00978845673,East Village,https://ourparks.org.uk/borough/east-village,kieon
105144,Beginners Bootcamp,2025-10-26 09:00:00+00:00,2025-10-26 10:00:00+00:00,PT60M,Bootcamp,Intermediate,29.0,29,True,"At the top of the park, opposite The Stables cafe",https://ourparks.org.uk/borough/beginners-bootcamp-105144,Gladstone Park,NW2,London,Dollis Hill Lane,GB,51.5596147901,-0.236722632917,Brent,https://ourparks.org.uk/borough/brent-0,Julia
106562,Beginners Bootcamp,2025-09-09 09:00:00+00:00,2025-09-09 10:00:00+00:00,PT60M,Bootcamp,Intermediate,30.0,30,True,The Link Outdoor Gym,https://ourparks.org.uk/borough/beginners-bootcamp-106562,Southmere Lake - The Link Outdoor Gym,SE2 9BS,London,Binsley Walk,GB,51.5004399,0.1221603,London Borough of Bexley,https://ourparks.org.uk/borough/london-borough-bexley,Gerald
106563,Beginners Bootcamp,2025-09-16 09:00:00+00:00,2025-09-16 10:00:00+00:00,PT60M,Bootcamp,Intermediate,30.0,30,True,The Link Outdoor Gym,https://ourparks.org.uk/borough/beginners-bootcamp-106563,Southmere Lake - The Link Outdoor Gym,SE2 9BS,London,Binsley Walk,GB,51.5004399,0.1221603,London Borough of Bexley,https://ourparks.org.uk/borough/london-borough-bexley,Gerald
106564,Beginners Bootcamp,2025-09-23 09:00:00+00:00,2025-09-23 10:00:00+00:00,PT60M,Bootcamp,Intermediate,30.0,30,True,The Link Outdoor Gym,https://ourparks.org.uk/borough/beginners-bootcamp-106564,Southmere Lake - The Link Outdoor Gym,SE2 9BS,London,Binsley Walk,GB,51.5004399,0.1221603,London Borough of Bexley,https://ourparks.org.uk/borough/london-borough-bexley,Gerald
106565,Beginners Bootcamp,2025-09-30 09:00:00+00:00,2025-09-30 10:00:00+00:00,PT60M,Bootcamp,Intermediate,30.0,30,True,The Link Outdoor Gym,https://ourparks.org.uk/borough/beginners-bootcamp-106565,Southmere Lake - The Link Outdoor Gym,SE2 9BS,London,Binsley Walk,GB,51.5004399,0.1221603,London Borough of Bexley,https://ourparks.org.uk/borough/london-borough-bexley,Gerald
106566,Beginners Bootcamp,2025-10-07 09:00:00+00:00,2025-10-07 10:00:00+00:00,PT60M,Bootcamp,Intermediate,30.0,30,True,The Link Outdoor Gym,https://ourparks.org.uk/borough/beginners-bootcamp-106566,Southmere Lake - The Link Outdoor Gym,SE2 9BS,London,Binsley Walk,GB,51.5004399,0.1221603,London Borough of Bexley,https://ourparks.org.uk/borough/london-borough-bexley,Olamide
106567,Beginners Bootcamp,2025-10-14 09:00:00+00:00,2025-10-14 10:00:00+00:00,PT60M,Bootcamp,Intermediate,30.0,30,True,The Link Outdoor Gym,https://ourparks.org.uk/borough/beginners-bootcamp-106567,Southmere Lake - The Link Outdoor Gym,SE2 9BS,London,Binsley Walk,GB,51.5004399,0.1221603,London Borough of Bexley,https://ourparks.org.uk/borough/london-borough-bexley,Gerald
106568,Beginners Bootcamp,2025-10-21 09:00:00+00:00,2025-10-21 10:00:00+00:00,PT60M,Bootcamp,Intermediate,30.0,30,True,The Link Outdoor Gym,https://ourparks.org.uk/borough/beginners-bootcamp-106568,Southmere Lake - The Link Outdoor Gym,SE2 9BS,London,Binsley Walk,GB,51.5004399,0.1221603,London Borough of Bexley,https://ourparks.org.uk/borough/london-borough-bexley,Gerald
106569,Beginners Bootcamp,2025-10-28 09:00:00+00:00,2025-10-28 10:00:00+00:00,PT60M,Bootcamp,Intermediate,30.0,30,True,The Link Outdoor Gym,https://ourparks.org.uk/borough/beginners-bootcamp-106569,Southmere Lake - The Link Outdoor Gym,SE2 9BS,London,Binsley Walk,GB,51.5004399,0.1221603,London Borough of Bexley,https://ourparks.org.uk/borough/london-borough-bexley,Gerald
106570,Beginners Bootcamp,2025-11-04 09:00:00+00:00,2025-11-04 10:00:00+00:00,PT60M,Bootcamp,Intermediate,30.0,30,True,The Link Outdoor Gym,https://ourparks.org.uk/borough/beginners-bootcamp-106570,Southmere Lake - The Link Outdoor Gym,SE2 9BS,London,Binsley Walk,GB,51.5004399,0.1221603,London Borough of Bexley,https://ourparks.org.uk/borough/london-borough-bexley,Gerald
106571,Beginners Bootcamp,2025-11-11 09:00:00+00:00,2025-11-11 10:00:00+00:00,PT60M,Bootcamp,Intermediate,30.0,30,True,The Link Outdoor Gym,https://ourparks.org.uk/borough/beginners-bootcamp-106571,Southmere Lake - The Link Outdoor Gym,SE2 9BS,London,Binsley Walk,GB,51.5004399,0.1221603,London Borough of Bexley,https://ourparks.org.uk/borough/london-borough-bexley,Gerald
106572,Beginners Bootcamp,2025-11-18 09:00:00+00:00,2025-11-18 10:00:00+00:00,PT60M,Bootcamp,Intermediate,30.0,30,True,The Link Outdoor Gym,https://ourparks.org.uk/borough/beginners-bootcamp-106572,Southmere Lake - The Link Outdoor Gym,SE2 9BS,London,Binsley Walk,GB,51.5004399,0.1221603,London Borough of Bexley,https://ourparks.org.uk/borough/london-borough-bexley,Gerald
106573,Beginners Bootcamp,2025-11-25 09:00:00+00:00,2025-11-25 10:00:00+00:00,PT60M,Bootcamp,Intermediate,30.0,30,True,The Link Outdoor Gym,https://ourparks.org.uk/borough/beginners-bootcamp-106573,Southmere Lake - The Link Outdoor Gym,SE2 9BS,London,Binsley Walk,GB,51.5004399,0.1221603,London Borough of Bexley,https://ourparks.org.uk/borough/london-borough-bexley,Gerald
106574,Beginners Bootcamp,2025-12-02 09:00:00+00:00,2025-12-02 10:00:00+00:00,PT60M,Bootcamp,Intermediate,30.0,30,True,The Link Outdoor Gym,https://ourparks.org.uk/borough/beginners-bootcamp-106574,Southmere Lake - The Link Outdoor Gym,SE2 9BS,London,Binsley Walk,GB,51.5004399,0.1221603,London Borough of Bexley,https://ourparks.org.uk/borough/london-borough-bexley,Gerald
106575,Beginners Bootcamp,2025-12-09 09:00:00+00:00,2025-12-09 10:00:00+00:00,PT60M,Bootcamp,Intermediate,30.0,30,True,The Link Outdoor Gym,https://ourparks.org.uk/borough/beginners-bootcamp-106575,Southmere Lake - The Link Outdoor Gym,SE2 9BS,London,Binsley Walk,GB,51.5004399,0.1221603,London Borough of Bexley,https://ourparks.org.uk/borough/london-borough-bexley,Gerald
106576,Beginners Bootcamp,2025-12-16 09:00:00+00:00,2025-12-16 10:00:00+00:00,PT60M,Bootcamp,Intermediate,30.0,30,True,The Link Outdoor Gym,https://ourparks.org.uk/borough/beginners-bootcamp-106576,Southmere Lake - The Link Outdoor Gym,SE2 9BS,London,Binsley Walk,GB,51.5004399,0.1221603,London Borough of Bexley,https://ourparks.org.uk/borough/london-borough-bexley,Gerald
106579,Beginners Bootcamp,2026-01-06 09:00:00+00:00,2026-01-06 10:00:00+00:00,PT60M,Bootcamp,Intermediate,30.0,30,True,The Link Outdoor Gym,https://ourparks.org.uk/borough/beginners-bootcamp-106579,Southmere Lake - The Link Outdoor Gym,SE2 9BS,London,Binsley Walk,GB,51.5004399,0.1221603,London Borough of Bexley,https://ourparks.org.uk/borough/london-borough-bexley,Gerald
106580,Beginners Bootcamp,2026-01-13 09:00:00+00:00,2026-01-13 10:00:00+00:00,PT60M,Bootcamp,Intermediate,30.0,30,True,The Link Outdoor Gym,https://ourparks.org.uk/borough/beginners-bootcamp-106580,Southmere Lake - The Link Outdoor Gym,SE2 9BS,London,Binsley Walk,GB,51.5004399,0.1221603,London Borough of Bexley,https://ourparks.org.uk/borough/london-borough-bexley,Gerald
106581,Beginners Bootcamp,2026-01-20 09:00:00+00:00,2026-01-20 10:00:00+00:00,PT60M,Bootcamp,Intermediate,30.0,30,True,The Link Outdoor Gym,https://ourparks.org.uk/borough/beginners-bootcamp-106581,Southmere Lake - The Link Outdoor Gym,SE2 9BS,London,Binsley Walk,GB,51.5004399,0.1221603,London Borough of Bexley,https://ourparks.org.uk/borough/london-borough-bexley,Gerald
106582,Beginners Bootcamp,2026-01-27 09:00:00+00:00,2026-01-27 10:00:00+00:00,PT60M,Bootcamp,Intermediate,30.0,30,True,The Link Outdoor Gym,https://ourparks.org.uk/borough/beginners-bootcamp-106582,Southmere Lake - The Link Outdoor Gym,SE2 9BS,London,Binsley Walk,GB,51.5004399,0.1221603,London Borough of Bexley,https://ourparks.org.uk/borough/london-borough-bexley,Gerald
106584,Beginners Bootcamp,2026-02-10 09:00:00+00:00,2026-02-10 10:00:00+00:00,PT60M,Bootcamp,Intermediate,30.0,30,True,The Link Outdoor Gym,https://ourparks.org.uk/borough/beginners-bootcamp-106584,Southmere Lake - The Link Outdoor Gym,SE2 9BS,London,Binsley Walk,GB,51.5004399,0.1221603,London Borough of Bexley,https://ourparks.org.uk/borough/london-borough-bexley,Gerald
106585,Beginners Bootcamp,2026-02-17 09:00:00+00:00,2026-02-17 10:00:00+00:00,PT60M,Bootcamp,Intermediate,30.0,30,True,The Link Outdoor Gym,https://ourparks.org.uk/borough/beginners-bootcamp-106585,Southmere Lake - The Link Outdoor Gym,SE2 9BS,London,Binsley Walk,GB,51.5004399,0.1221603,London Borough of Bexley,https://ourparks.org.uk/borough/london-borough-bexley,Gerald
106586,Beginners Bootcamp,2026-02-24 09:00:00+00:00,2026-02-24 10:00:00+00:00,PT60M,Bootcamp,Intermediate,30.0,30,True,The Link Outdoor Gym,https://ourparks.org.uk/borough/beginners-bootcamp-106586,Southmere Lake - The Link Outdoor Gym,SE2 9BS,London,Binsley Walk,GB,51.5004399,0.1221603,London Borough of Bexley,https://ourparks.org.uk/borough/london-borough-bexley,Gerald
106587,Beginners Bootcamp,2026-03-03 09:00:00+00:00,2026-03-03 10:00:00+00:00,PT60M,Bootcamp,Intermediate,30.0,30,True,The Link Outdoor Gym,https://ourparks.org.uk/borough/beginners-bootcamp-106587,Southmere Lake - The Link Outdoor Gym,SE2 9BS,London,Binsley Walk,GB,51.5004399,0.1221603,London Borough of Bexley,https://ourparks.org.uk/borough/london-borough-bexley,Gerald
106588,Beginners Bootcamp,2026-03-10 09:00:00+00:00,2026-03-10 10:00:00+00:00,PT60M,Bootcamp,Intermediate,30.0,30,True,The Link Outdoor Gym,https://ourparks.org.uk/borough/beginners-bootcamp-106588,Southmere Lake - The Link Outdoor Gym,SE2 9BS,London,Binsley Walk,GB,51.5004399,0.1221603,London Borough of Bexley,https://ourparks.org.uk/borough/london-borough-bexley,Gerald
106589,Beginners Bootcamp,2026-03-17 09:00:00+00:00,2026-03-17 10:00:00+00:00,PT60M,Bootcamp,Intermediate,30.0,30,True,The Link Outdoor Gym,https://ourparks.org.uk/borough/beginners-bootcamp-106589,Southmere Lake - The Link Outdoor Gym,SE2 9BS,London,Binsley Walk,GB,51.5004399,0.1221603,London Borough of Bexley,https://ourparks.org.uk/borough/london-borough-bexley,Gerald
106590,Beginners Bootcamp,2026-03-24 09:00:00+00:00,2026-03-24 10:00:00+00:00,PT60M,Bootcamp,Intermediate,30.0,30,True,The Link Outdoor Gym,https://ourparks.org.uk/borough/beginners-bootcamp-106590,Southmere Lake - The Link Outdoor Gym,SE2 9BS,London,Binsley Walk,GB,51.5004399,0.1221603,London Borough of Bexley,https://ourparks.org.uk/borough/london-borough-bexley,Gerald
106591,Beginners Bootcamp,2026-03-31 09:00:00+00:00,2026-03-31 10:00:00+00:00,PT60M,Bootcamp,Intermediate,30.0,30,True,The Link Outdoor Gym,https://ourparks.org.uk/borough/beginners-bootcamp-106591,Southmere Lake - The Link Outdoor Gym,SE2 9BS,London,Binsley Walk,GB,51.5004399,0.1221603,London Borough of Bexley,https://ourparks.org.uk/borough/london-borough-bexley,Gerald
106592,Beginners Bootcamp,2026-04-07 09:00:00+00:00,2026-04-07 10:00:00+00:00,PT60M,Bootcamp,Intermediate,30.0,30,True,The Link Outdoor Gym,https://ourparks.org.uk/borough/beginners-bootcamp-106592,Southmere Lake - The Link Outdoor Gym,SE2 9BS,London,Binsley Walk,GB,51.5004399,0.1221603,London Borough of Bexley,https://ourparks.org.uk/borough/london-borough-bexley,Gerald
106725,Beginners Bootcamp,2026-04-14 09:00:00+00:00,2026-04-14 10:00:00+00:00,PT60M,Bootcamp,Intermediate,30.0,30,True,The Link Outdoor Gym,https://ourparks.org.uk/borough/beginners-bootcamp-106725,Southmere Lake - The Link Outdoor Gym,SE2 9BS,London,Binsley Walk,GB,51.5004399,0.1221603,London Borough of Bexley,https://ourparks.org.uk/borough/london-borough-bexley,Gerald
106968,Back to Exercise,2025-10-30 08:30:00+00:00,2025-10-30 09:30:00+00:00,PT60M,Group Exercise,Intermediate,29.0,29,True,Outdoor Gym area,https://ourparks.org.uk/borough/back-exercise-106968,Foots Cray Meadows,DA14 4PS,Sidcup,Riverside Road entrance,GB,51.432911516763,0.134709314101,London Borough of Bexley,https://ourparks.org.uk/borough/london-borough-bexley,Barry
106970,Back to Exercise,2025-11-13 08:30:00+00:00,2025-11-13 09:30:00+00:00,PT60M,Group Exercise,Intermediate,29.0,29,True,Outdoor Gym area,https://ourparks.org.uk/borough/back-exercise-106970,Foots Cray Meadows,DA14 4PS,Sidcup,Riverside Road entrance,GB,51.432911516763,0.134709314101,London Borough of Bexley,https://ourparks.org.uk/borough/london-borough-bexley,Barry
106971,Back to Exercise,2025-11-20 08:30:00+00:00,2025-11-20 09:30:00+00:00,PT60M,Group Exercise,Intermediate,29.0,29,True,Outdoor Gym area,https://ourparks.org.uk/borough/back-exercise-106971,Foots Cray Meadows,DA14 4PS,Sidcup,Riverside Road entrance,GB,51.432911516763,0.134709314101,London Borough of Bexley,https://ourparks.org.uk/borough/london-borough-bexley,Barry
106973,Back to Exercise,2025-12-04 08:30:00+00:00,2025-12-04 09:30:00+00:00,PT60M,Group Exercise,Intermediate,29.0,29,True,Outdoor Gym area,https://ourparks.org.uk/borough/back-exercise-106973,Foots Cray Meadows,DA14 4PS,Sidcup,Riverside Road entrance,GB,51.432911516763,0.134709314101,London Borough of Bexley,https://ourparks.org.uk/borough/london-borough-bexley,Barry
106974,Back to Exercise,2025-12-11 08:30:00+00:00,2025-12-11 09:30:00+00:00,PT60M,Group Exercise,Intermediate,29.0,29,True,Outdoor Gym area,https://ourparks.org.uk/borough/back-exercise-106974,Foots Cray Meadows,DA14 4PS,Sidcup,Riverside Road entrance,GB,51.432911516763,0.134709314101,London Borough of Bexley,https://ourparks.org.uk/borough/london-borough-bexley,Barry
106975,Back to Exercise,2025-12-18 08:30:00+00:00,2025-12-18 09:30:00+00:00,PT60M,Group Exercise,Intermediate,29.0,29,True,Outdoor Gym area,https://ourparks.org.uk/borough/back-exercise-106975,Foots Cray Meadows,DA14 4PS,Sidcup,Riverside Road entrance,GB,51.432911516763,0.134709314101,London Borough of Bexley,https://ourparks.org.uk/borough/london-borough-bexley,Barry
106978,Back to Exercise,2026-01-08 08:30:00+00:00,2026-01-08 09:30:00+00:00,PT60M,Group Exercise,Intermediate,29.0,29,True,Outdoor Gym area,https://ourparks.org.uk/borough/back-exercise-106978,Foots Cray Meadows,DA14 4PS,Sidcup,Riverside Road entrance,GB,51.432911516763,0.134709314101,London Borough of Bexley,https://ourparks.org.uk/borough/london-borough-bexley,Barry
106979,Back to Exercise,2026-01-15 08:30:00+00:00,2026-01-15 09:30:00+00:00,PT60M,Group Exercise,Intermediate,29.0,29,True,Outdoor Gym area,https://ourparks.org.uk/borough/back-exercise-106979,Foots Cray Meadows,DA14 4PS,Sidcup,Riverside Road entrance,GB,51.432911516763,0.134709314101,London Borough of Bexley,https://ourparks.org.uk/borough/london-borough-bexley,Barry
106980,Back to Exercise,2026-01-22 08:30:00+00:00,2026-01-22 09:30:00+00:00,PT60M,Group Exercise,Intermediate,29.0,29,True,Outdoor Gym area,https://ourparks.org.uk/borough/back-exercise-106980,Foots Cray Meadows,DA14 4PS,Sidcup,Riverside Road entrance,GB,51.432911516763,0.134709314101,London Borough of Bexley,https://ourparks.org.uk/borough/london-borough-bexley,Barry
106981,Back to Exercise,2026-01-29 08:30:00+00:00,2026-01-29 09:30:00+00:00,PT60M,Group Exercise,Intermediate,29.0,29,True,Outdoor Gym area,https://ourparks.org.uk/borough/back-exercise-106981,Foots Cray Meadows,DA14 4PS,Sidcup,Riverside Road entrance,GB,51.432911516763,0.134709314101,London Borough of Bexley,https://ourparks.org.uk/borough/london-borough-bexley,Barry
106982,Back to Exercise,2026-02-05 08:30:00+00:00,2026-02-05 09:30:00+00:00,PT60M,Group Exercise,Intermediate,29.0,29,True,Outdoor Gym area,https://ourparks.org.uk/borough/back-exercise-106982,Foots Cray Meadows,DA14 4PS,Sidcup,Riverside Road entrance,GB,51.432911516763,0.134709314101,London Borough of Bexley,https://ourparks.org.uk/borough/london-borough-bexley,Barry
106983,Back to Exercise,2026-02-12 08:30:00+00:00,2026-02-12 09:30:00+00:00,PT60M,Group Exercise,Intermediate,29.0,29,True,Outdoor Gym area,https://ourparks.org.uk/borough/back-exercise-106983,Foots Cray Meadows,DA14 4PS,Sidcup,Riverside Road entrance,GB,51.432911516763,0.134709314101,London Borough of Bexley,https://ourparks.org.uk/borough/london-borough-bexley,Barry
106984,Back to Exercise,2026-02-19 08:30:00+00:00,2026-02-19 09:30:00+00:00,PT60M,Group Exercise,Intermediate,29.0,29,True,Outdoor Gym area,https://ourparks.org.uk/borough/back-exercise-106984,Foots Cray Meadows,DA14 4PS,Sidcup,Riverside Road entrance,GB,51.432911516763,0.134709314101,London Borough of Bexley,https://ourparks.org.uk/borough/london-borough-bexley,Barry
106985,Back to Exercise,2026-02-26 08:30:00+00:00,2026-02-26 09:30:00+00:00,PT60M,Group Exercise,Intermediate,29.0,29,True,Outdoor Gym area,https://ourparks.org.uk/borough/back-exercise-106985,Foots Cray Meadows,DA14 4PS,Sidcup,Riverside Road entrance,GB,51.432911516763,0.134709314101,London Borough of Bexley,https://ourparks.org.uk/borough/london-borough-bexley,Barry
98308,Bootcamp,2025-11-06 08:30:00+00:00,2025-11-06 09:30:00+00:00,PT60M,Bootcamp,Intermediate,29.0,29,True,Play Area,https://ourparks.org.uk/borough/bootcamp-98308,Harefield Village Green,UB9 6EG,Harefield,Harefield Village Green,GB,51.604697285476,-0.480577927343,Hillingdon,https://ourparks.org.uk/borough/hillingdon,Sheila
107229,Beginners Bootcamp,2025-11-01 09:30:00+00:00,2025-11-01 10:30:00+00:00,PT60M,Bootcamp,Intermediate,30.0,30,True,Green Space - Miller Road entrance,https://ourparks.org.uk/borough/beginners-bootcamp-107229,Beam Central Park,RM9 6FZ,Rainham,Beam Central Park,GB,51.525777643845,0.162476030491,"L&Q at Beam Park, Rainham",https://ourparks.org.uk/borough/lq-beam-park-rainham,Albert
105510,Strength building class,2025-11-07 13:00:00+00:00,2025-11-07 14:00:00+00:00,PT60M,Yoga,Beginner,15.0,15,True,Carolyn Downs Community Room,https://ourparks.org.uk/borough/strength-building-class-105510,Harlesden Library,NW10 8SE,Harlesden,Craven Park Road,GB,51.538725110209,-0.25043846365,Brent,https://ourparks.org.uk/borough/brent-0,Neeraj
106707,Full Body Workout,2025-12-20 10:15:00+00:00,2025-12-20 11:15:00+00:00,PT60M,Bootcamp,Intermediate,30.0,30,True,Outdoor Gym area,https://ourparks.org.uk/borough/full-body-workout-106707,Erith Riverside Gardens,DA8 1QY,Erith,Erith High Street,GB,51.482871018656,0.178854717888,London Borough of Bexley,https://ourparks.org.uk/borough/london-borough-bexley,Danni
106673,Beginners Bootcamp,2025-12-20 09:00:00+00:00,2025-12-20 10:00:00+00:00,PT60M,Bootcamp,,30.0,30,True,Outside the Sports Pavilion - Sessions take place by the outdoor gym,https://ourparks.org.uk/borough/beginners-bootcamp-106673,Hall Place Main Field,DA5 1PQ,Bexley,Bourne Road,GB,51.447550001177,0.162264911019,London Borough of Bexley,https://ourparks.org.uk/borough/london-borough-bexley,Ollie
105048,Full Body Circuit,2025-12-20 09:00:00+00:00,2025-12-20 10:00:00+00:00,PT60M,Bootcamp,Intermediate,29.0,29,True,Outdoor Gym area,https://ourparks.org.uk/borough/full-body-circuit-105048,Roe Green Park,NW9 9HA,London,Kingsbury High Road Kingsbury,GB,51.586109971363,-0.269687067103,Brent,https://ourparks.org.uk/borough/brent-0,Barbora
106934,"Abs, Bums & Thighs (ABT)",2025-12-21 09:00:00+00:00,2025-12-21 10:00:00+00:00,PT60M,Abs/Core,Intermediate,29.0,29,True,By the cafe,https://ourparks.org.uk/borough/abs-bums-thighs-abt-106934,Roundwood Park,NW10 3RT,Brent,Roundwood Park,GB,51.5420062,-0.2403952,Brent,https://ourparks.org.uk/borough/brent-0,Barbora
105203,Walking Tai Chi,2025-12-21 09:00:00+00:00,2025-12-21 10:00:00+00:00,PT60M,Tai Chi,Intermediate,29.0,29,True,Outdoor Gym area,https://ourparks.org.uk/borough/walking-tai-chi-105203,Roe Green Park,NW9 9HA,London,Kingsbury High Road Kingsbury,GB,51.586109971363,-0.269687067103,Brent,https://ourparks.org.uk/borough/brent-0,Savita
106053,Beginners Bootcamp,2025-12-20 10:00:00+00:00,2025-12-20 11:00:00+00:00,PT60M,Bootcamp,Intermediate,30.0,30,True,By the Outdoor Gym,https://ourparks.org.uk/borough/beginners-bootcamp-106053,"King Edward VII Park - Wembley, HA9 7QS",HA9 7QS,Wembley,56 The Dene,GB,51.557962737092,-0.2950736601,Brent,https://ourparks.org.uk/borough/brent-0,Alvin
104892,Bootcamp,2025-12-20 09:00:00+00:00,2025-12-20 10:00:00+00:00,PT60M,Bootcamp,Intermediate,29.0,29,True,Multi use court,https://ourparks.org.uk/borough/bootcamp-104892,Hillingdon Court Park,UB10 9NT,Uxbridge,Court Park,GB,51.542145414625,-0.453846634192,Hillingdon,https://ourparks.org.uk/borough/hillingdon,Sheila
104159,Box Fit,2025-12-20 08:00:00+00:00,2025-12-20 09:00:00+00:00,PT60M,Boxing Fitness,Intermediate,29.0,29,True,Path by football changing rooms,https://ourparks.org.uk/borough/box-fit-104159,Fairfield Recreation Ground,KT1 2PY,London,Fairfield Recreation Ground,GB,51.4083376,-0.2987306,Kingston Upon-Thames,https://ourparks.org.uk/borough/kingston-upon-thames,Chrissy
107190,Box Fit,2025-12-18 08:30:00+00:00,2025-12-18 09:30:00+00:00,PT60M,Boxing Fitness,Intermediate,29.0,29,True,Open air training ground,https://ourparks.org.uk/borough/box-fit-107190,Brockwell Park,SE24 0PA,London,Brockwell Park,GB,51.452290766375,-0.105533454431,London Borough of Lambeth,https://ourparks.org.uk/borough/london-borough-lambeth,Chrissy
105805,Beginners Bootcamp,2025-12-20 09:00:00+00:00,2025-12-20 10:00:00+00:00,PT60M,Bootcamp,Intermediate,30.0,30,True,"Green Space, to the right of the Lido",https://ourparks.org.uk/borough/beginners-bootcamp-105805,Brockwell Park,SE24 0PA,London,Brockwell Park,GB,51.452290766375,-0.105533454431,London Borough of Lambeth,https://ourparks.org.uk/borough/london-borough-lambeth,Srikrupa 
105906,Beginners Bootcamp,2025-12-18 08:00:00+00:00,2025-12-18 09:00:00+00:00,PT60M,Bootcamp,Intermediate,29.0,29,True,Green space across Lee Valley Park Bridge,https://ourparks.org.uk/borough/beginners-bootcamp-105906,Walthamstow Marshes,E10 7QL,London,Lea Bridge Road,GB,51.564823676338,-0.045328683324,Waltham Forest,https://ourparks.org.uk/borough/waltham-forest,Iona
105939,"Legs, Bums & Tums (LBT)",2025-12-20 09:00:00+00:00,2025-12-20 10:00:00+00:00,PT60M,Abs/Core,Intermediate,29.0,29,True,Green space across Lee Valley Park Bridge,https://ourparks.org.uk/borough/legs-bums-tums-lbt-105939,Walthamstow Marshes,E10 7QL,London,Lea Bridge Road,GB,51.564823676338,-0.045328683324,Waltham Forest,https://ourparks.org.uk/borough/waltham-forest,Iona
106419,Bootcamp,2025-12-20 09:00:00+00:00,2025-12-20 10:00:00+00:00,PT60M,Bootcamp,Intermediate,0.0,0,True,Meeting by the playground swing park in Slade Green Recreational Ground,https://ourparks.org.uk/borough/bootcamp-106419,Slade Green Recreational Ground,DA8 2LX,Bexley,Slade Green,GB,51.469708263156,0.198783354461,London Borough of Bexley,https://ourparks.org.uk/borough/london-borough-bexley,Danni
106438,Bootcamp,2025-12-20 09:00:00+00:00,2025-12-20 10:00:00+00:00,PT60M,Bootcamp,Intermediate,29.0,29,True,Hard surface by Kids Play Area near car park,https://ourparks.org.uk/borough/bootcamp-106438,Hoblingwell Wood Recreation Ground,BR5 2QB,Orpington,Hoblingwell Recreation Ground,GB,51.402261016538,0.099742592442,Bromley,https://ourparks.org.uk/borough/bromley,Jo
106458,Bootcamp,2025-12-20 08:30:00+00:00,2025-12-20 09:30:00+00:00,PT60M,Bootcamp,Intermediate,29.0,29,True,Beddington Park car park (South),https://ourparks.org.uk/borough/bootcamp-106458,Beddington Park,SM6 7NN,Wallington,Church Road,GB,51.369874622426,-0.147107063538,Sutton,https://ourparks.org.uk/borough/sutton,Premika
106477,Box Fit,2025-12-20 09:00:00+00:00,2025-12-20 10:00:00+00:00,PT60M,Boxing Fitness,Intermediate,29.0,29,True,By the Outdoor Gym,https://ourparks.org.uk/borough/box-fit-106477,Mabley Green,E9 5HS,London,"Stop E, Crowfoot Close",GB,51.548910987039,-0.029284231249,Hackney,https://ourparks.org.uk/borough/hackney,Roosevelt 
106494,HIIT,2025-12-20 09:00:00+00:00,2025-12-20 10:00:00+00:00,PT60M,HIIT,Intermediate,29.0,29,True,Parliament Hill end of the Heath by the mown grass area next to the bandstand,https://ourparks.org.uk/borough/hiit-106494,Hampstead Heath,NW5 1QY,London,Hampstead Heath Highgate Rd,GB,51.559276267073,-0.15334605909,Camden,https://ourparks.org.uk/borough/camden,Ana
107236,Beginners Bootcamp,2025-12-20 09:00:00+00:00,2025-12-20 10:00:00+00:00,PT60M,Bootcamp,Intermediate,30.0,30,True,Green Space - Miller Road entrance,https://ourparks.org.uk/borough/beginners-bootcamp-107236,Beam Central Park,RM9 6FZ,Rainham,Beam Central Park,GB,51.525777643845,0.162476030491,"L&Q at Beam Park, Rainham",https://ourparks.org.uk/borough/lq-beam-park-rainham,Albert
106803,Beginners Bootcamp,2025-12-20 09:00:00+00:00,2025-12-20 10:00:00+00:00,PT60M,Bootcamp,Beginner,29.0,29,True,Fair Green - this is the green opposite Mitcham Market,https://ourparks.org.uk/borough/beginners-bootcamp-106803,Fair Green at Mitcham Market,CR4 2PF,Mitcham,2A Upper Green E,GB,51.4058202,-0.1638252,London Borough of Merton,https://ourparks.org.uk/borough/london-borough-merton,Tristan
107094,Bootcamp,2025-12-21 08:30:00+00:00,2025-12-21 09:30:00+00:00,PT60M,Bootcamp,Intermediate,29.0,29,True,"Green space in front Roehampton Gate (opposite Colicci Roehampton Gate Café, car park & toilets)",https://ourparks.org.uk/borough/bootcamp-107094,Richmond Park,KT2 7SS,London,Broomfield Hill Car Park,GB,51.432184462701,-0.269421501853,The Royal Parks,https://ourparks.org.uk/borough/royal-parks,Srikrupa 
104017,Bootcamp,2025-12-20 08:30:00+00:00,2025-12-20 09:30:00+00:00,PT60M,Bootcamp,Intermediate,29.0,29,True,Outdoor gym area,https://ourparks.org.uk/borough/bootcamp-104017,Queens Park Gardens,W10 4QH,London,Queen Park Gardens,GB,51.5284574,-0.2089447,City of Westminster,https://ourparks.org.uk/borough/city-westminster,Cansu
107460,RISE & SHINE LIVE YOGA,2025-11-05 06:30:00+00:00,2025-11-05 07:30:00+00:00,PT60M,Yoga,Intermediate,0.0,0,True,Your streaming device,https://ourparks.org.uk/borough/rise-shine-live-yoga-107460,Our Parks Live,KT2 7EW,London,10 London Mews,GB,51.5161826,-0.1735317,All UK,https://ourparks.org.uk/borough/all-uk,Katarina
107461,RISE & SHINE LIVE YOGA,2025-11-12 06:30:00+00:00,2025-11-12 07:30:00+00:00,PT60M,Yoga,Intermediate,0.0,0,True,Your streaming device,https://ourparks.org.uk/borough/rise-shine-live-yoga-107461,Our Parks Live,KT2 7EW,London,10 London Mews,GB,51.5161826,-0.1735317,All UK,https://ourparks.org.uk/borough/all-uk,Katarina
107462,RISE & SHINE LIVE YOGA,2025-11-19 06:30:00+00:00,2025-11-19 07:30:00+00:00,PT60M,Yoga,Intermediate,0.0,0,True,Your streaming device,https://ourparks.org.uk/borough/rise-shine-live-yoga-107462,Our Parks Live,KT2 7EW,London,10 London Mews,GB,51.5161826,-0.1735317,All UK,https://ourparks.org.uk/borough/all-uk,Katarina
107463,RISE & SHINE LIVE YOGA,2025-11-26 06:30:00+00:00,2025-11-26 07:30:00+00:00,PT60M,Yoga,Intermediate,0.0,0,True,Your streaming device,https://ourparks.org.uk/borough/rise-shine-live-yoga-107463,Our Parks Live,KT2 7EW,London,10 London Mews,GB,51.5161826,-0.1735317,All UK,https://ourparks.org.uk/borough/all-uk,Katarina
107464,RISE & SHINE LIVE YOGA,2025-12-03 06:30:00+00:00,2025-12-03 07:30:00+00:00,PT60M,Yoga,Intermediate,0.0,0,True,Your streaming device,https://ourparks.org.uk/borough/rise-shine-live-yoga-107464,Our Parks Live,KT2 7EW,London,10 London Mews,GB,51.5161826,-0.1735317,All UK,https://ourparks.org.uk/borough/all-uk,Katarina
107465,RISE & SHINE LIVE YOGA,2025-12-10 06:30:00+00:00,2025-12-10 07:30:00+00:00,PT60M,Yoga,Intermediate,0.0,0,True,Your streaming device,https://ourparks.org.uk/borough/rise-shine-live-yoga-107465,Our Parks Live,KT2 7EW,London,10 London Mews,GB,51.5161826,-0.1735317,All UK,https://ourparks.org.uk/borough/all-uk,Katarina
107466,RISE & SHINE LIVE YOGA,2025-12-17 06:30:00+00:00,2025-12-17 07:30:00+00:00,PT60M,Yoga,Intermediate,0.0,0,True,Your streaming device,https://ourparks.org.uk/borough/rise-shine-live-yoga-107466,Our Parks Live,KT2 7EW,London,10 London Mews,GB,51.5161826,-0.1735317,All UK,https://ourparks.org.uk/borough/all-uk,Katarina
107468,RISE & SHINE LIVE YOGA,2025-12-31 06:30:00+00:00,2025-12-31 07:30:00+00:00,PT60M,Yoga,Intermediate,0.0,0,True,Your streaming device,https://ourparks.org.uk/borough/rise-shine-live-yoga-107468,Our Parks Live,KT2 7EW,London,10 London Mews,GB,51.5161826,-0.1735317,All UK,https://ourparks.org.uk/borough/all-uk,Katarina
107469,RISE & SHINE LIVE YOGA,2026-01-07 06:30:00+00:00,2026-01-07 07:30:00+00:00,PT60M,Yoga,Intermediate,0.0,0,True,Your streaming device,https://ourparks.org.uk/borough/rise-shine-live-yoga-107469,Our Parks Live,KT2 7EW,London,10 London Mews,GB,51.5161826,-0.1735317,All UK,https://ourparks.org.uk/borough/all-uk,Katarina
107471,RISE & SHINE LIVE Glute Blaster,2025-11-06 06:30:00+00:00,2025-11-06 07:30:00+00:00,PT60M,Abs/Core,Intermediate,0.0,0,True,Your streaming device,https://ourparks.org.uk/borough/rise-shine-live-glute-blaster-107471,Our Parks Live,KT2 7EW,London,10 London Mews,GB,51.5161826,-0.1735317,All UK,https://ourparks.org.uk/borough/all-uk,Klaudia
107472,RISE & SHINE LIVE Glute Blaster,2025-11-13 06:30:00+00:00,2025-11-13 07:30:00+00:00,PT60M,Abs/Core,Intermediate,0.0,0,True,Your streaming device,https://ourparks.org.uk/borough/rise-shine-live-glute-blaster-107472,Our Parks Live,KT2 7EW,London,10 London Mews,GB,51.5161826,-0.1735317,All UK,https://ourparks.org.uk/borough/all-uk,Klaudia
107473,RISE & SHINE LIVE Glute Blaster,2025-11-20 06:30:00+00:00,2025-11-20 07:30:00+00:00,PT60M,Abs/Core,Intermediate,0.0,0,True,Your streaming device,https://ourparks.org.uk/borough/rise-shine-live-glute-blaster-107473,Our Parks Live,KT2 7EW,London,10 London Mews,GB,51.5161826,-0.1735317,All UK,https://ourparks.org.uk/borough/all-uk,Klaudia
107474,RISE & SHINE LIVE Glute Blaster,2025-11-27 06:30:00+00:00,2025-11-27 07:30:00+00:00,PT60M,Abs/Core,Intermediate,0.0,0,True,Your streaming device,https://ourparks.org.uk/borough/rise-shine-live-glute-blaster-107474,Our Parks Live,KT2 7EW,London,10 London Mews,GB,51.5161826,-0.1735317,All UK,https://ourparks.org.uk/borough/all-uk,Klaudia
107482,Rise & Shine ABS Workout,2025-11-07 06:30:00+00:00,2025-11-07 07:30:00+00:00,PT60M,Abs/Core,Intermediate,0.0,0,True,Your streaming device,https://ourparks.org.uk/borough/rise-shine-abs-workout-107482,Our Parks Live,KT2 7EW,London,10 London Mews,GB,51.5161826,-0.1735317,All UK,https://ourparks.org.uk/borough/all-uk,Klaudia
107483,Rise & Shine ABS Workout,2025-11-14 06:30:00+00:00,2025-11-14 07:30:00+00:00,PT60M,Abs/Core,Intermediate,0.0,0,True,Your streaming device,https://ourparks.org.uk/borough/rise-shine-abs-workout-107483,Our Parks Live,KT2 7EW,London,10 London Mews,GB,51.5161826,-0.1735317,All UK,https://ourparks.org.uk/borough/all-uk,Klaudia
107484,Rise & Shine ABS Workout,2025-11-21 06:30:00+00:00,2025-11-21 07:30:00+00:00,PT60M,Abs/Core,Intermediate,0.0,0,True,Your streaming device,https://ourparks.org.uk/borough/rise-shine-abs-workout-107484,Our Parks Live,KT2 7EW,London,10 London Mews,GB,51.5161826,-0.1735317,All UK,https://ourparks.org.uk/borough/all-uk,Klaudia
107485,Rise & Shine ABS Workout,2025-11-28 06:30:00+00:00,2025-11-28 07:30:00+00:00,PT60M,Abs/Core,Intermediate,0.0,0,True,Your streaming device,https://ourparks.org.uk/borough/rise-shine-abs-workout-107485,Our Parks Live,KT2 7EW,London,10 London Mews,GB,51.5161826,-0.1735317,All UK,https://ourparks.org.uk/borough/all-uk,Klaudia
107427,Dance Fit LIVE,2025-11-01 09:00:00+00:00,2025-11-01 10:00:00+00:00,PT60M,Dance Fitness,Intermediate,0.0,0,True,Your streaming device,https://ourparks.org.uk/borough/dance-fit-live-107427,Our Parks Live,KT2 7EW,London,10 London Mews,GB,51.5161826,-0.1735317,All UK,https://ourparks.org.uk/borough/all-uk,Lucy
107428,Dance Fit LIVE,2025-11-08 09:00:00+00:00,2025-11-08 10:00:00+00:00,PT60M,Dance Fitness,Intermediate,0.0,0,True,Your streaming device,https://ourparks.org.uk/borough/dance-fit-live-107428,Our Parks Live,KT2 7EW,London,10 London Mews,GB,51.5161826,-0.1735317,All UK,https://ourparks.org.uk/borough/all-uk,CJ
107429,Dance Fit LIVE,2025-11-15 09:00:00+00:00,2025-11-15 10:00:00+00:00,PT60M,Dance Fitness,Intermediate,0.0,0,True,Your streaming device,https://ourparks.org.uk/borough/dance-fit-live-107429,Our Parks Live,KT2 7EW,London,10 London Mews,GB,51.5161826,-0.1735317,All UK,https://ourparks.org.uk/borough/all-uk,Lucy
107430,Dance Fit LIVE,2025-11-22 09:00:00+00:00,2025-11-22 10:00:00+00:00,PT60M,Dance Fitness,Intermediate,0.0,0,True,Your streaming device,https://ourparks.org.uk/borough/dance-fit-live-107430,Our Parks Live,KT2 7EW,London,10 London Mews,GB,51.5161826,-0.1735317,All UK,https://ourparks.org.uk/borough/all-uk,Lucy
107431,Dance Fit LIVE,2025-11-29 09:00:00+00:00,2025-11-29 10:00:00+00:00,PT60M,Dance Fitness,Intermediate,0.0,0,True,Your streaming device,https://ourparks.org.uk/borough/dance-fit-live-107431,Our Parks Live,KT2 7EW,London,10 London Mews,GB,51.5161826,-0.1735317,All UK,https://ourparks.org.uk/borough/all-uk,Lucy
107434,Dance Fit LIVE,2025-12-20 09:00:00+00:00,2025-12-20 10:00:00+00:00,PT60M,Dance Fitness,Intermediate,0.0,0,True,Your streaming device,https://ourparks.org.uk/borough/dance-fit-live-107434,Our Parks Live,KT2 7EW,London,10 London Mews,GB,51.5161826,-0.1735317,All UK,https://ourparks.org.uk/borough/all-uk,Lucy
107435,Dance Fit LIVE,2025-12-27 09:00:00+00:00,2025-12-27 10:00:00+00:00,PT60M,Dance Fitness,Intermediate,0.0,0,True,Your streaming device,https://ourparks.org.uk/borough/dance-fit-live-107435,Our Parks Live,KT2 7EW,London,10 London Mews,GB,51.5161826,-0.1735317,All UK,https://ourparks.org.uk/borough/all-uk,Lucy
107493,Yoga Online Live,2025-11-02 09:00:00+00:00,2025-11-02 10:00:00+00:00,PT60M,Yoga,Intermediate,0.0,0,True,Your streaming device,https://ourparks.org.uk/borough/yoga-online-live-107493,Our Parks Live,KT2 7EW,London,10 London Mews,GB,51.5161826,-0.1735317,All UK,https://ourparks.org.uk/borough/all-uk,Olga
107494,Yoga Online Live,2025-11-09 09:00:00+00:00,2025-11-09 10:00:00+00:00,PT60M,Yoga,Intermediate,0.0,0,True,Your streaming device,https://ourparks.org.uk/borough/yoga-online-live-107494,Our Parks Live,KT2 7EW,London,10 London Mews,GB,51.5161826,-0.1735317,All UK,https://ourparks.org.uk/borough/all-uk,Olga
107495,Yoga Online Live,2025-11-16 09:00:00+00:00,2025-11-16 10:00:00+00:00,PT60M,Yoga,Intermediate,0.0,0,True,Your streaming device,https://ourparks.org.uk/borough/yoga-online-live-107495,Our Parks Live,KT2 7EW,London,10 London Mews,GB,51.5161826,-0.1735317,All UK,https://ourparks.org.uk/borough/all-uk,Olga
107496,Yoga Online Live,2025-11-23 09:00:00+00:00,2025-11-23 10:00:00+00:00,PT60M,Yoga,Intermediate,0.0,0,True,Your streaming device,https://ourparks.org.uk/borough/yoga-online-live-107496,Our Parks Live,KT2 7EW,London,10 London Mews,GB,51.5161826,-0.1735317,All UK,https://ourparks.org.uk/borough/all-uk,Olga
107497,Yoga Online Live,2025-11-30 09:00:00+00:00,2025-11-30 10:00:00+00:00,PT60M,Yoga,Intermediate,0.0,0,True,Your streaming device,https://ourparks.org.uk/borough/yoga-online-live-107497,Our Parks Live,KT2 7EW,London,10 London Mews,GB,51.5161826,-0.1735317,All UK,https://ourparks.org.uk/borough/all-uk,Olga
107498,Yoga Online Live,2025-12-07 09:00:00+00:00,2025-12-07 10:00:00+00:00,PT60M,Yoga,Intermediate,0.0,0,True,Your streaming device,https://ourparks.org.uk/borough/yoga-online-live-107498,Our Parks Live,KT2 7EW,London,10 London Mews,GB,51.5161826,-0.1735317,All UK,https://ourparks.org.uk/borough/all-uk,Olga
107499,Yoga Online Live,2025-12-14 09:00:00+00:00,2025-12-14 10:00:00+00:00,PT60M,Yoga,Intermediate,0.0,0,True,Your streaming device,https://ourparks.org.uk/borough/yoga-online-live-107499,Our Parks Live,KT2 7EW,London,10 London Mews,GB,51.5161826,-0.1735317,All UK,https://ourparks.org.uk/borough/all-uk,Olga
107500,Yoga Online Live,2025-12-21 09:00:00+00:00,2025-12-21 10:00:00+00:00,PT60M,Yoga,Intermediate,0.0,0,True,Your streaming device,https://ourparks.org.uk/borough/yoga-online-live-107500,Our Parks Live,KT2 7EW,London,10 London Mews,GB,51.5161826,-0.1735317,All UK,https://ourparks.org.uk/borough/all-uk,Olga
107501,Yoga Online Live,2025-12-28 09:00:00+00:00,2025-12-28 10:00:00+00:00,PT60M,Yoga,Intermediate,0.0,0,True,Your streaming device,https://ourparks.org.uk/borough/yoga-online-live-107501,Our Parks Live,KT2 7EW,London,10 London Mews,GB,51.5161826,-0.1735317,All UK,https://ourparks.org.uk/borough/all-uk,Olga
107502,Yoga Online Live,2026-01-04 09:00:00+00:00,2026-01-04 10:00:00+00:00,PT60M,Yoga,Intermediate,0.0,0,True,Your streaming device,https://ourparks.org.uk/borough/yoga-online-live-107502,Our Parks Live,KT2 7EW,London,10 London Mews,GB,51.5161826,-0.1735317,All UK,https://ourparks.org.uk/borough/all-uk,Olga
106836,Full Body Workout,2025-11-06 09:00:00+00:00,2025-11-06 10:00:00+00:00,PT60M,Bootcamp,,30.0,30,True,Outdoor Gym area,https://ourparks.org.uk/borough/full-body-workout-106836,Willersley Park,DA15 9EN,Sidcup,Willersley Avenue,GB,51.442682886552,0.101218406272,London Borough of Bexley,https://ourparks.org.uk/borough/london-borough-bexley,Ravit
106837,Full Body Workout,2025-11-13 09:00:00+00:00,2025-11-13 10:00:00+00:00,PT60M,Bootcamp,,30.0,30,True,Outdoor Gym area,https://ourparks.org.uk/borough/full-body-workout-106837,Willersley Park,DA15 9EN,Sidcup,Willersley Avenue,GB,51.442682886552,0.101218406272,London Borough of Bexley,https://ourparks.org.uk/borough/london-borough-bexley,Ravit
106838,Full Body Workout,2025-11-20 09:00:00+00:00,2025-11-20 10:00:00+00:00,PT60M,Bootcamp,,30.0,30,True,Outdoor Gym area,https://ourparks.org.uk/borough/full-body-workout-106838,Willersley Park,DA15 9EN,Sidcup,Willersley Avenue,GB,51.442682886552,0.101218406272,London Borough of Bexley,https://ourparks.org.uk/borough/london-borough-bexley,Ravit
106839,Full Body Workout,2025-11-27 09:00:00+00:00,2025-11-27 10:00:00+00:00,PT60M,Bootcamp,,30.0,30,True,Outdoor Gym area,https://ourparks.org.uk/borough/full-body-workout-106839,Willersley Park,DA15 9EN,Sidcup,Willersley Avenue,GB,51.442682886552,0.101218406272,London Borough of Bexley,https://ourparks.org.uk/borough/london-borough-bexley,Ravit
106841,Full Body Workout,2025-12-11 09:00:00+00:00,2025-12-11 10:00:00+00:00,PT60M,Bootcamp,,30.0,30,True,Outdoor Gym area,https://ourparks.org.uk/borough/full-body-workout-106841,Willersley Park,DA15 9EN,Sidcup,Willersley Avenue,GB,51.442682886552,0.101218406272,London Borough of Bexley,https://ourparks.org.uk/borough/london-borough-bexley,Ravit
106842,Full Body Workout,2025-12-18 09:00:00+00:00,2025-12-18 10:00:00+00:00,PT60M,Bootcamp,,30.0,30,True,Outdoor Gym area,https://ourparks.org.uk/borough/full-body-workout-106842,Willersley Park,DA15 9EN,Sidcup,Willersley Avenue,GB,51.442682886552,0.101218406272,London Borough of Bexley,https://ourparks.org.uk/borough/london-borough-bexley,Ravit
106771,Beginners Bootcamp,2025-11-09 09:00:00+00:00,2025-11-09 10:00:00+00:00,PT60M,Bootcamp,Intermediate,30.0,30,True,Tennis Courts - Session to take place at the Outdoor gym,https://ourparks.org.uk/borough/beginners-bootcamp-106771,Danson Park,DA6 8HL,Welling,"Danson Road, Broadway",GB,51.457714156037,0.117872564391,London Borough of Bexley,https://ourparks.org.uk/borough/london-borough-bexley,Ravit
106772,Beginners Bootcamp,2025-11-16 09:00:00+00:00,2025-11-16 10:00:00+00:00,PT60M,Bootcamp,Intermediate,30.0,30,True,Tennis Courts - Session to take place at the Outdoor gym,https://ourparks.org.uk/borough/beginners-bootcamp-106772,Danson Park,DA6 8HL,Welling,"Danson Road, Broadway",GB,51.457714156037,0.117872564391,London Borough of Bexley,https://ourparks.org.uk/borough/london-borough-bexley,Ravit
106773,Beginners Bootcamp,2025-11-23 09:00:00+00:00,2025-11-23 10:00:00+00:00,PT60M,Bootcamp,Intermediate,30.0,30,True,Tennis Courts - Session to take place at the Outdoor gym,https://ourparks.org.uk/borough/beginners-bootcamp-106773,Danson Park,DA6 8HL,Welling,"Danson Road, Broadway",GB,51.457714156037,0.117872564391,London Borough of Bexley,https://ourparks.org.uk/borough/london-borough-bexley,Ravit
106775,Beginners Bootcamp,2025-12-07 09:30:00+00:00,2025-12-07 10:30:00+00:00,PT60M,Bootcamp,Intermediate,30.0,30,True,Tennis Courts - Session to take place at the Outdoor gym,https://ourparks.org.uk/borough/beginners-bootcamp-106775,Danson Park,DA6 8HL,Welling,"Danson Road, Broadway",GB,51.457714156037,0.117872564391,London Borough of Bexley,https://ourparks.org.uk/borough/london-borough-bexley,Ravit
106776,Beginners Bootcamp,2025-12-14 09:00:00+00:00,2025-12-14 10:00:00+00:00,PT60M,Bootcamp,Intermediate,30.0,30,True,Tennis Courts - Session to take place at the Outdoor gym,https://ourparks.org.uk/borough/beginners-bootcamp-106776,Danson Park,DA6 8HL,Welling,"Danson Road, Broadway",GB,51.457714156037,0.117872564391,London Borough of Bexley,https://ourparks.org.uk/borough/london-borough-bexley,Ravit
106777,Beginners Bootcamp,2025-12-21 09:00:00+00:00,2025-12-21 10:00:00+00:00,PT60M,Bootcamp,Intermediate,30.0,30,True,Tennis Courts - Session to take place at the Outdoor gym,https://ourparks.org.uk/borough/beginners-bootcamp-106777,Danson Park,DA6 8HL,Welling,"Danson Road, Broadway",GB,51.457714156037,0.117872564391,London Borough of Bexley,https://ourparks.org.uk/borough/london-borough-bexley,Ravit
106927,"Abs, Bums & Thighs (ABT)",2025-11-02 09:00:00+00:00,2025-11-02 10:00:00+00:00,PT60M,Abs/Core,Intermediate,29.0,29,True,By the cafe,https://ourparks.org.uk/borough/abs-bums-thighs-abt-106927,Roundwood Park,NW10 3RT,Brent,Roundwood Park,GB,51.5420062,-0.2403952,Brent,https://ourparks.org.uk/borough/brent-0,NROB 
106250,Beginners Bootcamp,2025-11-11 08:30:00+00:00,2025-11-11 09:30:00+00:00,PT60M,Bootcamp,Intermediate,30.0,30,True,Open Playground space,https://ourparks.org.uk/borough/beginners-bootcamp-106250,East Wickham Open Space,DA16 3BJ,Welling,East Wickham Open Space,GB,51.47144151112,0.103413504169,London Borough of Bexley,https://ourparks.org.uk/borough/london-borough-bexley,Donna
107035,Full Body Workout,2025-11-05 08:30:00+00:00,2025-11-05 09:30:00+00:00,PT60M,Bootcamp,Intermediate,29.0,29,True,By the Physical Energy Statue,https://ourparks.org.uk/borough/full-body-workout-107035,Kensington Gardens,W2 3JH,London,NW corner of Kensington Gardens,GB,51.506987,-0.179165,The Royal Parks,https://ourparks.org.uk/borough/royal-parks,Karolina 
106928,"Abs, Bums & Thighs (ABT)",2025-11-09 09:00:00+00:00,2025-11-09 10:00:00+00:00,PT60M,Abs/Core,Intermediate,29.0,29,True,By the cafe,https://ourparks.org.uk/borough/abs-bums-thighs-abt-106928,Roundwood Park,NW10 3RT,Brent,Roundwood Park,GB,51.5420062,-0.2403952,Brent,https://ourparks.org.uk/borough/brent-0,Karolina 
105932,"Legs, Bums & Tums (LBT)",2025-11-01 09:15:00+00:00,2025-11-01 10:15:00+00:00,PT60M,Abs/Core,Intermediate,29.0,29,True,Green space across Lee Valley Park Bridge,https://ourparks.org.uk/borough/legs-bums-tums-lbt-105932,Walthamstow Marshes,E10 7QL,London,Lea Bridge Road,GB,51.564823676338,-0.045328683324,Waltham Forest,https://ourparks.org.uk/borough/waltham-forest,Sharron
103228,"Abs, Bums & Thighs (ABT)",2025-10-27 18:00:00+00:00,2025-10-27 19:00:00+00:00,PT60M,Abs/Core,Intermediate,29.0,29,True,Outdoor Gym area,https://ourparks.org.uk/borough/abs-bums-thighs-abt-103228,Victory Park (E20),E20 2ST,London,Victory Park,GB,51.546291703992,-0.00978845673,East Village,https://ourparks.org.uk/borough/east-village,Albert
103916,"Women & Girls ABT (Abs, Bums & Thighs)",2025-11-04 08:30:00+00:00,2025-11-04 09:30:00+00:00,PT60M,Abs/Core,Intermediate,29.0,29,True,Outdoor Gym area,https://ourparks.org.uk/borough/women-girls-abt-abs-bums-thighs-103916,Queens Park Gardens,W10 4QH,London,Queen Park Gardens,GB,51.5284574,-0.2089447,City of Westminster,https://ourparks.org.uk/borough/city-westminster,Karolina 
104837,Bootcamp,2025-12-02 09:30:00+00:00,2025-12-02 10:30:00+00:00,PT60M,Bootcamp,Intermediate,29.0,29,True,The Playground,https://ourparks.org.uk/borough/bootcamp-104837,Barra Hall Park,UB3 2NH,London,Barra Hill Park,GB,51.5179777,-0.4235929,Hillingdon,https://ourparks.org.uk/borough/hillingdon,Karolina 
98309,Bootcamp,2025-11-13 08:30:00+00:00,2025-11-13 09:30:00+00:00,PT60M,Bootcamp,Intermediate,29.0,29,True,Play Area,https://ourparks.org.uk/borough/bootcamp-98309,Harefield Village Green,UB9 6EG,Harefield,Harefield Village Green,GB,51.604697285476,-0.480577927343,Hillingdon,https://ourparks.org.uk/borough/hillingdon,Sheila
98307,Bootcamp,2025-10-30 08:30:00+00:00,2025-10-30 09:30:00+00:00,PT60M,Bootcamp,Intermediate,29.0,29,True,Play Area,https://ourparks.org.uk/borough/bootcamp-98307,Harefield Village Green,UB9 6EG,Harefield,Harefield Village Green,GB,51.604697285476,-0.480577927343,Hillingdon,https://ourparks.org.uk/borough/hillingdon,Sheila
105900,Beginners Bootcamp,2025-11-06 08:00:00+00:00,2025-11-06 09:00:00+00:00,PT60M,Bootcamp,Intermediate,29.0,29,True,Green space across Lee Valley Park Bridge,https://ourparks.org.uk/borough/beginners-bootcamp-105900,Walthamstow Marshes,E10 7QL,London,Lea Bridge Road,GB,51.564823676338,-0.045328683324,Waltham Forest,https://ourparks.org.uk/borough/waltham-forest,Albert
98306,Bootcamp,2025-10-23 08:30:00+00:00,2025-10-23 09:30:00+00:00,PT60M,Bootcamp,Intermediate,29.0,29,True,Play Area,https://ourparks.org.uk/borough/bootcamp-98306,Harefield Village Green,UB9 6EG,Harefield,Harefield Village Green,GB,51.604697285476,-0.480577927343,Hillingdon,https://ourparks.org.uk/borough/hillingdon,Sheila
104932,"Women's only - Abs, Bums & Thighs (ABT)",2025-11-16 08:30:00+00:00,2025-11-16 09:30:00+00:00,PT60M,Abs/Core,Intermediate,29.0,29,True,Outdoor Gym area,https://ourparks.org.uk/borough/womens-only-abs-bums-thighs-abt-104932,Bartlett Park,E14 6LA,London,Bartlett Park Outdoor Gym,GB,51.5152023,-0.0201571,Tower Hamlets,https://ourparks.org.uk/borough/tower-hamlets,Sharron
104928,"Women's only - Abs, Bums & Thighs (ABT)",2025-10-19 09:00:00+00:00,2025-10-19 10:00:00+00:00,PT60M,Abs/Core,Intermediate,29.0,29,True,Outdoor Gym area,https://ourparks.org.uk/borough/womens-only-abs-bums-thighs-abt-104928,Bartlett Park,E14 6LA,London,Bartlett Park Outdoor Gym,GB,51.5152023,-0.0201571,Tower Hamlets,https://ourparks.org.uk/borough/tower-hamlets,Bláthnait
106240,Yoga,2025-09-02 08:30:00+00:00,2025-09-02 09:30:00+00:00,PT60M,Yoga,Intermediate,30.0,30,True,Open Playground space,https://ourparks.org.uk/borough/yoga-106240,East Wickham Open Space,DA16 3BJ,Welling,East Wickham Open Space,GB,51.47144151112,0.103413504169,London Borough of Bexley,https://ourparks.org.uk/borough/london-borough-bexley,Stefanie
106251,Beginners HIIT,2025-11-18 08:30:00+00:00,2025-11-18 09:30:00+00:00,PT60M,Bootcamp,Intermediate,30.0,30,True,Open Playground space,https://ourparks.org.uk/borough/beginners-hiit-106251,East Wickham Open Space,DA16 3BJ,Welling,East Wickham Open Space,GB,51.47144151112,0.103413504169,London Borough of Bexley,https://ourparks.org.uk/borough/london-borough-bexley,Donna
106252,Beginners HIIT,2025-11-25 08:30:00+00:00,2025-11-25 09:30:00+00:00,PT60M,Bootcamp,Intermediate,30.0,30,True,Open Playground space,https://ourparks.org.uk/borough/beginners-hiit-106252,East Wickham Open Space,DA16 3BJ,Welling,East Wickham Open Space,GB,51.47144151112,0.103413504169,London Borough of Bexley,https://ourparks.org.uk/borough/london-borough-bexley,Donna
106253,Beginners HIIT,2025-12-02 08:30:00+00:00,2025-12-02 09:30:00+00:00,PT60M,Bootcamp,Intermediate,30.0,30,True,Open Playground space,https://ourparks.org.uk/borough/beginners-hiit-106253,East Wickham Open Space,DA16 3BJ,Welling,East Wickham Open Space,GB,51.47144151112,0.103413504169,London Borough of Bexley,https://ourparks.org.uk/borough/london-borough-bexley,Donna
106254,Beginners HIIT,2025-12-09 08:30:00+00:00,2025-12-09 09:30:00+00:00,PT60M,Bootcamp,Intermediate,30.0,30,True,Open Playground space,https://ourparks.org.uk/borough/beginners-hiit-106254,East Wickham Open Space,DA16 3BJ,Welling,East Wickham Open Space,GB,51.47144151112,0.103413504169,London Borough of Bexley,https://ourparks.org.uk/borough/london-borough-bexley,Donna
106255,Beginners HIIT,2025-12-16 08:30:00+00:00,2025-12-16 09:30:00+00:00,PT60M,Bootcamp,Intermediate,30.0,30,True,Open Playground space,https://ourparks.org.uk/borough/beginners-hiit-106255,East Wickham Open Space,DA16 3BJ,Welling,East Wickham Open Space,GB,51.47144151112,0.103413504169,London Borough of Bexley,https://ourparks.org.uk/borough/london-borough-bexley,Donna
106258,Beginners HIIT,2026-01-06 08:30:00+00:00,2026-01-06 09:30:00+00:00,PT60M,Bootcamp,Intermediate,30.0,30,True,Open Playground space,https://ourparks.org.uk/borough/beginners-hiit-106258,East Wickham Open Space,DA16 3BJ,Welling,East Wickham Open Space,GB,51.47144151112,0.103413504169,London Borough of Bexley,https://ourparks.org.uk/borough/london-borough-bexley,Donna
106259,Beginners HIIT,2026-01-13 08:30:00+00:00,2026-01-13 09:30:00+00:00,PT60M,Bootcamp,Intermediate,30.0,30,True,Open Playground space,https://ourparks.org.uk/borough/beginners-hiit-106259,East Wickham Open Space,DA16 3BJ,Welling,East Wickham Open Space,GB,51.47144151112,0.103413504169,London Borough of Bexley,https://ourparks.org.uk/borough/london-borough-bexley,Donna
106260,Beginners HIIT,2026-01-20 08:30:00+00:00,2026-01-20 09:30:00+00:00,PT60M,Bootcamp,Intermediate,30.0,30,True,Open Playground space,https://ourparks.org.uk/borough/beginners-hiit-106260,East Wickham Open Space,DA16 3BJ,Welling,East Wickham Open Space,GB,51.47144151112,0.103413504169,London Borough of Bexley,https://ourparks.org.uk/borough/london-borough-bexley,Donna
106261,Beginners HIIT,2026-01-27 08:30:00+00:00,2026-01-27 09:30:00+00:00,PT60M,Bootcamp,Intermediate,30.0,30,True,Open Playground space,https://ourparks.org.uk/borough/beginners-hiit-106261,East Wickham Open Space,DA16 3BJ,Welling,East Wickham Open Space,GB,51.47144151112,0.103413504169,London Borough of Bexley,https://ourparks.org.uk/borough/london-borough-bexley,Donna
106262,Beginners HIIT,2026-02-03 08:30:00+00:00,2026-02-03 09:30:00+00:00,PT60M,Bootcamp,Intermediate,30.0,30,True,Open Playground space,https://ourparks.org.uk/borough/beginners-hiit-106262,East Wickham Open Space,DA16 3BJ,Welling,East Wickham Open Space,GB,51.47144151112,0.103413504169,London Borough of Bexley,https://ourparks.org.uk/borough/london-borough-bexley,Donna
106263,Beginners HIIT,2026-02-10 08:30:00+00:00,2026-02-10 09:30:00+00:00,PT60M,Bootcamp,Intermediate,30.0,30,True,Open Playground space,https://ourparks.org.uk/borough/beginners-hiit-106263,East Wickham Open Space,DA16 3BJ,Welling,East Wickham Open Space,GB,51.47144151112,0.103413504169,London Borough of Bexley,https://ourparks.org.uk/borough/london-borough-bexley,Donna
106264,Beginners HIIT,2026-02-17 08:30:00+00:00,2026-02-17 09:30:00+00:00,PT60M,Bootcamp,Intermediate,30.0,30,True,Open Playground space,https://ourparks.org.uk/borough/beginners-hiit-106264,East Wickham Open Space,DA16 3BJ,Welling,East Wickham Open Space,GB,51.47144151112,0.103413504169,London Borough of Bexley,https://ourparks.org.uk/borough/london-borough-bexley,Donna
107547,Beginners Bootcamp,2025-12-01 09:00:00+00:00,2025-12-01 10:00:00+00:00,PT60M,Bootcamp,Intermediate,30.0,30,True,Outdoor Gym area,https://ourparks.org.uk/borough/beginners-bootcamp-107547,Old Farm Park,DA15 8AN,Sidcup,Old Farm Avenue,GB,51.435940810701,0.091383360071,London Borough of Bexley,https://ourparks.org.uk/borough/london-borough-bexley,Ravit
107548,Beginners Bootcamp,2025-12-08 09:00:00+00:00,2025-12-08 10:00:00+00:00,PT60M,Bootcamp,Intermediate,30.0,30,True,Outdoor Gym area,https://ourparks.org.uk/borough/beginners-bootcamp-107548,Old Farm Park,DA15 8AN,Sidcup,Old Farm Avenue,GB,51.435940810701,0.091383360071,London Borough of Bexley,https://ourparks.org.uk/borough/london-borough-bexley,Ravit
107549,Beginners Bootcamp,2025-12-15 09:00:00+00:00,2025-12-15 10:00:00+00:00,PT60M,Bootcamp,Intermediate,30.0,30,True,Outdoor Gym area,https://ourparks.org.uk/borough/beginners-bootcamp-107549,Old Farm Park,DA15 8AN,Sidcup,Old Farm Avenue,GB,51.435940810701,0.091383360071,London Borough of Bexley,https://ourparks.org.uk/borough/london-borough-bexley,Ravit
107554,Beginners Bootcamp,2026-01-19 09:00:00+00:00,2026-01-19 10:00:00+00:00,PT60M,Bootcamp,Intermediate,30.0,30,True,Outdoor Gym area,https://ourparks.org.uk/borough/beginners-bootcamp-107554,Old Farm Park,DA15 8AN,Sidcup,Old Farm Avenue,GB,51.435940810701,0.091383360071,London Borough of Bexley,https://ourparks.org.uk/borough/london-borough-bexley,Ravit
106906,Beginners Bootcamp,2025-12-01 17:00:00+00:00,2025-12-01 18:00:00+00:00,PT60M,Bootcamp,Intermediate,29.0,29,True,Front of club - Sessions take place on the Club House Pitch,https://ourparks.org.uk/borough/beginners-bootcamp-106906,Sutton & Epsom RFC,SM2 7NF,Sutton,"Cuddington Court, Rugby Lane",GB,51.349432,-0.2225745,London Borough of Sutton,https://ourparks.org.uk/borough/london-borough-sutton,Tristan
106907,Beginners Bootcamp,2025-12-08 17:00:00+00:00,2025-12-08 18:00:00+00:00,PT60M,Bootcamp,Intermediate,29.0,29,True,Front of club - Sessions take place on the Club House Pitch,https://ourparks.org.uk/borough/beginners-bootcamp-106907,Sutton & Epsom RFC,SM2 7NF,Sutton,"Cuddington Court, Rugby Lane",GB,51.349432,-0.2225745,London Borough of Sutton,https://ourparks.org.uk/borough/london-borough-sutton,Tristan
106908,Beginners Bootcamp,2025-12-15 17:00:00+00:00,2025-12-15 18:00:00+00:00,PT60M,Bootcamp,Intermediate,29.0,29,True,Front of club - Sessions take place on the Club House Pitch,https://ourparks.org.uk/borough/beginners-bootcamp-106908,Sutton & Epsom RFC,SM2 7NF,Sutton,"Cuddington Court, Rugby Lane",GB,51.349432,-0.2225745,London Borough of Sutton,https://ourparks.org.uk/borough/london-borough-sutton,Tristan
106911,Beginners Bootcamp,2026-01-05 17:00:00+00:00,2026-01-05 18:00:00+00:00,PT60M,Bootcamp,Intermediate,29.0,29,True,Front of club - Sessions take place on the Club House Pitch,https://ourparks.org.uk/borough/beginners-bootcamp-106911,Sutton & Epsom RFC,SM2 7NF,Sutton,"Cuddington Court, Rugby Lane",GB,51.349432,-0.2225745,London Borough of Sutton,https://ourparks.org.uk/borough/london-borough-sutton,Tristan
106912,Beginners Bootcamp,2026-01-12 17:00:00+00:00,2026-01-12 18:00:00+00:00,PT60M,Bootcamp,Intermediate,29.0,29,True,Front of club - Sessions take place on the Club House Pitch,https://ourparks.org.uk/borough/beginners-bootcamp-106912,Sutton & Epsom RFC,SM2 7NF,Sutton,"Cuddington Court, Rugby Lane",GB,51.349432,-0.2225745,London Borough of Sutton,https://ourparks.org.uk/borough/london-borough-sutton,Tristan
106913,Beginners Bootcamp,2026-01-19 17:00:00+00:00,2026-01-19 18:00:00+00:00,PT60M,Bootcamp,Intermediate,29.0,29,True,Front of club - Sessions take place on the Club House Pitch,https://ourparks.org.uk/borough/beginners-bootcamp-106913,Sutton & Epsom RFC,SM2 7NF,Sutton,"Cuddington Court, Rugby Lane",GB,51.349432,-0.2225745,London Borough of Sutton,https://ourparks.org.uk/borough/london-borough-sutton,Tristan
106914,Beginners Bootcamp,2026-01-26 17:00:00+00:00,2026-01-26 18:00:00+00:00,PT60M,Bootcamp,Intermediate,29.0,29,True,Front of club - Sessions take place on the Club House Pitch,https://ourparks.org.uk/borough/beginners-bootcamp-106914,Sutton & Epsom RFC,SM2 7NF,Sutton,"Cuddington Court, Rugby Lane",GB,51.349432,-0.2225745,London Borough of Sutton,https://ourparks.org.uk/borough/london-borough-sutton,Tristan
106915,Beginners Bootcamp,2026-02-02 17:00:00+00:00,2026-02-02 18:00:00+00:00,PT60M,Bootcamp,Intermediate,29.0,29,True,Front of club - Sessions take place on the Club House Pitch,https://ourparks.org.uk/borough/beginners-bootcamp-106915,Sutton & Epsom RFC,SM2 7NF,Sutton,"Cuddington Court, Rugby Lane",GB,51.349432,-0.2225745,London Borough of Sutton,https://ourparks.org.uk/borough/london-borough-sutton,Tristan
106916,Beginners Bootcamp,2026-02-09 17:00:00+00:00,2026-02-09 18:00:00+00:00,PT60M,Bootcamp,Intermediate,29.0,29,True,Front of club - Sessions take place on the Club House Pitch,https://ourparks.org.uk/borough/beginners-bootcamp-106916,Sutton & Epsom RFC,SM2 7NF,Sutton,"Cuddington Court, Rugby Lane",GB,51.349432,-0.2225745,London Borough of Sutton,https://ourparks.org.uk/borough/london-borough-sutton,Tristan
106917,Beginners Bootcamp,2026-02-16 17:00:00+00:00,2026-02-16 18:00:00+00:00,PT60M,Bootcamp,Intermediate,29.0,29,True,Front of club - Sessions take place on the Club House Pitch,https://ourparks.org.uk/borough/beginners-bootcamp-106917,Sutton & Epsom RFC,SM2 7NF,Sutton,"Cuddington Court, Rugby Lane",GB,51.349432,-0.2225745,London Borough of Sutton,https://ourparks.org.uk/borough/london-borough-sutton,Tristan
106918,Beginners Bootcamp,2026-02-23 17:00:00+00:00,2026-02-23 18:00:00+00:00,PT60M,Bootcamp,Intermediate,29.0,29,True,Front of club - Sessions take place on the Club House Pitch,https://ourparks.org.uk/borough/beginners-bootcamp-106918,Sutton & Epsom RFC,SM2 7NF,Sutton,"Cuddington Court, Rugby Lane",GB,51.349432,-0.2225745,London Borough of Sutton,https://ourparks.org.uk/borough/london-borough-sutton,Tristan
104890,Bootcamp,2025-12-06 09:00:00+00:00,2025-12-06 10:00:00+00:00,PT60M,Bootcamp,Intermediate,29.0,29,True,Multi use court,https://ourparks.org.uk/borough/bootcamp-104890,Hillingdon Court Park,UB10 9NT,Uxbridge,Court Park,GB,51.542145414625,-0.453846634192,Hillingdon,https://ourparks.org.uk/borough/hillingdon,Karolina 
106800,Beginners Bootcamp,2025-11-29 09:00:00+00:00,2025-11-29 10:00:00+00:00,PT60M,Bootcamp,Beginner,29.0,29,True,Fair Green - this is the green opposite Mitcham Market,https://ourparks.org.uk/borough/beginners-bootcamp-106800,Fair Green at Mitcham Market,CR4 2PF,Mitcham,2A Upper Green E,GB,51.4058202,-0.1638252,London Borough of Merton,https://ourparks.org.uk/borough/london-borough-merton,Georgie
107570,Run Club,2025-12-21 07:00:00+00:00,2025-12-21 08:00:00+00:00,PT60M,Running,Intermediate,29.0,29,True,Outdoor Gym area,https://ourparks.org.uk/borough/run-club-107570,Victory Park (E20),E20 2ST,London,Victory Park,GB,51.546291703992,-0.00978845673,East Village,https://ourparks.org.uk/borough/east-village,Peter
107574,Run Club,2026-01-18 07:00:00+00:00,2026-01-18 08:00:00+00:00,PT60M,Running,Intermediate,29.0,29,True,Outdoor Gym area,https://ourparks.org.uk/borough/run-club-107574,Victory Park (E20),E20 2ST,London,Victory Park,GB,51.546291703992,-0.00978845673,East Village,https://ourparks.org.uk/borough/east-village,Peter
107575,Run Club,2026-01-25 07:00:00+00:00,2026-01-25 08:00:00+00:00,PT60M,Running,Intermediate,29.0,29,True,Outdoor Gym area,https://ourparks.org.uk/borough/run-club-107575,Victory Park (E20),E20 2ST,London,Victory Park,GB,51.546291703992,-0.00978845673,East Village,https://ourparks.org.uk/borough/east-village,Peter
107576,Run Club,2026-02-01 07:00:00+00:00,2026-02-01 08:00:00+00:00,PT60M,Running,Intermediate,29.0,29,True,Outdoor Gym area,https://ourparks.org.uk/borough/run-club-107576,Victory Park (E20),E20 2ST,London,Victory Park,GB,51.546291703992,-0.00978845673,East Village,https://ourparks.org.uk/borough/east-village,Peter
107577,Run Club,2026-02-08 07:00:00+00:00,2026-02-08 08:00:00+00:00,PT60M,Running,Intermediate,29.0,29,True,Outdoor Gym area,https://ourparks.org.uk/borough/run-club-107577,Victory Park (E20),E20 2ST,London,Victory Park,GB,51.546291703992,-0.00978845673,East Village,https://ourparks.org.uk/borough/east-village,Peter
107578,Run Club,2026-02-15 07:00:00+00:00,2026-02-15 08:00:00+00:00,PT60M,Running,Intermediate,29.0,29,True,Outdoor Gym area,https://ourparks.org.uk/borough/run-club-107578,Victory Park (E20),E20 2ST,London,Victory Park,GB,51.546291703992,-0.00978845673,East Village,https://ourparks.org.uk/borough/east-village,Peter
107579,Run Club,2026-02-22 07:00:00+00:00,2026-02-22 08:00:00+00:00,PT60M,Running,Intermediate,29.0,29,True,Outdoor Gym area,https://ourparks.org.uk/borough/run-club-107579,Victory Park (E20),E20 2ST,London,Victory Park,GB,51.546291703992,-0.00978845673,East Village,https://ourparks.org.uk/borough/east-village,Peter
107580,Run Club,2026-03-01 07:00:00+00:00,2026-03-01 08:00:00+00:00,PT60M,Running,Intermediate,29.0,29,True,Outdoor Gym area,https://ourparks.org.uk/borough/run-club-107580,Victory Park (E20),E20 2ST,London,Victory Park,GB,51.546291703992,-0.00978845673,East Village,https://ourparks.org.uk/borough/east-village,Peter
107581,Run Club,2026-03-08 07:00:00+00:00,2026-03-08 08:00:00+00:00,PT60M,Running,Intermediate,29.0,29,True,Outdoor Gym area,https://ourparks.org.uk/borough/run-club-107581,Victory Park (E20),E20 2ST,London,Victory Park,GB,51.546291703992,-0.00978845673,East Village,https://ourparks.org.uk/borough/east-village,Peter
107582,Run Club,2026-03-15 07:00:00+00:00,2026-03-15 08:00:00+00:00,PT60M,Running,Intermediate,29.0,29,True,Outdoor Gym area,https://ourparks.org.uk/borough/run-club-107582,Victory Park (E20),E20 2ST,London,Victory Park,GB,51.546291703992,-0.00978845673,East Village,https://ourparks.org.uk/borough/east-village,Peter
107583,Run Club,2026-03-22 07:00:00+00:00,2026-03-22 08:00:00+00:00,PT60M,Running,Intermediate,29.0,29,True,Outdoor Gym area,https://ourparks.org.uk/borough/run-club-107583,Victory Park (E20),E20 2ST,London,Victory Park,GB,51.546291703992,-0.00978845673,East Village,https://ourparks.org.uk/borough/east-village,Peter
107584,Run Club,2026-03-29 07:00:00+00:00,2026-03-29 08:00:00+00:00,PT60M,Running,Intermediate,29.0,29,True,Outdoor Gym area,https://ourparks.org.uk/borough/run-club-107584,Victory Park (E20),E20 2ST,London,Victory Park,GB,51.546291703992,-0.00978845673,East Village,https://ourparks.org.uk/borough/east-village,Peter
107585,Run Club,2026-04-05 07:00:00+00:00,2026-04-05 08:00:00+00:00,PT60M,Running,Intermediate,29.0,29,True,Outdoor Gym area,https://ourparks.org.uk/borough/run-club-107585,Victory Park (E20),E20 2ST,London,Victory Park,GB,51.546291703992,-0.00978845673,East Village,https://ourparks.org.uk/borough/east-village,Peter
107586,Run Club,2026-04-12 07:00:00+00:00,2026-04-12 08:00:00+00:00,PT60M,Running,Intermediate,29.0,29,True,Outdoor Gym area,https://ourparks.org.uk/borough/run-club-107586,Victory Park (E20),E20 2ST,London,Victory Park,GB,51.546291703992,-0.00978845673,East Village,https://ourparks.org.uk/borough/east-village,Peter
107587,Run Club,2026-04-19 07:00:00+00:00,2026-04-19 08:00:00+00:00,PT60M,Running,Intermediate,29.0,29,True,Outdoor Gym area,https://ourparks.org.uk/borough/run-club-107587,Victory Park (E20),E20 2ST,London,Victory Park,GB,51.546291703992,-0.00978845673,East Village,https://ourparks.org.uk/borough/east-village,Peter
107588,Run Club,2026-04-26 07:00:00+00:00,2026-04-26 08:00:00+00:00,PT60M,Running,Intermediate,29.0,29,True,Outdoor Gym area,https://ourparks.org.uk/borough/run-club-107588,Victory Park (E20),E20 2ST,London,Victory Park,GB,51.546291703992,-0.00978845673,East Village,https://ourparks.org.uk/borough/east-village,Peter
107589,Run Club,2026-05-03 07:00:00+00:00,2026-05-03 08:00:00+00:00,PT60M,Running,Intermediate,29.0,29,True,Outdoor Gym area,https://ourparks.org.uk/borough/run-club-107589,Victory Park (E20),E20 2ST,London,Victory Park,GB,51.546291703992,-0.00978845673,East Village,https://ourparks.org.uk/borough/east-village,Peter
107590,Run Club,2026-05-10 07:00:00+00:00,2026-05-10 08:00:00+00:00,PT60M,Running,Intermediate,29.0,29,True,Outdoor Gym area,https://ourparks.org.uk/borough/run-club-107590,Victory Park (E20),E20 2ST,London,Victory Park,GB,51.546291703992,-0.00978845673,East Village,https://ourparks.org.uk/borough/east-village,Peter
107591,Run Club,2026-05-17 07:00:00+00:00,2026-05-17 08:00:00+00:00,PT60M,Running,Intermediate,29.0,29,True,Outdoor Gym area,https://ourparks.org.uk/borough/run-club-107591,Victory Park (E20),E20 2ST,London,Victory Park,GB,51.546291703992,-0.00978845673,East Village,https://ourparks.org.uk/borough/east-village,Peter
107592,Run Club,2026-05-24 07:00:00+00:00,2026-05-24 08:00:00+00:00,PT60M,Running,Intermediate,29.0,29,True,Outdoor Gym area,https://ourparks.org.uk/borough/run-club-107592,Victory Park (E20),E20 2ST,London,Victory Park,GB,51.546291703992,-0.00978845673,East Village,https://ourparks.org.uk/borough/east-village,Peter
107593,Run Club,2026-05-31 07:00:00+00:00,2026-05-31 08:00:00+00:00,PT60M,Running,Intermediate,29.0,29,True,Outdoor Gym area,https://ourparks.org.uk/borough/run-club-107593,Victory Park (E20),E20 2ST,London,Victory Park,GB,51.546291703992,-0.00978845673,East Village,https://ourparks.org.uk/borough/east-village,Peter
107594,Run Club,2026-06-07 07:00:00+00:00,2026-06-07 08:00:00+00:00,PT60M,Running,Intermediate,29.0,29,True,Outdoor Gym area,https://ourparks.org.uk/borough/run-club-107594,Victory Park (E20),E20 2ST,London,Victory Park,GB,51.546291703992,-0.00978845673,East Village,https://ourparks.org.uk/borough/east-village,Peter
107595,Run Club,2026-06-14 07:00:00+00:00,2026-06-14 08:00:00+00:00,PT60M,Running,Intermediate,29.0,29,True,Outdoor Gym area,https://ourparks.org.uk/borough/run-club-107595,Victory Park (E20),E20 2ST,London,Victory Park,GB,51.546291703992,-0.00978845673,East Village,https://ourparks.org.uk/borough/east-village,Peter
107596,Run Club,2026-06-21 07:00:00+00:00,2026-06-21 08:00:00+00:00,PT60M,Running,Intermediate,29.0,29,True,Outdoor Gym area,https://ourparks.org.uk/borough/run-club-107596,Victory Park (E20),E20 2ST,London,Victory Park,GB,51.546291703992,-0.00978845673,East Village,https://ourparks.org.uk/borough/east-village,Peter
107597,Run Club,2026-06-28 07:00:00+00:00,2026-06-28 08:00:00+00:00,PT60M,Running,Intermediate,29.0,29,True,Outdoor Gym area,https://ourparks.org.uk/borough/run-club-107597,Victory Park (E20),E20 2ST,London,Victory Park,GB,51.546291703992,-0.00978845673,East Village,https://ourparks.org.uk/borough/east-village,Peter
107598,Run Club,2026-07-05 07:00:00+00:00,2026-07-05 08:00:00+00:00,PT60M,Running,Intermediate,29.0,29,True,Outdoor Gym area,https://ourparks.org.uk/borough/run-club-107598,Victory Park (E20),E20 2ST,London,Victory Park,GB,51.546291703992,-0.00978845673,East Village,https://ourparks.org.uk/borough/east-village,Peter
107599,Run Club,2026-07-12 07:00:00+00:00,2026-07-12 08:00:00+00:00,PT60M,Running,Intermediate,29.0,29,True,Outdoor Gym area,https://ourparks.org.uk/borough/run-club-107599,Victory Park (E20),E20 2ST,London,Victory Park,GB,51.546291703992,-0.00978845673,East Village,https://ourparks.org.uk/borough/east-village,Peter
107600,Run Club,2026-07-19 07:00:00+00:00,2026-07-19 08:00:00+00:00,PT60M,Running,Intermediate,29.0,29,True,Outdoor Gym area,https://ourparks.org.uk/borough/run-club-107600,Victory Park (E20),E20 2ST,London,Victory Park,GB,51.546291703992,-0.00978845673,East Village,https://ourparks.org.uk/borough/east-village,Peter
107601,Run Club,2026-07-26 07:00:00+00:00,2026-07-26 08:00:00+00:00,PT60M,Running,Intermediate,29.0,29,True,Outdoor Gym area,https://ourparks.org.uk/borough/run-club-107601,Victory Park (E20),E20 2ST,London,Victory Park,GB,51.546291703992,-0.00978845673,East Village,https://ourparks.org.uk/borough/east-village,Peter
107602,Run Club,2026-08-02 07:00:00+00:00,2026-08-02 08:00:00+00:00,PT60M,Running,Intermediate,29.0,29,True,Outdoor Gym area,https://ourparks.org.uk/borough/run-club-107602,Victory Park (E20),E20 2ST,London,Victory Park,GB,51.546291703992,-0.00978845673,East Village,https://ourparks.org.uk/borough/east-village,Peter
107603,Run Club,2026-08-09 07:00:00+00:00,2026-08-09 08:00:00+00:00,PT60M,Running,Intermediate,29.0,29,True,Outdoor Gym area,https://ourparks.org.uk/borough/run-club-107603,Victory Park (E20),E20 2ST,London,Victory Park,GB,51.546291703992,-0.00978845673,East Village,https://ourparks.org.uk/borough/east-village,Peter
107604,Run Club,2026-08-16 07:00:00+00:00,2026-08-16 08:00:00+00:00,PT60M,Running,Intermediate,29.0,29,True,Outdoor Gym area,https://ourparks.org.uk/borough/run-club-107604,Victory Park (E20),E20 2ST,London,Victory Park,GB,51.546291703992,-0.00978845673,East Village,https://ourparks.org.uk/borough/east-village,Peter
107605,Run Club,2026-08-23 07:00:00+00:00,2026-08-23 08:00:00+00:00,PT60M,Running,Intermediate,29.0,29,True,Outdoor Gym area,https://ourparks.org.uk/borough/run-club-107605,Victory Park (E20),E20 2ST,London,Victory Park,GB,51.546291703992,-0.00978845673,East Village,https://ourparks.org.uk/borough/east-village,Peter
107606,Run Club,2026-08-30 07:00:00+00:00,2026-08-30 08:00:00+00:00,PT60M,Running,Intermediate,29.0,29,True,Outdoor Gym area,https://ourparks.org.uk/borough/run-club-107606,Victory Park (E20),E20 2ST,London,Victory Park,GB,51.546291703992,-0.00978845673,East Village,https://ourparks.org.uk/borough/east-village,Peter
107607,Run Club,2026-09-06 07:00:00+00:00,2026-09-06 08:00:00+00:00,PT60M,Running,Intermediate,29.0,29,True,Outdoor Gym area,https://ourparks.org.uk/borough/run-club-107607,Victory Park (E20),E20 2ST,London,Victory Park,GB,51.546291703992,-0.00978845673,East Village,https://ourparks.org.uk/borough/east-village,Peter
107608,Run Club,2026-09-13 07:00:00+00:00,2026-09-13 08:00:00+00:00,PT60M,Running,Intermediate,29.0,29,True,Outdoor Gym area,https://ourparks.org.uk/borough/run-club-107608,Victory Park (E20),E20 2ST,London,Victory Park,GB,51.546291703992,-0.00978845673,East Village,https://ourparks.org.uk/borough/east-village,Peter
107609,Run Club,2026-09-20 07:00:00+00:00,2026-09-20 08:00:00+00:00,PT60M,Running,Intermediate,29.0,29,True,Outdoor Gym area,https://ourparks.org.uk/borough/run-club-107609,Victory Park (E20),E20 2ST,London,Victory Park,GB,51.546291703992,-0.00978845673,East Village,https://ourparks.org.uk/borough/east-village,Peter
107610,Run Club,2026-09-27 07:00:00+00:00,2026-09-27 08:00:00+00:00,PT60M,Running,Intermediate,29.0,29,True,Outdoor Gym area,https://ourparks.org.uk/borough/run-club-107610,Victory Park (E20),E20 2ST,London,Victory Park,GB,51.546291703992,-0.00978845673,East Village,https://ourparks.org.uk/borough/east-village,Peter
107611,Run Club,2026-10-04 07:00:00+00:00,2026-10-04 08:00:00+00:00,PT60M,Running,Intermediate,29.0,29,True,Outdoor Gym area,https://ourparks.org.uk/borough/run-club-107611,Victory Park (E20),E20 2ST,London,Victory Park,GB,51.546291703992,-0.00978845673,East Village,https://ourparks.org.uk/borough/east-village,Peter
107612,Run Club,2026-10-11 07:00:00+00:00,2026-10-11 08:00:00+00:00,PT60M,Running,Intermediate,29.0,29,True,Outdoor Gym area,https://ourparks.org.uk/borough/run-club-107612,Victory Park (E20),E20 2ST,London,Victory Park,GB,51.546291703992,-0.00978845673,East Village,https://ourparks.org.uk/borough/east-village,Peter
107613,Run Club,2026-10-18 07:00:00+00:00,2026-10-18 08:00:00+00:00,PT60M,Running,Intermediate,29.0,29,True,Outdoor Gym area,https://ourparks.org.uk/borough/run-club-107613,Victory Park (E20),E20 2ST,London,Victory Park,GB,51.546291703992,-0.00978845673,East Village,https://ourparks.org.uk/borough/east-village,Peter
107614,Run Club,2026-10-25 07:00:00+00:00,2026-10-25 08:00:00+00:00,PT60M,Running,Intermediate,29.0,29,True,Outdoor Gym area,https://ourparks.org.uk/borough/run-club-107614,Victory Park (E20),E20 2ST,London,Victory Park,GB,51.546291703992,-0.00978845673,East Village,https://ourparks.org.uk/borough/east-village,Peter
107615,Run Club,2026-11-01 07:00:00+00:00,2026-11-01 08:00:00+00:00,PT60M,Running,Intermediate,29.0,29,True,Outdoor Gym area,https://ourparks.org.uk/borough/run-club-107615,Victory Park (E20),E20 2ST,London,Victory Park,GB,51.546291703992,-0.00978845673,East Village,https://ourparks.org.uk/borough/east-village,Peter
107616,Run Club,2026-11-08 07:00:00+00:00,2026-11-08 08:00:00+00:00,PT60M,Running,Intermediate,29.0,29,True,Outdoor Gym area,https://ourparks.org.uk/borough/run-club-107616,Victory Park (E20),E20 2ST,London,Victory Park,GB,51.546291703992,-0.00978845673,East Village,https://ourparks.org.uk/borough/east-village,Peter
107617,Run Club,2026-11-15 07:00:00+00:00,2026-11-15 08:00:00+00:00,PT60M,Running,Intermediate,29.0,29,True,Outdoor Gym area,https://ourparks.org.uk/borough/run-club-107617,Victory Park (E20),E20 2ST,London,Victory Park,GB,51.546291703992,-0.00978845673,East Village,https://ourparks.org.uk/borough/east-village,Peter
107618,Run Club,2026-11-22 07:00:00+00:00,2026-11-22 08:00:00+00:00,PT60M,Running,Intermediate,29.0,29,True,Outdoor Gym area,https://ourparks.org.uk/borough/run-club-107618,Victory Park (E20),E20 2ST,London,Victory Park,GB,51.546291703992,-0.00978845673,East Village,https://ourparks.org.uk/borough/east-village,Peter
107619,Run Club,2026-11-29 07:00:00+00:00,2026-11-29 08:00:00+00:00,PT60M,Running,Intermediate,29.0,29,True,Outdoor Gym area,https://ourparks.org.uk/borough/run-club-107619,Victory Park (E20),E20 2ST,London,Victory Park,GB,51.546291703992,-0.00978845673,East Village,https://ourparks.org.uk/borough/east-village,Peter
107620,Run Club,2026-12-06 07:00:00+00:00,2026-12-06 08:00:00+00:00,PT60M,Running,Intermediate,29.0,29,True,Outdoor Gym area,https://ourparks.org.uk/borough/run-club-107620,Victory Park (E20),E20 2ST,London,Victory Park,GB,51.546291703992,-0.00978845673,East Village,https://ourparks.org.uk/borough/east-village,Peter
107621,Run Club,2026-12-13 07:00:00+00:00,2026-12-13 08:00:00+00:00,PT60M,Running,Intermediate,29.0,29,True,Outdoor Gym area,https://ourparks.org.uk/borough/run-club-107621,Victory Park (E20),E20 2ST,London,Victory Park,GB,51.546291703992,-0.00978845673,East Village,https://ourparks.org.uk/borough/east-village,Peter
107622,Run Club,2026-12-20 07:00:00+00:00,2026-12-20 08:00:00+00:00,PT60M,Running,Intermediate,29.0,29,True,Outdoor Gym area,https://ourparks.org.uk/borough/run-club-107622,Victory Park (E20),E20 2ST,London,Victory Park,GB,51.546291703992,-0.00978845673,East Village,https://ourparks.org.uk/borough/east-village,Peter
106288,Stretch & Bend,2025-11-26 08:15:00+00:00,2025-11-26 09:15:00+00:00,PT60M,Yoga,,30.0,30,True,Outdoor Gym area,https://ourparks.org.uk/borough/stretch-bend-106288,Abbey Wood Recreation Ground,DA17 5ND,Belvedere,Abbey Road,GB,51.489689281292,0.133391557591,London Borough of Bexley,https://ourparks.org.uk/borough/london-borough-bexley,NROB 
107475,RISE & SHINE LIVE Glute Blaster,2025-12-04 06:30:00+00:00,2025-12-04 07:30:00+00:00,PT60M,Abs/Core,Intermediate,0.0,0,True,Your streaming device,https://ourparks.org.uk/borough/rise-shine-live-glute-blaster-107475,Our Parks Live,KT2 7EW,London,10 London Mews,GB,51.5161826,-0.1735317,All UK,https://ourparks.org.uk/borough/all-uk,Shahna
107476,RISE & SHINE LIVE Glute Blaster,2025-12-11 06:30:00+00:00,2025-12-11 07:30:00+00:00,PT60M,Abs/Core,Intermediate,0.0,0,True,Your streaming device,https://ourparks.org.uk/borough/rise-shine-live-glute-blaster-107476,Our Parks Live,KT2 7EW,London,10 London Mews,GB,51.5161826,-0.1735317,All UK,https://ourparks.org.uk/borough/all-uk,Shahna
107477,RISE & SHINE LIVE Glute Blaster,2025-12-18 06:30:00+00:00,2025-12-18 07:30:00+00:00,PT60M,Abs/Core,Intermediate,0.0,0,True,Your streaming device,https://ourparks.org.uk/borough/rise-shine-live-glute-blaster-107477,Our Parks Live,KT2 7EW,London,10 London Mews,GB,51.5161826,-0.1735317,All UK,https://ourparks.org.uk/borough/all-uk,Shahna
107480,RISE & SHINE LIVE Glute Blaster,2026-01-08 06:30:00+00:00,2026-01-08 07:30:00+00:00,PT60M,Abs/Core,Intermediate,0.0,0,True,Your streaming device,https://ourparks.org.uk/borough/rise-shine-live-glute-blaster-107480,Our Parks Live,KT2 7EW,London,10 London Mews,GB,51.5161826,-0.1735317,All UK,https://ourparks.org.uk/borough/all-uk,Shahna
107486,Rise & Shine ABS Workout,2025-12-05 06:30:00+00:00,2025-12-05 07:30:00+00:00,PT60M,Abs/Core,Intermediate,0.0,0,True,Your streaming device,https://ourparks.org.uk/borough/rise-shine-abs-workout-107486,Our Parks Live,KT2 7EW,London,10 London Mews,GB,51.5161826,-0.1735317,All UK,https://ourparks.org.uk/borough/all-uk,Shahna
107487,Rise & Shine ABS Workout,2025-12-12 06:30:00+00:00,2025-12-12 07:30:00+00:00,PT60M,Abs/Core,Intermediate,0.0,0,True,Your streaming device,https://ourparks.org.uk/borough/rise-shine-abs-workout-107487,Our Parks Live,KT2 7EW,London,10 London Mews,GB,51.5161826,-0.1735317,All UK,https://ourparks.org.uk/borough/all-uk,Shahna
107491,Rise & Shine ABS Workout,2026-01-09 06:30:00+00:00,2026-01-09 07:30:00+00:00,PT60M,Abs/Core,Intermediate,0.0,0,True,Your streaming device,https://ourparks.org.uk/borough/rise-shine-abs-workout-107491,Our Parks Live,KT2 7EW,London,10 London Mews,GB,51.5161826,-0.1735317,All UK,https://ourparks.org.uk/borough/all-uk,Shahna
105149,Beginners Bootcamp,2025-11-30 09:00:00+00:00,2025-11-30 10:00:00+00:00,PT60M,Bootcamp,Intermediate,29.0,29,True,"At the top of the park, opposite The Stables cafe",https://ourparks.org.uk/borough/beginners-bootcamp-105149,Gladstone Park,NW2,London,Dollis Hill Lane,GB,51.5596147901,-0.236722632917,Brent,https://ourparks.org.uk/borough/brent-0,Laurène
105151,Beginners Bootcamp,2025-12-14 09:00:00+00:00,2025-12-14 10:00:00+00:00,PT60M,Bootcamp,Intermediate,29.0,29,True,"At the top of the park, opposite The Stables cafe",https://ourparks.org.uk/borough/beginners-bootcamp-105151,Gladstone Park,NW2,London,Dollis Hill Lane,GB,51.5596147901,-0.236722632917,Brent,https://ourparks.org.uk/borough/brent-0,Laurène
105152,Beginners Bootcamp,2025-12-21 09:00:00+00:00,2025-12-21 10:00:00+00:00,PT60M,Bootcamp,Intermediate,29.0,29,True,"At the top of the park, opposite The Stables cafe",https://ourparks.org.uk/borough/beginners-bootcamp-105152,Gladstone Park,NW2,London,Dollis Hill Lane,GB,51.5596147901,-0.236722632917,Brent,https://ourparks.org.uk/borough/brent-0,Laurène
105155,Beginners Bootcamp,2026-01-11 09:00:00+00:00,2026-01-11 10:00:00+00:00,PT60M,Bootcamp,Intermediate,29.0,29,True,"At the top of the park, opposite The Stables cafe",https://ourparks.org.uk/borough/beginners-bootcamp-105155,Gladstone Park,NW2,London,Dollis Hill Lane,GB,51.5596147901,-0.236722632917,Brent,https://ourparks.org.uk/borough/brent-0,Laurène
105156,Beginners Bootcamp,2026-01-18 09:00:00+00:00,2026-01-18 10:00:00+00:00,PT60M,Bootcamp,Intermediate,29.0,29,True,"At the top of the park, opposite The Stables cafe",https://ourparks.org.uk/borough/beginners-bootcamp-105156,Gladstone Park,NW2,London,Dollis Hill Lane,GB,51.5596147901,-0.236722632917,Brent,https://ourparks.org.uk/borough/brent-0,Laurène
105157,Beginners Bootcamp,2026-01-25 09:00:00+00:00,2026-01-25 10:00:00+00:00,PT60M,Bootcamp,Intermediate,29.0,29,True,"At the top of the park, opposite The Stables cafe",https://ourparks.org.uk/borough/beginners-bootcamp-105157,Gladstone Park,NW2,London,Dollis Hill Lane,GB,51.5596147901,-0.236722632917,Brent,https://ourparks.org.uk/borough/brent-0,Laurène
105158,Beginners Bootcamp,2026-02-01 09:00:00+00:00,2026-02-01 10:00:00+00:00,PT60M,Bootcamp,Intermediate,29.0,29,True,"At the top of the park, opposite The Stables cafe",https://ourparks.org.uk/borough/beginners-bootcamp-105158,Gladstone Park,NW2,London,Dollis Hill Lane,GB,51.5596147901,-0.236722632917,Brent,https://ourparks.org.uk/borough/brent-0,Laurène
105159,Beginners Bootcamp,2026-02-08 09:00:00+00:00,2026-02-08 10:00:00+00:00,PT60M,Bootcamp,Intermediate,29.0,29,True,"At the top of the park, opposite The Stables cafe",https://ourparks.org.uk/borough/beginners-bootcamp-105159,Gladstone Park,NW2,London,Dollis Hill Lane,GB,51.5596147901,-0.236722632917,Brent,https://ourparks.org.uk/borough/brent-0,Laurène
105162,Beginners Bootcamp,2026-03-01 09:00:00+00:00,2026-03-01 10:00:00+00:00,PT60M,Bootcamp,Intermediate,29.0,29,True,"At the top of the park, opposite The Stables cafe",https://ourparks.org.uk/borough/beginners-bootcamp-105162,Gladstone Park,NW2,London,Dollis Hill Lane,GB,51.5596147901,-0.236722632917,Brent,https://ourparks.org.uk/borough/brent-0,Laurène
105163,Beginners Bootcamp,2026-03-08 09:00:00+00:00,2026-03-08 10:00:00+00:00,PT60M,Bootcamp,Intermediate,29.0,29,True,"At the top of the park, opposite The Stables cafe",https://ourparks.org.uk/borough/beginners-bootcamp-105163,Gladstone Park,NW2,London,Dollis Hill Lane,GB,51.5596147901,-0.236722632917,Brent,https://ourparks.org.uk/borough/brent-0,Laurène
105165,Beginners Bootcamp,2026-03-22 09:00:00+00:00,2026-03-22 10:00:00+00:00,PT60M,Bootcamp,Intermediate,29.0,29,True,"At the top of the park, opposite The Stables cafe",https://ourparks.org.uk/borough/beginners-bootcamp-105165,Gladstone Park,NW2,London,Dollis Hill Lane,GB,51.5596147901,-0.236722632917,Brent,https://ourparks.org.uk/borough/brent-0,Laurène
105166,Beginners Bootcamp,2026-03-29 09:00:00+00:00,2026-03-29 10:00:00+00:00,PT60M,Bootcamp,Intermediate,29.0,29,True,"At the top of the park, opposite The Stables cafe",https://ourparks.org.uk/borough/beginners-bootcamp-105166,Gladstone Park,NW2,London,Dollis Hill Lane,GB,51.5596147901,-0.236722632917,Brent,https://ourparks.org.uk/borough/brent-0,Laurène
105167,Beginners Bootcamp,2026-04-05 09:00:00+00:00,2026-04-05 10:00:00+00:00,PT60M,Bootcamp,Intermediate,29.0,29,True,"At the top of the park, opposite The Stables cafe",https://ourparks.org.uk/borough/beginners-bootcamp-105167,Gladstone Park,NW2,London,Dollis Hill Lane,GB,51.5596147901,-0.236722632917,Brent,https://ourparks.org.uk/borough/brent-0,Laurène
105168,Beginners Bootcamp,2026-04-12 09:00:00+00:00,2026-04-12 10:00:00+00:00,PT60M,Bootcamp,Intermediate,29.0,29,True,"At the top of the park, opposite The Stables cafe",https://ourparks.org.uk/borough/beginners-bootcamp-105168,Gladstone Park,NW2,London,Dollis Hill Lane,GB,51.5596147901,-0.236722632917,Brent,https://ourparks.org.uk/borough/brent-0,Laurène
105169,Beginners Bootcamp,2026-04-19 09:00:00+00:00,2026-04-19 10:00:00+00:00,PT60M,Bootcamp,Intermediate,29.0,29,True,"At the top of the park, opposite The Stables cafe",https://ourparks.org.uk/borough/beginners-bootcamp-105169,Gladstone Park,NW2,London,Dollis Hill Lane,GB,51.5596147901,-0.236722632917,Brent,https://ourparks.org.uk/borough/brent-0,Laurène
105170,Beginners Bootcamp,2026-04-26 09:00:00+00:00,2026-04-26 10:00:00+00:00,PT60M,Bootcamp,Intermediate,29.0,29,True,"At the top of the park, opposite The Stables cafe",https://ourparks.org.uk/borough/beginners-bootcamp-105170,Gladstone Park,NW2,London,Dollis Hill Lane,GB,51.5596147901,-0.236722632917,Brent,https://ourparks.org.uk/borough/brent-0,Laurène
105171,Beginners Bootcamp,2026-05-03 09:00:00+00:00,2026-05-03 10:00:00+00:00,PT60M,Bootcamp,Intermediate,29.0,29,True,"At the top of the park, opposite The Stables cafe",https://ourparks.org.uk/borough/beginners-bootcamp-105171,Gladstone Park,NW2,London,Dollis Hill Lane,GB,51.5596147901,-0.236722632917,Brent,https://ourparks.org.uk/borough/brent-0,Laurène
105172,Beginners Bootcamp,2026-05-10 09:00:00+00:00,2026-05-10 10:00:00+00:00,PT60M,Bootcamp,Intermediate,29.0,29,True,"At the top of the park, opposite The Stables cafe",https://ourparks.org.uk/borough/beginners-bootcamp-105172,Gladstone Park,NW2,London,Dollis Hill Lane,GB,51.5596147901,-0.236722632917,Brent,https://ourparks.org.uk/borough/brent-0,Laurène
105173,Beginners Bootcamp,2026-05-17 09:00:00+00:00,2026-05-17 10:00:00+00:00,PT60M,Bootcamp,Intermediate,29.0,29,True,"At the top of the park, opposite The Stables cafe",https://ourparks.org.uk/borough/beginners-bootcamp-105173,Gladstone Park,NW2,London,Dollis Hill Lane,GB,51.5596147901,-0.236722632917,Brent,https://ourparks.org.uk/borough/brent-0,Laurène
105175,Beginners Bootcamp,2026-05-31 09:00:00+00:00,2026-05-31 10:00:00+00:00,PT60M,Bootcamp,Intermediate,29.0,29,True,"At the top of the park, opposite The Stables cafe",https://ourparks.org.uk/borough/beginners-bootcamp-105175,Gladstone Park,NW2,London,Dollis Hill Lane,GB,51.5596147901,-0.236722632917,Brent,https://ourparks.org.uk/borough/brent-0,Laurène
105176,Beginners Bootcamp,2026-06-07 09:00:00+00:00,2026-06-07 10:00:00+00:00,PT60M,Bootcamp,Intermediate,29.0,29,True,"At the top of the park, opposite The Stables cafe",https://ourparks.org.uk/borough/beginners-bootcamp-105176,Gladstone Park,NW2,London,Dollis Hill Lane,GB,51.5596147901,-0.236722632917,Brent,https://ourparks.org.uk/borough/brent-0,Laurène
105177,Beginners Bootcamp,2026-06-14 09:00:00+00:00,2026-06-14 10:00:00+00:00,PT60M,Bootcamp,Intermediate,29.0,29,True,"At the top of the park, opposite The Stables cafe",https://ourparks.org.uk/borough/beginners-bootcamp-105177,Gladstone Park,NW2,London,Dollis Hill Lane,GB,51.5596147901,-0.236722632917,Brent,https://ourparks.org.uk/borough/brent-0,Laurène
105178,Beginners Bootcamp,2026-06-21 09:00:00+00:00,2026-06-21 10:00:00+00:00,PT60M,Bootcamp,Intermediate,29.0,29,True,"At the top of the park, opposite The Stables cafe",https://ourparks.org.uk/borough/beginners-bootcamp-105178,Gladstone Park,NW2,London,Dollis Hill Lane,GB,51.5596147901,-0.236722632917,Brent,https://ourparks.org.uk/borough/brent-0,Laurène
107723,RISE & SHINE LIVE YOGA,2026-01-14 06:30:00+00:00,2026-01-14 07:30:00+00:00,PT60M,Yoga,Intermediate,0.0,0,True,Your streaming device,https://ourparks.org.uk/borough/rise-shine-live-yoga-107723,Our Parks Live,KT2 7EW,London,10 London Mews,GB,51.5161826,-0.1735317,All UK,https://ourparks.org.uk/borough/all-uk,Katarina
107724,RISE & SHINE LIVE YOGA,2026-01-21 06:30:00+00:00,2026-01-21 07:30:00+00:00,PT60M,Yoga,Intermediate,0.0,0,True,Your streaming device,https://ourparks.org.uk/borough/rise-shine-live-yoga-107724,Our Parks Live,KT2 7EW,London,10 London Mews,GB,51.5161826,-0.1735317,All UK,https://ourparks.org.uk/borough/all-uk,Katarina
107726,RISE & SHINE LIVE YOGA,2026-02-04 06:30:00+00:00,2026-02-04 07:30:00+00:00,PT60M,Yoga,Intermediate,0.0,0,True,Your streaming device,https://ourparks.org.uk/borough/rise-shine-live-yoga-107726,Our Parks Live,KT2 7EW,London,10 London Mews,GB,51.5161826,-0.1735317,All UK,https://ourparks.org.uk/borough/all-uk,Katarina
107727,RISE & SHINE LIVE YOGA,2026-02-11 06:30:00+00:00,2026-02-11 07:30:00+00:00,PT60M,Yoga,Intermediate,0.0,0,True,Your streaming device,https://ourparks.org.uk/borough/rise-shine-live-yoga-107727,Our Parks Live,KT2 7EW,London,10 London Mews,GB,51.5161826,-0.1735317,All UK,https://ourparks.org.uk/borough/all-uk,Katarina
107728,RISE & SHINE LIVE YOGA,2026-02-18 06:30:00+00:00,2026-02-18 07:30:00+00:00,PT60M,Yoga,Intermediate,0.0,0,True,Your streaming device,https://ourparks.org.uk/borough/rise-shine-live-yoga-107728,Our Parks Live,KT2 7EW,London,10 London Mews,GB,51.5161826,-0.1735317,All UK,https://ourparks.org.uk/borough/all-uk,Katarina
107729,RISE & SHINE LIVE YOGA,2026-02-25 06:30:00+00:00,2026-02-25 07:30:00+00:00,PT60M,Yoga,Intermediate,0.0,0,True,Your streaming device,https://ourparks.org.uk/borough/rise-shine-live-yoga-107729,Our Parks Live,KT2 7EW,London,10 London Mews,GB,51.5161826,-0.1735317,All UK,https://ourparks.org.uk/borough/all-uk,Katarina
107733,RISE & SHINE LIVE YOGA,2026-03-25 06:30:00+00:00,2026-03-25 07:30:00+00:00,PT60M,Yoga,Intermediate,0.0,0,True,Your streaming device,https://ourparks.org.uk/borough/rise-shine-live-yoga-107733,Our Parks Live,KT2 7EW,London,10 London Mews,GB,51.5161826,-0.1735317,All UK,https://ourparks.org.uk/borough/all-uk,Katarina
107734,RISE & SHINE LIVE YOGA,2026-04-01 06:30:00+00:00,2026-04-01 07:30:00+00:00,PT60M,Yoga,Intermediate,0.0,0,True,Your streaming device,https://ourparks.org.uk/borough/rise-shine-live-yoga-107734,Our Parks Live,KT2 7EW,London,10 London Mews,GB,51.5161826,-0.1735317,All UK,https://ourparks.org.uk/borough/all-uk,Katarina
107735,RISE & SHINE LIVE YOGA,2026-04-08 06:30:00+00:00,2026-04-08 07:30:00+00:00,PT60M,Yoga,Intermediate,0.0,0,True,Your streaming device,https://ourparks.org.uk/borough/rise-shine-live-yoga-107735,Our Parks Live,KT2 7EW,London,10 London Mews,GB,51.5161826,-0.1735317,All UK,https://ourparks.org.uk/borough/all-uk,Katarina
107736,RISE & SHINE LIVE YOGA,2026-04-15 06:30:00+00:00,2026-04-15 07:30:00+00:00,PT60M,Yoga,Intermediate,0.0,0,True,Your streaming device,https://ourparks.org.uk/borough/rise-shine-live-yoga-107736,Our Parks Live,KT2 7EW,London,10 London Mews,GB,51.5161826,-0.1735317,All UK,https://ourparks.org.uk/borough/all-uk,Katarina
107737,RISE & SHINE LIVE YOGA,2026-04-22 06:30:00+00:00,2026-04-22 07:30:00+00:00,PT60M,Yoga,Intermediate,0.0,0,True,Your streaming device,https://ourparks.org.uk/borough/rise-shine-live-yoga-107737,Our Parks Live,KT2 7EW,London,10 London Mews,GB,51.5161826,-0.1735317,All UK,https://ourparks.org.uk/borough/all-uk,Katarina
107740,RISE & SHINE LIVE YOGA,2026-05-13 06:30:00+00:00,2026-05-13 07:30:00+00:00,PT60M,Yoga,Intermediate,0.0,0,True,Your streaming device,https://ourparks.org.uk/borough/rise-shine-live-yoga-107740,Our Parks Live,KT2 7EW,London,10 London Mews,GB,51.5161826,-0.1735317,All UK,https://ourparks.org.uk/borough/all-uk,Katarina
107741,RISE & SHINE LIVE YOGA,2026-05-20 06:30:00+00:00,2026-05-20 07:30:00+00:00,PT60M,Yoga,Intermediate,0.0,0,True,Your streaming device,https://ourparks.org.uk/borough/rise-shine-live-yoga-107741,Our Parks Live,KT2 7EW,London,10 London Mews,GB,51.5161826,-0.1735317,All UK,https://ourparks.org.uk/borough/all-uk,Katarina
107742,RISE & SHINE LIVE YOGA,2026-05-27 06:30:00+00:00,2026-05-27 07:30:00+00:00,PT60M,Yoga,Intermediate,0.0,0,True,Your streaming device,https://ourparks.org.uk/borough/rise-shine-live-yoga-107742,Our Parks Live,KT2 7EW,London,10 London Mews,GB,51.5161826,-0.1735317,All UK,https://ourparks.org.uk/borough/all-uk,Katarina
107743,RISE & SHINE LIVE YOGA,2026-06-03 06:30:00+00:00,2026-06-03 07:30:00+00:00,PT60M,Yoga,Intermediate,0.0,0,True,Your streaming device,https://ourparks.org.uk/borough/rise-shine-live-yoga-107743,Our Parks Live,KT2 7EW,London,10 London Mews,GB,51.5161826,-0.1735317,All UK,https://ourparks.org.uk/borough/all-uk,Katarina
107744,RISE & SHINE LIVE YOGA,2026-06-10 06:30:00+00:00,2026-06-10 07:30:00+00:00,PT60M,Yoga,Intermediate,0.0,0,True,Your streaming device,https://ourparks.org.uk/borough/rise-shine-live-yoga-107744,Our Parks Live,KT2 7EW,London,10 London Mews,GB,51.5161826,-0.1735317,All UK,https://ourparks.org.uk/borough/all-uk,Katarina
107745,RISE & SHINE LIVE YOGA,2026-06-17 06:30:00+00:00,2026-06-17 07:30:00+00:00,PT60M,Yoga,Intermediate,0.0,0,True,Your streaming device,https://ourparks.org.uk/borough/rise-shine-live-yoga-107745,Our Parks Live,KT2 7EW,London,10 London Mews,GB,51.5161826,-0.1735317,All UK,https://ourparks.org.uk/borough/all-uk,Katarina
107746,RISE & SHINE LIVE YOGA,2026-06-24 06:30:00+00:00,2026-06-24 07:30:00+00:00,PT60M,Yoga,Intermediate,0.0,0,True,Your streaming device,https://ourparks.org.uk/borough/rise-shine-live-yoga-107746,Our Parks Live,KT2 7EW,London,10 London Mews,GB,51.5161826,-0.1735317,All UK,https://ourparks.org.uk/borough/all-uk,Katarina
107747,RISE & SHINE LIVE YOGA,2026-07-01 06:30:00+00:00,2026-07-01 07:30:00+00:00,PT60M,Yoga,Intermediate,0.0,0,True,Your streaming device,https://ourparks.org.uk/borough/rise-shine-live-yoga-107747,Our Parks Live,KT2 7EW,London,10 London Mews,GB,51.5161826,-0.1735317,All UK,https://ourparks.org.uk/borough/all-uk,Katarina
107748,RISE & SHINE LIVE YOGA,2026-07-08 06:30:00+00:00,2026-07-08 07:30:00+00:00,PT60M,Yoga,Intermediate,0.0,0,True,Your streaming device,https://ourparks.org.uk/borough/rise-shine-live-yoga-107748,Our Parks Live,KT2 7EW,London,10 London Mews,GB,51.5161826,-0.1735317,All UK,https://ourparks.org.uk/borough/all-uk,Katarina
107749,RISE & SHINE LIVE YOGA,2026-07-15 06:30:00+00:00,2026-07-15 07:30:00+00:00,PT60M,Yoga,Intermediate,0.0,0,True,Your streaming device,https://ourparks.org.uk/borough/rise-shine-live-yoga-107749,Our Parks Live,KT2 7EW,London,10 London Mews,GB,51.5161826,-0.1735317,All UK,https://ourparks.org.uk/borough/all-uk,Katarina
107750,RISE & SHINE LIVE YOGA,2026-07-22 06:30:00+00:00,2026-07-22 07:30:00+00:00,PT60M,Yoga,Intermediate,0.0,0,True,Your streaming device,https://ourparks.org.uk/borough/rise-shine-live-yoga-107750,Our Parks Live,KT2 7EW,London,10 London Mews,GB,51.5161826,-0.1735317,All UK,https://ourparks.org.uk/borough/all-uk,Katarina
107751,RISE & SHINE LIVE YOGA,2026-07-29 06:30:00+00:00,2026-07-29 07:30:00+00:00,PT60M,Yoga,Intermediate,0.0,0,True,Your streaming device,https://ourparks.org.uk/borough/rise-shine-live-yoga-107751,Our Parks Live,KT2 7EW,London,10 London Mews,GB,51.5161826,-0.1735317,All UK,https://ourparks.org.uk/borough/all-uk,Katarina
107752,RISE & SHINE LIVE YOGA,2026-08-05 06:30:00+00:00,2026-08-05 07:30:00+00:00,PT60M,Yoga,Intermediate,0.0,0,True,Your streaming device,https://ourparks.org.uk/borough/rise-shine-live-yoga-107752,Our Parks Live,KT2 7EW,London,10 London Mews,GB,51.5161826,-0.1735317,All UK,https://ourparks.org.uk/borough/all-uk,Katarina
107753,RISE & SHINE LIVE YOGA,2026-08-12 06:30:00+00:00,2026-08-12 07:30:00+00:00,PT60M,Yoga,Intermediate,0.0,0,True,Your streaming device,https://ourparks.org.uk/borough/rise-shine-live-yoga-107753,Our Parks Live,KT2 7EW,London,10 London Mews,GB,51.5161826,-0.1735317,All UK,https://ourparks.org.uk/borough/all-uk,Katarina
107754,RISE & SHINE LIVE YOGA,2026-08-19 06:30:00+00:00,2026-08-19 07:30:00+00:00,PT60M,Yoga,Intermediate,0.0,0,True,Your streaming device,https://ourparks.org.uk/borough/rise-shine-live-yoga-107754,Our Parks Live,KT2 7EW,London,10 London Mews,GB,51.5161826,-0.1735317,All UK,https://ourparks.org.uk/borough/all-uk,Katarina
107755,RISE & SHINE LIVE YOGA,2026-08-26 06:30:00+00:00,2026-08-26 07:30:00+00:00,PT60M,Yoga,Intermediate,0.0,0,True,Your streaming device,https://ourparks.org.uk/borough/rise-shine-live-yoga-107755,Our Parks Live,KT2 7EW,London,10 London Mews,GB,51.5161826,-0.1735317,All UK,https://ourparks.org.uk/borough/all-uk,Katarina
107756,RISE & SHINE LIVE YOGA,2026-09-02 06:30:00+00:00,2026-09-02 07:30:00+00:00,PT60M,Yoga,Intermediate,0.0,0,True,Your streaming device,https://ourparks.org.uk/borough/rise-shine-live-yoga-107756,Our Parks Live,KT2 7EW,London,10 London Mews,GB,51.5161826,-0.1735317,All UK,https://ourparks.org.uk/borough/all-uk,Katarina
107757,RISE & SHINE LIVE YOGA,2026-09-09 06:30:00+00:00,2026-09-09 07:30:00+00:00,PT60M,Yoga,Intermediate,0.0,0,True,Your streaming device,https://ourparks.org.uk/borough/rise-shine-live-yoga-107757,Our Parks Live,KT2 7EW,London,10 London Mews,GB,51.5161826,-0.1735317,All UK,https://ourparks.org.uk/borough/all-uk,Katarina
107758,RISE & SHINE LIVE YOGA,2026-09-16 06:30:00+00:00,2026-09-16 07:30:00+00:00,PT60M,Yoga,Intermediate,0.0,0,True,Your streaming device,https://ourparks.org.uk/borough/rise-shine-live-yoga-107758,Our Parks Live,KT2 7EW,London,10 London Mews,GB,51.5161826,-0.1735317,All UK,https://ourparks.org.uk/borough/all-uk,Katarina
107759,RISE & SHINE LIVE YOGA,2026-09-23 06:30:00+00:00,2026-09-23 07:30:00+00:00,PT60M,Yoga,Intermediate,0.0,0,True,Your streaming device,https://ourparks.org.uk/borough/rise-shine-live-yoga-107759,Our Parks Live,KT2 7EW,London,10 London Mews,GB,51.5161826,-0.1735317,All UK,https://ourparks.org.uk/borough/all-uk,Katarina
107760,RISE & SHINE LIVE YOGA,2026-09-30 06:30:00+00:00,2026-09-30 07:30:00+00:00,PT60M,Yoga,Intermediate,0.0,0,True,Your streaming device,https://ourparks.org.uk/borough/rise-shine-live-yoga-107760,Our Parks Live,KT2 7EW,London,10 London Mews,GB,51.5161826,-0.1735317,All UK,https://ourparks.org.uk/borough/all-uk,Katarina
107761,RISE & SHINE LIVE YOGA,2026-10-07 06:30:00+00:00,2026-10-07 07:30:00+00:00,PT60M,Yoga,Intermediate,0.0,0,True,Your streaming device,https://ourparks.org.uk/borough/rise-shine-live-yoga-107761,Our Parks Live,KT2 7EW,London,10 London Mews,GB,51.5161826,-0.1735317,All UK,https://ourparks.org.uk/borough/all-uk,Katarina
107762,RISE & SHINE LIVE YOGA,2026-10-14 06:30:00+00:00,2026-10-14 07:30:00+00:00,PT60M,Yoga,Intermediate,0.0,0,True,Your streaming device,https://ourparks.org.uk/borough/rise-shine-live-yoga-107762,Our Parks Live,KT2 7EW,London,10 London Mews,GB,51.5161826,-0.1735317,All UK,https://ourparks.org.uk/borough/all-uk,Katarina
107763,RISE & SHINE LIVE YOGA,2026-10-21 06:30:00+00:00,2026-10-21 07:30:00+00:00,PT60M,Yoga,Intermediate,0.0,0,True,Your streaming device,https://ourparks.org.uk/borough/rise-shine-live-yoga-107763,Our Parks Live,KT2 7EW,London,10 London Mews,GB,51.5161826,-0.1735317,All UK,https://ourparks.org.uk/borough/all-uk,Katarina
107764,RISE & SHINE LIVE YOGA,2026-10-28 06:30:00+00:00,2026-10-28 07:30:00+00:00,PT60M,Yoga,Intermediate,0.0,0,True,Your streaming device,https://ourparks.org.uk/borough/rise-shine-live-yoga-107764,Our Parks Live,KT2 7EW,London,10 London Mews,GB,51.5161826,-0.1735317,All UK,https://ourparks.org.uk/borough/all-uk,Katarina
107765,RISE & SHINE LIVE YOGA,2026-11-04 06:30:00+00:00,2026-11-04 07:30:00+00:00,PT60M,Yoga,Intermediate,0.0,0,True,Your streaming device,https://ourparks.org.uk/borough/rise-shine-live-yoga-107765,Our Parks Live,KT2 7EW,London,10 London Mews,GB,51.5161826,-0.1735317,All UK,https://ourparks.org.uk/borough/all-uk,Katarina
107766,RISE & SHINE LIVE YOGA,2026-11-11 06:30:00+00:00,2026-11-11 07:30:00+00:00,PT60M,Yoga,Intermediate,0.0,0,True,Your streaming device,https://ourparks.org.uk/borough/rise-shine-live-yoga-107766,Our Parks Live,KT2 7EW,London,10 London Mews,GB,51.5161826,-0.1735317,All UK,https://ourparks.org.uk/borough/all-uk,Katarina
107767,RISE & SHINE LIVE YOGA,2026-11-18 06:30:00+00:00,2026-11-18 07:30:00+00:00,PT60M,Yoga,Intermediate,0.0,0,True,Your streaming device,https://ourparks.org.uk/borough/rise-shine-live-yoga-107767,Our Parks Live,KT2 7EW,London,10 London Mews,GB,51.5161826,-0.1735317,All UK,https://ourparks.org.uk/borough/all-uk,Katarina
107768,RISE & SHINE LIVE YOGA,2026-11-25 06:30:00+00:00,2026-11-25 07:30:00+00:00,PT60M,Yoga,Intermediate,0.0,0,True,Your streaming device,https://ourparks.org.uk/borough/rise-shine-live-yoga-107768,Our Parks Live,KT2 7EW,London,10 London Mews,GB,51.5161826,-0.1735317,All UK,https://ourparks.org.uk/borough/all-uk,Katarina
107769,RISE & SHINE LIVE YOGA,2026-12-02 06:30:00+00:00,2026-12-02 07:30:00+00:00,PT60M,Yoga,Intermediate,0.0,0,True,Your streaming device,https://ourparks.org.uk/borough/rise-shine-live-yoga-107769,Our Parks Live,KT2 7EW,London,10 London Mews,GB,51.5161826,-0.1735317,All UK,https://ourparks.org.uk/borough/all-uk,Katarina
107770,RISE & SHINE LIVE YOGA,2026-12-09 06:30:00+00:00,2026-12-09 07:30:00+00:00,PT60M,Yoga,Intermediate,0.0,0,True,Your streaming device,https://ourparks.org.uk/borough/rise-shine-live-yoga-107770,Our Parks Live,KT2 7EW,London,10 London Mews,GB,51.5161826,-0.1735317,All UK,https://ourparks.org.uk/borough/all-uk,Katarina
107771,RISE & SHINE LIVE YOGA,2026-12-16 06:30:00+00:00,2026-12-16 07:30:00+00:00,PT60M,Yoga,Intermediate,0.0,0,True,Your streaming device,https://ourparks.org.uk/borough/rise-shine-live-yoga-107771,Our Parks Live,KT2 7EW,London,10 London Mews,GB,51.5161826,-0.1735317,All UK,https://ourparks.org.uk/borough/all-uk,Katarina
107772,RISE & SHINE LIVE YOGA,2026-12-23 06:30:00+00:00,2026-12-23 07:30:00+00:00,PT60M,Yoga,Intermediate,0.0,0,True,Your streaming device,https://ourparks.org.uk/borough/rise-shine-live-yoga-107772,Our Parks Live,KT2 7EW,London,10 London Mews,GB,51.5161826,-0.1735317,All UK,https://ourparks.org.uk/borough/all-uk,Katarina
107773,RISE & SHINE LIVE Glute Blaster,2026-01-15 06:30:00+00:00,2026-01-15 07:30:00+00:00,PT60M,Abs/Core,Intermediate,0.0,0,True,Your streaming device,https://ourparks.org.uk/borough/rise-shine-live-glute-blaster-107773,Our Parks Live,KT2 7EW,London,10 London Mews,GB,51.5161826,-0.1735317,All UK,https://ourparks.org.uk/borough/all-uk,Shahna
107774,RISE & SHINE LIVE Glute Blaster,2026-01-22 06:30:00+00:00,2026-01-22 07:30:00+00:00,PT60M,Abs/Core,Intermediate,0.0,0,True,Your streaming device,https://ourparks.org.uk/borough/rise-shine-live-glute-blaster-107774,Our Parks Live,KT2 7EW,London,10 London Mews,GB,51.5161826,-0.1735317,All UK,https://ourparks.org.uk/borough/all-uk,Shahna
107775,RISE & SHINE LIVE Glute Blaster,2026-01-29 06:30:00+00:00,2026-01-29 07:30:00+00:00,PT60M,Abs/Core,Intermediate,0.0,0,True,Your streaming device,https://ourparks.org.uk/borough/rise-shine-live-glute-blaster-107775,Our Parks Live,KT2 7EW,London,10 London Mews,GB,51.5161826,-0.1735317,All UK,https://ourparks.org.uk/borough/all-uk,Shahna
107776,RISE & SHINE LIVE Glute Blaster,2026-02-05 06:30:00+00:00,2026-02-05 07:30:00+00:00,PT60M,Abs/Core,Intermediate,0.0,0,True,Your streaming device,https://ourparks.org.uk/borough/rise-shine-live-glute-blaster-107776,Our Parks Live,KT2 7EW,London,10 London Mews,GB,51.5161826,-0.1735317,All UK,https://ourparks.org.uk/borough/all-uk,Shahna
107777,RISE & SHINE LIVE Glute Blaster,2026-02-12 06:30:00+00:00,2026-02-12 07:30:00+00:00,PT60M,Abs/Core,Intermediate,0.0,0,True,Your streaming device,https://ourparks.org.uk/borough/rise-shine-live-glute-blaster-107777,Our Parks Live,KT2 7EW,London,10 London Mews,GB,51.5161826,-0.1735317,All UK,https://ourparks.org.uk/borough/all-uk,Shahna
107778,RISE & SHINE LIVE Glute Blaster,2026-02-19 06:30:00+00:00,2026-02-19 07:30:00+00:00,PT60M,Abs/Core,Intermediate,0.0,0,True,Your streaming device,https://ourparks.org.uk/borough/rise-shine-live-glute-blaster-107778,Our Parks Live,KT2 7EW,London,10 London Mews,GB,51.5161826,-0.1735317,All UK,https://ourparks.org.uk/borough/all-uk,Shahna
107779,RISE & SHINE LIVE Glute Blaster,2026-02-26 06:30:00+00:00,2026-02-26 07:30:00+00:00,PT60M,Abs/Core,Intermediate,0.0,0,True,Your streaming device,https://ourparks.org.uk/borough/rise-shine-live-glute-blaster-107779,Our Parks Live,KT2 7EW,London,10 London Mews,GB,51.5161826,-0.1735317,All UK,https://ourparks.org.uk/borough/all-uk,Shahna
107780,RISE & SHINE LIVE Glute Blaster,2026-03-05 06:30:00+00:00,2026-03-05 07:30:00+00:00,PT60M,Abs/Core,Intermediate,0.0,0,True,Your streaming device,https://ourparks.org.uk/borough/rise-shine-live-glute-blaster-107780,Our Parks Live,KT2 7EW,London,10 London Mews,GB,51.5161826,-0.1735317,All UK,https://ourparks.org.uk/borough/all-uk,Shahna
107781,RISE & SHINE LIVE Glute Blaster,2026-03-12 06:30:00+00:00,2026-03-12 07:30:00+00:00,PT60M,Abs/Core,Intermediate,0.0,0,True,Your streaming device,https://ourparks.org.uk/borough/rise-shine-live-glute-blaster-107781,Our Parks Live,KT2 7EW,London,10 London Mews,GB,51.5161826,-0.1735317,All UK,https://ourparks.org.uk/borough/all-uk,Shahna
107782,RISE & SHINE LIVE Glute Blaster,2026-03-19 06:30:00+00:00,2026-03-19 07:30:00+00:00,PT60M,Abs/Core,Intermediate,0.0,0,True,Your streaming device,https://ourparks.org.uk/borough/rise-shine-live-glute-blaster-107782,Our Parks Live,KT2 7EW,London,10 London Mews,GB,51.5161826,-0.1735317,All UK,https://ourparks.org.uk/borough/all-uk,Shahna
107783,RISE & SHINE LIVE Glute Blaster,2026-03-26 06:30:00+00:00,2026-03-26 07:30:00+00:00,PT60M,Abs/Core,Intermediate,0.0,0,True,Your streaming device,https://ourparks.org.uk/borough/rise-shine-live-glute-blaster-107783,Our Parks Live,KT2 7EW,London,10 London Mews,GB,51.5161826,-0.1735317,All UK,https://ourparks.org.uk/borough/all-uk,Shahna
107823,Rise & Shine ABS Workout,2026-01-16 06:30:00+00:00,2026-01-16 07:30:00+00:00,PT60M,Abs/Core,Intermediate,0.0,0,True,Your streaming device,https://ourparks.org.uk/borough/rise-shine-abs-workout-107823,Our Parks Live,KT2 7EW,London,10 London Mews,GB,51.5161826,-0.1735317,All UK,https://ourparks.org.uk/borough/all-uk,Shahna
107824,Rise & Shine ABS Workout,2026-01-23 06:30:00+00:00,2026-01-23 07:30:00+00:00,PT60M,Abs/Core,Intermediate,0.0,0,True,Your streaming device,https://ourparks.org.uk/borough/rise-shine-abs-workout-107824,Our Parks Live,KT2 7EW,London,10 London Mews,GB,51.5161826,-0.1735317,All UK,https://ourparks.org.uk/borough/all-uk,Shahna
107825,Rise & Shine ABS Workout,2026-01-30 06:30:00+00:00,2026-01-30 07:30:00+00:00,PT60M,Abs/Core,Intermediate,0.0,0,True,Your streaming device,https://ourparks.org.uk/borough/rise-shine-abs-workout-107825,Our Parks Live,KT2 7EW,London,10 London Mews,GB,51.5161826,-0.1735317,All UK,https://ourparks.org.uk/borough/all-uk,Shahna
107826,Rise & Shine ABS Workout,2026-02-06 06:30:00+00:00,2026-02-06 07:30:00+00:00,PT60M,Abs/Core,Intermediate,0.0,0,True,Your streaming device,https://ourparks.org.uk/borough/rise-shine-abs-workout-107826,Our Parks Live,KT2 7EW,London,10 London Mews,GB,51.5161826,-0.1735317,All UK,https://ourparks.org.uk/borough/all-uk,Shahna
107827,Rise & Shine ABS Workout,2026-02-13 06:30:00+00:00,2026-02-13 07:30:00+00:00,PT60M,Abs/Core,Intermediate,0.0,0,True,Your streaming device,https://ourparks.org.uk/borough/rise-shine-abs-workout-107827,Our Parks Live,KT2 7EW,London,10 London Mews,GB,51.5161826,-0.1735317,All UK,https://ourparks.org.uk/borough/all-uk,Shahna
107828,Rise & Shine ABS Workout,2026-02-20 06:30:00+00:00,2026-02-20 07:30:00+00:00,PT60M,Abs/Core,Intermediate,0.0,0,True,Your streaming device,https://ourparks.org.uk/borough/rise-shine-abs-workout-107828,Our Parks Live,KT2 7EW,London,10 London Mews,GB,51.5161826,-0.1735317,All UK,https://ourparks.org.uk/borough/all-uk,Shahna
107829,Rise & Shine ABS Workout,2026-02-27 06:30:00+00:00,2026-02-27 07:30:00+00:00,PT60M,Abs/Core,Intermediate,0.0,0,True,Your streaming device,https://ourparks.org.uk/borough/rise-shine-abs-workout-107829,Our Parks Live,KT2 7EW,London,10 London Mews,GB,51.5161826,-0.1735317,All UK,https://ourparks.org.uk/borough/all-uk,Shahna
107830,Rise & Shine ABS Workout,2026-03-06 06:30:00+00:00,2026-03-06 07:30:00+00:00,PT60M,Abs/Core,Intermediate,0.0,0,True,Your streaming device,https://ourparks.org.uk/borough/rise-shine-abs-workout-107830,Our Parks Live,KT2 7EW,London,10 London Mews,GB,51.5161826,-0.1735317,All UK,https://ourparks.org.uk/borough/all-uk,Shahna
107831,Rise & Shine ABS Workout,2026-03-13 06:30:00+00:00,2026-03-13 07:30:00+00:00,PT60M,Abs/Core,Intermediate,0.0,0,True,Your streaming device,https://ourparks.org.uk/borough/rise-shine-abs-workout-107831,Our Parks Live,KT2 7EW,London,10 London Mews,GB,51.5161826,-0.1735317,All UK,https://ourparks.org.uk/borough/all-uk,Shahna
107832,Rise & Shine ABS Workout,2026-03-20 06:30:00+00:00,2026-03-20 07:30:00+00:00,PT60M,Abs/Core,Intermediate,0.0,0,True,Your streaming device,https://ourparks.org.uk/borough/rise-shine-abs-workout-107832,Our Parks Live,KT2 7EW,London,10 London Mews,GB,51.5161826,-0.1735317,All UK,https://ourparks.org.uk/borough/all-uk,Shahna
107833,Rise & Shine ABS Workout,2026-03-27 06:30:00+00:00,2026-03-27 07:30:00+00:00,PT60M,Abs/Core,Intermediate,0.0,0,True,Your streaming device,https://ourparks.org.uk/borough/rise-shine-abs-workout-107833,Our Parks Live,KT2 7EW,London,10 London Mews,GB,51.5161826,-0.1735317,All UK,https://ourparks.org.uk/borough/all-uk,Shahna
107924,Yoga Online Live,2026-01-11 09:00:00+00:00,2026-01-11 10:00:00+00:00,PT60M,Yoga,Intermediate,0.0,0,True,Your streaming device,https://ourparks.org.uk/borough/yoga-online-live-107924,Our Parks Live,KT2 7EW,London,10 London Mews,GB,51.5161826,-0.1735317,All UK,https://ourparks.org.uk/borough/all-uk,Olga
107925,Yoga Online Live,2026-01-18 09:00:00+00:00,2026-01-18 10:00:00+00:00,PT60M,Yoga,Intermediate,0.0,0,True,Your streaming device,https://ourparks.org.uk/borough/yoga-online-live-107925,Our Parks Live,KT2 7EW,London,10 London Mews,GB,51.5161826,-0.1735317,All UK,https://ourparks.org.uk/borough/all-uk,Olga
107926,Yoga Online Live,2026-01-25 09:00:00+00:00,2026-01-25 10:00:00+00:00,PT60M,Yoga,Intermediate,0.0,0,True,Your streaming device,https://ourparks.org.uk/borough/yoga-online-live-107926,Our Parks Live,KT2 7EW,London,10 London Mews,GB,51.5161826,-0.1735317,All UK,https://ourparks.org.uk/borough/all-uk,Olga
107927,Yoga Online Live,2026-02-01 09:00:00+00:00,2026-02-01 10:00:00+00:00,PT60M,Yoga,Intermediate,0.0,0,True,Your streaming device,https://ourparks.org.uk/borough/yoga-online-live-107927,Our Parks Live,KT2 7EW,London,10 London Mews,GB,51.5161826,-0.1735317,All UK,https://ourparks.org.uk/borough/all-uk,Olga
107928,Yoga Online Live,2026-02-08 09:00:00+00:00,2026-02-08 10:00:00+00:00,PT60M,Yoga,Intermediate,0.0,0,True,Your streaming device,https://ourparks.org.uk/borough/yoga-online-live-107928,Our Parks Live,KT2 7EW,London,10 London Mews,GB,51.5161826,-0.1735317,All UK,https://ourparks.org.uk/borough/all-uk,Olga
107929,Yoga Online Live,2026-02-15 09:00:00+00:00,2026-02-15 10:00:00+00:00,PT60M,Yoga,Intermediate,0.0,0,True,Your streaming device,https://ourparks.org.uk/borough/yoga-online-live-107929,Our Parks Live,KT2 7EW,London,10 London Mews,GB,51.5161826,-0.1735317,All UK,https://ourparks.org.uk/borough/all-uk,Olga
107930,Yoga Online Live,2026-02-22 09:00:00+00:00,2026-02-22 10:00:00+00:00,PT60M,Yoga,Intermediate,0.0,0,True,Your streaming device,https://ourparks.org.uk/borough/yoga-online-live-107930,Our Parks Live,KT2 7EW,London,10 London Mews,GB,51.5161826,-0.1735317,All UK,https://ourparks.org.uk/borough/all-uk,Olga
107931,Yoga Online Live,2026-03-01 09:00:00+00:00,2026-03-01 10:00:00+00:00,PT60M,Yoga,Intermediate,0.0,0,True,Your streaming device,https://ourparks.org.uk/borough/yoga-online-live-107931,Our Parks Live,KT2 7EW,London,10 London Mews,GB,51.5161826,-0.1735317,All UK,https://ourparks.org.uk/borough/all-uk,Olga
107932,Yoga Online Live,2026-03-08 09:00:00+00:00,2026-03-08 10:00:00+00:00,PT60M,Yoga,Intermediate,0.0,0,True,Your streaming device,https://ourparks.org.uk/borough/yoga-online-live-107932,Our Parks Live,KT2 7EW,London,10 London Mews,GB,51.5161826,-0.1735317,All UK,https://ourparks.org.uk/borough/all-uk,Olga
107933,Yoga Online Live,2026-03-15 09:00:00+00:00,2026-03-15 10:00:00+00:00,PT60M,Yoga,Intermediate,0.0,0,True,Your streaming device,https://ourparks.org.uk/borough/yoga-online-live-107933,Our Parks Live,KT2 7EW,London,10 London Mews,GB,51.5161826,-0.1735317,All UK,https://ourparks.org.uk/borough/all-uk,Olga
107934,Yoga Online Live,2026-03-22 09:00:00+00:00,2026-03-22 10:00:00+00:00,PT60M,Yoga,Intermediate,0.0,0,True,Your streaming device,https://ourparks.org.uk/borough/yoga-online-live-107934,Our Parks Live,KT2 7EW,London,10 London Mews,GB,51.5161826,-0.1735317,All UK,https://ourparks.org.uk/borough/all-uk,Olga
107935,Yoga Online Live,2026-03-29 09:00:00+00:00,2026-03-29 10:00:00+00:00,PT60M,Yoga,Intermediate,0.0,0,True,Your streaming device,https://ourparks.org.uk/borough/yoga-online-live-107935,Our Parks Live,KT2 7EW,London,10 London Mews,GB,51.5161826,-0.1735317,All UK,https://ourparks.org.uk/borough/all-uk,Olga
107936,Yoga Online Live,2026-04-05 09:00:00+00:00,2026-04-05 10:00:00+00:00,PT60M,Yoga,Intermediate,0.0,0,True,Your streaming device,https://ourparks.org.uk/borough/yoga-online-live-107936,Our Parks Live,KT2 7EW,London,10 London Mews,GB,51.5161826,-0.1735317,All UK,https://ourparks.org.uk/borough/all-uk,Olga
107937,Yoga Online Live,2026-04-12 09:00:00+00:00,2026-04-12 10:00:00+00:00,PT60M,Yoga,Intermediate,0.0,0,True,Your streaming device,https://ourparks.org.uk/borough/yoga-online-live-107937,Our Parks Live,KT2 7EW,London,10 London Mews,GB,51.5161826,-0.1735317,All UK,https://ourparks.org.uk/borough/all-uk,Olga
107938,Yoga Online Live,2026-04-19 09:00:00+00:00,2026-04-19 10:00:00+00:00,PT60M,Yoga,Intermediate,0.0,0,True,Your streaming device,https://ourparks.org.uk/borough/yoga-online-live-107938,Our Parks Live,KT2 7EW,London,10 London Mews,GB,51.5161826,-0.1735317,All UK,https://ourparks.org.uk/borough/all-uk,Olga
107939,Yoga Online Live,2026-04-26 09:00:00+00:00,2026-04-26 10:00:00+00:00,PT60M,Yoga,Intermediate,0.0,0,True,Your streaming device,https://ourparks.org.uk/borough/yoga-online-live-107939,Our Parks Live,KT2 7EW,London,10 London Mews,GB,51.5161826,-0.1735317,All UK,https://ourparks.org.uk/borough/all-uk,Olga
107940,Yoga Online Live,2026-05-03 09:00:00+00:00,2026-05-03 10:00:00+00:00,PT60M,Yoga,Intermediate,0.0,0,True,Your streaming device,https://ourparks.org.uk/borough/yoga-online-live-107940,Our Parks Live,KT2 7EW,London,10 London Mews,GB,51.5161826,-0.1735317,All UK,https://ourparks.org.uk/borough/all-uk,Olga
107941,Yoga Online Live,2026-05-10 09:00:00+00:00,2026-05-10 10:00:00+00:00,PT60M,Yoga,Intermediate,0.0,0,True,Your streaming device,https://ourparks.org.uk/borough/yoga-online-live-107941,Our Parks Live,KT2 7EW,London,10 London Mews,GB,51.5161826,-0.1735317,All UK,https://ourparks.org.uk/borough/all-uk,Olga
107942,Yoga Online Live,2026-05-17 09:00:00+00:00,2026-05-17 10:00:00+00:00,PT60M,Yoga,Intermediate,0.0,0,True,Your streaming device,https://ourparks.org.uk/borough/yoga-online-live-107942,Our Parks Live,KT2 7EW,London,10 London Mews,GB,51.5161826,-0.1735317,All UK,https://ourparks.org.uk/borough/all-uk,Olga
107943,Yoga Online Live,2026-05-24 09:00:00+00:00,2026-05-24 10:00:00+00:00,PT60M,Yoga,Intermediate,0.0,0,True,Your streaming device,https://ourparks.org.uk/borough/yoga-online-live-107943,Our Parks Live,KT2 7EW,London,10 London Mews,GB,51.5161826,-0.1735317,All UK,https://ourparks.org.uk/borough/all-uk,Olga
107944,Yoga Online Live,2026-05-31 09:00:00+00:00,2026-05-31 10:00:00+00:00,PT60M,Yoga,Intermediate,0.0,0,True,Your streaming device,https://ourparks.org.uk/borough/yoga-online-live-107944,Our Parks Live,KT2 7EW,London,10 London Mews,GB,51.5161826,-0.1735317,All UK,https://ourparks.org.uk/borough/all-uk,Olga
107945,Yoga Online Live,2026-06-07 09:00:00+00:00,2026-06-07 10:00:00+00:00,PT60M,Yoga,Intermediate,0.0,0,True,Your streaming device,https://ourparks.org.uk/borough/yoga-online-live-107945,Our Parks Live,KT2 7EW,London,10 London Mews,GB,51.5161826,-0.1735317,All UK,https://ourparks.org.uk/borough/all-uk,Olga
107946,Yoga Online Live,2026-06-14 09:00:00+00:00,2026-06-14 10:00:00+00:00,PT60M,Yoga,Intermediate,0.0,0,True,Your streaming device,https://ourparks.org.uk/borough/yoga-online-live-107946,Our Parks Live,KT2 7EW,London,10 London Mews,GB,51.5161826,-0.1735317,All UK,https://ourparks.org.uk/borough/all-uk,Olga
107947,Yoga Online Live,2026-06-21 09:00:00+00:00,2026-06-21 10:00:00+00:00,PT60M,Yoga,Intermediate,0.0,0,True,Your streaming device,https://ourparks.org.uk/borough/yoga-online-live-107947,Our Parks Live,KT2 7EW,London,10 London Mews,GB,51.5161826,-0.1735317,All UK,https://ourparks.org.uk/borough/all-uk,Olga
107948,Yoga Online Live,2026-06-28 09:00:00+00:00,2026-06-28 10:00:00+00:00,PT60M,Yoga,Intermediate,0.0,0,True,Your streaming device,https://ourparks.org.uk/borough/yoga-online-live-107948,Our Parks Live,KT2 7EW,London,10 London Mews,GB,51.5161826,-0.1735317,All UK,https://ourparks.org.uk/borough/all-uk,Olga
107949,Yoga Online Live,2026-07-05 09:00:00+00:00,2026-07-05 10:00:00+00:00,PT60M,Yoga,Intermediate,0.0,0,True,Your streaming device,https://ourparks.org.uk/borough/yoga-online-live-107949,Our Parks Live,KT2 7EW,London,10 London Mews,GB,51.5161826,-0.1735317,All UK,https://ourparks.org.uk/borough/all-uk,Olga
107950,Yoga Online Live,2026-07-12 09:00:00+00:00,2026-07-12 10:00:00+00:00,PT60M,Yoga,Intermediate,0.0,0,True,Your streaming device,https://ourparks.org.uk/borough/yoga-online-live-107950,Our Parks Live,KT2 7EW,London,10 London Mews,GB,51.5161826,-0.1735317,All UK,https://ourparks.org.uk/borough/all-uk,Olga
107951,Yoga Online Live,2026-07-19 09:00:00+00:00,2026-07-19 10:00:00+00:00,PT60M,Yoga,Intermediate,0.0,0,True,Your streaming device,https://ourparks.org.uk/borough/yoga-online-live-107951,Our Parks Live,KT2 7EW,London,10 London Mews,GB,51.5161826,-0.1735317,All UK,https://ourparks.org.uk/borough/all-uk,Olga
107952,Yoga Online Live,2026-07-26 09:00:00+00:00,2026-07-26 10:00:00+00:00,PT60M,Yoga,Intermediate,0.0,0,True,Your streaming device,https://ourparks.org.uk/borough/yoga-online-live-107952,Our Parks Live,KT2 7EW,London,10 London Mews,GB,51.5161826,-0.1735317,All UK,https://ourparks.org.uk/borough/all-uk,Olga
107953,Yoga Online Live,2026-08-02 09:00:00+00:00,2026-08-02 10:00:00+00:00,PT60M,Yoga,Intermediate,0.0,0,True,Your streaming device,https://ourparks.org.uk/borough/yoga-online-live-107953,Our Parks Live,KT2 7EW,London,10 London Mews,GB,51.5161826,-0.1735317,All UK,https://ourparks.org.uk/borough/all-uk,Olga
107954,Yoga Online Live,2026-08-09 09:00:00+00:00,2026-08-09 10:00:00+00:00,PT60M,Yoga,Intermediate,0.0,0,True,Your streaming device,https://ourparks.org.uk/borough/yoga-online-live-107954,Our Parks Live,KT2 7EW,London,10 London Mews,GB,51.5161826,-0.1735317,All UK,https://ourparks.org.uk/borough/all-uk,Olga
107955,Yoga Online Live,2026-08-16 09:00:00+00:00,2026-08-16 10:00:00+00:00,PT60M,Yoga,Intermediate,0.0,0,True,Your streaming device,https://ourparks.org.uk/borough/yoga-online-live-107955,Our Parks Live,KT2 7EW,London,10 London Mews,GB,51.5161826,-0.1735317,All UK,https://ourparks.org.uk/borough/all-uk,Olga
107956,Yoga Online Live,2026-08-23 09:00:00+00:00,2026-08-23 10:00:00+00:00,PT60M,Yoga,Intermediate,0.0,0,True,Your streaming device,https://ourparks.org.uk/borough/yoga-online-live-107956,Our Parks Live,KT2 7EW,London,10 London Mews,GB,51.5161826,-0.1735317,All UK,https://ourparks.org.uk/borough/all-uk,Olga
107957,Yoga Online Live,2026-08-30 09:00:00+00:00,2026-08-30 10:00:00+00:00,PT60M,Yoga,Intermediate,0.0,0,True,Your streaming device,https://ourparks.org.uk/borough/yoga-online-live-107957,Our Parks Live,KT2 7EW,London,10 London Mews,GB,51.5161826,-0.1735317,All UK,https://ourparks.org.uk/borough/all-uk,Olga
107958,Yoga Online Live,2026-09-06 09:00:00+00:00,2026-09-06 10:00:00+00:00,PT60M,Yoga,Intermediate,0.0,0,True,Your streaming device,https://ourparks.org.uk/borough/yoga-online-live-107958,Our Parks Live,KT2 7EW,London,10 London Mews,GB,51.5161826,-0.1735317,All UK,https://ourparks.org.uk/borough/all-uk,Olga
107959,Yoga Online Live,2026-09-13 09:00:00+00:00,2026-09-13 10:00:00+00:00,PT60M,Yoga,Intermediate,0.0,0,True,Your streaming device,https://ourparks.org.uk/borough/yoga-online-live-107959,Our Parks Live,KT2 7EW,London,10 London Mews,GB,51.5161826,-0.1735317,All UK,https://ourparks.org.uk/borough/all-uk,Olga
107960,Yoga Online Live,2026-09-20 09:00:00+00:00,2026-09-20 10:00:00+00:00,PT60M,Yoga,Intermediate,0.0,0,True,Your streaming device,https://ourparks.org.uk/borough/yoga-online-live-107960,Our Parks Live,KT2 7EW,London,10 London Mews,GB,51.5161826,-0.1735317,All UK,https://ourparks.org.uk/borough/all-uk,Olga
107961,Yoga Online Live,2026-09-27 09:00:00+00:00,2026-09-27 10:00:00+00:00,PT60M,Yoga,Intermediate,0.0,0,True,Your streaming device,https://ourparks.org.uk/borough/yoga-online-live-107961,Our Parks Live,KT2 7EW,London,10 London Mews,GB,51.5161826,-0.1735317,All UK,https://ourparks.org.uk/borough/all-uk,Olga
107962,Yoga Online Live,2026-10-04 09:00:00+00:00,2026-10-04 10:00:00+00:00,PT60M,Yoga,Intermediate,0.0,0,True,Your streaming device,https://ourparks.org.uk/borough/yoga-online-live-107962,Our Parks Live,KT2 7EW,London,10 London Mews,GB,51.5161826,-0.1735317,All UK,https://ourparks.org.uk/borough/all-uk,Olga
107963,Yoga Online Live,2026-10-11 09:00:00+00:00,2026-10-11 10:00:00+00:00,PT60M,Yoga,Intermediate,0.0,0,True,Your streaming device,https://ourparks.org.uk/borough/yoga-online-live-107963,Our Parks Live,KT2 7EW,London,10 London Mews,GB,51.5161826,-0.1735317,All UK,https://ourparks.org.uk/borough/all-uk,Olga
107964,Yoga Online Live,2026-10-18 09:00:00+00:00,2026-10-18 10:00:00+00:00,PT60M,Yoga,Intermediate,0.0,0,True,Your streaming device,https://ourparks.org.uk/borough/yoga-online-live-107964,Our Parks Live,KT2 7EW,London,10 London Mews,GB,51.5161826,-0.1735317,All UK,https://ourparks.org.uk/borough/all-uk,Olga
107965,Yoga Online Live,2026-10-25 09:00:00+00:00,2026-10-25 10:00:00+00:00,PT60M,Yoga,Intermediate,0.0,0,True,Your streaming device,https://ourparks.org.uk/borough/yoga-online-live-107965,Our Parks Live,KT2 7EW,London,10 London Mews,GB,51.5161826,-0.1735317,All UK,https://ourparks.org.uk/borough/all-uk,Olga
107966,Yoga Online Live,2026-11-01 09:00:00+00:00,2026-11-01 10:00:00+00:00,PT60M,Yoga,Intermediate,0.0,0,True,Your streaming device,https://ourparks.org.uk/borough/yoga-online-live-107966,Our Parks Live,KT2 7EW,London,10 London Mews,GB,51.5161826,-0.1735317,All UK,https://ourparks.org.uk/borough/all-uk,Olga
107967,Yoga Online Live,2026-11-08 09:00:00+00:00,2026-11-08 10:00:00+00:00,PT60M,Yoga,Intermediate,0.0,0,True,Your streaming device,https://ourparks.org.uk/borough/yoga-online-live-107967,Our Parks Live,KT2 7EW,London,10 London Mews,GB,51.5161826,-0.1735317,All UK,https://ourparks.org.uk/borough/all-uk,Olga
107968,Yoga Online Live,2026-11-15 09:00:00+00:00,2026-11-15 10:00:00+00:00,PT60M,Yoga,Intermediate,0.0,0,True,Your streaming device,https://ourparks.org.uk/borough/yoga-online-live-107968,Our Parks Live,KT2 7EW,London,10 London Mews,GB,51.5161826,-0.1735317,All UK,https://ourparks.org.uk/borough/all-uk,Olga
107969,Yoga Online Live,2026-11-22 09:00:00+00:00,2026-11-22 10:00:00+00:00,PT60M,Yoga,Intermediate,0.0,0,True,Your streaming device,https://ourparks.org.uk/borough/yoga-online-live-107969,Our Parks Live,KT2 7EW,London,10 London Mews,GB,51.5161826,-0.1735317,All UK,https://ourparks.org.uk/borough/all-uk,Olga
107970,Yoga Online Live,2026-11-29 09:00:00+00:00,2026-11-29 10:00:00+00:00,PT60M,Yoga,Intermediate,0.0,0,True,Your streaming device,https://ourparks.org.uk/borough/yoga-online-live-107970,Our Parks Live,KT2 7EW,London,10 London Mews,GB,51.5161826,-0.1735317,All UK,https://ourparks.org.uk/borough/all-uk,Olga
107971,Yoga Online Live,2026-12-06 09:00:00+00:00,2026-12-06 10:00:00+00:00,PT60M,Yoga,Intermediate,0.0,0,True,Your streaming device,https://ourparks.org.uk/borough/yoga-online-live-107971,Our Parks Live,KT2 7EW,London,10 London Mews,GB,51.5161826,-0.1735317,All UK,https://ourparks.org.uk/borough/all-uk,Olga
107972,Yoga Online Live,2026-12-13 09:00:00+00:00,2026-12-13 10:00:00+00:00,PT60M,Yoga,Intermediate,0.0,0,True,Your streaming device,https://ourparks.org.uk/borough/yoga-online-live-107972,Our Parks Live,KT2 7EW,London,10 London Mews,GB,51.5161826,-0.1735317,All UK,https://ourparks.org.uk/borough/all-uk,Olga
107973,Yoga Online Live,2026-12-20 09:00:00+00:00,2026-12-20 10:00:00+00:00,PT60M,Yoga,Intermediate,0.0,0,True,Your streaming device,https://ourparks.org.uk/borough/yoga-online-live-107973,Our Parks Live,KT2 7EW,London,10 London Mews,GB,51.5161826,-0.1735317,All UK,https://ourparks.org.uk/borough/all-uk,Olga
107974,Yoga Online Live,2026-12-27 09:00:00+00:00,2026-12-27 10:00:00+00:00,PT60M,Yoga,Intermediate,0.0,0,True,Your streaming device,https://ourparks.org.uk/borough/yoga-online-live-107974,Our Parks Live,KT2 7EW,London,10 London Mews,GB,51.5161826,-0.1735317,All UK,https://ourparks.org.uk/borough/all-uk,Olga
107978,"Abs, Bums & Thighs (ABT)",2026-01-12 17:30:00+00:00,2026-01-12 18:30:00+00:00,PT60M,Abs/Core,Intermediate,29.0,29,True,Outdoor Gym area,https://ourparks.org.uk/borough/abs-bums-thighs-abt-107978,Victory Park (E20),E20 2ST,London,Victory Park,GB,51.546291703992,-0.00978845673,East Village,https://ourparks.org.uk/borough/east-village,Sharron
107979,"Abs, Bums & Thighs (ABT)",2026-01-19 17:30:00+00:00,2026-01-19 18:30:00+00:00,PT60M,Abs/Core,Intermediate,29.0,29,True,Outdoor Gym area,https://ourparks.org.uk/borough/abs-bums-thighs-abt-107979,Victory Park (E20),E20 2ST,London,Victory Park,GB,51.546291703992,-0.00978845673,East Village,https://ourparks.org.uk/borough/east-village,Sharron
107980,"Abs, Bums & Thighs (ABT)",2026-01-26 17:30:00+00:00,2026-01-26 18:30:00+00:00,PT60M,Abs/Core,Intermediate,29.0,29,True,Outdoor Gym area,https://ourparks.org.uk/borough/abs-bums-thighs-abt-107980,Victory Park (E20),E20 2ST,London,Victory Park,GB,51.546291703992,-0.00978845673,East Village,https://ourparks.org.uk/borough/east-village,Sharron
107981,"Abs, Bums & Thighs (ABT)",2026-02-02 17:30:00+00:00,2026-02-02 18:30:00+00:00,PT60M,Abs/Core,Intermediate,29.0,29,True,Outdoor Gym area,https://ourparks.org.uk/borough/abs-bums-thighs-abt-107981,Victory Park (E20),E20 2ST,London,Victory Park,GB,51.546291703992,-0.00978845673,East Village,https://ourparks.org.uk/borough/east-village,Sharron
107982,"Abs, Bums & Thighs (ABT)",2026-02-09 17:30:00+00:00,2026-02-09 18:30:00+00:00,PT60M,Abs/Core,Intermediate,29.0,29,True,Outdoor Gym area,https://ourparks.org.uk/borough/abs-bums-thighs-abt-107982,Victory Park (E20),E20 2ST,London,Victory Park,GB,51.546291703992,-0.00978845673,East Village,https://ourparks.org.uk/borough/east-village,Sharron
107984,"Abs, Bums & Thighs (ABT)",2026-02-23 17:30:00+00:00,2026-02-23 18:30:00+00:00,PT60M,Abs/Core,Intermediate,29.0,29,True,Outdoor Gym area,https://ourparks.org.uk/borough/abs-bums-thighs-abt-107984,Victory Park (E20),E20 2ST,London,Victory Park,GB,51.546291703992,-0.00978845673,East Village,https://ourparks.org.uk/borough/east-village,Sharron
107985,"Abs, Bums & Thighs (ABT)",2026-03-02 17:30:00+00:00,2026-03-02 18:30:00+00:00,PT60M,Abs/Core,Intermediate,29.0,29,True,Outdoor Gym area,https://ourparks.org.uk/borough/abs-bums-thighs-abt-107985,Victory Park (E20),E20 2ST,London,Victory Park,GB,51.546291703992,-0.00978845673,East Village,https://ourparks.org.uk/borough/east-village,Sharron
107986,"Abs, Bums & Thighs (ABT)",2026-03-09 17:30:00+00:00,2026-03-09 18:30:00+00:00,PT60M,Abs/Core,Intermediate,29.0,29,True,Outdoor Gym area,https://ourparks.org.uk/borough/abs-bums-thighs-abt-107986,Victory Park (E20),E20 2ST,London,Victory Park,GB,51.546291703992,-0.00978845673,East Village,https://ourparks.org.uk/borough/east-village,Sharron
107988,"Abs, Bums & Thighs (ABT)",2026-03-23 17:30:00+00:00,2026-03-23 18:30:00+00:00,PT60M,Abs/Core,Intermediate,29.0,29,True,Outdoor Gym area,https://ourparks.org.uk/borough/abs-bums-thighs-abt-107988,Victory Park (E20),E20 2ST,London,Victory Park,GB,51.546291703992,-0.00978845673,East Village,https://ourparks.org.uk/borough/east-village,Sharron
107989,"Abs, Bums & Thighs (ABT)",2026-03-30 17:30:00+00:00,2026-03-30 18:30:00+00:00,PT60M,Abs/Core,Intermediate,29.0,29,True,Outdoor Gym area,https://ourparks.org.uk/borough/abs-bums-thighs-abt-107989,Victory Park (E20),E20 2ST,London,Victory Park,GB,51.546291703992,-0.00978845673,East Village,https://ourparks.org.uk/borough/east-village,Sharron
108016,"Abs, Bums & Thighs (ABT)",2026-10-05 17:30:00+00:00,2026-10-05 18:30:00+00:00,PT60M,Abs/Core,Intermediate,29.0,29,True,Outdoor Gym area,https://ourparks.org.uk/borough/abs-bums-thighs-abt-108016,Victory Park (E20),E20 2ST,London,Victory Park,GB,51.546291703992,-0.00978845673,East Village,https://ourparks.org.uk/borough/east-village,Sharron
108017,"Abs, Bums & Thighs (ABT)",2026-10-12 17:30:00+00:00,2026-10-12 18:30:00+00:00,PT60M,Abs/Core,Intermediate,29.0,29,True,Outdoor Gym area,https://ourparks.org.uk/borough/abs-bums-thighs-abt-108017,Victory Park (E20),E20 2ST,London,Victory Park,GB,51.546291703992,-0.00978845673,East Village,https://ourparks.org.uk/borough/east-village,Sharron
108018,"Abs, Bums & Thighs (ABT)",2026-10-19 17:30:00+00:00,2026-10-19 18:30:00+00:00,PT60M,Abs/Core,Intermediate,29.0,29,True,Outdoor Gym area,https://ourparks.org.uk/borough/abs-bums-thighs-abt-108018,Victory Park (E20),E20 2ST,London,Victory Park,GB,51.546291703992,-0.00978845673,East Village,https://ourparks.org.uk/borough/east-village,Sharron
108019,"Abs, Bums & Thighs (ABT)",2026-10-26 17:30:00+00:00,2026-10-26 18:30:00+00:00,PT60M,Abs/Core,Intermediate,29.0,29,True,Outdoor Gym area,https://ourparks.org.uk/borough/abs-bums-thighs-abt-108019,Victory Park (E20),E20 2ST,London,Victory Park,GB,51.546291703992,-0.00978845673,East Village,https://ourparks.org.uk/borough/east-village,Sharron
108020,"Abs, Bums & Thighs (ABT)",2026-11-02 17:30:00+00:00,2026-11-02 18:30:00+00:00,PT60M,Abs/Core,Intermediate,29.0,29,True,Outdoor Gym area,https://ourparks.org.uk/borough/abs-bums-thighs-abt-108020,Victory Park (E20),E20 2ST,London,Victory Park,GB,51.546291703992,-0.00978845673,East Village,https://ourparks.org.uk/borough/east-village,Sharron
108021,"Abs, Bums & Thighs (ABT)",2026-11-09 17:30:00+00:00,2026-11-09 18:30:00+00:00,PT60M,Abs/Core,Intermediate,29.0,29,True,Outdoor Gym area,https://ourparks.org.uk/borough/abs-bums-thighs-abt-108021,Victory Park (E20),E20 2ST,London,Victory Park,GB,51.546291703992,-0.00978845673,East Village,https://ourparks.org.uk/borough/east-village,Sharron
108022,"Abs, Bums & Thighs (ABT)",2026-11-16 17:30:00+00:00,2026-11-16 18:30:00+00:00,PT60M,Abs/Core,Intermediate,29.0,29,True,Outdoor Gym area,https://ourparks.org.uk/borough/abs-bums-thighs-abt-108022,Victory Park (E20),E20 2ST,London,Victory Park,GB,51.546291703992,-0.00978845673,East Village,https://ourparks.org.uk/borough/east-village,Sharron
108023,"Abs, Bums & Thighs (ABT)",2026-11-23 17:30:00+00:00,2026-11-23 18:30:00+00:00,PT60M,Abs/Core,Intermediate,29.0,29,True,Outdoor Gym area,https://ourparks.org.uk/borough/abs-bums-thighs-abt-108023,Victory Park (E20),E20 2ST,London,Victory Park,GB,51.546291703992,-0.00978845673,East Village,https://ourparks.org.uk/borough/east-village,Sharron
108024,"Abs, Bums & Thighs (ABT)",2026-11-30 17:30:00+00:00,2026-11-30 18:30:00+00:00,PT60M,Abs/Core,Intermediate,29.0,29,True,Outdoor Gym area,https://ourparks.org.uk/borough/abs-bums-thighs-abt-108024,Victory Park (E20),E20 2ST,London,Victory Park,GB,51.546291703992,-0.00978845673,East Village,https://ourparks.org.uk/borough/east-village,Sharron
108025,"Abs, Bums & Thighs (ABT)",2026-12-07 17:30:00+00:00,2026-12-07 18:30:00+00:00,PT60M,Abs/Core,Intermediate,29.0,29,True,Outdoor Gym area,https://ourparks.org.uk/borough/abs-bums-thighs-abt-108025,Victory Park (E20),E20 2ST,London,Victory Park,GB,51.546291703992,-0.00978845673,East Village,https://ourparks.org.uk/borough/east-village,Sharron
108026,"Abs, Bums & Thighs (ABT)",2026-12-14 17:30:00+00:00,2026-12-14 18:30:00+00:00,PT60M,Abs/Core,Intermediate,29.0,29,True,Outdoor Gym area,https://ourparks.org.uk/borough/abs-bums-thighs-abt-108026,Victory Park (E20),E20 2ST,London,Victory Park,GB,51.546291703992,-0.00978845673,East Village,https://ourparks.org.uk/borough/east-village,Sharron
107990,Pilates,2026-04-06 17:30:00+00:00,2026-04-06 18:30:00+00:00,PT60M,Pilates,Intermediate,29.0,29,True,Outdoor Gym area,https://ourparks.org.uk/borough/pilates-107990,Victory Park (E20),E20 2ST,London,Victory Park,GB,51.546291703992,-0.00978845673,East Village,https://ourparks.org.uk/borough/east-village,Sharron
107992,Pilates,2026-04-20 17:30:00+00:00,2026-04-20 18:30:00+00:00,PT60M,Pilates,Intermediate,29.0,29,True,Outdoor Gym area,https://ourparks.org.uk/borough/pilates-107992,Victory Park (E20),E20 2ST,London,Victory Park,GB,51.546291703992,-0.00978845673,East Village,https://ourparks.org.uk/borough/east-village,Sharron
107995,Pilates,2026-05-11 17:30:00+00:00,2026-05-11 18:30:00+00:00,PT60M,Pilates,Intermediate,29.0,29,True,Outdoor Gym area,https://ourparks.org.uk/borough/pilates-107995,Victory Park (E20),E20 2ST,London,Victory Park,GB,51.546291703992,-0.00978845673,East Village,https://ourparks.org.uk/borough/east-village,Sharron
107996,Pilates,2026-05-18 17:30:00+00:00,2026-05-18 18:30:00+00:00,PT60M,Pilates,Intermediate,29.0,29,True,Outdoor Gym area,https://ourparks.org.uk/borough/pilates-107996,Victory Park (E20),E20 2ST,London,Victory Park,GB,51.546291703992,-0.00978845673,East Village,https://ourparks.org.uk/borough/east-village,Sharron
107998,Pilates,2026-06-01 17:30:00+00:00,2026-06-01 18:30:00+00:00,PT60M,Pilates,Intermediate,29.0,29,True,Outdoor Gym area,https://ourparks.org.uk/borough/pilates-107998,Victory Park (E20),E20 2ST,London,Victory Park,GB,51.546291703992,-0.00978845673,East Village,https://ourparks.org.uk/borough/east-village,Sharron
107999,Pilates,2026-06-08 17:30:00+00:00,2026-06-08 18:30:00+00:00,PT60M,Pilates,Intermediate,29.0,29,True,Outdoor Gym area,https://ourparks.org.uk/borough/pilates-107999,Victory Park (E20),E20 2ST,London,Victory Park,GB,51.546291703992,-0.00978845673,East Village,https://ourparks.org.uk/borough/east-village,Sharron
108002,Pilates,2026-06-29 17:30:00+00:00,2026-06-29 18:30:00+00:00,PT60M,Pilates,Intermediate,29.0,29,True,Outdoor Gym area,https://ourparks.org.uk/borough/pilates-108002,Victory Park (E20),E20 2ST,London,Victory Park,GB,51.546291703992,-0.00978845673,East Village,https://ourparks.org.uk/borough/east-village,Sharron
108003,Pilates,2026-07-06 17:30:00+00:00,2026-07-06 18:30:00+00:00,PT60M,Pilates,Intermediate,29.0,29,True,Outdoor Gym area,https://ourparks.org.uk/borough/pilates-108003,Victory Park (E20),E20 2ST,London,Victory Park,GB,51.546291703992,-0.00978845673,East Village,https://ourparks.org.uk/borough/east-village,Sharron
108004,Pilates,2026-07-13 17:30:00+00:00,2026-07-13 18:30:00+00:00,PT60M,Pilates,Intermediate,29.0,29,True,Outdoor Gym area,https://ourparks.org.uk/borough/pilates-108004,Victory Park (E20),E20 2ST,London,Victory Park,GB,51.546291703992,-0.00978845673,East Village,https://ourparks.org.uk/borough/east-village,Sharron
108005,Pilates,2026-07-20 17:30:00+00:00,2026-07-20 18:30:00+00:00,PT60M,Pilates,Intermediate,29.0,29,True,Outdoor Gym area,https://ourparks.org.uk/borough/pilates-108005,Victory Park (E20),E20 2ST,London,Victory Park,GB,51.546291703992,-0.00978845673,East Village,https://ourparks.org.uk/borough/east-village,Sharron
108006,Pilates,2026-07-27 17:30:00+00:00,2026-07-27 18:30:00+00:00,PT60M,Pilates,Intermediate,29.0,29,True,Outdoor Gym area,https://ourparks.org.uk/borough/pilates-108006,Victory Park (E20),E20 2ST,London,Victory Park,GB,51.546291703992,-0.00978845673,East Village,https://ourparks.org.uk/borough/east-village,Sharron
108007,Pilates,2026-08-03 17:30:00+00:00,2026-08-03 18:30:00+00:00,PT60M,Pilates,Intermediate,29.0,29,True,Outdoor Gym area,https://ourparks.org.uk/borough/pilates-108007,Victory Park (E20),E20 2ST,London,Victory Park,GB,51.546291703992,-0.00978845673,East Village,https://ourparks.org.uk/borough/east-village,Sharron
108008,Pilates,2026-08-10 17:30:00+00:00,2026-08-10 18:30:00+00:00,PT60M,Pilates,Intermediate,29.0,29,True,Outdoor Gym area,https://ourparks.org.uk/borough/pilates-108008,Victory Park (E20),E20 2ST,London,Victory Park,GB,51.546291703992,-0.00978845673,East Village,https://ourparks.org.uk/borough/east-village,Sharron
108009,Pilates,2026-08-17 17:30:00+00:00,2026-08-17 18:30:00+00:00,PT60M,Pilates,Intermediate,29.0,29,True,Outdoor Gym area,https://ourparks.org.uk/borough/pilates-108009,Victory Park (E20),E20 2ST,London,Victory Park,GB,51.546291703992,-0.00978845673,East Village,https://ourparks.org.uk/borough/east-village,Sharron
108010,Pilates,2026-08-24 17:30:00+00:00,2026-08-24 18:30:00+00:00,PT60M,Pilates,Intermediate,29.0,29,True,Outdoor Gym area,https://ourparks.org.uk/borough/pilates-108010,Victory Park (E20),E20 2ST,London,Victory Park,GB,51.546291703992,-0.00978845673,East Village,https://ourparks.org.uk/borough/east-village,Sharron
108011,Pilates,2026-08-31 17:30:00+00:00,2026-08-31 18:30:00+00:00,PT60M,Pilates,Intermediate,29.0,29,True,Outdoor Gym area,https://ourparks.org.uk/borough/pilates-108011,Victory Park (E20),E20 2ST,London,Victory Park,GB,51.546291703992,-0.00978845673,East Village,https://ourparks.org.uk/borough/east-village,Sharron
108012,Pilates,2026-09-07 17:30:00+00:00,2026-09-07 18:30:00+00:00,PT60M,Pilates,Intermediate,29.0,29,True,Outdoor Gym area,https://ourparks.org.uk/borough/pilates-108012,Victory Park (E20),E20 2ST,London,Victory Park,GB,51.546291703992,-0.00978845673,East Village,https://ourparks.org.uk/borough/east-village,Sharron
108013,Pilates,2026-09-14 17:30:00+00:00,2026-09-14 18:30:00+00:00,PT60M,Pilates,Intermediate,29.0,29,True,Outdoor Gym area,https://ourparks.org.uk/borough/pilates-108013,Victory Park (E20),E20 2ST,London,Victory Park,GB,51.546291703992,-0.00978845673,East Village,https://ourparks.org.uk/borough/east-village,Sharron
108014,Pilates,2026-09-21 17:30:00+00:00,2026-09-21 18:30:00+00:00,PT60M,Pilates,Intermediate,29.0,29,True,Outdoor Gym area,https://ourparks.org.uk/borough/pilates-108014,Victory Park (E20),E20 2ST,London,Victory Park,GB,51.546291703992,-0.00978845673,East Village,https://ourparks.org.uk/borough/east-village,Sharron
108015,Pilates,2026-09-28 17:30:00+00:00,2026-09-28 18:30:00+00:00,PT60M,Pilates,Intermediate,29.0,29,True,Outdoor Gym area,https://ourparks.org.uk/borough/pilates-108015,Victory Park (E20),E20 2ST,London,Victory Park,GB,51.546291703992,-0.00978845673,East Village,https://ourparks.org.uk/borough/east-village,Sharron
108080,Box Fit,2026-01-08 17:30:00+00:00,2026-01-08 18:30:00+00:00,PT60M,Boxing Fitness,Intermediate,29.0,29,True,Outdoor Gym area,https://ourparks.org.uk/borough/box-fit-108080,Victory Park (E20),E20 2ST,London,Victory Park,GB,51.546291703992,-0.00978845673,East Village,https://ourparks.org.uk/borough/east-village,Dean
108081,Box Fit,2026-01-15 17:30:00+00:00,2026-01-15 18:30:00+00:00,PT60M,Boxing Fitness,Intermediate,29.0,29,True,Outdoor Gym area,https://ourparks.org.uk/borough/box-fit-108081,Victory Park (E20),E20 2ST,London,Victory Park,GB,51.546291703992,-0.00978845673,East Village,https://ourparks.org.uk/borough/east-village,Dean
108082,Box Fit,2026-01-22 17:30:00+00:00,2026-01-22 18:30:00+00:00,PT60M,Boxing Fitness,Intermediate,29.0,29,True,Outdoor Gym area,https://ourparks.org.uk/borough/box-fit-108082,Victory Park (E20),E20 2ST,London,Victory Park,GB,51.546291703992,-0.00978845673,East Village,https://ourparks.org.uk/borough/east-village,Dean
108083,Box Fit,2026-01-29 17:30:00+00:00,2026-01-29 18:30:00+00:00,PT60M,Boxing Fitness,Intermediate,29.0,29,True,Outdoor Gym area,https://ourparks.org.uk/borough/box-fit-108083,Victory Park (E20),E20 2ST,London,Victory Park,GB,51.546291703992,-0.00978845673,East Village,https://ourparks.org.uk/borough/east-village,Dean
108084,Box Fit,2026-02-05 17:30:00+00:00,2026-02-05 18:30:00+00:00,PT60M,Boxing Fitness,Intermediate,29.0,29,True,Outdoor Gym area,https://ourparks.org.uk/borough/box-fit-108084,Victory Park (E20),E20 2ST,London,Victory Park,GB,51.546291703992,-0.00978845673,East Village,https://ourparks.org.uk/borough/east-village,Dean
108085,Box Fit,2026-02-12 17:30:00+00:00,2026-02-12 18:30:00+00:00,PT60M,Boxing Fitness,Intermediate,29.0,29,True,Outdoor Gym area,https://ourparks.org.uk/borough/box-fit-108085,Victory Park (E20),E20 2ST,London,Victory Park,GB,51.546291703992,-0.00978845673,East Village,https://ourparks.org.uk/borough/east-village,Dean
108086,Box Fit,2026-02-19 17:30:00+00:00,2026-02-19 18:30:00+00:00,PT60M,Boxing Fitness,Intermediate,29.0,29,True,Outdoor Gym area,https://ourparks.org.uk/borough/box-fit-108086,Victory Park (E20),E20 2ST,London,Victory Park,GB,51.546291703992,-0.00978845673,East Village,https://ourparks.org.uk/borough/east-village,Dean
108087,Box Fit,2026-02-26 17:30:00+00:00,2026-02-26 18:30:00+00:00,PT60M,Boxing Fitness,Intermediate,29.0,29,True,Outdoor Gym area,https://ourparks.org.uk/borough/box-fit-108087,Victory Park (E20),E20 2ST,London,Victory Park,GB,51.546291703992,-0.00978845673,East Village,https://ourparks.org.uk/borough/east-village,Dean
108088,Box Fit,2026-03-05 17:30:00+00:00,2026-03-05 18:30:00+00:00,PT60M,Boxing Fitness,Intermediate,29.0,29,True,Outdoor Gym area,https://ourparks.org.uk/borough/box-fit-108088,Victory Park (E20),E20 2ST,London,Victory Park,GB,51.546291703992,-0.00978845673,East Village,https://ourparks.org.uk/borough/east-village,Dean
108089,Box Fit,2026-03-12 17:30:00+00:00,2026-03-12 18:30:00+00:00,PT60M,Boxing Fitness,Intermediate,29.0,29,True,Outdoor Gym area,https://ourparks.org.uk/borough/box-fit-108089,Victory Park (E20),E20 2ST,London,Victory Park,GB,51.546291703992,-0.00978845673,East Village,https://ourparks.org.uk/borough/east-village,Dean
108090,Box Fit,2026-03-19 17:30:00+00:00,2026-03-19 18:30:00+00:00,PT60M,Boxing Fitness,Intermediate,29.0,29,True,Outdoor Gym area,https://ourparks.org.uk/borough/box-fit-108090,Victory Park (E20),E20 2ST,London,Victory Park,GB,51.546291703992,-0.00978845673,East Village,https://ourparks.org.uk/borough/east-village,Dean
108091,Box Fit,2026-03-26 17:30:00+00:00,2026-03-26 18:30:00+00:00,PT60M,Boxing Fitness,Intermediate,29.0,29,True,Outdoor Gym area,https://ourparks.org.uk/borough/box-fit-108091,Victory Park (E20),E20 2ST,London,Victory Park,GB,51.546291703992,-0.00978845673,East Village,https://ourparks.org.uk/borough/east-village,Dean
108092,Box Fit,2026-04-02 17:30:00+00:00,2026-04-02 18:30:00+00:00,PT60M,Boxing Fitness,Intermediate,29.0,29,True,Outdoor Gym area,https://ourparks.org.uk/borough/box-fit-108092,Victory Park (E20),E20 2ST,London,Victory Park,GB,51.546291703992,-0.00978845673,East Village,https://ourparks.org.uk/borough/east-village,Dean
108093,Box Fit,2026-04-09 17:30:00+00:00,2026-04-09 18:30:00+00:00,PT60M,Boxing Fitness,Intermediate,29.0,29,True,Outdoor Gym area,https://ourparks.org.uk/borough/box-fit-108093,Victory Park (E20),E20 2ST,London,Victory Park,GB,51.546291703992,-0.00978845673,East Village,https://ourparks.org.uk/borough/east-village,Dean
108094,Box Fit,2026-04-16 17:30:00+00:00,2026-04-16 18:30:00+00:00,PT60M,Boxing Fitness,Intermediate,29.0,29,True,Outdoor Gym area,https://ourparks.org.uk/borough/box-fit-108094,Victory Park (E20),E20 2ST,London,Victory Park,GB,51.546291703992,-0.00978845673,East Village,https://ourparks.org.uk/borough/east-village,Dean
108095,Box Fit,2026-04-23 17:30:00+00:00,2026-04-23 18:30:00+00:00,PT60M,Boxing Fitness,Intermediate,29.0,29,True,Outdoor Gym area,https://ourparks.org.uk/borough/box-fit-108095,Victory Park (E20),E20 2ST,London,Victory Park,GB,51.546291703992,-0.00978845673,East Village,https://ourparks.org.uk/borough/east-village,Dean
108097,Box Fit,2026-05-07 17:30:00+00:00,2026-05-07 18:30:00+00:00,PT60M,Boxing Fitness,Intermediate,29.0,29,True,Outdoor Gym area,https://ourparks.org.uk/borough/box-fit-108097,Victory Park (E20),E20 2ST,London,Victory Park,GB,51.546291703992,-0.00978845673,East Village,https://ourparks.org.uk/borough/east-village,Dean
108098,Box Fit,2026-05-14 17:30:00+00:00,2026-05-14 18:30:00+00:00,PT60M,Boxing Fitness,Intermediate,29.0,29,True,Outdoor Gym area,https://ourparks.org.uk/borough/box-fit-108098,Victory Park (E20),E20 2ST,London,Victory Park,GB,51.546291703992,-0.00978845673,East Village,https://ourparks.org.uk/borough/east-village,Dean
108099,Box Fit,2026-05-21 17:30:00+00:00,2026-05-21 18:30:00+00:00,PT60M,Boxing Fitness,Intermediate,29.0,29,True,Outdoor Gym area,https://ourparks.org.uk/borough/box-fit-108099,Victory Park (E20),E20 2ST,London,Victory Park,GB,51.546291703992,-0.00978845673,East Village,https://ourparks.org.uk/borough/east-village,Dean
108100,Box Fit,2026-05-28 17:30:00+00:00,2026-05-28 18:30:00+00:00,PT60M,Boxing Fitness,Intermediate,29.0,29,True,Outdoor Gym area,https://ourparks.org.uk/borough/box-fit-108100,Victory Park (E20),E20 2ST,London,Victory Park,GB,51.546291703992,-0.00978845673,East Village,https://ourparks.org.uk/borough/east-village,Dean
108101,Box Fit,2026-06-04 17:30:00+00:00,2026-06-04 18:30:00+00:00,PT60M,Boxing Fitness,Intermediate,29.0,29,True,Outdoor Gym area,https://ourparks.org.uk/borough/box-fit-108101,Victory Park (E20),E20 2ST,London,Victory Park,GB,51.546291703992,-0.00978845673,East Village,https://ourparks.org.uk/borough/east-village,Dean
108102,Box Fit,2026-06-11 17:30:00+00:00,2026-06-11 18:30:00+00:00,PT60M,Boxing Fitness,Intermediate,29.0,29,True,Outdoor Gym area,https://ourparks.org.uk/borough/box-fit-108102,Victory Park (E20),E20 2ST,London,Victory Park,GB,51.546291703992,-0.00978845673,East Village,https://ourparks.org.uk/borough/east-village,Dean
108103,Box Fit,2026-06-18 17:30:00+00:00,2026-06-18 18:30:00+00:00,PT60M,Boxing Fitness,Intermediate,29.0,29,True,Outdoor Gym area,https://ourparks.org.uk/borough/box-fit-108103,Victory Park (E20),E20 2ST,London,Victory Park,GB,51.546291703992,-0.00978845673,East Village,https://ourparks.org.uk/borough/east-village,Dean
108104,Box Fit,2026-06-25 17:30:00+00:00,2026-06-25 18:30:00+00:00,PT60M,Boxing Fitness,Intermediate,29.0,29,True,Outdoor Gym area,https://ourparks.org.uk/borough/box-fit-108104,Victory Park (E20),E20 2ST,London,Victory Park,GB,51.546291703992,-0.00978845673,East Village,https://ourparks.org.uk/borough/east-village,Dean
108105,Box Fit,2026-07-02 17:30:00+00:00,2026-07-02 18:30:00+00:00,PT60M,Boxing Fitness,Intermediate,29.0,29,True,Outdoor Gym area,https://ourparks.org.uk/borough/box-fit-108105,Victory Park (E20),E20 2ST,London,Victory Park,GB,51.546291703992,-0.00978845673,East Village,https://ourparks.org.uk/borough/east-village,Dean
108106,Box Fit,2026-07-09 17:30:00+00:00,2026-07-09 18:30:00+00:00,PT60M,Boxing Fitness,Intermediate,29.0,29,True,Outdoor Gym area,https://ourparks.org.uk/borough/box-fit-108106,Victory Park (E20),E20 2ST,London,Victory Park,GB,51.546291703992,-0.00978845673,East Village,https://ourparks.org.uk/borough/east-village,Dean
108107,Box Fit,2026-07-16 17:30:00+00:00,2026-07-16 18:30:00+00:00,PT60M,Boxing Fitness,Intermediate,29.0,29,True,Outdoor Gym area,https://ourparks.org.uk/borough/box-fit-108107,Victory Park (E20),E20 2ST,London,Victory Park,GB,51.546291703992,-0.00978845673,East Village,https://ourparks.org.uk/borough/east-village,Dean
108108,Box Fit,2026-07-23 17:30:00+00:00,2026-07-23 18:30:00+00:00,PT60M,Boxing Fitness,Intermediate,29.0,29,True,Outdoor Gym area,https://ourparks.org.uk/borough/box-fit-108108,Victory Park (E20),E20 2ST,London,Victory Park,GB,51.546291703992,-0.00978845673,East Village,https://ourparks.org.uk/borough/east-village,Dean
108109,Box Fit,2026-07-30 17:30:00+00:00,2026-07-30 18:30:00+00:00,PT60M,Boxing Fitness,Intermediate,29.0,29,True,Outdoor Gym area,https://ourparks.org.uk/borough/box-fit-108109,Victory Park (E20),E20 2ST,London,Victory Park,GB,51.546291703992,-0.00978845673,East Village,https://ourparks.org.uk/borough/east-village,Dean
108110,Box Fit,2026-08-06 17:30:00+00:00,2026-08-06 18:30:00+00:00,PT60M,Boxing Fitness,Intermediate,29.0,29,True,Outdoor Gym area,https://ourparks.org.uk/borough/box-fit-108110,Victory Park (E20),E20 2ST,London,Victory Park,GB,51.546291703992,-0.00978845673,East Village,https://ourparks.org.uk/borough/east-village,Dean
108111,Box Fit,2026-08-13 17:30:00+00:00,2026-08-13 18:30:00+00:00,PT60M,Boxing Fitness,Intermediate,29.0,29,True,Outdoor Gym area,https://ourparks.org.uk/borough/box-fit-108111,Victory Park (E20),E20 2ST,London,Victory Park,GB,51.546291703992,-0.00978845673,East Village,https://ourparks.org.uk/borough/east-village,Dean
108112,Box Fit,2026-08-20 17:30:00+00:00,2026-08-20 18:30:00+00:00,PT60M,Boxing Fitness,Intermediate,29.0,29,True,Outdoor Gym area,https://ourparks.org.uk/borough/box-fit-108112,Victory Park (E20),E20 2ST,London,Victory Park,GB,51.546291703992,-0.00978845673,East Village,https://ourparks.org.uk/borough/east-village,Dean
108113,Box Fit,2026-08-27 17:30:00+00:00,2026-08-27 18:30:00+00:00,PT60M,Boxing Fitness,Intermediate,29.0,29,True,Outdoor Gym area,https://ourparks.org.uk/borough/box-fit-108113,Victory Park (E20),E20 2ST,London,Victory Park,GB,51.546291703992,-0.00978845673,East Village,https://ourparks.org.uk/borough/east-village,Dean
108114,Box Fit,2026-09-03 17:30:00+00:00,2026-09-03 18:30:00+00:00,PT60M,Boxing Fitness,Intermediate,29.0,29,True,Outdoor Gym area,https://ourparks.org.uk/borough/box-fit-108114,Victory Park (E20),E20 2ST,London,Victory Park,GB,51.546291703992,-0.00978845673,East Village,https://ourparks.org.uk/borough/east-village,Dean
108115,Box Fit,2026-09-10 17:30:00+00:00,2026-09-10 18:30:00+00:00,PT60M,Boxing Fitness,Intermediate,29.0,29,True,Outdoor Gym area,https://ourparks.org.uk/borough/box-fit-108115,Victory Park (E20),E20 2ST,London,Victory Park,GB,51.546291703992,-0.00978845673,East Village,https://ourparks.org.uk/borough/east-village,Dean
108116,Box Fit,2026-09-17 17:30:00+00:00,2026-09-17 18:30:00+00:00,PT60M,Boxing Fitness,Intermediate,29.0,29,True,Outdoor Gym area,https://ourparks.org.uk/borough/box-fit-108116,Victory Park (E20),E20 2ST,London,Victory Park,GB,51.546291703992,-0.00978845673,East Village,https://ourparks.org.uk/borough/east-village,Dean
108117,Box Fit,2026-09-24 17:30:00+00:00,2026-09-24 18:30:00+00:00,PT60M,Boxing Fitness,Intermediate,29.0,29,True,Outdoor Gym area,https://ourparks.org.uk/borough/box-fit-108117,Victory Park (E20),E20 2ST,London,Victory Park,GB,51.546291703992,-0.00978845673,East Village,https://ourparks.org.uk/borough/east-village,Dean
108118,Box Fit,2026-10-01 17:30:00+00:00,2026-10-01 18:30:00+00:00,PT60M,Boxing Fitness,Intermediate,29.0,29,True,Outdoor Gym area,https://ourparks.org.uk/borough/box-fit-108118,Victory Park (E20),E20 2ST,London,Victory Park,GB,51.546291703992,-0.00978845673,East Village,https://ourparks.org.uk/borough/east-village,Dean
108119,Box Fit,2026-10-08 17:30:00+00:00,2026-10-08 18:30:00+00:00,PT60M,Boxing Fitness,Intermediate,29.0,29,True,Outdoor Gym area,https://ourparks.org.uk/borough/box-fit-108119,Victory Park (E20),E20 2ST,London,Victory Park,GB,51.546291703992,-0.00978845673,East Village,https://ourparks.org.uk/borough/east-village,Dean
108120,Box Fit,2026-10-15 17:30:00+00:00,2026-10-15 18:30:00+00:00,PT60M,Boxing Fitness,Intermediate,29.0,29,True,Outdoor Gym area,https://ourparks.org.uk/borough/box-fit-108120,Victory Park (E20),E20 2ST,London,Victory Park,GB,51.546291703992,-0.00978845673,East Village,https://ourparks.org.uk/borough/east-village,Dean
108121,Box Fit,2026-10-22 17:30:00+00:00,2026-10-22 18:30:00+00:00,PT60M,Boxing Fitness,Intermediate,29.0,29,True,Outdoor Gym area,https://ourparks.org.uk/borough/box-fit-108121,Victory Park (E20),E20 2ST,London,Victory Park,GB,51.546291703992,-0.00978845673,East Village,https://ourparks.org.uk/borough/east-village,Dean
108122,Box Fit,2026-10-29 17:30:00+00:00,2026-10-29 18:30:00+00:00,PT60M,Boxing Fitness,Intermediate,29.0,29,True,Outdoor Gym area,https://ourparks.org.uk/borough/box-fit-108122,Victory Park (E20),E20 2ST,London,Victory Park,GB,51.546291703992,-0.00978845673,East Village,https://ourparks.org.uk/borough/east-village,Dean
108123,Box Fit,2026-11-05 17:30:00+00:00,2026-11-05 18:30:00+00:00,PT60M,Boxing Fitness,Intermediate,29.0,29,True,Outdoor Gym area,https://ourparks.org.uk/borough/box-fit-108123,Victory Park (E20),E20 2ST,London,Victory Park,GB,51.546291703992,-0.00978845673,East Village,https://ourparks.org.uk/borough/east-village,Dean
108124,Box Fit,2026-11-12 17:30:00+00:00,2026-11-12 18:30:00+00:00,PT60M,Boxing Fitness,Intermediate,29.0,29,True,Outdoor Gym area,https://ourparks.org.uk/borough/box-fit-108124,Victory Park (E20),E20 2ST,London,Victory Park,GB,51.546291703992,-0.00978845673,East Village,https://ourparks.org.uk/borough/east-village,Dean
108125,Box Fit,2026-11-19 17:30:00+00:00,2026-11-19 18:30:00+00:00,PT60M,Boxing Fitness,Intermediate,29.0,29,True,Outdoor Gym area,https://ourparks.org.uk/borough/box-fit-108125,Victory Park (E20),E20 2ST,London,Victory Park,GB,51.546291703992,-0.00978845673,East Village,https://ourparks.org.uk/borough/east-village,Dean
108126,Box Fit,2026-11-26 17:30:00+00:00,2026-11-26 18:30:00+00:00,PT60M,Boxing Fitness,Intermediate,29.0,29,True,Outdoor Gym area,https://ourparks.org.uk/borough/box-fit-108126,Victory Park (E20),E20 2ST,London,Victory Park,GB,51.546291703992,-0.00978845673,East Village,https://ourparks.org.uk/borough/east-village,Dean
108127,Box Fit,2026-12-03 17:30:00+00:00,2026-12-03 18:30:00+00:00,PT60M,Boxing Fitness,Intermediate,29.0,29,True,Outdoor Gym area,https://ourparks.org.uk/borough/box-fit-108127,Victory Park (E20),E20 2ST,London,Victory Park,GB,51.546291703992,-0.00978845673,East Village,https://ourparks.org.uk/borough/east-village,Dean
108128,Box Fit,2026-12-10 17:30:00+00:00,2026-12-10 18:30:00+00:00,PT60M,Boxing Fitness,Intermediate,29.0,29,True,Outdoor Gym area,https://ourparks.org.uk/borough/box-fit-108128,Victory Park (E20),E20 2ST,London,Victory Park,GB,51.546291703992,-0.00978845673,East Village,https://ourparks.org.uk/borough/east-village,Dean
108129,Box Fit,2026-12-17 17:30:00+00:00,2026-12-17 18:30:00+00:00,PT60M,Boxing Fitness,Intermediate,29.0,29,True,Outdoor Gym area,https://ourparks.org.uk/borough/box-fit-108129,Victory Park (E20),E20 2ST,London,Victory Park,GB,51.546291703992,-0.00978845673,East Village,https://ourparks.org.uk/borough/east-village,Dean
108132,Bootcamp,2026-01-10 09:00:00+00:00,2026-01-10 10:00:00+00:00,PT60M,Bootcamp,Intermediate,29.0,29,True,Outdoor gym area,https://ourparks.org.uk/borough/bootcamp-108132,Victory Park (E20),E20 2ST,London,Victory Park,GB,51.546291703992,-0.00978845673,East Village,https://ourparks.org.uk/borough/east-village,kieon
108133,Bootcamp,2026-01-17 09:00:00+00:00,2026-01-17 10:00:00+00:00,PT60M,Bootcamp,Intermediate,29.0,29,True,Outdoor gym area,https://ourparks.org.uk/borough/bootcamp-108133,Victory Park (E20),E20 2ST,London,Victory Park,GB,51.546291703992,-0.00978845673,East Village,https://ourparks.org.uk/borough/east-village,kieon
108134,Bootcamp,2026-01-24 09:00:00+00:00,2026-01-24 10:00:00+00:00,PT60M,Bootcamp,Intermediate,29.0,29,True,Outdoor gym area,https://ourparks.org.uk/borough/bootcamp-108134,Victory Park (E20),E20 2ST,London,Victory Park,GB,51.546291703992,-0.00978845673,East Village,https://ourparks.org.uk/borough/east-village,kieon
108135,Bootcamp,2026-01-31 09:00:00+00:00,2026-01-31 10:00:00+00:00,PT60M,Bootcamp,Intermediate,29.0,29,True,Outdoor gym area,https://ourparks.org.uk/borough/bootcamp-108135,Victory Park (E20),E20 2ST,London,Victory Park,GB,51.546291703992,-0.00978845673,East Village,https://ourparks.org.uk/borough/east-village,kieon
108137,Bootcamp,2026-02-14 09:00:00+00:00,2026-02-14 10:00:00+00:00,PT60M,Bootcamp,Intermediate,29.0,29,True,Outdoor gym area,https://ourparks.org.uk/borough/bootcamp-108137,Victory Park (E20),E20 2ST,London,Victory Park,GB,51.546291703992,-0.00978845673,East Village,https://ourparks.org.uk/borough/east-village,kieon
108138,Bootcamp,2026-02-21 09:00:00+00:00,2026-02-21 10:00:00+00:00,PT60M,Bootcamp,Intermediate,29.0,29,True,Outdoor gym area,https://ourparks.org.uk/borough/bootcamp-108138,Victory Park (E20),E20 2ST,London,Victory Park,GB,51.546291703992,-0.00978845673,East Village,https://ourparks.org.uk/borough/east-village,kieon
108139,Bootcamp,2026-02-28 09:00:00+00:00,2026-02-28 10:00:00+00:00,PT60M,Bootcamp,Intermediate,29.0,29,True,Outdoor gym area,https://ourparks.org.uk/borough/bootcamp-108139,Victory Park (E20),E20 2ST,London,Victory Park,GB,51.546291703992,-0.00978845673,East Village,https://ourparks.org.uk/borough/east-village,kieon
108140,Bootcamp,2026-03-07 09:00:00+00:00,2026-03-07 10:00:00+00:00,PT60M,Bootcamp,Intermediate,29.0,29,True,Outdoor gym area,https://ourparks.org.uk/borough/bootcamp-108140,Victory Park (E20),E20 2ST,London,Victory Park,GB,51.546291703992,-0.00978845673,East Village,https://ourparks.org.uk/borough/east-village,kieon
108141,Bootcamp,2026-03-14 09:00:00+00:00,2026-03-14 10:00:00+00:00,PT60M,Bootcamp,Intermediate,29.0,29,True,Outdoor gym area,https://ourparks.org.uk/borough/bootcamp-108141,Victory Park (E20),E20 2ST,London,Victory Park,GB,51.546291703992,-0.00978845673,East Village,https://ourparks.org.uk/borough/east-village,kieon
108142,Bootcamp,2026-03-21 09:00:00+00:00,2026-03-21 10:00:00+00:00,PT60M,Bootcamp,Intermediate,29.0,29,True,Outdoor gym area,https://ourparks.org.uk/borough/bootcamp-108142,Victory Park (E20),E20 2ST,London,Victory Park,GB,51.546291703992,-0.00978845673,East Village,https://ourparks.org.uk/borough/east-village,kieon
108143,Bootcamp,2026-03-28 09:00:00+00:00,2026-03-28 10:00:00+00:00,PT60M,Bootcamp,Intermediate,29.0,29,True,Outdoor gym area,https://ourparks.org.uk/borough/bootcamp-108143,Victory Park (E20),E20 2ST,London,Victory Park,GB,51.546291703992,-0.00978845673,East Village,https://ourparks.org.uk/borough/east-village,kieon
108144,Bootcamp,2026-04-04 09:00:00+00:00,2026-04-04 10:00:00+00:00,PT60M,Bootcamp,Intermediate,29.0,29,True,Outdoor gym area,https://ourparks.org.uk/borough/bootcamp-108144,Victory Park (E20),E20 2ST,London,Victory Park,GB,51.546291703992,-0.00978845673,East Village,https://ourparks.org.uk/borough/east-village,kieon
108145,Bootcamp,2026-04-11 09:00:00+00:00,2026-04-11 10:00:00+00:00,PT60M,Bootcamp,Intermediate,29.0,29,True,Outdoor gym area,https://ourparks.org.uk/borough/bootcamp-108145,Victory Park (E20),E20 2ST,London,Victory Park,GB,51.546291703992,-0.00978845673,East Village,https://ourparks.org.uk/borough/east-village,kieon
108146,Bootcamp,2026-04-18 09:00:00+00:00,2026-04-18 10:00:00+00:00,PT60M,Bootcamp,Intermediate,29.0,29,True,Outdoor gym area,https://ourparks.org.uk/borough/bootcamp-108146,Victory Park (E20),E20 2ST,London,Victory Park,GB,51.546291703992,-0.00978845673,East Village,https://ourparks.org.uk/borough/east-village,kieon
108148,Bootcamp,2026-05-02 09:00:00+00:00,2026-05-02 10:00:00+00:00,PT60M,Bootcamp,Intermediate,29.0,29,True,Outdoor gym area,https://ourparks.org.uk/borough/bootcamp-108148,Victory Park (E20),E20 2ST,London,Victory Park,GB,51.546291703992,-0.00978845673,East Village,https://ourparks.org.uk/borough/east-village,kieon
108149,Bootcamp,2026-05-09 09:00:00+00:00,2026-05-09 10:00:00+00:00,PT60M,Bootcamp,Intermediate,29.0,29,True,Outdoor gym area,https://ourparks.org.uk/borough/bootcamp-108149,Victory Park (E20),E20 2ST,London,Victory Park,GB,51.546291703992,-0.00978845673,East Village,https://ourparks.org.uk/borough/east-village,kieon
108150,Bootcamp,2026-05-16 09:00:00+00:00,2026-05-16 10:00:00+00:00,PT60M,Bootcamp,Intermediate,29.0,29,True,Outdoor gym area,https://ourparks.org.uk/borough/bootcamp-108150,Victory Park (E20),E20 2ST,London,Victory Park,GB,51.546291703992,-0.00978845673,East Village,https://ourparks.org.uk/borough/east-village,kieon
108151,Bootcamp,2026-05-23 09:00:00+00:00,2026-05-23 10:00:00+00:00,PT60M,Bootcamp,Intermediate,29.0,29,True,Outdoor gym area,https://ourparks.org.uk/borough/bootcamp-108151,Victory Park (E20),E20 2ST,London,Victory Park,GB,51.546291703992,-0.00978845673,East Village,https://ourparks.org.uk/borough/east-village,kieon
108153,Bootcamp,2026-06-06 09:00:00+00:00,2026-06-06 10:00:00+00:00,PT60M,Bootcamp,Intermediate,29.0,29,True,Outdoor gym area,https://ourparks.org.uk/borough/bootcamp-108153,Victory Park (E20),E20 2ST,London,Victory Park,GB,51.546291703992,-0.00978845673,East Village,https://ourparks.org.uk/borough/east-village,kieon
108156,Bootcamp,2026-06-27 09:00:00+00:00,2026-06-27 10:00:00+00:00,PT60M,Bootcamp,Intermediate,29.0,29,True,Outdoor gym area,https://ourparks.org.uk/borough/bootcamp-108156,Victory Park (E20),E20 2ST,London,Victory Park,GB,51.546291703992,-0.00978845673,East Village,https://ourparks.org.uk/borough/east-village,kieon
108158,Bootcamp,2026-07-11 09:00:00+00:00,2026-07-11 10:00:00+00:00,PT60M,Bootcamp,Intermediate,29.0,29,True,Outdoor gym area,https://ourparks.org.uk/borough/bootcamp-108158,Victory Park (E20),E20 2ST,London,Victory Park,GB,51.546291703992,-0.00978845673,East Village,https://ourparks.org.uk/borough/east-village,kieon
108159,Bootcamp,2026-07-18 09:00:00+00:00,2026-07-18 10:00:00+00:00,PT60M,Bootcamp,Intermediate,29.0,29,True,Outdoor gym area,https://ourparks.org.uk/borough/bootcamp-108159,Victory Park (E20),E20 2ST,London,Victory Park,GB,51.546291703992,-0.00978845673,East Village,https://ourparks.org.uk/borough/east-village,kieon
108160,Bootcamp,2026-07-25 09:00:00+00:00,2026-07-25 10:00:00+00:00,PT60M,Bootcamp,Intermediate,29.0,29,True,Outdoor gym area,https://ourparks.org.uk/borough/bootcamp-108160,Victory Park (E20),E20 2ST,London,Victory Park,GB,51.546291703992,-0.00978845673,East Village,https://ourparks.org.uk/borough/east-village,kieon
108161,Bootcamp,2026-08-01 09:00:00+00:00,2026-08-01 10:00:00+00:00,PT60M,Bootcamp,Intermediate,29.0,29,True,Outdoor gym area,https://ourparks.org.uk/borough/bootcamp-108161,Victory Park (E20),E20 2ST,London,Victory Park,GB,51.546291703992,-0.00978845673,East Village,https://ourparks.org.uk/borough/east-village,kieon
108162,Bootcamp,2026-08-08 09:00:00+00:00,2026-08-08 10:00:00+00:00,PT60M,Bootcamp,Intermediate,29.0,29,True,Outdoor gym area,https://ourparks.org.uk/borough/bootcamp-108162,Victory Park (E20),E20 2ST,London,Victory Park,GB,51.546291703992,-0.00978845673,East Village,https://ourparks.org.uk/borough/east-village,kieon
108163,Bootcamp,2026-08-15 09:00:00+00:00,2026-08-15 10:00:00+00:00,PT60M,Bootcamp,Intermediate,29.0,29,True,Outdoor gym area,https://ourparks.org.uk/borough/bootcamp-108163,Victory Park (E20),E20 2ST,London,Victory Park,GB,51.546291703992,-0.00978845673,East Village,https://ourparks.org.uk/borough/east-village,kieon
108164,Bootcamp,2026-08-22 09:00:00+00:00,2026-08-22 10:00:00+00:00,PT60M,Bootcamp,Intermediate,29.0,29,True,Outdoor gym area,https://ourparks.org.uk/borough/bootcamp-108164,Victory Park (E20),E20 2ST,London,Victory Park,GB,51.546291703992,-0.00978845673,East Village,https://ourparks.org.uk/borough/east-village,kieon
108165,Bootcamp,2026-08-29 09:00:00+00:00,2026-08-29 10:00:00+00:00,PT60M,Bootcamp,Intermediate,29.0,29,True,Outdoor gym area,https://ourparks.org.uk/borough/bootcamp-108165,Victory Park (E20),E20 2ST,London,Victory Park,GB,51.546291703992,-0.00978845673,East Village,https://ourparks.org.uk/borough/east-village,kieon
108166,Bootcamp,2026-09-05 09:00:00+00:00,2026-09-05 10:00:00+00:00,PT60M,Bootcamp,Intermediate,29.0,29,True,Outdoor gym area,https://ourparks.org.uk/borough/bootcamp-108166,Victory Park (E20),E20 2ST,London,Victory Park,GB,51.546291703992,-0.00978845673,East Village,https://ourparks.org.uk/borough/east-village,kieon
108167,Bootcamp,2026-09-12 09:00:00+00:00,2026-09-12 10:00:00+00:00,PT60M,Bootcamp,Intermediate,29.0,29,True,Outdoor gym area,https://ourparks.org.uk/borough/bootcamp-108167,Victory Park (E20),E20 2ST,London,Victory Park,GB,51.546291703992,-0.00978845673,East Village,https://ourparks.org.uk/borough/east-village,kieon
108168,Bootcamp,2026-09-19 09:00:00+00:00,2026-09-19 10:00:00+00:00,PT60M,Bootcamp,Intermediate,29.0,29,True,Outdoor gym area,https://ourparks.org.uk/borough/bootcamp-108168,Victory Park (E20),E20 2ST,London,Victory Park,GB,51.546291703992,-0.00978845673,East Village,https://ourparks.org.uk/borough/east-village,kieon
108169,Bootcamp,2026-09-26 09:00:00+00:00,2026-09-26 10:00:00+00:00,PT60M,Bootcamp,Intermediate,29.0,29,True,Outdoor gym area,https://ourparks.org.uk/borough/bootcamp-108169,Victory Park (E20),E20 2ST,London,Victory Park,GB,51.546291703992,-0.00978845673,East Village,https://ourparks.org.uk/borough/east-village,kieon
108170,Bootcamp,2026-10-03 09:00:00+00:00,2026-10-03 10:00:00+00:00,PT60M,Bootcamp,Intermediate,29.0,29,True,Outdoor gym area,https://ourparks.org.uk/borough/bootcamp-108170,Victory Park (E20),E20 2ST,London,Victory Park,GB,51.546291703992,-0.00978845673,East Village,https://ourparks.org.uk/borough/east-village,kieon
108171,Bootcamp,2026-10-10 09:00:00+00:00,2026-10-10 10:00:00+00:00,PT60M,Bootcamp,Intermediate,29.0,29,True,Outdoor gym area,https://ourparks.org.uk/borough/bootcamp-108171,Victory Park (E20),E20 2ST,London,Victory Park,GB,51.546291703992,-0.00978845673,East Village,https://ourparks.org.uk/borough/east-village,kieon
108172,Bootcamp,2026-10-17 09:00:00+00:00,2026-10-17 10:00:00+00:00,PT60M,Bootcamp,Intermediate,29.0,29,True,Outdoor gym area,https://ourparks.org.uk/borough/bootcamp-108172,Victory Park (E20),E20 2ST,London,Victory Park,GB,51.546291703992,-0.00978845673,East Village,https://ourparks.org.uk/borough/east-village,kieon
108173,Bootcamp,2026-10-24 09:00:00+00:00,2026-10-24 10:00:00+00:00,PT60M,Bootcamp,Intermediate,29.0,29,True,Outdoor gym area,https://ourparks.org.uk/borough/bootcamp-108173,Victory Park (E20),E20 2ST,London,Victory Park,GB,51.546291703992,-0.00978845673,East Village,https://ourparks.org.uk/borough/east-village,kieon
108174,Bootcamp,2026-10-31 09:00:00+00:00,2026-10-31 10:00:00+00:00,PT60M,Bootcamp,Intermediate,29.0,29,True,Outdoor gym area,https://ourparks.org.uk/borough/bootcamp-108174,Victory Park (E20),E20 2ST,London,Victory Park,GB,51.546291703992,-0.00978845673,East Village,https://ourparks.org.uk/borough/east-village,kieon
108175,Bootcamp,2026-11-07 09:00:00+00:00,2026-11-07 10:00:00+00:00,PT60M,Bootcamp,Intermediate,29.0,29,True,Outdoor gym area,https://ourparks.org.uk/borough/bootcamp-108175,Victory Park (E20),E20 2ST,London,Victory Park,GB,51.546291703992,-0.00978845673,East Village,https://ourparks.org.uk/borough/east-village,kieon
108176,Bootcamp,2026-11-14 09:00:00+00:00,2026-11-14 10:00:00+00:00,PT60M,Bootcamp,Intermediate,29.0,29,True,Outdoor gym area,https://ourparks.org.uk/borough/bootcamp-108176,Victory Park (E20),E20 2ST,London,Victory Park,GB,51.546291703992,-0.00978845673,East Village,https://ourparks.org.uk/borough/east-village,kieon
108177,Bootcamp,2026-11-21 09:00:00+00:00,2026-11-21 10:00:00+00:00,PT60M,Bootcamp,Intermediate,29.0,29,True,Outdoor gym area,https://ourparks.org.uk/borough/bootcamp-108177,Victory Park (E20),E20 2ST,London,Victory Park,GB,51.546291703992,-0.00978845673,East Village,https://ourparks.org.uk/borough/east-village,kieon
108178,Bootcamp,2026-11-28 09:00:00+00:00,2026-11-28 10:00:00+00:00,PT60M,Bootcamp,Intermediate,29.0,29,True,Outdoor gym area,https://ourparks.org.uk/borough/bootcamp-108178,Victory Park (E20),E20 2ST,London,Victory Park,GB,51.546291703992,-0.00978845673,East Village,https://ourparks.org.uk/borough/east-village,kieon
108179,Bootcamp,2026-12-05 09:00:00+00:00,2026-12-05 10:00:00+00:00,PT60M,Bootcamp,Intermediate,29.0,29,True,Outdoor gym area,https://ourparks.org.uk/borough/bootcamp-108179,Victory Park (E20),E20 2ST,London,Victory Park,GB,51.546291703992,-0.00978845673,East Village,https://ourparks.org.uk/borough/east-village,kieon
108180,Bootcamp,2026-12-12 09:00:00+00:00,2026-12-12 10:00:00+00:00,PT60M,Bootcamp,Intermediate,29.0,29,True,Outdoor gym area,https://ourparks.org.uk/borough/bootcamp-108180,Victory Park (E20),E20 2ST,London,Victory Park,GB,51.546291703992,-0.00978845673,East Village,https://ourparks.org.uk/borough/east-village,kieon
108181,Bootcamp,2026-12-19 09:00:00+00:00,2026-12-19 10:00:00+00:00,PT60M,Bootcamp,Intermediate,29.0,29,True,Outdoor gym area,https://ourparks.org.uk/borough/bootcamp-108181,Victory Park (E20),E20 2ST,London,Victory Park,GB,51.546291703992,-0.00978845673,East Village,https://ourparks.org.uk/borough/east-village,kieon
105412,Low Impact Stretch,2026-01-06 13:00:00+00:00,2026-01-06 14:00:00+00:00,PT60M,Tai Chi,Beginner,11.0,11,True,Children’s area,https://ourparks.org.uk/borough/low-impact-stretch-105412,Kingsbury Library,NW9 9HE,London,522-524 Kingsbury Road,GB,51.5860156,-0.2765225,Brent,https://ourparks.org.uk/borough/brent-0,Neeraj
105413,Low Impact Stretch,2026-01-13 13:00:00+00:00,2026-01-13 14:00:00+00:00,PT60M,Tai Chi,Beginner,11.0,11,True,Children’s area,https://ourparks.org.uk/borough/low-impact-stretch-105413,Kingsbury Library,NW9 9HE,London,522-524 Kingsbury Road,GB,51.5860156,-0.2765225,Brent,https://ourparks.org.uk/borough/brent-0,Neeraj
107467,RISE & SHINE LIVE YOGA,2025-12-24 06:30:00+00:00,2025-12-24 07:30:00+00:00,PT60M,Yoga,Intermediate,0.0,0,True,Your streaming device,https://ourparks.org.uk/borough/rise-shine-live-yoga-107467,Our Parks Live,KT2 7EW,London,10 London Mews,GB,51.5161826,-0.1735317,All UK,https://ourparks.org.uk/borough/all-uk,Olga
104838,Bootcamp,2025-12-09 09:30:00+00:00,2025-12-09 10:30:00+00:00,PT60M,Bootcamp,Intermediate,29.0,29,True,The Playground,https://ourparks.org.uk/borough/bootcamp-104838,Barra Hall Park,UB3 2NH,London,Barra Hill Park,GB,51.5179777,-0.4235929,Hillingdon,https://ourparks.org.uk/borough/hillingdon,NROB 
104839,Bootcamp,2025-12-16 09:30:00+00:00,2025-12-16 10:30:00+00:00,PT60M,Bootcamp,Intermediate,29.0,29,True,The Playground,https://ourparks.org.uk/borough/bootcamp-104839,Barra Hall Park,UB3 2NH,London,Barra Hill Park,GB,51.5179777,-0.4235929,Hillingdon,https://ourparks.org.uk/borough/hillingdon,Alvin
106290,Stretch & Bend,2025-12-10 08:15:00+00:00,2025-12-10 09:15:00+00:00,PT60M,Yoga,,30.0,30,True,Outdoor Gym area,https://ourparks.org.uk/borough/stretch-bend-106290,Abbey Wood Recreation Ground,DA17 5ND,Belvedere,Abbey Road,GB,51.489689281292,0.133391557591,London Borough of Bexley,https://ourparks.org.uk/borough/london-borough-bexley,NROB 
106324,Low Impact Stretch,2025-12-12 09:30:00+00:00,2025-12-12 10:30:00+00:00,PT60M,Yoga,Intermediate,30.0,30,True,By the Outdoor Gym area,https://ourparks.org.uk/borough/low-impact-stretch-106324,Craydene Open Space,DA8 2HR,Erith,Craydene Road,GB,51.470321952769,0.184112241266,London Borough of Bexley,https://ourparks.org.uk/borough/london-borough-bexley,Ravit
106289,Stretch & Bend,2025-12-03 08:15:00+00:00,2025-12-03 09:15:00+00:00,PT60M,Yoga,,30.0,30,True,Outdoor Gym area,https://ourparks.org.uk/borough/stretch-bend-106289,Abbey Wood Recreation Ground,DA17 5ND,Belvedere,Abbey Road,GB,51.489689281292,0.133391557591,London Borough of Bexley,https://ourparks.org.uk/borough/london-borough-bexley,Stefanie
105100,Back to Exercise,2025-12-20 09:00:00+00:00,2025-12-20 10:00:00+00:00,PT60M,Abs/Core,Intermediate,29.0,29,True,The Bandstand,https://ourparks.org.uk/borough/back-exercise-105100,Queens Park,NW6 6LR,London,Kingswood Avenue,GB,51.5365323,-0.2092666,Brent,https://ourparks.org.uk/borough/brent-0,Emma
106323,Low Impact Stretch,2025-12-05 09:30:00+00:00,2025-12-05 10:30:00+00:00,PT60M,Yoga,Intermediate,30.0,30,True,By the Outdoor Gym area,https://ourparks.org.uk/borough/low-impact-stretch-106323,Craydene Open Space,DA8 2HR,Erith,Craydene Road,GB,51.470321952769,0.184112241266,London Borough of Bexley,https://ourparks.org.uk/borough/london-borough-bexley,Ravit
105936,"Legs, Bums & Tums (LBT)",2025-11-29 09:00:00+00:00,2025-11-29 10:00:00+00:00,PT60M,Abs/Core,Intermediate,29.0,29,True,Green space across Lee Valley Park Bridge,https://ourparks.org.uk/borough/legs-bums-tums-lbt-105936,Walthamstow Marshes,E10 7QL,London,Lea Bridge Road,GB,51.564823676338,-0.045328683324,Waltham Forest,https://ourparks.org.uk/borough/waltham-forest,Orall
107489,Rise & Shine ABS Workout,2025-12-26 06:30:00+00:00,2025-12-26 07:30:00+00:00,PT60M,Abs/Core,Intermediate,0.0,0,True,Your streaming device,https://ourparks.org.uk/borough/rise-shine-abs-workout-107489,Our Parks Live,KT2 7EW,London,10 London Mews,GB,51.5161826,-0.1735317,All UK,https://ourparks.org.uk/borough/all-uk,Born
107490,Rise & Shine ABS Workout,2026-01-02 06:30:00+00:00,2026-01-02 07:30:00+00:00,PT60M,Abs/Core,Intermediate,0.0,0,True,Your streaming device,https://ourparks.org.uk/borough/rise-shine-abs-workout-107490,Our Parks Live,KT2 7EW,London,10 London Mews,GB,51.5161826,-0.1735317,All UK,https://ourparks.org.uk/borough/all-uk,Born
105938,"Legs, Bums & Tums (LBT)",2025-12-13 09:00:00+00:00,2025-12-13 10:00:00+00:00,PT60M,Abs/Core,Intermediate,29.0,29,True,Green space across Lee Valley Park Bridge,https://ourparks.org.uk/borough/legs-bums-tums-lbt-105938,Walthamstow Marshes,E10 7QL,London,Lea Bridge Road,GB,51.564823676338,-0.045328683324,Waltham Forest,https://ourparks.org.uk/borough/waltham-forest,Orall
107433,Dance Fit LIVE,2025-12-13 09:00:00+00:00,2025-12-13 10:00:00+00:00,PT60M,Dance Fitness,Intermediate,0.0,0,True,Your streaming device,https://ourparks.org.uk/borough/dance-fit-live-107433,Our Parks Live,KT2 7EW,London,10 London Mews,GB,51.5161826,-0.1735317,All UK,https://ourparks.org.uk/borough/all-uk,NROB 
107488,Rise & Shine ABS Workout,2025-12-19 06:30:00+00:00,2025-12-19 07:30:00+00:00,PT60M,Abs/Core,Intermediate,0.0,0,True,Your streaming device,https://ourparks.org.uk/borough/rise-shine-abs-workout-107488,Our Parks Live,KT2 7EW,London,10 London Mews,GB,51.5161826,-0.1735317,All UK,https://ourparks.org.uk/borough/all-uk,Katarina
106325,Low Impact Stretch,2025-12-19 09:30:00+00:00,2025-12-19 10:30:00+00:00,PT60M,Yoga,Intermediate,30.0,30,True,By the Outdoor Gym area,https://ourparks.org.uk/borough/low-impact-stretch-106325,Craydene Open Space,DA8 2HR,Erith,Craydene Road,GB,51.470321952769,0.184112241266,London Borough of Bexley,https://ourparks.org.uk/borough/london-borough-bexley,Ravit
108570,Women’s Walking Football sessions,2026-01-30 11:00:00+00:00,2026-01-30 12:00:00+00:00,PT60M,Football,Intermediate,29.0,29,True,Next to the Multi use games area,https://ourparks.org.uk/borough/women%E2%80%99s-walking-football-sessions-108570,Tiverton Green,NW10 3HL,London,Tiverton Green,GB,51.5387966,-0.2158393,Brent,https://ourparks.org.uk/borough/brent-0,Steve
108571,Women’s Walking Football sessions,2026-02-06 11:00:00+00:00,2026-02-06 12:00:00+00:00,PT60M,Football,Intermediate,29.0,29,True,Next to the Multi use games area,https://ourparks.org.uk/borough/women%E2%80%99s-walking-football-sessions-108571,Tiverton Green,NW10 3HL,London,Tiverton Green,GB,51.5387966,-0.2158393,Brent,https://ourparks.org.uk/borough/brent-0,Steve
98314,Bootcamp,2025-12-18 08:30:00+00:00,2025-12-18 09:30:00+00:00,PT60M,Bootcamp,Intermediate,29.0,29,True,Play Area,https://ourparks.org.uk/borough/bootcamp-98314,Harefield Village Green,UB9 6EG,Harefield,Harefield Village Green,GB,51.604697285476,-0.480577927343,Hillingdon,https://ourparks.org.uk/borough/hillingdon,Sheila
107436,Dance Fit LIVE,2026-01-03 09:00:00+00:00,2026-01-03 10:00:00+00:00,PT60M,Dance Fitness,Intermediate,0.0,0,True,Your streaming device,https://ourparks.org.uk/borough/dance-fit-live-107436,Our Parks Live,KT2 7EW,London,10 London Mews,GB,51.5161826,-0.1735317,All UK,https://ourparks.org.uk/borough/all-uk,Shahna
107873,Dance Fit LIVE,2026-01-10 09:00:00+00:00,2026-01-10 10:00:00+00:00,PT60M,Dance Fitness,Intermediate,0.0,0,True,Your streaming device,https://ourparks.org.uk/borough/dance-fit-live-107873,Our Parks Live,KT2 7EW,London,10 London Mews,GB,51.5161826,-0.1735317,All UK,https://ourparks.org.uk/borough/all-uk,Shahna
107874,Dance Fit LIVE,2026-01-17 09:00:00+00:00,2026-01-17 10:00:00+00:00,PT60M,Dance Fitness,Intermediate,0.0,0,True,Your streaming device,https://ourparks.org.uk/borough/dance-fit-live-107874,Our Parks Live,KT2 7EW,London,10 London Mews,GB,51.5161826,-0.1735317,All UK,https://ourparks.org.uk/borough/all-uk,Shahna
107875,Dance Fit LIVE,2026-01-24 09:00:00+00:00,2026-01-24 10:00:00+00:00,PT60M,Dance Fitness,Intermediate,0.0,0,True,Your streaming device,https://ourparks.org.uk/borough/dance-fit-live-107875,Our Parks Live,KT2 7EW,London,10 London Mews,GB,51.5161826,-0.1735317,All UK,https://ourparks.org.uk/borough/all-uk,Shahna
107876,Dance Fit LIVE,2026-01-31 09:00:00+00:00,2026-01-31 10:00:00+00:00,PT60M,Dance Fitness,Intermediate,0.0,0,True,Your streaming device,https://ourparks.org.uk/borough/dance-fit-live-107876,Our Parks Live,KT2 7EW,London,10 London Mews,GB,51.5161826,-0.1735317,All UK,https://ourparks.org.uk/borough/all-uk,Shahna
107877,Dance Fit LIVE,2026-02-07 09:00:00+00:00,2026-02-07 10:00:00+00:00,PT60M,Dance Fitness,Intermediate,0.0,0,True,Your streaming device,https://ourparks.org.uk/borough/dance-fit-live-107877,Our Parks Live,KT2 7EW,London,10 London Mews,GB,51.5161826,-0.1735317,All UK,https://ourparks.org.uk/borough/all-uk,Shahna
107878,Dance Fit LIVE,2026-02-14 09:00:00+00:00,2026-02-14 10:00:00+00:00,PT60M,Dance Fitness,Intermediate,0.0,0,True,Your streaming device,https://ourparks.org.uk/borough/dance-fit-live-107878,Our Parks Live,KT2 7EW,London,10 London Mews,GB,51.5161826,-0.1735317,All UK,https://ourparks.org.uk/borough/all-uk,Shahna
107879,Dance Fit LIVE,2026-02-21 09:00:00+00:00,2026-02-21 10:00:00+00:00,PT60M,Dance Fitness,Intermediate,0.0,0,True,Your streaming device,https://ourparks.org.uk/borough/dance-fit-live-107879,Our Parks Live,KT2 7EW,London,10 London Mews,GB,51.5161826,-0.1735317,All UK,https://ourparks.org.uk/borough/all-uk,Shahna
107880,Dance Fit LIVE,2026-02-28 09:00:00+00:00,2026-02-28 10:00:00+00:00,PT60M,Dance Fitness,Intermediate,0.0,0,True,Your streaming device,https://ourparks.org.uk/borough/dance-fit-live-107880,Our Parks Live,KT2 7EW,London,10 London Mews,GB,51.5161826,-0.1735317,All UK,https://ourparks.org.uk/borough/all-uk,Shahna
107881,Dance Fit LIVE,2026-03-07 09:00:00+00:00,2026-03-07 10:00:00+00:00,PT60M,Dance Fitness,Intermediate,0.0,0,True,Your streaming device,https://ourparks.org.uk/borough/dance-fit-live-107881,Our Parks Live,KT2 7EW,London,10 London Mews,GB,51.5161826,-0.1735317,All UK,https://ourparks.org.uk/borough/all-uk,Shahna
107882,Dance Fit LIVE,2026-03-14 09:00:00+00:00,2026-03-14 10:00:00+00:00,PT60M,Dance Fitness,Intermediate,0.0,0,True,Your streaming device,https://ourparks.org.uk/borough/dance-fit-live-107882,Our Parks Live,KT2 7EW,London,10 London Mews,GB,51.5161826,-0.1735317,All UK,https://ourparks.org.uk/borough/all-uk,Shahna
107883,Dance Fit LIVE,2026-03-21 09:00:00+00:00,2026-03-21 10:00:00+00:00,PT60M,Dance Fitness,Intermediate,0.0,0,True,Your streaming device,https://ourparks.org.uk/borough/dance-fit-live-107883,Our Parks Live,KT2 7EW,London,10 London Mews,GB,51.5161826,-0.1735317,All UK,https://ourparks.org.uk/borough/all-uk,Shahna
107884,Dance Fit LIVE,2026-03-28 09:00:00+00:00,2026-03-28 10:00:00+00:00,PT60M,Dance Fitness,Intermediate,0.0,0,True,Your streaming device,https://ourparks.org.uk/borough/dance-fit-live-107884,Our Parks Live,KT2 7EW,London,10 London Mews,GB,51.5161826,-0.1735317,All UK,https://ourparks.org.uk/borough/all-uk,Shahna
107886,Dance Fit LIVE,2026-04-11 09:00:00+00:00,2026-04-11 10:00:00+00:00,PT60M,Dance Fitness,Intermediate,0.0,0,True,Your streaming device,https://ourparks.org.uk/borough/dance-fit-live-107886,Our Parks Live,KT2 7EW,London,10 London Mews,GB,51.5161826,-0.1735317,All UK,https://ourparks.org.uk/borough/all-uk,Shahna
107887,Dance Fit LIVE,2026-04-18 09:00:00+00:00,2026-04-18 10:00:00+00:00,PT60M,Dance Fitness,Intermediate,0.0,0,True,Your streaming device,https://ourparks.org.uk/borough/dance-fit-live-107887,Our Parks Live,KT2 7EW,London,10 London Mews,GB,51.5161826,-0.1735317,All UK,https://ourparks.org.uk/borough/all-uk,Shahna
107888,Dance Fit LIVE,2026-04-25 09:00:00+00:00,2026-04-25 10:00:00+00:00,PT60M,Dance Fitness,Intermediate,0.0,0,True,Your streaming device,https://ourparks.org.uk/borough/dance-fit-live-107888,Our Parks Live,KT2 7EW,London,10 London Mews,GB,51.5161826,-0.1735317,All UK,https://ourparks.org.uk/borough/all-uk,Shahna
107889,Dance Fit LIVE,2026-05-02 09:00:00+00:00,2026-05-02 10:00:00+00:00,PT60M,Dance Fitness,Intermediate,0.0,0,True,Your streaming device,https://ourparks.org.uk/borough/dance-fit-live-107889,Our Parks Live,KT2 7EW,London,10 London Mews,GB,51.5161826,-0.1735317,All UK,https://ourparks.org.uk/borough/all-uk,Shahna
107891,Dance Fit LIVE,2026-05-16 09:00:00+00:00,2026-05-16 10:00:00+00:00,PT60M,Dance Fitness,Intermediate,0.0,0,True,Your streaming device,https://ourparks.org.uk/borough/dance-fit-live-107891,Our Parks Live,KT2 7EW,London,10 London Mews,GB,51.5161826,-0.1735317,All UK,https://ourparks.org.uk/borough/all-uk,Shahna
107892,Dance Fit LIVE,2026-05-23 09:00:00+00:00,2026-05-23 10:00:00+00:00,PT60M,Dance Fitness,Intermediate,0.0,0,True,Your streaming device,https://ourparks.org.uk/borough/dance-fit-live-107892,Our Parks Live,KT2 7EW,London,10 London Mews,GB,51.5161826,-0.1735317,All UK,https://ourparks.org.uk/borough/all-uk,Shahna
107893,Dance Fit LIVE,2026-05-30 09:00:00+00:00,2026-05-30 10:00:00+00:00,PT60M,Dance Fitness,Intermediate,0.0,0,True,Your streaming device,https://ourparks.org.uk/borough/dance-fit-live-107893,Our Parks Live,KT2 7EW,London,10 London Mews,GB,51.5161826,-0.1735317,All UK,https://ourparks.org.uk/borough/all-uk,Shahna
107894,Dance Fit LIVE,2026-06-06 09:00:00+00:00,2026-06-06 10:00:00+00:00,PT60M,Dance Fitness,Intermediate,0.0,0,True,Your streaming device,https://ourparks.org.uk/borough/dance-fit-live-107894,Our Parks Live,KT2 7EW,London,10 London Mews,GB,51.5161826,-0.1735317,All UK,https://ourparks.org.uk/borough/all-uk,Shahna
107895,Dance Fit LIVE,2026-06-13 09:00:00+00:00,2026-06-13 10:00:00+00:00,PT60M,Dance Fitness,Intermediate,0.0,0,True,Your streaming device,https://ourparks.org.uk/borough/dance-fit-live-107895,Our Parks Live,KT2 7EW,London,10 London Mews,GB,51.5161826,-0.1735317,All UK,https://ourparks.org.uk/borough/all-uk,Shahna
107896,Dance Fit LIVE,2026-06-20 09:00:00+00:00,2026-06-20 10:00:00+00:00,PT60M,Dance Fitness,Intermediate,0.0,0,True,Your streaming device,https://ourparks.org.uk/borough/dance-fit-live-107896,Our Parks Live,KT2 7EW,London,10 London Mews,GB,51.5161826,-0.1735317,All UK,https://ourparks.org.uk/borough/all-uk,Shahna
107897,Dance Fit LIVE,2026-06-27 09:00:00+00:00,2026-06-27 10:00:00+00:00,PT60M,Dance Fitness,Intermediate,0.0,0,True,Your streaming device,https://ourparks.org.uk/borough/dance-fit-live-107897,Our Parks Live,KT2 7EW,London,10 London Mews,GB,51.5161826,-0.1735317,All UK,https://ourparks.org.uk/borough/all-uk,Shahna
107898,Dance Fit LIVE,2026-07-04 09:00:00+00:00,2026-07-04 10:00:00+00:00,PT60M,Dance Fitness,Intermediate,0.0,0,True,Your streaming device,https://ourparks.org.uk/borough/dance-fit-live-107898,Our Parks Live,KT2 7EW,London,10 London Mews,GB,51.5161826,-0.1735317,All UK,https://ourparks.org.uk/borough/all-uk,Shahna
107899,Dance Fit LIVE,2026-07-11 09:00:00+00:00,2026-07-11 10:00:00+00:00,PT60M,Dance Fitness,Intermediate,0.0,0,True,Your streaming device,https://ourparks.org.uk/borough/dance-fit-live-107899,Our Parks Live,KT2 7EW,London,10 London Mews,GB,51.5161826,-0.1735317,All UK,https://ourparks.org.uk/borough/all-uk,Shahna
107900,Dance Fit LIVE,2026-07-18 09:00:00+00:00,2026-07-18 10:00:00+00:00,PT60M,Dance Fitness,Intermediate,0.0,0,True,Your streaming device,https://ourparks.org.uk/borough/dance-fit-live-107900,Our Parks Live,KT2 7EW,London,10 London Mews,GB,51.5161826,-0.1735317,All UK,https://ourparks.org.uk/borough/all-uk,Shahna
107901,Dance Fit LIVE,2026-07-25 09:00:00+00:00,2026-07-25 10:00:00+00:00,PT60M,Dance Fitness,Intermediate,0.0,0,True,Your streaming device,https://ourparks.org.uk/borough/dance-fit-live-107901,Our Parks Live,KT2 7EW,London,10 London Mews,GB,51.5161826,-0.1735317,All UK,https://ourparks.org.uk/borough/all-uk,Shahna
107902,Dance Fit LIVE,2026-08-01 09:00:00+00:00,2026-08-01 10:00:00+00:00,PT60M,Dance Fitness,Intermediate,0.0,0,True,Your streaming device,https://ourparks.org.uk/borough/dance-fit-live-107902,Our Parks Live,KT2 7EW,London,10 London Mews,GB,51.5161826,-0.1735317,All UK,https://ourparks.org.uk/borough/all-uk,Shahna
107903,Dance Fit LIVE,2026-08-08 09:00:00+00:00,2026-08-08 10:00:00+00:00,PT60M,Dance Fitness,Intermediate,0.0,0,True,Your streaming device,https://ourparks.org.uk/borough/dance-fit-live-107903,Our Parks Live,KT2 7EW,London,10 London Mews,GB,51.5161826,-0.1735317,All UK,https://ourparks.org.uk/borough/all-uk,Shahna
107904,Dance Fit LIVE,2026-08-15 09:00:00+00:00,2026-08-15 10:00:00+00:00,PT60M,Dance Fitness,Intermediate,0.0,0,True,Your streaming device,https://ourparks.org.uk/borough/dance-fit-live-107904,Our Parks Live,KT2 7EW,London,10 London Mews,GB,51.5161826,-0.1735317,All UK,https://ourparks.org.uk/borough/all-uk,Shahna
107905,Dance Fit LIVE,2026-08-22 09:00:00+00:00,2026-08-22 10:00:00+00:00,PT60M,Dance Fitness,Intermediate,0.0,0,True,Your streaming device,https://ourparks.org.uk/borough/dance-fit-live-107905,Our Parks Live,KT2 7EW,London,10 London Mews,GB,51.5161826,-0.1735317,All UK,https://ourparks.org.uk/borough/all-uk,Shahna
107906,Dance Fit LIVE,2026-08-29 09:00:00+00:00,2026-08-29 10:00:00+00:00,PT60M,Dance Fitness,Intermediate,0.0,0,True,Your streaming device,https://ourparks.org.uk/borough/dance-fit-live-107906,Our Parks Live,KT2 7EW,London,10 London Mews,GB,51.5161826,-0.1735317,All UK,https://ourparks.org.uk/borough/all-uk,Shahna
107907,Dance Fit LIVE,2026-09-05 09:00:00+00:00,2026-09-05 10:00:00+00:00,PT60M,Dance Fitness,Intermediate,0.0,0,True,Your streaming device,https://ourparks.org.uk/borough/dance-fit-live-107907,Our Parks Live,KT2 7EW,London,10 London Mews,GB,51.5161826,-0.1735317,All UK,https://ourparks.org.uk/borough/all-uk,Shahna
107908,Dance Fit LIVE,2026-09-12 09:00:00+00:00,2026-09-12 10:00:00+00:00,PT60M,Dance Fitness,Intermediate,0.0,0,True,Your streaming device,https://ourparks.org.uk/borough/dance-fit-live-107908,Our Parks Live,KT2 7EW,London,10 London Mews,GB,51.5161826,-0.1735317,All UK,https://ourparks.org.uk/borough/all-uk,Shahna
107909,Dance Fit LIVE,2026-09-19 09:00:00+00:00,2026-09-19 10:00:00+00:00,PT60M,Dance Fitness,Intermediate,0.0,0,True,Your streaming device,https://ourparks.org.uk/borough/dance-fit-live-107909,Our Parks Live,KT2 7EW,London,10 London Mews,GB,51.5161826,-0.1735317,All UK,https://ourparks.org.uk/borough/all-uk,Shahna
107910,Dance Fit LIVE,2026-09-26 09:00:00+00:00,2026-09-26 10:00:00+00:00,PT60M,Dance Fitness,Intermediate,0.0,0,True,Your streaming device,https://ourparks.org.uk/borough/dance-fit-live-107910,Our Parks Live,KT2 7EW,London,10 London Mews,GB,51.5161826,-0.1735317,All UK,https://ourparks.org.uk/borough/all-uk,Shahna
107911,Dance Fit LIVE,2026-10-03 09:00:00+00:00,2026-10-03 10:00:00+00:00,PT60M,Dance Fitness,Intermediate,0.0,0,True,Your streaming device,https://ourparks.org.uk/borough/dance-fit-live-107911,Our Parks Live,KT2 7EW,London,10 London Mews,GB,51.5161826,-0.1735317,All UK,https://ourparks.org.uk/borough/all-uk,Shahna
107912,Dance Fit LIVE,2026-10-10 09:00:00+00:00,2026-10-10 10:00:00+00:00,PT60M,Dance Fitness,Intermediate,0.0,0,True,Your streaming device,https://ourparks.org.uk/borough/dance-fit-live-107912,Our Parks Live,KT2 7EW,London,10 London Mews,GB,51.5161826,-0.1735317,All UK,https://ourparks.org.uk/borough/all-uk,Shahna
107913,Dance Fit LIVE,2026-10-17 09:00:00+00:00,2026-10-17 10:00:00+00:00,PT60M,Dance Fitness,Intermediate,0.0,0,True,Your streaming device,https://ourparks.org.uk/borough/dance-fit-live-107913,Our Parks Live,KT2 7EW,London,10 London Mews,GB,51.5161826,-0.1735317,All UK,https://ourparks.org.uk/borough/all-uk,Shahna
107914,Dance Fit LIVE,2026-10-24 09:00:00+00:00,2026-10-24 10:00:00+00:00,PT60M,Dance Fitness,Intermediate,0.0,0,True,Your streaming device,https://ourparks.org.uk/borough/dance-fit-live-107914,Our Parks Live,KT2 7EW,London,10 London Mews,GB,51.5161826,-0.1735317,All UK,https://ourparks.org.uk/borough/all-uk,Shahna
107915,Dance Fit LIVE,2026-10-31 09:00:00+00:00,2026-10-31 10:00:00+00:00,PT60M,Dance Fitness,Intermediate,0.0,0,True,Your streaming device,https://ourparks.org.uk/borough/dance-fit-live-107915,Our Parks Live,KT2 7EW,London,10 London Mews,GB,51.5161826,-0.1735317,All UK,https://ourparks.org.uk/borough/all-uk,Shahna
107916,Dance Fit LIVE,2026-11-07 09:00:00+00:00,2026-11-07 10:00:00+00:00,PT60M,Dance Fitness,Intermediate,0.0,0,True,Your streaming device,https://ourparks.org.uk/borough/dance-fit-live-107916,Our Parks Live,KT2 7EW,London,10 London Mews,GB,51.5161826,-0.1735317,All UK,https://ourparks.org.uk/borough/all-uk,Shahna
107917,Dance Fit LIVE,2026-11-14 09:00:00+00:00,2026-11-14 10:00:00+00:00,PT60M,Dance Fitness,Intermediate,0.0,0,True,Your streaming device,https://ourparks.org.uk/borough/dance-fit-live-107917,Our Parks Live,KT2 7EW,London,10 London Mews,GB,51.5161826,-0.1735317,All UK,https://ourparks.org.uk/borough/all-uk,Shahna
107918,Dance Fit LIVE,2026-11-21 09:00:00+00:00,2026-11-21 10:00:00+00:00,PT60M,Dance Fitness,Intermediate,0.0,0,True,Your streaming device,https://ourparks.org.uk/borough/dance-fit-live-107918,Our Parks Live,KT2 7EW,London,10 London Mews,GB,51.5161826,-0.1735317,All UK,https://ourparks.org.uk/borough/all-uk,Shahna
107919,Dance Fit LIVE,2026-11-28 09:00:00+00:00,2026-11-28 10:00:00+00:00,PT60M,Dance Fitness,Intermediate,0.0,0,True,Your streaming device,https://ourparks.org.uk/borough/dance-fit-live-107919,Our Parks Live,KT2 7EW,London,10 London Mews,GB,51.5161826,-0.1735317,All UK,https://ourparks.org.uk/borough/all-uk,Shahna
107920,Dance Fit LIVE,2026-12-05 09:00:00+00:00,2026-12-05 10:00:00+00:00,PT60M,Dance Fitness,Intermediate,0.0,0,True,Your streaming device,https://ourparks.org.uk/borough/dance-fit-live-107920,Our Parks Live,KT2 7EW,London,10 London Mews,GB,51.5161826,-0.1735317,All UK,https://ourparks.org.uk/borough/all-uk,Shahna
107921,Dance Fit LIVE,2026-12-12 09:00:00+00:00,2026-12-12 10:00:00+00:00,PT60M,Dance Fitness,Intermediate,0.0,0,True,Your streaming device,https://ourparks.org.uk/borough/dance-fit-live-107921,Our Parks Live,KT2 7EW,London,10 London Mews,GB,51.5161826,-0.1735317,All UK,https://ourparks.org.uk/borough/all-uk,Shahna
107922,Dance Fit LIVE,2026-12-19 09:00:00+00:00,2026-12-19 10:00:00+00:00,PT60M,Dance Fitness,Intermediate,0.0,0,True,Your streaming device,https://ourparks.org.uk/borough/dance-fit-live-107922,Our Parks Live,KT2 7EW,London,10 London Mews,GB,51.5161826,-0.1735317,All UK,https://ourparks.org.uk/borough/all-uk,Shahna
107923,Dance Fit LIVE,2026-12-26 09:00:00+00:00,2026-12-26 10:00:00+00:00,PT60M,Dance Fitness,Intermediate,0.0,0,True,Your streaming device,https://ourparks.org.uk/borough/dance-fit-live-107923,Our Parks Live,KT2 7EW,London,10 London Mews,GB,51.5161826,-0.1735317,All UK,https://ourparks.org.uk/borough/all-uk,Shahna
104845,Bootcamp,2026-01-27 09:30:00+00:00,2026-01-27 10:30:00+00:00,PT60M,Bootcamp,Intermediate,29.0,29,True,The Playground,https://ourparks.org.uk/borough/bootcamp-104845,Barra Hall Park,UB3 2NH,London,Barra Hill Park,GB,51.5179777,-0.4235929,Hillingdon,https://ourparks.org.uk/borough/hillingdon,Sheila
106331,Low Impact Stretch,2026-01-30 09:30:00+00:00,2026-01-30 10:30:00+00:00,PT60M,Yoga,Intermediate,30.0,30,True,Reception,https://ourparks.org.uk/borough/low-impact-stretch-106331,Slade Green and Howbury Community Library,DA8 2EL,Erith,Chrome Road,GB,51.473514486295,0.191187423012,London Borough of Bexley,https://ourparks.org.uk/borough/london-borough-bexley,Kelly
98318,Bootcamp,2026-01-15 08:30:00+00:00,2026-01-15 09:30:00+00:00,PT60M,Bootcamp,Intermediate,29.0,29,True,Play Area,https://ourparks.org.uk/borough/bootcamp-98318,Harefield Village Green,UB9 6EG,Harefield,Harefield Village Green,GB,51.604697285476,-0.480577927343,Hillingdon,https://ourparks.org.uk/borough/hillingdon,Sheila
106329,Low Impact Stretch,2026-01-16 10:00:00+00:00,2026-01-16 11:00:00+00:00,PT60M,Yoga,Intermediate,30.0,30,True,Reception,https://ourparks.org.uk/borough/low-impact-stretch-106329,Slade Green and Howbury Community Library,DA8 2EL,Erith,Chrome Road,GB,51.473514486295,0.191187423012,London Borough of Bexley,https://ourparks.org.uk/borough/london-borough-bexley,Stefanie
106330,Low Impact Stretch,2026-01-23 10:00:00+00:00,2026-01-23 11:00:00+00:00,PT60M,Yoga,Intermediate,30.0,30,True,Reception,https://ourparks.org.uk/borough/low-impact-stretch-106330,Slade Green and Howbury Community Library,DA8 2EL,Erith,Chrome Road,GB,51.473514486295,0.191187423012,London Borough of Bexley,https://ourparks.org.uk/borough/london-borough-bexley,Stefanie
107098,Bootcamp,2026-01-18 08:30:00+00:00,2026-01-18 09:30:00+00:00,PT60M,Bootcamp,Intermediate,29.0,29,True,"Green space in front Roehampton Gate (opposite Colicci Roehampton Gate Café, car park & toilets)",https://ourparks.org.uk/borough/bootcamp-107098,Richmond Park,KT2 7SS,London,Broomfield Hill Car Park,GB,51.432184462701,-0.269421501853,The Royal Parks,https://ourparks.org.uk/borough/royal-parks,NROB 
105414,Low Impact Stretch,2026-01-20 13:00:00+00:00,2026-01-20 14:00:00+00:00,PT60M,Tai Chi,Beginner,11.0,11,True,Children’s area,https://ourparks.org.uk/borough/low-impact-stretch-105414,Kingsbury Library,NW9 9HE,London,522-524 Kingsbury Road,GB,51.5860156,-0.2765225,Brent,https://ourparks.org.uk/borough/brent-0,Neeraj
103828,Bootcamp,2026-01-20 08:00:00+00:00,2026-01-20 09:00:00+00:00,PT60M,Bootcamp,Intermediate,29.0,29,True,Field by Gloucester Gate playground,https://ourparks.org.uk/borough/bootcamp-103828,Regents Park,NW1 4HG,London,The Regent’s Park,GB,51.534602890205,-0.14999467612,The Royal Parks,https://ourparks.org.uk/borough/royal-parks,Steve
107725,RISE & SHINE LIVE YOGA,2026-01-28 06:30:00+00:00,2026-01-28 07:30:00+00:00,PT60M,Yoga,Intermediate,0.0,0,True,Your streaming device,https://ourparks.org.uk/borough/rise-shine-live-yoga-107725,Our Parks Live,KT2 7EW,London,10 London Mews,GB,51.5161826,-0.1735317,All UK,https://ourparks.org.uk/borough/all-uk,Olga
105524,Strength building class,2026-02-13 13:00:00+00:00,2026-02-13 14:00:00+00:00,PT60M,Yoga,Beginner,15.0,15,True,Carolyn Downs Community Room,https://ourparks.org.uk/borough/strength-building-class-105524,Harlesden Library,NW10 8SE,Harlesden,Craven Park Road,GB,51.538725110209,-0.25043846365,Brent,https://ourparks.org.uk/borough/brent-0,Cindy
105526,Strength building class,2026-02-27 13:00:00+00:00,2026-02-27 14:00:00+00:00,PT60M,Yoga,Beginner,15.0,15,True,Carolyn Downs Community Room,https://ourparks.org.uk/borough/strength-building-class-105526,Harlesden Library,NW10 8SE,Harlesden,Craven Park Road,GB,51.538725110209,-0.25043846365,Brent,https://ourparks.org.uk/borough/brent-0,Cindy
105527,Strength building class,2026-03-06 13:00:00+00:00,2026-03-06 14:00:00+00:00,PT60M,Yoga,Beginner,15.0,15,True,Carolyn Downs Community Room,https://ourparks.org.uk/borough/strength-building-class-105527,Harlesden Library,NW10 8SE,Harlesden,Craven Park Road,GB,51.538725110209,-0.25043846365,Brent,https://ourparks.org.uk/borough/brent-0,Cindy
105529,Strength building class,2026-03-20 13:00:00+00:00,2026-03-20 14:00:00+00:00,PT60M,Yoga,Beginner,15.0,15,True,Carolyn Downs Community Room,https://ourparks.org.uk/borough/strength-building-class-105529,Harlesden Library,NW10 8SE,Harlesden,Craven Park Road,GB,51.538725110209,-0.25043846365,Brent,https://ourparks.org.uk/borough/brent-0,Cindy
105530,Strength building class,2026-03-27 13:00:00+00:00,2026-03-27 14:00:00+00:00,PT60M,Yoga,Beginner,15.0,15,True,Carolyn Downs Community Room,https://ourparks.org.uk/borough/strength-building-class-105530,Harlesden Library,NW10 8SE,Harlesden,Craven Park Road,GB,51.538725110209,-0.25043846365,Brent,https://ourparks.org.uk/borough/brent-0,Cindy
105533,Strength building class,2026-04-17 13:00:00+00:00,2026-04-17 14:00:00+00:00,PT60M,Yoga,Beginner,15.0,15,True,Carolyn Downs Community Room,https://ourparks.org.uk/borough/strength-building-class-105533,Harlesden Library,NW10 8SE,Harlesden,Craven Park Road,GB,51.538725110209,-0.25043846365,Brent,https://ourparks.org.uk/borough/brent-0,Cindy
105535,Strength building class,2026-05-01 13:00:00+00:00,2026-05-01 14:00:00+00:00,PT60M,Yoga,Beginner,15.0,15,True,Carolyn Downs Community Room,https://ourparks.org.uk/borough/strength-building-class-105535,Harlesden Library,NW10 8SE,Harlesden,Craven Park Road,GB,51.538725110209,-0.25043846365,Brent,https://ourparks.org.uk/borough/brent-0,Cindy
105536,Strength building class,2026-05-08 13:00:00+00:00,2026-05-08 14:00:00+00:00,PT60M,Yoga,Beginner,15.0,15,True,Carolyn Downs Community Room,https://ourparks.org.uk/borough/strength-building-class-105536,Harlesden Library,NW10 8SE,Harlesden,Craven Park Road,GB,51.538725110209,-0.25043846365,Brent,https://ourparks.org.uk/borough/brent-0,Cindy
105537,Strength building class,2026-05-15 13:00:00+00:00,2026-05-15 14:00:00+00:00,PT60M,Yoga,Beginner,15.0,15,True,Carolyn Downs Community Room,https://ourparks.org.uk/borough/strength-building-class-105537,Harlesden Library,NW10 8SE,Harlesden,Craven Park Road,GB,51.538725110209,-0.25043846365,Brent,https://ourparks.org.uk/borough/brent-0,Cindy
105538,Strength building class,2026-05-22 13:00:00+00:00,2026-05-22 14:00:00+00:00,PT60M,Yoga,Beginner,15.0,15,True,Carolyn Downs Community Room,https://ourparks.org.uk/borough/strength-building-class-105538,Harlesden Library,NW10 8SE,Harlesden,Craven Park Road,GB,51.538725110209,-0.25043846365,Brent,https://ourparks.org.uk/borough/brent-0,Cindy
105540,Strength building class,2026-06-05 13:00:00+00:00,2026-06-05 14:00:00+00:00,PT60M,Yoga,Beginner,15.0,15,True,Carolyn Downs Community Room,https://ourparks.org.uk/borough/strength-building-class-105540,Harlesden Library,NW10 8SE,Harlesden,Craven Park Road,GB,51.538725110209,-0.25043846365,Brent,https://ourparks.org.uk/borough/brent-0,Cindy
105541,Strength building class,2026-06-12 13:00:00+00:00,2026-06-12 14:00:00+00:00,PT60M,Yoga,Beginner,15.0,15,True,Carolyn Downs Community Room,https://ourparks.org.uk/borough/strength-building-class-105541,Harlesden Library,NW10 8SE,Harlesden,Craven Park Road,GB,51.538725110209,-0.25043846365,Brent,https://ourparks.org.uk/borough/brent-0,Cindy
105542,Strength building class,2026-06-19 13:00:00+00:00,2026-06-19 14:00:00+00:00,PT60M,Yoga,Beginner,15.0,15,True,Carolyn Downs Community Room,https://ourparks.org.uk/borough/strength-building-class-105542,Harlesden Library,NW10 8SE,Harlesden,Craven Park Road,GB,51.538725110209,-0.25043846365,Brent,https://ourparks.org.uk/borough/brent-0,Cindy
105544,Strength building class,2026-07-03 13:00:00+00:00,2026-07-03 14:00:00+00:00,PT60M,Yoga,Beginner,15.0,15,True,Carolyn Downs Community Room,https://ourparks.org.uk/borough/strength-building-class-105544,Harlesden Library,NW10 8SE,Harlesden,Craven Park Road,GB,51.538725110209,-0.25043846365,Brent,https://ourparks.org.uk/borough/brent-0,Cindy
105545,Strength building class,2026-07-10 13:00:00+00:00,2026-07-10 14:00:00+00:00,PT60M,Yoga,Beginner,15.0,15,True,Carolyn Downs Community Room,https://ourparks.org.uk/borough/strength-building-class-105545,Harlesden Library,NW10 8SE,Harlesden,Craven Park Road,GB,51.538725110209,-0.25043846365,Brent,https://ourparks.org.uk/borough/brent-0,Cindy
105546,Strength building class,2026-07-17 13:00:00+00:00,2026-07-17 14:00:00+00:00,PT60M,Yoga,Beginner,15.0,15,True,Carolyn Downs Community Room,https://ourparks.org.uk/borough/strength-building-class-105546,Harlesden Library,NW10 8SE,Harlesden,Craven Park Road,GB,51.538725110209,-0.25043846365,Brent,https://ourparks.org.uk/borough/brent-0,Cindy
105523,Strength building class,2026-02-06 13:00:00+00:00,2026-02-06 14:00:00+00:00,PT60M,Yoga,Beginner,15.0,15,True,Carolyn Downs Community Room,https://ourparks.org.uk/borough/strength-building-class-105523,Harlesden Library,NW10 8SE,Harlesden,Craven Park Road,GB,51.538725110209,-0.25043846365,Brent,https://ourparks.org.uk/borough/brent-0,Dec
106939,"Abs, Bums & Thighs (ABT)",2026-01-25 09:00:00+00:00,2026-01-25 10:00:00+00:00,PT60M,Abs/Core,Intermediate,29.0,29,True,By the cafe,https://ourparks.org.uk/borough/abs-bums-thighs-abt-106939,Roundwood Park,NW10 3RT,Brent,Roundwood Park,GB,51.5420062,-0.2403952,Brent,https://ourparks.org.uk/borough/brent-0,Cansu
106940,"Abs, Bums & Thighs (ABT)",2026-02-01 09:00:00+00:00,2026-02-01 10:00:00+00:00,PT60M,Abs/Core,Intermediate,29.0,29,True,By the cafe,https://ourparks.org.uk/borough/abs-bums-thighs-abt-106940,Roundwood Park,NW10 3RT,Brent,Roundwood Park,GB,51.5420062,-0.2403952,Brent,https://ourparks.org.uk/borough/brent-0,Cansu
106941,"Abs, Bums & Thighs (ABT)",2026-02-08 09:00:00+00:00,2026-02-08 10:00:00+00:00,PT60M,Abs/Core,Intermediate,29.0,29,True,By the cafe,https://ourparks.org.uk/borough/abs-bums-thighs-abt-106941,Roundwood Park,NW10 3RT,Brent,Roundwood Park,GB,51.5420062,-0.2403952,Brent,https://ourparks.org.uk/borough/brent-0,Cansu
106942,"Abs, Bums & Thighs (ABT)",2026-02-15 09:00:00+00:00,2026-02-15 10:00:00+00:00,PT60M,Abs/Core,Intermediate,29.0,29,True,By the cafe,https://ourparks.org.uk/borough/abs-bums-thighs-abt-106942,Roundwood Park,NW10 3RT,Brent,Roundwood Park,GB,51.5420062,-0.2403952,Brent,https://ourparks.org.uk/borough/brent-0,Cansu
106944,"Abs, Bums & Thighs (ABT)",2026-03-01 09:00:00+00:00,2026-03-01 10:00:00+00:00,PT60M,Abs/Core,Intermediate,29.0,29,True,By the cafe,https://ourparks.org.uk/borough/abs-bums-thighs-abt-106944,Roundwood Park,NW10 3RT,Brent,Roundwood Park,GB,51.5420062,-0.2403952,Brent,https://ourparks.org.uk/borough/brent-0,Cansu
106945,"Abs, Bums & Thighs (ABT)",2026-03-08 09:00:00+00:00,2026-03-08 10:00:00+00:00,PT60M,Abs/Core,Intermediate,29.0,29,True,By the cafe,https://ourparks.org.uk/borough/abs-bums-thighs-abt-106945,Roundwood Park,NW10 3RT,Brent,Roundwood Park,GB,51.5420062,-0.2403952,Brent,https://ourparks.org.uk/borough/brent-0,Cansu
106946,"Abs, Bums & Thighs (ABT)",2026-03-15 09:00:00+00:00,2026-03-15 10:00:00+00:00,PT60M,Abs/Core,Intermediate,29.0,29,True,By the cafe,https://ourparks.org.uk/borough/abs-bums-thighs-abt-106946,Roundwood Park,NW10 3RT,Brent,Roundwood Park,GB,51.5420062,-0.2403952,Brent,https://ourparks.org.uk/borough/brent-0,Cansu
106947,"Abs, Bums & Thighs (ABT)",2026-03-22 09:00:00+00:00,2026-03-22 10:00:00+00:00,PT60M,Abs/Core,Intermediate,29.0,29,True,By the cafe,https://ourparks.org.uk/borough/abs-bums-thighs-abt-106947,Roundwood Park,NW10 3RT,Brent,Roundwood Park,GB,51.5420062,-0.2403952,Brent,https://ourparks.org.uk/borough/brent-0,Cansu
106949,"Abs, Bums & Thighs (ABT)",2026-04-05 09:00:00+00:00,2026-04-05 10:00:00+00:00,PT60M,Abs/Core,Intermediate,29.0,29,True,By the cafe,https://ourparks.org.uk/borough/abs-bums-thighs-abt-106949,Roundwood Park,NW10 3RT,Brent,Roundwood Park,GB,51.5420062,-0.2403952,Brent,https://ourparks.org.uk/borough/brent-0,Cansu
106950,"Abs, Bums & Thighs (ABT)",2026-04-12 09:00:00+00:00,2026-04-12 10:00:00+00:00,PT60M,Abs/Core,Intermediate,29.0,29,True,By the cafe,https://ourparks.org.uk/borough/abs-bums-thighs-abt-106950,Roundwood Park,NW10 3RT,Brent,Roundwood Park,GB,51.5420062,-0.2403952,Brent,https://ourparks.org.uk/borough/brent-0,Cansu
106951,"Abs, Bums & Thighs (ABT)",2026-04-19 09:00:00+00:00,2026-04-19 10:00:00+00:00,PT60M,Abs/Core,Intermediate,29.0,29,True,By the cafe,https://ourparks.org.uk/borough/abs-bums-thighs-abt-106951,Roundwood Park,NW10 3RT,Brent,Roundwood Park,GB,51.5420062,-0.2403952,Brent,https://ourparks.org.uk/borough/brent-0,Cansu
106952,"Abs, Bums & Thighs (ABT)",2026-04-26 09:00:00+00:00,2026-04-26 10:00:00+00:00,PT60M,Abs/Core,Intermediate,29.0,29,True,By the cafe,https://ourparks.org.uk/borough/abs-bums-thighs-abt-106952,Roundwood Park,NW10 3RT,Brent,Roundwood Park,GB,51.5420062,-0.2403952,Brent,https://ourparks.org.uk/borough/brent-0,Cansu
107195,Box Fit,2026-01-22 08:30:00+00:00,2026-01-22 09:30:00+00:00,PT60M,Boxing Fitness,Intermediate,29.0,29,True,Open air training ground,https://ourparks.org.uk/borough/box-fit-107195,Brockwell Park,SE24 0PA,London,Brockwell Park,GB,51.452290766375,-0.105533454431,London Borough of Lambeth,https://ourparks.org.uk/borough/london-borough-lambeth,Chrissy
107196,Box Fit,2026-01-29 08:30:00+00:00,2026-01-29 09:30:00+00:00,PT60M,Boxing Fitness,Intermediate,29.0,29,True,Open air training ground,https://ourparks.org.uk/borough/box-fit-107196,Brockwell Park,SE24 0PA,London,Brockwell Park,GB,51.452290766375,-0.105533454431,London Borough of Lambeth,https://ourparks.org.uk/borough/london-borough-lambeth,Chrissy
107197,Box Fit,2026-02-05 08:30:00+00:00,2026-02-05 09:30:00+00:00,PT60M,Boxing Fitness,Intermediate,29.0,29,True,Open air training ground,https://ourparks.org.uk/borough/box-fit-107197,Brockwell Park,SE24 0PA,London,Brockwell Park,GB,51.452290766375,-0.105533454431,London Borough of Lambeth,https://ourparks.org.uk/borough/london-borough-lambeth,Chrissy
107200,Box Fit,2026-02-26 08:30:00+00:00,2026-02-26 09:30:00+00:00,PT60M,Boxing Fitness,Intermediate,29.0,29,True,Open air training ground,https://ourparks.org.uk/borough/box-fit-107200,Brockwell Park,SE24 0PA,London,Brockwell Park,GB,51.452290766375,-0.105533454431,London Borough of Lambeth,https://ourparks.org.uk/borough/london-borough-lambeth,Chrissy
107201,Box Fit,2026-03-05 08:30:00+00:00,2026-03-05 09:30:00+00:00,PT60M,Boxing Fitness,Intermediate,29.0,29,True,Open air training ground,https://ourparks.org.uk/borough/box-fit-107201,Brockwell Park,SE24 0PA,London,Brockwell Park,GB,51.452290766375,-0.105533454431,London Borough of Lambeth,https://ourparks.org.uk/borough/london-borough-lambeth,Chrissy
107202,Box Fit,2026-03-12 08:30:00+00:00,2026-03-12 09:30:00+00:00,PT60M,Boxing Fitness,Intermediate,29.0,29,True,Open air training ground,https://ourparks.org.uk/borough/box-fit-107202,Brockwell Park,SE24 0PA,London,Brockwell Park,GB,51.452290766375,-0.105533454431,London Borough of Lambeth,https://ourparks.org.uk/borough/london-borough-lambeth,Chrissy
107203,Box Fit,2026-03-19 08:30:00+00:00,2026-03-19 09:30:00+00:00,PT60M,Boxing Fitness,Intermediate,29.0,29,True,Open air training ground,https://ourparks.org.uk/borough/box-fit-107203,Brockwell Park,SE24 0PA,London,Brockwell Park,GB,51.452290766375,-0.105533454431,London Borough of Lambeth,https://ourparks.org.uk/borough/london-borough-lambeth,Chrissy
107204,Box Fit,2026-03-26 08:30:00+00:00,2026-03-26 09:30:00+00:00,PT60M,Boxing Fitness,Intermediate,29.0,29,True,Open air training ground,https://ourparks.org.uk/borough/box-fit-107204,Brockwell Park,SE24 0PA,London,Brockwell Park,GB,51.452290766375,-0.105533454431,London Borough of Lambeth,https://ourparks.org.uk/borough/london-borough-lambeth,Chrissy
107205,Box Fit,2026-04-02 08:30:00+00:00,2026-04-02 09:30:00+00:00,PT60M,Boxing Fitness,Intermediate,29.0,29,True,Open air training ground,https://ourparks.org.uk/borough/box-fit-107205,Brockwell Park,SE24 0PA,London,Brockwell Park,GB,51.452290766375,-0.105533454431,London Borough of Lambeth,https://ourparks.org.uk/borough/london-borough-lambeth,Chrissy
107206,Box Fit,2026-04-09 08:30:00+00:00,2026-04-09 09:30:00+00:00,PT60M,Boxing Fitness,Intermediate,29.0,29,True,Open air training ground,https://ourparks.org.uk/borough/box-fit-107206,Brockwell Park,SE24 0PA,London,Brockwell Park,GB,51.452290766375,-0.105533454431,London Borough of Lambeth,https://ourparks.org.uk/borough/london-borough-lambeth,Chrissy
107208,Box Fit,2026-04-23 08:30:00+00:00,2026-04-23 09:30:00+00:00,PT60M,Boxing Fitness,Intermediate,29.0,29,True,Open air training ground,https://ourparks.org.uk/borough/box-fit-107208,Brockwell Park,SE24 0PA,London,Brockwell Park,GB,51.452290766375,-0.105533454431,London Borough of Lambeth,https://ourparks.org.uk/borough/london-borough-lambeth,Chrissy
107209,Box Fit,2026-04-30 08:30:00+00:00,2026-04-30 09:30:00+00:00,PT60M,Boxing Fitness,Intermediate,29.0,29,True,Open air training ground,https://ourparks.org.uk/borough/box-fit-107209,Brockwell Park,SE24 0PA,London,Brockwell Park,GB,51.452290766375,-0.105533454431,London Borough of Lambeth,https://ourparks.org.uk/borough/london-borough-lambeth,Chrissy
105810,Beginners Bootcamp,2026-01-24 09:00:00+00:00,2026-01-24 10:00:00+00:00,PT60M,Bootcamp,Intermediate,30.0,30,True,Open air training ground,https://ourparks.org.uk/borough/beginners-bootcamp-105810,Brockwell Park,SE24 0PA,London,Brockwell Park,GB,51.452290766375,-0.105533454431,London Borough of Lambeth,https://ourparks.org.uk/borough/london-borough-lambeth,Srikrupa 
105811,Beginners Bootcamp,2026-01-31 09:00:00+00:00,2026-01-31 10:00:00+00:00,PT60M,Bootcamp,Intermediate,30.0,30,True,Open air training ground,https://ourparks.org.uk/borough/beginners-bootcamp-105811,Brockwell Park,SE24 0PA,London,Brockwell Park,GB,51.452290766375,-0.105533454431,London Borough of Lambeth,https://ourparks.org.uk/borough/london-borough-lambeth,Srikrupa 
108631,Women’s Walking Football sessions,2026-02-07 10:00:00+00:00,2026-02-07 11:00:00+00:00,PT60M,Football,Intermediate,29.0,29,True,Football pitches by the changing rooms,https://ourparks.org.uk/borough/women%E2%80%99s-walking-football-sessions-108631,Roxbourne Park,HA5 1JF ,Pinner,Cannon Lane,GB,51.5754739,-0.3832202,London Borough of Harrow,https://ourparks.org.uk/borough/london-borough-harrow,Dyjarn 
108632,Women’s Walking Football sessions,2026-02-14 10:00:00+00:00,2026-02-14 11:00:00+00:00,PT60M,Football,Intermediate,29.0,29,True,Football pitches by the changing rooms,https://ourparks.org.uk/borough/women%E2%80%99s-walking-football-sessions-108632,Roxbourne Park,HA5 1JF ,Pinner,Cannon Lane,GB,51.5754739,-0.3832202,London Borough of Harrow,https://ourparks.org.uk/borough/london-borough-harrow,Dyjarn 
108633,Women’s Walking Football sessions,2026-02-21 10:00:00+00:00,2026-02-21 11:00:00+00:00,PT60M,Football,Intermediate,29.0,29,True,Football pitches by the changing rooms,https://ourparks.org.uk/borough/women%E2%80%99s-walking-football-sessions-108633,Roxbourne Park,HA5 1JF ,Pinner,Cannon Lane,GB,51.5754739,-0.3832202,London Borough of Harrow,https://ourparks.org.uk/borough/london-borough-harrow,Dyjarn 
108634,Women’s Walking Football sessions,2026-02-28 10:00:00+00:00,2026-02-28 11:00:00+00:00,PT60M,Football,Intermediate,29.0,29,True,Football pitches by the changing rooms,https://ourparks.org.uk/borough/women%E2%80%99s-walking-football-sessions-108634,Roxbourne Park,HA5 1JF ,Pinner,Cannon Lane,GB,51.5754739,-0.3832202,London Borough of Harrow,https://ourparks.org.uk/borough/london-borough-harrow,Dyjarn 
108635,Women’s Walking Football sessions,2026-03-07 10:00:00+00:00,2026-03-07 11:00:00+00:00,PT60M,Football,Intermediate,29.0,29,True,Football pitches by the changing rooms,https://ourparks.org.uk/borough/women%E2%80%99s-walking-football-sessions-108635,Roxbourne Park,HA5 1JF ,Pinner,Cannon Lane,GB,51.5754739,-0.3832202,London Borough of Harrow,https://ourparks.org.uk/borough/london-borough-harrow,Dyjarn 
108636,Women’s Walking Football sessions,2026-03-14 10:00:00+00:00,2026-03-14 11:00:00+00:00,PT60M,Football,Intermediate,29.0,29,True,Football pitches by the changing rooms,https://ourparks.org.uk/borough/women%E2%80%99s-walking-football-sessions-108636,Roxbourne Park,HA5 1JF ,Pinner,Cannon Lane,GB,51.5754739,-0.3832202,London Borough of Harrow,https://ourparks.org.uk/borough/london-borough-harrow,Dyjarn 
108641,Women’s Walking Football sessions,2026-04-18 10:00:00+00:00,2026-04-18 11:00:00+00:00,PT60M,Football,Intermediate,29.0,29,True,Football pitches by the changing rooms,https://ourparks.org.uk/borough/women%E2%80%99s-walking-football-sessions-108641,Roxbourne Park,HA5 1JF ,Pinner,Cannon Lane,GB,51.5754739,-0.3832202,London Borough of Harrow,https://ourparks.org.uk/borough/london-borough-harrow,Dyjarn 
108642,Women’s Walking Football sessions,2026-04-25 10:00:00+00:00,2026-04-25 11:00:00+00:00,PT60M,Football,Intermediate,29.0,29,True,Football pitches by the changing rooms,https://ourparks.org.uk/borough/women%E2%80%99s-walking-football-sessions-108642,Roxbourne Park,HA5 1JF ,Pinner,Cannon Lane,GB,51.5754739,-0.3832202,London Borough of Harrow,https://ourparks.org.uk/borough/london-borough-harrow,Dyjarn 
108644,Women’s Walking Football sessions,2026-05-09 10:00:00+00:00,2026-05-09 11:00:00+00:00,PT60M,Football,Intermediate,29.0,29,True,Football pitches by the changing rooms,https://ourparks.org.uk/borough/women%E2%80%99s-walking-football-sessions-108644,Roxbourne Park,HA5 1JF ,Pinner,Cannon Lane,GB,51.5754739,-0.3832202,London Borough of Harrow,https://ourparks.org.uk/borough/london-borough-harrow,Dyjarn 
108647,Under 11s Girls' Football,2026-02-07 09:00:00+00:00,2026-02-07 10:00:00+00:00,PT60M,Football,Intermediate,29.0,29,True,Football pitches by the changing rooms,https://ourparks.org.uk/borough/under-11s-girls-football-108647,Roxbourne Park,HA5 1JF ,Pinner,Cannon Lane,GB,51.5754739,-0.3832202,London Borough of Harrow,https://ourparks.org.uk/borough/london-borough-harrow,Dyjarn 
108648,Under 11s Girls' Football,2026-02-14 09:00:00+00:00,2026-02-14 10:00:00+00:00,PT60M,Football,Intermediate,29.0,29,True,Football pitches by the changing rooms,https://ourparks.org.uk/borough/under-11s-girls-football-108648,Roxbourne Park,HA5 1JF ,Pinner,Cannon Lane,GB,51.5754739,-0.3832202,London Borough of Harrow,https://ourparks.org.uk/borough/london-borough-harrow,Dyjarn 
108649,Under 11s Girls' Football,2026-02-21 09:00:00+00:00,2026-02-21 10:00:00+00:00,PT60M,Football,Intermediate,29.0,29,True,Football pitches by the changing rooms,https://ourparks.org.uk/borough/under-11s-girls-football-108649,Roxbourne Park,HA5 1JF ,Pinner,Cannon Lane,GB,51.5754739,-0.3832202,London Borough of Harrow,https://ourparks.org.uk/borough/london-borough-harrow,Dyjarn 
108650,Under 11s Girls' Football,2026-02-28 09:00:00+00:00,2026-02-28 10:00:00+00:00,PT60M,Football,Intermediate,29.0,29,True,Football pitches by the changing rooms,https://ourparks.org.uk/borough/under-11s-girls-football-108650,Roxbourne Park,HA5 1JF ,Pinner,Cannon Lane,GB,51.5754739,-0.3832202,London Borough of Harrow,https://ourparks.org.uk/borough/london-borough-harrow,Dyjarn 
108651,Under 11s Girls' Football,2026-03-07 09:00:00+00:00,2026-03-07 10:00:00+00:00,PT60M,Football,Intermediate,29.0,29,True,Football pitches by the changing rooms,https://ourparks.org.uk/borough/under-11s-girls-football-108651,Roxbourne Park,HA5 1JF ,Pinner,Cannon Lane,GB,51.5754739,-0.3832202,London Borough of Harrow,https://ourparks.org.uk/borough/london-borough-harrow,Dyjarn 
108652,Under 11s Girls' Football,2026-03-14 09:00:00+00:00,2026-03-14 10:00:00+00:00,PT60M,Football,Intermediate,29.0,29,True,Football pitches by the changing rooms,https://ourparks.org.uk/borough/under-11s-girls-football-108652,Roxbourne Park,HA5 1JF ,Pinner,Cannon Lane,GB,51.5754739,-0.3832202,London Borough of Harrow,https://ourparks.org.uk/borough/london-borough-harrow,Dyjarn 
108656,Under 15s Girls' Football,2026-02-07 10:00:00+00:00,2026-02-07 11:00:00+00:00,PT60M,Football,Intermediate,29.0,29,True,Football pitches by the changing rooms,https://ourparks.org.uk/borough/under-15s-girls-football-108656,Roxbourne Park,HA5 1JF ,Pinner,Cannon Lane,GB,51.5754739,-0.3832202,London Borough of Harrow,https://ourparks.org.uk/borough/london-borough-harrow,Navi
108657,Under 15s Girls' Football,2026-02-14 10:00:00+00:00,2026-02-14 11:00:00+00:00,PT60M,Football,Intermediate,29.0,29,True,Football pitches by the changing rooms,https://ourparks.org.uk/borough/under-15s-girls-football-108657,Roxbourne Park,HA5 1JF ,Pinner,Cannon Lane,GB,51.5754739,-0.3832202,London Borough of Harrow,https://ourparks.org.uk/borough/london-borough-harrow,Navi
108658,Under 15s Girls' Football,2026-02-21 10:00:00+00:00,2026-02-21 11:00:00+00:00,PT60M,Football,Intermediate,29.0,29,True,Football pitches by the changing rooms,https://ourparks.org.uk/borough/under-15s-girls-football-108658,Roxbourne Park,HA5 1JF ,Pinner,Cannon Lane,GB,51.5754739,-0.3832202,London Borough of Harrow,https://ourparks.org.uk/borough/london-borough-harrow,Navi
108659,Under 15s Girls' Football,2026-02-28 10:00:00+00:00,2026-02-28 11:00:00+00:00,PT60M,Football,Intermediate,29.0,29,True,Football pitches by the changing rooms,https://ourparks.org.uk/borough/under-15s-girls-football-108659,Roxbourne Park,HA5 1JF ,Pinner,Cannon Lane,GB,51.5754739,-0.3832202,London Borough of Harrow,https://ourparks.org.uk/borough/london-borough-harrow,Navi
108660,Under 15s Girls' Football,2026-03-07 10:00:00+00:00,2026-03-07 11:00:00+00:00,PT60M,Football,Intermediate,29.0,29,True,Football pitches by the changing rooms,https://ourparks.org.uk/borough/under-15s-girls-football-108660,Roxbourne Park,HA5 1JF ,Pinner,Cannon Lane,GB,51.5754739,-0.3832202,London Borough of Harrow,https://ourparks.org.uk/borough/london-borough-harrow,Navi
108661,Under 15s Girls' Football,2026-03-14 10:00:00+00:00,2026-03-14 11:00:00+00:00,PT60M,Football,Intermediate,29.0,29,True,Football pitches by the changing rooms,https://ourparks.org.uk/borough/under-15s-girls-football-108661,Roxbourne Park,HA5 1JF ,Pinner,Cannon Lane,GB,51.5754739,-0.3832202,London Borough of Harrow,https://ourparks.org.uk/borough/london-borough-harrow,Navi
108674,Bootcamp,2026-02-14 09:00:00+00:00,2026-02-14 10:00:00+00:00,PT60M,Bootcamp,Intermediate,0.0,0,True,Meeting by the playground swing park in Slade Green Recreational Ground,https://ourparks.org.uk/borough/bootcamp-108674,Slade Green Recreational Ground,DA8 2LX,Bexley,Slade Green,GB,51.469708263156,0.198783354461,London Borough of Bexley,https://ourparks.org.uk/borough/london-borough-bexley,Danni
108675,Bootcamp,2026-02-21 09:00:00+00:00,2026-02-21 10:00:00+00:00,PT60M,Bootcamp,Intermediate,0.0,0,True,Meeting by the playground swing park in Slade Green Recreational Ground,https://ourparks.org.uk/borough/bootcamp-108675,Slade Green Recreational Ground,DA8 2LX,Bexley,Slade Green,GB,51.469708263156,0.198783354461,London Borough of Bexley,https://ourparks.org.uk/borough/london-borough-bexley,Danni
108676,Bootcamp,2026-02-28 09:00:00+00:00,2026-02-28 10:00:00+00:00,PT60M,Bootcamp,Intermediate,0.0,0,True,Meeting by the playground swing park in Slade Green Recreational Ground,https://ourparks.org.uk/borough/bootcamp-108676,Slade Green Recreational Ground,DA8 2LX,Bexley,Slade Green,GB,51.469708263156,0.198783354461,London Borough of Bexley,https://ourparks.org.uk/borough/london-borough-bexley,Danni
108678,Bootcamp,2026-02-14 08:30:00+00:00,2026-02-14 09:30:00+00:00,PT60M,Bootcamp,Intermediate,29.0,29,True,Beddington Park car park (South),https://ourparks.org.uk/borough/bootcamp-108678,Beddington Park,SM6 7NN,Wallington,Church Road,GB,51.369874622426,-0.147107063538,Sutton,https://ourparks.org.uk/borough/sutton,Premika
108679,Bootcamp,2026-02-21 08:30:00+00:00,2026-02-21 09:30:00+00:00,PT60M,Bootcamp,Intermediate,29.0,29,True,Beddington Park car park (South),https://ourparks.org.uk/borough/bootcamp-108679,Beddington Park,SM6 7NN,Wallington,Church Road,GB,51.369874622426,-0.147107063538,Sutton,https://ourparks.org.uk/borough/sutton,Premika
108680,Bootcamp,2026-02-28 08:30:00+00:00,2026-02-28 09:30:00+00:00,PT60M,Bootcamp,Intermediate,29.0,29,True,Beddington Park car park (South),https://ourparks.org.uk/borough/bootcamp-108680,Beddington Park,SM6 7NN,Wallington,Church Road,GB,51.369874622426,-0.147107063538,Sutton,https://ourparks.org.uk/borough/sutton,Premika
108681,Bootcamp,2026-03-07 08:30:00+00:00,2026-03-07 09:30:00+00:00,PT60M,Bootcamp,Intermediate,29.0,29,True,Beddington Park car park (South),https://ourparks.org.uk/borough/bootcamp-108681,Beddington Park,SM6 7NN,Wallington,Church Road,GB,51.369874622426,-0.147107063538,Sutton,https://ourparks.org.uk/borough/sutton,Premika
108682,Box Fit,2026-02-14 09:00:00+00:00,2026-02-14 10:00:00+00:00,PT60M,Boxing Fitness,Intermediate,29.0,29,True,By the Outdoor Gym,https://ourparks.org.uk/borough/box-fit-108682,Mabley Green,E9 5HS,London,"Stop E, Crowfoot Close",GB,51.548910987039,-0.029284231249,Hackney,https://ourparks.org.uk/borough/hackney,Roosevelt 
108683,Box Fit,2026-02-21 09:00:00+00:00,2026-02-21 10:00:00+00:00,PT60M,Boxing Fitness,Intermediate,29.0,29,True,By the Outdoor Gym,https://ourparks.org.uk/borough/box-fit-108683,Mabley Green,E9 5HS,London,"Stop E, Crowfoot Close",GB,51.548910987039,-0.029284231249,Hackney,https://ourparks.org.uk/borough/hackney,Roosevelt 
108684,Box Fit,2026-02-28 09:00:00+00:00,2026-02-28 10:00:00+00:00,PT60M,Boxing Fitness,Intermediate,29.0,29,True,By the Outdoor Gym,https://ourparks.org.uk/borough/box-fit-108684,Mabley Green,E9 5HS,London,"Stop E, Crowfoot Close",GB,51.548910987039,-0.029284231249,Hackney,https://ourparks.org.uk/borough/hackney,Roosevelt 
108685,Box Fit,2026-03-07 09:00:00+00:00,2026-03-07 10:00:00+00:00,PT60M,Boxing Fitness,Intermediate,29.0,29,True,By the Outdoor Gym,https://ourparks.org.uk/borough/box-fit-108685,Mabley Green,E9 5HS,London,"Stop E, Crowfoot Close",GB,51.548910987039,-0.029284231249,Hackney,https://ourparks.org.uk/borough/hackney,Roosevelt 
105912,Beginners Bootcamp,2026-01-29 08:00:00+00:00,2026-01-29 09:00:00+00:00,PT60M,Bootcamp,Intermediate,29.0,29,True,Green space across Lee Valley Park Bridge,https://ourparks.org.uk/borough/beginners-bootcamp-105912,Walthamstow Marshes,E10 7QL,London,Lea Bridge Road,GB,51.564823676338,-0.045328683324,Waltham Forest,https://ourparks.org.uk/borough/waltham-forest,Albert
105945,"Legs, Bums & Tums (LBT)",2026-01-31 09:30:00+00:00,2026-01-31 10:30:00+00:00,PT60M,Abs/Core,Intermediate,29.0,29,True,Green space across Lee Valley Park Bridge,https://ourparks.org.uk/borough/legs-bums-tums-lbt-105945,Walthamstow Marshes,E10 7QL,London,Lea Bridge Road,GB,51.564823676338,-0.045328683324,Waltham Forest,https://ourparks.org.uk/borough/waltham-forest,Sharron
105913,Beginners Bootcamp,2026-02-05 09:00:00+00:00,2026-02-05 10:00:00+00:00,PT60M,Bootcamp,Intermediate,29.0,29,True,Green space across Lee Valley Park Bridge,https://ourparks.org.uk/borough/beginners-bootcamp-105913,Walthamstow Marshes,E10 7QL,London,Lea Bridge Road,GB,51.564823676338,-0.045328683324,Waltham Forest,https://ourparks.org.uk/borough/waltham-forest,Albert
104899,Bootcamp,2026-02-07 09:00:00+00:00,2026-02-07 10:00:00+00:00,PT60M,Bootcamp,Intermediate,29.0,29,True,By the Outdoor Gym,https://ourparks.org.uk/borough/bootcamp-104899,Hillingdon Court Park,UB10 9NT,Uxbridge,Court Park,GB,51.542145414625,-0.453846634192,Hillingdon,https://ourparks.org.uk/borough/hillingdon,Sheila
104900,Bootcamp,2026-02-14 09:00:00+00:00,2026-02-14 10:00:00+00:00,PT60M,Bootcamp,Intermediate,29.0,29,True,By the Outdoor Gym,https://ourparks.org.uk/borough/bootcamp-104900,Hillingdon Court Park,UB10 9NT,Uxbridge,Court Park,GB,51.542145414625,-0.453846634192,Hillingdon,https://ourparks.org.uk/borough/hillingdon,Sheila
104901,Bootcamp,2026-02-21 09:00:00+00:00,2026-02-21 10:00:00+00:00,PT60M,Bootcamp,Intermediate,29.0,29,True,By the Outdoor Gym,https://ourparks.org.uk/borough/bootcamp-104901,Hillingdon Court Park,UB10 9NT,Uxbridge,Court Park,GB,51.542145414625,-0.453846634192,Hillingdon,https://ourparks.org.uk/borough/hillingdon,Sheila
104903,Bootcamp,2026-03-07 09:00:00+00:00,2026-03-07 10:00:00+00:00,PT60M,Bootcamp,Intermediate,29.0,29,True,By the Outdoor Gym,https://ourparks.org.uk/borough/bootcamp-104903,Hillingdon Court Park,UB10 9NT,Uxbridge,Court Park,GB,51.542145414625,-0.453846634192,Hillingdon,https://ourparks.org.uk/borough/hillingdon,Sheila
104904,Bootcamp,2026-03-14 09:00:00+00:00,2026-03-14 10:00:00+00:00,PT60M,Bootcamp,Intermediate,29.0,29,True,By the Outdoor Gym,https://ourparks.org.uk/borough/bootcamp-104904,Hillingdon Court Park,UB10 9NT,Uxbridge,Court Park,GB,51.542145414625,-0.453846634192,Hillingdon,https://ourparks.org.uk/borough/hillingdon,Sheila
104905,Bootcamp,2026-03-21 09:00:00+00:00,2026-03-21 10:00:00+00:00,PT60M,Bootcamp,Intermediate,29.0,29,True,By the Outdoor Gym,https://ourparks.org.uk/borough/bootcamp-104905,Hillingdon Court Park,UB10 9NT,Uxbridge,Court Park,GB,51.542145414625,-0.453846634192,Hillingdon,https://ourparks.org.uk/borough/hillingdon,Sheila
104906,Bootcamp,2026-03-28 09:00:00+00:00,2026-03-28 10:00:00+00:00,PT60M,Bootcamp,Intermediate,29.0,29,True,By the Outdoor Gym,https://ourparks.org.uk/borough/bootcamp-104906,Hillingdon Court Park,UB10 9NT,Uxbridge,Court Park,GB,51.542145414625,-0.453846634192,Hillingdon,https://ourparks.org.uk/borough/hillingdon,Sheila
108136,Bootcamp,2026-02-07 09:00:00+00:00,2026-02-07 10:00:00+00:00,PT60M,Bootcamp,Intermediate,29.0,29,True,Outdoor gym area,https://ourparks.org.uk/borough/bootcamp-108136,Victory Park (E20),E20 2ST,London,Victory Park,GB,51.546291703992,-0.00978845673,East Village,https://ourparks.org.uk/borough/east-village,Albert
106446,Bootcamp,2026-02-14 09:00:00+00:00,2026-02-14 10:00:00+00:00,PT60M,Bootcamp,Intermediate,29.0,29,True,Hard surface by Kids Play Area near car park,https://ourparks.org.uk/borough/bootcamp-106446,Hoblingwell Wood Recreation Ground,BR5 2QB,Orpington,Hoblingwell Recreation Ground,GB,51.402261016538,0.099742592442,Bromley,https://ourparks.org.uk/borough/bromley,Katy
108734,Bootcamp,2026-02-21 09:00:00+00:00,2026-02-21 10:00:00+00:00,PT60M,Bootcamp,Intermediate,29.0,29,True,Hard surface by Kids Play Area near car park,https://ourparks.org.uk/borough/bootcamp-108734,Hoblingwell Wood Recreation Ground,BR5 2QB,Orpington,Hoblingwell Recreation Ground,GB,51.402261016538,0.099742592442,Bromley,https://ourparks.org.uk/borough/bromley,Katy
108735,Bootcamp,2026-02-28 09:00:00+00:00,2026-02-28 10:00:00+00:00,PT60M,Bootcamp,Intermediate,29.0,29,True,Hard surface by Kids Play Area near car park,https://ourparks.org.uk/borough/bootcamp-108735,Hoblingwell Wood Recreation Ground,BR5 2QB,Orpington,Hoblingwell Recreation Ground,GB,51.402261016538,0.099742592442,Bromley,https://ourparks.org.uk/borough/bromley,Katy
108736,Bootcamp,2026-03-07 09:00:00+00:00,2026-03-07 10:00:00+00:00,PT60M,Bootcamp,Intermediate,29.0,29,True,Hard surface by Kids Play Area near car park,https://ourparks.org.uk/borough/bootcamp-108736,Hoblingwell Wood Recreation Ground,BR5 2QB,Orpington,Hoblingwell Recreation Ground,GB,51.402261016538,0.099742592442,Bromley,https://ourparks.org.uk/borough/bromley,Katy
108738,Bootcamp,2026-03-21 09:00:00+00:00,2026-03-21 10:00:00+00:00,PT60M,Bootcamp,Intermediate,29.0,29,True,Hard surface by Kids Play Area near car park,https://ourparks.org.uk/borough/bootcamp-108738,Hoblingwell Wood Recreation Ground,BR5 2QB,Orpington,Hoblingwell Recreation Ground,GB,51.402261016538,0.099742592442,Bromley,https://ourparks.org.uk/borough/bromley,Katy
108739,Bootcamp,2026-03-28 09:00:00+00:00,2026-03-28 10:00:00+00:00,PT60M,Bootcamp,Intermediate,29.0,29,True,Hard surface by Kids Play Area near car park,https://ourparks.org.uk/borough/bootcamp-108739,Hoblingwell Wood Recreation Ground,BR5 2QB,Orpington,Hoblingwell Recreation Ground,GB,51.402261016538,0.099742592442,Bromley,https://ourparks.org.uk/borough/bromley,Katy
108743,Bootcamp,2026-04-25 09:00:00+00:00,2026-04-25 10:00:00+00:00,PT60M,Bootcamp,Intermediate,29.0,29,True,Hard surface by Kids Play Area near car park,https://ourparks.org.uk/borough/bootcamp-108743,Hoblingwell Wood Recreation Ground,BR5 2QB,Orpington,Hoblingwell Recreation Ground,GB,51.402261016538,0.099742592442,Bromley,https://ourparks.org.uk/borough/bromley,Katy
108745,Bootcamp,2026-05-09 09:00:00+00:00,2026-05-09 10:00:00+00:00,PT60M,Bootcamp,Intermediate,29.0,29,True,Hard surface by Kids Play Area near car park,https://ourparks.org.uk/borough/bootcamp-108745,Hoblingwell Wood Recreation Ground,BR5 2QB,Orpington,Hoblingwell Recreation Ground,GB,51.402261016538,0.099742592442,Bromley,https://ourparks.org.uk/borough/bromley,Katy
108747,Bootcamp,2026-05-23 09:00:00+00:00,2026-05-23 10:00:00+00:00,PT60M,Bootcamp,Intermediate,29.0,29,True,Hard surface by Kids Play Area near car park,https://ourparks.org.uk/borough/bootcamp-108747,Hoblingwell Wood Recreation Ground,BR5 2QB,Orpington,Hoblingwell Recreation Ground,GB,51.402261016538,0.099742592442,Bromley,https://ourparks.org.uk/borough/bromley,Katy
108748,Bootcamp,2026-05-30 09:00:00+00:00,2026-05-30 10:00:00+00:00,PT60M,Bootcamp,Intermediate,29.0,29,True,Hard surface by Kids Play Area near car park,https://ourparks.org.uk/borough/bootcamp-108748,Hoblingwell Wood Recreation Ground,BR5 2QB,Orpington,Hoblingwell Recreation Ground,GB,51.402261016538,0.099742592442,Bromley,https://ourparks.org.uk/borough/bromley,Katy
108750,Bootcamp,2026-06-13 09:00:00+00:00,2026-06-13 10:00:00+00:00,PT60M,Bootcamp,Intermediate,29.0,29,True,Hard surface by Kids Play Area near car park,https://ourparks.org.uk/borough/bootcamp-108750,Hoblingwell Wood Recreation Ground,BR5 2QB,Orpington,Hoblingwell Recreation Ground,GB,51.402261016538,0.099742592442,Bromley,https://ourparks.org.uk/borough/bromley,Katy
108752,Bootcamp,2026-06-27 09:00:00+00:00,2026-06-27 10:00:00+00:00,PT60M,Bootcamp,Intermediate,29.0,29,True,Hard surface by Kids Play Area near car park,https://ourparks.org.uk/borough/bootcamp-108752,Hoblingwell Wood Recreation Ground,BR5 2QB,Orpington,Hoblingwell Recreation Ground,GB,51.402261016538,0.099742592442,Bromley,https://ourparks.org.uk/borough/bromley,Katy
108761,Bootcamp,2026-08-29 09:00:00+00:00,2026-08-29 10:00:00+00:00,PT60M,Bootcamp,Intermediate,29.0,29,True,Hard surface by Kids Play Area near car park,https://ourparks.org.uk/borough/bootcamp-108761,Hoblingwell Wood Recreation Ground,BR5 2QB,Orpington,Hoblingwell Recreation Ground,GB,51.402261016538,0.099742592442,Bromley,https://ourparks.org.uk/borough/bromley,Katy
108762,Bootcamp,2026-09-05 09:00:00+00:00,2026-09-05 10:00:00+00:00,PT60M,Bootcamp,Intermediate,29.0,29,True,Hard surface by Kids Play Area near car park,https://ourparks.org.uk/borough/bootcamp-108762,Hoblingwell Wood Recreation Ground,BR5 2QB,Orpington,Hoblingwell Recreation Ground,GB,51.402261016538,0.099742592442,Bromley,https://ourparks.org.uk/borough/bromley,Katy
108763,Bootcamp,2026-09-12 09:00:00+00:00,2026-09-12 10:00:00+00:00,PT60M,Bootcamp,Intermediate,29.0,29,True,Hard surface by Kids Play Area near car park,https://ourparks.org.uk/borough/bootcamp-108763,Hoblingwell Wood Recreation Ground,BR5 2QB,Orpington,Hoblingwell Recreation Ground,GB,51.402261016538,0.099742592442,Bromley,https://ourparks.org.uk/borough/bromley,Katy
108764,Bootcamp,2026-09-19 09:00:00+00:00,2026-09-19 10:00:00+00:00,PT60M,Bootcamp,Intermediate,29.0,29,True,Hard surface by Kids Play Area near car park,https://ourparks.org.uk/borough/bootcamp-108764,Hoblingwell Wood Recreation Ground,BR5 2QB,Orpington,Hoblingwell Recreation Ground,GB,51.402261016538,0.099742592442,Bromley,https://ourparks.org.uk/borough/bromley,Katy
108765,Bootcamp,2026-09-26 09:00:00+00:00,2026-09-26 10:00:00+00:00,PT60M,Bootcamp,Intermediate,29.0,29,True,Hard surface by Kids Play Area near car park,https://ourparks.org.uk/borough/bootcamp-108765,Hoblingwell Wood Recreation Ground,BR5 2QB,Orpington,Hoblingwell Recreation Ground,GB,51.402261016538,0.099742592442,Bromley,https://ourparks.org.uk/borough/bromley,Katy
108766,Bootcamp,2026-10-03 09:00:00+00:00,2026-10-03 10:00:00+00:00,PT60M,Bootcamp,Intermediate,29.0,29,True,Hard surface by Kids Play Area near car park,https://ourparks.org.uk/borough/bootcamp-108766,Hoblingwell Wood Recreation Ground,BR5 2QB,Orpington,Hoblingwell Recreation Ground,GB,51.402261016538,0.099742592442,Bromley,https://ourparks.org.uk/borough/bromley,Katy
108767,Bootcamp,2026-10-10 09:00:00+00:00,2026-10-10 10:00:00+00:00,PT60M,Bootcamp,Intermediate,29.0,29,True,Hard surface by Kids Play Area near car park,https://ourparks.org.uk/borough/bootcamp-108767,Hoblingwell Wood Recreation Ground,BR5 2QB,Orpington,Hoblingwell Recreation Ground,GB,51.402261016538,0.099742592442,Bromley,https://ourparks.org.uk/borough/bromley,Katy
108768,Bootcamp,2026-10-17 09:00:00+00:00,2026-10-17 10:00:00+00:00,PT60M,Bootcamp,Intermediate,29.0,29,True,Hard surface by Kids Play Area near car park,https://ourparks.org.uk/borough/bootcamp-108768,Hoblingwell Wood Recreation Ground,BR5 2QB,Orpington,Hoblingwell Recreation Ground,GB,51.402261016538,0.099742592442,Bromley,https://ourparks.org.uk/borough/bromley,Katy
108769,Bootcamp,2026-10-24 09:00:00+00:00,2026-10-24 10:00:00+00:00,PT60M,Bootcamp,Intermediate,29.0,29,True,Hard surface by Kids Play Area near car park,https://ourparks.org.uk/borough/bootcamp-108769,Hoblingwell Wood Recreation Ground,BR5 2QB,Orpington,Hoblingwell Recreation Ground,GB,51.402261016538,0.099742592442,Bromley,https://ourparks.org.uk/borough/bromley,Katy
108770,Bootcamp,2026-10-31 09:00:00+00:00,2026-10-31 10:00:00+00:00,PT60M,Bootcamp,Intermediate,29.0,29,True,Hard surface by Kids Play Area near car park,https://ourparks.org.uk/borough/bootcamp-108770,Hoblingwell Wood Recreation Ground,BR5 2QB,Orpington,Hoblingwell Recreation Ground,GB,51.402261016538,0.099742592442,Bromley,https://ourparks.org.uk/borough/bromley,Katy
108771,Bootcamp,2026-11-07 09:00:00+00:00,2026-11-07 10:00:00+00:00,PT60M,Bootcamp,Intermediate,29.0,29,True,Hard surface by Kids Play Area near car park,https://ourparks.org.uk/borough/bootcamp-108771,Hoblingwell Wood Recreation Ground,BR5 2QB,Orpington,Hoblingwell Recreation Ground,GB,51.402261016538,0.099742592442,Bromley,https://ourparks.org.uk/borough/bromley,Katy
108772,Bootcamp,2026-11-14 09:00:00+00:00,2026-11-14 10:00:00+00:00,PT60M,Bootcamp,Intermediate,29.0,29,True,Hard surface by Kids Play Area near car park,https://ourparks.org.uk/borough/bootcamp-108772,Hoblingwell Wood Recreation Ground,BR5 2QB,Orpington,Hoblingwell Recreation Ground,GB,51.402261016538,0.099742592442,Bromley,https://ourparks.org.uk/borough/bromley,Katy
108773,Bootcamp,2026-11-21 09:00:00+00:00,2026-11-21 10:00:00+00:00,PT60M,Bootcamp,Intermediate,29.0,29,True,Hard surface by Kids Play Area near car park,https://ourparks.org.uk/borough/bootcamp-108773,Hoblingwell Wood Recreation Ground,BR5 2QB,Orpington,Hoblingwell Recreation Ground,GB,51.402261016538,0.099742592442,Bromley,https://ourparks.org.uk/borough/bromley,Katy
108774,Bootcamp,2026-11-28 09:00:00+00:00,2026-11-28 10:00:00+00:00,PT60M,Bootcamp,Intermediate,29.0,29,True,Hard surface by Kids Play Area near car park,https://ourparks.org.uk/borough/bootcamp-108774,Hoblingwell Wood Recreation Ground,BR5 2QB,Orpington,Hoblingwell Recreation Ground,GB,51.402261016538,0.099742592442,Bromley,https://ourparks.org.uk/borough/bromley,Katy
108775,Bootcamp,2026-12-05 09:00:00+00:00,2026-12-05 10:00:00+00:00,PT60M,Bootcamp,Intermediate,29.0,29,True,Hard surface by Kids Play Area near car park,https://ourparks.org.uk/borough/bootcamp-108775,Hoblingwell Wood Recreation Ground,BR5 2QB,Orpington,Hoblingwell Recreation Ground,GB,51.402261016538,0.099742592442,Bromley,https://ourparks.org.uk/borough/bromley,Katy
108776,Bootcamp,2026-12-12 09:00:00+00:00,2026-12-12 10:00:00+00:00,PT60M,Bootcamp,Intermediate,29.0,29,True,Hard surface by Kids Play Area near car park,https://ourparks.org.uk/borough/bootcamp-108776,Hoblingwell Wood Recreation Ground,BR5 2QB,Orpington,Hoblingwell Recreation Ground,GB,51.402261016538,0.099742592442,Bromley,https://ourparks.org.uk/borough/bromley,Katy
108777,Bootcamp,2026-12-19 09:00:00+00:00,2026-12-19 10:00:00+00:00,PT60M,Bootcamp,Intermediate,29.0,29,True,Hard surface by Kids Play Area near car park,https://ourparks.org.uk/borough/bootcamp-108777,Hoblingwell Wood Recreation Ground,BR5 2QB,Orpington,Hoblingwell Recreation Ground,GB,51.402261016538,0.099742592442,Bromley,https://ourparks.org.uk/borough/bromley,Katy
98326,Bootcamp,2026-03-12 08:30:00+00:00,2026-03-12 09:30:00+00:00,PT60M,Bootcamp,Intermediate,29.0,29,True,Play Area,https://ourparks.org.uk/borough/bootcamp-98326,Harefield Village Green,UB9 6EG,Harefield,Harefield Village Green,GB,51.604697285476,-0.480577927343,Hillingdon,https://ourparks.org.uk/borough/hillingdon,Sheila
98322,Bootcamp,2026-02-12 08:30:00+00:00,2026-02-12 09:30:00+00:00,PT60M,Bootcamp,Intermediate,29.0,29,True,Play Area,https://ourparks.org.uk/borough/bootcamp-98322,Harefield Village Green,UB9 6EG,Harefield,Harefield Village Green,GB,51.604697285476,-0.480577927343,Hillingdon,https://ourparks.org.uk/borough/hillingdon,Sheila
98327,Bootcamp,2026-03-19 08:30:00+00:00,2026-03-19 09:30:00+00:00,PT60M,Bootcamp,Intermediate,29.0,29,True,Play Area,https://ourparks.org.uk/borough/bootcamp-98327,Harefield Village Green,UB9 6EG,Harefield,Harefield Village Green,GB,51.604697285476,-0.480577927343,Hillingdon,https://ourparks.org.uk/borough/hillingdon,Sheila
105914,Beginners Bootcamp,2026-02-12 09:00:00+00:00,2026-02-12 10:00:00+00:00,PT60M,Bootcamp,Intermediate,29.0,29,True,Green space across Lee Valley Park Bridge,https://ourparks.org.uk/borough/beginners-bootcamp-105914,Walthamstow Marshes,E10 7QL,London,Lea Bridge Road,GB,51.564823676338,-0.045328683324,Waltham Forest,https://ourparks.org.uk/borough/waltham-forest,Albert
105426,Low Impact Stretch,2026-04-14 13:00:00+00:00,2026-04-14 14:00:00+00:00,PT60M,Tai Chi,Beginner,11.0,11,True,Children’s area,https://ourparks.org.uk/borough/low-impact-stretch-105426,Kingsbury Library,NW9 9HE,London,522-524 Kingsbury Road,GB,51.5860156,-0.2765225,Brent,https://ourparks.org.uk/borough/brent-0,Savita
106333,Low Impact Stretch,2026-02-13 09:30:00+00:00,2026-02-13 10:30:00+00:00,PT60M,Yoga,Intermediate,30.0,30,True,Reception,https://ourparks.org.uk/borough/low-impact-stretch-106333,Slade Green and Howbury Community Library,DA8 2EL,Erith,Chrome Road,GB,51.473514486295,0.191187423012,London Borough of Bexley,https://ourparks.org.uk/borough/london-borough-bexley,Kelly
107983,"Abs, Bums & Thighs (ABT)",2026-02-16 17:30:00+00:00,2026-02-16 18:30:00+00:00,PT60M,Abs/Core,Intermediate,29.0,29,True,Outdoor Gym area,https://ourparks.org.uk/borough/abs-bums-thighs-abt-107983,Victory Park (E20),E20 2ST,London,Victory Park,GB,51.546291703992,-0.00978845673,East Village,https://ourparks.org.uk/borough/east-village,Albert
105915,Beginners Bootcamp,2026-02-19 08:00:00+00:00,2026-02-19 09:00:00+00:00,PT60M,Bootcamp,Intermediate,29.0,29,True,Green space across Lee Valley Park Bridge,https://ourparks.org.uk/borough/beginners-bootcamp-105915,Walthamstow Marshes,E10 7QL,London,Lea Bridge Road,GB,51.564823676338,-0.045328683324,Waltham Forest,https://ourparks.org.uk/borough/waltham-forest,Albert
106300,Stretch & Bend,2026-02-18 08:15:00+00:00,2026-02-18 09:15:00+00:00,PT60M,Yoga,,30.0,30,True,Outdoor Gym area,https://ourparks.org.uk/borough/stretch-bend-106300,Abbey Wood Recreation Ground,DA17 5ND,Belvedere,Abbey Road,GB,51.489689281292,0.133391557591,London Borough of Bexley,https://ourparks.org.uk/borough/london-borough-bexley,NROB 
108807,Bootcamp,2026-03-14 08:30:00+00:00,2026-03-14 09:30:00+00:00,PT60M,Bootcamp,Intermediate,29.0,29,True,Beddington Park car park (South),https://ourparks.org.uk/borough/bootcamp-108807,Beddington Park,SM6 7NN,Wallington,Church Road,GB,51.369874622426,-0.147107063538,Sutton,https://ourparks.org.uk/borough/sutton,Premika
108808,Bootcamp,2026-03-21 08:30:00+00:00,2026-03-21 09:30:00+00:00,PT60M,Bootcamp,Intermediate,29.0,29,True,Beddington Park car park (South),https://ourparks.org.uk/borough/bootcamp-108808,Beddington Park,SM6 7NN,Wallington,Church Road,GB,51.369874622426,-0.147107063538,Sutton,https://ourparks.org.uk/borough/sutton,Premika
108809,Bootcamp,2026-03-28 08:30:00+00:00,2026-03-28 09:30:00+00:00,PT60M,Bootcamp,Intermediate,29.0,29,True,Beddington Park car park (South),https://ourparks.org.uk/borough/bootcamp-108809,Beddington Park,SM6 7NN,Wallington,Church Road,GB,51.369874622426,-0.147107063538,Sutton,https://ourparks.org.uk/borough/sutton,Premika
108810,Bootcamp,2026-04-04 08:30:00+00:00,2026-04-04 09:30:00+00:00,PT60M,Bootcamp,Intermediate,29.0,29,True,Beddington Park car park (South),https://ourparks.org.uk/borough/bootcamp-108810,Beddington Park,SM6 7NN,Wallington,Church Road,GB,51.369874622426,-0.147107063538,Sutton,https://ourparks.org.uk/borough/sutton,Premika
108811,Bootcamp,2026-04-11 08:30:00+00:00,2026-04-11 09:30:00+00:00,PT60M,Bootcamp,Intermediate,29.0,29,True,Beddington Park car park (South),https://ourparks.org.uk/borough/bootcamp-108811,Beddington Park,SM6 7NN,Wallington,Church Road,GB,51.369874622426,-0.147107063538,Sutton,https://ourparks.org.uk/borough/sutton,Premika
108812,Bootcamp,2026-04-18 08:30:00+00:00,2026-04-18 09:30:00+00:00,PT60M,Bootcamp,Intermediate,29.0,29,True,Beddington Park car park (South),https://ourparks.org.uk/borough/bootcamp-108812,Beddington Park,SM6 7NN,Wallington,Church Road,GB,51.369874622426,-0.147107063538,Sutton,https://ourparks.org.uk/borough/sutton,Premika
108813,Bootcamp,2026-04-25 08:30:00+00:00,2026-04-25 09:30:00+00:00,PT60M,Bootcamp,Intermediate,29.0,29,True,Beddington Park car park (South),https://ourparks.org.uk/borough/bootcamp-108813,Beddington Park,SM6 7NN,Wallington,Church Road,GB,51.369874622426,-0.147107063538,Sutton,https://ourparks.org.uk/borough/sutton,Premika
108814,Bootcamp,2026-05-02 08:30:00+00:00,2026-05-02 09:30:00+00:00,PT60M,Bootcamp,Intermediate,29.0,29,True,Beddington Park car park (South),https://ourparks.org.uk/borough/bootcamp-108814,Beddington Park,SM6 7NN,Wallington,Church Road,GB,51.369874622426,-0.147107063538,Sutton,https://ourparks.org.uk/borough/sutton,Premika
108815,Bootcamp,2026-05-09 08:30:00+00:00,2026-05-09 09:30:00+00:00,PT60M,Bootcamp,Intermediate,29.0,29,True,Beddington Park car park (South),https://ourparks.org.uk/borough/bootcamp-108815,Beddington Park,SM6 7NN,Wallington,Church Road,GB,51.369874622426,-0.147107063538,Sutton,https://ourparks.org.uk/borough/sutton,Premika
108816,Bootcamp,2026-05-16 08:30:00+00:00,2026-05-16 09:30:00+00:00,PT60M,Bootcamp,Intermediate,29.0,29,True,Beddington Park car park (South),https://ourparks.org.uk/borough/bootcamp-108816,Beddington Park,SM6 7NN,Wallington,Church Road,GB,51.369874622426,-0.147107063538,Sutton,https://ourparks.org.uk/borough/sutton,Premika
108817,Bootcamp,2026-05-23 08:30:00+00:00,2026-05-23 09:30:00+00:00,PT60M,Bootcamp,Intermediate,29.0,29,True,Beddington Park car park (South),https://ourparks.org.uk/borough/bootcamp-108817,Beddington Park,SM6 7NN,Wallington,Church Road,GB,51.369874622426,-0.147107063538,Sutton,https://ourparks.org.uk/borough/sutton,Premika
108818,Bootcamp,2026-05-30 08:30:00+00:00,2026-05-30 09:30:00+00:00,PT60M,Bootcamp,Intermediate,29.0,29,True,Beddington Park car park (South),https://ourparks.org.uk/borough/bootcamp-108818,Beddington Park,SM6 7NN,Wallington,Church Road,GB,51.369874622426,-0.147107063538,Sutton,https://ourparks.org.uk/borough/sutton,Premika
108819,Bootcamp,2026-06-06 08:30:00+00:00,2026-06-06 09:30:00+00:00,PT60M,Bootcamp,Intermediate,29.0,29,True,Beddington Park car park (South),https://ourparks.org.uk/borough/bootcamp-108819,Beddington Park,SM6 7NN,Wallington,Church Road,GB,51.369874622426,-0.147107063538,Sutton,https://ourparks.org.uk/borough/sutton,Premika
108820,Bootcamp,2026-06-13 08:30:00+00:00,2026-06-13 09:30:00+00:00,PT60M,Bootcamp,Intermediate,29.0,29,True,Beddington Park car park (South),https://ourparks.org.uk/borough/bootcamp-108820,Beddington Park,SM6 7NN,Wallington,Church Road,GB,51.369874622426,-0.147107063538,Sutton,https://ourparks.org.uk/borough/sutton,Premika
108821,Bootcamp,2026-06-20 08:30:00+00:00,2026-06-20 09:30:00+00:00,PT60M,Bootcamp,Intermediate,29.0,29,True,Beddington Park car park (South),https://ourparks.org.uk/borough/bootcamp-108821,Beddington Park,SM6 7NN,Wallington,Church Road,GB,51.369874622426,-0.147107063538,Sutton,https://ourparks.org.uk/borough/sutton,Premika
108822,Bootcamp,2026-06-27 08:30:00+00:00,2026-06-27 09:30:00+00:00,PT60M,Bootcamp,Intermediate,29.0,29,True,Beddington Park car park (South),https://ourparks.org.uk/borough/bootcamp-108822,Beddington Park,SM6 7NN,Wallington,Church Road,GB,51.369874622426,-0.147107063538,Sutton,https://ourparks.org.uk/borough/sutton,Premika
108823,Bootcamp,2026-07-04 08:30:00+00:00,2026-07-04 09:30:00+00:00,PT60M,Bootcamp,Intermediate,29.0,29,True,Beddington Park car park (South),https://ourparks.org.uk/borough/bootcamp-108823,Beddington Park,SM6 7NN,Wallington,Church Road,GB,51.369874622426,-0.147107063538,Sutton,https://ourparks.org.uk/borough/sutton,Premika
108824,Bootcamp,2026-07-11 08:30:00+00:00,2026-07-11 09:30:00+00:00,PT60M,Bootcamp,Intermediate,29.0,29,True,Beddington Park car park (South),https://ourparks.org.uk/borough/bootcamp-108824,Beddington Park,SM6 7NN,Wallington,Church Road,GB,51.369874622426,-0.147107063538,Sutton,https://ourparks.org.uk/borough/sutton,Premika
108825,Bootcamp,2026-07-18 08:30:00+00:00,2026-07-18 09:30:00+00:00,PT60M,Bootcamp,Intermediate,29.0,29,True,Beddington Park car park (South),https://ourparks.org.uk/borough/bootcamp-108825,Beddington Park,SM6 7NN,Wallington,Church Road,GB,51.369874622426,-0.147107063538,Sutton,https://ourparks.org.uk/borough/sutton,Premika
108826,Bootcamp,2026-07-25 08:30:00+00:00,2026-07-25 09:30:00+00:00,PT60M,Bootcamp,Intermediate,29.0,29,True,Beddington Park car park (South),https://ourparks.org.uk/borough/bootcamp-108826,Beddington Park,SM6 7NN,Wallington,Church Road,GB,51.369874622426,-0.147107063538,Sutton,https://ourparks.org.uk/borough/sutton,Premika
108827,Bootcamp,2026-08-01 08:30:00+00:00,2026-08-01 09:30:00+00:00,PT60M,Bootcamp,Intermediate,29.0,29,True,Beddington Park car park (South),https://ourparks.org.uk/borough/bootcamp-108827,Beddington Park,SM6 7NN,Wallington,Church Road,GB,51.369874622426,-0.147107063538,Sutton,https://ourparks.org.uk/borough/sutton,Premika
108828,Bootcamp,2026-08-08 08:30:00+00:00,2026-08-08 09:30:00+00:00,PT60M,Bootcamp,Intermediate,29.0,29,True,Beddington Park car park (South),https://ourparks.org.uk/borough/bootcamp-108828,Beddington Park,SM6 7NN,Wallington,Church Road,GB,51.369874622426,-0.147107063538,Sutton,https://ourparks.org.uk/borough/sutton,Premika
108829,Bootcamp,2026-08-15 08:30:00+00:00,2026-08-15 09:30:00+00:00,PT60M,Bootcamp,Intermediate,29.0,29,True,Beddington Park car park (South),https://ourparks.org.uk/borough/bootcamp-108829,Beddington Park,SM6 7NN,Wallington,Church Road,GB,51.369874622426,-0.147107063538,Sutton,https://ourparks.org.uk/borough/sutton,Premika
108830,Bootcamp,2026-08-22 08:30:00+00:00,2026-08-22 09:30:00+00:00,PT60M,Bootcamp,Intermediate,29.0,29,True,Beddington Park car park (South),https://ourparks.org.uk/borough/bootcamp-108830,Beddington Park,SM6 7NN,Wallington,Church Road,GB,51.369874622426,-0.147107063538,Sutton,https://ourparks.org.uk/borough/sutton,Premika
108831,Bootcamp,2026-08-29 08:30:00+00:00,2026-08-29 09:30:00+00:00,PT60M,Bootcamp,Intermediate,29.0,29,True,Beddington Park car park (South),https://ourparks.org.uk/borough/bootcamp-108831,Beddington Park,SM6 7NN,Wallington,Church Road,GB,51.369874622426,-0.147107063538,Sutton,https://ourparks.org.uk/borough/sutton,Premika
108832,Bootcamp,2026-09-05 08:30:00+00:00,2026-09-05 09:30:00+00:00,PT60M,Bootcamp,Intermediate,29.0,29,True,Beddington Park car park (South),https://ourparks.org.uk/borough/bootcamp-108832,Beddington Park,SM6 7NN,Wallington,Church Road,GB,51.369874622426,-0.147107063538,Sutton,https://ourparks.org.uk/borough/sutton,Premika
108833,Bootcamp,2026-09-12 08:30:00+00:00,2026-09-12 09:30:00+00:00,PT60M,Bootcamp,Intermediate,29.0,29,True,Beddington Park car park (South),https://ourparks.org.uk/borough/bootcamp-108833,Beddington Park,SM6 7NN,Wallington,Church Road,GB,51.369874622426,-0.147107063538,Sutton,https://ourparks.org.uk/borough/sutton,Premika
108677,Bootcamp,2026-03-07 09:00:00+00:00,2026-03-07 10:00:00+00:00,PT60M,Bootcamp,Intermediate,0.0,0,True,Meeting by the playground swing park in Slade Green Recreational Ground,https://ourparks.org.uk/borough/bootcamp-108677,Slade Green Recreational Ground,DA8 2LX,Bexley,Slade Green,GB,51.469708263156,0.198783354461,London Borough of Bexley,https://ourparks.org.uk/borough/london-borough-bexley,Danni
108786,Bootcamp,2026-04-25 09:00:00+00:00,2026-04-25 10:00:00+00:00,PT60M,Bootcamp,Intermediate,0.0,0,True,Meeting by the playground swing park in Slade Green Recreational Ground,https://ourparks.org.uk/borough/bootcamp-108786,Slade Green Recreational Ground,DA8 2LX,Bexley,Slade Green,GB,51.469708263156,0.198783354461,London Borough of Bexley,https://ourparks.org.uk/borough/london-borough-bexley,Danni
108787,Bootcamp,2026-05-02 09:00:00+00:00,2026-05-02 10:00:00+00:00,PT60M,Bootcamp,Intermediate,0.0,0,True,Meeting by the playground swing park in Slade Green Recreational Ground,https://ourparks.org.uk/borough/bootcamp-108787,Slade Green Recreational Ground,DA8 2LX,Bexley,Slade Green,GB,51.469708263156,0.198783354461,London Borough of Bexley,https://ourparks.org.uk/borough/london-borough-bexley,Danni
108788,Bootcamp,2026-05-09 09:00:00+00:00,2026-05-09 10:00:00+00:00,PT60M,Bootcamp,Intermediate,0.0,0,True,Meeting by the playground swing park in Slade Green Recreational Ground,https://ourparks.org.uk/borough/bootcamp-108788,Slade Green Recreational Ground,DA8 2LX,Bexley,Slade Green,GB,51.469708263156,0.198783354461,London Borough of Bexley,https://ourparks.org.uk/borough/london-borough-bexley,Danni
108789,Bootcamp,2026-05-16 09:00:00+00:00,2026-05-16 10:00:00+00:00,PT60M,Bootcamp,Intermediate,0.0,0,True,Meeting by the playground swing park in Slade Green Recreational Ground,https://ourparks.org.uk/borough/bootcamp-108789,Slade Green Recreational Ground,DA8 2LX,Bexley,Slade Green,GB,51.469708263156,0.198783354461,London Borough of Bexley,https://ourparks.org.uk/borough/london-borough-bexley,Danni
108790,Bootcamp,2026-05-23 09:00:00+00:00,2026-05-23 10:00:00+00:00,PT60M,Bootcamp,Intermediate,0.0,0,True,Meeting by the playground swing park in Slade Green Recreational Ground,https://ourparks.org.uk/borough/bootcamp-108790,Slade Green Recreational Ground,DA8 2LX,Bexley,Slade Green,GB,51.469708263156,0.198783354461,London Borough of Bexley,https://ourparks.org.uk/borough/london-borough-bexley,Danni
108791,Bootcamp,2026-05-30 09:00:00+00:00,2026-05-30 10:00:00+00:00,PT60M,Bootcamp,Intermediate,0.0,0,True,Meeting by the playground swing park in Slade Green Recreational Ground,https://ourparks.org.uk/borough/bootcamp-108791,Slade Green Recreational Ground,DA8 2LX,Bexley,Slade Green,GB,51.469708263156,0.198783354461,London Borough of Bexley,https://ourparks.org.uk/borough/london-borough-bexley,Danni
108792,Bootcamp,2026-06-06 09:00:00+00:00,2026-06-06 10:00:00+00:00,PT60M,Bootcamp,Intermediate,0.0,0,True,Meeting by the playground swing park in Slade Green Recreational Ground,https://ourparks.org.uk/borough/bootcamp-108792,Slade Green Recreational Ground,DA8 2LX,Bexley,Slade Green,GB,51.469708263156,0.198783354461,London Borough of Bexley,https://ourparks.org.uk/borough/london-borough-bexley,Danni
104902,Bootcamp,2026-02-28 09:00:00+00:00,2026-02-28 10:00:00+00:00,PT60M,Bootcamp,Intermediate,29.0,29,True,By the Outdoor Gym,https://ourparks.org.uk/borough/bootcamp-104902,Hillingdon Court Park,UB10 9NT,Uxbridge,Court Park,GB,51.542145414625,-0.453846634192,Hillingdon,https://ourparks.org.uk/borough/hillingdon,Karolina 
105419,Low Impact Stretch,2026-02-24 13:00:00+00:00,2026-02-24 14:00:00+00:00,PT60M,Tai Chi,Beginner,11.0,11,True,Children’s area,https://ourparks.org.uk/borough/low-impact-stretch-105419,Kingsbury Library,NW9 9HE,London,522-524 Kingsbury Road,GB,51.5860156,-0.2765225,Brent,https://ourparks.org.uk/borough/brent-0,Dec
106301,Stretch & Bend,2026-02-25 08:15:00+00:00,2026-02-25 09:15:00+00:00,PT60M,Yoga,,30.0,30,True,Outdoor Gym area,https://ourparks.org.uk/borough/stretch-bend-106301,Abbey Wood Recreation Ground,DA17 5ND,Belvedere,Abbey Road,GB,51.489689281292,0.133391557591,London Borough of Bexley,https://ourparks.org.uk/borough/london-borough-bexley,NROB 
106885,HIIT,2026-02-28 09:00:00+00:00,2026-02-28 10:00:00+00:00,PT60M,HIIT,Intermediate,30.0,30,True,Outdoor fitness area,https://ourparks.org.uk/borough/hiit-106885,Belvedere Recreation Ground (South),DA17 5EW,Belvedere,Woolwich Road,GB,51.483608256965,0.144812887406,London Borough of Bexley,https://ourparks.org.uk/borough/london-borough-bexley,H
106787,Beginners Bootcamp,2026-03-01 09:00:00+00:00,2026-03-01 10:00:00+00:00,PT60M,Bootcamp,Intermediate,30.0,30,True,Tennis Courts - Session to take place at the Outdoor gym,https://ourparks.org.uk/borough/beginners-bootcamp-106787,Danson Park,DA6 8HL,Welling,"Danson Road, Broadway",GB,51.457714156037,0.117872564391,London Borough of Bexley,https://ourparks.org.uk/borough/london-borough-bexley,H
103933,"Women & Girls ABT (Abs, Bums & Thighs)",2026-03-03 08:30:00+00:00,2026-03-03 09:30:00+00:00,PT60M,Abs/Core,Intermediate,29.0,29,True,Outdoor Gym area,https://ourparks.org.uk/borough/women-girls-abt-abs-bums-thighs-103933,Queens Park Gardens,W10 4QH,London,Queen Park Gardens,GB,51.5284574,-0.2089447,City of Westminster,https://ourparks.org.uk/borough/city-westminster,Karolina 
105214,Walking Tai Chi,2026-03-08 09:00:00+00:00,2026-03-08 10:00:00+00:00,PT60M,Tai Chi,Intermediate,29.0,29,True,Outdoor Gym area,https://ourparks.org.uk/borough/walking-tai-chi-105214,Roe Green Park,NW9 9HA,London,Kingsbury High Road Kingsbury,GB,51.586109971363,-0.269687067103,Brent,https://ourparks.org.uk/borough/brent-0,Savita
105215,Walking Tai Chi,2026-03-15 09:00:00+00:00,2026-03-15 10:00:00+00:00,PT60M,Tai Chi,Intermediate,29.0,29,True,Outdoor Gym area,https://ourparks.org.uk/borough/walking-tai-chi-105215,Roe Green Park,NW9 9HA,London,Kingsbury High Road Kingsbury,GB,51.586109971363,-0.269687067103,Brent,https://ourparks.org.uk/borough/brent-0,Savita
105216,Walking Tai Chi,2026-03-22 09:00:00+00:00,2026-03-22 10:00:00+00:00,PT60M,Tai Chi,Intermediate,29.0,29,True,Outdoor Gym area,https://ourparks.org.uk/borough/walking-tai-chi-105216,Roe Green Park,NW9 9HA,London,Kingsbury High Road Kingsbury,GB,51.586109971363,-0.269687067103,Brent,https://ourparks.org.uk/borough/brent-0,Savita
105217,Walking Tai Chi,2026-03-29 09:00:00+00:00,2026-03-29 10:00:00+00:00,PT60M,Tai Chi,Intermediate,29.0,29,True,Outdoor Gym area,https://ourparks.org.uk/borough/walking-tai-chi-105217,Roe Green Park,NW9 9HA,London,Kingsbury High Road Kingsbury,GB,51.586109971363,-0.269687067103,Brent,https://ourparks.org.uk/borough/brent-0,Savita
105218,Walking Tai Chi,2026-04-05 09:00:00+00:00,2026-04-05 10:00:00+00:00,PT60M,Tai Chi,Intermediate,29.0,29,True,Outdoor Gym area,https://ourparks.org.uk/borough/walking-tai-chi-105218,Roe Green Park,NW9 9HA,London,Kingsbury High Road Kingsbury,GB,51.586109971363,-0.269687067103,Brent,https://ourparks.org.uk/borough/brent-0,Savita
105219,Walking Tai Chi,2026-04-12 09:00:00+00:00,2026-04-12 10:00:00+00:00,PT60M,Tai Chi,Intermediate,29.0,29,True,Outdoor Gym area,https://ourparks.org.uk/borough/walking-tai-chi-105219,Roe Green Park,NW9 9HA,London,Kingsbury High Road Kingsbury,GB,51.586109971363,-0.269687067103,Brent,https://ourparks.org.uk/borough/brent-0,Savita
105220,Walking Tai Chi,2026-04-19 09:00:00+00:00,2026-04-19 10:00:00+00:00,PT60M,Tai Chi,Intermediate,29.0,29,True,Outdoor Gym area,https://ourparks.org.uk/borough/walking-tai-chi-105220,Roe Green Park,NW9 9HA,London,Kingsbury High Road Kingsbury,GB,51.586109971363,-0.269687067103,Brent,https://ourparks.org.uk/borough/brent-0,Savita
105221,Walking Tai Chi,2026-04-26 09:00:00+00:00,2026-04-26 10:00:00+00:00,PT60M,Tai Chi,Intermediate,29.0,29,True,Outdoor Gym area,https://ourparks.org.uk/borough/walking-tai-chi-105221,Roe Green Park,NW9 9HA,London,Kingsbury High Road Kingsbury,GB,51.586109971363,-0.269687067103,Brent,https://ourparks.org.uk/borough/brent-0,Savita
105222,Walking Tai Chi,2026-05-03 09:00:00+00:00,2026-05-03 10:00:00+00:00,PT60M,Tai Chi,Intermediate,29.0,29,True,Outdoor Gym area,https://ourparks.org.uk/borough/walking-tai-chi-105222,Roe Green Park,NW9 9HA,London,Kingsbury High Road Kingsbury,GB,51.586109971363,-0.269687067103,Brent,https://ourparks.org.uk/borough/brent-0,Savita
105223,Walking Tai Chi,2026-05-10 09:00:00+00:00,2026-05-10 10:00:00+00:00,PT60M,Tai Chi,Intermediate,29.0,29,True,Outdoor Gym area,https://ourparks.org.uk/borough/walking-tai-chi-105223,Roe Green Park,NW9 9HA,London,Kingsbury High Road Kingsbury,GB,51.586109971363,-0.269687067103,Brent,https://ourparks.org.uk/borough/brent-0,Savita
105224,Walking Tai Chi,2026-05-17 09:00:00+00:00,2026-05-17 10:00:00+00:00,PT60M,Tai Chi,Intermediate,29.0,29,True,Outdoor Gym area,https://ourparks.org.uk/borough/walking-tai-chi-105224,Roe Green Park,NW9 9HA,London,Kingsbury High Road Kingsbury,GB,51.586109971363,-0.269687067103,Brent,https://ourparks.org.uk/borough/brent-0,Savita
105225,Walking Tai Chi,2026-05-24 09:00:00+00:00,2026-05-24 10:00:00+00:00,PT60M,Tai Chi,Intermediate,29.0,29,True,Outdoor Gym area,https://ourparks.org.uk/borough/walking-tai-chi-105225,Roe Green Park,NW9 9HA,London,Kingsbury High Road Kingsbury,GB,51.586109971363,-0.269687067103,Brent,https://ourparks.org.uk/borough/brent-0,Savita
105226,Walking Tai Chi,2026-05-31 09:00:00+00:00,2026-05-31 10:00:00+00:00,PT60M,Tai Chi,Intermediate,29.0,29,True,Outdoor Gym area,https://ourparks.org.uk/borough/walking-tai-chi-105226,Roe Green Park,NW9 9HA,London,Kingsbury High Road Kingsbury,GB,51.586109971363,-0.269687067103,Brent,https://ourparks.org.uk/borough/brent-0,Savita
105227,Walking Tai Chi,2026-06-07 09:00:00+00:00,2026-06-07 10:00:00+00:00,PT60M,Tai Chi,Intermediate,29.0,29,True,Outdoor Gym area,https://ourparks.org.uk/borough/walking-tai-chi-105227,Roe Green Park,NW9 9HA,London,Kingsbury High Road Kingsbury,GB,51.586109971363,-0.269687067103,Brent,https://ourparks.org.uk/borough/brent-0,Savita
105228,Walking Tai Chi,2026-06-14 09:00:00+00:00,2026-06-14 10:00:00+00:00,PT60M,Tai Chi,Intermediate,29.0,29,True,Outdoor Gym area,https://ourparks.org.uk/borough/walking-tai-chi-105228,Roe Green Park,NW9 9HA,London,Kingsbury High Road Kingsbury,GB,51.586109971363,-0.269687067103,Brent,https://ourparks.org.uk/borough/brent-0,Savita
105229,Walking Tai Chi,2026-06-21 09:00:00+00:00,2026-06-21 10:00:00+00:00,PT60M,Tai Chi,Intermediate,29.0,29,True,Outdoor Gym area,https://ourparks.org.uk/borough/walking-tai-chi-105229,Roe Green Park,NW9 9HA,London,Kingsbury High Road Kingsbury,GB,51.586109971363,-0.269687067103,Brent,https://ourparks.org.uk/borough/brent-0,Savita
105230,Walking Tai Chi,2026-06-28 09:00:00+00:00,2026-06-28 10:00:00+00:00,PT60M,Tai Chi,Intermediate,29.0,29,True,Outdoor Gym area,https://ourparks.org.uk/borough/walking-tai-chi-105230,Roe Green Park,NW9 9HA,London,Kingsbury High Road Kingsbury,GB,51.586109971363,-0.269687067103,Brent,https://ourparks.org.uk/borough/brent-0,Savita
105313,Yoga,2026-03-02 13:30:00+00:00,2026-03-02 14:30:00+00:00,PT60M,Yoga,Beginner,15.0,15,True,Performance Space,https://ourparks.org.uk/borough/yoga-105313,Willesden Library,NW10 2SF,Willesden,95 High Road,GB,51.546774,-0.2289203,Brent,https://ourparks.org.uk/borough/brent-0,Neeraj
105367,Yoga,2026-03-02 14:30:00+00:00,2026-03-02 15:30:00+00:00,PT60M,Yoga,Beginner,15.0,15,True,Performance Space,https://ourparks.org.uk/borough/yoga-105367,Willesden Library,NW10 2SF,Willesden,95 High Road,GB,51.546774,-0.2289203,Brent,https://ourparks.org.uk/borough/brent-0,Neeraj
108859,Beginners Bootcamp,2026-03-02 17:00:00+00:00,2026-03-02 18:00:00+00:00,PT60M,Bootcamp,Intermediate,29.0,29,True,Front of club - Sessions take place on the Club House Pitch,https://ourparks.org.uk/borough/beginners-bootcamp-108859,Sutton & Epsom RFC,SM2 7NF,Sutton,"Cuddington Court, Rugby Lane",GB,51.349432,-0.2225745,London Borough of Sutton,https://ourparks.org.uk/borough/london-borough-sutton,PHILIP
107731,RISE & SHINE LIVE YOGA,2026-03-11 06:30:00+00:00,2026-03-11 07:30:00+00:00,PT60M,Yoga,Intermediate,0.0,0,True,Your streaming device,https://ourparks.org.uk/borough/rise-shine-live-yoga-107731,Our Parks Live,KT2 7EW,London,10 London Mews,GB,51.5161826,-0.1735317,All UK,https://ourparks.org.uk/borough/all-uk,Olga
107732,RISE & SHINE LIVE YOGA,2026-03-18 06:30:00+00:00,2026-03-18 07:30:00+00:00,PT60M,Yoga,Intermediate,0.0,0,True,Your streaming device,https://ourparks.org.uk/borough/rise-shine-live-yoga-107732,Our Parks Live,KT2 7EW,London,10 London Mews,GB,51.5161826,-0.1735317,All UK,https://ourparks.org.uk/borough/all-uk,Olga
108860,Beginners Bootcamp,2026-03-09 17:00:00+00:00,2026-03-09 18:00:00+00:00,PT60M,Bootcamp,Intermediate,29.0,29,True,Front of club - Sessions take place on the Club House Pitch,https://ourparks.org.uk/borough/beginners-bootcamp-108860,Sutton & Epsom RFC,SM2 7NF,Sutton,"Cuddington Court, Rugby Lane",GB,51.349432,-0.2225745,London Borough of Sutton,https://ourparks.org.uk/borough/london-borough-sutton,PHILIP
108862,Beginners Bootcamp,2026-03-23 17:00:00+00:00,2026-03-23 18:00:00+00:00,PT60M,Bootcamp,Intermediate,29.0,29,True,Front of club - Sessions take place on the Club House Pitch,https://ourparks.org.uk/borough/beginners-bootcamp-108862,Sutton & Epsom RFC,SM2 7NF,Sutton,"Cuddington Court, Rugby Lane",GB,51.349432,-0.2225745,London Borough of Sutton,https://ourparks.org.uk/borough/london-borough-sutton,PHILIP
108863,Beginners Bootcamp,2026-03-30 17:00:00+00:00,2026-03-30 18:00:00+00:00,PT60M,Bootcamp,Intermediate,29.0,29,True,Front of club - Sessions take place on the Club House Pitch,https://ourparks.org.uk/borough/beginners-bootcamp-108863,Sutton & Epsom RFC,SM2 7NF,Sutton,"Cuddington Court, Rugby Lane",GB,51.349432,-0.2225745,London Borough of Sutton,https://ourparks.org.uk/borough/london-borough-sutton,PHILIP
108865,Beginners Bootcamp,2026-04-13 17:00:00+00:00,2026-04-13 18:00:00+00:00,PT60M,Bootcamp,Intermediate,29.0,29,True,Front of club - Sessions take place on the Club House Pitch,https://ourparks.org.uk/borough/beginners-bootcamp-108865,Sutton & Epsom RFC,SM2 7NF,Sutton,"Cuddington Court, Rugby Lane",GB,51.349432,-0.2225745,London Borough of Sutton,https://ourparks.org.uk/borough/london-borough-sutton,PHILIP
108866,Beginners Bootcamp,2026-04-20 17:00:00+00:00,2026-04-20 18:00:00+00:00,PT60M,Bootcamp,Intermediate,29.0,29,True,Front of club - Sessions take place on the Club House Pitch,https://ourparks.org.uk/borough/beginners-bootcamp-108866,Sutton & Epsom RFC,SM2 7NF,Sutton,"Cuddington Court, Rugby Lane",GB,51.349432,-0.2225745,London Borough of Sutton,https://ourparks.org.uk/borough/london-borough-sutton,PHILIP
106987,Back to Exercise,2026-03-12 08:30:00+00:00,2026-03-12 09:30:00+00:00,PT60M,Group Exercise,Intermediate,29.0,29,True,Outdoor Gym area,https://ourparks.org.uk/borough/back-exercise-106987,Foots Cray Meadows,DA14 4PS,Sidcup,Riverside Road entrance,GB,51.432911516763,0.134709314101,London Borough of Bexley,https://ourparks.org.uk/borough/london-borough-bexley,Barry
106988,Back to Exercise,2026-03-19 08:30:00+00:00,2026-03-19 09:30:00+00:00,PT60M,Group Exercise,Intermediate,29.0,29,True,Outdoor Gym area,https://ourparks.org.uk/borough/back-exercise-106988,Foots Cray Meadows,DA14 4PS,Sidcup,Riverside Road entrance,GB,51.432911516763,0.134709314101,London Borough of Bexley,https://ourparks.org.uk/borough/london-borough-bexley,Barry
106989,Back to Exercise,2026-03-26 08:30:00+00:00,2026-03-26 09:30:00+00:00,PT60M,Group Exercise,Intermediate,29.0,29,True,Outdoor Gym area,https://ourparks.org.uk/borough/back-exercise-106989,Foots Cray Meadows,DA14 4PS,Sidcup,Riverside Road entrance,GB,51.432911516763,0.134709314101,London Borough of Bexley,https://ourparks.org.uk/borough/london-borough-bexley,Barry
106992,Back to Exercise,2026-04-16 08:30:00+00:00,2026-04-16 09:30:00+00:00,PT60M,Group Exercise,Intermediate,29.0,29,True,Outdoor Gym area,https://ourparks.org.uk/borough/back-exercise-106992,Foots Cray Meadows,DA14 4PS,Sidcup,Riverside Road entrance,GB,51.432911516763,0.134709314101,London Borough of Bexley,https://ourparks.org.uk/borough/london-borough-bexley,Barry
106993,Back to Exercise,2026-04-23 08:30:00+00:00,2026-04-23 09:30:00+00:00,PT60M,Group Exercise,Intermediate,29.0,29,True,Outdoor Gym area,https://ourparks.org.uk/borough/back-exercise-106993,Foots Cray Meadows,DA14 4PS,Sidcup,Riverside Road entrance,GB,51.432911516763,0.134709314101,London Borough of Bexley,https://ourparks.org.uk/borough/london-borough-bexley,Barry
106994,Back to Exercise,2026-04-30 08:30:00+00:00,2026-04-30 09:30:00+00:00,PT60M,Group Exercise,Intermediate,29.0,29,True,Outdoor Gym area,https://ourparks.org.uk/borough/back-exercise-106994,Foots Cray Meadows,DA14 4PS,Sidcup,Riverside Road entrance,GB,51.432911516763,0.134709314101,London Borough of Bexley,https://ourparks.org.uk/borough/london-borough-bexley,Barry
106995,Back to Exercise,2026-05-07 08:30:00+00:00,2026-05-07 09:30:00+00:00,PT60M,Group Exercise,Intermediate,29.0,29,True,Outdoor Gym area,https://ourparks.org.uk/borough/back-exercise-106995,Foots Cray Meadows,DA14 4PS,Sidcup,Riverside Road entrance,GB,51.432911516763,0.134709314101,London Borough of Bexley,https://ourparks.org.uk/borough/london-borough-bexley,Barry
107730,RISE & SHINE LIVE YOGA,2026-03-04 06:00:00+00:00,2026-03-04 07:00:00+00:00,PT60M,Yoga,Intermediate,0.0,0,True,Your streaming device,https://ourparks.org.uk/borough/rise-shine-live-yoga-107730,Our Parks Live,KT2 7EW,London,10 London Mews,GB,51.5161826,-0.1735317,All UK,https://ourparks.org.uk/borough/all-uk,Olga
108873,Box Fit,2026-03-28 08:00:00+00:00,2026-03-28 09:00:00+00:00,PT60M,Boxing Fitness,Intermediate,29.0,29,True,Path by football changing rooms,https://ourparks.org.uk/borough/box-fit-108873,Fairfield Recreation Ground,KT1 2PY,London,Fairfield Recreation Ground,GB,51.4083376,-0.2987306,Kingston Upon-Thames,https://ourparks.org.uk/borough/kingston-upon-thames,Chrissy
108875,Box Fit,2026-04-11 08:00:00+00:00,2026-04-11 09:00:00+00:00,PT60M,Boxing Fitness,Intermediate,29.0,29,True,Path by football changing rooms,https://ourparks.org.uk/borough/box-fit-108875,Fairfield Recreation Ground,KT1 2PY,London,Fairfield Recreation Ground,GB,51.4083376,-0.2987306,Kingston Upon-Thames,https://ourparks.org.uk/borough/kingston-upon-thames,Chrissy
108876,Box Fit,2026-04-18 08:00:00+00:00,2026-04-18 09:00:00+00:00,PT60M,Boxing Fitness,Intermediate,29.0,29,True,Path by football changing rooms,https://ourparks.org.uk/borough/box-fit-108876,Fairfield Recreation Ground,KT1 2PY,London,Fairfield Recreation Ground,GB,51.4083376,-0.2987306,Kingston Upon-Thames,https://ourparks.org.uk/borough/kingston-upon-thames,Chrissy
108878,Box Fit,2026-05-02 08:00:00+00:00,2026-05-02 09:00:00+00:00,PT60M,Boxing Fitness,Intermediate,29.0,29,True,Path by football changing rooms,https://ourparks.org.uk/borough/box-fit-108878,Fairfield Recreation Ground,KT1 2PY,London,Fairfield Recreation Ground,GB,51.4083376,-0.2987306,Kingston Upon-Thames,https://ourparks.org.uk/borough/kingston-upon-thames,Chrissy
108879,Box Fit,2026-05-09 08:00:00+00:00,2026-05-09 09:00:00+00:00,PT60M,Boxing Fitness,Intermediate,29.0,29,True,Path by football changing rooms,https://ourparks.org.uk/borough/box-fit-108879,Fairfield Recreation Ground,KT1 2PY,London,Fairfield Recreation Ground,GB,51.4083376,-0.2987306,Kingston Upon-Thames,https://ourparks.org.uk/borough/kingston-upon-thames,Chrissy
108880,Box Fit,2026-05-16 08:00:00+00:00,2026-05-16 09:00:00+00:00,PT60M,Boxing Fitness,Intermediate,29.0,29,True,Path by football changing rooms,https://ourparks.org.uk/borough/box-fit-108880,Fairfield Recreation Ground,KT1 2PY,London,Fairfield Recreation Ground,GB,51.4083376,-0.2987306,Kingston Upon-Thames,https://ourparks.org.uk/borough/kingston-upon-thames,Chrissy
108881,Box Fit,2026-05-23 08:00:00+00:00,2026-05-23 09:00:00+00:00,PT60M,Boxing Fitness,Intermediate,29.0,29,True,Path by football changing rooms,https://ourparks.org.uk/borough/box-fit-108881,Fairfield Recreation Ground,KT1 2PY,London,Fairfield Recreation Ground,GB,51.4083376,-0.2987306,Kingston Upon-Thames,https://ourparks.org.uk/borough/kingston-upon-thames,Chrissy
108882,Box Fit,2026-05-30 08:00:00+00:00,2026-05-30 09:00:00+00:00,PT60M,Boxing Fitness,Intermediate,29.0,29,True,Path by football changing rooms,https://ourparks.org.uk/borough/box-fit-108882,Fairfield Recreation Ground,KT1 2PY,London,Fairfield Recreation Ground,GB,51.4083376,-0.2987306,Kingston Upon-Thames,https://ourparks.org.uk/borough/kingston-upon-thames,Chrissy
108883,Box Fit,2026-06-06 08:00:00+00:00,2026-06-06 09:00:00+00:00,PT60M,Boxing Fitness,Intermediate,29.0,29,True,Path by football changing rooms,https://ourparks.org.uk/borough/box-fit-108883,Fairfield Recreation Ground,KT1 2PY,London,Fairfield Recreation Ground,GB,51.4083376,-0.2987306,Kingston Upon-Thames,https://ourparks.org.uk/borough/kingston-upon-thames,Chrissy
108884,Box Fit,2026-06-13 08:00:00+00:00,2026-06-13 09:00:00+00:00,PT60M,Boxing Fitness,Intermediate,29.0,29,True,Path by football changing rooms,https://ourparks.org.uk/borough/box-fit-108884,Fairfield Recreation Ground,KT1 2PY,London,Fairfield Recreation Ground,GB,51.4083376,-0.2987306,Kingston Upon-Thames,https://ourparks.org.uk/borough/kingston-upon-thames,Chrissy
108887,Box Fit,2026-07-04 08:00:00+00:00,2026-07-04 09:00:00+00:00,PT60M,Boxing Fitness,Intermediate,29.0,29,True,Path by football changing rooms,https://ourparks.org.uk/borough/box-fit-108887,Fairfield Recreation Ground,KT1 2PY,London,Fairfield Recreation Ground,GB,51.4083376,-0.2987306,Kingston Upon-Thames,https://ourparks.org.uk/borough/kingston-upon-thames,Chrissy
108888,Box Fit,2026-07-11 08:00:00+00:00,2026-07-11 09:00:00+00:00,PT60M,Boxing Fitness,Intermediate,29.0,29,True,Path by football changing rooms,https://ourparks.org.uk/borough/box-fit-108888,Fairfield Recreation Ground,KT1 2PY,London,Fairfield Recreation Ground,GB,51.4083376,-0.2987306,Kingston Upon-Thames,https://ourparks.org.uk/borough/kingston-upon-thames,Chrissy
108889,Box Fit,2026-07-18 08:00:00+00:00,2026-07-18 09:00:00+00:00,PT60M,Boxing Fitness,Intermediate,29.0,29,True,Path by football changing rooms,https://ourparks.org.uk/borough/box-fit-108889,Fairfield Recreation Ground,KT1 2PY,London,Fairfield Recreation Ground,GB,51.4083376,-0.2987306,Kingston Upon-Thames,https://ourparks.org.uk/borough/kingston-upon-thames,Chrissy
108890,Box Fit,2026-07-25 08:00:00+00:00,2026-07-25 09:00:00+00:00,PT60M,Boxing Fitness,Intermediate,29.0,29,True,Path by football changing rooms,https://ourparks.org.uk/borough/box-fit-108890,Fairfield Recreation Ground,KT1 2PY,London,Fairfield Recreation Ground,GB,51.4083376,-0.2987306,Kingston Upon-Thames,https://ourparks.org.uk/borough/kingston-upon-thames,Chrissy
108891,Box Fit,2026-08-01 08:00:00+00:00,2026-08-01 09:00:00+00:00,PT60M,Boxing Fitness,Intermediate,29.0,29,True,Path by football changing rooms,https://ourparks.org.uk/borough/box-fit-108891,Fairfield Recreation Ground,KT1 2PY,London,Fairfield Recreation Ground,GB,51.4083376,-0.2987306,Kingston Upon-Thames,https://ourparks.org.uk/borough/kingston-upon-thames,Chrissy
108892,Box Fit,2026-08-08 08:00:00+00:00,2026-08-08 09:00:00+00:00,PT60M,Boxing Fitness,Intermediate,29.0,29,True,Path by football changing rooms,https://ourparks.org.uk/borough/box-fit-108892,Fairfield Recreation Ground,KT1 2PY,London,Fairfield Recreation Ground,GB,51.4083376,-0.2987306,Kingston Upon-Thames,https://ourparks.org.uk/borough/kingston-upon-thames,Chrissy
108893,Box Fit,2026-08-15 08:00:00+00:00,2026-08-15 09:00:00+00:00,PT60M,Boxing Fitness,Intermediate,29.0,29,True,Path by football changing rooms,https://ourparks.org.uk/borough/box-fit-108893,Fairfield Recreation Ground,KT1 2PY,London,Fairfield Recreation Ground,GB,51.4083376,-0.2987306,Kingston Upon-Thames,https://ourparks.org.uk/borough/kingston-upon-thames,Chrissy
108894,Box Fit,2026-08-22 08:00:00+00:00,2026-08-22 09:00:00+00:00,PT60M,Boxing Fitness,Intermediate,29.0,29,True,Path by football changing rooms,https://ourparks.org.uk/borough/box-fit-108894,Fairfield Recreation Ground,KT1 2PY,London,Fairfield Recreation Ground,GB,51.4083376,-0.2987306,Kingston Upon-Thames,https://ourparks.org.uk/borough/kingston-upon-thames,Chrissy
108895,Box Fit,2026-08-29 08:00:00+00:00,2026-08-29 09:00:00+00:00,PT60M,Boxing Fitness,Intermediate,29.0,29,True,Path by football changing rooms,https://ourparks.org.uk/borough/box-fit-108895,Fairfield Recreation Ground,KT1 2PY,London,Fairfield Recreation Ground,GB,51.4083376,-0.2987306,Kingston Upon-Thames,https://ourparks.org.uk/borough/kingston-upon-thames,Chrissy
108896,Box Fit,2026-09-05 08:00:00+00:00,2026-09-05 09:00:00+00:00,PT60M,Boxing Fitness,Intermediate,29.0,29,True,Path by football changing rooms,https://ourparks.org.uk/borough/box-fit-108896,Fairfield Recreation Ground,KT1 2PY,London,Fairfield Recreation Ground,GB,51.4083376,-0.2987306,Kingston Upon-Thames,https://ourparks.org.uk/borough/kingston-upon-thames,Chrissy
108897,Box Fit,2026-09-12 08:00:00+00:00,2026-09-12 09:00:00+00:00,PT60M,Boxing Fitness,Intermediate,29.0,29,True,Path by football changing rooms,https://ourparks.org.uk/borough/box-fit-108897,Fairfield Recreation Ground,KT1 2PY,London,Fairfield Recreation Ground,GB,51.4083376,-0.2987306,Kingston Upon-Thames,https://ourparks.org.uk/borough/kingston-upon-thames,Chrissy
108898,Box Fit,2026-09-19 08:00:00+00:00,2026-09-19 09:00:00+00:00,PT60M,Boxing Fitness,Intermediate,29.0,29,True,Path by football changing rooms,https://ourparks.org.uk/borough/box-fit-108898,Fairfield Recreation Ground,KT1 2PY,London,Fairfield Recreation Ground,GB,51.4083376,-0.2987306,Kingston Upon-Thames,https://ourparks.org.uk/borough/kingston-upon-thames,Chrissy
108899,Box Fit,2026-09-26 08:00:00+00:00,2026-09-26 09:00:00+00:00,PT60M,Boxing Fitness,Intermediate,29.0,29,True,Path by football changing rooms,https://ourparks.org.uk/borough/box-fit-108899,Fairfield Recreation Ground,KT1 2PY,London,Fairfield Recreation Ground,GB,51.4083376,-0.2987306,Kingston Upon-Thames,https://ourparks.org.uk/borough/kingston-upon-thames,Chrissy
108900,Box Fit,2026-10-03 08:00:00+00:00,2026-10-03 09:00:00+00:00,PT60M,Boxing Fitness,Intermediate,29.0,29,True,Path by football changing rooms,https://ourparks.org.uk/borough/box-fit-108900,Fairfield Recreation Ground,KT1 2PY,London,Fairfield Recreation Ground,GB,51.4083376,-0.2987306,Kingston Upon-Thames,https://ourparks.org.uk/borough/kingston-upon-thames,Chrissy
108901,Box Fit,2026-10-10 08:00:00+00:00,2026-10-10 09:00:00+00:00,PT60M,Boxing Fitness,Intermediate,29.0,29,True,Path by football changing rooms,https://ourparks.org.uk/borough/box-fit-108901,Fairfield Recreation Ground,KT1 2PY,London,Fairfield Recreation Ground,GB,51.4083376,-0.2987306,Kingston Upon-Thames,https://ourparks.org.uk/borough/kingston-upon-thames,Chrissy
108902,Box Fit,2026-10-17 08:00:00+00:00,2026-10-17 09:00:00+00:00,PT60M,Boxing Fitness,Intermediate,29.0,29,True,Path by football changing rooms,https://ourparks.org.uk/borough/box-fit-108902,Fairfield Recreation Ground,KT1 2PY,London,Fairfield Recreation Ground,GB,51.4083376,-0.2987306,Kingston Upon-Thames,https://ourparks.org.uk/borough/kingston-upon-thames,Chrissy
108903,Box Fit,2026-10-24 08:00:00+00:00,2026-10-24 09:00:00+00:00,PT60M,Boxing Fitness,Intermediate,29.0,29,True,Path by football changing rooms,https://ourparks.org.uk/borough/box-fit-108903,Fairfield Recreation Ground,KT1 2PY,London,Fairfield Recreation Ground,GB,51.4083376,-0.2987306,Kingston Upon-Thames,https://ourparks.org.uk/borough/kingston-upon-thames,Chrissy
108904,Box Fit,2026-10-31 08:00:00+00:00,2026-10-31 09:00:00+00:00,PT60M,Boxing Fitness,Intermediate,29.0,29,True,Path by football changing rooms,https://ourparks.org.uk/borough/box-fit-108904,Fairfield Recreation Ground,KT1 2PY,London,Fairfield Recreation Ground,GB,51.4083376,-0.2987306,Kingston Upon-Thames,https://ourparks.org.uk/borough/kingston-upon-thames,Chrissy
108905,Box Fit,2026-11-07 08:00:00+00:00,2026-11-07 09:00:00+00:00,PT60M,Boxing Fitness,Intermediate,29.0,29,True,Path by football changing rooms,https://ourparks.org.uk/borough/box-fit-108905,Fairfield Recreation Ground,KT1 2PY,London,Fairfield Recreation Ground,GB,51.4083376,-0.2987306,Kingston Upon-Thames,https://ourparks.org.uk/borough/kingston-upon-thames,Chrissy
108906,Box Fit,2026-11-14 08:00:00+00:00,2026-11-14 09:00:00+00:00,PT60M,Boxing Fitness,Intermediate,29.0,29,True,Path by football changing rooms,https://ourparks.org.uk/borough/box-fit-108906,Fairfield Recreation Ground,KT1 2PY,London,Fairfield Recreation Ground,GB,51.4083376,-0.2987306,Kingston Upon-Thames,https://ourparks.org.uk/borough/kingston-upon-thames,Chrissy
108907,Box Fit,2026-11-21 08:00:00+00:00,2026-11-21 09:00:00+00:00,PT60M,Boxing Fitness,Intermediate,29.0,29,True,Path by football changing rooms,https://ourparks.org.uk/borough/box-fit-108907,Fairfield Recreation Ground,KT1 2PY,London,Fairfield Recreation Ground,GB,51.4083376,-0.2987306,Kingston Upon-Thames,https://ourparks.org.uk/borough/kingston-upon-thames,Chrissy
108908,Box Fit,2026-11-28 08:00:00+00:00,2026-11-28 09:00:00+00:00,PT60M,Boxing Fitness,Intermediate,29.0,29,True,Path by football changing rooms,https://ourparks.org.uk/borough/box-fit-108908,Fairfield Recreation Ground,KT1 2PY,London,Fairfield Recreation Ground,GB,51.4083376,-0.2987306,Kingston Upon-Thames,https://ourparks.org.uk/borough/kingston-upon-thames,Chrissy
108909,Box Fit,2026-12-05 08:00:00+00:00,2026-12-05 09:00:00+00:00,PT60M,Boxing Fitness,Intermediate,29.0,29,True,Path by football changing rooms,https://ourparks.org.uk/borough/box-fit-108909,Fairfield Recreation Ground,KT1 2PY,London,Fairfield Recreation Ground,GB,51.4083376,-0.2987306,Kingston Upon-Thames,https://ourparks.org.uk/borough/kingston-upon-thames,Chrissy
108910,Box Fit,2026-12-12 08:00:00+00:00,2026-12-12 09:00:00+00:00,PT60M,Boxing Fitness,Intermediate,29.0,29,True,Path by football changing rooms,https://ourparks.org.uk/borough/box-fit-108910,Fairfield Recreation Ground,KT1 2PY,London,Fairfield Recreation Ground,GB,51.4083376,-0.2987306,Kingston Upon-Thames,https://ourparks.org.uk/borough/kingston-upon-thames,Chrissy
108911,Box Fit,2026-12-19 08:00:00+00:00,2026-12-19 09:00:00+00:00,PT60M,Boxing Fitness,Intermediate,29.0,29,True,Path by football changing rooms,https://ourparks.org.uk/borough/box-fit-108911,Fairfield Recreation Ground,KT1 2PY,London,Fairfield Recreation Ground,GB,51.4083376,-0.2987306,Kingston Upon-Thames,https://ourparks.org.uk/borough/kingston-upon-thames,Chrissy
108914,Box Fit,2027-01-09 08:00:00+00:00,2027-01-09 09:00:00+00:00,PT60M,Boxing Fitness,Intermediate,29.0,29,True,Path by football changing rooms,https://ourparks.org.uk/borough/box-fit-108914,Fairfield Recreation Ground,KT1 2PY,London,Fairfield Recreation Ground,GB,51.4083376,-0.2987306,Kingston Upon-Thames,https://ourparks.org.uk/borough/kingston-upon-thames,Chrissy
108915,Box Fit,2027-01-16 08:00:00+00:00,2027-01-16 09:00:00+00:00,PT60M,Boxing Fitness,Intermediate,29.0,29,True,Path by football changing rooms,https://ourparks.org.uk/borough/box-fit-108915,Fairfield Recreation Ground,KT1 2PY,London,Fairfield Recreation Ground,GB,51.4083376,-0.2987306,Kingston Upon-Thames,https://ourparks.org.uk/borough/kingston-upon-thames,Chrissy
108916,Box Fit,2027-01-23 08:00:00+00:00,2027-01-23 09:00:00+00:00,PT60M,Boxing Fitness,Intermediate,29.0,29,True,Path by football changing rooms,https://ourparks.org.uk/borough/box-fit-108916,Fairfield Recreation Ground,KT1 2PY,London,Fairfield Recreation Ground,GB,51.4083376,-0.2987306,Kingston Upon-Thames,https://ourparks.org.uk/borough/kingston-upon-thames,Chrissy
108917,Box Fit,2027-01-30 08:00:00+00:00,2027-01-30 09:00:00+00:00,PT60M,Boxing Fitness,Intermediate,29.0,29,True,Path by football changing rooms,https://ourparks.org.uk/borough/box-fit-108917,Fairfield Recreation Ground,KT1 2PY,London,Fairfield Recreation Ground,GB,51.4083376,-0.2987306,Kingston Upon-Thames,https://ourparks.org.uk/borough/kingston-upon-thames,Chrissy
108918,Box Fit,2027-02-06 08:00:00+00:00,2027-02-06 09:00:00+00:00,PT60M,Boxing Fitness,Intermediate,29.0,29,True,Path by football changing rooms,https://ourparks.org.uk/borough/box-fit-108918,Fairfield Recreation Ground,KT1 2PY,London,Fairfield Recreation Ground,GB,51.4083376,-0.2987306,Kingston Upon-Thames,https://ourparks.org.uk/borough/kingston-upon-thames,Chrissy
108919,Box Fit,2027-02-13 08:00:00+00:00,2027-02-13 09:00:00+00:00,PT60M,Boxing Fitness,Intermediate,29.0,29,True,Path by football changing rooms,https://ourparks.org.uk/borough/box-fit-108919,Fairfield Recreation Ground,KT1 2PY,London,Fairfield Recreation Ground,GB,51.4083376,-0.2987306,Kingston Upon-Thames,https://ourparks.org.uk/borough/kingston-upon-thames,Chrissy
108920,Box Fit,2027-02-20 08:00:00+00:00,2027-02-20 09:00:00+00:00,PT60M,Boxing Fitness,Intermediate,29.0,29,True,Path by football changing rooms,https://ourparks.org.uk/borough/box-fit-108920,Fairfield Recreation Ground,KT1 2PY,London,Fairfield Recreation Ground,GB,51.4083376,-0.2987306,Kingston Upon-Thames,https://ourparks.org.uk/borough/kingston-upon-thames,Chrissy
108921,Box Fit,2027-02-27 08:00:00+00:00,2027-02-27 09:00:00+00:00,PT60M,Boxing Fitness,Intermediate,29.0,29,True,Path by football changing rooms,https://ourparks.org.uk/borough/box-fit-108921,Fairfield Recreation Ground,KT1 2PY,London,Fairfield Recreation Ground,GB,51.4083376,-0.2987306,Kingston Upon-Thames,https://ourparks.org.uk/borough/kingston-upon-thames,Chrissy
108922,Box Fit,2027-03-06 08:00:00+00:00,2027-03-06 09:00:00+00:00,PT60M,Boxing Fitness,Intermediate,29.0,29,True,Path by football changing rooms,https://ourparks.org.uk/borough/box-fit-108922,Fairfield Recreation Ground,KT1 2PY,London,Fairfield Recreation Ground,GB,51.4083376,-0.2987306,Kingston Upon-Thames,https://ourparks.org.uk/borough/kingston-upon-thames,Chrissy
108923,Box Fit,2027-03-13 08:00:00+00:00,2027-03-13 09:00:00+00:00,PT60M,Boxing Fitness,Intermediate,29.0,29,True,Path by football changing rooms,https://ourparks.org.uk/borough/box-fit-108923,Fairfield Recreation Ground,KT1 2PY,London,Fairfield Recreation Ground,GB,51.4083376,-0.2987306,Kingston Upon-Thames,https://ourparks.org.uk/borough/kingston-upon-thames,Chrissy
108924,Box Fit,2027-03-20 08:00:00+00:00,2027-03-20 09:00:00+00:00,PT60M,Boxing Fitness,Intermediate,29.0,29,True,Path by football changing rooms,https://ourparks.org.uk/borough/box-fit-108924,Fairfield Recreation Ground,KT1 2PY,London,Fairfield Recreation Ground,GB,51.4083376,-0.2987306,Kingston Upon-Thames,https://ourparks.org.uk/borough/kingston-upon-thames,Chrissy
105816,Beginners Bootcamp,2026-03-07 09:00:00+00:00,2026-03-07 10:00:00+00:00,PT60M,Bootcamp,Intermediate,30.0,30,True,Open air training ground,https://ourparks.org.uk/borough/beginners-bootcamp-105816,Brockwell Park,SE24 0PA,London,Brockwell Park,GB,51.452290766375,-0.105533454431,London Borough of Lambeth,https://ourparks.org.uk/borough/london-borough-lambeth,Nancy
105817,Beginners Bootcamp,2026-03-14 09:00:00+00:00,2026-03-14 10:00:00+00:00,PT60M,Bootcamp,Intermediate,30.0,30,True,Open air training ground,https://ourparks.org.uk/borough/beginners-bootcamp-105817,Brockwell Park,SE24 0PA,London,Brockwell Park,GB,51.452290766375,-0.105533454431,London Borough of Lambeth,https://ourparks.org.uk/borough/london-borough-lambeth,Nancy
105818,Beginners Bootcamp,2026-03-21 09:00:00+00:00,2026-03-21 10:00:00+00:00,PT60M,Bootcamp,Intermediate,30.0,30,True,Open air training ground,https://ourparks.org.uk/borough/beginners-bootcamp-105818,Brockwell Park,SE24 0PA,London,Brockwell Park,GB,51.452290766375,-0.105533454431,London Borough of Lambeth,https://ourparks.org.uk/borough/london-borough-lambeth,Nancy
105819,Beginners Bootcamp,2026-03-28 09:00:00+00:00,2026-03-28 10:00:00+00:00,PT60M,Bootcamp,Intermediate,30.0,30,True,Open air training ground,https://ourparks.org.uk/borough/beginners-bootcamp-105819,Brockwell Park,SE24 0PA,London,Brockwell Park,GB,51.452290766375,-0.105533454431,London Borough of Lambeth,https://ourparks.org.uk/borough/london-borough-lambeth,Nancy
105820,Beginners Bootcamp,2026-04-04 09:00:00+00:00,2026-04-04 10:00:00+00:00,PT60M,Bootcamp,Intermediate,30.0,30,True,Open air training ground,https://ourparks.org.uk/borough/beginners-bootcamp-105820,Brockwell Park,SE24 0PA,London,Brockwell Park,GB,51.452290766375,-0.105533454431,London Borough of Lambeth,https://ourparks.org.uk/borough/london-borough-lambeth,Nancy
108975,Beginners Bootcamp,2026-04-21 09:00:00+00:00,2026-04-21 10:00:00+00:00,PT60M,Bootcamp,Intermediate,30.0,30,True,The Link Outdoor Gym,https://ourparks.org.uk/borough/beginners-bootcamp-108975,Southmere Lake - The Link Outdoor Gym,SE2 9BS,London,Binsley Walk,GB,51.5004399,0.1221603,London Borough of Bexley,https://ourparks.org.uk/borough/london-borough-bexley,Gerald
108976,Beginners Bootcamp,2026-04-28 09:00:00+00:00,2026-04-28 10:00:00+00:00,PT60M,Bootcamp,Intermediate,30.0,30,True,The Link Outdoor Gym,https://ourparks.org.uk/borough/beginners-bootcamp-108976,Southmere Lake - The Link Outdoor Gym,SE2 9BS,London,Binsley Walk,GB,51.5004399,0.1221603,London Borough of Bexley,https://ourparks.org.uk/borough/london-borough-bexley,Gerald
108977,Beginners Bootcamp,2026-05-05 09:00:00+00:00,2026-05-05 10:00:00+00:00,PT60M,Bootcamp,Intermediate,30.0,30,True,The Link Outdoor Gym,https://ourparks.org.uk/borough/beginners-bootcamp-108977,Southmere Lake - The Link Outdoor Gym,SE2 9BS,London,Binsley Walk,GB,51.5004399,0.1221603,London Borough of Bexley,https://ourparks.org.uk/borough/london-borough-bexley,Gerald
108978,Beginners Bootcamp,2026-05-12 09:00:00+00:00,2026-05-12 10:00:00+00:00,PT60M,Bootcamp,Intermediate,30.0,30,True,The Link Outdoor Gym,https://ourparks.org.uk/borough/beginners-bootcamp-108978,Southmere Lake - The Link Outdoor Gym,SE2 9BS,London,Binsley Walk,GB,51.5004399,0.1221603,London Borough of Bexley,https://ourparks.org.uk/borough/london-borough-bexley,Gerald
108979,Beginners Bootcamp,2026-05-19 09:00:00+00:00,2026-05-19 10:00:00+00:00,PT60M,Bootcamp,Intermediate,30.0,30,True,The Link Outdoor Gym,https://ourparks.org.uk/borough/beginners-bootcamp-108979,Southmere Lake - The Link Outdoor Gym,SE2 9BS,London,Binsley Walk,GB,51.5004399,0.1221603,London Borough of Bexley,https://ourparks.org.uk/borough/london-borough-bexley,Gerald
108980,Beginners Bootcamp,2026-05-26 09:00:00+00:00,2026-05-26 10:00:00+00:00,PT60M,Bootcamp,Intermediate,30.0,30,True,The Link Outdoor Gym,https://ourparks.org.uk/borough/beginners-bootcamp-108980,Southmere Lake - The Link Outdoor Gym,SE2 9BS,London,Binsley Walk,GB,51.5004399,0.1221603,London Borough of Bexley,https://ourparks.org.uk/borough/london-borough-bexley,Gerald
108981,Beginners Bootcamp,2026-06-02 09:00:00+00:00,2026-06-02 10:00:00+00:00,PT60M,Bootcamp,Intermediate,30.0,30,True,The Link Outdoor Gym,https://ourparks.org.uk/borough/beginners-bootcamp-108981,Southmere Lake - The Link Outdoor Gym,SE2 9BS,London,Binsley Walk,GB,51.5004399,0.1221603,London Borough of Bexley,https://ourparks.org.uk/borough/london-borough-bexley,Gerald
108982,Beginners Bootcamp,2026-06-09 09:00:00+00:00,2026-06-09 10:00:00+00:00,PT60M,Bootcamp,Intermediate,30.0,30,True,The Link Outdoor Gym,https://ourparks.org.uk/borough/beginners-bootcamp-108982,Southmere Lake - The Link Outdoor Gym,SE2 9BS,London,Binsley Walk,GB,51.5004399,0.1221603,London Borough of Bexley,https://ourparks.org.uk/borough/london-borough-bexley,Gerald
108983,Beginners Bootcamp,2026-06-16 09:00:00+00:00,2026-06-16 10:00:00+00:00,PT60M,Bootcamp,Intermediate,30.0,30,True,The Link Outdoor Gym,https://ourparks.org.uk/borough/beginners-bootcamp-108983,Southmere Lake - The Link Outdoor Gym,SE2 9BS,London,Binsley Walk,GB,51.5004399,0.1221603,London Borough of Bexley,https://ourparks.org.uk/borough/london-borough-bexley,Gerald
108985,Beginners Bootcamp,2026-06-30 09:00:00+00:00,2026-06-30 10:00:00+00:00,PT60M,Bootcamp,Intermediate,30.0,30,True,The Link Outdoor Gym,https://ourparks.org.uk/borough/beginners-bootcamp-108985,Southmere Lake - The Link Outdoor Gym,SE2 9BS,London,Binsley Walk,GB,51.5004399,0.1221603,London Borough of Bexley,https://ourparks.org.uk/borough/london-borough-bexley,Gerald
108986,Beginners Bootcamp,2026-07-07 09:00:00+00:00,2026-07-07 10:00:00+00:00,PT60M,Bootcamp,Intermediate,30.0,30,True,The Link Outdoor Gym,https://ourparks.org.uk/borough/beginners-bootcamp-108986,Southmere Lake - The Link Outdoor Gym,SE2 9BS,London,Binsley Walk,GB,51.5004399,0.1221603,London Borough of Bexley,https://ourparks.org.uk/borough/london-borough-bexley,Gerald
108987,Beginners Bootcamp,2026-07-14 09:00:00+00:00,2026-07-14 10:00:00+00:00,PT60M,Bootcamp,Intermediate,30.0,30,True,The Link Outdoor Gym,https://ourparks.org.uk/borough/beginners-bootcamp-108987,Southmere Lake - The Link Outdoor Gym,SE2 9BS,London,Binsley Walk,GB,51.5004399,0.1221603,London Borough of Bexley,https://ourparks.org.uk/borough/london-borough-bexley,Gerald
108988,Beginners Bootcamp,2026-07-21 09:00:00+00:00,2026-07-21 10:00:00+00:00,PT60M,Bootcamp,Intermediate,30.0,30,True,The Link Outdoor Gym,https://ourparks.org.uk/borough/beginners-bootcamp-108988,Southmere Lake - The Link Outdoor Gym,SE2 9BS,London,Binsley Walk,GB,51.5004399,0.1221603,London Borough of Bexley,https://ourparks.org.uk/borough/london-borough-bexley,Gerald
108989,Beginners Bootcamp,2026-07-28 09:00:00+00:00,2026-07-28 10:00:00+00:00,PT60M,Bootcamp,Intermediate,30.0,30,True,The Link Outdoor Gym,https://ourparks.org.uk/borough/beginners-bootcamp-108989,Southmere Lake - The Link Outdoor Gym,SE2 9BS,London,Binsley Walk,GB,51.5004399,0.1221603,London Borough of Bexley,https://ourparks.org.uk/borough/london-borough-bexley,Gerald
108990,Beginners Bootcamp,2026-08-04 09:00:00+00:00,2026-08-04 10:00:00+00:00,PT60M,Bootcamp,Intermediate,30.0,30,True,The Link Outdoor Gym,https://ourparks.org.uk/borough/beginners-bootcamp-108990,Southmere Lake - The Link Outdoor Gym,SE2 9BS,London,Binsley Walk,GB,51.5004399,0.1221603,London Borough of Bexley,https://ourparks.org.uk/borough/london-borough-bexley,Gerald
108991,Beginners Bootcamp,2026-08-11 09:00:00+00:00,2026-08-11 10:00:00+00:00,PT60M,Bootcamp,Intermediate,30.0,30,True,The Link Outdoor Gym,https://ourparks.org.uk/borough/beginners-bootcamp-108991,Southmere Lake - The Link Outdoor Gym,SE2 9BS,London,Binsley Walk,GB,51.5004399,0.1221603,London Borough of Bexley,https://ourparks.org.uk/borough/london-borough-bexley,Gerald
108992,Beginners Bootcamp,2026-08-18 09:00:00+00:00,2026-08-18 10:00:00+00:00,PT60M,Bootcamp,Intermediate,30.0,30,True,The Link Outdoor Gym,https://ourparks.org.uk/borough/beginners-bootcamp-108992,Southmere Lake - The Link Outdoor Gym,SE2 9BS,London,Binsley Walk,GB,51.5004399,0.1221603,London Borough of Bexley,https://ourparks.org.uk/borough/london-borough-bexley,Gerald
108993,Beginners Bootcamp,2026-08-25 09:00:00+00:00,2026-08-25 10:00:00+00:00,PT60M,Bootcamp,Intermediate,30.0,30,True,The Link Outdoor Gym,https://ourparks.org.uk/borough/beginners-bootcamp-108993,Southmere Lake - The Link Outdoor Gym,SE2 9BS,London,Binsley Walk,GB,51.5004399,0.1221603,London Borough of Bexley,https://ourparks.org.uk/borough/london-borough-bexley,Gerald
108994,Beginners Bootcamp,2026-09-01 09:00:00+00:00,2026-09-01 10:00:00+00:00,PT60M,Bootcamp,Intermediate,30.0,30,True,The Link Outdoor Gym,https://ourparks.org.uk/borough/beginners-bootcamp-108994,Southmere Lake - The Link Outdoor Gym,SE2 9BS,London,Binsley Walk,GB,51.5004399,0.1221603,London Borough of Bexley,https://ourparks.org.uk/borough/london-borough-bexley,Gerald
108995,Beginners Bootcamp,2026-09-08 09:00:00+00:00,2026-09-08 10:00:00+00:00,PT60M,Bootcamp,Intermediate,30.0,30,True,The Link Outdoor Gym,https://ourparks.org.uk/borough/beginners-bootcamp-108995,Southmere Lake - The Link Outdoor Gym,SE2 9BS,London,Binsley Walk,GB,51.5004399,0.1221603,London Borough of Bexley,https://ourparks.org.uk/borough/london-borough-bexley,Gerald
108997,Stretch & Bend,2026-03-25 08:15:00+00:00,2026-03-25 09:15:00+00:00,PT60M,Yoga,,30.0,30,True,Outdoor Gym area,https://ourparks.org.uk/borough/stretch-bend-108997,Abbey Wood Recreation Ground,DA17 5ND,Belvedere,Abbey Road,GB,51.489689281292,0.133391557591,London Borough of Bexley,https://ourparks.org.uk/borough/london-borough-bexley,Kelly
108998,Stretch & Bend,2026-04-01 08:15:00+00:00,2026-04-01 09:15:00+00:00,PT60M,Yoga,,30.0,30,True,Outdoor Gym area,https://ourparks.org.uk/borough/stretch-bend-108998,Abbey Wood Recreation Ground,DA17 5ND,Belvedere,Abbey Road,GB,51.489689281292,0.133391557591,London Borough of Bexley,https://ourparks.org.uk/borough/london-borough-bexley,Kelly
108999,Stretch & Bend,2026-04-08 08:15:00+00:00,2026-04-08 09:15:00+00:00,PT60M,Yoga,,30.0,30,True,Outdoor Gym area,https://ourparks.org.uk/borough/stretch-bend-108999,Abbey Wood Recreation Ground,DA17 5ND,Belvedere,Abbey Road,GB,51.489689281292,0.133391557591,London Borough of Bexley,https://ourparks.org.uk/borough/london-borough-bexley,Kelly
109000,Stretch & Bend,2026-04-15 08:15:00+00:00,2026-04-15 09:15:00+00:00,PT60M,Yoga,,30.0,30,True,Outdoor Gym area,https://ourparks.org.uk/borough/stretch-bend-109000,Abbey Wood Recreation Ground,DA17 5ND,Belvedere,Abbey Road,GB,51.489689281292,0.133391557591,London Borough of Bexley,https://ourparks.org.uk/borough/london-borough-bexley,Kelly
109002,Stretch & Bend,2026-04-29 08:15:00+00:00,2026-04-29 09:15:00+00:00,PT60M,Yoga,,30.0,30,True,Outdoor Gym area,https://ourparks.org.uk/borough/stretch-bend-109002,Abbey Wood Recreation Ground,DA17 5ND,Belvedere,Abbey Road,GB,51.489689281292,0.133391557591,London Borough of Bexley,https://ourparks.org.uk/borough/london-borough-bexley,Kelly
109022,Beginners Bootcamp,2026-04-18 09:00:00+00:00,2026-04-18 10:00:00+00:00,PT60M,Bootcamp,,30.0,30,True,Outside the Sports Pavilion - Sessions take place by the outdoor gym,https://ourparks.org.uk/borough/beginners-bootcamp-109022,Hall Place Main Field,DA5 1PQ,Bexley,Bourne Road,GB,51.447550001177,0.162264911019,London Borough of Bexley,https://ourparks.org.uk/borough/london-borough-bexley,Ollie
109023,Beginners Bootcamp,2026-04-25 09:00:00+00:00,2026-04-25 10:00:00+00:00,PT60M,Bootcamp,,30.0,30,True,Outside the Sports Pavilion - Sessions take place by the outdoor gym,https://ourparks.org.uk/borough/beginners-bootcamp-109023,Hall Place Main Field,DA5 1PQ,Bexley,Bourne Road,GB,51.447550001177,0.162264911019,London Borough of Bexley,https://ourparks.org.uk/borough/london-borough-bexley,Ollie
109024,Beginners Bootcamp,2026-05-02 09:00:00+00:00,2026-05-02 10:00:00+00:00,PT60M,Bootcamp,,30.0,30,True,Outside the Sports Pavilion - Sessions take place by the outdoor gym,https://ourparks.org.uk/borough/beginners-bootcamp-109024,Hall Place Main Field,DA5 1PQ,Bexley,Bourne Road,GB,51.447550001177,0.162264911019,London Borough of Bexley,https://ourparks.org.uk/borough/london-borough-bexley,Ollie
109025,Beginners Bootcamp,2026-05-09 09:00:00+00:00,2026-05-09 10:00:00+00:00,PT60M,Bootcamp,,30.0,30,True,Outside the Sports Pavilion - Sessions take place by the outdoor gym,https://ourparks.org.uk/borough/beginners-bootcamp-109025,Hall Place Main Field,DA5 1PQ,Bexley,Bourne Road,GB,51.447550001177,0.162264911019,London Borough of Bexley,https://ourparks.org.uk/borough/london-borough-bexley,Ollie
109026,Beginners Bootcamp,2026-05-16 09:00:00+00:00,2026-05-16 10:00:00+00:00,PT60M,Bootcamp,,30.0,30,True,Outside the Sports Pavilion - Sessions take place by the outdoor gym,https://ourparks.org.uk/borough/beginners-bootcamp-109026,Hall Place Main Field,DA5 1PQ,Bexley,Bourne Road,GB,51.447550001177,0.162264911019,London Borough of Bexley,https://ourparks.org.uk/borough/london-borough-bexley,Ollie
109027,Beginners Bootcamp,2026-05-23 09:00:00+00:00,2026-05-23 10:00:00+00:00,PT60M,Bootcamp,,30.0,30,True,Outside the Sports Pavilion - Sessions take place by the outdoor gym,https://ourparks.org.uk/borough/beginners-bootcamp-109027,Hall Place Main Field,DA5 1PQ,Bexley,Bourne Road,GB,51.447550001177,0.162264911019,London Borough of Bexley,https://ourparks.org.uk/borough/london-borough-bexley,Ollie
109028,Beginners Bootcamp,2026-05-30 09:00:00+00:00,2026-05-30 10:00:00+00:00,PT60M,Bootcamp,,30.0,30,True,Outside the Sports Pavilion - Sessions take place by the outdoor gym,https://ourparks.org.uk/borough/beginners-bootcamp-109028,Hall Place Main Field,DA5 1PQ,Bexley,Bourne Road,GB,51.447550001177,0.162264911019,London Borough of Bexley,https://ourparks.org.uk/borough/london-borough-bexley,Ollie
109029,Beginners Bootcamp,2026-06-06 09:00:00+00:00,2026-06-06 10:00:00+00:00,PT60M,Bootcamp,,30.0,30,True,Outside the Sports Pavilion - Sessions take place by the outdoor gym,https://ourparks.org.uk/borough/beginners-bootcamp-109029,Hall Place Main Field,DA5 1PQ,Bexley,Bourne Road,GB,51.447550001177,0.162264911019,London Borough of Bexley,https://ourparks.org.uk/borough/london-borough-bexley,Ollie
109030,Beginners Bootcamp,2026-06-13 09:00:00+00:00,2026-06-13 10:00:00+00:00,PT60M,Bootcamp,,30.0,30,True,Outside the Sports Pavilion - Sessions take place by the outdoor gym,https://ourparks.org.uk/borough/beginners-bootcamp-109030,Hall Place Main Field,DA5 1PQ,Bexley,Bourne Road,GB,51.447550001177,0.162264911019,London Borough of Bexley,https://ourparks.org.uk/borough/london-borough-bexley,Ollie
109031,Beginners Bootcamp,2026-06-20 09:00:00+00:00,2026-06-20 10:00:00+00:00,PT60M,Bootcamp,,30.0,30,True,Outside the Sports Pavilion - Sessions take place by the outdoor gym,https://ourparks.org.uk/borough/beginners-bootcamp-109031,Hall Place Main Field,DA5 1PQ,Bexley,Bourne Road,GB,51.447550001177,0.162264911019,London Borough of Bexley,https://ourparks.org.uk/borough/london-borough-bexley,Ollie
109032,Beginners Bootcamp,2026-06-27 09:00:00+00:00,2026-06-27 10:00:00+00:00,PT60M,Bootcamp,,30.0,30,True,Outside the Sports Pavilion - Sessions take place by the outdoor gym,https://ourparks.org.uk/borough/beginners-bootcamp-109032,Hall Place Main Field,DA5 1PQ,Bexley,Bourne Road,GB,51.447550001177,0.162264911019,London Borough of Bexley,https://ourparks.org.uk/borough/london-borough-bexley,Ollie
109033,Beginners Bootcamp,2026-07-04 09:00:00+00:00,2026-07-04 10:00:00+00:00,PT60M,Bootcamp,,30.0,30,True,Outside the Sports Pavilion - Sessions take place by the outdoor gym,https://ourparks.org.uk/borough/beginners-bootcamp-109033,Hall Place Main Field,DA5 1PQ,Bexley,Bourne Road,GB,51.447550001177,0.162264911019,London Borough of Bexley,https://ourparks.org.uk/borough/london-borough-bexley,Ollie
109034,Beginners Bootcamp,2026-07-11 09:00:00+00:00,2026-07-11 10:00:00+00:00,PT60M,Bootcamp,,30.0,30,True,Outside the Sports Pavilion - Sessions take place by the outdoor gym,https://ourparks.org.uk/borough/beginners-bootcamp-109034,Hall Place Main Field,DA5 1PQ,Bexley,Bourne Road,GB,51.447550001177,0.162264911019,London Borough of Bexley,https://ourparks.org.uk/borough/london-borough-bexley,Ollie
109035,Beginners Bootcamp,2026-07-18 09:00:00+00:00,2026-07-18 10:00:00+00:00,PT60M,Bootcamp,,30.0,30,True,Outside the Sports Pavilion - Sessions take place by the outdoor gym,https://ourparks.org.uk/borough/beginners-bootcamp-109035,Hall Place Main Field,DA5 1PQ,Bexley,Bourne Road,GB,51.447550001177,0.162264911019,London Borough of Bexley,https://ourparks.org.uk/borough/london-borough-bexley,Ollie
109036,Beginners Bootcamp,2026-07-25 09:00:00+00:00,2026-07-25 10:00:00+00:00,PT60M,Bootcamp,,30.0,30,True,Outside the Sports Pavilion - Sessions take place by the outdoor gym,https://ourparks.org.uk/borough/beginners-bootcamp-109036,Hall Place Main Field,DA5 1PQ,Bexley,Bourne Road,GB,51.447550001177,0.162264911019,London Borough of Bexley,https://ourparks.org.uk/borough/london-borough-bexley,Ollie
109037,Beginners Bootcamp,2026-08-01 09:00:00+00:00,2026-08-01 10:00:00+00:00,PT60M,Bootcamp,,30.0,30,True,Outside the Sports Pavilion - Sessions take place by the outdoor gym,https://ourparks.org.uk/borough/beginners-bootcamp-109037,Hall Place Main Field,DA5 1PQ,Bexley,Bourne Road,GB,51.447550001177,0.162264911019,London Borough of Bexley,https://ourparks.org.uk/borough/london-borough-bexley,Ollie
109038,Beginners Bootcamp,2026-08-08 09:00:00+00:00,2026-08-08 10:00:00+00:00,PT60M,Bootcamp,,30.0,30,True,Outside the Sports Pavilion - Sessions take place by the outdoor gym,https://ourparks.org.uk/borough/beginners-bootcamp-109038,Hall Place Main Field,DA5 1PQ,Bexley,Bourne Road,GB,51.447550001177,0.162264911019,London Borough of Bexley,https://ourparks.org.uk/borough/london-borough-bexley,Ollie
109039,Beginners Bootcamp,2026-08-15 09:00:00+00:00,2026-08-15 10:00:00+00:00,PT60M,Bootcamp,,30.0,30,True,Outside the Sports Pavilion - Sessions take place by the outdoor gym,https://ourparks.org.uk/borough/beginners-bootcamp-109039,Hall Place Main Field,DA5 1PQ,Bexley,Bourne Road,GB,51.447550001177,0.162264911019,London Borough of Bexley,https://ourparks.org.uk/borough/london-borough-bexley,Ollie
109040,Beginners Bootcamp,2026-08-22 09:00:00+00:00,2026-08-22 10:00:00+00:00,PT60M,Bootcamp,,30.0,30,True,Outside the Sports Pavilion - Sessions take place by the outdoor gym,https://ourparks.org.uk/borough/beginners-bootcamp-109040,Hall Place Main Field,DA5 1PQ,Bexley,Bourne Road,GB,51.447550001177,0.162264911019,London Borough of Bexley,https://ourparks.org.uk/borough/london-borough-bexley,Ollie
109041,Beginners Bootcamp,2026-08-29 09:00:00+00:00,2026-08-29 10:00:00+00:00,PT60M,Bootcamp,,30.0,30,True,Outside the Sports Pavilion - Sessions take place by the outdoor gym,https://ourparks.org.uk/borough/beginners-bootcamp-109041,Hall Place Main Field,DA5 1PQ,Bexley,Bourne Road,GB,51.447550001177,0.162264911019,London Borough of Bexley,https://ourparks.org.uk/borough/london-borough-bexley,Ollie
109042,Beginners Bootcamp,2026-09-05 09:00:00+00:00,2026-09-05 10:00:00+00:00,PT60M,Bootcamp,,30.0,30,True,Outside the Sports Pavilion - Sessions take place by the outdoor gym,https://ourparks.org.uk/borough/beginners-bootcamp-109042,Hall Place Main Field,DA5 1PQ,Bexley,Bourne Road,GB,51.447550001177,0.162264911019,London Borough of Bexley,https://ourparks.org.uk/borough/london-borough-bexley,Ollie
109043,Beginners Bootcamp,2026-09-12 09:00:00+00:00,2026-09-12 10:00:00+00:00,PT60M,Bootcamp,,30.0,30,True,Outside the Sports Pavilion - Sessions take place by the outdoor gym,https://ourparks.org.uk/borough/beginners-bootcamp-109043,Hall Place Main Field,DA5 1PQ,Bexley,Bourne Road,GB,51.447550001177,0.162264911019,London Borough of Bexley,https://ourparks.org.uk/borough/london-borough-bexley,Ollie
108737,Bootcamp,2026-03-14 09:00:00+00:00,2026-03-14 10:00:00+00:00,PT60M,Bootcamp,Intermediate,29.0,29,True,Hard surface by Kids Play Area near car park,https://ourparks.org.uk/borough/bootcamp-108737,Hoblingwell Wood Recreation Ground,BR5 2QB,Orpington,Hoblingwell Recreation Ground,GB,51.402261016538,0.099742592442,Bromley,https://ourparks.org.uk/borough/bromley,Jo
105113,Back to Exercise,2026-03-21 09:00:00+00:00,2026-03-21 10:00:00+00:00,PT60M,Abs/Core,Intermediate,29.0,29,True,The Bandstand,https://ourparks.org.uk/borough/back-exercise-105113,Queens Park,NW6 6LR,London,Kingswood Avenue,GB,51.5365323,-0.2092666,Brent,https://ourparks.org.uk/borough/brent-0,Patrizia
105114,Back to Exercise,2026-03-28 09:00:00+00:00,2026-03-28 10:00:00+00:00,PT60M,Abs/Core,Intermediate,29.0,29,True,The Bandstand,https://ourparks.org.uk/borough/back-exercise-105114,Queens Park,NW6 6LR,London,Kingswood Avenue,GB,51.5365323,-0.2092666,Brent,https://ourparks.org.uk/borough/brent-0,Patrizia
105115,Back to Exercise,2026-04-04 09:00:00+00:00,2026-04-04 10:00:00+00:00,PT60M,Abs/Core,Intermediate,29.0,29,True,The Bandstand,https://ourparks.org.uk/borough/back-exercise-105115,Queens Park,NW6 6LR,London,Kingswood Avenue,GB,51.5365323,-0.2092666,Brent,https://ourparks.org.uk/borough/brent-0,Patrizia
105116,Back to Exercise,2026-04-11 09:00:00+00:00,2026-04-11 10:00:00+00:00,PT60M,Abs/Core,Intermediate,29.0,29,True,The Bandstand,https://ourparks.org.uk/borough/back-exercise-105116,Queens Park,NW6 6LR,London,Kingswood Avenue,GB,51.5365323,-0.2092666,Brent,https://ourparks.org.uk/borough/brent-0,Patrizia
105118,Back to Exercise,2026-04-25 09:00:00+00:00,2026-04-25 10:00:00+00:00,PT60M,Abs/Core,Intermediate,29.0,29,True,The Bandstand,https://ourparks.org.uk/borough/back-exercise-105118,Queens Park,NW6 6LR,London,Kingswood Avenue,GB,51.5365323,-0.2092666,Brent,https://ourparks.org.uk/borough/brent-0,Patrizia
105119,Back to Exercise,2026-05-02 09:00:00+00:00,2026-05-02 10:00:00+00:00,PT60M,Abs/Core,Intermediate,29.0,29,True,The Bandstand,https://ourparks.org.uk/borough/back-exercise-105119,Queens Park,NW6 6LR,London,Kingswood Avenue,GB,51.5365323,-0.2092666,Brent,https://ourparks.org.uk/borough/brent-0,Patrizia
105120,Back to Exercise,2026-05-09 09:00:00+00:00,2026-05-09 10:00:00+00:00,PT60M,Abs/Core,Intermediate,29.0,29,True,The Bandstand,https://ourparks.org.uk/borough/back-exercise-105120,Queens Park,NW6 6LR,London,Kingswood Avenue,GB,51.5365323,-0.2092666,Brent,https://ourparks.org.uk/borough/brent-0,Patrizia
105121,Back to Exercise,2026-05-16 09:00:00+00:00,2026-05-16 10:00:00+00:00,PT60M,Abs/Core,Intermediate,29.0,29,True,The Bandstand,https://ourparks.org.uk/borough/back-exercise-105121,Queens Park,NW6 6LR,London,Kingswood Avenue,GB,51.5365323,-0.2092666,Brent,https://ourparks.org.uk/borough/brent-0,Patrizia
105122,Back to Exercise,2026-05-23 09:00:00+00:00,2026-05-23 10:00:00+00:00,PT60M,Abs/Core,Intermediate,29.0,29,True,The Bandstand,https://ourparks.org.uk/borough/back-exercise-105122,Queens Park,NW6 6LR,London,Kingswood Avenue,GB,51.5365323,-0.2092666,Brent,https://ourparks.org.uk/borough/brent-0,Patrizia
105123,Back to Exercise,2026-05-30 09:00:00+00:00,2026-05-30 10:00:00+00:00,PT60M,Abs/Core,Intermediate,29.0,29,True,The Bandstand,https://ourparks.org.uk/borough/back-exercise-105123,Queens Park,NW6 6LR,London,Kingswood Avenue,GB,51.5365323,-0.2092666,Brent,https://ourparks.org.uk/borough/brent-0,Patrizia
105124,Back to Exercise,2026-06-06 09:00:00+00:00,2026-06-06 10:00:00+00:00,PT60M,Abs/Core,Intermediate,29.0,29,True,The Bandstand,https://ourparks.org.uk/borough/back-exercise-105124,Queens Park,NW6 6LR,London,Kingswood Avenue,GB,51.5365323,-0.2092666,Brent,https://ourparks.org.uk/borough/brent-0,Patrizia
105125,Back to Exercise,2026-06-13 09:00:00+00:00,2026-06-13 10:00:00+00:00,PT60M,Abs/Core,Intermediate,29.0,29,True,The Bandstand,https://ourparks.org.uk/borough/back-exercise-105125,Queens Park,NW6 6LR,London,Kingswood Avenue,GB,51.5365323,-0.2092666,Brent,https://ourparks.org.uk/borough/brent-0,Patrizia
105126,Back to Exercise,2026-06-20 09:00:00+00:00,2026-06-20 10:00:00+00:00,PT60M,Abs/Core,Intermediate,29.0,29,True,The Bandstand,https://ourparks.org.uk/borough/back-exercise-105126,Queens Park,NW6 6LR,London,Kingswood Avenue,GB,51.5365323,-0.2092666,Brent,https://ourparks.org.uk/borough/brent-0,Patrizia
105112,Back to Exercise,2026-03-14 09:00:00+00:00,2026-03-14 10:00:00+00:00,PT60M,Abs/Core,Intermediate,29.0,29,True,The Bandstand,https://ourparks.org.uk/borough/back-exercise-105112,Queens Park,NW6 6LR,London,Kingswood Avenue,GB,51.5365323,-0.2092666,Brent,https://ourparks.org.uk/borough/brent-0,Patrizia
108740,Bootcamp,2026-04-04 09:00:00+00:00,2026-04-04 10:00:00+00:00,PT60M,Bootcamp,Intermediate,29.0,29,True,Hard surface by Kids Play Area near car park,https://ourparks.org.uk/borough/bootcamp-108740,Hoblingwell Wood Recreation Ground,BR5 2QB,Orpington,Hoblingwell Recreation Ground,GB,51.402261016538,0.099742592442,Bromley,https://ourparks.org.uk/borough/bromley,Christina
108741,Bootcamp,2026-04-11 09:00:00+00:00,2026-04-11 10:00:00+00:00,PT60M,Bootcamp,Intermediate,29.0,29,True,Hard surface by Kids Play Area near car park,https://ourparks.org.uk/borough/bootcamp-108741,Hoblingwell Wood Recreation Ground,BR5 2QB,Orpington,Hoblingwell Recreation Ground,GB,51.402261016538,0.099742592442,Bromley,https://ourparks.org.uk/borough/bromley,Christina
108742,Bootcamp,2026-04-18 09:00:00+00:00,2026-04-18 10:00:00+00:00,PT60M,Bootcamp,Intermediate,29.0,29,True,Hard surface by Kids Play Area near car park,https://ourparks.org.uk/borough/bootcamp-108742,Hoblingwell Wood Recreation Ground,BR5 2QB,Orpington,Hoblingwell Recreation Ground,GB,51.402261016538,0.099742592442,Bromley,https://ourparks.org.uk/borough/bromley,Christina
107987,"Abs, Bums & Thighs (ABT)",2026-03-16 18:00:00+00:00,2026-03-16 19:00:00+00:00,PT60M,Abs/Core,Intermediate,29.0,29,True,Outdoor Gym area,https://ourparks.org.uk/borough/abs-bums-thighs-abt-107987,Victory Park (E20),E20 2ST,London,Victory Park,GB,51.546291703992,-0.00978845673,East Village,https://ourparks.org.uk/borough/east-village,Albert
105528,Strength building class,2026-03-13 13:00:00+00:00,2026-03-13 14:00:00+00:00,PT60M,Yoga,Beginner,15.0,15,True,Carolyn Downs Community Room,https://ourparks.org.uk/borough/strength-building-class-105528,Harlesden Library,NW10 8SE,Harlesden,Craven Park Road,GB,51.538725110209,-0.25043846365,Brent,https://ourparks.org.uk/borough/brent-0,Dec
109060,Box Fit,2026-03-14 09:00:00+00:00,2026-03-14 10:00:00+00:00,PT60M,Boxing Fitness,Intermediate,29.0,29,True,By the Outdoor Gym,https://ourparks.org.uk/borough/box-fit-109060,Mabley Green,E9 5HS,London,"Stop E, Crowfoot Close",GB,51.548910987039,-0.029284231249,Hackney,https://ourparks.org.uk/borough/hackney,Roosevelt 
109061,Box Fit,2026-03-21 09:00:00+00:00,2026-03-21 10:00:00+00:00,PT60M,Boxing Fitness,Intermediate,29.0,29,True,By the Outdoor Gym,https://ourparks.org.uk/borough/box-fit-109061,Mabley Green,E9 5HS,London,"Stop E, Crowfoot Close",GB,51.548910987039,-0.029284231249,Hackney,https://ourparks.org.uk/borough/hackney,Roosevelt 
109062,Box Fit,2026-03-28 09:00:00+00:00,2026-03-28 10:00:00+00:00,PT60M,Boxing Fitness,Intermediate,29.0,29,True,By the Outdoor Gym,https://ourparks.org.uk/borough/box-fit-109062,Mabley Green,E9 5HS,London,"Stop E, Crowfoot Close",GB,51.548910987039,-0.029284231249,Hackney,https://ourparks.org.uk/borough/hackney,Roosevelt 
109063,Box Fit,2026-04-04 09:00:00+00:00,2026-04-04 10:00:00+00:00,PT60M,Boxing Fitness,Intermediate,29.0,29,True,By the Outdoor Gym,https://ourparks.org.uk/borough/box-fit-109063,Mabley Green,E9 5HS,London,"Stop E, Crowfoot Close",GB,51.548910987039,-0.029284231249,Hackney,https://ourparks.org.uk/borough/hackney,Roosevelt 
104850,Bootcamp,2026-03-03 09:30:00+00:00,2026-03-03 10:30:00+00:00,PT60M,Bootcamp,Intermediate,29.0,29,True,The Playground,https://ourparks.org.uk/borough/bootcamp-104850,Barra Hall Park,UB3 2NH,London,Barra Hill Park,GB,51.5179777,-0.4235929,Hillingdon,https://ourparks.org.uk/borough/hillingdon,Aliz
104851,Bootcamp,2026-03-10 09:30:00+00:00,2026-03-10 10:30:00+00:00,PT60M,Bootcamp,Intermediate,29.0,29,True,The Playground,https://ourparks.org.uk/borough/bootcamp-104851,Barra Hall Park,UB3 2NH,London,Barra Hill Park,GB,51.5179777,-0.4235929,Hillingdon,https://ourparks.org.uk/borough/hillingdon,Aliz
104852,Bootcamp,2026-03-17 09:30:00+00:00,2026-03-17 10:30:00+00:00,PT60M,Bootcamp,Intermediate,29.0,29,True,The Playground,https://ourparks.org.uk/borough/bootcamp-104852,Barra Hall Park,UB3 2NH,London,Barra Hill Park,GB,51.5179777,-0.4235929,Hillingdon,https://ourparks.org.uk/borough/hillingdon,Aliz
104853,Bootcamp,2026-03-24 09:30:00+00:00,2026-03-24 10:30:00+00:00,PT60M,Bootcamp,Intermediate,29.0,29,True,The Playground,https://ourparks.org.uk/borough/bootcamp-104853,Barra Hall Park,UB3 2NH,London,Barra Hill Park,GB,51.5179777,-0.4235929,Hillingdon,https://ourparks.org.uk/borough/hillingdon,Aliz
104854,Bootcamp,2026-03-31 09:30:00+00:00,2026-03-31 10:30:00+00:00,PT60M,Bootcamp,Intermediate,29.0,29,True,The Playground,https://ourparks.org.uk/borough/bootcamp-104854,Barra Hall Park,UB3 2NH,London,Barra Hill Park,GB,51.5179777,-0.4235929,Hillingdon,https://ourparks.org.uk/borough/hillingdon,Aliz
109070,Under 11s Girls' Football,2026-04-18 09:00:00+00:00,2026-04-18 10:00:00+00:00,PT60M,Football,Intermediate,29.0,29,True,Football pitches by the changing rooms,https://ourparks.org.uk/borough/under-11s-girls-football-109070,Roxbourne Park,HA5 1JF ,Pinner,Cannon Lane,GB,51.5754739,-0.3832202,London Borough of Harrow,https://ourparks.org.uk/borough/london-borough-harrow,Dyjarn 
109071,Under 11s Girls' Football,2026-04-25 09:00:00+00:00,2026-04-25 10:00:00+00:00,PT60M,Football,Intermediate,29.0,29,True,Football pitches by the changing rooms,https://ourparks.org.uk/borough/under-11s-girls-football-109071,Roxbourne Park,HA5 1JF ,Pinner,Cannon Lane,GB,51.5754739,-0.3832202,London Borough of Harrow,https://ourparks.org.uk/borough/london-borough-harrow,Dyjarn 
106266,Beginners HIIT,2026-03-03 08:30:00+00:00,2026-03-03 09:30:00+00:00,PT60M,Bootcamp,Intermediate,30.0,30,True,"Open Playground space, near Basketball court",https://ourparks.org.uk/borough/beginners-hiit-106266,East Wickham Open Space,DA16 3BJ,Welling,East Wickham Open Space,GB,51.47144151112,0.103413504169,London Borough of Bexley,https://ourparks.org.uk/borough/london-borough-bexley,Donna
106267,Beginners HIIT,2026-03-10 08:30:00+00:00,2026-03-10 09:30:00+00:00,PT60M,Bootcamp,Intermediate,30.0,30,True,"Open Playground space, near Basketball court",https://ourparks.org.uk/borough/beginners-hiit-106267,East Wickham Open Space,DA16 3BJ,Welling,East Wickham Open Space,GB,51.47144151112,0.103413504169,London Borough of Bexley,https://ourparks.org.uk/borough/london-borough-bexley,Donna
106268,Beginners HIIT,2026-03-17 08:30:00+00:00,2026-03-17 09:30:00+00:00,PT60M,Bootcamp,Intermediate,30.0,30,True,"Open Playground space, near Basketball court",https://ourparks.org.uk/borough/beginners-hiit-106268,East Wickham Open Space,DA16 3BJ,Welling,East Wickham Open Space,GB,51.47144151112,0.103413504169,London Borough of Bexley,https://ourparks.org.uk/borough/london-borough-bexley,Donna
106269,Beginners HIIT,2026-03-24 08:30:00+00:00,2026-03-24 09:30:00+00:00,PT60M,Bootcamp,Intermediate,30.0,30,True,"Open Playground space, near Basketball court",https://ourparks.org.uk/borough/beginners-hiit-106269,East Wickham Open Space,DA16 3BJ,Welling,East Wickham Open Space,GB,51.47144151112,0.103413504169,London Borough of Bexley,https://ourparks.org.uk/borough/london-borough-bexley,Donna
108950,Beginners HIIT,2026-03-31 08:30:00+00:00,2026-03-31 09:30:00+00:00,PT60M,Bootcamp,Intermediate,30.0,30,True,"Open Playground space, near Basketball court",https://ourparks.org.uk/borough/beginners-hiit-108950,East Wickham Open Space,DA16 3BJ,Welling,East Wickham Open Space,GB,51.47144151112,0.103413504169,London Borough of Bexley,https://ourparks.org.uk/borough/london-borough-bexley,Donna
108952,Beginners HIIT,2026-04-14 08:30:00+00:00,2026-04-14 09:30:00+00:00,PT60M,Bootcamp,Intermediate,30.0,30,True,"Open Playground space, near Basketball court",https://ourparks.org.uk/borough/beginners-hiit-108952,East Wickham Open Space,DA16 3BJ,Welling,East Wickham Open Space,GB,51.47144151112,0.103413504169,London Borough of Bexley,https://ourparks.org.uk/borough/london-borough-bexley,Donna
108954,Beginners HIIT,2026-04-28 08:30:00+00:00,2026-04-28 09:30:00+00:00,PT60M,Bootcamp,Intermediate,30.0,30,True,"Open Playground space, near Basketball court",https://ourparks.org.uk/borough/beginners-hiit-108954,East Wickham Open Space,DA16 3BJ,Welling,East Wickham Open Space,GB,51.47144151112,0.103413504169,London Borough of Bexley,https://ourparks.org.uk/borough/london-borough-bexley,Donna
108956,Beginners HIIT,2026-05-12 08:30:00+00:00,2026-05-12 09:30:00+00:00,PT60M,Bootcamp,Intermediate,30.0,30,True,"Open Playground space, near Basketball court",https://ourparks.org.uk/borough/beginners-hiit-108956,East Wickham Open Space,DA16 3BJ,Welling,East Wickham Open Space,GB,51.47144151112,0.103413504169,London Borough of Bexley,https://ourparks.org.uk/borough/london-borough-bexley,Donna
108958,Beginners HIIT,2026-05-26 08:30:00+00:00,2026-05-26 09:30:00+00:00,PT60M,Bootcamp,Intermediate,30.0,30,True,"Open Playground space, near Basketball court",https://ourparks.org.uk/borough/beginners-hiit-108958,East Wickham Open Space,DA16 3BJ,Welling,East Wickham Open Space,GB,51.47144151112,0.103413504169,London Borough of Bexley,https://ourparks.org.uk/borough/london-borough-bexley,Donna
108959,Beginners HIIT,2026-06-02 08:30:00+00:00,2026-06-02 09:30:00+00:00,PT60M,Bootcamp,Intermediate,30.0,30,True,"Open Playground space, near Basketball court",https://ourparks.org.uk/borough/beginners-hiit-108959,East Wickham Open Space,DA16 3BJ,Welling,East Wickham Open Space,GB,51.47144151112,0.103413504169,London Borough of Bexley,https://ourparks.org.uk/borough/london-borough-bexley,Donna
108960,Beginners HIIT,2026-06-09 08:30:00+00:00,2026-06-09 09:30:00+00:00,PT60M,Bootcamp,Intermediate,30.0,30,True,"Open Playground space, near Basketball court",https://ourparks.org.uk/borough/beginners-hiit-108960,East Wickham Open Space,DA16 3BJ,Welling,East Wickham Open Space,GB,51.47144151112,0.103413504169,London Borough of Bexley,https://ourparks.org.uk/borough/london-borough-bexley,Donna
108961,Beginners HIIT,2026-06-16 08:30:00+00:00,2026-06-16 09:30:00+00:00,PT60M,Bootcamp,Intermediate,30.0,30,True,"Open Playground space, near Basketball court",https://ourparks.org.uk/borough/beginners-hiit-108961,East Wickham Open Space,DA16 3BJ,Welling,East Wickham Open Space,GB,51.47144151112,0.103413504169,London Borough of Bexley,https://ourparks.org.uk/borough/london-borough-bexley,Donna
108962,Beginners HIIT,2026-06-23 08:30:00+00:00,2026-06-23 09:30:00+00:00,PT60M,Bootcamp,Intermediate,30.0,30,True,"Open Playground space, near Basketball court",https://ourparks.org.uk/borough/beginners-hiit-108962,East Wickham Open Space,DA16 3BJ,Welling,East Wickham Open Space,GB,51.47144151112,0.103413504169,London Borough of Bexley,https://ourparks.org.uk/borough/london-borough-bexley,Donna
108963,Beginners HIIT,2026-06-30 08:30:00+00:00,2026-06-30 09:30:00+00:00,PT60M,Bootcamp,Intermediate,30.0,30,True,"Open Playground space, near Basketball court",https://ourparks.org.uk/borough/beginners-hiit-108963,East Wickham Open Space,DA16 3BJ,Welling,East Wickham Open Space,GB,51.47144151112,0.103413504169,London Borough of Bexley,https://ourparks.org.uk/borough/london-borough-bexley,Donna
108964,Beginners HIIT,2026-07-07 08:30:00+00:00,2026-07-07 09:30:00+00:00,PT60M,Bootcamp,Intermediate,30.0,30,True,"Open Playground space, near Basketball court",https://ourparks.org.uk/borough/beginners-hiit-108964,East Wickham Open Space,DA16 3BJ,Welling,East Wickham Open Space,GB,51.47144151112,0.103413504169,London Borough of Bexley,https://ourparks.org.uk/borough/london-borough-bexley,Donna
108965,Beginners HIIT,2026-07-14 08:30:00+00:00,2026-07-14 09:30:00+00:00,PT60M,Bootcamp,Intermediate,30.0,30,True,"Open Playground space, near Basketball court",https://ourparks.org.uk/borough/beginners-hiit-108965,East Wickham Open Space,DA16 3BJ,Welling,East Wickham Open Space,GB,51.47144151112,0.103413504169,London Borough of Bexley,https://ourparks.org.uk/borough/london-borough-bexley,Donna
108966,Beginners HIIT,2026-07-21 08:30:00+00:00,2026-07-21 09:30:00+00:00,PT60M,Bootcamp,Intermediate,30.0,30,True,"Open Playground space, near Basketball court",https://ourparks.org.uk/borough/beginners-hiit-108966,East Wickham Open Space,DA16 3BJ,Welling,East Wickham Open Space,GB,51.47144151112,0.103413504169,London Borough of Bexley,https://ourparks.org.uk/borough/london-borough-bexley,Donna
108967,Beginners HIIT,2026-07-28 08:30:00+00:00,2026-07-28 09:30:00+00:00,PT60M,Bootcamp,Intermediate,30.0,30,True,"Open Playground space, near Basketball court",https://ourparks.org.uk/borough/beginners-hiit-108967,East Wickham Open Space,DA16 3BJ,Welling,East Wickham Open Space,GB,51.47144151112,0.103413504169,London Borough of Bexley,https://ourparks.org.uk/borough/london-borough-bexley,Donna
108968,Beginners HIIT,2026-08-04 08:30:00+00:00,2026-08-04 09:30:00+00:00,PT60M,Bootcamp,Intermediate,30.0,30,True,"Open Playground space, near Basketball court",https://ourparks.org.uk/borough/beginners-hiit-108968,East Wickham Open Space,DA16 3BJ,Welling,East Wickham Open Space,GB,51.47144151112,0.103413504169,London Borough of Bexley,https://ourparks.org.uk/borough/london-borough-bexley,Donna
108969,Beginners HIIT,2026-08-11 08:30:00+00:00,2026-08-11 09:30:00+00:00,PT60M,Bootcamp,Intermediate,30.0,30,True,"Open Playground space, near Basketball court",https://ourparks.org.uk/borough/beginners-hiit-108969,East Wickham Open Space,DA16 3BJ,Welling,East Wickham Open Space,GB,51.47144151112,0.103413504169,London Borough of Bexley,https://ourparks.org.uk/borough/london-borough-bexley,Donna
108970,Beginners HIIT,2026-08-18 08:30:00+00:00,2026-08-18 09:30:00+00:00,PT60M,Bootcamp,Intermediate,30.0,30,True,"Open Playground space, near Basketball court",https://ourparks.org.uk/borough/beginners-hiit-108970,East Wickham Open Space,DA16 3BJ,Welling,East Wickham Open Space,GB,51.47144151112,0.103413504169,London Borough of Bexley,https://ourparks.org.uk/borough/london-borough-bexley,Donna
108971,Beginners HIIT,2026-08-25 08:30:00+00:00,2026-08-25 09:30:00+00:00,PT60M,Bootcamp,Intermediate,30.0,30,True,"Open Playground space, near Basketball court",https://ourparks.org.uk/borough/beginners-hiit-108971,East Wickham Open Space,DA16 3BJ,Welling,East Wickham Open Space,GB,51.47144151112,0.103413504169,London Borough of Bexley,https://ourparks.org.uk/borough/london-borough-bexley,Donna
108972,Beginners HIIT,2026-09-01 08:30:00+00:00,2026-09-01 09:30:00+00:00,PT60M,Bootcamp,Intermediate,30.0,30,True,"Open Playground space, near Basketball court",https://ourparks.org.uk/borough/beginners-hiit-108972,East Wickham Open Space,DA16 3BJ,Welling,East Wickham Open Space,GB,51.47144151112,0.103413504169,London Borough of Bexley,https://ourparks.org.uk/borough/london-borough-bexley,Donna
108973,Beginners HIIT,2026-09-08 08:30:00+00:00,2026-09-08 09:30:00+00:00,PT60M,Bootcamp,Intermediate,30.0,30,True,"Open Playground space, near Basketball court",https://ourparks.org.uk/borough/beginners-hiit-108973,East Wickham Open Space,DA16 3BJ,Welling,East Wickham Open Space,GB,51.47144151112,0.103413504169,London Borough of Bexley,https://ourparks.org.uk/borough/london-borough-bexley,Donna
109072,"Women & Girls ABT (Abs, Bums & Thighs)",2026-03-31 08:30:00+00:00,2026-03-31 09:30:00+00:00,PT60M,Abs/Core,Intermediate,29.0,29,True,Outdoor Gym area,https://ourparks.org.uk/borough/women-girls-abt-abs-bums-thighs-109072,Queens Park Gardens,W10 4QH,London,Queen Park Gardens,GB,51.5284574,-0.2089447,City of Westminster,https://ourparks.org.uk/borough/city-westminster,Christine
109073,"Women & Girls ABT (Abs, Bums & Thighs)",2026-04-07 08:30:00+00:00,2026-04-07 09:30:00+00:00,PT60M,Abs/Core,Intermediate,29.0,29,True,Outdoor Gym area,https://ourparks.org.uk/borough/women-girls-abt-abs-bums-thighs-109073,Queens Park Gardens,W10 4QH,London,Queen Park Gardens,GB,51.5284574,-0.2089447,City of Westminster,https://ourparks.org.uk/borough/city-westminster,Christine
109074,"Women & Girls ABT (Abs, Bums & Thighs)",2026-04-14 08:30:00+00:00,2026-04-14 09:30:00+00:00,PT60M,Abs/Core,Intermediate,29.0,29,True,Outdoor Gym area,https://ourparks.org.uk/borough/women-girls-abt-abs-bums-thighs-109074,Queens Park Gardens,W10 4QH,London,Queen Park Gardens,GB,51.5284574,-0.2089447,City of Westminster,https://ourparks.org.uk/borough/city-westminster,Christine
109075,"Women & Girls ABT (Abs, Bums & Thighs)",2026-04-21 08:30:00+00:00,2026-04-21 09:30:00+00:00,PT60M,Abs/Core,Intermediate,29.0,29,True,Outdoor Gym area,https://ourparks.org.uk/borough/women-girls-abt-abs-bums-thighs-109075,Queens Park Gardens,W10 4QH,London,Queen Park Gardens,GB,51.5284574,-0.2089447,City of Westminster,https://ourparks.org.uk/borough/city-westminster,Christine
109076,"Women & Girls ABT (Abs, Bums & Thighs)",2026-04-28 08:30:00+00:00,2026-04-28 09:30:00+00:00,PT60M,Abs/Core,Intermediate,29.0,29,True,Outdoor Gym area,https://ourparks.org.uk/borough/women-girls-abt-abs-bums-thighs-109076,Queens Park Gardens,W10 4QH,London,Queen Park Gardens,GB,51.5284574,-0.2089447,City of Westminster,https://ourparks.org.uk/borough/city-westminster,Christine
109077,"Women & Girls ABT (Abs, Bums & Thighs)",2026-05-05 08:30:00+00:00,2026-05-05 09:30:00+00:00,PT60M,Abs/Core,Intermediate,29.0,29,True,Outdoor Gym area,https://ourparks.org.uk/borough/women-girls-abt-abs-bums-thighs-109077,Queens Park Gardens,W10 4QH,London,Queen Park Gardens,GB,51.5284574,-0.2089447,City of Westminster,https://ourparks.org.uk/borough/city-westminster,Christine
109078,"Women & Girls ABT (Abs, Bums & Thighs)",2026-05-12 08:30:00+00:00,2026-05-12 09:30:00+00:00,PT60M,Abs/Core,Intermediate,29.0,29,True,Outdoor Gym area,https://ourparks.org.uk/borough/women-girls-abt-abs-bums-thighs-109078,Queens Park Gardens,W10 4QH,London,Queen Park Gardens,GB,51.5284574,-0.2089447,City of Westminster,https://ourparks.org.uk/borough/city-westminster,Christine
109082,"Women & Girls ABT (Abs, Bums & Thighs)",2026-06-09 08:30:00+00:00,2026-06-09 09:30:00+00:00,PT60M,Abs/Core,Intermediate,29.0,29,True,Outdoor Gym area,https://ourparks.org.uk/borough/women-girls-abt-abs-bums-thighs-109082,Queens Park Gardens,W10 4QH,London,Queen Park Gardens,GB,51.5284574,-0.2089447,City of Westminster,https://ourparks.org.uk/borough/city-westminster,Christine
109083,"Women & Girls ABT (Abs, Bums & Thighs)",2026-06-16 08:30:00+00:00,2026-06-16 09:30:00+00:00,PT60M,Abs/Core,Intermediate,29.0,29,True,Outdoor Gym area,https://ourparks.org.uk/borough/women-girls-abt-abs-bums-thighs-109083,Queens Park Gardens,W10 4QH,London,Queen Park Gardens,GB,51.5284574,-0.2089447,City of Westminster,https://ourparks.org.uk/borough/city-westminster,Christine
109084,"Women & Girls ABT (Abs, Bums & Thighs)",2026-06-23 08:30:00+00:00,2026-06-23 09:30:00+00:00,PT60M,Abs/Core,Intermediate,29.0,29,True,Outdoor Gym area,https://ourparks.org.uk/borough/women-girls-abt-abs-bums-thighs-109084,Queens Park Gardens,W10 4QH,London,Queen Park Gardens,GB,51.5284574,-0.2089447,City of Westminster,https://ourparks.org.uk/borough/city-westminster,Christine
109085,"Women & Girls ABT (Abs, Bums & Thighs)",2026-06-30 08:30:00+00:00,2026-06-30 09:30:00+00:00,PT60M,Abs/Core,Intermediate,29.0,29,True,Outdoor Gym area,https://ourparks.org.uk/borough/women-girls-abt-abs-bums-thighs-109085,Queens Park Gardens,W10 4QH,London,Queen Park Gardens,GB,51.5284574,-0.2089447,City of Westminster,https://ourparks.org.uk/borough/city-westminster,Christine
109086,"Women & Girls ABT (Abs, Bums & Thighs)",2026-07-07 08:30:00+00:00,2026-07-07 09:30:00+00:00,PT60M,Abs/Core,Intermediate,29.0,29,True,Outdoor Gym area,https://ourparks.org.uk/borough/women-girls-abt-abs-bums-thighs-109086,Queens Park Gardens,W10 4QH,London,Queen Park Gardens,GB,51.5284574,-0.2089447,City of Westminster,https://ourparks.org.uk/borough/city-westminster,Christine
109087,"Women & Girls ABT (Abs, Bums & Thighs)",2026-07-14 08:30:00+00:00,2026-07-14 09:30:00+00:00,PT60M,Abs/Core,Intermediate,29.0,29,True,Outdoor Gym area,https://ourparks.org.uk/borough/women-girls-abt-abs-bums-thighs-109087,Queens Park Gardens,W10 4QH,London,Queen Park Gardens,GB,51.5284574,-0.2089447,City of Westminster,https://ourparks.org.uk/borough/city-westminster,Christine
109088,"Women & Girls ABT (Abs, Bums & Thighs)",2026-07-21 08:30:00+00:00,2026-07-21 09:30:00+00:00,PT60M,Abs/Core,Intermediate,29.0,29,True,Outdoor Gym area,https://ourparks.org.uk/borough/women-girls-abt-abs-bums-thighs-109088,Queens Park Gardens,W10 4QH,London,Queen Park Gardens,GB,51.5284574,-0.2089447,City of Westminster,https://ourparks.org.uk/borough/city-westminster,Christine
109089,"Women & Girls ABT (Abs, Bums & Thighs)",2026-07-28 08:30:00+00:00,2026-07-28 09:30:00+00:00,PT60M,Abs/Core,Intermediate,29.0,29,True,Outdoor Gym area,https://ourparks.org.uk/borough/women-girls-abt-abs-bums-thighs-109089,Queens Park Gardens,W10 4QH,London,Queen Park Gardens,GB,51.5284574,-0.2089447,City of Westminster,https://ourparks.org.uk/borough/city-westminster,Christine
109090,"Women & Girls ABT (Abs, Bums & Thighs)",2026-08-04 08:30:00+00:00,2026-08-04 09:30:00+00:00,PT60M,Abs/Core,Intermediate,29.0,29,True,Outdoor Gym area,https://ourparks.org.uk/borough/women-girls-abt-abs-bums-thighs-109090,Queens Park Gardens,W10 4QH,London,Queen Park Gardens,GB,51.5284574,-0.2089447,City of Westminster,https://ourparks.org.uk/borough/city-westminster,Christine
109091,"Women & Girls ABT (Abs, Bums & Thighs)",2026-08-11 08:30:00+00:00,2026-08-11 09:30:00+00:00,PT60M,Abs/Core,Intermediate,29.0,29,True,Outdoor Gym area,https://ourparks.org.uk/borough/women-girls-abt-abs-bums-thighs-109091,Queens Park Gardens,W10 4QH,London,Queen Park Gardens,GB,51.5284574,-0.2089447,City of Westminster,https://ourparks.org.uk/borough/city-westminster,Christine
109092,"Women & Girls ABT (Abs, Bums & Thighs)",2026-08-18 08:30:00+00:00,2026-08-18 09:30:00+00:00,PT60M,Abs/Core,Intermediate,29.0,29,True,Outdoor Gym area,https://ourparks.org.uk/borough/women-girls-abt-abs-bums-thighs-109092,Queens Park Gardens,W10 4QH,London,Queen Park Gardens,GB,51.5284574,-0.2089447,City of Westminster,https://ourparks.org.uk/borough/city-westminster,Christine
109093,"Women & Girls ABT (Abs, Bums & Thighs)",2026-08-25 08:30:00+00:00,2026-08-25 09:30:00+00:00,PT60M,Abs/Core,Intermediate,29.0,29,True,Outdoor Gym area,https://ourparks.org.uk/borough/women-girls-abt-abs-bums-thighs-109093,Queens Park Gardens,W10 4QH,London,Queen Park Gardens,GB,51.5284574,-0.2089447,City of Westminster,https://ourparks.org.uk/borough/city-westminster,Christine
109094,"Women & Girls ABT (Abs, Bums & Thighs)",2026-09-01 08:30:00+00:00,2026-09-01 09:30:00+00:00,PT60M,Abs/Core,Intermediate,29.0,29,True,Outdoor Gym area,https://ourparks.org.uk/borough/women-girls-abt-abs-bums-thighs-109094,Queens Park Gardens,W10 4QH,London,Queen Park Gardens,GB,51.5284574,-0.2089447,City of Westminster,https://ourparks.org.uk/borough/city-westminster,Christine
109095,"Women & Girls ABT (Abs, Bums & Thighs)",2026-09-08 08:30:00+00:00,2026-09-08 09:30:00+00:00,PT60M,Abs/Core,Intermediate,29.0,29,True,Outdoor Gym area,https://ourparks.org.uk/borough/women-girls-abt-abs-bums-thighs-109095,Queens Park Gardens,W10 4QH,London,Queen Park Gardens,GB,51.5284574,-0.2089447,City of Westminster,https://ourparks.org.uk/borough/city-westminster,Christine
109096,"Women & Girls ABT (Abs, Bums & Thighs)",2026-09-15 08:30:00+00:00,2026-09-15 09:30:00+00:00,PT60M,Abs/Core,Intermediate,29.0,29,True,Outdoor Gym area,https://ourparks.org.uk/borough/women-girls-abt-abs-bums-thighs-109096,Queens Park Gardens,W10 4QH,London,Queen Park Gardens,GB,51.5284574,-0.2089447,City of Westminster,https://ourparks.org.uk/borough/city-westminster,Christine
109097,"Women & Girls ABT (Abs, Bums & Thighs)",2026-09-22 08:30:00+00:00,2026-09-22 09:30:00+00:00,PT60M,Abs/Core,Intermediate,29.0,29,True,Outdoor Gym area,https://ourparks.org.uk/borough/women-girls-abt-abs-bums-thighs-109097,Queens Park Gardens,W10 4QH,London,Queen Park Gardens,GB,51.5284574,-0.2089447,City of Westminster,https://ourparks.org.uk/borough/city-westminster,Christine
109098,"Women & Girls ABT (Abs, Bums & Thighs)",2026-09-29 08:30:00+00:00,2026-09-29 09:30:00+00:00,PT60M,Abs/Core,Intermediate,29.0,29,True,Outdoor Gym area,https://ourparks.org.uk/borough/women-girls-abt-abs-bums-thighs-109098,Queens Park Gardens,W10 4QH,London,Queen Park Gardens,GB,51.5284574,-0.2089447,City of Westminster,https://ourparks.org.uk/borough/city-westminster,Christine
109099,"Women & Girls ABT (Abs, Bums & Thighs)",2026-10-06 08:30:00+00:00,2026-10-06 09:30:00+00:00,PT60M,Abs/Core,Intermediate,29.0,29,True,Outdoor Gym area,https://ourparks.org.uk/borough/women-girls-abt-abs-bums-thighs-109099,Queens Park Gardens,W10 4QH,London,Queen Park Gardens,GB,51.5284574,-0.2089447,City of Westminster,https://ourparks.org.uk/borough/city-westminster,Christine
109100,"Women & Girls ABT (Abs, Bums & Thighs)",2026-10-13 08:30:00+00:00,2026-10-13 09:30:00+00:00,PT60M,Abs/Core,Intermediate,29.0,29,True,Outdoor Gym area,https://ourparks.org.uk/borough/women-girls-abt-abs-bums-thighs-109100,Queens Park Gardens,W10 4QH,London,Queen Park Gardens,GB,51.5284574,-0.2089447,City of Westminster,https://ourparks.org.uk/borough/city-westminster,Christine
109101,"Women & Girls ABT (Abs, Bums & Thighs)",2026-10-20 08:30:00+00:00,2026-10-20 09:30:00+00:00,PT60M,Abs/Core,Intermediate,29.0,29,True,Outdoor Gym area,https://ourparks.org.uk/borough/women-girls-abt-abs-bums-thighs-109101,Queens Park Gardens,W10 4QH,London,Queen Park Gardens,GB,51.5284574,-0.2089447,City of Westminster,https://ourparks.org.uk/borough/city-westminster,Christine
109102,"Women & Girls ABT (Abs, Bums & Thighs)",2026-10-27 08:30:00+00:00,2026-10-27 09:30:00+00:00,PT60M,Abs/Core,Intermediate,29.0,29,True,Outdoor Gym area,https://ourparks.org.uk/borough/women-girls-abt-abs-bums-thighs-109102,Queens Park Gardens,W10 4QH,London,Queen Park Gardens,GB,51.5284574,-0.2089447,City of Westminster,https://ourparks.org.uk/borough/city-westminster,Christine
109103,"Women & Girls ABT (Abs, Bums & Thighs)",2026-11-03 08:30:00+00:00,2026-11-03 09:30:00+00:00,PT60M,Abs/Core,Intermediate,29.0,29,True,Outdoor Gym area,https://ourparks.org.uk/borough/women-girls-abt-abs-bums-thighs-109103,Queens Park Gardens,W10 4QH,London,Queen Park Gardens,GB,51.5284574,-0.2089447,City of Westminster,https://ourparks.org.uk/borough/city-westminster,Christine
109104,"Women & Girls ABT (Abs, Bums & Thighs)",2026-11-10 08:30:00+00:00,2026-11-10 09:30:00+00:00,PT60M,Abs/Core,Intermediate,29.0,29,True,Outdoor Gym area,https://ourparks.org.uk/borough/women-girls-abt-abs-bums-thighs-109104,Queens Park Gardens,W10 4QH,London,Queen Park Gardens,GB,51.5284574,-0.2089447,City of Westminster,https://ourparks.org.uk/borough/city-westminster,Christine
109105,"Women & Girls ABT (Abs, Bums & Thighs)",2026-11-17 08:30:00+00:00,2026-11-17 09:30:00+00:00,PT60M,Abs/Core,Intermediate,29.0,29,True,Outdoor Gym area,https://ourparks.org.uk/borough/women-girls-abt-abs-bums-thighs-109105,Queens Park Gardens,W10 4QH,London,Queen Park Gardens,GB,51.5284574,-0.2089447,City of Westminster,https://ourparks.org.uk/borough/city-westminster,Christine
109106,"Women & Girls ABT (Abs, Bums & Thighs)",2026-11-24 08:30:00+00:00,2026-11-24 09:30:00+00:00,PT60M,Abs/Core,Intermediate,29.0,29,True,Outdoor Gym area,https://ourparks.org.uk/borough/women-girls-abt-abs-bums-thighs-109106,Queens Park Gardens,W10 4QH,London,Queen Park Gardens,GB,51.5284574,-0.2089447,City of Westminster,https://ourparks.org.uk/borough/city-westminster,Christine
109107,"Women & Girls ABT (Abs, Bums & Thighs)",2026-12-01 08:30:00+00:00,2026-12-01 09:30:00+00:00,PT60M,Abs/Core,Intermediate,29.0,29,True,Outdoor Gym area,https://ourparks.org.uk/borough/women-girls-abt-abs-bums-thighs-109107,Queens Park Gardens,W10 4QH,London,Queen Park Gardens,GB,51.5284574,-0.2089447,City of Westminster,https://ourparks.org.uk/borough/city-westminster,Christine
109108,"Women & Girls ABT (Abs, Bums & Thighs)",2026-12-08 08:30:00+00:00,2026-12-08 09:30:00+00:00,PT60M,Abs/Core,Intermediate,29.0,29,True,Outdoor Gym area,https://ourparks.org.uk/borough/women-girls-abt-abs-bums-thighs-109108,Queens Park Gardens,W10 4QH,London,Queen Park Gardens,GB,51.5284574,-0.2089447,City of Westminster,https://ourparks.org.uk/borough/city-westminster,Christine
109109,"Women & Girls ABT (Abs, Bums & Thighs)",2026-12-15 08:30:00+00:00,2026-12-15 09:30:00+00:00,PT60M,Abs/Core,Intermediate,29.0,29,True,Outdoor Gym area,https://ourparks.org.uk/borough/women-girls-abt-abs-bums-thighs-109109,Queens Park Gardens,W10 4QH,London,Queen Park Gardens,GB,51.5284574,-0.2089447,City of Westminster,https://ourparks.org.uk/borough/city-westminster,Christine
109112,"Women & Girls ABT (Abs, Bums & Thighs)",2027-01-05 08:30:00+00:00,2027-01-05 09:30:00+00:00,PT60M,Abs/Core,Intermediate,29.0,29,True,Outdoor Gym area,https://ourparks.org.uk/borough/women-girls-abt-abs-bums-thighs-109112,Queens Park Gardens,W10 4QH,London,Queen Park Gardens,GB,51.5284574,-0.2089447,City of Westminster,https://ourparks.org.uk/borough/city-westminster,Christine
109113,"Women & Girls ABT (Abs, Bums & Thighs)",2027-01-12 08:30:00+00:00,2027-01-12 09:30:00+00:00,PT60M,Abs/Core,Intermediate,29.0,29,True,Outdoor Gym area,https://ourparks.org.uk/borough/women-girls-abt-abs-bums-thighs-109113,Queens Park Gardens,W10 4QH,London,Queen Park Gardens,GB,51.5284574,-0.2089447,City of Westminster,https://ourparks.org.uk/borough/city-westminster,Christine
109114,"Women & Girls ABT (Abs, Bums & Thighs)",2027-01-19 08:30:00+00:00,2027-01-19 09:30:00+00:00,PT60M,Abs/Core,Intermediate,29.0,29,True,Outdoor Gym area,https://ourparks.org.uk/borough/women-girls-abt-abs-bums-thighs-109114,Queens Park Gardens,W10 4QH,London,Queen Park Gardens,GB,51.5284574,-0.2089447,City of Westminster,https://ourparks.org.uk/borough/city-westminster,Christine
109115,"Women & Girls ABT (Abs, Bums & Thighs)",2027-01-26 08:30:00+00:00,2027-01-26 09:30:00+00:00,PT60M,Abs/Core,Intermediate,29.0,29,True,Outdoor Gym area,https://ourparks.org.uk/borough/women-girls-abt-abs-bums-thighs-109115,Queens Park Gardens,W10 4QH,London,Queen Park Gardens,GB,51.5284574,-0.2089447,City of Westminster,https://ourparks.org.uk/borough/city-westminster,Christine
109116,"Women & Girls ABT (Abs, Bums & Thighs)",2027-02-02 08:30:00+00:00,2027-02-02 09:30:00+00:00,PT60M,Abs/Core,Intermediate,29.0,29,True,Outdoor Gym area,https://ourparks.org.uk/borough/women-girls-abt-abs-bums-thighs-109116,Queens Park Gardens,W10 4QH,London,Queen Park Gardens,GB,51.5284574,-0.2089447,City of Westminster,https://ourparks.org.uk/borough/city-westminster,Christine
109117,"Women & Girls ABT (Abs, Bums & Thighs)",2027-02-09 08:30:00+00:00,2027-02-09 09:30:00+00:00,PT60M,Abs/Core,Intermediate,29.0,29,True,Outdoor Gym area,https://ourparks.org.uk/borough/women-girls-abt-abs-bums-thighs-109117,Queens Park Gardens,W10 4QH,London,Queen Park Gardens,GB,51.5284574,-0.2089447,City of Westminster,https://ourparks.org.uk/borough/city-westminster,Christine
109118,"Women & Girls ABT (Abs, Bums & Thighs)",2027-02-16 08:30:00+00:00,2027-02-16 09:30:00+00:00,PT60M,Abs/Core,Intermediate,29.0,29,True,Outdoor Gym area,https://ourparks.org.uk/borough/women-girls-abt-abs-bums-thighs-109118,Queens Park Gardens,W10 4QH,London,Queen Park Gardens,GB,51.5284574,-0.2089447,City of Westminster,https://ourparks.org.uk/borough/city-westminster,Christine
109119,"Women & Girls ABT (Abs, Bums & Thighs)",2027-02-23 08:30:00+00:00,2027-02-23 09:30:00+00:00,PT60M,Abs/Core,Intermediate,29.0,29,True,Outdoor Gym area,https://ourparks.org.uk/borough/women-girls-abt-abs-bums-thighs-109119,Queens Park Gardens,W10 4QH,London,Queen Park Gardens,GB,51.5284574,-0.2089447,City of Westminster,https://ourparks.org.uk/borough/city-westminster,Christine
109120,"Women & Girls ABT (Abs, Bums & Thighs)",2027-03-02 08:30:00+00:00,2027-03-02 09:30:00+00:00,PT60M,Abs/Core,Intermediate,29.0,29,True,Outdoor Gym area,https://ourparks.org.uk/borough/women-girls-abt-abs-bums-thighs-109120,Queens Park Gardens,W10 4QH,London,Queen Park Gardens,GB,51.5284574,-0.2089447,City of Westminster,https://ourparks.org.uk/borough/city-westminster,Christine
109121,"Women & Girls ABT (Abs, Bums & Thighs)",2027-03-09 08:30:00+00:00,2027-03-09 09:30:00+00:00,PT60M,Abs/Core,Intermediate,29.0,29,True,Outdoor Gym area,https://ourparks.org.uk/borough/women-girls-abt-abs-bums-thighs-109121,Queens Park Gardens,W10 4QH,London,Queen Park Gardens,GB,51.5284574,-0.2089447,City of Westminster,https://ourparks.org.uk/borough/city-westminster,Christine
109122,"Women & Girls ABT (Abs, Bums & Thighs)",2027-03-16 08:30:00+00:00,2027-03-16 09:30:00+00:00,PT60M,Abs/Core,Intermediate,29.0,29,True,Outdoor Gym area,https://ourparks.org.uk/borough/women-girls-abt-abs-bums-thighs-109122,Queens Park Gardens,W10 4QH,London,Queen Park Gardens,GB,51.5284574,-0.2089447,City of Westminster,https://ourparks.org.uk/borough/city-westminster,Christine
109123,"Women & Girls ABT (Abs, Bums & Thighs)",2027-03-23 08:30:00+00:00,2027-03-23 09:30:00+00:00,PT60M,Abs/Core,Intermediate,29.0,29,True,Outdoor Gym area,https://ourparks.org.uk/borough/women-girls-abt-abs-bums-thighs-109123,Queens Park Gardens,W10 4QH,London,Queen Park Gardens,GB,51.5284574,-0.2089447,City of Westminster,https://ourparks.org.uk/borough/city-westminster,Christine
109124,Bootcamp,2026-04-01 08:30:00+00:00,2026-04-01 09:30:00+00:00,PT60M,Bootcamp,Intermediate,29.0,29,True,Outdoor Gym area,https://ourparks.org.uk/borough/bootcamp-109124,Queens Park Gardens,W10 4QH,London,Queen Park Gardens,GB,51.5284574,-0.2089447,City of Westminster,https://ourparks.org.uk/borough/city-westminster,Steve
109125,Bootcamp,2026-04-08 08:30:00+00:00,2026-04-08 09:30:00+00:00,PT60M,Bootcamp,Intermediate,29.0,29,True,Outdoor Gym area,https://ourparks.org.uk/borough/bootcamp-109125,Queens Park Gardens,W10 4QH,London,Queen Park Gardens,GB,51.5284574,-0.2089447,City of Westminster,https://ourparks.org.uk/borough/city-westminster,Steve
109126,Bootcamp,2026-04-15 08:30:00+00:00,2026-04-15 09:30:00+00:00,PT60M,Bootcamp,Intermediate,29.0,29,True,Outdoor Gym area,https://ourparks.org.uk/borough/bootcamp-109126,Queens Park Gardens,W10 4QH,London,Queen Park Gardens,GB,51.5284574,-0.2089447,City of Westminster,https://ourparks.org.uk/borough/city-westminster,Steve
109127,Bootcamp,2026-04-22 08:30:00+00:00,2026-04-22 09:30:00+00:00,PT60M,Bootcamp,Intermediate,29.0,29,True,Outdoor Gym area,https://ourparks.org.uk/borough/bootcamp-109127,Queens Park Gardens,W10 4QH,London,Queen Park Gardens,GB,51.5284574,-0.2089447,City of Westminster,https://ourparks.org.uk/borough/city-westminster,Steve
109128,Bootcamp,2026-04-29 08:30:00+00:00,2026-04-29 09:30:00+00:00,PT60M,Bootcamp,Intermediate,29.0,29,True,Outdoor Gym area,https://ourparks.org.uk/borough/bootcamp-109128,Queens Park Gardens,W10 4QH,London,Queen Park Gardens,GB,51.5284574,-0.2089447,City of Westminster,https://ourparks.org.uk/borough/city-westminster,Steve
109129,Bootcamp,2026-05-06 08:30:00+00:00,2026-05-06 09:30:00+00:00,PT60M,Bootcamp,Intermediate,29.0,29,True,Outdoor Gym area,https://ourparks.org.uk/borough/bootcamp-109129,Queens Park Gardens,W10 4QH,London,Queen Park Gardens,GB,51.5284574,-0.2089447,City of Westminster,https://ourparks.org.uk/borough/city-westminster,Steve
109130,Bootcamp,2026-05-13 08:30:00+00:00,2026-05-13 09:30:00+00:00,PT60M,Bootcamp,Intermediate,29.0,29,True,Outdoor Gym area,https://ourparks.org.uk/borough/bootcamp-109130,Queens Park Gardens,W10 4QH,London,Queen Park Gardens,GB,51.5284574,-0.2089447,City of Westminster,https://ourparks.org.uk/borough/city-westminster,Steve
109131,Bootcamp,2026-05-20 08:30:00+00:00,2026-05-20 09:30:00+00:00,PT60M,Bootcamp,Intermediate,29.0,29,True,Outdoor Gym area,https://ourparks.org.uk/borough/bootcamp-109131,Queens Park Gardens,W10 4QH,London,Queen Park Gardens,GB,51.5284574,-0.2089447,City of Westminster,https://ourparks.org.uk/borough/city-westminster,Steve
109132,Bootcamp,2026-05-27 08:30:00+00:00,2026-05-27 09:30:00+00:00,PT60M,Bootcamp,Intermediate,29.0,29,True,Outdoor Gym area,https://ourparks.org.uk/borough/bootcamp-109132,Queens Park Gardens,W10 4QH,London,Queen Park Gardens,GB,51.5284574,-0.2089447,City of Westminster,https://ourparks.org.uk/borough/city-westminster,Steve
109135,Bootcamp,2026-06-17 08:30:00+00:00,2026-06-17 09:30:00+00:00,PT60M,Bootcamp,Intermediate,29.0,29,True,Outdoor Gym area,https://ourparks.org.uk/borough/bootcamp-109135,Queens Park Gardens,W10 4QH,London,Queen Park Gardens,GB,51.5284574,-0.2089447,City of Westminster,https://ourparks.org.uk/borough/city-westminster,Steve
109136,Bootcamp,2026-06-24 08:30:00+00:00,2026-06-24 09:30:00+00:00,PT60M,Bootcamp,Intermediate,29.0,29,True,Outdoor Gym area,https://ourparks.org.uk/borough/bootcamp-109136,Queens Park Gardens,W10 4QH,London,Queen Park Gardens,GB,51.5284574,-0.2089447,City of Westminster,https://ourparks.org.uk/borough/city-westminster,Steve
109137,Bootcamp,2026-07-01 08:30:00+00:00,2026-07-01 09:30:00+00:00,PT60M,Bootcamp,Intermediate,29.0,29,True,Outdoor Gym area,https://ourparks.org.uk/borough/bootcamp-109137,Queens Park Gardens,W10 4QH,London,Queen Park Gardens,GB,51.5284574,-0.2089447,City of Westminster,https://ourparks.org.uk/borough/city-westminster,Steve
109138,Bootcamp,2026-07-08 08:30:00+00:00,2026-07-08 09:30:00+00:00,PT60M,Bootcamp,Intermediate,29.0,29,True,Outdoor Gym area,https://ourparks.org.uk/borough/bootcamp-109138,Queens Park Gardens,W10 4QH,London,Queen Park Gardens,GB,51.5284574,-0.2089447,City of Westminster,https://ourparks.org.uk/borough/city-westminster,Steve
109139,Bootcamp,2026-07-15 08:30:00+00:00,2026-07-15 09:30:00+00:00,PT60M,Bootcamp,Intermediate,29.0,29,True,Outdoor Gym area,https://ourparks.org.uk/borough/bootcamp-109139,Queens Park Gardens,W10 4QH,London,Queen Park Gardens,GB,51.5284574,-0.2089447,City of Westminster,https://ourparks.org.uk/borough/city-westminster,Steve
109140,Bootcamp,2026-07-22 08:30:00+00:00,2026-07-22 09:30:00+00:00,PT60M,Bootcamp,Intermediate,29.0,29,True,Outdoor Gym area,https://ourparks.org.uk/borough/bootcamp-109140,Queens Park Gardens,W10 4QH,London,Queen Park Gardens,GB,51.5284574,-0.2089447,City of Westminster,https://ourparks.org.uk/borough/city-westminster,Steve
109141,Bootcamp,2026-07-29 08:30:00+00:00,2026-07-29 09:30:00+00:00,PT60M,Bootcamp,Intermediate,29.0,29,True,Outdoor Gym area,https://ourparks.org.uk/borough/bootcamp-109141,Queens Park Gardens,W10 4QH,London,Queen Park Gardens,GB,51.5284574,-0.2089447,City of Westminster,https://ourparks.org.uk/borough/city-westminster,Steve
109142,Bootcamp,2026-08-05 08:30:00+00:00,2026-08-05 09:30:00+00:00,PT60M,Bootcamp,Intermediate,29.0,29,True,Outdoor Gym area,https://ourparks.org.uk/borough/bootcamp-109142,Queens Park Gardens,W10 4QH,London,Queen Park Gardens,GB,51.5284574,-0.2089447,City of Westminster,https://ourparks.org.uk/borough/city-westminster,Steve
109143,Bootcamp,2026-08-12 08:30:00+00:00,2026-08-12 09:30:00+00:00,PT60M,Bootcamp,Intermediate,29.0,29,True,Outdoor Gym area,https://ourparks.org.uk/borough/bootcamp-109143,Queens Park Gardens,W10 4QH,London,Queen Park Gardens,GB,51.5284574,-0.2089447,City of Westminster,https://ourparks.org.uk/borough/city-westminster,Steve
109144,Bootcamp,2026-08-19 08:30:00+00:00,2026-08-19 09:30:00+00:00,PT60M,Bootcamp,Intermediate,29.0,29,True,Outdoor Gym area,https://ourparks.org.uk/borough/bootcamp-109144,Queens Park Gardens,W10 4QH,London,Queen Park Gardens,GB,51.5284574,-0.2089447,City of Westminster,https://ourparks.org.uk/borough/city-westminster,Steve
109145,Bootcamp,2026-08-26 08:30:00+00:00,2026-08-26 09:30:00+00:00,PT60M,Bootcamp,Intermediate,29.0,29,True,Outdoor Gym area,https://ourparks.org.uk/borough/bootcamp-109145,Queens Park Gardens,W10 4QH,London,Queen Park Gardens,GB,51.5284574,-0.2089447,City of Westminster,https://ourparks.org.uk/borough/city-westminster,Steve
109146,Bootcamp,2026-09-02 08:30:00+00:00,2026-09-02 09:30:00+00:00,PT60M,Bootcamp,Intermediate,29.0,29,True,Outdoor Gym area,https://ourparks.org.uk/borough/bootcamp-109146,Queens Park Gardens,W10 4QH,London,Queen Park Gardens,GB,51.5284574,-0.2089447,City of Westminster,https://ourparks.org.uk/borough/city-westminster,Steve
109147,Bootcamp,2026-09-09 08:30:00+00:00,2026-09-09 09:30:00+00:00,PT60M,Bootcamp,Intermediate,29.0,29,True,Outdoor Gym area,https://ourparks.org.uk/borough/bootcamp-109147,Queens Park Gardens,W10 4QH,London,Queen Park Gardens,GB,51.5284574,-0.2089447,City of Westminster,https://ourparks.org.uk/borough/city-westminster,Steve
109148,Bootcamp,2026-09-16 08:30:00+00:00,2026-09-16 09:30:00+00:00,PT60M,Bootcamp,Intermediate,29.0,29,True,Outdoor Gym area,https://ourparks.org.uk/borough/bootcamp-109148,Queens Park Gardens,W10 4QH,London,Queen Park Gardens,GB,51.5284574,-0.2089447,City of Westminster,https://ourparks.org.uk/borough/city-westminster,Steve
109149,Bootcamp,2026-09-23 08:30:00+00:00,2026-09-23 09:30:00+00:00,PT60M,Bootcamp,Intermediate,29.0,29,True,Outdoor Gym area,https://ourparks.org.uk/borough/bootcamp-109149,Queens Park Gardens,W10 4QH,London,Queen Park Gardens,GB,51.5284574,-0.2089447,City of Westminster,https://ourparks.org.uk/borough/city-westminster,Steve
109150,Bootcamp,2026-09-30 08:30:00+00:00,2026-09-30 09:30:00+00:00,PT60M,Bootcamp,Intermediate,29.0,29,True,Outdoor Gym area,https://ourparks.org.uk/borough/bootcamp-109150,Queens Park Gardens,W10 4QH,London,Queen Park Gardens,GB,51.5284574,-0.2089447,City of Westminster,https://ourparks.org.uk/borough/city-westminster,Steve
109151,Bootcamp,2026-10-07 08:30:00+00:00,2026-10-07 09:30:00+00:00,PT60M,Bootcamp,Intermediate,29.0,29,True,Outdoor Gym area,https://ourparks.org.uk/borough/bootcamp-109151,Queens Park Gardens,W10 4QH,London,Queen Park Gardens,GB,51.5284574,-0.2089447,City of Westminster,https://ourparks.org.uk/borough/city-westminster,Steve
109152,Bootcamp,2026-10-14 08:30:00+00:00,2026-10-14 09:30:00+00:00,PT60M,Bootcamp,Intermediate,29.0,29,True,Outdoor Gym area,https://ourparks.org.uk/borough/bootcamp-109152,Queens Park Gardens,W10 4QH,London,Queen Park Gardens,GB,51.5284574,-0.2089447,City of Westminster,https://ourparks.org.uk/borough/city-westminster,Steve
109153,Bootcamp,2026-10-21 08:30:00+00:00,2026-10-21 09:30:00+00:00,PT60M,Bootcamp,Intermediate,29.0,29,True,Outdoor Gym area,https://ourparks.org.uk/borough/bootcamp-109153,Queens Park Gardens,W10 4QH,London,Queen Park Gardens,GB,51.5284574,-0.2089447,City of Westminster,https://ourparks.org.uk/borough/city-westminster,Steve
109154,Bootcamp,2026-10-28 08:30:00+00:00,2026-10-28 09:30:00+00:00,PT60M,Bootcamp,Intermediate,29.0,29,True,Outdoor Gym area,https://ourparks.org.uk/borough/bootcamp-109154,Queens Park Gardens,W10 4QH,London,Queen Park Gardens,GB,51.5284574,-0.2089447,City of Westminster,https://ourparks.org.uk/borough/city-westminster,Steve
109155,Bootcamp,2026-11-04 08:30:00+00:00,2026-11-04 09:30:00+00:00,PT60M,Bootcamp,Intermediate,29.0,29,True,Outdoor Gym area,https://ourparks.org.uk/borough/bootcamp-109155,Queens Park Gardens,W10 4QH,London,Queen Park Gardens,GB,51.5284574,-0.2089447,City of Westminster,https://ourparks.org.uk/borough/city-westminster,Steve
109156,Bootcamp,2026-11-11 08:30:00+00:00,2026-11-11 09:30:00+00:00,PT60M,Bootcamp,Intermediate,29.0,29,True,Outdoor Gym area,https://ourparks.org.uk/borough/bootcamp-109156,Queens Park Gardens,W10 4QH,London,Queen Park Gardens,GB,51.5284574,-0.2089447,City of Westminster,https://ourparks.org.uk/borough/city-westminster,Steve
109157,Bootcamp,2026-11-18 08:30:00+00:00,2026-11-18 09:30:00+00:00,PT60M,Bootcamp,Intermediate,29.0,29,True,Outdoor Gym area,https://ourparks.org.uk/borough/bootcamp-109157,Queens Park Gardens,W10 4QH,London,Queen Park Gardens,GB,51.5284574,-0.2089447,City of Westminster,https://ourparks.org.uk/borough/city-westminster,Steve
109158,Bootcamp,2026-11-25 08:30:00+00:00,2026-11-25 09:30:00+00:00,PT60M,Bootcamp,Intermediate,29.0,29,True,Outdoor Gym area,https://ourparks.org.uk/borough/bootcamp-109158,Queens Park Gardens,W10 4QH,London,Queen Park Gardens,GB,51.5284574,-0.2089447,City of Westminster,https://ourparks.org.uk/borough/city-westminster,Steve
109159,Bootcamp,2026-12-02 08:30:00+00:00,2026-12-02 09:30:00+00:00,PT60M,Bootcamp,Intermediate,29.0,29,True,Outdoor Gym area,https://ourparks.org.uk/borough/bootcamp-109159,Queens Park Gardens,W10 4QH,London,Queen Park Gardens,GB,51.5284574,-0.2089447,City of Westminster,https://ourparks.org.uk/borough/city-westminster,Steve
109160,Bootcamp,2026-12-09 08:30:00+00:00,2026-12-09 09:30:00+00:00,PT60M,Bootcamp,Intermediate,29.0,29,True,Outdoor Gym area,https://ourparks.org.uk/borough/bootcamp-109160,Queens Park Gardens,W10 4QH,London,Queen Park Gardens,GB,51.5284574,-0.2089447,City of Westminster,https://ourparks.org.uk/borough/city-westminster,Steve
109161,Bootcamp,2026-12-16 08:30:00+00:00,2026-12-16 09:30:00+00:00,PT60M,Bootcamp,Intermediate,29.0,29,True,Outdoor Gym area,https://ourparks.org.uk/borough/bootcamp-109161,Queens Park Gardens,W10 4QH,London,Queen Park Gardens,GB,51.5284574,-0.2089447,City of Westminster,https://ourparks.org.uk/borough/city-westminster,Steve
109164,Bootcamp,2027-01-06 08:30:00+00:00,2027-01-06 09:30:00+00:00,PT60M,Bootcamp,Intermediate,29.0,29,True,Outdoor Gym area,https://ourparks.org.uk/borough/bootcamp-109164,Queens Park Gardens,W10 4QH,London,Queen Park Gardens,GB,51.5284574,-0.2089447,City of Westminster,https://ourparks.org.uk/borough/city-westminster,Steve
109165,Bootcamp,2027-01-13 08:30:00+00:00,2027-01-13 09:30:00+00:00,PT60M,Bootcamp,Intermediate,29.0,29,True,Outdoor Gym area,https://ourparks.org.uk/borough/bootcamp-109165,Queens Park Gardens,W10 4QH,London,Queen Park Gardens,GB,51.5284574,-0.2089447,City of Westminster,https://ourparks.org.uk/borough/city-westminster,Steve
109166,Bootcamp,2027-01-20 08:30:00+00:00,2027-01-20 09:30:00+00:00,PT60M,Bootcamp,Intermediate,29.0,29,True,Outdoor Gym area,https://ourparks.org.uk/borough/bootcamp-109166,Queens Park Gardens,W10 4QH,London,Queen Park Gardens,GB,51.5284574,-0.2089447,City of Westminster,https://ourparks.org.uk/borough/city-westminster,Steve
109167,Bootcamp,2027-01-27 08:30:00+00:00,2027-01-27 09:30:00+00:00,PT60M,Bootcamp,Intermediate,29.0,29,True,Outdoor Gym area,https://ourparks.org.uk/borough/bootcamp-109167,Queens Park Gardens,W10 4QH,London,Queen Park Gardens,GB,51.5284574,-0.2089447,City of Westminster,https://ourparks.org.uk/borough/city-westminster,Steve
109168,Bootcamp,2027-02-03 08:30:00+00:00,2027-02-03 09:30:00+00:00,PT60M,Bootcamp,Intermediate,29.0,29,True,Outdoor Gym area,https://ourparks.org.uk/borough/bootcamp-109168,Queens Park Gardens,W10 4QH,London,Queen Park Gardens,GB,51.5284574,-0.2089447,City of Westminster,https://ourparks.org.uk/borough/city-westminster,Steve
109169,Bootcamp,2027-02-10 08:30:00+00:00,2027-02-10 09:30:00+00:00,PT60M,Bootcamp,Intermediate,29.0,29,True,Outdoor Gym area,https://ourparks.org.uk/borough/bootcamp-109169,Queens Park Gardens,W10 4QH,London,Queen Park Gardens,GB,51.5284574,-0.2089447,City of Westminster,https://ourparks.org.uk/borough/city-westminster,Steve
109170,Bootcamp,2027-02-17 08:30:00+00:00,2027-02-17 09:30:00+00:00,PT60M,Bootcamp,Intermediate,29.0,29,True,Outdoor Gym area,https://ourparks.org.uk/borough/bootcamp-109170,Queens Park Gardens,W10 4QH,London,Queen Park Gardens,GB,51.5284574,-0.2089447,City of Westminster,https://ourparks.org.uk/borough/city-westminster,Steve
109171,Bootcamp,2027-02-24 08:30:00+00:00,2027-02-24 09:30:00+00:00,PT60M,Bootcamp,Intermediate,29.0,29,True,Outdoor Gym area,https://ourparks.org.uk/borough/bootcamp-109171,Queens Park Gardens,W10 4QH,London,Queen Park Gardens,GB,51.5284574,-0.2089447,City of Westminster,https://ourparks.org.uk/borough/city-westminster,Steve
109172,Bootcamp,2027-03-03 08:30:00+00:00,2027-03-03 09:30:00+00:00,PT60M,Bootcamp,Intermediate,29.0,29,True,Outdoor Gym area,https://ourparks.org.uk/borough/bootcamp-109172,Queens Park Gardens,W10 4QH,London,Queen Park Gardens,GB,51.5284574,-0.2089447,City of Westminster,https://ourparks.org.uk/borough/city-westminster,Steve
109173,Bootcamp,2027-03-10 08:30:00+00:00,2027-03-10 09:30:00+00:00,PT60M,Bootcamp,Intermediate,29.0,29,True,Outdoor Gym area,https://ourparks.org.uk/borough/bootcamp-109173,Queens Park Gardens,W10 4QH,London,Queen Park Gardens,GB,51.5284574,-0.2089447,City of Westminster,https://ourparks.org.uk/borough/city-westminster,Steve
109174,Bootcamp,2027-03-17 08:30:00+00:00,2027-03-17 09:30:00+00:00,PT60M,Bootcamp,Intermediate,29.0,29,True,Outdoor Gym area,https://ourparks.org.uk/borough/bootcamp-109174,Queens Park Gardens,W10 4QH,London,Queen Park Gardens,GB,51.5284574,-0.2089447,City of Westminster,https://ourparks.org.uk/borough/city-westminster,Steve
109175,Bootcamp,2027-03-24 08:30:00+00:00,2027-03-24 09:30:00+00:00,PT60M,Bootcamp,Intermediate,29.0,29,True,Outdoor Gym area,https://ourparks.org.uk/borough/bootcamp-109175,Queens Park Gardens,W10 4QH,London,Queen Park Gardens,GB,51.5284574,-0.2089447,City of Westminster,https://ourparks.org.uk/borough/city-westminster,Steve
109176,Bootcamp,2026-04-04 08:30:00+00:00,2026-04-04 09:30:00+00:00,PT60M,Bootcamp,Intermediate,29.0,29,True,Outdoor gym area,https://ourparks.org.uk/borough/bootcamp-109176,Queens Park Gardens,W10 4QH,London,Queen Park Gardens,GB,51.5284574,-0.2089447,City of Westminster,https://ourparks.org.uk/borough/city-westminster,Cansu
109177,Bootcamp,2026-04-11 08:30:00+00:00,2026-04-11 09:30:00+00:00,PT60M,Bootcamp,Intermediate,29.0,29,True,Outdoor gym area,https://ourparks.org.uk/borough/bootcamp-109177,Queens Park Gardens,W10 4QH,London,Queen Park Gardens,GB,51.5284574,-0.2089447,City of Westminster,https://ourparks.org.uk/borough/city-westminster,Cansu
109178,Bootcamp,2026-04-18 08:30:00+00:00,2026-04-18 09:30:00+00:00,PT60M,Bootcamp,Intermediate,29.0,29,True,Outdoor gym area,https://ourparks.org.uk/borough/bootcamp-109178,Queens Park Gardens,W10 4QH,London,Queen Park Gardens,GB,51.5284574,-0.2089447,City of Westminster,https://ourparks.org.uk/borough/city-westminster,Cansu
109179,Bootcamp,2026-04-25 08:30:00+00:00,2026-04-25 09:30:00+00:00,PT60M,Bootcamp,Intermediate,29.0,29,True,Outdoor gym area,https://ourparks.org.uk/borough/bootcamp-109179,Queens Park Gardens,W10 4QH,London,Queen Park Gardens,GB,51.5284574,-0.2089447,City of Westminster,https://ourparks.org.uk/borough/city-westminster,Cansu
109186,Bootcamp,2026-06-13 08:30:00+00:00,2026-06-13 09:30:00+00:00,PT60M,Bootcamp,Intermediate,29.0,29,True,Outdoor gym area,https://ourparks.org.uk/borough/bootcamp-109186,Queens Park Gardens,W10 4QH,London,Queen Park Gardens,GB,51.5284574,-0.2089447,City of Westminster,https://ourparks.org.uk/borough/city-westminster,Cansu
109228,Bootcamp,2026-03-31 09:00:00+00:00,2026-03-31 10:00:00+00:00,PT60M,Bootcamp,Intermediate,29.0,29,True,Field by Gloucester Gate playground,https://ourparks.org.uk/borough/bootcamp-109228,Regents Park,NW1 4HG,London,The Regent’s Park,GB,51.534602890205,-0.14999467612,The Royal Parks,https://ourparks.org.uk/borough/royal-parks,Steve
109229,Bootcamp,2026-04-07 09:00:00+00:00,2026-04-07 10:00:00+00:00,PT60M,Bootcamp,Intermediate,29.0,29,True,Field by Gloucester Gate playground,https://ourparks.org.uk/borough/bootcamp-109229,Regents Park,NW1 4HG,London,The Regent’s Park,GB,51.534602890205,-0.14999467612,The Royal Parks,https://ourparks.org.uk/borough/royal-parks,Steve
109230,Bootcamp,2026-04-14 09:00:00+00:00,2026-04-14 10:00:00+00:00,PT60M,Bootcamp,Intermediate,29.0,29,True,Field by Gloucester Gate playground,https://ourparks.org.uk/borough/bootcamp-109230,Regents Park,NW1 4HG,London,The Regent’s Park,GB,51.534602890205,-0.14999467612,The Royal Parks,https://ourparks.org.uk/borough/royal-parks,Steve
109231,Bootcamp,2026-04-21 09:00:00+00:00,2026-04-21 10:00:00+00:00,PT60M,Bootcamp,Intermediate,29.0,29,True,Field by Gloucester Gate playground,https://ourparks.org.uk/borough/bootcamp-109231,Regents Park,NW1 4HG,London,The Regent’s Park,GB,51.534602890205,-0.14999467612,The Royal Parks,https://ourparks.org.uk/borough/royal-parks,Steve
109232,Bootcamp,2026-04-28 09:00:00+00:00,2026-04-28 10:00:00+00:00,PT60M,Bootcamp,Intermediate,29.0,29,True,Field by Gloucester Gate playground,https://ourparks.org.uk/borough/bootcamp-109232,Regents Park,NW1 4HG,London,The Regent’s Park,GB,51.534602890205,-0.14999467612,The Royal Parks,https://ourparks.org.uk/borough/royal-parks,Steve
109233,Bootcamp,2026-05-05 09:00:00+00:00,2026-05-05 10:00:00+00:00,PT60M,Bootcamp,Intermediate,29.0,29,True,Field by Gloucester Gate playground,https://ourparks.org.uk/borough/bootcamp-109233,Regents Park,NW1 4HG,London,The Regent’s Park,GB,51.534602890205,-0.14999467612,The Royal Parks,https://ourparks.org.uk/borough/royal-parks,Steve
109234,Bootcamp,2026-05-12 09:00:00+00:00,2026-05-12 10:00:00+00:00,PT60M,Bootcamp,Intermediate,29.0,29,True,Field by Gloucester Gate playground,https://ourparks.org.uk/borough/bootcamp-109234,Regents Park,NW1 4HG,London,The Regent’s Park,GB,51.534602890205,-0.14999467612,The Royal Parks,https://ourparks.org.uk/borough/royal-parks,Steve
109235,Bootcamp,2026-05-19 09:00:00+00:00,2026-05-19 10:00:00+00:00,PT60M,Bootcamp,Intermediate,29.0,29,True,Field by Gloucester Gate playground,https://ourparks.org.uk/borough/bootcamp-109235,Regents Park,NW1 4HG,London,The Regent’s Park,GB,51.534602890205,-0.14999467612,The Royal Parks,https://ourparks.org.uk/borough/royal-parks,Steve
109236,Bootcamp,2026-05-26 09:00:00+00:00,2026-05-26 10:00:00+00:00,PT60M,Bootcamp,Intermediate,29.0,29,True,Field by Gloucester Gate playground,https://ourparks.org.uk/borough/bootcamp-109236,Regents Park,NW1 4HG,London,The Regent’s Park,GB,51.534602890205,-0.14999467612,The Royal Parks,https://ourparks.org.uk/borough/royal-parks,Steve
109239,Bootcamp,2026-06-16 09:00:00+00:00,2026-06-16 10:00:00+00:00,PT60M,Bootcamp,Intermediate,29.0,29,True,Field by Gloucester Gate playground,https://ourparks.org.uk/borough/bootcamp-109239,Regents Park,NW1 4HG,London,The Regent’s Park,GB,51.534602890205,-0.14999467612,The Royal Parks,https://ourparks.org.uk/borough/royal-parks,Steve
109240,Bootcamp,2026-06-23 09:00:00+00:00,2026-06-23 10:00:00+00:00,PT60M,Bootcamp,Intermediate,29.0,29,True,Field by Gloucester Gate playground,https://ourparks.org.uk/borough/bootcamp-109240,Regents Park,NW1 4HG,London,The Regent’s Park,GB,51.534602890205,-0.14999467612,The Royal Parks,https://ourparks.org.uk/borough/royal-parks,Steve
109241,Bootcamp,2026-06-30 09:00:00+00:00,2026-06-30 10:00:00+00:00,PT60M,Bootcamp,Intermediate,29.0,29,True,Field by Gloucester Gate playground,https://ourparks.org.uk/borough/bootcamp-109241,Regents Park,NW1 4HG,London,The Regent’s Park,GB,51.534602890205,-0.14999467612,The Royal Parks,https://ourparks.org.uk/borough/royal-parks,Steve
109242,Bootcamp,2026-07-07 09:00:00+00:00,2026-07-07 10:00:00+00:00,PT60M,Bootcamp,Intermediate,29.0,29,True,Field by Gloucester Gate playground,https://ourparks.org.uk/borough/bootcamp-109242,Regents Park,NW1 4HG,London,The Regent’s Park,GB,51.534602890205,-0.14999467612,The Royal Parks,https://ourparks.org.uk/borough/royal-parks,Steve
109243,Bootcamp,2026-07-14 09:00:00+00:00,2026-07-14 10:00:00+00:00,PT60M,Bootcamp,Intermediate,29.0,29,True,Field by Gloucester Gate playground,https://ourparks.org.uk/borough/bootcamp-109243,Regents Park,NW1 4HG,London,The Regent’s Park,GB,51.534602890205,-0.14999467612,The Royal Parks,https://ourparks.org.uk/borough/royal-parks,Steve
109244,Bootcamp,2026-07-21 09:00:00+00:00,2026-07-21 10:00:00+00:00,PT60M,Bootcamp,Intermediate,29.0,29,True,Field by Gloucester Gate playground,https://ourparks.org.uk/borough/bootcamp-109244,Regents Park,NW1 4HG,London,The Regent’s Park,GB,51.534602890205,-0.14999467612,The Royal Parks,https://ourparks.org.uk/borough/royal-parks,Steve
109245,Bootcamp,2026-07-28 09:00:00+00:00,2026-07-28 10:00:00+00:00,PT60M,Bootcamp,Intermediate,29.0,29,True,Field by Gloucester Gate playground,https://ourparks.org.uk/borough/bootcamp-109245,Regents Park,NW1 4HG,London,The Regent’s Park,GB,51.534602890205,-0.14999467612,The Royal Parks,https://ourparks.org.uk/borough/royal-parks,Steve
109246,Bootcamp,2026-08-04 09:00:00+00:00,2026-08-04 10:00:00+00:00,PT60M,Bootcamp,Intermediate,29.0,29,True,Field by Gloucester Gate playground,https://ourparks.org.uk/borough/bootcamp-109246,Regents Park,NW1 4HG,London,The Regent’s Park,GB,51.534602890205,-0.14999467612,The Royal Parks,https://ourparks.org.uk/borough/royal-parks,Steve
109247,Bootcamp,2026-08-11 09:00:00+00:00,2026-08-11 10:00:00+00:00,PT60M,Bootcamp,Intermediate,29.0,29,True,Field by Gloucester Gate playground,https://ourparks.org.uk/borough/bootcamp-109247,Regents Park,NW1 4HG,London,The Regent’s Park,GB,51.534602890205,-0.14999467612,The Royal Parks,https://ourparks.org.uk/borough/royal-parks,Steve
109248,Bootcamp,2026-08-18 09:00:00+00:00,2026-08-18 10:00:00+00:00,PT60M,Bootcamp,Intermediate,29.0,29,True,Field by Gloucester Gate playground,https://ourparks.org.uk/borough/bootcamp-109248,Regents Park,NW1 4HG,London,The Regent’s Park,GB,51.534602890205,-0.14999467612,The Royal Parks,https://ourparks.org.uk/borough/royal-parks,Steve
109249,Bootcamp,2026-08-25 09:00:00+00:00,2026-08-25 10:00:00+00:00,PT60M,Bootcamp,Intermediate,29.0,29,True,Field by Gloucester Gate playground,https://ourparks.org.uk/borough/bootcamp-109249,Regents Park,NW1 4HG,London,The Regent’s Park,GB,51.534602890205,-0.14999467612,The Royal Parks,https://ourparks.org.uk/borough/royal-parks,Steve
109250,Bootcamp,2026-09-01 09:00:00+00:00,2026-09-01 10:00:00+00:00,PT60M,Bootcamp,Intermediate,29.0,29,True,Field by Gloucester Gate playground,https://ourparks.org.uk/borough/bootcamp-109250,Regents Park,NW1 4HG,London,The Regent’s Park,GB,51.534602890205,-0.14999467612,The Royal Parks,https://ourparks.org.uk/borough/royal-parks,Steve
109251,Bootcamp,2026-09-08 09:00:00+00:00,2026-09-08 10:00:00+00:00,PT60M,Bootcamp,Intermediate,29.0,29,True,Field by Gloucester Gate playground,https://ourparks.org.uk/borough/bootcamp-109251,Regents Park,NW1 4HG,London,The Regent’s Park,GB,51.534602890205,-0.14999467612,The Royal Parks,https://ourparks.org.uk/borough/royal-parks,Steve
109252,Bootcamp,2026-09-15 09:00:00+00:00,2026-09-15 10:00:00+00:00,PT60M,Bootcamp,Intermediate,29.0,29,True,Field by Gloucester Gate playground,https://ourparks.org.uk/borough/bootcamp-109252,Regents Park,NW1 4HG,London,The Regent’s Park,GB,51.534602890205,-0.14999467612,The Royal Parks,https://ourparks.org.uk/borough/royal-parks,Steve
109253,Bootcamp,2026-09-22 09:00:00+00:00,2026-09-22 10:00:00+00:00,PT60M,Bootcamp,Intermediate,29.0,29,True,Field by Gloucester Gate playground,https://ourparks.org.uk/borough/bootcamp-109253,Regents Park,NW1 4HG,London,The Regent’s Park,GB,51.534602890205,-0.14999467612,The Royal Parks,https://ourparks.org.uk/borough/royal-parks,Steve
109254,Bootcamp,2026-09-29 09:00:00+00:00,2026-09-29 10:00:00+00:00,PT60M,Bootcamp,Intermediate,29.0,29,True,Field by Gloucester Gate playground,https://ourparks.org.uk/borough/bootcamp-109254,Regents Park,NW1 4HG,London,The Regent’s Park,GB,51.534602890205,-0.14999467612,The Royal Parks,https://ourparks.org.uk/borough/royal-parks,Steve
109255,Bootcamp,2026-10-06 09:00:00+00:00,2026-10-06 10:00:00+00:00,PT60M,Bootcamp,Intermediate,29.0,29,True,Field by Gloucester Gate playground,https://ourparks.org.uk/borough/bootcamp-109255,Regents Park,NW1 4HG,London,The Regent’s Park,GB,51.534602890205,-0.14999467612,The Royal Parks,https://ourparks.org.uk/borough/royal-parks,Steve
109256,Bootcamp,2026-10-13 09:00:00+00:00,2026-10-13 10:00:00+00:00,PT60M,Bootcamp,Intermediate,29.0,29,True,Field by Gloucester Gate playground,https://ourparks.org.uk/borough/bootcamp-109256,Regents Park,NW1 4HG,London,The Regent’s Park,GB,51.534602890205,-0.14999467612,The Royal Parks,https://ourparks.org.uk/borough/royal-parks,Steve
109257,Bootcamp,2026-10-20 09:00:00+00:00,2026-10-20 10:00:00+00:00,PT60M,Bootcamp,Intermediate,29.0,29,True,Field by Gloucester Gate playground,https://ourparks.org.uk/borough/bootcamp-109257,Regents Park,NW1 4HG,London,The Regent’s Park,GB,51.534602890205,-0.14999467612,The Royal Parks,https://ourparks.org.uk/borough/royal-parks,Steve
109258,Bootcamp,2026-10-27 09:00:00+00:00,2026-10-27 10:00:00+00:00,PT60M,Bootcamp,Intermediate,29.0,29,True,Field by Gloucester Gate playground,https://ourparks.org.uk/borough/bootcamp-109258,Regents Park,NW1 4HG,London,The Regent’s Park,GB,51.534602890205,-0.14999467612,The Royal Parks,https://ourparks.org.uk/borough/royal-parks,Steve
109259,Bootcamp,2026-11-03 09:00:00+00:00,2026-11-03 10:00:00+00:00,PT60M,Bootcamp,Intermediate,29.0,29,True,Field by Gloucester Gate playground,https://ourparks.org.uk/borough/bootcamp-109259,Regents Park,NW1 4HG,London,The Regent’s Park,GB,51.534602890205,-0.14999467612,The Royal Parks,https://ourparks.org.uk/borough/royal-parks,Steve
109260,Bootcamp,2026-11-10 09:00:00+00:00,2026-11-10 10:00:00+00:00,PT60M,Bootcamp,Intermediate,29.0,29,True,Field by Gloucester Gate playground,https://ourparks.org.uk/borough/bootcamp-109260,Regents Park,NW1 4HG,London,The Regent’s Park,GB,51.534602890205,-0.14999467612,The Royal Parks,https://ourparks.org.uk/borough/royal-parks,Steve
109261,Bootcamp,2026-11-17 09:00:00+00:00,2026-11-17 10:00:00+00:00,PT60M,Bootcamp,Intermediate,29.0,29,True,Field by Gloucester Gate playground,https://ourparks.org.uk/borough/bootcamp-109261,Regents Park,NW1 4HG,London,The Regent’s Park,GB,51.534602890205,-0.14999467612,The Royal Parks,https://ourparks.org.uk/borough/royal-parks,Steve
109262,Bootcamp,2026-11-24 09:00:00+00:00,2026-11-24 10:00:00+00:00,PT60M,Bootcamp,Intermediate,29.0,29,True,Field by Gloucester Gate playground,https://ourparks.org.uk/borough/bootcamp-109262,Regents Park,NW1 4HG,London,The Regent’s Park,GB,51.534602890205,-0.14999467612,The Royal Parks,https://ourparks.org.uk/borough/royal-parks,Steve
109263,Bootcamp,2026-12-01 09:00:00+00:00,2026-12-01 10:00:00+00:00,PT60M,Bootcamp,Intermediate,29.0,29,True,Field by Gloucester Gate playground,https://ourparks.org.uk/borough/bootcamp-109263,Regents Park,NW1 4HG,London,The Regent’s Park,GB,51.534602890205,-0.14999467612,The Royal Parks,https://ourparks.org.uk/borough/royal-parks,Steve
109264,Bootcamp,2026-12-08 09:00:00+00:00,2026-12-08 10:00:00+00:00,PT60M,Bootcamp,Intermediate,29.0,29,True,Field by Gloucester Gate playground,https://ourparks.org.uk/borough/bootcamp-109264,Regents Park,NW1 4HG,London,The Regent’s Park,GB,51.534602890205,-0.14999467612,The Royal Parks,https://ourparks.org.uk/borough/royal-parks,Steve
109265,Bootcamp,2026-12-15 09:00:00+00:00,2026-12-15 10:00:00+00:00,PT60M,Bootcamp,Intermediate,29.0,29,True,Field by Gloucester Gate playground,https://ourparks.org.uk/borough/bootcamp-109265,Regents Park,NW1 4HG,London,The Regent’s Park,GB,51.534602890205,-0.14999467612,The Royal Parks,https://ourparks.org.uk/borough/royal-parks,Steve
109268,Bootcamp,2027-01-05 09:00:00+00:00,2027-01-05 10:00:00+00:00,PT60M,Bootcamp,Intermediate,29.0,29,True,Field by Gloucester Gate playground,https://ourparks.org.uk/borough/bootcamp-109268,Regents Park,NW1 4HG,London,The Regent’s Park,GB,51.534602890205,-0.14999467612,The Royal Parks,https://ourparks.org.uk/borough/royal-parks,Steve
109269,Bootcamp,2027-01-12 09:00:00+00:00,2027-01-12 10:00:00+00:00,PT60M,Bootcamp,Intermediate,29.0,29,True,Field by Gloucester Gate playground,https://ourparks.org.uk/borough/bootcamp-109269,Regents Park,NW1 4HG,London,The Regent’s Park,GB,51.534602890205,-0.14999467612,The Royal Parks,https://ourparks.org.uk/borough/royal-parks,Steve
109270,Bootcamp,2027-01-19 09:00:00+00:00,2027-01-19 10:00:00+00:00,PT60M,Bootcamp,Intermediate,29.0,29,True,Field by Gloucester Gate playground,https://ourparks.org.uk/borough/bootcamp-109270,Regents Park,NW1 4HG,London,The Regent’s Park,GB,51.534602890205,-0.14999467612,The Royal Parks,https://ourparks.org.uk/borough/royal-parks,Steve
109271,Bootcamp,2027-01-26 09:00:00+00:00,2027-01-26 10:00:00+00:00,PT60M,Bootcamp,Intermediate,29.0,29,True,Field by Gloucester Gate playground,https://ourparks.org.uk/borough/bootcamp-109271,Regents Park,NW1 4HG,London,The Regent’s Park,GB,51.534602890205,-0.14999467612,The Royal Parks,https://ourparks.org.uk/borough/royal-parks,Steve
109272,Bootcamp,2027-02-02 09:00:00+00:00,2027-02-02 10:00:00+00:00,PT60M,Bootcamp,Intermediate,29.0,29,True,Field by Gloucester Gate playground,https://ourparks.org.uk/borough/bootcamp-109272,Regents Park,NW1 4HG,London,The Regent’s Park,GB,51.534602890205,-0.14999467612,The Royal Parks,https://ourparks.org.uk/borough/royal-parks,Steve
109273,Bootcamp,2027-02-09 09:00:00+00:00,2027-02-09 10:00:00+00:00,PT60M,Bootcamp,Intermediate,29.0,29,True,Field by Gloucester Gate playground,https://ourparks.org.uk/borough/bootcamp-109273,Regents Park,NW1 4HG,London,The Regent’s Park,GB,51.534602890205,-0.14999467612,The Royal Parks,https://ourparks.org.uk/borough/royal-parks,Steve
109274,Bootcamp,2027-02-16 09:00:00+00:00,2027-02-16 10:00:00+00:00,PT60M,Bootcamp,Intermediate,29.0,29,True,Field by Gloucester Gate playground,https://ourparks.org.uk/borough/bootcamp-109274,Regents Park,NW1 4HG,London,The Regent’s Park,GB,51.534602890205,-0.14999467612,The Royal Parks,https://ourparks.org.uk/borough/royal-parks,Steve
109275,Bootcamp,2027-02-23 09:00:00+00:00,2027-02-23 10:00:00+00:00,PT60M,Bootcamp,Intermediate,29.0,29,True,Field by Gloucester Gate playground,https://ourparks.org.uk/borough/bootcamp-109275,Regents Park,NW1 4HG,London,The Regent’s Park,GB,51.534602890205,-0.14999467612,The Royal Parks,https://ourparks.org.uk/borough/royal-parks,Steve
109276,Bootcamp,2027-03-02 09:00:00+00:00,2027-03-02 10:00:00+00:00,PT60M,Bootcamp,Intermediate,29.0,29,True,Field by Gloucester Gate playground,https://ourparks.org.uk/borough/bootcamp-109276,Regents Park,NW1 4HG,London,The Regent’s Park,GB,51.534602890205,-0.14999467612,The Royal Parks,https://ourparks.org.uk/borough/royal-parks,Steve
109277,Bootcamp,2027-03-09 09:00:00+00:00,2027-03-09 10:00:00+00:00,PT60M,Bootcamp,Intermediate,29.0,29,True,Field by Gloucester Gate playground,https://ourparks.org.uk/borough/bootcamp-109277,Regents Park,NW1 4HG,London,The Regent’s Park,GB,51.534602890205,-0.14999467612,The Royal Parks,https://ourparks.org.uk/borough/royal-parks,Steve
109278,Bootcamp,2027-03-16 09:00:00+00:00,2027-03-16 10:00:00+00:00,PT60M,Bootcamp,Intermediate,29.0,29,True,Field by Gloucester Gate playground,https://ourparks.org.uk/borough/bootcamp-109278,Regents Park,NW1 4HG,London,The Regent’s Park,GB,51.534602890205,-0.14999467612,The Royal Parks,https://ourparks.org.uk/borough/royal-parks,Steve
109279,Bootcamp,2027-03-23 09:00:00+00:00,2027-03-23 10:00:00+00:00,PT60M,Bootcamp,Intermediate,29.0,29,True,Field by Gloucester Gate playground,https://ourparks.org.uk/borough/bootcamp-109279,Regents Park,NW1 4HG,London,The Regent’s Park,GB,51.534602890205,-0.14999467612,The Royal Parks,https://ourparks.org.uk/borough/royal-parks,Steve
109280,Bootcamp,2026-04-04 09:00:00+00:00,2026-04-04 10:00:00+00:00,PT60M,Bootcamp,Intermediate,29.0,29,True,"Tennis centre, session to take place on mini pitches 1 and 2",https://ourparks.org.uk/borough/bootcamp-109280,Hyde Park,SW7 1SG,London,Old football pitches,GB,51.502586484832,-0.173725612847,The Royal Parks,https://ourparks.org.uk/borough/royal-parks,Inga
109281,Bootcamp,2026-04-11 09:00:00+00:00,2026-04-11 10:00:00+00:00,PT60M,Bootcamp,Intermediate,29.0,29,True,"Tennis centre, session to take place on mini pitches 1 and 2",https://ourparks.org.uk/borough/bootcamp-109281,Hyde Park,SW7 1SG,London,Old football pitches,GB,51.502586484832,-0.173725612847,The Royal Parks,https://ourparks.org.uk/borough/royal-parks,Inga
109282,Bootcamp,2026-04-18 09:00:00+00:00,2026-04-18 10:00:00+00:00,PT60M,Bootcamp,Intermediate,29.0,29,True,"Tennis centre, session to take place on mini pitches 1 and 2",https://ourparks.org.uk/borough/bootcamp-109282,Hyde Park,SW7 1SG,London,Old football pitches,GB,51.502586484832,-0.173725612847,The Royal Parks,https://ourparks.org.uk/borough/royal-parks,Inga
109283,Bootcamp,2026-04-25 09:00:00+00:00,2026-04-25 10:00:00+00:00,PT60M,Bootcamp,Intermediate,29.0,29,True,"Tennis centre, session to take place on mini pitches 1 and 2",https://ourparks.org.uk/borough/bootcamp-109283,Hyde Park,SW7 1SG,London,Old football pitches,GB,51.502586484832,-0.173725612847,The Royal Parks,https://ourparks.org.uk/borough/royal-parks,Inga
109284,Bootcamp,2026-05-02 09:00:00+00:00,2026-05-02 10:00:00+00:00,PT60M,Bootcamp,Intermediate,29.0,29,True,"Tennis centre, session to take place on mini pitches 1 and 2",https://ourparks.org.uk/borough/bootcamp-109284,Hyde Park,SW7 1SG,London,Old football pitches,GB,51.502586484832,-0.173725612847,The Royal Parks,https://ourparks.org.uk/borough/royal-parks,Inga
109285,Bootcamp,2026-05-09 09:00:00+00:00,2026-05-09 10:00:00+00:00,PT60M,Bootcamp,Intermediate,29.0,29,True,"Tennis centre, session to take place on mini pitches 1 and 2",https://ourparks.org.uk/borough/bootcamp-109285,Hyde Park,SW7 1SG,London,Old football pitches,GB,51.502586484832,-0.173725612847,The Royal Parks,https://ourparks.org.uk/borough/royal-parks,Inga
109287,Bootcamp,2026-05-23 09:00:00+00:00,2026-05-23 10:00:00+00:00,PT60M,Bootcamp,Intermediate,29.0,29,True,"Tennis centre, session to take place on mini pitches 1 and 2",https://ourparks.org.uk/borough/bootcamp-109287,Hyde Park,SW7 1SG,London,Old football pitches,GB,51.502586484832,-0.173725612847,The Royal Parks,https://ourparks.org.uk/borough/royal-parks,Inga
109289,Bootcamp,2026-06-06 09:00:00+00:00,2026-06-06 10:00:00+00:00,PT60M,Bootcamp,Intermediate,29.0,29,True,"Tennis centre, session to take place on mini pitches 1 and 2",https://ourparks.org.uk/borough/bootcamp-109289,Hyde Park,SW7 1SG,London,Old football pitches,GB,51.502586484832,-0.173725612847,The Royal Parks,https://ourparks.org.uk/borough/royal-parks,Inga
109290,Bootcamp,2026-06-13 09:00:00+00:00,2026-06-13 10:00:00+00:00,PT60M,Bootcamp,Intermediate,29.0,29,True,"Tennis centre, session to take place on mini pitches 1 and 2",https://ourparks.org.uk/borough/bootcamp-109290,Hyde Park,SW7 1SG,London,Old football pitches,GB,51.502586484832,-0.173725612847,The Royal Parks,https://ourparks.org.uk/borough/royal-parks,Inga
109291,Bootcamp,2026-06-20 09:00:00+00:00,2026-06-20 10:00:00+00:00,PT60M,Bootcamp,Intermediate,29.0,29,True,"Tennis centre, session to take place on mini pitches 1 and 2",https://ourparks.org.uk/borough/bootcamp-109291,Hyde Park,SW7 1SG,London,Old football pitches,GB,51.502586484832,-0.173725612847,The Royal Parks,https://ourparks.org.uk/borough/royal-parks,Inga
109292,Bootcamp,2026-06-27 09:00:00+00:00,2026-06-27 10:00:00+00:00,PT60M,Bootcamp,Intermediate,29.0,29,True,"Tennis centre, session to take place on mini pitches 1 and 2",https://ourparks.org.uk/borough/bootcamp-109292,Hyde Park,SW7 1SG,London,Old football pitches,GB,51.502586484832,-0.173725612847,The Royal Parks,https://ourparks.org.uk/borough/royal-parks,Inga
109293,Bootcamp,2026-07-04 09:00:00+00:00,2026-07-04 10:00:00+00:00,PT60M,Bootcamp,Intermediate,29.0,29,True,"Tennis centre, session to take place on mini pitches 1 and 2",https://ourparks.org.uk/borough/bootcamp-109293,Hyde Park,SW7 1SG,London,Old football pitches,GB,51.502586484832,-0.173725612847,The Royal Parks,https://ourparks.org.uk/borough/royal-parks,Inga
109294,Bootcamp,2026-07-11 09:00:00+00:00,2026-07-11 10:00:00+00:00,PT60M,Bootcamp,Intermediate,29.0,29,True,"Tennis centre, session to take place on mini pitches 1 and 2",https://ourparks.org.uk/borough/bootcamp-109294,Hyde Park,SW7 1SG,London,Old football pitches,GB,51.502586484832,-0.173725612847,The Royal Parks,https://ourparks.org.uk/borough/royal-parks,Inga
109295,Bootcamp,2026-07-18 09:00:00+00:00,2026-07-18 10:00:00+00:00,PT60M,Bootcamp,Intermediate,29.0,29,True,"Tennis centre, session to take place on mini pitches 1 and 2",https://ourparks.org.uk/borough/bootcamp-109295,Hyde Park,SW7 1SG,London,Old football pitches,GB,51.502586484832,-0.173725612847,The Royal Parks,https://ourparks.org.uk/borough/royal-parks,Inga
109296,Bootcamp,2026-07-25 09:00:00+00:00,2026-07-25 10:00:00+00:00,PT60M,Bootcamp,Intermediate,29.0,29,True,"Tennis centre, session to take place on mini pitches 1 and 2",https://ourparks.org.uk/borough/bootcamp-109296,Hyde Park,SW7 1SG,London,Old football pitches,GB,51.502586484832,-0.173725612847,The Royal Parks,https://ourparks.org.uk/borough/royal-parks,Inga
109297,Bootcamp,2026-08-01 09:00:00+00:00,2026-08-01 10:00:00+00:00,PT60M,Bootcamp,Intermediate,29.0,29,True,"Tennis centre, session to take place on mini pitches 1 and 2",https://ourparks.org.uk/borough/bootcamp-109297,Hyde Park,SW7 1SG,London,Old football pitches,GB,51.502586484832,-0.173725612847,The Royal Parks,https://ourparks.org.uk/borough/royal-parks,Inga
109298,Bootcamp,2026-08-08 09:00:00+00:00,2026-08-08 10:00:00+00:00,PT60M,Bootcamp,Intermediate,29.0,29,True,"Tennis centre, session to take place on mini pitches 1 and 2",https://ourparks.org.uk/borough/bootcamp-109298,Hyde Park,SW7 1SG,London,Old football pitches,GB,51.502586484832,-0.173725612847,The Royal Parks,https://ourparks.org.uk/borough/royal-parks,Inga
109299,Bootcamp,2026-08-15 09:00:00+00:00,2026-08-15 10:00:00+00:00,PT60M,Bootcamp,Intermediate,29.0,29,True,"Tennis centre, session to take place on mini pitches 1 and 2",https://ourparks.org.uk/borough/bootcamp-109299,Hyde Park,SW7 1SG,London,Old football pitches,GB,51.502586484832,-0.173725612847,The Royal Parks,https://ourparks.org.uk/borough/royal-parks,Inga
109300,Bootcamp,2026-08-22 09:00:00+00:00,2026-08-22 10:00:00+00:00,PT60M,Bootcamp,Intermediate,29.0,29,True,"Tennis centre, session to take place on mini pitches 1 and 2",https://ourparks.org.uk/borough/bootcamp-109300,Hyde Park,SW7 1SG,London,Old football pitches,GB,51.502586484832,-0.173725612847,The Royal Parks,https://ourparks.org.uk/borough/royal-parks,Inga
109301,Bootcamp,2026-08-29 09:00:00+00:00,2026-08-29 10:00:00+00:00,PT60M,Bootcamp,Intermediate,29.0,29,True,"Tennis centre, session to take place on mini pitches 1 and 2",https://ourparks.org.uk/borough/bootcamp-109301,Hyde Park,SW7 1SG,London,Old football pitches,GB,51.502586484832,-0.173725612847,The Royal Parks,https://ourparks.org.uk/borough/royal-parks,Inga
109302,Bootcamp,2026-09-05 09:00:00+00:00,2026-09-05 10:00:00+00:00,PT60M,Bootcamp,Intermediate,29.0,29,True,"Tennis centre, session to take place on mini pitches 1 and 2",https://ourparks.org.uk/borough/bootcamp-109302,Hyde Park,SW7 1SG,London,Old football pitches,GB,51.502586484832,-0.173725612847,The Royal Parks,https://ourparks.org.uk/borough/royal-parks,Inga
109306,Bootcamp,2026-10-03 09:00:00+00:00,2026-10-03 10:00:00+00:00,PT60M,Bootcamp,Intermediate,29.0,29,True,"Tennis centre, session to take place on mini pitches 1 and 2",https://ourparks.org.uk/borough/bootcamp-109306,Hyde Park,SW7 1SG,London,Old football pitches,GB,51.502586484832,-0.173725612847,The Royal Parks,https://ourparks.org.uk/borough/royal-parks,Inga
109307,Bootcamp,2026-10-10 09:00:00+00:00,2026-10-10 10:00:00+00:00,PT60M,Bootcamp,Intermediate,29.0,29,True,"Tennis centre, session to take place on mini pitches 1 and 2",https://ourparks.org.uk/borough/bootcamp-109307,Hyde Park,SW7 1SG,London,Old football pitches,GB,51.502586484832,-0.173725612847,The Royal Parks,https://ourparks.org.uk/borough/royal-parks,Inga
109308,Bootcamp,2026-10-17 09:00:00+00:00,2026-10-17 10:00:00+00:00,PT60M,Bootcamp,Intermediate,29.0,29,True,"Tennis centre, session to take place on mini pitches 1 and 2",https://ourparks.org.uk/borough/bootcamp-109308,Hyde Park,SW7 1SG,London,Old football pitches,GB,51.502586484832,-0.173725612847,The Royal Parks,https://ourparks.org.uk/borough/royal-parks,Inga
109309,Bootcamp,2026-10-24 09:00:00+00:00,2026-10-24 10:00:00+00:00,PT60M,Bootcamp,Intermediate,29.0,29,True,"Tennis centre, session to take place on mini pitches 1 and 2",https://ourparks.org.uk/borough/bootcamp-109309,Hyde Park,SW7 1SG,London,Old football pitches,GB,51.502586484832,-0.173725612847,The Royal Parks,https://ourparks.org.uk/borough/royal-parks,Inga
109310,Bootcamp,2026-10-31 09:00:00+00:00,2026-10-31 10:00:00+00:00,PT60M,Bootcamp,Intermediate,29.0,29,True,"Tennis centre, session to take place on mini pitches 1 and 2",https://ourparks.org.uk/borough/bootcamp-109310,Hyde Park,SW7 1SG,London,Old football pitches,GB,51.502586484832,-0.173725612847,The Royal Parks,https://ourparks.org.uk/borough/royal-parks,Inga
109311,Bootcamp,2026-11-07 09:00:00+00:00,2026-11-07 10:00:00+00:00,PT60M,Bootcamp,Intermediate,29.0,29,True,"Tennis centre, session to take place on mini pitches 1 and 2",https://ourparks.org.uk/borough/bootcamp-109311,Hyde Park,SW7 1SG,London,Old football pitches,GB,51.502586484832,-0.173725612847,The Royal Parks,https://ourparks.org.uk/borough/royal-parks,Inga
109312,Bootcamp,2026-11-14 09:00:00+00:00,2026-11-14 10:00:00+00:00,PT60M,Bootcamp,Intermediate,29.0,29,True,"Tennis centre, session to take place on mini pitches 1 and 2",https://ourparks.org.uk/borough/bootcamp-109312,Hyde Park,SW7 1SG,London,Old football pitches,GB,51.502586484832,-0.173725612847,The Royal Parks,https://ourparks.org.uk/borough/royal-parks,Inga
109313,Bootcamp,2026-11-21 09:00:00+00:00,2026-11-21 10:00:00+00:00,PT60M,Bootcamp,Intermediate,29.0,29,True,"Tennis centre, session to take place on mini pitches 1 and 2",https://ourparks.org.uk/borough/bootcamp-109313,Hyde Park,SW7 1SG,London,Old football pitches,GB,51.502586484832,-0.173725612847,The Royal Parks,https://ourparks.org.uk/borough/royal-parks,Inga
109314,Bootcamp,2026-11-28 09:00:00+00:00,2026-11-28 10:00:00+00:00,PT60M,Bootcamp,Intermediate,29.0,29,True,"Tennis centre, session to take place on mini pitches 1 and 2",https://ourparks.org.uk/borough/bootcamp-109314,Hyde Park,SW7 1SG,London,Old football pitches,GB,51.502586484832,-0.173725612847,The Royal Parks,https://ourparks.org.uk/borough/royal-parks,Inga
109315,Bootcamp,2026-12-05 09:00:00+00:00,2026-12-05 10:00:00+00:00,PT60M,Bootcamp,Intermediate,29.0,29,True,"Tennis centre, session to take place on mini pitches 1 and 2",https://ourparks.org.uk/borough/bootcamp-109315,Hyde Park,SW7 1SG,London,Old football pitches,GB,51.502586484832,-0.173725612847,The Royal Parks,https://ourparks.org.uk/borough/royal-parks,Inga
109316,Bootcamp,2026-12-12 09:00:00+00:00,2026-12-12 10:00:00+00:00,PT60M,Bootcamp,Intermediate,29.0,29,True,"Tennis centre, session to take place on mini pitches 1 and 2",https://ourparks.org.uk/borough/bootcamp-109316,Hyde Park,SW7 1SG,London,Old football pitches,GB,51.502586484832,-0.173725612847,The Royal Parks,https://ourparks.org.uk/borough/royal-parks,Inga
109317,Bootcamp,2026-12-19 09:00:00+00:00,2026-12-19 10:00:00+00:00,PT60M,Bootcamp,Intermediate,29.0,29,True,"Tennis centre, session to take place on mini pitches 1 and 2",https://ourparks.org.uk/borough/bootcamp-109317,Hyde Park,SW7 1SG,London,Old football pitches,GB,51.502586484832,-0.173725612847,The Royal Parks,https://ourparks.org.uk/borough/royal-parks,Inga
109320,Bootcamp,2027-01-09 09:00:00+00:00,2027-01-09 10:00:00+00:00,PT60M,Bootcamp,Intermediate,29.0,29,True,"Tennis centre, session to take place on mini pitches 1 and 2",https://ourparks.org.uk/borough/bootcamp-109320,Hyde Park,SW7 1SG,London,Old football pitches,GB,51.502586484832,-0.173725612847,The Royal Parks,https://ourparks.org.uk/borough/royal-parks,Inga
109321,Bootcamp,2027-01-16 09:00:00+00:00,2027-01-16 10:00:00+00:00,PT60M,Bootcamp,Intermediate,29.0,29,True,"Tennis centre, session to take place on mini pitches 1 and 2",https://ourparks.org.uk/borough/bootcamp-109321,Hyde Park,SW7 1SG,London,Old football pitches,GB,51.502586484832,-0.173725612847,The Royal Parks,https://ourparks.org.uk/borough/royal-parks,Inga
109322,Bootcamp,2027-01-23 09:00:00+00:00,2027-01-23 10:00:00+00:00,PT60M,Bootcamp,Intermediate,29.0,29,True,"Tennis centre, session to take place on mini pitches 1 and 2",https://ourparks.org.uk/borough/bootcamp-109322,Hyde Park,SW7 1SG,London,Old football pitches,GB,51.502586484832,-0.173725612847,The Royal Parks,https://ourparks.org.uk/borough/royal-parks,Inga
109323,Bootcamp,2027-01-30 09:00:00+00:00,2027-01-30 10:00:00+00:00,PT60M,Bootcamp,Intermediate,29.0,29,True,"Tennis centre, session to take place on mini pitches 1 and 2",https://ourparks.org.uk/borough/bootcamp-109323,Hyde Park,SW7 1SG,London,Old football pitches,GB,51.502586484832,-0.173725612847,The Royal Parks,https://ourparks.org.uk/borough/royal-parks,Inga
109324,Bootcamp,2027-02-06 09:00:00+00:00,2027-02-06 10:00:00+00:00,PT60M,Bootcamp,Intermediate,29.0,29,True,"Tennis centre, session to take place on mini pitches 1 and 2",https://ourparks.org.uk/borough/bootcamp-109324,Hyde Park,SW7 1SG,London,Old football pitches,GB,51.502586484832,-0.173725612847,The Royal Parks,https://ourparks.org.uk/borough/royal-parks,Inga
109325,Bootcamp,2027-02-13 09:00:00+00:00,2027-02-13 10:00:00+00:00,PT60M,Bootcamp,Intermediate,29.0,29,True,"Tennis centre, session to take place on mini pitches 1 and 2",https://ourparks.org.uk/borough/bootcamp-109325,Hyde Park,SW7 1SG,London,Old football pitches,GB,51.502586484832,-0.173725612847,The Royal Parks,https://ourparks.org.uk/borough/royal-parks,Inga
109326,Bootcamp,2027-02-20 09:00:00+00:00,2027-02-20 10:00:00+00:00,PT60M,Bootcamp,Intermediate,29.0,29,True,"Tennis centre, session to take place on mini pitches 1 and 2",https://ourparks.org.uk/borough/bootcamp-109326,Hyde Park,SW7 1SG,London,Old football pitches,GB,51.502586484832,-0.173725612847,The Royal Parks,https://ourparks.org.uk/borough/royal-parks,Inga
109327,Bootcamp,2027-02-27 09:00:00+00:00,2027-02-27 10:00:00+00:00,PT60M,Bootcamp,Intermediate,29.0,29,True,"Tennis centre, session to take place on mini pitches 1 and 2",https://ourparks.org.uk/borough/bootcamp-109327,Hyde Park,SW7 1SG,London,Old football pitches,GB,51.502586484832,-0.173725612847,The Royal Parks,https://ourparks.org.uk/borough/royal-parks,Inga
109328,Bootcamp,2027-03-06 09:00:00+00:00,2027-03-06 10:00:00+00:00,PT60M,Bootcamp,Intermediate,29.0,29,True,"Tennis centre, session to take place on mini pitches 1 and 2",https://ourparks.org.uk/borough/bootcamp-109328,Hyde Park,SW7 1SG,London,Old football pitches,GB,51.502586484832,-0.173725612847,The Royal Parks,https://ourparks.org.uk/borough/royal-parks,Inga
109329,Bootcamp,2027-03-13 09:00:00+00:00,2027-03-13 10:00:00+00:00,PT60M,Bootcamp,Intermediate,29.0,29,True,"Tennis centre, session to take place on mini pitches 1 and 2",https://ourparks.org.uk/borough/bootcamp-109329,Hyde Park,SW7 1SG,London,Old football pitches,GB,51.502586484832,-0.173725612847,The Royal Parks,https://ourparks.org.uk/borough/royal-parks,Inga
109330,Bootcamp,2027-03-20 09:00:00+00:00,2027-03-20 10:00:00+00:00,PT60M,Bootcamp,Intermediate,29.0,29,True,"Tennis centre, session to take place on mini pitches 1 and 2",https://ourparks.org.uk/borough/bootcamp-109330,Hyde Park,SW7 1SG,London,Old football pitches,GB,51.502586484832,-0.173725612847,The Royal Parks,https://ourparks.org.uk/borough/royal-parks,Inga
109331,Bootcamp,2027-03-27 09:00:00+00:00,2027-03-27 10:00:00+00:00,PT60M,Bootcamp,Intermediate,29.0,29,True,"Tennis centre, session to take place on mini pitches 1 and 2",https://ourparks.org.uk/borough/bootcamp-109331,Hyde Park,SW7 1SG,London,Old football pitches,GB,51.502586484832,-0.173725612847,The Royal Parks,https://ourparks.org.uk/borough/royal-parks,Inga
109066,Under 15s Girls' Football,2026-04-18 10:00:00+00:00,2026-04-18 11:00:00+00:00,PT60M,Football,Intermediate,29.0,29,True,Football pitches by the changing rooms,https://ourparks.org.uk/borough/under-15s-girls-football-109066,Roxbourne Park,HA5 1JF ,Pinner,Cannon Lane,GB,51.5754739,-0.3832202,London Borough of Harrow,https://ourparks.org.uk/borough/london-borough-harrow,Alvin
109067,Under 15s Girls' Football,2026-04-25 10:00:00+00:00,2026-04-25 11:00:00+00:00,PT60M,Football,Intermediate,29.0,29,True,Football pitches by the changing rooms,https://ourparks.org.uk/borough/under-15s-girls-football-109067,Roxbourne Park,HA5 1JF ,Pinner,Cannon Lane,GB,51.5754739,-0.3832202,London Borough of Harrow,https://ourparks.org.uk/borough/london-borough-harrow,Alvin
106722,Full Body Workout,2026-04-04 10:15:00+00:00,2026-04-04 11:15:00+00:00,PT60M,Bootcamp,Intermediate,30.0,30,True,Outdoor Gym area,https://ourparks.org.uk/borough/full-body-workout-106722,Erith Riverside Gardens,DA8 1QY,Erith,Erith High Street,GB,51.482871018656,0.178854717888,London Borough of Bexley,https://ourparks.org.uk/borough/london-borough-bexley,Kashif
98329,Bootcamp,2026-04-02 08:30:00+00:00,2026-04-02 09:30:00+00:00,PT60M,Bootcamp,Intermediate,29.0,29,True,Play Area,https://ourparks.org.uk/borough/bootcamp-98329,Harefield Village Green,UB9 6EG,Harefield,Harefield Village Green,GB,51.604697285476,-0.480577927343,Hillingdon,https://ourparks.org.uk/borough/hillingdon,Georgia
109332,Bootcamp,2026-04-09 08:30:00+00:00,2026-04-09 09:30:00+00:00,PT60M,Bootcamp,Intermediate,29.0,29,True,Play Area,https://ourparks.org.uk/borough/bootcamp-109332,Harefield Village Green,UB9 6EG,Harefield,Harefield Village Green,GB,51.604697285476,-0.480577927343,Hillingdon,https://ourparks.org.uk/borough/hillingdon,Georgia
109333,Bootcamp,2026-04-16 08:30:00+00:00,2026-04-16 09:30:00+00:00,PT60M,Bootcamp,Intermediate,29.0,29,True,Play Area,https://ourparks.org.uk/borough/bootcamp-109333,Harefield Village Green,UB9 6EG,Harefield,Harefield Village Green,GB,51.604697285476,-0.480577927343,Hillingdon,https://ourparks.org.uk/borough/hillingdon,Georgia
109334,Bootcamp,2026-04-23 08:30:00+00:00,2026-04-23 09:30:00+00:00,PT60M,Bootcamp,Intermediate,29.0,29,True,Play Area,https://ourparks.org.uk/borough/bootcamp-109334,Harefield Village Green,UB9 6EG,Harefield,Harefield Village Green,GB,51.604697285476,-0.480577927343,Hillingdon,https://ourparks.org.uk/borough/hillingdon,Georgia
109335,Bootcamp,2026-04-30 08:30:00+00:00,2026-04-30 09:30:00+00:00,PT60M,Bootcamp,Intermediate,29.0,29,True,Play Area,https://ourparks.org.uk/borough/bootcamp-109335,Harefield Village Green,UB9 6EG,Harefield,Harefield Village Green,GB,51.604697285476,-0.480577927343,Hillingdon,https://ourparks.org.uk/borough/hillingdon,Georgia
109336,Bootcamp,2026-05-07 08:30:00+00:00,2026-05-07 09:30:00+00:00,PT60M,Bootcamp,Intermediate,29.0,29,True,Play Area,https://ourparks.org.uk/borough/bootcamp-109336,Harefield Village Green,UB9 6EG,Harefield,Harefield Village Green,GB,51.604697285476,-0.480577927343,Hillingdon,https://ourparks.org.uk/borough/hillingdon,Georgia
109337,Bootcamp,2026-05-14 08:30:00+00:00,2026-05-14 09:30:00+00:00,PT60M,Bootcamp,Intermediate,29.0,29,True,Play Area,https://ourparks.org.uk/borough/bootcamp-109337,Harefield Village Green,UB9 6EG,Harefield,Harefield Village Green,GB,51.604697285476,-0.480577927343,Hillingdon,https://ourparks.org.uk/borough/hillingdon,Georgia
109341,Bootcamp,2026-06-11 08:30:00+00:00,2026-06-11 09:30:00+00:00,PT60M,Bootcamp,Intermediate,29.0,29,True,Play Area,https://ourparks.org.uk/borough/bootcamp-109341,Harefield Village Green,UB9 6EG,Harefield,Harefield Village Green,GB,51.604697285476,-0.480577927343,Hillingdon,https://ourparks.org.uk/borough/hillingdon,Georgia
109343,Bootcamp,2026-06-25 08:30:00+00:00,2026-06-25 09:30:00+00:00,PT60M,Bootcamp,Intermediate,29.0,29,True,Play Area,https://ourparks.org.uk/borough/bootcamp-109343,Harefield Village Green,UB9 6EG,Harefield,Harefield Village Green,GB,51.604697285476,-0.480577927343,Hillingdon,https://ourparks.org.uk/borough/hillingdon,Georgia
109344,Bootcamp,2026-07-02 08:30:00+00:00,2026-07-02 09:30:00+00:00,PT60M,Bootcamp,Intermediate,29.0,29,True,Play Area,https://ourparks.org.uk/borough/bootcamp-109344,Harefield Village Green,UB9 6EG,Harefield,Harefield Village Green,GB,51.604697285476,-0.480577927343,Hillingdon,https://ourparks.org.uk/borough/hillingdon,Georgia
109345,Bootcamp,2026-07-09 08:30:00+00:00,2026-07-09 09:30:00+00:00,PT60M,Bootcamp,Intermediate,29.0,29,True,Play Area,https://ourparks.org.uk/borough/bootcamp-109345,Harefield Village Green,UB9 6EG,Harefield,Harefield Village Green,GB,51.604697285476,-0.480577927343,Hillingdon,https://ourparks.org.uk/borough/hillingdon,Georgia
109346,Bootcamp,2026-07-16 08:30:00+00:00,2026-07-16 09:30:00+00:00,PT60M,Bootcamp,Intermediate,29.0,29,True,Play Area,https://ourparks.org.uk/borough/bootcamp-109346,Harefield Village Green,UB9 6EG,Harefield,Harefield Village Green,GB,51.604697285476,-0.480577927343,Hillingdon,https://ourparks.org.uk/borough/hillingdon,Georgia
109347,Bootcamp,2026-07-23 08:30:00+00:00,2026-07-23 09:30:00+00:00,PT60M,Bootcamp,Intermediate,29.0,29,True,Play Area,https://ourparks.org.uk/borough/bootcamp-109347,Harefield Village Green,UB9 6EG,Harefield,Harefield Village Green,GB,51.604697285476,-0.480577927343,Hillingdon,https://ourparks.org.uk/borough/hillingdon,Georgia
109348,Bootcamp,2026-07-30 08:30:00+00:00,2026-07-30 09:30:00+00:00,PT60M,Bootcamp,Intermediate,29.0,29,True,Play Area,https://ourparks.org.uk/borough/bootcamp-109348,Harefield Village Green,UB9 6EG,Harefield,Harefield Village Green,GB,51.604697285476,-0.480577927343,Hillingdon,https://ourparks.org.uk/borough/hillingdon,Georgia
109350,Bootcamp,2026-08-13 08:30:00+00:00,2026-08-13 09:30:00+00:00,PT60M,Bootcamp,Intermediate,29.0,29,True,Play Area,https://ourparks.org.uk/borough/bootcamp-109350,Harefield Village Green,UB9 6EG,Harefield,Harefield Village Green,GB,51.604697285476,-0.480577927343,Hillingdon,https://ourparks.org.uk/borough/hillingdon,Georgia
109351,Bootcamp,2026-08-20 08:30:00+00:00,2026-08-20 09:30:00+00:00,PT60M,Bootcamp,Intermediate,29.0,29,True,Play Area,https://ourparks.org.uk/borough/bootcamp-109351,Harefield Village Green,UB9 6EG,Harefield,Harefield Village Green,GB,51.604697285476,-0.480577927343,Hillingdon,https://ourparks.org.uk/borough/hillingdon,Georgia
109352,Bootcamp,2026-08-27 08:30:00+00:00,2026-08-27 09:30:00+00:00,PT60M,Bootcamp,Intermediate,29.0,29,True,Play Area,https://ourparks.org.uk/borough/bootcamp-109352,Harefield Village Green,UB9 6EG,Harefield,Harefield Village Green,GB,51.604697285476,-0.480577927343,Hillingdon,https://ourparks.org.uk/borough/hillingdon,Georgia
109353,Bootcamp,2026-09-03 08:30:00+00:00,2026-09-03 09:30:00+00:00,PT60M,Bootcamp,Intermediate,29.0,29,True,Play Area,https://ourparks.org.uk/borough/bootcamp-109353,Harefield Village Green,UB9 6EG,Harefield,Harefield Village Green,GB,51.604697285476,-0.480577927343,Hillingdon,https://ourparks.org.uk/borough/hillingdon,Georgia
109354,Bootcamp,2026-09-10 08:30:00+00:00,2026-09-10 09:30:00+00:00,PT60M,Bootcamp,Intermediate,29.0,29,True,Play Area,https://ourparks.org.uk/borough/bootcamp-109354,Harefield Village Green,UB9 6EG,Harefield,Harefield Village Green,GB,51.604697285476,-0.480577927343,Hillingdon,https://ourparks.org.uk/borough/hillingdon,Georgia
109355,Bootcamp,2026-09-17 08:30:00+00:00,2026-09-17 09:30:00+00:00,PT60M,Bootcamp,Intermediate,29.0,29,True,Play Area,https://ourparks.org.uk/borough/bootcamp-109355,Harefield Village Green,UB9 6EG,Harefield,Harefield Village Green,GB,51.604697285476,-0.480577927343,Hillingdon,https://ourparks.org.uk/borough/hillingdon,Georgia
109356,Bootcamp,2026-09-24 08:30:00+00:00,2026-09-24 09:30:00+00:00,PT60M,Bootcamp,Intermediate,29.0,29,True,Play Area,https://ourparks.org.uk/borough/bootcamp-109356,Harefield Village Green,UB9 6EG,Harefield,Harefield Village Green,GB,51.604697285476,-0.480577927343,Hillingdon,https://ourparks.org.uk/borough/hillingdon,Georgia
109357,Bootcamp,2026-10-01 08:30:00+00:00,2026-10-01 09:30:00+00:00,PT60M,Bootcamp,Intermediate,29.0,29,True,Play Area,https://ourparks.org.uk/borough/bootcamp-109357,Harefield Village Green,UB9 6EG,Harefield,Harefield Village Green,GB,51.604697285476,-0.480577927343,Hillingdon,https://ourparks.org.uk/borough/hillingdon,Georgia
109358,Bootcamp,2026-10-08 08:30:00+00:00,2026-10-08 09:30:00+00:00,PT60M,Bootcamp,Intermediate,29.0,29,True,Play Area,https://ourparks.org.uk/borough/bootcamp-109358,Harefield Village Green,UB9 6EG,Harefield,Harefield Village Green,GB,51.604697285476,-0.480577927343,Hillingdon,https://ourparks.org.uk/borough/hillingdon,Georgia
109359,Bootcamp,2026-10-15 08:30:00+00:00,2026-10-15 09:30:00+00:00,PT60M,Bootcamp,Intermediate,29.0,29,True,Play Area,https://ourparks.org.uk/borough/bootcamp-109359,Harefield Village Green,UB9 6EG,Harefield,Harefield Village Green,GB,51.604697285476,-0.480577927343,Hillingdon,https://ourparks.org.uk/borough/hillingdon,Georgia
109360,Bootcamp,2026-10-22 08:30:00+00:00,2026-10-22 09:30:00+00:00,PT60M,Bootcamp,Intermediate,29.0,29,True,Play Area,https://ourparks.org.uk/borough/bootcamp-109360,Harefield Village Green,UB9 6EG,Harefield,Harefield Village Green,GB,51.604697285476,-0.480577927343,Hillingdon,https://ourparks.org.uk/borough/hillingdon,Georgia
109361,Bootcamp,2026-10-29 08:30:00+00:00,2026-10-29 09:30:00+00:00,PT60M,Bootcamp,Intermediate,29.0,29,True,Play Area,https://ourparks.org.uk/borough/bootcamp-109361,Harefield Village Green,UB9 6EG,Harefield,Harefield Village Green,GB,51.604697285476,-0.480577927343,Hillingdon,https://ourparks.org.uk/borough/hillingdon,Georgia
109362,Bootcamp,2026-11-05 08:30:00+00:00,2026-11-05 09:30:00+00:00,PT60M,Bootcamp,Intermediate,29.0,29,True,Play Area,https://ourparks.org.uk/borough/bootcamp-109362,Harefield Village Green,UB9 6EG,Harefield,Harefield Village Green,GB,51.604697285476,-0.480577927343,Hillingdon,https://ourparks.org.uk/borough/hillingdon,Georgia
109363,Bootcamp,2026-11-12 08:30:00+00:00,2026-11-12 09:30:00+00:00,PT60M,Bootcamp,Intermediate,29.0,29,True,Play Area,https://ourparks.org.uk/borough/bootcamp-109363,Harefield Village Green,UB9 6EG,Harefield,Harefield Village Green,GB,51.604697285476,-0.480577927343,Hillingdon,https://ourparks.org.uk/borough/hillingdon,Georgia
109364,Bootcamp,2026-11-19 08:30:00+00:00,2026-11-19 09:30:00+00:00,PT60M,Bootcamp,Intermediate,29.0,29,True,Play Area,https://ourparks.org.uk/borough/bootcamp-109364,Harefield Village Green,UB9 6EG,Harefield,Harefield Village Green,GB,51.604697285476,-0.480577927343,Hillingdon,https://ourparks.org.uk/borough/hillingdon,Georgia
109365,Bootcamp,2026-11-26 08:30:00+00:00,2026-11-26 09:30:00+00:00,PT60M,Bootcamp,Intermediate,29.0,29,True,Play Area,https://ourparks.org.uk/borough/bootcamp-109365,Harefield Village Green,UB9 6EG,Harefield,Harefield Village Green,GB,51.604697285476,-0.480577927343,Hillingdon,https://ourparks.org.uk/borough/hillingdon,Georgia
109366,Bootcamp,2026-12-03 08:30:00+00:00,2026-12-03 09:30:00+00:00,PT60M,Bootcamp,Intermediate,29.0,29,True,Play Area,https://ourparks.org.uk/borough/bootcamp-109366,Harefield Village Green,UB9 6EG,Harefield,Harefield Village Green,GB,51.604697285476,-0.480577927343,Hillingdon,https://ourparks.org.uk/borough/hillingdon,Georgia
109367,Bootcamp,2026-12-10 08:30:00+00:00,2026-12-10 09:30:00+00:00,PT60M,Bootcamp,Intermediate,29.0,29,True,Play Area,https://ourparks.org.uk/borough/bootcamp-109367,Harefield Village Green,UB9 6EG,Harefield,Harefield Village Green,GB,51.604697285476,-0.480577927343,Hillingdon,https://ourparks.org.uk/borough/hillingdon,Georgia
109368,Bootcamp,2026-12-17 08:30:00+00:00,2026-12-17 09:30:00+00:00,PT60M,Bootcamp,Intermediate,29.0,29,True,Play Area,https://ourparks.org.uk/borough/bootcamp-109368,Harefield Village Green,UB9 6EG,Harefield,Harefield Village Green,GB,51.604697285476,-0.480577927343,Hillingdon,https://ourparks.org.uk/borough/hillingdon,Georgia
109371,Bootcamp,2027-01-07 08:30:00+00:00,2027-01-07 09:30:00+00:00,PT60M,Bootcamp,Intermediate,29.0,29,True,Play Area,https://ourparks.org.uk/borough/bootcamp-109371,Harefield Village Green,UB9 6EG,Harefield,Harefield Village Green,GB,51.604697285476,-0.480577927343,Hillingdon,https://ourparks.org.uk/borough/hillingdon,Georgia
109372,Bootcamp,2027-01-14 08:30:00+00:00,2027-01-14 09:30:00+00:00,PT60M,Bootcamp,Intermediate,29.0,29,True,Play Area,https://ourparks.org.uk/borough/bootcamp-109372,Harefield Village Green,UB9 6EG,Harefield,Harefield Village Green,GB,51.604697285476,-0.480577927343,Hillingdon,https://ourparks.org.uk/borough/hillingdon,Georgia
109373,Bootcamp,2027-01-21 08:30:00+00:00,2027-01-21 09:30:00+00:00,PT60M,Bootcamp,Intermediate,29.0,29,True,Play Area,https://ourparks.org.uk/borough/bootcamp-109373,Harefield Village Green,UB9 6EG,Harefield,Harefield Village Green,GB,51.604697285476,-0.480577927343,Hillingdon,https://ourparks.org.uk/borough/hillingdon,Georgia
109374,Bootcamp,2027-01-28 08:30:00+00:00,2027-01-28 09:30:00+00:00,PT60M,Bootcamp,Intermediate,29.0,29,True,Play Area,https://ourparks.org.uk/borough/bootcamp-109374,Harefield Village Green,UB9 6EG,Harefield,Harefield Village Green,GB,51.604697285476,-0.480577927343,Hillingdon,https://ourparks.org.uk/borough/hillingdon,Georgia
109375,Bootcamp,2027-02-04 08:30:00+00:00,2027-02-04 09:30:00+00:00,PT60M,Bootcamp,Intermediate,29.0,29,True,Play Area,https://ourparks.org.uk/borough/bootcamp-109375,Harefield Village Green,UB9 6EG,Harefield,Harefield Village Green,GB,51.604697285476,-0.480577927343,Hillingdon,https://ourparks.org.uk/borough/hillingdon,Georgia
109376,Bootcamp,2027-02-11 08:30:00+00:00,2027-02-11 09:30:00+00:00,PT60M,Bootcamp,Intermediate,29.0,29,True,Play Area,https://ourparks.org.uk/borough/bootcamp-109376,Harefield Village Green,UB9 6EG,Harefield,Harefield Village Green,GB,51.604697285476,-0.480577927343,Hillingdon,https://ourparks.org.uk/borough/hillingdon,Georgia
109377,Bootcamp,2027-02-18 08:30:00+00:00,2027-02-18 09:30:00+00:00,PT60M,Bootcamp,Intermediate,29.0,29,True,Play Area,https://ourparks.org.uk/borough/bootcamp-109377,Harefield Village Green,UB9 6EG,Harefield,Harefield Village Green,GB,51.604697285476,-0.480577927343,Hillingdon,https://ourparks.org.uk/borough/hillingdon,Georgia
109378,Bootcamp,2027-02-25 08:30:00+00:00,2027-02-25 09:30:00+00:00,PT60M,Bootcamp,Intermediate,29.0,29,True,Play Area,https://ourparks.org.uk/borough/bootcamp-109378,Harefield Village Green,UB9 6EG,Harefield,Harefield Village Green,GB,51.604697285476,-0.480577927343,Hillingdon,https://ourparks.org.uk/borough/hillingdon,Georgia
109379,Bootcamp,2027-03-04 08:30:00+00:00,2027-03-04 09:30:00+00:00,PT60M,Bootcamp,Intermediate,29.0,29,True,Play Area,https://ourparks.org.uk/borough/bootcamp-109379,Harefield Village Green,UB9 6EG,Harefield,Harefield Village Green,GB,51.604697285476,-0.480577927343,Hillingdon,https://ourparks.org.uk/borough/hillingdon,Georgia
109380,Bootcamp,2027-03-11 08:30:00+00:00,2027-03-11 09:30:00+00:00,PT60M,Bootcamp,Intermediate,29.0,29,True,Play Area,https://ourparks.org.uk/borough/bootcamp-109380,Harefield Village Green,UB9 6EG,Harefield,Harefield Village Green,GB,51.604697285476,-0.480577927343,Hillingdon,https://ourparks.org.uk/borough/hillingdon,Georgia
109381,Bootcamp,2027-03-18 08:30:00+00:00,2027-03-18 09:30:00+00:00,PT60M,Bootcamp,Intermediate,29.0,29,True,Play Area,https://ourparks.org.uk/borough/bootcamp-109381,Harefield Village Green,UB9 6EG,Harefield,Harefield Village Green,GB,51.604697285476,-0.480577927343,Hillingdon,https://ourparks.org.uk/borough/hillingdon,Georgia
109382,Bootcamp,2027-03-25 08:30:00+00:00,2027-03-25 09:30:00+00:00,PT60M,Bootcamp,Intermediate,29.0,29,True,Play Area,https://ourparks.org.uk/borough/bootcamp-109382,Harefield Village Green,UB9 6EG,Harefield,Harefield Village Green,GB,51.604697285476,-0.480577927343,Hillingdon,https://ourparks.org.uk/borough/hillingdon,Georgia
104855,Bootcamp,2026-04-07 09:30:00+00:00,2026-04-07 10:30:00+00:00,PT60M,Bootcamp,Intermediate,29.0,29,True,The Playground,https://ourparks.org.uk/borough/bootcamp-104855,Barra Hall Park,UB3 2NH,London,Barra Hill Park,GB,51.5179777,-0.4235929,Hillingdon,https://ourparks.org.uk/borough/hillingdon,Aliz
104856,Bootcamp,2026-04-14 09:30:00+00:00,2026-04-14 10:30:00+00:00,PT60M,Bootcamp,Intermediate,29.0,29,True,The Playground,https://ourparks.org.uk/borough/bootcamp-104856,Barra Hall Park,UB3 2NH,London,Barra Hill Park,GB,51.5179777,-0.4235929,Hillingdon,https://ourparks.org.uk/borough/hillingdon,Aliz
104857,Bootcamp,2026-04-21 09:30:00+00:00,2026-04-21 10:30:00+00:00,PT60M,Bootcamp,Intermediate,29.0,29,True,The Playground,https://ourparks.org.uk/borough/bootcamp-104857,Barra Hall Park,UB3 2NH,London,Barra Hill Park,GB,51.5179777,-0.4235929,Hillingdon,https://ourparks.org.uk/borough/hillingdon,Aliz
104858,Bootcamp,2026-04-28 09:30:00+00:00,2026-04-28 10:30:00+00:00,PT60M,Bootcamp,Intermediate,29.0,29,True,The Playground,https://ourparks.org.uk/borough/bootcamp-104858,Barra Hall Park,UB3 2NH,London,Barra Hill Park,GB,51.5179777,-0.4235929,Hillingdon,https://ourparks.org.uk/borough/hillingdon,Aliz
109383,Bootcamp,2026-05-05 09:30:00+00:00,2026-05-05 10:30:00+00:00,PT60M,Bootcamp,Intermediate,29.0,29,True,The Playground,https://ourparks.org.uk/borough/bootcamp-109383,Barra Hall Park,UB3 2NH,London,Barra Hill Park,GB,51.5179777,-0.4235929,Hillingdon,https://ourparks.org.uk/borough/hillingdon,Aliz
109384,Bootcamp,2026-05-12 09:30:00+00:00,2026-05-12 10:30:00+00:00,PT60M,Bootcamp,Intermediate,29.0,29,True,The Playground,https://ourparks.org.uk/borough/bootcamp-109384,Barra Hall Park,UB3 2NH,London,Barra Hill Park,GB,51.5179777,-0.4235929,Hillingdon,https://ourparks.org.uk/borough/hillingdon,Aliz
109385,Bootcamp,2026-05-19 09:30:00+00:00,2026-05-19 10:30:00+00:00,PT60M,Bootcamp,Intermediate,29.0,29,True,The Playground,https://ourparks.org.uk/borough/bootcamp-109385,Barra Hall Park,UB3 2NH,London,Barra Hill Park,GB,51.5179777,-0.4235929,Hillingdon,https://ourparks.org.uk/borough/hillingdon,Aliz
109386,Bootcamp,2026-05-26 09:30:00+00:00,2026-05-26 10:30:00+00:00,PT60M,Bootcamp,Intermediate,29.0,29,True,The Playground,https://ourparks.org.uk/borough/bootcamp-109386,Barra Hall Park,UB3 2NH,London,Barra Hill Park,GB,51.5179777,-0.4235929,Hillingdon,https://ourparks.org.uk/borough/hillingdon,Aliz
109387,Bootcamp,2026-06-02 09:30:00+00:00,2026-06-02 10:30:00+00:00,PT60M,Bootcamp,Intermediate,29.0,29,True,The Playground,https://ourparks.org.uk/borough/bootcamp-109387,Barra Hall Park,UB3 2NH,London,Barra Hill Park,GB,51.5179777,-0.4235929,Hillingdon,https://ourparks.org.uk/borough/hillingdon,Aliz
109388,Bootcamp,2026-06-09 09:30:00+00:00,2026-06-09 10:30:00+00:00,PT60M,Bootcamp,Intermediate,29.0,29,True,The Playground,https://ourparks.org.uk/borough/bootcamp-109388,Barra Hall Park,UB3 2NH,London,Barra Hill Park,GB,51.5179777,-0.4235929,Hillingdon,https://ourparks.org.uk/borough/hillingdon,Aliz
109389,Bootcamp,2026-06-16 09:30:00+00:00,2026-06-16 10:30:00+00:00,PT60M,Bootcamp,Intermediate,29.0,29,True,The Playground,https://ourparks.org.uk/borough/bootcamp-109389,Barra Hall Park,UB3 2NH,London,Barra Hill Park,GB,51.5179777,-0.4235929,Hillingdon,https://ourparks.org.uk/borough/hillingdon,Aliz
109390,Bootcamp,2026-06-23 09:30:00+00:00,2026-06-23 10:30:00+00:00,PT60M,Bootcamp,Intermediate,29.0,29,True,The Playground,https://ourparks.org.uk/borough/bootcamp-109390,Barra Hall Park,UB3 2NH,London,Barra Hill Park,GB,51.5179777,-0.4235929,Hillingdon,https://ourparks.org.uk/borough/hillingdon,Aliz
109391,Bootcamp,2026-06-30 09:30:00+00:00,2026-06-30 10:30:00+00:00,PT60M,Bootcamp,Intermediate,29.0,29,True,The Playground,https://ourparks.org.uk/borough/bootcamp-109391,Barra Hall Park,UB3 2NH,London,Barra Hill Park,GB,51.5179777,-0.4235929,Hillingdon,https://ourparks.org.uk/borough/hillingdon,Aliz
109392,Bootcamp,2026-07-07 09:30:00+00:00,2026-07-07 10:30:00+00:00,PT60M,Bootcamp,Intermediate,29.0,29,True,The Playground,https://ourparks.org.uk/borough/bootcamp-109392,Barra Hall Park,UB3 2NH,London,Barra Hill Park,GB,51.5179777,-0.4235929,Hillingdon,https://ourparks.org.uk/borough/hillingdon,Aliz
109393,Bootcamp,2026-07-14 09:30:00+00:00,2026-07-14 10:30:00+00:00,PT60M,Bootcamp,Intermediate,29.0,29,True,The Playground,https://ourparks.org.uk/borough/bootcamp-109393,Barra Hall Park,UB3 2NH,London,Barra Hill Park,GB,51.5179777,-0.4235929,Hillingdon,https://ourparks.org.uk/borough/hillingdon,Aliz
109394,Bootcamp,2026-07-21 09:30:00+00:00,2026-07-21 10:30:00+00:00,PT60M,Bootcamp,Intermediate,29.0,29,True,The Playground,https://ourparks.org.uk/borough/bootcamp-109394,Barra Hall Park,UB3 2NH,London,Barra Hill Park,GB,51.5179777,-0.4235929,Hillingdon,https://ourparks.org.uk/borough/hillingdon,Aliz
109395,Bootcamp,2026-07-28 09:30:00+00:00,2026-07-28 10:30:00+00:00,PT60M,Bootcamp,Intermediate,29.0,29,True,The Playground,https://ourparks.org.uk/borough/bootcamp-109395,Barra Hall Park,UB3 2NH,London,Barra Hill Park,GB,51.5179777,-0.4235929,Hillingdon,https://ourparks.org.uk/borough/hillingdon,Aliz
109396,Bootcamp,2026-08-04 09:30:00+00:00,2026-08-04 10:30:00+00:00,PT60M,Bootcamp,Intermediate,29.0,29,True,The Playground,https://ourparks.org.uk/borough/bootcamp-109396,Barra Hall Park,UB3 2NH,London,Barra Hill Park,GB,51.5179777,-0.4235929,Hillingdon,https://ourparks.org.uk/borough/hillingdon,Aliz
109397,Bootcamp,2026-08-11 09:30:00+00:00,2026-08-11 10:30:00+00:00,PT60M,Bootcamp,Intermediate,29.0,29,True,The Playground,https://ourparks.org.uk/borough/bootcamp-109397,Barra Hall Park,UB3 2NH,London,Barra Hill Park,GB,51.5179777,-0.4235929,Hillingdon,https://ourparks.org.uk/borough/hillingdon,Aliz
109398,Bootcamp,2026-08-18 09:30:00+00:00,2026-08-18 10:30:00+00:00,PT60M,Bootcamp,Intermediate,29.0,29,True,The Playground,https://ourparks.org.uk/borough/bootcamp-109398,Barra Hall Park,UB3 2NH,London,Barra Hill Park,GB,51.5179777,-0.4235929,Hillingdon,https://ourparks.org.uk/borough/hillingdon,Aliz
109399,Bootcamp,2026-08-25 09:30:00+00:00,2026-08-25 10:30:00+00:00,PT60M,Bootcamp,Intermediate,29.0,29,True,The Playground,https://ourparks.org.uk/borough/bootcamp-109399,Barra Hall Park,UB3 2NH,London,Barra Hill Park,GB,51.5179777,-0.4235929,Hillingdon,https://ourparks.org.uk/borough/hillingdon,Aliz
109400,Bootcamp,2026-09-01 09:30:00+00:00,2026-09-01 10:30:00+00:00,PT60M,Bootcamp,Intermediate,29.0,29,True,The Playground,https://ourparks.org.uk/borough/bootcamp-109400,Barra Hall Park,UB3 2NH,London,Barra Hill Park,GB,51.5179777,-0.4235929,Hillingdon,https://ourparks.org.uk/borough/hillingdon,Aliz
109401,Bootcamp,2026-09-08 09:30:00+00:00,2026-09-08 10:30:00+00:00,PT60M,Bootcamp,Intermediate,29.0,29,True,The Playground,https://ourparks.org.uk/borough/bootcamp-109401,Barra Hall Park,UB3 2NH,London,Barra Hill Park,GB,51.5179777,-0.4235929,Hillingdon,https://ourparks.org.uk/borough/hillingdon,Aliz
109402,Bootcamp,2026-09-15 09:30:00+00:00,2026-09-15 10:30:00+00:00,PT60M,Bootcamp,Intermediate,29.0,29,True,The Playground,https://ourparks.org.uk/borough/bootcamp-109402,Barra Hall Park,UB3 2NH,London,Barra Hill Park,GB,51.5179777,-0.4235929,Hillingdon,https://ourparks.org.uk/borough/hillingdon,Aliz
109403,Bootcamp,2026-09-22 09:30:00+00:00,2026-09-22 10:30:00+00:00,PT60M,Bootcamp,Intermediate,29.0,29,True,The Playground,https://ourparks.org.uk/borough/bootcamp-109403,Barra Hall Park,UB3 2NH,London,Barra Hill Park,GB,51.5179777,-0.4235929,Hillingdon,https://ourparks.org.uk/borough/hillingdon,Aliz
109404,Bootcamp,2026-09-29 09:30:00+00:00,2026-09-29 10:30:00+00:00,PT60M,Bootcamp,Intermediate,29.0,29,True,The Playground,https://ourparks.org.uk/borough/bootcamp-109404,Barra Hall Park,UB3 2NH,London,Barra Hill Park,GB,51.5179777,-0.4235929,Hillingdon,https://ourparks.org.uk/borough/hillingdon,Aliz
109405,Bootcamp,2026-10-06 09:30:00+00:00,2026-10-06 10:30:00+00:00,PT60M,Bootcamp,Intermediate,29.0,29,True,The Playground,https://ourparks.org.uk/borough/bootcamp-109405,Barra Hall Park,UB3 2NH,London,Barra Hill Park,GB,51.5179777,-0.4235929,Hillingdon,https://ourparks.org.uk/borough/hillingdon,Aliz
109406,Bootcamp,2026-10-13 09:30:00+00:00,2026-10-13 10:30:00+00:00,PT60M,Bootcamp,Intermediate,29.0,29,True,The Playground,https://ourparks.org.uk/borough/bootcamp-109406,Barra Hall Park,UB3 2NH,London,Barra Hill Park,GB,51.5179777,-0.4235929,Hillingdon,https://ourparks.org.uk/borough/hillingdon,Aliz
109407,Bootcamp,2026-10-20 09:30:00+00:00,2026-10-20 10:30:00+00:00,PT60M,Bootcamp,Intermediate,29.0,29,True,The Playground,https://ourparks.org.uk/borough/bootcamp-109407,Barra Hall Park,UB3 2NH,London,Barra Hill Park,GB,51.5179777,-0.4235929,Hillingdon,https://ourparks.org.uk/borough/hillingdon,Aliz
109408,Bootcamp,2026-10-27 09:30:00+00:00,2026-10-27 10:30:00+00:00,PT60M,Bootcamp,Intermediate,29.0,29,True,The Playground,https://ourparks.org.uk/borough/bootcamp-109408,Barra Hall Park,UB3 2NH,London,Barra Hill Park,GB,51.5179777,-0.4235929,Hillingdon,https://ourparks.org.uk/borough/hillingdon,Aliz
109409,Bootcamp,2026-11-03 09:30:00+00:00,2026-11-03 10:30:00+00:00,PT60M,Bootcamp,Intermediate,29.0,29,True,The Playground,https://ourparks.org.uk/borough/bootcamp-109409,Barra Hall Park,UB3 2NH,London,Barra Hill Park,GB,51.5179777,-0.4235929,Hillingdon,https://ourparks.org.uk/borough/hillingdon,Aliz
109410,Bootcamp,2026-11-10 09:30:00+00:00,2026-11-10 10:30:00+00:00,PT60M,Bootcamp,Intermediate,29.0,29,True,The Playground,https://ourparks.org.uk/borough/bootcamp-109410,Barra Hall Park,UB3 2NH,London,Barra Hill Park,GB,51.5179777,-0.4235929,Hillingdon,https://ourparks.org.uk/borough/hillingdon,Aliz
109411,Bootcamp,2026-11-17 09:30:00+00:00,2026-11-17 10:30:00+00:00,PT60M,Bootcamp,Intermediate,29.0,29,True,The Playground,https://ourparks.org.uk/borough/bootcamp-109411,Barra Hall Park,UB3 2NH,London,Barra Hill Park,GB,51.5179777,-0.4235929,Hillingdon,https://ourparks.org.uk/borough/hillingdon,Aliz
109412,Bootcamp,2026-11-24 09:30:00+00:00,2026-11-24 10:30:00+00:00,PT60M,Bootcamp,Intermediate,29.0,29,True,The Playground,https://ourparks.org.uk/borough/bootcamp-109412,Barra Hall Park,UB3 2NH,London,Barra Hill Park,GB,51.5179777,-0.4235929,Hillingdon,https://ourparks.org.uk/borough/hillingdon,Aliz
109413,Bootcamp,2026-12-01 09:30:00+00:00,2026-12-01 10:30:00+00:00,PT60M,Bootcamp,Intermediate,29.0,29,True,The Playground,https://ourparks.org.uk/borough/bootcamp-109413,Barra Hall Park,UB3 2NH,London,Barra Hill Park,GB,51.5179777,-0.4235929,Hillingdon,https://ourparks.org.uk/borough/hillingdon,Aliz
109414,Bootcamp,2026-12-08 09:30:00+00:00,2026-12-08 10:30:00+00:00,PT60M,Bootcamp,Intermediate,29.0,29,True,The Playground,https://ourparks.org.uk/borough/bootcamp-109414,Barra Hall Park,UB3 2NH,London,Barra Hill Park,GB,51.5179777,-0.4235929,Hillingdon,https://ourparks.org.uk/borough/hillingdon,Aliz
109415,Bootcamp,2026-12-15 09:30:00+00:00,2026-12-15 10:30:00+00:00,PT60M,Bootcamp,Intermediate,29.0,29,True,The Playground,https://ourparks.org.uk/borough/bootcamp-109415,Barra Hall Park,UB3 2NH,London,Barra Hill Park,GB,51.5179777,-0.4235929,Hillingdon,https://ourparks.org.uk/borough/hillingdon,Aliz
109418,Bootcamp,2027-01-05 09:30:00+00:00,2027-01-05 10:30:00+00:00,PT60M,Bootcamp,Intermediate,29.0,29,True,The Playground,https://ourparks.org.uk/borough/bootcamp-109418,Barra Hall Park,UB3 2NH,London,Barra Hill Park,GB,51.5179777,-0.4235929,Hillingdon,https://ourparks.org.uk/borough/hillingdon,Aliz
109419,Bootcamp,2027-01-12 09:30:00+00:00,2027-01-12 10:30:00+00:00,PT60M,Bootcamp,Intermediate,29.0,29,True,The Playground,https://ourparks.org.uk/borough/bootcamp-109419,Barra Hall Park,UB3 2NH,London,Barra Hill Park,GB,51.5179777,-0.4235929,Hillingdon,https://ourparks.org.uk/borough/hillingdon,Aliz
109420,Bootcamp,2027-01-19 09:30:00+00:00,2027-01-19 10:30:00+00:00,PT60M,Bootcamp,Intermediate,29.0,29,True,The Playground,https://ourparks.org.uk/borough/bootcamp-109420,Barra Hall Park,UB3 2NH,London,Barra Hill Park,GB,51.5179777,-0.4235929,Hillingdon,https://ourparks.org.uk/borough/hillingdon,Aliz
109421,Bootcamp,2027-01-26 09:30:00+00:00,2027-01-26 10:30:00+00:00,PT60M,Bootcamp,Intermediate,29.0,29,True,The Playground,https://ourparks.org.uk/borough/bootcamp-109421,Barra Hall Park,UB3 2NH,London,Barra Hill Park,GB,51.5179777,-0.4235929,Hillingdon,https://ourparks.org.uk/borough/hillingdon,Aliz
109422,Bootcamp,2027-02-02 09:30:00+00:00,2027-02-02 10:30:00+00:00,PT60M,Bootcamp,Intermediate,29.0,29,True,The Playground,https://ourparks.org.uk/borough/bootcamp-109422,Barra Hall Park,UB3 2NH,London,Barra Hill Park,GB,51.5179777,-0.4235929,Hillingdon,https://ourparks.org.uk/borough/hillingdon,Aliz
109423,Bootcamp,2027-02-09 09:30:00+00:00,2027-02-09 10:30:00+00:00,PT60M,Bootcamp,Intermediate,29.0,29,True,The Playground,https://ourparks.org.uk/borough/bootcamp-109423,Barra Hall Park,UB3 2NH,London,Barra Hill Park,GB,51.5179777,-0.4235929,Hillingdon,https://ourparks.org.uk/borough/hillingdon,Aliz
109424,Bootcamp,2027-02-16 09:30:00+00:00,2027-02-16 10:30:00+00:00,PT60M,Bootcamp,Intermediate,29.0,29,True,The Playground,https://ourparks.org.uk/borough/bootcamp-109424,Barra Hall Park,UB3 2NH,London,Barra Hill Park,GB,51.5179777,-0.4235929,Hillingdon,https://ourparks.org.uk/borough/hillingdon,Aliz
109425,Bootcamp,2027-02-23 09:30:00+00:00,2027-02-23 10:30:00+00:00,PT60M,Bootcamp,Intermediate,29.0,29,True,The Playground,https://ourparks.org.uk/borough/bootcamp-109425,Barra Hall Park,UB3 2NH,London,Barra Hill Park,GB,51.5179777,-0.4235929,Hillingdon,https://ourparks.org.uk/borough/hillingdon,Aliz
109426,Bootcamp,2027-03-02 09:30:00+00:00,2027-03-02 10:30:00+00:00,PT60M,Bootcamp,Intermediate,29.0,29,True,The Playground,https://ourparks.org.uk/borough/bootcamp-109426,Barra Hall Park,UB3 2NH,London,Barra Hill Park,GB,51.5179777,-0.4235929,Hillingdon,https://ourparks.org.uk/borough/hillingdon,Aliz
109427,Bootcamp,2027-03-09 09:30:00+00:00,2027-03-09 10:30:00+00:00,PT60M,Bootcamp,Intermediate,29.0,29,True,The Playground,https://ourparks.org.uk/borough/bootcamp-109427,Barra Hall Park,UB3 2NH,London,Barra Hill Park,GB,51.5179777,-0.4235929,Hillingdon,https://ourparks.org.uk/borough/hillingdon,Aliz
109428,Bootcamp,2027-03-16 09:30:00+00:00,2027-03-16 10:30:00+00:00,PT60M,Bootcamp,Intermediate,29.0,29,True,The Playground,https://ourparks.org.uk/borough/bootcamp-109428,Barra Hall Park,UB3 2NH,London,Barra Hill Park,GB,51.5179777,-0.4235929,Hillingdon,https://ourparks.org.uk/borough/hillingdon,Aliz
109429,Bootcamp,2027-03-23 09:30:00+00:00,2027-03-23 10:30:00+00:00,PT60M,Bootcamp,Intermediate,29.0,29,True,The Playground,https://ourparks.org.uk/borough/bootcamp-109429,Barra Hall Park,UB3 2NH,London,Barra Hill Park,GB,51.5179777,-0.4235929,Hillingdon,https://ourparks.org.uk/borough/hillingdon,Aliz
109430,Bootcamp,2027-03-30 09:30:00+00:00,2027-03-30 10:30:00+00:00,PT60M,Bootcamp,Intermediate,29.0,29,True,The Playground,https://ourparks.org.uk/borough/bootcamp-109430,Barra Hall Park,UB3 2NH,London,Barra Hill Park,GB,51.5179777,-0.4235929,Hillingdon,https://ourparks.org.uk/borough/hillingdon,Aliz
109431,Bootcamp,2026-04-04 09:00:00+00:00,2026-04-04 10:00:00+00:00,PT60M,Bootcamp,Intermediate,29.0,29,True,By the Outdoor Gym,https://ourparks.org.uk/borough/bootcamp-109431,Hillingdon Court Park,UB10 9NT,Uxbridge,Court Park,GB,51.542145414625,-0.453846634192,Hillingdon,https://ourparks.org.uk/borough/hillingdon,Sheila
109432,Bootcamp,2026-04-11 09:00:00+00:00,2026-04-11 10:00:00+00:00,PT60M,Bootcamp,Intermediate,29.0,29,True,By the Outdoor Gym,https://ourparks.org.uk/borough/bootcamp-109432,Hillingdon Court Park,UB10 9NT,Uxbridge,Court Park,GB,51.542145414625,-0.453846634192,Hillingdon,https://ourparks.org.uk/borough/hillingdon,Sheila
109433,Bootcamp,2026-04-18 09:00:00+00:00,2026-04-18 10:00:00+00:00,PT60M,Bootcamp,Intermediate,29.0,29,True,By the Outdoor Gym,https://ourparks.org.uk/borough/bootcamp-109433,Hillingdon Court Park,UB10 9NT,Uxbridge,Court Park,GB,51.542145414625,-0.453846634192,Hillingdon,https://ourparks.org.uk/borough/hillingdon,Sheila
109434,Bootcamp,2026-04-25 09:00:00+00:00,2026-04-25 10:00:00+00:00,PT60M,Bootcamp,Intermediate,29.0,29,True,By the Outdoor Gym,https://ourparks.org.uk/borough/bootcamp-109434,Hillingdon Court Park,UB10 9NT,Uxbridge,Court Park,GB,51.542145414625,-0.453846634192,Hillingdon,https://ourparks.org.uk/borough/hillingdon,Sheila
109435,Bootcamp,2026-05-02 09:00:00+00:00,2026-05-02 10:00:00+00:00,PT60M,Bootcamp,Intermediate,29.0,29,True,By the Outdoor Gym,https://ourparks.org.uk/borough/bootcamp-109435,Hillingdon Court Park,UB10 9NT,Uxbridge,Court Park,GB,51.542145414625,-0.453846634192,Hillingdon,https://ourparks.org.uk/borough/hillingdon,Sheila
109436,Bootcamp,2026-05-09 09:00:00+00:00,2026-05-09 10:00:00+00:00,PT60M,Bootcamp,Intermediate,29.0,29,True,By the Outdoor Gym,https://ourparks.org.uk/borough/bootcamp-109436,Hillingdon Court Park,UB10 9NT,Uxbridge,Court Park,GB,51.542145414625,-0.453846634192,Hillingdon,https://ourparks.org.uk/borough/hillingdon,Sheila
109437,Bootcamp,2026-05-16 09:00:00+00:00,2026-05-16 10:00:00+00:00,PT60M,Bootcamp,Intermediate,29.0,29,True,By the Outdoor Gym,https://ourparks.org.uk/borough/bootcamp-109437,Hillingdon Court Park,UB10 9NT,Uxbridge,Court Park,GB,51.542145414625,-0.453846634192,Hillingdon,https://ourparks.org.uk/borough/hillingdon,Sheila
109438,Bootcamp,2026-05-23 09:00:00+00:00,2026-05-23 10:00:00+00:00,PT60M,Bootcamp,Intermediate,29.0,29,True,By the Outdoor Gym,https://ourparks.org.uk/borough/bootcamp-109438,Hillingdon Court Park,UB10 9NT,Uxbridge,Court Park,GB,51.542145414625,-0.453846634192,Hillingdon,https://ourparks.org.uk/borough/hillingdon,Sheila
109441,Bootcamp,2026-06-13 09:00:00+00:00,2026-06-13 10:00:00+00:00,PT60M,Bootcamp,Intermediate,29.0,29,True,By the Outdoor Gym,https://ourparks.org.uk/borough/bootcamp-109441,Hillingdon Court Park,UB10 9NT,Uxbridge,Court Park,GB,51.542145414625,-0.453846634192,Hillingdon,https://ourparks.org.uk/borough/hillingdon,Sheila
109442,Bootcamp,2026-06-20 09:00:00+00:00,2026-06-20 10:00:00+00:00,PT60M,Bootcamp,Intermediate,29.0,29,True,By the Outdoor Gym,https://ourparks.org.uk/borough/bootcamp-109442,Hillingdon Court Park,UB10 9NT,Uxbridge,Court Park,GB,51.542145414625,-0.453846634192,Hillingdon,https://ourparks.org.uk/borough/hillingdon,Sheila
109445,Bootcamp,2026-07-11 09:00:00+00:00,2026-07-11 10:00:00+00:00,PT60M,Bootcamp,Intermediate,29.0,29,True,By the Outdoor Gym,https://ourparks.org.uk/borough/bootcamp-109445,Hillingdon Court Park,UB10 9NT,Uxbridge,Court Park,GB,51.542145414625,-0.453846634192,Hillingdon,https://ourparks.org.uk/borough/hillingdon,Sheila
109446,Bootcamp,2026-07-18 09:00:00+00:00,2026-07-18 10:00:00+00:00,PT60M,Bootcamp,Intermediate,29.0,29,True,By the Outdoor Gym,https://ourparks.org.uk/borough/bootcamp-109446,Hillingdon Court Park,UB10 9NT,Uxbridge,Court Park,GB,51.542145414625,-0.453846634192,Hillingdon,https://ourparks.org.uk/borough/hillingdon,Sheila
109447,Bootcamp,2026-07-25 09:00:00+00:00,2026-07-25 10:00:00+00:00,PT60M,Bootcamp,Intermediate,29.0,29,True,By the Outdoor Gym,https://ourparks.org.uk/borough/bootcamp-109447,Hillingdon Court Park,UB10 9NT,Uxbridge,Court Park,GB,51.542145414625,-0.453846634192,Hillingdon,https://ourparks.org.uk/borough/hillingdon,Sheila
109448,Bootcamp,2026-08-01 09:00:00+00:00,2026-08-01 10:00:00+00:00,PT60M,Bootcamp,Intermediate,29.0,29,True,By the Outdoor Gym,https://ourparks.org.uk/borough/bootcamp-109448,Hillingdon Court Park,UB10 9NT,Uxbridge,Court Park,GB,51.542145414625,-0.453846634192,Hillingdon,https://ourparks.org.uk/borough/hillingdon,Sheila
109449,Bootcamp,2026-08-08 09:00:00+00:00,2026-08-08 10:00:00+00:00,PT60M,Bootcamp,Intermediate,29.0,29,True,By the Outdoor Gym,https://ourparks.org.uk/borough/bootcamp-109449,Hillingdon Court Park,UB10 9NT,Uxbridge,Court Park,GB,51.542145414625,-0.453846634192,Hillingdon,https://ourparks.org.uk/borough/hillingdon,Sheila
109450,Bootcamp,2026-08-15 09:00:00+00:00,2026-08-15 10:00:00+00:00,PT60M,Bootcamp,Intermediate,29.0,29,True,By the Outdoor Gym,https://ourparks.org.uk/borough/bootcamp-109450,Hillingdon Court Park,UB10 9NT,Uxbridge,Court Park,GB,51.542145414625,-0.453846634192,Hillingdon,https://ourparks.org.uk/borough/hillingdon,Sheila
109451,Bootcamp,2026-08-22 09:00:00+00:00,2026-08-22 10:00:00+00:00,PT60M,Bootcamp,Intermediate,29.0,29,True,By the Outdoor Gym,https://ourparks.org.uk/borough/bootcamp-109451,Hillingdon Court Park,UB10 9NT,Uxbridge,Court Park,GB,51.542145414625,-0.453846634192,Hillingdon,https://ourparks.org.uk/borough/hillingdon,Sheila
109452,Bootcamp,2026-08-29 09:00:00+00:00,2026-08-29 10:00:00+00:00,PT60M,Bootcamp,Intermediate,29.0,29,True,By the Outdoor Gym,https://ourparks.org.uk/borough/bootcamp-109452,Hillingdon Court Park,UB10 9NT,Uxbridge,Court Park,GB,51.542145414625,-0.453846634192,Hillingdon,https://ourparks.org.uk/borough/hillingdon,Sheila
109453,Bootcamp,2026-09-05 09:00:00+00:00,2026-09-05 10:00:00+00:00,PT60M,Bootcamp,Intermediate,29.0,29,True,By the Outdoor Gym,https://ourparks.org.uk/borough/bootcamp-109453,Hillingdon Court Park,UB10 9NT,Uxbridge,Court Park,GB,51.542145414625,-0.453846634192,Hillingdon,https://ourparks.org.uk/borough/hillingdon,Sheila
109454,Bootcamp,2026-09-12 09:00:00+00:00,2026-09-12 10:00:00+00:00,PT60M,Bootcamp,Intermediate,29.0,29,True,By the Outdoor Gym,https://ourparks.org.uk/borough/bootcamp-109454,Hillingdon Court Park,UB10 9NT,Uxbridge,Court Park,GB,51.542145414625,-0.453846634192,Hillingdon,https://ourparks.org.uk/borough/hillingdon,Sheila
109455,Bootcamp,2026-09-19 09:00:00+00:00,2026-09-19 10:00:00+00:00,PT60M,Bootcamp,Intermediate,29.0,29,True,By the Outdoor Gym,https://ourparks.org.uk/borough/bootcamp-109455,Hillingdon Court Park,UB10 9NT,Uxbridge,Court Park,GB,51.542145414625,-0.453846634192,Hillingdon,https://ourparks.org.uk/borough/hillingdon,Sheila
109456,Bootcamp,2026-09-26 09:00:00+00:00,2026-09-26 10:00:00+00:00,PT60M,Bootcamp,Intermediate,29.0,29,True,By the Outdoor Gym,https://ourparks.org.uk/borough/bootcamp-109456,Hillingdon Court Park,UB10 9NT,Uxbridge,Court Park,GB,51.542145414625,-0.453846634192,Hillingdon,https://ourparks.org.uk/borough/hillingdon,Sheila
109457,Bootcamp,2026-10-03 09:00:00+00:00,2026-10-03 10:00:00+00:00,PT60M,Bootcamp,Intermediate,29.0,29,True,By the Outdoor Gym,https://ourparks.org.uk/borough/bootcamp-109457,Hillingdon Court Park,UB10 9NT,Uxbridge,Court Park,GB,51.542145414625,-0.453846634192,Hillingdon,https://ourparks.org.uk/borough/hillingdon,Sheila
109458,Bootcamp,2026-10-10 09:00:00+00:00,2026-10-10 10:00:00+00:00,PT60M,Bootcamp,Intermediate,29.0,29,True,By the Outdoor Gym,https://ourparks.org.uk/borough/bootcamp-109458,Hillingdon Court Park,UB10 9NT,Uxbridge,Court Park,GB,51.542145414625,-0.453846634192,Hillingdon,https://ourparks.org.uk/borough/hillingdon,Sheila
109459,Bootcamp,2026-10-17 09:00:00+00:00,2026-10-17 10:00:00+00:00,PT60M,Bootcamp,Intermediate,29.0,29,True,By the Outdoor Gym,https://ourparks.org.uk/borough/bootcamp-109459,Hillingdon Court Park,UB10 9NT,Uxbridge,Court Park,GB,51.542145414625,-0.453846634192,Hillingdon,https://ourparks.org.uk/borough/hillingdon,Sheila
109460,Bootcamp,2026-10-24 09:00:00+00:00,2026-10-24 10:00:00+00:00,PT60M,Bootcamp,Intermediate,29.0,29,True,By the Outdoor Gym,https://ourparks.org.uk/borough/bootcamp-109460,Hillingdon Court Park,UB10 9NT,Uxbridge,Court Park,GB,51.542145414625,-0.453846634192,Hillingdon,https://ourparks.org.uk/borough/hillingdon,Sheila
109461,Bootcamp,2026-10-31 09:00:00+00:00,2026-10-31 10:00:00+00:00,PT60M,Bootcamp,Intermediate,29.0,29,True,By the Outdoor Gym,https://ourparks.org.uk/borough/bootcamp-109461,Hillingdon Court Park,UB10 9NT,Uxbridge,Court Park,GB,51.542145414625,-0.453846634192,Hillingdon,https://ourparks.org.uk/borough/hillingdon,Sheila
109462,Bootcamp,2026-11-07 09:00:00+00:00,2026-11-07 10:00:00+00:00,PT60M,Bootcamp,Intermediate,29.0,29,True,By the Outdoor Gym,https://ourparks.org.uk/borough/bootcamp-109462,Hillingdon Court Park,UB10 9NT,Uxbridge,Court Park,GB,51.542145414625,-0.453846634192,Hillingdon,https://ourparks.org.uk/borough/hillingdon,Sheila
109463,Bootcamp,2026-11-14 09:00:00+00:00,2026-11-14 10:00:00+00:00,PT60M,Bootcamp,Intermediate,29.0,29,True,By the Outdoor Gym,https://ourparks.org.uk/borough/bootcamp-109463,Hillingdon Court Park,UB10 9NT,Uxbridge,Court Park,GB,51.542145414625,-0.453846634192,Hillingdon,https://ourparks.org.uk/borough/hillingdon,Sheila
109464,Bootcamp,2026-11-21 09:00:00+00:00,2026-11-21 10:00:00+00:00,PT60M,Bootcamp,Intermediate,29.0,29,True,By the Outdoor Gym,https://ourparks.org.uk/borough/bootcamp-109464,Hillingdon Court Park,UB10 9NT,Uxbridge,Court Park,GB,51.542145414625,-0.453846634192,Hillingdon,https://ourparks.org.uk/borough/hillingdon,Sheila
109465,Bootcamp,2026-11-28 09:00:00+00:00,2026-11-28 10:00:00+00:00,PT60M,Bootcamp,Intermediate,29.0,29,True,By the Outdoor Gym,https://ourparks.org.uk/borough/bootcamp-109465,Hillingdon Court Park,UB10 9NT,Uxbridge,Court Park,GB,51.542145414625,-0.453846634192,Hillingdon,https://ourparks.org.uk/borough/hillingdon,Sheila
109466,Bootcamp,2026-12-05 09:00:00+00:00,2026-12-05 10:00:00+00:00,PT60M,Bootcamp,Intermediate,29.0,29,True,By the Outdoor Gym,https://ourparks.org.uk/borough/bootcamp-109466,Hillingdon Court Park,UB10 9NT,Uxbridge,Court Park,GB,51.542145414625,-0.453846634192,Hillingdon,https://ourparks.org.uk/borough/hillingdon,Sheila
109467,Bootcamp,2026-12-12 09:00:00+00:00,2026-12-12 10:00:00+00:00,PT60M,Bootcamp,Intermediate,29.0,29,True,By the Outdoor Gym,https://ourparks.org.uk/borough/bootcamp-109467,Hillingdon Court Park,UB10 9NT,Uxbridge,Court Park,GB,51.542145414625,-0.453846634192,Hillingdon,https://ourparks.org.uk/borough/hillingdon,Sheila
109468,Bootcamp,2026-12-19 09:00:00+00:00,2026-12-19 10:00:00+00:00,PT60M,Bootcamp,Intermediate,29.0,29,True,By the Outdoor Gym,https://ourparks.org.uk/borough/bootcamp-109468,Hillingdon Court Park,UB10 9NT,Uxbridge,Court Park,GB,51.542145414625,-0.453846634192,Hillingdon,https://ourparks.org.uk/borough/hillingdon,Sheila
109471,Bootcamp,2027-01-09 09:00:00+00:00,2027-01-09 10:00:00+00:00,PT60M,Bootcamp,Intermediate,29.0,29,True,By the Outdoor Gym,https://ourparks.org.uk/borough/bootcamp-109471,Hillingdon Court Park,UB10 9NT,Uxbridge,Court Park,GB,51.542145414625,-0.453846634192,Hillingdon,https://ourparks.org.uk/borough/hillingdon,Sheila
109472,Bootcamp,2027-01-16 09:00:00+00:00,2027-01-16 10:00:00+00:00,PT60M,Bootcamp,Intermediate,29.0,29,True,By the Outdoor Gym,https://ourparks.org.uk/borough/bootcamp-109472,Hillingdon Court Park,UB10 9NT,Uxbridge,Court Park,GB,51.542145414625,-0.453846634192,Hillingdon,https://ourparks.org.uk/borough/hillingdon,Sheila
109473,Bootcamp,2027-01-23 09:00:00+00:00,2027-01-23 10:00:00+00:00,PT60M,Bootcamp,Intermediate,29.0,29,True,By the Outdoor Gym,https://ourparks.org.uk/borough/bootcamp-109473,Hillingdon Court Park,UB10 9NT,Uxbridge,Court Park,GB,51.542145414625,-0.453846634192,Hillingdon,https://ourparks.org.uk/borough/hillingdon,Sheila
109474,Bootcamp,2027-01-30 09:00:00+00:00,2027-01-30 10:00:00+00:00,PT60M,Bootcamp,Intermediate,29.0,29,True,By the Outdoor Gym,https://ourparks.org.uk/borough/bootcamp-109474,Hillingdon Court Park,UB10 9NT,Uxbridge,Court Park,GB,51.542145414625,-0.453846634192,Hillingdon,https://ourparks.org.uk/borough/hillingdon,Sheila
109475,Bootcamp,2027-02-06 09:00:00+00:00,2027-02-06 10:00:00+00:00,PT60M,Bootcamp,Intermediate,29.0,29,True,By the Outdoor Gym,https://ourparks.org.uk/borough/bootcamp-109475,Hillingdon Court Park,UB10 9NT,Uxbridge,Court Park,GB,51.542145414625,-0.453846634192,Hillingdon,https://ourparks.org.uk/borough/hillingdon,Sheila
109476,Bootcamp,2027-02-13 09:00:00+00:00,2027-02-13 10:00:00+00:00,PT60M,Bootcamp,Intermediate,29.0,29,True,By the Outdoor Gym,https://ourparks.org.uk/borough/bootcamp-109476,Hillingdon Court Park,UB10 9NT,Uxbridge,Court Park,GB,51.542145414625,-0.453846634192,Hillingdon,https://ourparks.org.uk/borough/hillingdon,Sheila
109477,Bootcamp,2027-02-20 09:00:00+00:00,2027-02-20 10:00:00+00:00,PT60M,Bootcamp,Intermediate,29.0,29,True,By the Outdoor Gym,https://ourparks.org.uk/borough/bootcamp-109477,Hillingdon Court Park,UB10 9NT,Uxbridge,Court Park,GB,51.542145414625,-0.453846634192,Hillingdon,https://ourparks.org.uk/borough/hillingdon,Sheila
109478,Bootcamp,2027-02-27 09:00:00+00:00,2027-02-27 10:00:00+00:00,PT60M,Bootcamp,Intermediate,29.0,29,True,By the Outdoor Gym,https://ourparks.org.uk/borough/bootcamp-109478,Hillingdon Court Park,UB10 9NT,Uxbridge,Court Park,GB,51.542145414625,-0.453846634192,Hillingdon,https://ourparks.org.uk/borough/hillingdon,Sheila
109479,Bootcamp,2027-03-06 09:00:00+00:00,2027-03-06 10:00:00+00:00,PT60M,Bootcamp,Intermediate,29.0,29,True,By the Outdoor Gym,https://ourparks.org.uk/borough/bootcamp-109479,Hillingdon Court Park,UB10 9NT,Uxbridge,Court Park,GB,51.542145414625,-0.453846634192,Hillingdon,https://ourparks.org.uk/borough/hillingdon,Sheila
109480,Bootcamp,2027-03-13 09:00:00+00:00,2027-03-13 10:00:00+00:00,PT60M,Bootcamp,Intermediate,29.0,29,True,By the Outdoor Gym,https://ourparks.org.uk/borough/bootcamp-109480,Hillingdon Court Park,UB10 9NT,Uxbridge,Court Park,GB,51.542145414625,-0.453846634192,Hillingdon,https://ourparks.org.uk/borough/hillingdon,Sheila
109481,Bootcamp,2027-03-20 09:00:00+00:00,2027-03-20 10:00:00+00:00,PT60M,Bootcamp,Intermediate,29.0,29,True,By the Outdoor Gym,https://ourparks.org.uk/borough/bootcamp-109481,Hillingdon Court Park,UB10 9NT,Uxbridge,Court Park,GB,51.542145414625,-0.453846634192,Hillingdon,https://ourparks.org.uk/borough/hillingdon,Sheila
109482,Bootcamp,2027-03-27 09:00:00+00:00,2027-03-27 10:00:00+00:00,PT60M,Bootcamp,Intermediate,29.0,29,True,By the Outdoor Gym,https://ourparks.org.uk/borough/bootcamp-109482,Hillingdon Court Park,UB10 9NT,Uxbridge,Court Park,GB,51.542145414625,-0.453846634192,Hillingdon,https://ourparks.org.uk/borough/hillingdon,Sheila
109338,Bootcamp,2026-05-21 08:30:00+00:00,2026-05-21 09:30:00+00:00,PT60M,Bootcamp,Intermediate,29.0,29,True,Play Area,https://ourparks.org.uk/borough/bootcamp-109338,Harefield Village Green,UB9 6EG,Harefield,Harefield Village Green,GB,51.604697285476,-0.480577927343,Hillingdon,https://ourparks.org.uk/borough/hillingdon,Sheila
109339,Bootcamp,2026-05-28 08:30:00+00:00,2026-05-28 09:30:00+00:00,PT60M,Bootcamp,Intermediate,29.0,29,True,Play Area,https://ourparks.org.uk/borough/bootcamp-109339,Harefield Village Green,UB9 6EG,Harefield,Harefield Village Green,GB,51.604697285476,-0.480577927343,Hillingdon,https://ourparks.org.uk/borough/hillingdon,Sheila
109340,Bootcamp,2026-06-04 08:30:00+00:00,2026-06-04 09:30:00+00:00,PT60M,Bootcamp,Intermediate,29.0,29,True,Play Area,https://ourparks.org.uk/borough/bootcamp-109340,Harefield Village Green,UB9 6EG,Harefield,Harefield Village Green,GB,51.604697285476,-0.480577927343,Hillingdon,https://ourparks.org.uk/borough/hillingdon,Sheila
109349,Bootcamp,2026-08-06 08:30:00+00:00,2026-08-06 09:30:00+00:00,PT60M,Bootcamp,Intermediate,29.0,29,True,Play Area,https://ourparks.org.uk/borough/bootcamp-109349,Harefield Village Green,UB9 6EG,Harefield,Harefield Village Green,GB,51.604697285476,-0.480577927343,Hillingdon,https://ourparks.org.uk/borough/hillingdon,Sheila
107834,Rise & shine Glute Buster,2026-04-03 06:30:00+00:00,2026-04-03 07:30:00+00:00,PT60M,Abs/Core,Intermediate,0.0,0,True,Your streaming device,https://ourparks.org.uk/borough/rise-shine-glute-buster-107834,Our Parks Live,KT2 7EW,London,10 London Mews,GB,51.5161826,-0.1735317,All UK,https://ourparks.org.uk/borough/all-uk,Shahna
107835,Rise & shine Glute Buster,2026-04-10 06:30:00+00:00,2026-04-10 07:30:00+00:00,PT60M,Abs/Core,Intermediate,0.0,0,True,Your streaming device,https://ourparks.org.uk/borough/rise-shine-glute-buster-107835,Our Parks Live,KT2 7EW,London,10 London Mews,GB,51.5161826,-0.1735317,All UK,https://ourparks.org.uk/borough/all-uk,Shahna
107836,Rise & shine Glute Buster,2026-04-17 06:30:00+00:00,2026-04-17 07:30:00+00:00,PT60M,Abs/Core,Intermediate,0.0,0,True,Your streaming device,https://ourparks.org.uk/borough/rise-shine-glute-buster-107836,Our Parks Live,KT2 7EW,London,10 London Mews,GB,51.5161826,-0.1735317,All UK,https://ourparks.org.uk/borough/all-uk,Shahna
107837,Rise & shine Glute Buster,2026-04-24 06:30:00+00:00,2026-04-24 07:30:00+00:00,PT60M,Abs/Core,Intermediate,0.0,0,True,Your streaming device,https://ourparks.org.uk/borough/rise-shine-glute-buster-107837,Our Parks Live,KT2 7EW,London,10 London Mews,GB,51.5161826,-0.1735317,All UK,https://ourparks.org.uk/borough/all-uk,Shahna
107838,Rise & shine Glute Buster,2026-05-01 06:30:00+00:00,2026-05-01 07:30:00+00:00,PT60M,Abs/Core,Intermediate,0.0,0,True,Your streaming device,https://ourparks.org.uk/borough/rise-shine-glute-buster-107838,Our Parks Live,KT2 7EW,London,10 London Mews,GB,51.5161826,-0.1735317,All UK,https://ourparks.org.uk/borough/all-uk,Shahna
107839,Rise & shine Glute Buster,2026-05-08 06:30:00+00:00,2026-05-08 07:30:00+00:00,PT60M,Abs/Core,Intermediate,0.0,0,True,Your streaming device,https://ourparks.org.uk/borough/rise-shine-glute-buster-107839,Our Parks Live,KT2 7EW,London,10 London Mews,GB,51.5161826,-0.1735317,All UK,https://ourparks.org.uk/borough/all-uk,Shahna
107840,Rise & shine Glute Buster,2026-05-15 06:30:00+00:00,2026-05-15 07:30:00+00:00,PT60M,Abs/Core,Intermediate,0.0,0,True,Your streaming device,https://ourparks.org.uk/borough/rise-shine-glute-buster-107840,Our Parks Live,KT2 7EW,London,10 London Mews,GB,51.5161826,-0.1735317,All UK,https://ourparks.org.uk/borough/all-uk,Shahna
107841,Rise & shine Glute Buster,2026-05-22 06:30:00+00:00,2026-05-22 07:30:00+00:00,PT60M,Abs/Core,Intermediate,0.0,0,True,Your streaming device,https://ourparks.org.uk/borough/rise-shine-glute-buster-107841,Our Parks Live,KT2 7EW,London,10 London Mews,GB,51.5161826,-0.1735317,All UK,https://ourparks.org.uk/borough/all-uk,Shahna
107842,Rise & shine Glute Buster,2026-05-29 06:30:00+00:00,2026-05-29 07:30:00+00:00,PT60M,Abs/Core,Intermediate,0.0,0,True,Your streaming device,https://ourparks.org.uk/borough/rise-shine-glute-buster-107842,Our Parks Live,KT2 7EW,London,10 London Mews,GB,51.5161826,-0.1735317,All UK,https://ourparks.org.uk/borough/all-uk,Shahna
107843,Rise & shine Glute Buster,2026-06-05 06:30:00+00:00,2026-06-05 07:30:00+00:00,PT60M,Abs/Core,Intermediate,0.0,0,True,Your streaming device,https://ourparks.org.uk/borough/rise-shine-glute-buster-107843,Our Parks Live,KT2 7EW,London,10 London Mews,GB,51.5161826,-0.1735317,All UK,https://ourparks.org.uk/borough/all-uk,Shahna
107844,Rise & shine Glute Buster,2026-06-12 06:30:00+00:00,2026-06-12 07:30:00+00:00,PT60M,Abs/Core,Intermediate,0.0,0,True,Your streaming device,https://ourparks.org.uk/borough/rise-shine-glute-buster-107844,Our Parks Live,KT2 7EW,London,10 London Mews,GB,51.5161826,-0.1735317,All UK,https://ourparks.org.uk/borough/all-uk,Shahna
107845,Rise & shine Glute Buster,2026-06-19 06:30:00+00:00,2026-06-19 07:30:00+00:00,PT60M,Abs/Core,Intermediate,0.0,0,True,Your streaming device,https://ourparks.org.uk/borough/rise-shine-glute-buster-107845,Our Parks Live,KT2 7EW,London,10 London Mews,GB,51.5161826,-0.1735317,All UK,https://ourparks.org.uk/borough/all-uk,Shahna
107846,Rise & shine Glute Buster,2026-06-26 06:30:00+00:00,2026-06-26 07:30:00+00:00,PT60M,Abs/Core,Intermediate,0.0,0,True,Your streaming device,https://ourparks.org.uk/borough/rise-shine-glute-buster-107846,Our Parks Live,KT2 7EW,London,10 London Mews,GB,51.5161826,-0.1735317,All UK,https://ourparks.org.uk/borough/all-uk,Shahna
107847,Rise & shine Glute Buster,2026-07-03 06:30:00+00:00,2026-07-03 07:30:00+00:00,PT60M,Abs/Core,Intermediate,0.0,0,True,Your streaming device,https://ourparks.org.uk/borough/rise-shine-glute-buster-107847,Our Parks Live,KT2 7EW,London,10 London Mews,GB,51.5161826,-0.1735317,All UK,https://ourparks.org.uk/borough/all-uk,Shahna
107848,Rise & shine Glute Buster,2026-07-10 06:30:00+00:00,2026-07-10 07:30:00+00:00,PT60M,Abs/Core,Intermediate,0.0,0,True,Your streaming device,https://ourparks.org.uk/borough/rise-shine-glute-buster-107848,Our Parks Live,KT2 7EW,London,10 London Mews,GB,51.5161826,-0.1735317,All UK,https://ourparks.org.uk/borough/all-uk,Shahna
107849,Rise & shine Glute Buster,2026-07-17 06:30:00+00:00,2026-07-17 07:30:00+00:00,PT60M,Abs/Core,Intermediate,0.0,0,True,Your streaming device,https://ourparks.org.uk/borough/rise-shine-glute-buster-107849,Our Parks Live,KT2 7EW,London,10 London Mews,GB,51.5161826,-0.1735317,All UK,https://ourparks.org.uk/borough/all-uk,Shahna
107850,Rise & shine Glute Buster,2026-07-24 06:30:00+00:00,2026-07-24 07:30:00+00:00,PT60M,Abs/Core,Intermediate,0.0,0,True,Your streaming device,https://ourparks.org.uk/borough/rise-shine-glute-buster-107850,Our Parks Live,KT2 7EW,London,10 London Mews,GB,51.5161826,-0.1735317,All UK,https://ourparks.org.uk/borough/all-uk,Shahna
107851,Rise & shine Glute Buster,2026-07-31 06:30:00+00:00,2026-07-31 07:30:00+00:00,PT60M,Abs/Core,Intermediate,0.0,0,True,Your streaming device,https://ourparks.org.uk/borough/rise-shine-glute-buster-107851,Our Parks Live,KT2 7EW,London,10 London Mews,GB,51.5161826,-0.1735317,All UK,https://ourparks.org.uk/borough/all-uk,Shahna
107852,Rise & shine Glute Buster,2026-08-07 06:30:00+00:00,2026-08-07 07:30:00+00:00,PT60M,Abs/Core,Intermediate,0.0,0,True,Your streaming device,https://ourparks.org.uk/borough/rise-shine-glute-buster-107852,Our Parks Live,KT2 7EW,London,10 London Mews,GB,51.5161826,-0.1735317,All UK,https://ourparks.org.uk/borough/all-uk,Shahna
107853,Rise & shine Glute Buster,2026-08-14 06:30:00+00:00,2026-08-14 07:30:00+00:00,PT60M,Abs/Core,Intermediate,0.0,0,True,Your streaming device,https://ourparks.org.uk/borough/rise-shine-glute-buster-107853,Our Parks Live,KT2 7EW,London,10 London Mews,GB,51.5161826,-0.1735317,All UK,https://ourparks.org.uk/borough/all-uk,Shahna
107854,Rise & shine Glute Buster,2026-08-21 06:30:00+00:00,2026-08-21 07:30:00+00:00,PT60M,Abs/Core,Intermediate,0.0,0,True,Your streaming device,https://ourparks.org.uk/borough/rise-shine-glute-buster-107854,Our Parks Live,KT2 7EW,London,10 London Mews,GB,51.5161826,-0.1735317,All UK,https://ourparks.org.uk/borough/all-uk,Shahna
107855,Rise & shine Glute Buster,2026-08-28 06:30:00+00:00,2026-08-28 07:30:00+00:00,PT60M,Abs/Core,Intermediate,0.0,0,True,Your streaming device,https://ourparks.org.uk/borough/rise-shine-glute-buster-107855,Our Parks Live,KT2 7EW,London,10 London Mews,GB,51.5161826,-0.1735317,All UK,https://ourparks.org.uk/borough/all-uk,Shahna
107856,Rise & shine Glute Buster,2026-09-04 06:30:00+00:00,2026-09-04 07:30:00+00:00,PT60M,Abs/Core,Intermediate,0.0,0,True,Your streaming device,https://ourparks.org.uk/borough/rise-shine-glute-buster-107856,Our Parks Live,KT2 7EW,London,10 London Mews,GB,51.5161826,-0.1735317,All UK,https://ourparks.org.uk/borough/all-uk,Shahna
107857,Rise & shine Glute Buster,2026-09-11 06:30:00+00:00,2026-09-11 07:30:00+00:00,PT60M,Abs/Core,Intermediate,0.0,0,True,Your streaming device,https://ourparks.org.uk/borough/rise-shine-glute-buster-107857,Our Parks Live,KT2 7EW,London,10 London Mews,GB,51.5161826,-0.1735317,All UK,https://ourparks.org.uk/borough/all-uk,Shahna
107858,Rise & shine Glute Buster,2026-09-18 06:30:00+00:00,2026-09-18 07:30:00+00:00,PT60M,Abs/Core,Intermediate,0.0,0,True,Your streaming device,https://ourparks.org.uk/borough/rise-shine-glute-buster-107858,Our Parks Live,KT2 7EW,London,10 London Mews,GB,51.5161826,-0.1735317,All UK,https://ourparks.org.uk/borough/all-uk,Shahna
107859,Rise & shine Glute Buster,2026-09-25 06:30:00+00:00,2026-09-25 07:30:00+00:00,PT60M,Abs/Core,Intermediate,0.0,0,True,Your streaming device,https://ourparks.org.uk/borough/rise-shine-glute-buster-107859,Our Parks Live,KT2 7EW,London,10 London Mews,GB,51.5161826,-0.1735317,All UK,https://ourparks.org.uk/borough/all-uk,Shahna
107860,Rise & shine Glute Buster,2026-10-02 06:30:00+00:00,2026-10-02 07:30:00+00:00,PT60M,Abs/Core,Intermediate,0.0,0,True,Your streaming device,https://ourparks.org.uk/borough/rise-shine-glute-buster-107860,Our Parks Live,KT2 7EW,London,10 London Mews,GB,51.5161826,-0.1735317,All UK,https://ourparks.org.uk/borough/all-uk,Shahna
107861,Rise & shine Glute Buster,2026-10-09 06:30:00+00:00,2026-10-09 07:30:00+00:00,PT60M,Abs/Core,Intermediate,0.0,0,True,Your streaming device,https://ourparks.org.uk/borough/rise-shine-glute-buster-107861,Our Parks Live,KT2 7EW,London,10 London Mews,GB,51.5161826,-0.1735317,All UK,https://ourparks.org.uk/borough/all-uk,Shahna
107862,Rise & shine Glute Buster,2026-10-16 06:30:00+00:00,2026-10-16 07:30:00+00:00,PT60M,Abs/Core,Intermediate,0.0,0,True,Your streaming device,https://ourparks.org.uk/borough/rise-shine-glute-buster-107862,Our Parks Live,KT2 7EW,London,10 London Mews,GB,51.5161826,-0.1735317,All UK,https://ourparks.org.uk/borough/all-uk,Shahna
107863,Rise & shine Glute Buster,2026-10-23 06:30:00+00:00,2026-10-23 07:30:00+00:00,PT60M,Abs/Core,Intermediate,0.0,0,True,Your streaming device,https://ourparks.org.uk/borough/rise-shine-glute-buster-107863,Our Parks Live,KT2 7EW,London,10 London Mews,GB,51.5161826,-0.1735317,All UK,https://ourparks.org.uk/borough/all-uk,Shahna
107864,Rise & shine Glute Buster,2026-10-30 06:30:00+00:00,2026-10-30 07:30:00+00:00,PT60M,Abs/Core,Intermediate,0.0,0,True,Your streaming device,https://ourparks.org.uk/borough/rise-shine-glute-buster-107864,Our Parks Live,KT2 7EW,London,10 London Mews,GB,51.5161826,-0.1735317,All UK,https://ourparks.org.uk/borough/all-uk,Shahna
107865,Rise & shine Glute Buster,2026-11-06 06:30:00+00:00,2026-11-06 07:30:00+00:00,PT60M,Abs/Core,Intermediate,0.0,0,True,Your streaming device,https://ourparks.org.uk/borough/rise-shine-glute-buster-107865,Our Parks Live,KT2 7EW,London,10 London Mews,GB,51.5161826,-0.1735317,All UK,https://ourparks.org.uk/borough/all-uk,Shahna
107866,Rise & shine Glute Buster,2026-11-13 06:30:00+00:00,2026-11-13 07:30:00+00:00,PT60M,Abs/Core,Intermediate,0.0,0,True,Your streaming device,https://ourparks.org.uk/borough/rise-shine-glute-buster-107866,Our Parks Live,KT2 7EW,London,10 London Mews,GB,51.5161826,-0.1735317,All UK,https://ourparks.org.uk/borough/all-uk,Shahna
107867,Rise & shine Glute Buster,2026-11-20 06:30:00+00:00,2026-11-20 07:30:00+00:00,PT60M,Abs/Core,Intermediate,0.0,0,True,Your streaming device,https://ourparks.org.uk/borough/rise-shine-glute-buster-107867,Our Parks Live,KT2 7EW,London,10 London Mews,GB,51.5161826,-0.1735317,All UK,https://ourparks.org.uk/borough/all-uk,Shahna
107868,Rise & shine Glute Buster,2026-11-27 06:30:00+00:00,2026-11-27 07:30:00+00:00,PT60M,Abs/Core,Intermediate,0.0,0,True,Your streaming device,https://ourparks.org.uk/borough/rise-shine-glute-buster-107868,Our Parks Live,KT2 7EW,London,10 London Mews,GB,51.5161826,-0.1735317,All UK,https://ourparks.org.uk/borough/all-uk,Shahna
107869,Rise & shine Glute Buster,2026-12-04 06:30:00+00:00,2026-12-04 07:30:00+00:00,PT60M,Abs/Core,Intermediate,0.0,0,True,Your streaming device,https://ourparks.org.uk/borough/rise-shine-glute-buster-107869,Our Parks Live,KT2 7EW,London,10 London Mews,GB,51.5161826,-0.1735317,All UK,https://ourparks.org.uk/borough/all-uk,Shahna
107870,Rise & shine Glute Buster,2026-12-11 06:30:00+00:00,2026-12-11 07:30:00+00:00,PT60M,Abs/Core,Intermediate,0.0,0,True,Your streaming device,https://ourparks.org.uk/borough/rise-shine-glute-buster-107870,Our Parks Live,KT2 7EW,London,10 London Mews,GB,51.5161826,-0.1735317,All UK,https://ourparks.org.uk/borough/all-uk,Shahna
107871,Rise & shine Glute Buster,2026-12-18 06:30:00+00:00,2026-12-18 07:30:00+00:00,PT60M,Abs/Core,Intermediate,0.0,0,True,Your streaming device,https://ourparks.org.uk/borough/rise-shine-glute-buster-107871,Our Parks Live,KT2 7EW,London,10 London Mews,GB,51.5161826,-0.1735317,All UK,https://ourparks.org.uk/borough/all-uk,Shahna
107872,Rise & shine Glute Buster,2026-12-25 06:30:00+00:00,2026-12-25 07:30:00+00:00,PT60M,Abs/Core,Intermediate,0.0,0,True,Your streaming device,https://ourparks.org.uk/borough/rise-shine-glute-buster-107872,Our Parks Live,KT2 7EW,London,10 London Mews,GB,51.5161826,-0.1735317,All UK,https://ourparks.org.uk/borough/all-uk,Shahna
109486,Strength & Toning,2026-04-01 09:00:00+00:00,2026-04-01 10:00:00+00:00,PT60M,Bootcamp,Intermediate,29.0,29,True,Outfield - Hampton Hill Cricket Club,https://ourparks.org.uk/borough/strength-toning-109486,Bushy Park,TW12 1PA,Hampton Hill,The Pavilion Bushy Park,GB,51.425916856098,-0.356162815432,The Royal Parks,https://ourparks.org.uk/borough/royal-parks,Liza
109487,Strength & Toning,2026-04-08 09:00:00+00:00,2026-04-08 10:00:00+00:00,PT60M,Bootcamp,Intermediate,29.0,29,True,Outfield - Hampton Hill Cricket Club,https://ourparks.org.uk/borough/strength-toning-109487,Bushy Park,TW12 1PA,Hampton Hill,The Pavilion Bushy Park,GB,51.425916856098,-0.356162815432,The Royal Parks,https://ourparks.org.uk/borough/royal-parks,Liza
109488,Strength & Toning,2026-04-15 09:00:00+00:00,2026-04-15 10:00:00+00:00,PT60M,Bootcamp,Intermediate,29.0,29,True,Outfield - Hampton Hill Cricket Club,https://ourparks.org.uk/borough/strength-toning-109488,Bushy Park,TW12 1PA,Hampton Hill,The Pavilion Bushy Park,GB,51.425916856098,-0.356162815432,The Royal Parks,https://ourparks.org.uk/borough/royal-parks,Liza
109489,Strength & Toning,2026-04-22 09:00:00+00:00,2026-04-22 10:00:00+00:00,PT60M,Bootcamp,Intermediate,29.0,29,True,Outfield - Hampton Hill Cricket Club,https://ourparks.org.uk/borough/strength-toning-109489,Bushy Park,TW12 1PA,Hampton Hill,The Pavilion Bushy Park,GB,51.425916856098,-0.356162815432,The Royal Parks,https://ourparks.org.uk/borough/royal-parks,Liza
109490,Strength & Toning,2026-04-29 09:00:00+00:00,2026-04-29 10:00:00+00:00,PT60M,Bootcamp,Intermediate,29.0,29,True,Outfield - Hampton Hill Cricket Club,https://ourparks.org.uk/borough/strength-toning-109490,Bushy Park,TW12 1PA,Hampton Hill,The Pavilion Bushy Park,GB,51.425916856098,-0.356162815432,The Royal Parks,https://ourparks.org.uk/borough/royal-parks,Liza
109491,Strength & Toning,2026-05-06 09:00:00+00:00,2026-05-06 10:00:00+00:00,PT60M,Bootcamp,Intermediate,29.0,29,True,Outfield - Hampton Hill Cricket Club,https://ourparks.org.uk/borough/strength-toning-109491,Bushy Park,TW12 1PA,Hampton Hill,The Pavilion Bushy Park,GB,51.425916856098,-0.356162815432,The Royal Parks,https://ourparks.org.uk/borough/royal-parks,Liza
109493,Strength & Toning,2026-05-20 09:00:00+00:00,2026-05-20 10:00:00+00:00,PT60M,Bootcamp,Intermediate,29.0,29,True,Outfield - Hampton Hill Cricket Club,https://ourparks.org.uk/borough/strength-toning-109493,Bushy Park,TW12 1PA,Hampton Hill,The Pavilion Bushy Park,GB,51.425916856098,-0.356162815432,The Royal Parks,https://ourparks.org.uk/borough/royal-parks,Liza
109494,Strength & Toning,2026-05-27 09:00:00+00:00,2026-05-27 10:00:00+00:00,PT60M,Bootcamp,Intermediate,29.0,29,True,Outfield - Hampton Hill Cricket Club,https://ourparks.org.uk/borough/strength-toning-109494,Bushy Park,TW12 1PA,Hampton Hill,The Pavilion Bushy Park,GB,51.425916856098,-0.356162815432,The Royal Parks,https://ourparks.org.uk/borough/royal-parks,Liza
109495,Strength & Toning,2026-06-03 09:00:00+00:00,2026-06-03 10:00:00+00:00,PT60M,Bootcamp,Intermediate,29.0,29,True,Outfield - Hampton Hill Cricket Club,https://ourparks.org.uk/borough/strength-toning-109495,Bushy Park,TW12 1PA,Hampton Hill,The Pavilion Bushy Park,GB,51.425916856098,-0.356162815432,The Royal Parks,https://ourparks.org.uk/borough/royal-parks,Liza
109496,Strength & Toning,2026-06-10 09:00:00+00:00,2026-06-10 10:00:00+00:00,PT60M,Bootcamp,Intermediate,29.0,29,True,Outfield - Hampton Hill Cricket Club,https://ourparks.org.uk/borough/strength-toning-109496,Bushy Park,TW12 1PA,Hampton Hill,The Pavilion Bushy Park,GB,51.425916856098,-0.356162815432,The Royal Parks,https://ourparks.org.uk/borough/royal-parks,Liza
109497,Strength & Toning,2026-06-17 09:00:00+00:00,2026-06-17 10:00:00+00:00,PT60M,Bootcamp,Intermediate,29.0,29,True,Outfield - Hampton Hill Cricket Club,https://ourparks.org.uk/borough/strength-toning-109497,Bushy Park,TW12 1PA,Hampton Hill,The Pavilion Bushy Park,GB,51.425916856098,-0.356162815432,The Royal Parks,https://ourparks.org.uk/borough/royal-parks,Liza
109498,Strength & Toning,2026-06-24 09:00:00+00:00,2026-06-24 10:00:00+00:00,PT60M,Bootcamp,Intermediate,29.0,29,True,Outfield - Hampton Hill Cricket Club,https://ourparks.org.uk/borough/strength-toning-109498,Bushy Park,TW12 1PA,Hampton Hill,The Pavilion Bushy Park,GB,51.425916856098,-0.356162815432,The Royal Parks,https://ourparks.org.uk/borough/royal-parks,Liza
109499,Strength & Toning,2026-07-01 09:00:00+00:00,2026-07-01 10:00:00+00:00,PT60M,Bootcamp,Intermediate,29.0,29,True,Outfield - Hampton Hill Cricket Club,https://ourparks.org.uk/borough/strength-toning-109499,Bushy Park,TW12 1PA,Hampton Hill,The Pavilion Bushy Park,GB,51.425916856098,-0.356162815432,The Royal Parks,https://ourparks.org.uk/borough/royal-parks,Liza
109500,Strength & Toning,2026-07-08 09:00:00+00:00,2026-07-08 10:00:00+00:00,PT60M,Bootcamp,Intermediate,29.0,29,True,Outfield - Hampton Hill Cricket Club,https://ourparks.org.uk/borough/strength-toning-109500,Bushy Park,TW12 1PA,Hampton Hill,The Pavilion Bushy Park,GB,51.425916856098,-0.356162815432,The Royal Parks,https://ourparks.org.uk/borough/royal-parks,Liza
109501,Strength & Toning,2026-07-15 09:00:00+00:00,2026-07-15 10:00:00+00:00,PT60M,Bootcamp,Intermediate,29.0,29,True,Outfield - Hampton Hill Cricket Club,https://ourparks.org.uk/borough/strength-toning-109501,Bushy Park,TW12 1PA,Hampton Hill,The Pavilion Bushy Park,GB,51.425916856098,-0.356162815432,The Royal Parks,https://ourparks.org.uk/borough/royal-parks,Liza
109502,Strength & Toning,2026-07-22 09:00:00+00:00,2026-07-22 10:00:00+00:00,PT60M,Bootcamp,Intermediate,29.0,29,True,Outfield - Hampton Hill Cricket Club,https://ourparks.org.uk/borough/strength-toning-109502,Bushy Park,TW12 1PA,Hampton Hill,The Pavilion Bushy Park,GB,51.425916856098,-0.356162815432,The Royal Parks,https://ourparks.org.uk/borough/royal-parks,Liza
109503,Strength & Toning,2026-07-29 09:00:00+00:00,2026-07-29 10:00:00+00:00,PT60M,Bootcamp,Intermediate,29.0,29,True,Outfield - Hampton Hill Cricket Club,https://ourparks.org.uk/borough/strength-toning-109503,Bushy Park,TW12 1PA,Hampton Hill,The Pavilion Bushy Park,GB,51.425916856098,-0.356162815432,The Royal Parks,https://ourparks.org.uk/borough/royal-parks,Liza
109504,Strength & Toning,2026-08-05 09:00:00+00:00,2026-08-05 10:00:00+00:00,PT60M,Bootcamp,Intermediate,29.0,29,True,Outfield - Hampton Hill Cricket Club,https://ourparks.org.uk/borough/strength-toning-109504,Bushy Park,TW12 1PA,Hampton Hill,The Pavilion Bushy Park,GB,51.425916856098,-0.356162815432,The Royal Parks,https://ourparks.org.uk/borough/royal-parks,Liza
109505,Strength & Toning,2026-08-12 09:00:00+00:00,2026-08-12 10:00:00+00:00,PT60M,Bootcamp,Intermediate,29.0,29,True,Outfield - Hampton Hill Cricket Club,https://ourparks.org.uk/borough/strength-toning-109505,Bushy Park,TW12 1PA,Hampton Hill,The Pavilion Bushy Park,GB,51.425916856098,-0.356162815432,The Royal Parks,https://ourparks.org.uk/borough/royal-parks,Liza
109506,Strength & Toning,2026-08-19 09:00:00+00:00,2026-08-19 10:00:00+00:00,PT60M,Bootcamp,Intermediate,29.0,29,True,Outfield - Hampton Hill Cricket Club,https://ourparks.org.uk/borough/strength-toning-109506,Bushy Park,TW12 1PA,Hampton Hill,The Pavilion Bushy Park,GB,51.425916856098,-0.356162815432,The Royal Parks,https://ourparks.org.uk/borough/royal-parks,Liza
109507,Strength & Toning,2026-08-26 09:00:00+00:00,2026-08-26 10:00:00+00:00,PT60M,Bootcamp,Intermediate,29.0,29,True,Outfield - Hampton Hill Cricket Club,https://ourparks.org.uk/borough/strength-toning-109507,Bushy Park,TW12 1PA,Hampton Hill,The Pavilion Bushy Park,GB,51.425916856098,-0.356162815432,The Royal Parks,https://ourparks.org.uk/borough/royal-parks,Liza
109508,Strength & Toning,2026-09-02 09:00:00+00:00,2026-09-02 10:00:00+00:00,PT60M,Bootcamp,Intermediate,29.0,29,True,Outfield - Hampton Hill Cricket Club,https://ourparks.org.uk/borough/strength-toning-109508,Bushy Park,TW12 1PA,Hampton Hill,The Pavilion Bushy Park,GB,51.425916856098,-0.356162815432,The Royal Parks,https://ourparks.org.uk/borough/royal-parks,Liza
109509,Strength & Toning,2026-09-09 09:00:00+00:00,2026-09-09 10:00:00+00:00,PT60M,Bootcamp,Intermediate,29.0,29,True,Outfield - Hampton Hill Cricket Club,https://ourparks.org.uk/borough/strength-toning-109509,Bushy Park,TW12 1PA,Hampton Hill,The Pavilion Bushy Park,GB,51.425916856098,-0.356162815432,The Royal Parks,https://ourparks.org.uk/borough/royal-parks,Liza
109510,Strength & Toning,2026-09-16 09:00:00+00:00,2026-09-16 10:00:00+00:00,PT60M,Bootcamp,Intermediate,29.0,29,True,Outfield - Hampton Hill Cricket Club,https://ourparks.org.uk/borough/strength-toning-109510,Bushy Park,TW12 1PA,Hampton Hill,The Pavilion Bushy Park,GB,51.425916856098,-0.356162815432,The Royal Parks,https://ourparks.org.uk/borough/royal-parks,Liza
109511,Strength & Toning,2026-09-23 09:00:00+00:00,2026-09-23 10:00:00+00:00,PT60M,Bootcamp,Intermediate,29.0,29,True,Outfield - Hampton Hill Cricket Club,https://ourparks.org.uk/borough/strength-toning-109511,Bushy Park,TW12 1PA,Hampton Hill,The Pavilion Bushy Park,GB,51.425916856098,-0.356162815432,The Royal Parks,https://ourparks.org.uk/borough/royal-parks,Liza
109512,Strength & Toning,2026-09-30 09:00:00+00:00,2026-09-30 10:00:00+00:00,PT60M,Bootcamp,Intermediate,29.0,29,True,Outfield - Hampton Hill Cricket Club,https://ourparks.org.uk/borough/strength-toning-109512,Bushy Park,TW12 1PA,Hampton Hill,The Pavilion Bushy Park,GB,51.425916856098,-0.356162815432,The Royal Parks,https://ourparks.org.uk/borough/royal-parks,Liza
109513,Strength & Toning,2026-10-07 09:00:00+00:00,2026-10-07 10:00:00+00:00,PT60M,Bootcamp,Intermediate,29.0,29,True,Outfield - Hampton Hill Cricket Club,https://ourparks.org.uk/borough/strength-toning-109513,Bushy Park,TW12 1PA,Hampton Hill,The Pavilion Bushy Park,GB,51.425916856098,-0.356162815432,The Royal Parks,https://ourparks.org.uk/borough/royal-parks,Liza
109514,Strength & Toning,2026-10-14 09:00:00+00:00,2026-10-14 10:00:00+00:00,PT60M,Bootcamp,Intermediate,29.0,29,True,Outfield - Hampton Hill Cricket Club,https://ourparks.org.uk/borough/strength-toning-109514,Bushy Park,TW12 1PA,Hampton Hill,The Pavilion Bushy Park,GB,51.425916856098,-0.356162815432,The Royal Parks,https://ourparks.org.uk/borough/royal-parks,Liza
109515,Strength & Toning,2026-10-21 09:00:00+00:00,2026-10-21 10:00:00+00:00,PT60M,Bootcamp,Intermediate,29.0,29,True,Outfield - Hampton Hill Cricket Club,https://ourparks.org.uk/borough/strength-toning-109515,Bushy Park,TW12 1PA,Hampton Hill,The Pavilion Bushy Park,GB,51.425916856098,-0.356162815432,The Royal Parks,https://ourparks.org.uk/borough/royal-parks,Liza
109544,Full Body Workout,2026-04-05 09:00:00+00:00,2026-04-05 10:00:00+00:00,PT60M,Bootcamp,Intermediate,29.0,29,True,By the Physical Energy Statue,https://ourparks.org.uk/borough/full-body-workout-109544,Kensington Gardens,W2 3JH,London,NW corner of Kensington Gardens,GB,51.506987,-0.179165,The Royal Parks,https://ourparks.org.uk/borough/royal-parks,Tristan
109545,Full Body Workout,2026-04-12 09:00:00+00:00,2026-04-12 10:00:00+00:00,PT60M,Bootcamp,Intermediate,29.0,29,True,By the Physical Energy Statue,https://ourparks.org.uk/borough/full-body-workout-109545,Kensington Gardens,W2 3JH,London,NW corner of Kensington Gardens,GB,51.506987,-0.179165,The Royal Parks,https://ourparks.org.uk/borough/royal-parks,Tristan
109546,Full Body Workout,2026-04-19 09:00:00+00:00,2026-04-19 10:00:00+00:00,PT60M,Bootcamp,Intermediate,29.0,29,True,By the Physical Energy Statue,https://ourparks.org.uk/borough/full-body-workout-109546,Kensington Gardens,W2 3JH,London,NW corner of Kensington Gardens,GB,51.506987,-0.179165,The Royal Parks,https://ourparks.org.uk/borough/royal-parks,Tristan
109547,Full Body Workout,2026-04-26 09:00:00+00:00,2026-04-26 10:00:00+00:00,PT60M,Bootcamp,Intermediate,29.0,29,True,By the Physical Energy Statue,https://ourparks.org.uk/borough/full-body-workout-109547,Kensington Gardens,W2 3JH,London,NW corner of Kensington Gardens,GB,51.506987,-0.179165,The Royal Parks,https://ourparks.org.uk/borough/royal-parks,Tristan
109548,Full Body Workout,2026-05-03 09:00:00+00:00,2026-05-03 10:00:00+00:00,PT60M,Bootcamp,Intermediate,29.0,29,True,By the Physical Energy Statue,https://ourparks.org.uk/borough/full-body-workout-109548,Kensington Gardens,W2 3JH,London,NW corner of Kensington Gardens,GB,51.506987,-0.179165,The Royal Parks,https://ourparks.org.uk/borough/royal-parks,Tristan
109553,Full Body Workout,2026-06-07 09:00:00+00:00,2026-06-07 10:00:00+00:00,PT60M,Bootcamp,Intermediate,29.0,29,True,By the Physical Energy Statue,https://ourparks.org.uk/borough/full-body-workout-109553,Kensington Gardens,W2 3JH,London,NW corner of Kensington Gardens,GB,51.506987,-0.179165,The Royal Parks,https://ourparks.org.uk/borough/royal-parks,Tristan
109558,Full Body Workout,2026-07-12 09:00:00+00:00,2026-07-12 10:00:00+00:00,PT60M,Bootcamp,Intermediate,29.0,29,True,By the Physical Energy Statue,https://ourparks.org.uk/borough/full-body-workout-109558,Kensington Gardens,W2 3JH,London,NW corner of Kensington Gardens,GB,51.506987,-0.179165,The Royal Parks,https://ourparks.org.uk/borough/royal-parks,Tristan
109559,Full Body Workout,2026-07-19 09:00:00+00:00,2026-07-19 10:00:00+00:00,PT60M,Bootcamp,Intermediate,29.0,29,True,By the Physical Energy Statue,https://ourparks.org.uk/borough/full-body-workout-109559,Kensington Gardens,W2 3JH,London,NW corner of Kensington Gardens,GB,51.506987,-0.179165,The Royal Parks,https://ourparks.org.uk/borough/royal-parks,Tristan
109560,Full Body Workout,2026-07-26 09:00:00+00:00,2026-07-26 10:00:00+00:00,PT60M,Bootcamp,Intermediate,29.0,29,True,By the Physical Energy Statue,https://ourparks.org.uk/borough/full-body-workout-109560,Kensington Gardens,W2 3JH,London,NW corner of Kensington Gardens,GB,51.506987,-0.179165,The Royal Parks,https://ourparks.org.uk/borough/royal-parks,Tristan
109561,Full Body Workout,2026-08-02 09:00:00+00:00,2026-08-02 10:00:00+00:00,PT60M,Bootcamp,Intermediate,29.0,29,True,By the Physical Energy Statue,https://ourparks.org.uk/borough/full-body-workout-109561,Kensington Gardens,W2 3JH,London,NW corner of Kensington Gardens,GB,51.506987,-0.179165,The Royal Parks,https://ourparks.org.uk/borough/royal-parks,Tristan
109562,Full Body Workout,2026-08-09 09:00:00+00:00,2026-08-09 10:00:00+00:00,PT60M,Bootcamp,Intermediate,29.0,29,True,By the Physical Energy Statue,https://ourparks.org.uk/borough/full-body-workout-109562,Kensington Gardens,W2 3JH,London,NW corner of Kensington Gardens,GB,51.506987,-0.179165,The Royal Parks,https://ourparks.org.uk/borough/royal-parks,Tristan
109563,Full Body Workout,2026-08-16 09:00:00+00:00,2026-08-16 10:00:00+00:00,PT60M,Bootcamp,Intermediate,29.0,29,True,By the Physical Energy Statue,https://ourparks.org.uk/borough/full-body-workout-109563,Kensington Gardens,W2 3JH,London,NW corner of Kensington Gardens,GB,51.506987,-0.179165,The Royal Parks,https://ourparks.org.uk/borough/royal-parks,Tristan
109564,Full Body Workout,2026-08-23 09:00:00+00:00,2026-08-23 10:00:00+00:00,PT60M,Bootcamp,Intermediate,29.0,29,True,By the Physical Energy Statue,https://ourparks.org.uk/borough/full-body-workout-109564,Kensington Gardens,W2 3JH,London,NW corner of Kensington Gardens,GB,51.506987,-0.179165,The Royal Parks,https://ourparks.org.uk/borough/royal-parks,Tristan
109565,Full Body Workout,2026-08-30 09:00:00+00:00,2026-08-30 10:00:00+00:00,PT60M,Bootcamp,Intermediate,29.0,29,True,By the Physical Energy Statue,https://ourparks.org.uk/borough/full-body-workout-109565,Kensington Gardens,W2 3JH,London,NW corner of Kensington Gardens,GB,51.506987,-0.179165,The Royal Parks,https://ourparks.org.uk/borough/royal-parks,Tristan
109566,Full Body Workout,2026-09-06 09:00:00+00:00,2026-09-06 10:00:00+00:00,PT60M,Bootcamp,Intermediate,29.0,29,True,By the Physical Energy Statue,https://ourparks.org.uk/borough/full-body-workout-109566,Kensington Gardens,W2 3JH,London,NW corner of Kensington Gardens,GB,51.506987,-0.179165,The Royal Parks,https://ourparks.org.uk/borough/royal-parks,Tristan
109567,Full Body Workout,2026-09-13 09:00:00+00:00,2026-09-13 10:00:00+00:00,PT60M,Bootcamp,Intermediate,29.0,29,True,By the Physical Energy Statue,https://ourparks.org.uk/borough/full-body-workout-109567,Kensington Gardens,W2 3JH,London,NW corner of Kensington Gardens,GB,51.506987,-0.179165,The Royal Parks,https://ourparks.org.uk/borough/royal-parks,Tristan
109568,Full Body Workout,2026-09-20 09:00:00+00:00,2026-09-20 10:00:00+00:00,PT60M,Bootcamp,Intermediate,29.0,29,True,By the Physical Energy Statue,https://ourparks.org.uk/borough/full-body-workout-109568,Kensington Gardens,W2 3JH,London,NW corner of Kensington Gardens,GB,51.506987,-0.179165,The Royal Parks,https://ourparks.org.uk/borough/royal-parks,Tristan
109569,Full Body Workout,2026-09-27 09:00:00+00:00,2026-09-27 10:00:00+00:00,PT60M,Bootcamp,Intermediate,29.0,29,True,By the Physical Energy Statue,https://ourparks.org.uk/borough/full-body-workout-109569,Kensington Gardens,W2 3JH,London,NW corner of Kensington Gardens,GB,51.506987,-0.179165,The Royal Parks,https://ourparks.org.uk/borough/royal-parks,Tristan
109570,Full Body Workout,2026-10-04 09:00:00+00:00,2026-10-04 10:00:00+00:00,PT60M,Bootcamp,Intermediate,29.0,29,True,By the Physical Energy Statue,https://ourparks.org.uk/borough/full-body-workout-109570,Kensington Gardens,W2 3JH,London,NW corner of Kensington Gardens,GB,51.506987,-0.179165,The Royal Parks,https://ourparks.org.uk/borough/royal-parks,Tristan
109571,Full Body Workout,2026-10-11 09:00:00+00:00,2026-10-11 10:00:00+00:00,PT60M,Bootcamp,Intermediate,29.0,29,True,By the Physical Energy Statue,https://ourparks.org.uk/borough/full-body-workout-109571,Kensington Gardens,W2 3JH,London,NW corner of Kensington Gardens,GB,51.506987,-0.179165,The Royal Parks,https://ourparks.org.uk/borough/royal-parks,Tristan
109572,Full Body Workout,2026-10-18 09:00:00+00:00,2026-10-18 10:00:00+00:00,PT60M,Bootcamp,Intermediate,29.0,29,True,By the Physical Energy Statue,https://ourparks.org.uk/borough/full-body-workout-109572,Kensington Gardens,W2 3JH,London,NW corner of Kensington Gardens,GB,51.506987,-0.179165,The Royal Parks,https://ourparks.org.uk/borough/royal-parks,Tristan
109573,Full Body Workout,2026-10-25 09:00:00+00:00,2026-10-25 10:00:00+00:00,PT60M,Bootcamp,Intermediate,29.0,29,True,By the Physical Energy Statue,https://ourparks.org.uk/borough/full-body-workout-109573,Kensington Gardens,W2 3JH,London,NW corner of Kensington Gardens,GB,51.506987,-0.179165,The Royal Parks,https://ourparks.org.uk/borough/royal-parks,Tristan
106948,"Abs, Bums & Thighs (ABT)",2026-03-29 09:00:00+00:00,2026-03-29 10:00:00+00:00,PT60M,Abs/Core,Intermediate,29.0,29,True,By the cafe,https://ourparks.org.uk/borough/abs-bums-thighs-abt-106948,Roundwood Park,NW10 3RT,Brent,Roundwood Park,GB,51.5420062,-0.2403952,Brent,https://ourparks.org.uk/borough/brent-0,Patrizia
109576,Beginners Bootcamp,2026-04-09 08:00:00+00:00,2026-04-09 09:00:00+00:00,PT60M,Bootcamp,Intermediate,29.0,29,True,Green space across Lee Valley Park Bridge,https://ourparks.org.uk/borough/beginners-bootcamp-109576,Walthamstow Marshes,E10 7QL,London,Lea Bridge Road,GB,51.564823676338,-0.045328683324,Waltham Forest,https://ourparks.org.uk/borough/waltham-forest,Iona
109577,Beginners Bootcamp,2026-04-16 08:00:00+00:00,2026-04-16 09:00:00+00:00,PT60M,Bootcamp,Intermediate,29.0,29,True,Green space across Lee Valley Park Bridge,https://ourparks.org.uk/borough/beginners-bootcamp-109577,Walthamstow Marshes,E10 7QL,London,Lea Bridge Road,GB,51.564823676338,-0.045328683324,Waltham Forest,https://ourparks.org.uk/borough/waltham-forest,Iona
109578,Beginners Bootcamp,2026-04-23 08:00:00+00:00,2026-04-23 09:00:00+00:00,PT60M,Bootcamp,Intermediate,29.0,29,True,Green space across Lee Valley Park Bridge,https://ourparks.org.uk/borough/beginners-bootcamp-109578,Walthamstow Marshes,E10 7QL,London,Lea Bridge Road,GB,51.564823676338,-0.045328683324,Waltham Forest,https://ourparks.org.uk/borough/waltham-forest,Iona
109579,Beginners Bootcamp,2026-04-30 08:00:00+00:00,2026-04-30 09:00:00+00:00,PT60M,Bootcamp,Intermediate,29.0,29,True,Green space across Lee Valley Park Bridge,https://ourparks.org.uk/borough/beginners-bootcamp-109579,Walthamstow Marshes,E10 7QL,London,Lea Bridge Road,GB,51.564823676338,-0.045328683324,Waltham Forest,https://ourparks.org.uk/borough/waltham-forest,Iona
109581,Beginners Bootcamp,2026-05-14 08:00:00+00:00,2026-05-14 09:00:00+00:00,PT60M,Bootcamp,Intermediate,29.0,29,True,Green space across Lee Valley Park Bridge,https://ourparks.org.uk/borough/beginners-bootcamp-109581,Walthamstow Marshes,E10 7QL,London,Lea Bridge Road,GB,51.564823676338,-0.045328683324,Waltham Forest,https://ourparks.org.uk/borough/waltham-forest,Iona
109582,Beginners Bootcamp,2026-05-21 08:00:00+00:00,2026-05-21 09:00:00+00:00,PT60M,Bootcamp,Intermediate,29.0,29,True,Green space across Lee Valley Park Bridge,https://ourparks.org.uk/borough/beginners-bootcamp-109582,Walthamstow Marshes,E10 7QL,London,Lea Bridge Road,GB,51.564823676338,-0.045328683324,Waltham Forest,https://ourparks.org.uk/borough/waltham-forest,Iona
109583,Beginners Bootcamp,2026-05-28 08:00:00+00:00,2026-05-28 09:00:00+00:00,PT60M,Bootcamp,Intermediate,29.0,29,True,Green space across Lee Valley Park Bridge,https://ourparks.org.uk/borough/beginners-bootcamp-109583,Walthamstow Marshes,E10 7QL,London,Lea Bridge Road,GB,51.564823676338,-0.045328683324,Waltham Forest,https://ourparks.org.uk/borough/waltham-forest,Iona
109584,Beginners Bootcamp,2026-06-04 08:00:00+00:00,2026-06-04 09:00:00+00:00,PT60M,Bootcamp,Intermediate,29.0,29,True,Green space across Lee Valley Park Bridge,https://ourparks.org.uk/borough/beginners-bootcamp-109584,Walthamstow Marshes,E10 7QL,London,Lea Bridge Road,GB,51.564823676338,-0.045328683324,Waltham Forest,https://ourparks.org.uk/borough/waltham-forest,Iona
109586,Beginners Bootcamp,2026-06-18 08:00:00+00:00,2026-06-18 09:00:00+00:00,PT60M,Bootcamp,Intermediate,29.0,29,True,Green space across Lee Valley Park Bridge,https://ourparks.org.uk/borough/beginners-bootcamp-109586,Walthamstow Marshes,E10 7QL,London,Lea Bridge Road,GB,51.564823676338,-0.045328683324,Waltham Forest,https://ourparks.org.uk/borough/waltham-forest,Iona
109587,Beginners Bootcamp,2026-06-25 08:00:00+00:00,2026-06-25 09:00:00+00:00,PT60M,Bootcamp,Intermediate,29.0,29,True,Green space across Lee Valley Park Bridge,https://ourparks.org.uk/borough/beginners-bootcamp-109587,Walthamstow Marshes,E10 7QL,London,Lea Bridge Road,GB,51.564823676338,-0.045328683324,Waltham Forest,https://ourparks.org.uk/borough/waltham-forest,Iona
109601,Beginners Bootcamp,2026-10-01 08:00:00+00:00,2026-10-01 09:00:00+00:00,PT60M,Bootcamp,Intermediate,29.0,29,True,Green space across Lee Valley Park Bridge,https://ourparks.org.uk/borough/beginners-bootcamp-109601,Walthamstow Marshes,E10 7QL,London,Lea Bridge Road,GB,51.564823676338,-0.045328683324,Waltham Forest,https://ourparks.org.uk/borough/waltham-forest,Iona
109602,Beginners Bootcamp,2026-10-08 08:00:00+00:00,2026-10-08 09:00:00+00:00,PT60M,Bootcamp,Intermediate,29.0,29,True,Green space across Lee Valley Park Bridge,https://ourparks.org.uk/borough/beginners-bootcamp-109602,Walthamstow Marshes,E10 7QL,London,Lea Bridge Road,GB,51.564823676338,-0.045328683324,Waltham Forest,https://ourparks.org.uk/borough/waltham-forest,Iona
109603,Beginners Bootcamp,2026-10-15 08:00:00+00:00,2026-10-15 09:00:00+00:00,PT60M,Bootcamp,Intermediate,29.0,29,True,Green space across Lee Valley Park Bridge,https://ourparks.org.uk/borough/beginners-bootcamp-109603,Walthamstow Marshes,E10 7QL,London,Lea Bridge Road,GB,51.564823676338,-0.045328683324,Waltham Forest,https://ourparks.org.uk/borough/waltham-forest,Iona
109604,Beginners Bootcamp,2026-10-22 08:00:00+00:00,2026-10-22 09:00:00+00:00,PT60M,Bootcamp,Intermediate,29.0,29,True,Green space across Lee Valley Park Bridge,https://ourparks.org.uk/borough/beginners-bootcamp-109604,Walthamstow Marshes,E10 7QL,London,Lea Bridge Road,GB,51.564823676338,-0.045328683324,Waltham Forest,https://ourparks.org.uk/borough/waltham-forest,Iona
109605,Beginners Bootcamp,2026-10-29 08:00:00+00:00,2026-10-29 09:00:00+00:00,PT60M,Bootcamp,Intermediate,29.0,29,True,Green space across Lee Valley Park Bridge,https://ourparks.org.uk/borough/beginners-bootcamp-109605,Walthamstow Marshes,E10 7QL,London,Lea Bridge Road,GB,51.564823676338,-0.045328683324,Waltham Forest,https://ourparks.org.uk/borough/waltham-forest,Iona
109606,Beginners Bootcamp,2026-11-05 08:00:00+00:00,2026-11-05 09:00:00+00:00,PT60M,Bootcamp,Intermediate,29.0,29,True,Green space across Lee Valley Park Bridge,https://ourparks.org.uk/borough/beginners-bootcamp-109606,Walthamstow Marshes,E10 7QL,London,Lea Bridge Road,GB,51.564823676338,-0.045328683324,Waltham Forest,https://ourparks.org.uk/borough/waltham-forest,Iona
109607,Beginners Bootcamp,2026-11-12 08:00:00+00:00,2026-11-12 09:00:00+00:00,PT60M,Bootcamp,Intermediate,29.0,29,True,Green space across Lee Valley Park Bridge,https://ourparks.org.uk/borough/beginners-bootcamp-109607,Walthamstow Marshes,E10 7QL,London,Lea Bridge Road,GB,51.564823676338,-0.045328683324,Waltham Forest,https://ourparks.org.uk/borough/waltham-forest,Iona
109608,Beginners Bootcamp,2026-11-19 08:00:00+00:00,2026-11-19 09:00:00+00:00,PT60M,Bootcamp,Intermediate,29.0,29,True,Green space across Lee Valley Park Bridge,https://ourparks.org.uk/borough/beginners-bootcamp-109608,Walthamstow Marshes,E10 7QL,London,Lea Bridge Road,GB,51.564823676338,-0.045328683324,Waltham Forest,https://ourparks.org.uk/borough/waltham-forest,Iona
109609,Beginners Bootcamp,2026-11-26 08:00:00+00:00,2026-11-26 09:00:00+00:00,PT60M,Bootcamp,Intermediate,29.0,29,True,Green space across Lee Valley Park Bridge,https://ourparks.org.uk/borough/beginners-bootcamp-109609,Walthamstow Marshes,E10 7QL,London,Lea Bridge Road,GB,51.564823676338,-0.045328683324,Waltham Forest,https://ourparks.org.uk/borough/waltham-forest,Iona
109610,Beginners Bootcamp,2026-12-03 08:00:00+00:00,2026-12-03 09:00:00+00:00,PT60M,Bootcamp,Intermediate,29.0,29,True,Green space across Lee Valley Park Bridge,https://ourparks.org.uk/borough/beginners-bootcamp-109610,Walthamstow Marshes,E10 7QL,London,Lea Bridge Road,GB,51.564823676338,-0.045328683324,Waltham Forest,https://ourparks.org.uk/borough/waltham-forest,Iona
109611,Beginners Bootcamp,2026-12-10 08:00:00+00:00,2026-12-10 09:00:00+00:00,PT60M,Bootcamp,Intermediate,29.0,29,True,Green space across Lee Valley Park Bridge,https://ourparks.org.uk/borough/beginners-bootcamp-109611,Walthamstow Marshes,E10 7QL,London,Lea Bridge Road,GB,51.564823676338,-0.045328683324,Waltham Forest,https://ourparks.org.uk/borough/waltham-forest,Iona
109612,Beginners Bootcamp,2026-12-17 08:00:00+00:00,2026-12-17 09:00:00+00:00,PT60M,Bootcamp,Intermediate,29.0,29,True,Green space across Lee Valley Park Bridge,https://ourparks.org.uk/borough/beginners-bootcamp-109612,Walthamstow Marshes,E10 7QL,London,Lea Bridge Road,GB,51.564823676338,-0.045328683324,Waltham Forest,https://ourparks.org.uk/borough/waltham-forest,Iona
109615,Beginners Bootcamp,2027-01-07 08:00:00+00:00,2027-01-07 09:00:00+00:00,PT60M,Bootcamp,Intermediate,29.0,29,True,Green space across Lee Valley Park Bridge,https://ourparks.org.uk/borough/beginners-bootcamp-109615,Walthamstow Marshes,E10 7QL,London,Lea Bridge Road,GB,51.564823676338,-0.045328683324,Waltham Forest,https://ourparks.org.uk/borough/waltham-forest,Iona
109616,Beginners Bootcamp,2027-01-14 08:00:00+00:00,2027-01-14 09:00:00+00:00,PT60M,Bootcamp,Intermediate,29.0,29,True,Green space across Lee Valley Park Bridge,https://ourparks.org.uk/borough/beginners-bootcamp-109616,Walthamstow Marshes,E10 7QL,London,Lea Bridge Road,GB,51.564823676338,-0.045328683324,Waltham Forest,https://ourparks.org.uk/borough/waltham-forest,Iona
109617,Beginners Bootcamp,2027-01-21 08:00:00+00:00,2027-01-21 09:00:00+00:00,PT60M,Bootcamp,Intermediate,29.0,29,True,Green space across Lee Valley Park Bridge,https://ourparks.org.uk/borough/beginners-bootcamp-109617,Walthamstow Marshes,E10 7QL,London,Lea Bridge Road,GB,51.564823676338,-0.045328683324,Waltham Forest,https://ourparks.org.uk/borough/waltham-forest,Iona
107785,Rise & Shine Core Workout,2026-04-09 06:30:00+00:00,2026-04-09 07:30:00+00:00,PT60M,Abs/Core,Intermediate,0.0,0,True,Your streaming device,https://ourparks.org.uk/borough/rise-shine-core-workout-107785,Our Parks Live,KT2 7EW,London,10 London Mews,GB,51.5161826,-0.1735317,All UK,https://ourparks.org.uk/borough/all-uk,Shahna
107786,Rise & Shine Core Workout,2026-04-16 06:30:00+00:00,2026-04-16 07:30:00+00:00,PT60M,Abs/Core,Intermediate,0.0,0,True,Your streaming device,https://ourparks.org.uk/borough/rise-shine-core-workout-107786,Our Parks Live,KT2 7EW,London,10 London Mews,GB,51.5161826,-0.1735317,All UK,https://ourparks.org.uk/borough/all-uk,Shahna
107784,Rise & Shine Core Workout,2026-04-02 06:30:00+00:00,2026-04-02 07:30:00+00:00,PT60M,Abs/Core,Intermediate,0.0,0,True,Your streaming device,https://ourparks.org.uk/borough/rise-shine-core-workout-107784,Our Parks Live,KT2 7EW,London,10 London Mews,GB,51.5161826,-0.1735317,All UK,https://ourparks.org.uk/borough/all-uk,Born
109688,Yoga,2026-04-15 16:30:00+00:00,2026-04-15 17:30:00+00:00,PT60M,Yoga,Intermediate,29.0,29,True,By the Tennis courts - Sessions to take place at Outdoor Gym,https://ourparks.org.uk/borough/yoga-109688,Danson Park,DA6 8HL,Welling,"Danson Road, Broadway",GB,51.457714156037,0.117872564391,London Borough of Bexley,https://ourparks.org.uk/borough/london-borough-bexley,Stefanie
109689,Yoga,2026-04-22 16:30:00+00:00,2026-04-22 17:30:00+00:00,PT60M,Yoga,Intermediate,29.0,29,True,By the Tennis courts - Sessions to take place at Outdoor Gym,https://ourparks.org.uk/borough/yoga-109689,Danson Park,DA6 8HL,Welling,"Danson Road, Broadway",GB,51.457714156037,0.117872564391,London Borough of Bexley,https://ourparks.org.uk/borough/london-borough-bexley,Stefanie
109691,Yoga,2026-05-06 16:30:00+00:00,2026-05-06 17:30:00+00:00,PT60M,Yoga,Intermediate,29.0,29,True,By the Tennis courts - Sessions to take place at Outdoor Gym,https://ourparks.org.uk/borough/yoga-109691,Danson Park,DA6 8HL,Welling,"Danson Road, Broadway",GB,51.457714156037,0.117872564391,London Borough of Bexley,https://ourparks.org.uk/borough/london-borough-bexley,Stefanie
109693,Yoga,2026-05-20 16:30:00+00:00,2026-05-20 17:30:00+00:00,PT60M,Yoga,Intermediate,29.0,29,True,By the Tennis courts - Sessions to take place at Outdoor Gym,https://ourparks.org.uk/borough/yoga-109693,Danson Park,DA6 8HL,Welling,"Danson Road, Broadway",GB,51.457714156037,0.117872564391,London Borough of Bexley,https://ourparks.org.uk/borough/london-borough-bexley,Stefanie
109694,Yoga,2026-05-27 16:30:00+00:00,2026-05-27 17:30:00+00:00,PT60M,Yoga,Intermediate,29.0,29,True,By the Tennis courts - Sessions to take place at Outdoor Gym,https://ourparks.org.uk/borough/yoga-109694,Danson Park,DA6 8HL,Welling,"Danson Road, Broadway",GB,51.457714156037,0.117872564391,London Borough of Bexley,https://ourparks.org.uk/borough/london-borough-bexley,Stefanie
109695,Yoga,2026-06-03 16:30:00+00:00,2026-06-03 17:30:00+00:00,PT60M,Yoga,Intermediate,29.0,29,True,By the Tennis courts - Sessions to take place at Outdoor Gym,https://ourparks.org.uk/borough/yoga-109695,Danson Park,DA6 8HL,Welling,"Danson Road, Broadway",GB,51.457714156037,0.117872564391,London Borough of Bexley,https://ourparks.org.uk/borough/london-borough-bexley,Stefanie
109696,Yoga,2026-06-10 16:30:00+00:00,2026-06-10 17:30:00+00:00,PT60M,Yoga,Intermediate,29.0,29,True,By the Tennis courts - Sessions to take place at Outdoor Gym,https://ourparks.org.uk/borough/yoga-109696,Danson Park,DA6 8HL,Welling,"Danson Road, Broadway",GB,51.457714156037,0.117872564391,London Borough of Bexley,https://ourparks.org.uk/borough/london-borough-bexley,Stefanie
109756,Back to Exercise,2026-04-15 16:30:00+00:00,2026-04-15 17:30:00+00:00,PT60M,Group Exercise,Intermediate,29.0,29,True,Outdoor Gym area,https://ourparks.org.uk/borough/back-exercise-109756,Foots Cray Meadows,DA14 4PS,Sidcup,Riverside Road entrance,GB,51.432911516763,0.134709314101,London Borough of Bexley,https://ourparks.org.uk/borough/london-borough-bexley,Barry
109757,Back to Exercise,2026-04-22 16:30:00+00:00,2026-04-22 17:30:00+00:00,PT60M,Group Exercise,Intermediate,29.0,29,True,Outdoor Gym area,https://ourparks.org.uk/borough/back-exercise-109757,Foots Cray Meadows,DA14 4PS,Sidcup,Riverside Road entrance,GB,51.432911516763,0.134709314101,London Borough of Bexley,https://ourparks.org.uk/borough/london-borough-bexley,Barry
109759,Back to Exercise,2026-05-06 16:30:00+00:00,2026-05-06 17:30:00+00:00,PT60M,Group Exercise,Intermediate,29.0,29,True,Outdoor Gym area,https://ourparks.org.uk/borough/back-exercise-109759,Foots Cray Meadows,DA14 4PS,Sidcup,Riverside Road entrance,GB,51.432911516763,0.134709314101,London Borough of Bexley,https://ourparks.org.uk/borough/london-borough-bexley,Barry
109760,Back to Exercise,2026-05-13 16:30:00+00:00,2026-05-13 17:30:00+00:00,PT60M,Group Exercise,Intermediate,29.0,29,True,Outdoor Gym area,https://ourparks.org.uk/borough/back-exercise-109760,Foots Cray Meadows,DA14 4PS,Sidcup,Riverside Road entrance,GB,51.432911516763,0.134709314101,London Borough of Bexley,https://ourparks.org.uk/borough/london-borough-bexley,Barry
109762,Back to Exercise,2026-05-27 16:30:00+00:00,2026-05-27 17:30:00+00:00,PT60M,Group Exercise,Intermediate,29.0,29,True,Outdoor Gym area,https://ourparks.org.uk/borough/back-exercise-109762,Foots Cray Meadows,DA14 4PS,Sidcup,Riverside Road entrance,GB,51.432911516763,0.134709314101,London Borough of Bexley,https://ourparks.org.uk/borough/london-borough-bexley,Barry
109764,Back to Exercise,2026-06-10 16:30:00+00:00,2026-06-10 17:30:00+00:00,PT60M,Group Exercise,Intermediate,29.0,29,True,Outdoor Gym area,https://ourparks.org.uk/borough/back-exercise-109764,Foots Cray Meadows,DA14 4PS,Sidcup,Riverside Road entrance,GB,51.432911516763,0.134709314101,London Borough of Bexley,https://ourparks.org.uk/borough/london-borough-bexley,Barry
109765,Back to Exercise,2026-06-17 16:30:00+00:00,2026-06-17 17:30:00+00:00,PT60M,Group Exercise,Intermediate,29.0,29,True,Outdoor Gym area,https://ourparks.org.uk/borough/back-exercise-109765,Foots Cray Meadows,DA14 4PS,Sidcup,Riverside Road entrance,GB,51.432911516763,0.134709314101,London Borough of Bexley,https://ourparks.org.uk/borough/london-borough-bexley,Barry
109766,Back to Exercise,2026-06-24 16:30:00+00:00,2026-06-24 17:30:00+00:00,PT60M,Group Exercise,Intermediate,29.0,29,True,Outdoor Gym area,https://ourparks.org.uk/borough/back-exercise-109766,Foots Cray Meadows,DA14 4PS,Sidcup,Riverside Road entrance,GB,51.432911516763,0.134709314101,London Borough of Bexley,https://ourparks.org.uk/borough/london-borough-bexley,Barry
109767,Back to Exercise,2026-07-01 16:30:00+00:00,2026-07-01 17:30:00+00:00,PT60M,Group Exercise,Intermediate,29.0,29,True,Outdoor Gym area,https://ourparks.org.uk/borough/back-exercise-109767,Foots Cray Meadows,DA14 4PS,Sidcup,Riverside Road entrance,GB,51.432911516763,0.134709314101,London Borough of Bexley,https://ourparks.org.uk/borough/london-borough-bexley,Barry
109768,Back to Exercise,2026-07-08 16:30:00+00:00,2026-07-08 17:30:00+00:00,PT60M,Group Exercise,Intermediate,29.0,29,True,Outdoor Gym area,https://ourparks.org.uk/borough/back-exercise-109768,Foots Cray Meadows,DA14 4PS,Sidcup,Riverside Road entrance,GB,51.432911516763,0.134709314101,London Borough of Bexley,https://ourparks.org.uk/borough/london-borough-bexley,Barry
109769,Back to Exercise,2026-07-15 16:30:00+00:00,2026-07-15 17:30:00+00:00,PT60M,Group Exercise,Intermediate,29.0,29,True,Outdoor Gym area,https://ourparks.org.uk/borough/back-exercise-109769,Foots Cray Meadows,DA14 4PS,Sidcup,Riverside Road entrance,GB,51.432911516763,0.134709314101,London Borough of Bexley,https://ourparks.org.uk/borough/london-borough-bexley,Barry
109770,Back to Exercise,2026-07-22 16:30:00+00:00,2026-07-22 17:30:00+00:00,PT60M,Group Exercise,Intermediate,29.0,29,True,Outdoor Gym area,https://ourparks.org.uk/borough/back-exercise-109770,Foots Cray Meadows,DA14 4PS,Sidcup,Riverside Road entrance,GB,51.432911516763,0.134709314101,London Borough of Bexley,https://ourparks.org.uk/borough/london-borough-bexley,Barry
109771,Back to Exercise,2026-07-29 16:30:00+00:00,2026-07-29 17:30:00+00:00,PT60M,Group Exercise,Intermediate,29.0,29,True,Outdoor Gym area,https://ourparks.org.uk/borough/back-exercise-109771,Foots Cray Meadows,DA14 4PS,Sidcup,Riverside Road entrance,GB,51.432911516763,0.134709314101,London Borough of Bexley,https://ourparks.org.uk/borough/london-borough-bexley,Barry
109772,Back to Exercise,2026-08-05 16:30:00+00:00,2026-08-05 17:30:00+00:00,PT60M,Group Exercise,Intermediate,29.0,29,True,Outdoor Gym area,https://ourparks.org.uk/borough/back-exercise-109772,Foots Cray Meadows,DA14 4PS,Sidcup,Riverside Road entrance,GB,51.432911516763,0.134709314101,London Borough of Bexley,https://ourparks.org.uk/borough/london-borough-bexley,Barry
109773,Back to Exercise,2026-08-12 16:30:00+00:00,2026-08-12 17:30:00+00:00,PT60M,Group Exercise,Intermediate,29.0,29,True,Outdoor Gym area,https://ourparks.org.uk/borough/back-exercise-109773,Foots Cray Meadows,DA14 4PS,Sidcup,Riverside Road entrance,GB,51.432911516763,0.134709314101,London Borough of Bexley,https://ourparks.org.uk/borough/london-borough-bexley,Barry
109774,Back to Exercise,2026-08-19 16:30:00+00:00,2026-08-19 17:30:00+00:00,PT60M,Group Exercise,Intermediate,29.0,29,True,Outdoor Gym area,https://ourparks.org.uk/borough/back-exercise-109774,Foots Cray Meadows,DA14 4PS,Sidcup,Riverside Road entrance,GB,51.432911516763,0.134709314101,London Borough of Bexley,https://ourparks.org.uk/borough/london-borough-bexley,Barry
109775,Back to Exercise,2026-08-26 16:30:00+00:00,2026-08-26 17:30:00+00:00,PT60M,Group Exercise,Intermediate,29.0,29,True,Outdoor Gym area,https://ourparks.org.uk/borough/back-exercise-109775,Foots Cray Meadows,DA14 4PS,Sidcup,Riverside Road entrance,GB,51.432911516763,0.134709314101,London Borough of Bexley,https://ourparks.org.uk/borough/london-borough-bexley,Barry
109776,Back to Exercise,2026-09-02 16:30:00+00:00,2026-09-02 17:30:00+00:00,PT60M,Group Exercise,Intermediate,29.0,29,True,Outdoor Gym area,https://ourparks.org.uk/borough/back-exercise-109776,Foots Cray Meadows,DA14 4PS,Sidcup,Riverside Road entrance,GB,51.432911516763,0.134709314101,London Borough of Bexley,https://ourparks.org.uk/borough/london-borough-bexley,Barry
109777,Back to Exercise,2026-09-09 16:30:00+00:00,2026-09-09 17:30:00+00:00,PT60M,Group Exercise,Intermediate,29.0,29,True,Outdoor Gym area,https://ourparks.org.uk/borough/back-exercise-109777,Foots Cray Meadows,DA14 4PS,Sidcup,Riverside Road entrance,GB,51.432911516763,0.134709314101,London Borough of Bexley,https://ourparks.org.uk/borough/london-borough-bexley,Barry
109779,Stretch & Conditioning,2026-04-16 18:00:00+00:00,2026-04-16 19:00:00+00:00,PT60M,Multi Fitness,Intermediate,29.0,29,True,By the Outdoor Gym,https://ourparks.org.uk/borough/stretch-conditioning-109779,Willersley Park,DA15 9EN,Sidcup,Willersley Avenue,GB,51.442682886552,0.101218406272,London Borough of Bexley,https://ourparks.org.uk/borough/london-borough-bexley,Olya
109802,Box Fit,2026-04-11 09:00:00+00:00,2026-04-11 10:00:00+00:00,PT60M,Boxing Fitness,Intermediate,29.0,29,True,By the Outdoor Gym,https://ourparks.org.uk/borough/box-fit-109802,Mabley Green,E9 5HS,London,"Stop E, Crowfoot Close",GB,51.548910987039,-0.029284231249,Hackney,https://ourparks.org.uk/borough/hackney,Roosevelt 
109803,Box Fit,2026-04-18 09:00:00+00:00,2026-04-18 10:00:00+00:00,PT60M,Boxing Fitness,Intermediate,29.0,29,True,By the Outdoor Gym,https://ourparks.org.uk/borough/box-fit-109803,Mabley Green,E9 5HS,London,"Stop E, Crowfoot Close",GB,51.548910987039,-0.029284231249,Hackney,https://ourparks.org.uk/borough/hackney,Roosevelt 
109804,Box Fit,2026-04-25 09:00:00+00:00,2026-04-25 10:00:00+00:00,PT60M,Boxing Fitness,Intermediate,29.0,29,True,By the Outdoor Gym,https://ourparks.org.uk/borough/box-fit-109804,Mabley Green,E9 5HS,London,"Stop E, Crowfoot Close",GB,51.548910987039,-0.029284231249,Hackney,https://ourparks.org.uk/borough/hackney,Roosevelt 
109805,Box Fit,2026-05-02 09:00:00+00:00,2026-05-02 10:00:00+00:00,PT60M,Boxing Fitness,Intermediate,29.0,29,True,By the Outdoor Gym,https://ourparks.org.uk/borough/box-fit-109805,Mabley Green,E9 5HS,London,"Stop E, Crowfoot Close",GB,51.548910987039,-0.029284231249,Hackney,https://ourparks.org.uk/borough/hackney,Roosevelt 
109806,Box Fit,2026-05-09 09:00:00+00:00,2026-05-09 10:00:00+00:00,PT60M,Boxing Fitness,Intermediate,29.0,29,True,By the Outdoor Gym,https://ourparks.org.uk/borough/box-fit-109806,Mabley Green,E9 5HS,London,"Stop E, Crowfoot Close",GB,51.548910987039,-0.029284231249,Hackney,https://ourparks.org.uk/borough/hackney,Roosevelt 
109807,Box Fit,2026-05-16 09:00:00+00:00,2026-05-16 10:00:00+00:00,PT60M,Boxing Fitness,Intermediate,29.0,29,True,By the Outdoor Gym,https://ourparks.org.uk/borough/box-fit-109807,Mabley Green,E9 5HS,London,"Stop E, Crowfoot Close",GB,51.548910987039,-0.029284231249,Hackney,https://ourparks.org.uk/borough/hackney,Roosevelt 
109808,Box Fit,2026-05-23 09:00:00+00:00,2026-05-23 10:00:00+00:00,PT60M,Boxing Fitness,Intermediate,29.0,29,True,By the Outdoor Gym,https://ourparks.org.uk/borough/box-fit-109808,Mabley Green,E9 5HS,London,"Stop E, Crowfoot Close",GB,51.548910987039,-0.029284231249,Hackney,https://ourparks.org.uk/borough/hackney,Roosevelt 
109809,Box Fit,2026-05-30 09:00:00+00:00,2026-05-30 10:00:00+00:00,PT60M,Boxing Fitness,Intermediate,29.0,29,True,By the Outdoor Gym,https://ourparks.org.uk/borough/box-fit-109809,Mabley Green,E9 5HS,London,"Stop E, Crowfoot Close",GB,51.548910987039,-0.029284231249,Hackney,https://ourparks.org.uk/borough/hackney,Roosevelt 
109810,Box Fit,2026-06-06 09:00:00+00:00,2026-06-06 10:00:00+00:00,PT60M,Boxing Fitness,Intermediate,29.0,29,True,By the Outdoor Gym,https://ourparks.org.uk/borough/box-fit-109810,Mabley Green,E9 5HS,London,"Stop E, Crowfoot Close",GB,51.548910987039,-0.029284231249,Hackney,https://ourparks.org.uk/borough/hackney,Roosevelt 
109811,Box Fit,2026-06-13 09:00:00+00:00,2026-06-13 10:00:00+00:00,PT60M,Boxing Fitness,Intermediate,29.0,29,True,By the Outdoor Gym,https://ourparks.org.uk/borough/box-fit-109811,Mabley Green,E9 5HS,London,"Stop E, Crowfoot Close",GB,51.548910987039,-0.029284231249,Hackney,https://ourparks.org.uk/borough/hackney,Roosevelt 
109812,Box Fit,2026-06-20 09:00:00+00:00,2026-06-20 10:00:00+00:00,PT60M,Boxing Fitness,Intermediate,29.0,29,True,By the Outdoor Gym,https://ourparks.org.uk/borough/box-fit-109812,Mabley Green,E9 5HS,London,"Stop E, Crowfoot Close",GB,51.548910987039,-0.029284231249,Hackney,https://ourparks.org.uk/borough/hackney,Roosevelt 
109813,Box Fit,2026-06-27 09:00:00+00:00,2026-06-27 10:00:00+00:00,PT60M,Boxing Fitness,Intermediate,29.0,29,True,By the Outdoor Gym,https://ourparks.org.uk/borough/box-fit-109813,Mabley Green,E9 5HS,London,"Stop E, Crowfoot Close",GB,51.548910987039,-0.029284231249,Hackney,https://ourparks.org.uk/borough/hackney,Roosevelt 
109814,Box Fit,2026-07-04 09:00:00+00:00,2026-07-04 10:00:00+00:00,PT60M,Boxing Fitness,Intermediate,29.0,29,True,By the Outdoor Gym,https://ourparks.org.uk/borough/box-fit-109814,Mabley Green,E9 5HS,London,"Stop E, Crowfoot Close",GB,51.548910987039,-0.029284231249,Hackney,https://ourparks.org.uk/borough/hackney,Roosevelt 
109815,Box Fit,2026-07-11 09:00:00+00:00,2026-07-11 10:00:00+00:00,PT60M,Boxing Fitness,Intermediate,29.0,29,True,By the Outdoor Gym,https://ourparks.org.uk/borough/box-fit-109815,Mabley Green,E9 5HS,London,"Stop E, Crowfoot Close",GB,51.548910987039,-0.029284231249,Hackney,https://ourparks.org.uk/borough/hackney,Roosevelt 
109816,Box Fit,2026-07-18 09:00:00+00:00,2026-07-18 10:00:00+00:00,PT60M,Boxing Fitness,Intermediate,29.0,29,True,By the Outdoor Gym,https://ourparks.org.uk/borough/box-fit-109816,Mabley Green,E9 5HS,London,"Stop E, Crowfoot Close",GB,51.548910987039,-0.029284231249,Hackney,https://ourparks.org.uk/borough/hackney,Roosevelt 
109817,Box Fit,2026-07-25 09:00:00+00:00,2026-07-25 10:00:00+00:00,PT60M,Boxing Fitness,Intermediate,29.0,29,True,By the Outdoor Gym,https://ourparks.org.uk/borough/box-fit-109817,Mabley Green,E9 5HS,London,"Stop E, Crowfoot Close",GB,51.548910987039,-0.029284231249,Hackney,https://ourparks.org.uk/borough/hackney,Roosevelt 
109818,Box Fit,2026-08-01 09:00:00+00:00,2026-08-01 10:00:00+00:00,PT60M,Boxing Fitness,Intermediate,29.0,29,True,By the Outdoor Gym,https://ourparks.org.uk/borough/box-fit-109818,Mabley Green,E9 5HS,London,"Stop E, Crowfoot Close",GB,51.548910987039,-0.029284231249,Hackney,https://ourparks.org.uk/borough/hackney,Roosevelt 
109819,Box Fit,2026-08-08 09:00:00+00:00,2026-08-08 10:00:00+00:00,PT60M,Boxing Fitness,Intermediate,29.0,29,True,By the Outdoor Gym,https://ourparks.org.uk/borough/box-fit-109819,Mabley Green,E9 5HS,London,"Stop E, Crowfoot Close",GB,51.548910987039,-0.029284231249,Hackney,https://ourparks.org.uk/borough/hackney,Roosevelt 
109820,Box Fit,2026-08-15 09:00:00+00:00,2026-08-15 10:00:00+00:00,PT60M,Boxing Fitness,Intermediate,29.0,29,True,By the Outdoor Gym,https://ourparks.org.uk/borough/box-fit-109820,Mabley Green,E9 5HS,London,"Stop E, Crowfoot Close",GB,51.548910987039,-0.029284231249,Hackney,https://ourparks.org.uk/borough/hackney,Roosevelt 
109821,Box Fit,2026-08-22 09:00:00+00:00,2026-08-22 10:00:00+00:00,PT60M,Boxing Fitness,Intermediate,29.0,29,True,By the Outdoor Gym,https://ourparks.org.uk/borough/box-fit-109821,Mabley Green,E9 5HS,London,"Stop E, Crowfoot Close",GB,51.548910987039,-0.029284231249,Hackney,https://ourparks.org.uk/borough/hackney,Roosevelt 
109822,Box Fit,2026-08-29 09:00:00+00:00,2026-08-29 10:00:00+00:00,PT60M,Boxing Fitness,Intermediate,29.0,29,True,By the Outdoor Gym,https://ourparks.org.uk/borough/box-fit-109822,Mabley Green,E9 5HS,London,"Stop E, Crowfoot Close",GB,51.548910987039,-0.029284231249,Hackney,https://ourparks.org.uk/borough/hackney,Roosevelt 
109823,Box Fit,2026-09-05 09:00:00+00:00,2026-09-05 10:00:00+00:00,PT60M,Boxing Fitness,Intermediate,29.0,29,True,By the Outdoor Gym,https://ourparks.org.uk/borough/box-fit-109823,Mabley Green,E9 5HS,London,"Stop E, Crowfoot Close",GB,51.548910987039,-0.029284231249,Hackney,https://ourparks.org.uk/borough/hackney,Roosevelt 
109824,Box Fit,2026-09-12 09:00:00+00:00,2026-09-12 10:00:00+00:00,PT60M,Boxing Fitness,Intermediate,29.0,29,True,By the Outdoor Gym,https://ourparks.org.uk/borough/box-fit-109824,Mabley Green,E9 5HS,London,"Stop E, Crowfoot Close",GB,51.548910987039,-0.029284231249,Hackney,https://ourparks.org.uk/borough/hackney,Roosevelt 
109825,Box Fit,2026-09-19 09:00:00+00:00,2026-09-19 10:00:00+00:00,PT60M,Boxing Fitness,Intermediate,29.0,29,True,By the Outdoor Gym,https://ourparks.org.uk/borough/box-fit-109825,Mabley Green,E9 5HS,London,"Stop E, Crowfoot Close",GB,51.548910987039,-0.029284231249,Hackney,https://ourparks.org.uk/borough/hackney,Roosevelt 
109826,Box Fit,2026-09-26 09:00:00+00:00,2026-09-26 10:00:00+00:00,PT60M,Boxing Fitness,Intermediate,29.0,29,True,By the Outdoor Gym,https://ourparks.org.uk/borough/box-fit-109826,Mabley Green,E9 5HS,London,"Stop E, Crowfoot Close",GB,51.548910987039,-0.029284231249,Hackney,https://ourparks.org.uk/borough/hackney,Roosevelt 
109827,Box Fit,2026-10-03 09:00:00+00:00,2026-10-03 10:00:00+00:00,PT60M,Boxing Fitness,Intermediate,29.0,29,True,By the Outdoor Gym,https://ourparks.org.uk/borough/box-fit-109827,Mabley Green,E9 5HS,London,"Stop E, Crowfoot Close",GB,51.548910987039,-0.029284231249,Hackney,https://ourparks.org.uk/borough/hackney,Roosevelt 
109828,Box Fit,2026-10-10 09:00:00+00:00,2026-10-10 10:00:00+00:00,PT60M,Boxing Fitness,Intermediate,29.0,29,True,By the Outdoor Gym,https://ourparks.org.uk/borough/box-fit-109828,Mabley Green,E9 5HS,London,"Stop E, Crowfoot Close",GB,51.548910987039,-0.029284231249,Hackney,https://ourparks.org.uk/borough/hackney,Roosevelt 
109829,Box Fit,2026-10-17 09:00:00+00:00,2026-10-17 10:00:00+00:00,PT60M,Boxing Fitness,Intermediate,29.0,29,True,By the Outdoor Gym,https://ourparks.org.uk/borough/box-fit-109829,Mabley Green,E9 5HS,London,"Stop E, Crowfoot Close",GB,51.548910987039,-0.029284231249,Hackney,https://ourparks.org.uk/borough/hackney,Roosevelt 
109830,Box Fit,2026-10-24 09:00:00+00:00,2026-10-24 10:00:00+00:00,PT60M,Boxing Fitness,Intermediate,29.0,29,True,By the Outdoor Gym,https://ourparks.org.uk/borough/box-fit-109830,Mabley Green,E9 5HS,London,"Stop E, Crowfoot Close",GB,51.548910987039,-0.029284231249,Hackney,https://ourparks.org.uk/borough/hackney,Roosevelt 
109831,Box Fit,2026-10-31 09:00:00+00:00,2026-10-31 10:00:00+00:00,PT60M,Boxing Fitness,Intermediate,29.0,29,True,By the Outdoor Gym,https://ourparks.org.uk/borough/box-fit-109831,Mabley Green,E9 5HS,London,"Stop E, Crowfoot Close",GB,51.548910987039,-0.029284231249,Hackney,https://ourparks.org.uk/borough/hackney,Roosevelt 
109832,Box Fit,2026-11-07 09:00:00+00:00,2026-11-07 10:00:00+00:00,PT60M,Boxing Fitness,Intermediate,29.0,29,True,By the Outdoor Gym,https://ourparks.org.uk/borough/box-fit-109832,Mabley Green,E9 5HS,London,"Stop E, Crowfoot Close",GB,51.548910987039,-0.029284231249,Hackney,https://ourparks.org.uk/borough/hackney,Roosevelt 
109833,Box Fit,2026-11-14 09:00:00+00:00,2026-11-14 10:00:00+00:00,PT60M,Boxing Fitness,Intermediate,29.0,29,True,By the Outdoor Gym,https://ourparks.org.uk/borough/box-fit-109833,Mabley Green,E9 5HS,London,"Stop E, Crowfoot Close",GB,51.548910987039,-0.029284231249,Hackney,https://ourparks.org.uk/borough/hackney,Roosevelt 
109834,Box Fit,2026-11-21 09:00:00+00:00,2026-11-21 10:00:00+00:00,PT60M,Boxing Fitness,Intermediate,29.0,29,True,By the Outdoor Gym,https://ourparks.org.uk/borough/box-fit-109834,Mabley Green,E9 5HS,London,"Stop E, Crowfoot Close",GB,51.548910987039,-0.029284231249,Hackney,https://ourparks.org.uk/borough/hackney,Roosevelt 
109835,Box Fit,2026-11-28 09:00:00+00:00,2026-11-28 10:00:00+00:00,PT60M,Boxing Fitness,Intermediate,29.0,29,True,By the Outdoor Gym,https://ourparks.org.uk/borough/box-fit-109835,Mabley Green,E9 5HS,London,"Stop E, Crowfoot Close",GB,51.548910987039,-0.029284231249,Hackney,https://ourparks.org.uk/borough/hackney,Roosevelt 
109836,Box Fit,2026-12-05 09:00:00+00:00,2026-12-05 10:00:00+00:00,PT60M,Boxing Fitness,Intermediate,29.0,29,True,By the Outdoor Gym,https://ourparks.org.uk/borough/box-fit-109836,Mabley Green,E9 5HS,London,"Stop E, Crowfoot Close",GB,51.548910987039,-0.029284231249,Hackney,https://ourparks.org.uk/borough/hackney,Roosevelt 
109837,Box Fit,2026-12-12 09:00:00+00:00,2026-12-12 10:00:00+00:00,PT60M,Boxing Fitness,Intermediate,29.0,29,True,By the Outdoor Gym,https://ourparks.org.uk/borough/box-fit-109837,Mabley Green,E9 5HS,London,"Stop E, Crowfoot Close",GB,51.548910987039,-0.029284231249,Hackney,https://ourparks.org.uk/borough/hackney,Roosevelt 
106723,Full Body Workout,2026-04-11 10:15:00+00:00,2026-04-11 11:15:00+00:00,PT60M,Bootcamp,Intermediate,30.0,30,True,Outdoor Gym area,https://ourparks.org.uk/borough/full-body-workout-106723,Erith Riverside Gardens,DA8 1QY,Erith,Erith High Street,GB,51.482871018656,0.178854717888,London Borough of Bexley,https://ourparks.org.uk/borough/london-borough-bexley,Qaiys
109862,Yoga,2026-04-14 18:00:00+00:00,2026-04-14 19:00:00+00:00,PT60M,Yoga,Intermediate,29.0,29,True,Multi-use games area - next to Park Primary Academy,https://ourparks.org.uk/borough/yoga-109862,Beam Park,RM13 8PG,Havering,Rainham,GB,51.524152163132,0.169393958381,"L&Q at Beam Park, Rainham",https://ourparks.org.uk/borough/lq-beam-park-rainham,Clare 
109863,Yoga,2026-04-21 18:00:00+00:00,2026-04-21 19:00:00+00:00,PT60M,Yoga,Intermediate,29.0,29,True,Multi-use games area - next to Park Primary Academy,https://ourparks.org.uk/borough/yoga-109863,Beam Park,RM13 8PG,Havering,Rainham,GB,51.524152163132,0.169393958381,"L&Q at Beam Park, Rainham",https://ourparks.org.uk/borough/lq-beam-park-rainham,Clare 
107991,ABT,2026-04-13 18:00:00+00:00,2026-04-13 19:00:00+00:00,PT60M,Abs/Core,Intermediate,29.0,29,True,Outdoor Gym area,https://ourparks.org.uk/borough/abt-107991,Victory Park (E20),E20 2ST,London,Victory Park,GB,51.546291703992,-0.00978845673,East Village,https://ourparks.org.uk/borough/east-village,Albert
105319,Yoga,2026-04-13 13:30:00+00:00,2026-04-13 14:30:00+00:00,PT60M,Yoga,Beginner,15.0,15,True,Performance Space,https://ourparks.org.uk/borough/yoga-105319,Willesden Library,NW10 2SF,Willesden,95 High Road,GB,51.546774,-0.2289203,Brent,https://ourparks.org.uk/borough/brent-0,Neeraj
105373,Yoga,2026-04-13 14:30:00+00:00,2026-04-13 15:30:00+00:00,PT60M,Yoga,Beginner,15.0,15,True,Performance Space,https://ourparks.org.uk/borough/yoga-105373,Willesden Library,NW10 2SF,Willesden,95 High Road,GB,51.546774,-0.2289203,Brent,https://ourparks.org.uk/borough/brent-0,Neeraj
105821,Beginners Bootcamp,2026-04-11 09:00:00+00:00,2026-04-11 10:00:00+00:00,PT60M,Bootcamp,Intermediate,30.0,30,True,Open air training ground,https://ourparks.org.uk/borough/beginners-bootcamp-105821,Brockwell Park,SE24 0PA,London,Brockwell Park,GB,51.452290766375,-0.105533454431,London Borough of Lambeth,https://ourparks.org.uk/borough/london-borough-lambeth,Nancy
105822,Beginners Bootcamp,2026-04-18 09:00:00+00:00,2026-04-18 10:00:00+00:00,PT60M,Bootcamp,Intermediate,30.0,30,True,Open air training ground,https://ourparks.org.uk/borough/beginners-bootcamp-105822,Brockwell Park,SE24 0PA,London,Brockwell Park,GB,51.452290766375,-0.105533454431,London Borough of Lambeth,https://ourparks.org.uk/borough/london-borough-lambeth,Nancy
105823,Beginners Bootcamp,2026-04-25 09:00:00+00:00,2026-04-25 10:00:00+00:00,PT60M,Bootcamp,Intermediate,30.0,30,True,Open air training ground,https://ourparks.org.uk/borough/beginners-bootcamp-105823,Brockwell Park,SE24 0PA,London,Brockwell Park,GB,51.452290766375,-0.105533454431,London Borough of Lambeth,https://ourparks.org.uk/borough/london-borough-lambeth,Nancy
105824,Beginners Bootcamp,2026-05-02 09:00:00+00:00,2026-05-02 10:00:00+00:00,PT60M,Bootcamp,Intermediate,30.0,30,True,Open air training ground,https://ourparks.org.uk/borough/beginners-bootcamp-105824,Brockwell Park,SE24 0PA,London,Brockwell Park,GB,51.452290766375,-0.105533454431,London Borough of Lambeth,https://ourparks.org.uk/borough/london-borough-lambeth,Nancy
105825,Beginners Bootcamp,2026-05-09 09:00:00+00:00,2026-05-09 10:00:00+00:00,PT60M,Bootcamp,Intermediate,30.0,30,True,Open air training ground,https://ourparks.org.uk/borough/beginners-bootcamp-105825,Brockwell Park,SE24 0PA,London,Brockwell Park,GB,51.452290766375,-0.105533454431,London Borough of Lambeth,https://ourparks.org.uk/borough/london-borough-lambeth,Nancy
105826,Beginners Bootcamp,2026-05-16 09:00:00+00:00,2026-05-16 10:00:00+00:00,PT60M,Bootcamp,Intermediate,30.0,30,True,Open air training ground,https://ourparks.org.uk/borough/beginners-bootcamp-105826,Brockwell Park,SE24 0PA,London,Brockwell Park,GB,51.452290766375,-0.105533454431,London Borough of Lambeth,https://ourparks.org.uk/borough/london-borough-lambeth,Nancy
105827,Beginners Bootcamp,2026-05-23 09:00:00+00:00,2026-05-23 10:00:00+00:00,PT60M,Bootcamp,Intermediate,30.0,30,True,Open air training ground,https://ourparks.org.uk/borough/beginners-bootcamp-105827,Brockwell Park,SE24 0PA,London,Brockwell Park,GB,51.452290766375,-0.105533454431,London Borough of Lambeth,https://ourparks.org.uk/borough/london-borough-lambeth,Nancy
105829,Beginners Bootcamp,2026-06-06 09:00:00+00:00,2026-06-06 10:00:00+00:00,PT60M,Bootcamp,Intermediate,30.0,30,True,Open air training ground,https://ourparks.org.uk/borough/beginners-bootcamp-105829,Brockwell Park,SE24 0PA,London,Brockwell Park,GB,51.452290766375,-0.105533454431,London Borough of Lambeth,https://ourparks.org.uk/borough/london-borough-lambeth,Nancy
105830,Beginners Bootcamp,2026-06-13 09:00:00+00:00,2026-06-13 10:00:00+00:00,PT60M,Bootcamp,Intermediate,30.0,30,True,Open air training ground,https://ourparks.org.uk/borough/beginners-bootcamp-105830,Brockwell Park,SE24 0PA,London,Brockwell Park,GB,51.452290766375,-0.105533454431,London Borough of Lambeth,https://ourparks.org.uk/borough/london-borough-lambeth,Nancy
105832,Beginners Bootcamp,2026-06-27 09:00:00+00:00,2026-06-27 10:00:00+00:00,PT60M,Bootcamp,Intermediate,30.0,30,True,Open air training ground,https://ourparks.org.uk/borough/beginners-bootcamp-105832,Brockwell Park,SE24 0PA,London,Brockwell Park,GB,51.452290766375,-0.105533454431,London Borough of Lambeth,https://ourparks.org.uk/borough/london-borough-lambeth,Nancy
107207,Box Fit,2026-04-16 08:30:00+00:00,2026-04-16 09:30:00+00:00,PT60M,Boxing Fitness,Intermediate,29.0,29,True,Open air training ground,https://ourparks.org.uk/borough/box-fit-107207,Brockwell Park,SE24 0PA,London,Brockwell Park,GB,51.452290766375,-0.105533454431,London Borough of Lambeth,https://ourparks.org.uk/borough/london-borough-lambeth,Qaiys
109492,Strength & Toning,2026-05-13 09:00:00+00:00,2026-05-13 10:00:00+00:00,PT60M,Bootcamp,Intermediate,29.0,29,True,Outfield - Hampton Hill Cricket Club,https://ourparks.org.uk/borough/strength-toning-109492,Bushy Park,TW12 1PA,Hampton Hill,The Pavilion Bushy Park,GB,51.425916856098,-0.356162815432,The Royal Parks,https://ourparks.org.uk/borough/royal-parks,Karolina 
110052,"Women's only - Abs, Bums & Thighs (ABT)",2026-05-31 09:00:00+00:00,2026-05-31 10:00:00+00:00,PT60M,Abs/Core,Intermediate,29.0,29,True,Outdoor Gym area,https://ourparks.org.uk/borough/womens-only-abs-bums-thighs-abt-110052,Bartlett Park,E14 6LA,London,Bartlett Park Outdoor Gym,GB,51.5152023,-0.0201571,Tower Hamlets,https://ourparks.org.uk/borough/tower-hamlets,Sharron
110053,"Women's only - Abs, Bums & Thighs (ABT)",2026-06-07 09:00:00+00:00,2026-06-07 10:00:00+00:00,PT60M,Abs/Core,Intermediate,29.0,29,True,Outdoor Gym area,https://ourparks.org.uk/borough/womens-only-abs-bums-thighs-abt-110053,Bartlett Park,E14 6LA,London,Bartlett Park Outdoor Gym,GB,51.5152023,-0.0201571,Tower Hamlets,https://ourparks.org.uk/borough/tower-hamlets,Sharron
110054,"Women's only - Abs, Bums & Thighs (ABT)",2026-06-14 09:00:00+00:00,2026-06-14 10:00:00+00:00,PT60M,Abs/Core,Intermediate,29.0,29,True,Outdoor Gym area,https://ourparks.org.uk/borough/womens-only-abs-bums-thighs-abt-110054,Bartlett Park,E14 6LA,London,Bartlett Park Outdoor Gym,GB,51.5152023,-0.0201571,Tower Hamlets,https://ourparks.org.uk/borough/tower-hamlets,Sharron
110057,"Women's only - Abs, Bums & Thighs (ABT)",2026-07-05 09:00:00+00:00,2026-07-05 10:00:00+00:00,PT60M,Abs/Core,Intermediate,29.0,29,True,Outdoor Gym area,https://ourparks.org.uk/borough/womens-only-abs-bums-thighs-abt-110057,Bartlett Park,E14 6LA,London,Bartlett Park Outdoor Gym,GB,51.5152023,-0.0201571,Tower Hamlets,https://ourparks.org.uk/borough/tower-hamlets,Sharron
110058,"Women's only - Abs, Bums & Thighs (ABT)",2026-07-12 09:00:00+00:00,2026-07-12 10:00:00+00:00,PT60M,Abs/Core,Intermediate,29.0,29,True,Outdoor Gym area,https://ourparks.org.uk/borough/womens-only-abs-bums-thighs-abt-110058,Bartlett Park,E14 6LA,London,Bartlett Park Outdoor Gym,GB,51.5152023,-0.0201571,Tower Hamlets,https://ourparks.org.uk/borough/tower-hamlets,Sharron
110059,"Women's only - Abs, Bums & Thighs (ABT)",2026-07-19 09:00:00+00:00,2026-07-19 10:00:00+00:00,PT60M,Abs/Core,Intermediate,29.0,29,True,Outdoor Gym area,https://ourparks.org.uk/borough/womens-only-abs-bums-thighs-abt-110059,Bartlett Park,E14 6LA,London,Bartlett Park Outdoor Gym,GB,51.5152023,-0.0201571,Tower Hamlets,https://ourparks.org.uk/borough/tower-hamlets,Sharron
110060,"Women's only - Abs, Bums & Thighs (ABT)",2026-07-26 09:00:00+00:00,2026-07-26 10:00:00+00:00,PT60M,Abs/Core,Intermediate,29.0,29,True,Outdoor Gym area,https://ourparks.org.uk/borough/womens-only-abs-bums-thighs-abt-110060,Bartlett Park,E14 6LA,London,Bartlett Park Outdoor Gym,GB,51.5152023,-0.0201571,Tower Hamlets,https://ourparks.org.uk/borough/tower-hamlets,Sharron
110061,"Women's only - Abs, Bums & Thighs (ABT)",2026-08-02 09:00:00+00:00,2026-08-02 10:00:00+00:00,PT60M,Abs/Core,Intermediate,29.0,29,True,Outdoor Gym area,https://ourparks.org.uk/borough/womens-only-abs-bums-thighs-abt-110061,Bartlett Park,E14 6LA,London,Bartlett Park Outdoor Gym,GB,51.5152023,-0.0201571,Tower Hamlets,https://ourparks.org.uk/borough/tower-hamlets,Sharron
110062,"Women's only - Abs, Bums & Thighs (ABT)",2026-08-09 09:00:00+00:00,2026-08-09 10:00:00+00:00,PT60M,Abs/Core,Intermediate,29.0,29,True,Outdoor Gym area,https://ourparks.org.uk/borough/womens-only-abs-bums-thighs-abt-110062,Bartlett Park,E14 6LA,London,Bartlett Park Outdoor Gym,GB,51.5152023,-0.0201571,Tower Hamlets,https://ourparks.org.uk/borough/tower-hamlets,Sharron
110063,"Women's only - Abs, Bums & Thighs (ABT)",2026-08-16 09:00:00+00:00,2026-08-16 10:00:00+00:00,PT60M,Abs/Core,Intermediate,29.0,29,True,Outdoor Gym area,https://ourparks.org.uk/borough/womens-only-abs-bums-thighs-abt-110063,Bartlett Park,E14 6LA,London,Bartlett Park Outdoor Gym,GB,51.5152023,-0.0201571,Tower Hamlets,https://ourparks.org.uk/borough/tower-hamlets,Sharron
110064,"Women's only - Abs, Bums & Thighs (ABT)",2026-08-23 09:00:00+00:00,2026-08-23 10:00:00+00:00,PT60M,Abs/Core,Intermediate,29.0,29,True,Outdoor Gym area,https://ourparks.org.uk/borough/womens-only-abs-bums-thighs-abt-110064,Bartlett Park,E14 6LA,London,Bartlett Park Outdoor Gym,GB,51.5152023,-0.0201571,Tower Hamlets,https://ourparks.org.uk/borough/tower-hamlets,Sharron
110065,"Women's only - Abs, Bums & Thighs (ABT)",2026-08-30 09:00:00+00:00,2026-08-30 10:00:00+00:00,PT60M,Abs/Core,Intermediate,29.0,29,True,Outdoor Gym area,https://ourparks.org.uk/borough/womens-only-abs-bums-thighs-abt-110065,Bartlett Park,E14 6LA,London,Bartlett Park Outdoor Gym,GB,51.5152023,-0.0201571,Tower Hamlets,https://ourparks.org.uk/borough/tower-hamlets,Sharron
110066,"Women's only - Abs, Bums & Thighs (ABT)",2026-09-06 09:00:00+00:00,2026-09-06 10:00:00+00:00,PT60M,Abs/Core,Intermediate,29.0,29,True,Outdoor Gym area,https://ourparks.org.uk/borough/womens-only-abs-bums-thighs-abt-110066,Bartlett Park,E14 6LA,London,Bartlett Park Outdoor Gym,GB,51.5152023,-0.0201571,Tower Hamlets,https://ourparks.org.uk/borough/tower-hamlets,Sharron
110067,"Women's only - Abs, Bums & Thighs (ABT)",2026-09-13 09:00:00+00:00,2026-09-13 10:00:00+00:00,PT60M,Abs/Core,Intermediate,29.0,29,True,Outdoor Gym area,https://ourparks.org.uk/borough/womens-only-abs-bums-thighs-abt-110067,Bartlett Park,E14 6LA,London,Bartlett Park Outdoor Gym,GB,51.5152023,-0.0201571,Tower Hamlets,https://ourparks.org.uk/borough/tower-hamlets,Sharron
110068,"Women's only - Abs, Bums & Thighs (ABT)",2026-09-20 09:00:00+00:00,2026-09-20 10:00:00+00:00,PT60M,Abs/Core,Intermediate,29.0,29,True,Outdoor Gym area,https://ourparks.org.uk/borough/womens-only-abs-bums-thighs-abt-110068,Bartlett Park,E14 6LA,London,Bartlett Park Outdoor Gym,GB,51.5152023,-0.0201571,Tower Hamlets,https://ourparks.org.uk/borough/tower-hamlets,Sharron
110069,"Women's only - Abs, Bums & Thighs (ABT)",2026-09-27 09:00:00+00:00,2026-09-27 10:00:00+00:00,PT60M,Abs/Core,Intermediate,29.0,29,True,Outdoor Gym area,https://ourparks.org.uk/borough/womens-only-abs-bums-thighs-abt-110069,Bartlett Park,E14 6LA,London,Bartlett Park Outdoor Gym,GB,51.5152023,-0.0201571,Tower Hamlets,https://ourparks.org.uk/borough/tower-hamlets,Sharron
110070,"Women's only - Abs, Bums & Thighs (ABT)",2026-10-04 09:00:00+00:00,2026-10-04 10:00:00+00:00,PT60M,Abs/Core,Intermediate,29.0,29,True,Outdoor Gym area,https://ourparks.org.uk/borough/womens-only-abs-bums-thighs-abt-110070,Bartlett Park,E14 6LA,London,Bartlett Park Outdoor Gym,GB,51.5152023,-0.0201571,Tower Hamlets,https://ourparks.org.uk/borough/tower-hamlets,Sharron
110071,"Women's only - Abs, Bums & Thighs (ABT)",2026-10-11 09:00:00+00:00,2026-10-11 10:00:00+00:00,PT60M,Abs/Core,Intermediate,29.0,29,True,Outdoor Gym area,https://ourparks.org.uk/borough/womens-only-abs-bums-thighs-abt-110071,Bartlett Park,E14 6LA,London,Bartlett Park Outdoor Gym,GB,51.5152023,-0.0201571,Tower Hamlets,https://ourparks.org.uk/borough/tower-hamlets,Sharron
110072,"Women's only - Abs, Bums & Thighs (ABT)",2026-10-18 09:00:00+00:00,2026-10-18 10:00:00+00:00,PT60M,Abs/Core,Intermediate,29.0,29,True,Outdoor Gym area,https://ourparks.org.uk/borough/womens-only-abs-bums-thighs-abt-110072,Bartlett Park,E14 6LA,London,Bartlett Park Outdoor Gym,GB,51.5152023,-0.0201571,Tower Hamlets,https://ourparks.org.uk/borough/tower-hamlets,Sharron
110073,"Women's only - Abs, Bums & Thighs (ABT)",2026-10-25 09:00:00+00:00,2026-10-25 10:00:00+00:00,PT60M,Abs/Core,Intermediate,29.0,29,True,Outdoor Gym area,https://ourparks.org.uk/borough/womens-only-abs-bums-thighs-abt-110073,Bartlett Park,E14 6LA,London,Bartlett Park Outdoor Gym,GB,51.5152023,-0.0201571,Tower Hamlets,https://ourparks.org.uk/borough/tower-hamlets,Sharron
110074,"Women's only - Abs, Bums & Thighs (ABT)",2026-11-01 09:00:00+00:00,2026-11-01 10:00:00+00:00,PT60M,Abs/Core,Intermediate,29.0,29,True,Outdoor Gym area,https://ourparks.org.uk/borough/womens-only-abs-bums-thighs-abt-110074,Bartlett Park,E14 6LA,London,Bartlett Park Outdoor Gym,GB,51.5152023,-0.0201571,Tower Hamlets,https://ourparks.org.uk/borough/tower-hamlets,Sharron
110075,"Women's only - Abs, Bums & Thighs (ABT)",2026-11-08 09:00:00+00:00,2026-11-08 10:00:00+00:00,PT60M,Abs/Core,Intermediate,29.0,29,True,Outdoor Gym area,https://ourparks.org.uk/borough/womens-only-abs-bums-thighs-abt-110075,Bartlett Park,E14 6LA,London,Bartlett Park Outdoor Gym,GB,51.5152023,-0.0201571,Tower Hamlets,https://ourparks.org.uk/borough/tower-hamlets,Sharron
110076,"Women's only - Abs, Bums & Thighs (ABT)",2026-11-15 09:00:00+00:00,2026-11-15 10:00:00+00:00,PT60M,Abs/Core,Intermediate,29.0,29,True,Outdoor Gym area,https://ourparks.org.uk/borough/womens-only-abs-bums-thighs-abt-110076,Bartlett Park,E14 6LA,London,Bartlett Park Outdoor Gym,GB,51.5152023,-0.0201571,Tower Hamlets,https://ourparks.org.uk/borough/tower-hamlets,Sharron
110077,"Women's only - Abs, Bums & Thighs (ABT)",2026-11-22 09:00:00+00:00,2026-11-22 10:00:00+00:00,PT60M,Abs/Core,Intermediate,29.0,29,True,Outdoor Gym area,https://ourparks.org.uk/borough/womens-only-abs-bums-thighs-abt-110077,Bartlett Park,E14 6LA,London,Bartlett Park Outdoor Gym,GB,51.5152023,-0.0201571,Tower Hamlets,https://ourparks.org.uk/borough/tower-hamlets,Sharron
110078,"Women's only - Abs, Bums & Thighs (ABT)",2026-11-29 09:00:00+00:00,2026-11-29 10:00:00+00:00,PT60M,Abs/Core,Intermediate,29.0,29,True,Outdoor Gym area,https://ourparks.org.uk/borough/womens-only-abs-bums-thighs-abt-110078,Bartlett Park,E14 6LA,London,Bartlett Park Outdoor Gym,GB,51.5152023,-0.0201571,Tower Hamlets,https://ourparks.org.uk/borough/tower-hamlets,Sharron
110079,"Women's only - Abs, Bums & Thighs (ABT)",2026-12-06 09:00:00+00:00,2026-12-06 10:00:00+00:00,PT60M,Abs/Core,Intermediate,29.0,29,True,Outdoor Gym area,https://ourparks.org.uk/borough/womens-only-abs-bums-thighs-abt-110079,Bartlett Park,E14 6LA,London,Bartlett Park Outdoor Gym,GB,51.5152023,-0.0201571,Tower Hamlets,https://ourparks.org.uk/borough/tower-hamlets,Sharron
110080,"Women's only - Abs, Bums & Thighs (ABT)",2026-12-13 09:00:00+00:00,2026-12-13 10:00:00+00:00,PT60M,Abs/Core,Intermediate,29.0,29,True,Outdoor Gym area,https://ourparks.org.uk/borough/womens-only-abs-bums-thighs-abt-110080,Bartlett Park,E14 6LA,London,Bartlett Park Outdoor Gym,GB,51.5152023,-0.0201571,Tower Hamlets,https://ourparks.org.uk/borough/tower-hamlets,Sharron
110081,"Women's only - Abs, Bums & Thighs (ABT)",2026-12-20 09:00:00+00:00,2026-12-20 10:00:00+00:00,PT60M,Abs/Core,Intermediate,29.0,29,True,Outdoor Gym area,https://ourparks.org.uk/borough/womens-only-abs-bums-thighs-abt-110081,Bartlett Park,E14 6LA,London,Bartlett Park Outdoor Gym,GB,51.5152023,-0.0201571,Tower Hamlets,https://ourparks.org.uk/borough/tower-hamlets,Sharron
110084,"Women's only - Abs, Bums & Thighs (ABT)",2027-01-10 09:00:00+00:00,2027-01-10 10:00:00+00:00,PT60M,Abs/Core,Intermediate,29.0,29,True,Outdoor Gym area,https://ourparks.org.uk/borough/womens-only-abs-bums-thighs-abt-110084,Bartlett Park,E14 6LA,London,Bartlett Park Outdoor Gym,GB,51.5152023,-0.0201571,Tower Hamlets,https://ourparks.org.uk/borough/tower-hamlets,Sharron
110085,"Women's only - Abs, Bums & Thighs (ABT)",2027-01-17 09:00:00+00:00,2027-01-17 10:00:00+00:00,PT60M,Abs/Core,Intermediate,29.0,29,True,Outdoor Gym area,https://ourparks.org.uk/borough/womens-only-abs-bums-thighs-abt-110085,Bartlett Park,E14 6LA,London,Bartlett Park Outdoor Gym,GB,51.5152023,-0.0201571,Tower Hamlets,https://ourparks.org.uk/borough/tower-hamlets,Sharron
110086,"Women's only - Abs, Bums & Thighs (ABT)",2027-01-24 09:00:00+00:00,2027-01-24 10:00:00+00:00,PT60M,Abs/Core,Intermediate,29.0,29,True,Outdoor Gym area,https://ourparks.org.uk/borough/womens-only-abs-bums-thighs-abt-110086,Bartlett Park,E14 6LA,London,Bartlett Park Outdoor Gym,GB,51.5152023,-0.0201571,Tower Hamlets,https://ourparks.org.uk/borough/tower-hamlets,Sharron
110087,"Women's only - Abs, Bums & Thighs (ABT)",2027-01-31 09:00:00+00:00,2027-01-31 10:00:00+00:00,PT60M,Abs/Core,Intermediate,29.0,29,True,Outdoor Gym area,https://ourparks.org.uk/borough/womens-only-abs-bums-thighs-abt-110087,Bartlett Park,E14 6LA,London,Bartlett Park Outdoor Gym,GB,51.5152023,-0.0201571,Tower Hamlets,https://ourparks.org.uk/borough/tower-hamlets,Sharron
110088,"Women's only - Abs, Bums & Thighs (ABT)",2027-02-07 09:00:00+00:00,2027-02-07 10:00:00+00:00,PT60M,Abs/Core,Intermediate,29.0,29,True,Outdoor Gym area,https://ourparks.org.uk/borough/womens-only-abs-bums-thighs-abt-110088,Bartlett Park,E14 6LA,London,Bartlett Park Outdoor Gym,GB,51.5152023,-0.0201571,Tower Hamlets,https://ourparks.org.uk/borough/tower-hamlets,Sharron
110089,"Women's only - Abs, Bums & Thighs (ABT)",2027-02-14 09:00:00+00:00,2027-02-14 10:00:00+00:00,PT60M,Abs/Core,Intermediate,29.0,29,True,Outdoor Gym area,https://ourparks.org.uk/borough/womens-only-abs-bums-thighs-abt-110089,Bartlett Park,E14 6LA,London,Bartlett Park Outdoor Gym,GB,51.5152023,-0.0201571,Tower Hamlets,https://ourparks.org.uk/borough/tower-hamlets,Sharron
110090,"Women's only - Abs, Bums & Thighs (ABT)",2027-02-21 09:00:00+00:00,2027-02-21 10:00:00+00:00,PT60M,Abs/Core,Intermediate,29.0,29,True,Outdoor Gym area,https://ourparks.org.uk/borough/womens-only-abs-bums-thighs-abt-110090,Bartlett Park,E14 6LA,London,Bartlett Park Outdoor Gym,GB,51.5152023,-0.0201571,Tower Hamlets,https://ourparks.org.uk/borough/tower-hamlets,Sharron
110091,"Women's only - Abs, Bums & Thighs (ABT)",2027-02-28 09:00:00+00:00,2027-02-28 10:00:00+00:00,PT60M,Abs/Core,Intermediate,29.0,29,True,Outdoor Gym area,https://ourparks.org.uk/borough/womens-only-abs-bums-thighs-abt-110091,Bartlett Park,E14 6LA,London,Bartlett Park Outdoor Gym,GB,51.5152023,-0.0201571,Tower Hamlets,https://ourparks.org.uk/borough/tower-hamlets,Sharron
110092,"Women's only - Abs, Bums & Thighs (ABT)",2027-03-07 09:00:00+00:00,2027-03-07 10:00:00+00:00,PT60M,Abs/Core,Intermediate,29.0,29,True,Outdoor Gym area,https://ourparks.org.uk/borough/womens-only-abs-bums-thighs-abt-110092,Bartlett Park,E14 6LA,London,Bartlett Park Outdoor Gym,GB,51.5152023,-0.0201571,Tower Hamlets,https://ourparks.org.uk/borough/tower-hamlets,Sharron
110093,"Women's only - Abs, Bums & Thighs (ABT)",2027-03-14 09:00:00+00:00,2027-03-14 10:00:00+00:00,PT60M,Abs/Core,Intermediate,29.0,29,True,Outdoor Gym area,https://ourparks.org.uk/borough/womens-only-abs-bums-thighs-abt-110093,Bartlett Park,E14 6LA,London,Bartlett Park Outdoor Gym,GB,51.5152023,-0.0201571,Tower Hamlets,https://ourparks.org.uk/borough/tower-hamlets,Sharron
110094,"Women's only - Abs, Bums & Thighs (ABT)",2027-03-21 09:00:00+00:00,2027-03-21 10:00:00+00:00,PT60M,Abs/Core,Intermediate,29.0,29,True,Outdoor Gym area,https://ourparks.org.uk/borough/womens-only-abs-bums-thighs-abt-110094,Bartlett Park,E14 6LA,London,Bartlett Park Outdoor Gym,GB,51.5152023,-0.0201571,Tower Hamlets,https://ourparks.org.uk/borough/tower-hamlets,Sharron
110095,"Women's only - Abs, Bums & Thighs (ABT)",2027-03-28 09:00:00+00:00,2027-03-28 10:00:00+00:00,PT60M,Abs/Core,Intermediate,29.0,29,True,Outdoor Gym area,https://ourparks.org.uk/borough/womens-only-abs-bums-thighs-abt-110095,Bartlett Park,E14 6LA,London,Bartlett Park Outdoor Gym,GB,51.5152023,-0.0201571,Tower Hamlets,https://ourparks.org.uk/borough/tower-hamlets,Sharron
110096,"Women's only - Abs, Bums & Thighs (ABT)",2027-04-04 09:00:00+00:00,2027-04-04 10:00:00+00:00,PT60M,Abs/Core,Intermediate,29.0,29,True,Outdoor Gym area,https://ourparks.org.uk/borough/womens-only-abs-bums-thighs-abt-110096,Bartlett Park,E14 6LA,London,Bartlett Park Outdoor Gym,GB,51.5152023,-0.0201571,Tower Hamlets,https://ourparks.org.uk/borough/tower-hamlets,Sharron
110097,"Women's only - Abs, Bums & Thighs (ABT)",2027-04-11 09:00:00+00:00,2027-04-11 10:00:00+00:00,PT60M,Abs/Core,Intermediate,29.0,29,True,Outdoor Gym area,https://ourparks.org.uk/borough/womens-only-abs-bums-thighs-abt-110097,Bartlett Park,E14 6LA,London,Bartlett Park Outdoor Gym,GB,51.5152023,-0.0201571,Tower Hamlets,https://ourparks.org.uk/borough/tower-hamlets,Sharron
110098,"Women's only - Abs, Bums & Thighs (ABT)",2027-04-18 09:00:00+00:00,2027-04-18 10:00:00+00:00,PT60M,Abs/Core,Intermediate,29.0,29,True,Outdoor Gym area,https://ourparks.org.uk/borough/womens-only-abs-bums-thighs-abt-110098,Bartlett Park,E14 6LA,London,Bartlett Park Outdoor Gym,GB,51.5152023,-0.0201571,Tower Hamlets,https://ourparks.org.uk/borough/tower-hamlets,Sharron
110099,"Women's only - Abs, Bums & Thighs (ABT)",2027-04-25 09:00:00+00:00,2027-04-25 10:00:00+00:00,PT60M,Abs/Core,Intermediate,29.0,29,True,Outdoor Gym area,https://ourparks.org.uk/borough/womens-only-abs-bums-thighs-abt-110099,Bartlett Park,E14 6LA,London,Bartlett Park Outdoor Gym,GB,51.5152023,-0.0201571,Tower Hamlets,https://ourparks.org.uk/borough/tower-hamlets,Sharron
110100,"Women's only - Abs, Bums & Thighs (ABT)",2027-05-02 09:00:00+00:00,2027-05-02 10:00:00+00:00,PT60M,Abs/Core,Intermediate,29.0,29,True,Outdoor Gym area,https://ourparks.org.uk/borough/womens-only-abs-bums-thighs-abt-110100,Bartlett Park,E14 6LA,London,Bartlett Park Outdoor Gym,GB,51.5152023,-0.0201571,Tower Hamlets,https://ourparks.org.uk/borough/tower-hamlets,Sharron
110101,"Women's only - Abs, Bums & Thighs (ABT)",2027-05-09 09:00:00+00:00,2027-05-09 10:00:00+00:00,PT60M,Abs/Core,Intermediate,29.0,29,True,Outdoor Gym area,https://ourparks.org.uk/borough/womens-only-abs-bums-thighs-abt-110101,Bartlett Park,E14 6LA,London,Bartlett Park Outdoor Gym,GB,51.5152023,-0.0201571,Tower Hamlets,https://ourparks.org.uk/borough/tower-hamlets,Sharron
110102,"Women's only - Abs, Bums & Thighs (ABT)",2027-05-16 09:00:00+00:00,2027-05-16 10:00:00+00:00,PT60M,Abs/Core,Intermediate,29.0,29,True,Outdoor Gym area,https://ourparks.org.uk/borough/womens-only-abs-bums-thighs-abt-110102,Bartlett Park,E14 6LA,London,Bartlett Park Outdoor Gym,GB,51.5152023,-0.0201571,Tower Hamlets,https://ourparks.org.uk/borough/tower-hamlets,Sharron
105117,Back to Exercise,2026-04-18 09:00:00+00:00,2026-04-18 10:00:00+00:00,PT60M,Abs/Core,Intermediate,29.0,29,True,The Bandstand,https://ourparks.org.uk/borough/back-exercise-105117,Queens Park,NW6 6LR,London,Kingswood Avenue,GB,51.5365323,-0.2092666,Brent,https://ourparks.org.uk/borough/brent-0,Qaiys
105427,Low Impact Stretch,2026-04-21 13:00:00+00:00,2026-04-21 14:00:00+00:00,PT60M,Tai Chi,Beginner,14.0,14,True,Children’s area,https://ourparks.org.uk/borough/low-impact-stretch-105427,Kingsbury Library,NW9 9HE,London,522-524 Kingsbury Road,GB,51.5860156,-0.2765225,Brent,https://ourparks.org.uk/borough/brent-0,Savita
105428,Low Impact Stretch,2026-04-28 13:00:00+00:00,2026-04-28 14:00:00+00:00,PT60M,Tai Chi,Beginner,14.0,14,True,Children’s area,https://ourparks.org.uk/borough/low-impact-stretch-105428,Kingsbury Library,NW9 9HE,London,522-524 Kingsbury Road,GB,51.5860156,-0.2765225,Brent,https://ourparks.org.uk/borough/brent-0,Savita
105430,Low Impact Stretch,2026-05-12 13:00:00+00:00,2026-05-12 14:00:00+00:00,PT60M,Tai Chi,Beginner,14.0,14,True,Children’s area,https://ourparks.org.uk/borough/low-impact-stretch-105430,Kingsbury Library,NW9 9HE,London,522-524 Kingsbury Road,GB,51.5860156,-0.2765225,Brent,https://ourparks.org.uk/borough/brent-0,Savita
105431,Low Impact Stretch,2026-05-19 13:00:00+00:00,2026-05-19 14:00:00+00:00,PT60M,Tai Chi,Beginner,14.0,14,True,Children’s area,https://ourparks.org.uk/borough/low-impact-stretch-105431,Kingsbury Library,NW9 9HE,London,522-524 Kingsbury Road,GB,51.5860156,-0.2765225,Brent,https://ourparks.org.uk/borough/brent-0,Savita
105433,Low Impact Stretch,2026-06-02 13:00:00+00:00,2026-06-02 14:00:00+00:00,PT60M,Tai Chi,Beginner,14.0,14,True,Children’s area,https://ourparks.org.uk/borough/low-impact-stretch-105433,Kingsbury Library,NW9 9HE,London,522-524 Kingsbury Road,GB,51.5860156,-0.2765225,Brent,https://ourparks.org.uk/borough/brent-0,Savita
105434,Low Impact Stretch,2026-06-09 13:00:00+00:00,2026-06-09 14:00:00+00:00,PT60M,Tai Chi,Beginner,14.0,14,True,Children’s area,https://ourparks.org.uk/borough/low-impact-stretch-105434,Kingsbury Library,NW9 9HE,London,522-524 Kingsbury Road,GB,51.5860156,-0.2765225,Brent,https://ourparks.org.uk/borough/brent-0,Savita
105435,Low Impact Stretch,2026-06-16 13:00:00+00:00,2026-06-16 14:00:00+00:00,PT60M,Tai Chi,Beginner,14.0,14,True,Children’s area,https://ourparks.org.uk/borough/low-impact-stretch-105435,Kingsbury Library,NW9 9HE,London,522-524 Kingsbury Road,GB,51.5860156,-0.2765225,Brent,https://ourparks.org.uk/borough/brent-0,Savita
105437,Low Impact Stretch,2026-06-30 13:00:00+00:00,2026-06-30 14:00:00+00:00,PT60M,Tai Chi,Beginner,14.0,14,True,Children’s area,https://ourparks.org.uk/borough/low-impact-stretch-105437,Kingsbury Library,NW9 9HE,London,522-524 Kingsbury Road,GB,51.5860156,-0.2765225,Brent,https://ourparks.org.uk/borough/brent-0,Savita
109440,Bootcamp,2026-06-06 09:00:00+00:00,2026-06-06 10:00:00+00:00,PT60M,Bootcamp,Intermediate,29.0,29,True,By the Outdoor Gym,https://ourparks.org.uk/borough/bootcamp-109440,Hillingdon Court Park,UB10 9NT,Uxbridge,Court Park,GB,51.542145414625,-0.453846634192,Hillingdon,https://ourparks.org.uk/borough/hillingdon,Karolina 
109780,Stretch & Conditioning,2026-04-23 18:00:00+00:00,2026-04-23 19:00:00+00:00,PT60M,Multi Fitness,Intermediate,29.0,29,True,By the Outdoor Gym,https://ourparks.org.uk/borough/stretch-conditioning-109780,Willersley Park,DA15 9EN,Sidcup,Willersley Avenue,GB,51.442682886552,0.101218406272,London Borough of Bexley,https://ourparks.org.uk/borough/london-borough-bexley,Olya
110110,Stretch & Conditioning,2026-04-27 16:30:00+00:00,2026-04-27 17:30:00+00:00,PT60M,Multi Fitness,Intermediate,29.0,29,True,By the Outdoor Gym,https://ourparks.org.uk/borough/stretch-conditioning-110110,Willersley Park,DA15 9EN,Sidcup,Willersley Avenue,GB,51.442682886552,0.101218406272,London Borough of Bexley,https://ourparks.org.uk/borough/london-borough-bexley,Lewis
110111,Stretch & Conditioning,2026-05-04 16:30:00+00:00,2026-05-04 17:30:00+00:00,PT60M,Multi Fitness,Intermediate,29.0,29,True,By the Outdoor Gym,https://ourparks.org.uk/borough/stretch-conditioning-110111,Willersley Park,DA15 9EN,Sidcup,Willersley Avenue,GB,51.442682886552,0.101218406272,London Borough of Bexley,https://ourparks.org.uk/borough/london-borough-bexley,Lewis
110112,Stretch & Conditioning,2026-05-11 16:30:00+00:00,2026-05-11 17:30:00+00:00,PT60M,Multi Fitness,Intermediate,29.0,29,True,By the Outdoor Gym,https://ourparks.org.uk/borough/stretch-conditioning-110112,Willersley Park,DA15 9EN,Sidcup,Willersley Avenue,GB,51.442682886552,0.101218406272,London Borough of Bexley,https://ourparks.org.uk/borough/london-borough-bexley,Lewis
110113,Stretch & Conditioning,2026-05-18 16:30:00+00:00,2026-05-18 17:30:00+00:00,PT60M,Multi Fitness,Intermediate,29.0,29,True,By the Outdoor Gym,https://ourparks.org.uk/borough/stretch-conditioning-110113,Willersley Park,DA15 9EN,Sidcup,Willersley Avenue,GB,51.442682886552,0.101218406272,London Borough of Bexley,https://ourparks.org.uk/borough/london-borough-bexley,Lewis
110114,Stretch & Conditioning,2026-05-25 16:30:00+00:00,2026-05-25 17:30:00+00:00,PT60M,Multi Fitness,Intermediate,29.0,29,True,By the Outdoor Gym,https://ourparks.org.uk/borough/stretch-conditioning-110114,Willersley Park,DA15 9EN,Sidcup,Willersley Avenue,GB,51.442682886552,0.101218406272,London Borough of Bexley,https://ourparks.org.uk/borough/london-borough-bexley,Lewis
110115,Stretch & Conditioning,2026-06-01 16:30:00+00:00,2026-06-01 17:30:00+00:00,PT60M,Multi Fitness,Intermediate,29.0,29,True,By the Outdoor Gym,https://ourparks.org.uk/borough/stretch-conditioning-110115,Willersley Park,DA15 9EN,Sidcup,Willersley Avenue,GB,51.442682886552,0.101218406272,London Borough of Bexley,https://ourparks.org.uk/borough/london-borough-bexley,Lewis
110116,Stretch & Conditioning,2026-06-08 16:30:00+00:00,2026-06-08 17:30:00+00:00,PT60M,Multi Fitness,Intermediate,29.0,29,True,By the Outdoor Gym,https://ourparks.org.uk/borough/stretch-conditioning-110116,Willersley Park,DA15 9EN,Sidcup,Willersley Avenue,GB,51.442682886552,0.101218406272,London Borough of Bexley,https://ourparks.org.uk/borough/london-borough-bexley,Lewis
110117,Stretch & Conditioning,2026-06-15 16:30:00+00:00,2026-06-15 17:30:00+00:00,PT60M,Multi Fitness,Intermediate,29.0,29,True,By the Outdoor Gym,https://ourparks.org.uk/borough/stretch-conditioning-110117,Willersley Park,DA15 9EN,Sidcup,Willersley Avenue,GB,51.442682886552,0.101218406272,London Borough of Bexley,https://ourparks.org.uk/borough/london-borough-bexley,Lewis
110118,Stretch & Conditioning,2026-06-22 16:30:00+00:00,2026-06-22 17:30:00+00:00,PT60M,Multi Fitness,Intermediate,29.0,29,True,By the Outdoor Gym,https://ourparks.org.uk/borough/stretch-conditioning-110118,Willersley Park,DA15 9EN,Sidcup,Willersley Avenue,GB,51.442682886552,0.101218406272,London Borough of Bexley,https://ourparks.org.uk/borough/london-borough-bexley,Lewis
110119,Stretch & Conditioning,2026-06-29 16:30:00+00:00,2026-06-29 17:30:00+00:00,PT60M,Multi Fitness,Intermediate,29.0,29,True,By the Outdoor Gym,https://ourparks.org.uk/borough/stretch-conditioning-110119,Willersley Park,DA15 9EN,Sidcup,Willersley Avenue,GB,51.442682886552,0.101218406272,London Borough of Bexley,https://ourparks.org.uk/borough/london-borough-bexley,Lewis
110120,Stretch & Conditioning,2026-07-06 16:30:00+00:00,2026-07-06 17:30:00+00:00,PT60M,Multi Fitness,Intermediate,29.0,29,True,By the Outdoor Gym,https://ourparks.org.uk/borough/stretch-conditioning-110120,Willersley Park,DA15 9EN,Sidcup,Willersley Avenue,GB,51.442682886552,0.101218406272,London Borough of Bexley,https://ourparks.org.uk/borough/london-borough-bexley,Lewis
110121,Stretch & Conditioning,2026-07-13 16:30:00+00:00,2026-07-13 17:30:00+00:00,PT60M,Multi Fitness,Intermediate,29.0,29,True,By the Outdoor Gym,https://ourparks.org.uk/borough/stretch-conditioning-110121,Willersley Park,DA15 9EN,Sidcup,Willersley Avenue,GB,51.442682886552,0.101218406272,London Borough of Bexley,https://ourparks.org.uk/borough/london-borough-bexley,Lewis
110122,Stretch & Conditioning,2026-07-20 16:30:00+00:00,2026-07-20 17:30:00+00:00,PT60M,Multi Fitness,Intermediate,29.0,29,True,By the Outdoor Gym,https://ourparks.org.uk/borough/stretch-conditioning-110122,Willersley Park,DA15 9EN,Sidcup,Willersley Avenue,GB,51.442682886552,0.101218406272,London Borough of Bexley,https://ourparks.org.uk/borough/london-borough-bexley,Lewis
110123,Stretch & Conditioning,2026-07-27 16:30:00+00:00,2026-07-27 17:30:00+00:00,PT60M,Multi Fitness,Intermediate,29.0,29,True,By the Outdoor Gym,https://ourparks.org.uk/borough/stretch-conditioning-110123,Willersley Park,DA15 9EN,Sidcup,Willersley Avenue,GB,51.442682886552,0.101218406272,London Borough of Bexley,https://ourparks.org.uk/borough/london-borough-bexley,Lewis
110124,Stretch & Conditioning,2026-08-03 16:30:00+00:00,2026-08-03 17:30:00+00:00,PT60M,Multi Fitness,Intermediate,29.0,29,True,By the Outdoor Gym,https://ourparks.org.uk/borough/stretch-conditioning-110124,Willersley Park,DA15 9EN,Sidcup,Willersley Avenue,GB,51.442682886552,0.101218406272,London Borough of Bexley,https://ourparks.org.uk/borough/london-borough-bexley,Lewis
110125,Stretch & Conditioning,2026-08-10 16:30:00+00:00,2026-08-10 17:30:00+00:00,PT60M,Multi Fitness,Intermediate,29.0,29,True,By the Outdoor Gym,https://ourparks.org.uk/borough/stretch-conditioning-110125,Willersley Park,DA15 9EN,Sidcup,Willersley Avenue,GB,51.442682886552,0.101218406272,London Borough of Bexley,https://ourparks.org.uk/borough/london-borough-bexley,Lewis
110126,Stretch & Conditioning,2026-08-17 16:30:00+00:00,2026-08-17 17:30:00+00:00,PT60M,Multi Fitness,Intermediate,29.0,29,True,By the Outdoor Gym,https://ourparks.org.uk/borough/stretch-conditioning-110126,Willersley Park,DA15 9EN,Sidcup,Willersley Avenue,GB,51.442682886552,0.101218406272,London Borough of Bexley,https://ourparks.org.uk/borough/london-borough-bexley,Lewis
110127,Stretch & Conditioning,2026-08-24 16:30:00+00:00,2026-08-24 17:30:00+00:00,PT60M,Multi Fitness,Intermediate,29.0,29,True,By the Outdoor Gym,https://ourparks.org.uk/borough/stretch-conditioning-110127,Willersley Park,DA15 9EN,Sidcup,Willersley Avenue,GB,51.442682886552,0.101218406272,London Borough of Bexley,https://ourparks.org.uk/borough/london-borough-bexley,Lewis
110128,Stretch & Conditioning,2026-08-31 16:30:00+00:00,2026-08-31 17:30:00+00:00,PT60M,Multi Fitness,Intermediate,29.0,29,True,By the Outdoor Gym,https://ourparks.org.uk/borough/stretch-conditioning-110128,Willersley Park,DA15 9EN,Sidcup,Willersley Avenue,GB,51.442682886552,0.101218406272,London Borough of Bexley,https://ourparks.org.uk/borough/london-borough-bexley,Lewis
110129,Stretch & Conditioning,2026-09-07 16:30:00+00:00,2026-09-07 17:30:00+00:00,PT60M,Multi Fitness,Intermediate,29.0,29,True,By the Outdoor Gym,https://ourparks.org.uk/borough/stretch-conditioning-110129,Willersley Park,DA15 9EN,Sidcup,Willersley Avenue,GB,51.442682886552,0.101218406272,London Borough of Bexley,https://ourparks.org.uk/borough/london-borough-bexley,Lewis
110152,Full Body Workout,2026-04-25 09:00:00+00:00,2026-04-25 10:00:00+00:00,PT60M,Bootcamp,Intermediate,29.0,29,True,Outdoor Gym area,https://ourparks.org.uk/borough/full-body-workout-110152,Erith Riverside Gardens,DA8 1QY,Erith,Erith High Street,GB,51.482871018656,0.178854717888,London Borough of Bexley,https://ourparks.org.uk/borough/london-borough-bexley,Kashif
110153,Full Body Workout,2026-05-02 09:00:00+00:00,2026-05-02 10:00:00+00:00,PT60M,Bootcamp,Intermediate,29.0,29,True,Outdoor Gym area,https://ourparks.org.uk/borough/full-body-workout-110153,Erith Riverside Gardens,DA8 1QY,Erith,Erith High Street,GB,51.482871018656,0.178854717888,London Borough of Bexley,https://ourparks.org.uk/borough/london-borough-bexley,Kashif
110154,Full Body Workout,2026-05-09 09:00:00+00:00,2026-05-09 10:00:00+00:00,PT60M,Bootcamp,Intermediate,29.0,29,True,Outdoor Gym area,https://ourparks.org.uk/borough/full-body-workout-110154,Erith Riverside Gardens,DA8 1QY,Erith,Erith High Street,GB,51.482871018656,0.178854717888,London Borough of Bexley,https://ourparks.org.uk/borough/london-borough-bexley,Kashif
110155,Full Body Workout,2026-05-16 09:00:00+00:00,2026-05-16 10:00:00+00:00,PT60M,Bootcamp,Intermediate,29.0,29,True,Outdoor Gym area,https://ourparks.org.uk/borough/full-body-workout-110155,Erith Riverside Gardens,DA8 1QY,Erith,Erith High Street,GB,51.482871018656,0.178854717888,London Borough of Bexley,https://ourparks.org.uk/borough/london-borough-bexley,Kashif
110156,Full Body Workout,2026-05-23 09:00:00+00:00,2026-05-23 10:00:00+00:00,PT60M,Bootcamp,Intermediate,29.0,29,True,Outdoor Gym area,https://ourparks.org.uk/borough/full-body-workout-110156,Erith Riverside Gardens,DA8 1QY,Erith,Erith High Street,GB,51.482871018656,0.178854717888,London Borough of Bexley,https://ourparks.org.uk/borough/london-borough-bexley,Kashif
110158,Full Body Workout,2026-06-06 09:00:00+00:00,2026-06-06 10:00:00+00:00,PT60M,Bootcamp,Intermediate,29.0,29,True,Outdoor Gym area,https://ourparks.org.uk/borough/full-body-workout-110158,Erith Riverside Gardens,DA8 1QY,Erith,Erith High Street,GB,51.482871018656,0.178854717888,London Borough of Bexley,https://ourparks.org.uk/borough/london-borough-bexley,Kashif
110159,Full Body Workout,2026-06-13 09:00:00+00:00,2026-06-13 10:00:00+00:00,PT60M,Bootcamp,Intermediate,29.0,29,True,Outdoor Gym area,https://ourparks.org.uk/borough/full-body-workout-110159,Erith Riverside Gardens,DA8 1QY,Erith,Erith High Street,GB,51.482871018656,0.178854717888,London Borough of Bexley,https://ourparks.org.uk/borough/london-borough-bexley,Kashif
110161,Full Body Workout,2026-06-27 09:00:00+00:00,2026-06-27 10:00:00+00:00,PT60M,Bootcamp,Intermediate,29.0,29,True,Outdoor Gym area,https://ourparks.org.uk/borough/full-body-workout-110161,Erith Riverside Gardens,DA8 1QY,Erith,Erith High Street,GB,51.482871018656,0.178854717888,London Borough of Bexley,https://ourparks.org.uk/borough/london-borough-bexley,Kashif
110163,Full Body Workout,2026-07-11 09:00:00+00:00,2026-07-11 10:00:00+00:00,PT60M,Bootcamp,Intermediate,29.0,29,True,Outdoor Gym area,https://ourparks.org.uk/borough/full-body-workout-110163,Erith Riverside Gardens,DA8 1QY,Erith,Erith High Street,GB,51.482871018656,0.178854717888,London Borough of Bexley,https://ourparks.org.uk/borough/london-borough-bexley,Kashif
110164,Full Body Workout,2026-07-18 09:00:00+00:00,2026-07-18 10:00:00+00:00,PT60M,Bootcamp,Intermediate,29.0,29,True,Outdoor Gym area,https://ourparks.org.uk/borough/full-body-workout-110164,Erith Riverside Gardens,DA8 1QY,Erith,Erith High Street,GB,51.482871018656,0.178854717888,London Borough of Bexley,https://ourparks.org.uk/borough/london-borough-bexley,Kashif
110165,Full Body Workout,2026-07-25 09:00:00+00:00,2026-07-25 10:00:00+00:00,PT60M,Bootcamp,Intermediate,29.0,29,True,Outdoor Gym area,https://ourparks.org.uk/borough/full-body-workout-110165,Erith Riverside Gardens,DA8 1QY,Erith,Erith High Street,GB,51.482871018656,0.178854717888,London Borough of Bexley,https://ourparks.org.uk/borough/london-borough-bexley,Kashif
110166,Full Body Workout,2026-08-01 09:00:00+00:00,2026-08-01 10:00:00+00:00,PT60M,Bootcamp,Intermediate,29.0,29,True,Outdoor Gym area,https://ourparks.org.uk/borough/full-body-workout-110166,Erith Riverside Gardens,DA8 1QY,Erith,Erith High Street,GB,51.482871018656,0.178854717888,London Borough of Bexley,https://ourparks.org.uk/borough/london-borough-bexley,Kashif
110167,Full Body Workout,2026-08-08 09:00:00+00:00,2026-08-08 10:00:00+00:00,PT60M,Bootcamp,Intermediate,29.0,29,True,Outdoor Gym area,https://ourparks.org.uk/borough/full-body-workout-110167,Erith Riverside Gardens,DA8 1QY,Erith,Erith High Street,GB,51.482871018656,0.178854717888,London Borough of Bexley,https://ourparks.org.uk/borough/london-borough-bexley,Kashif
110168,Full Body Workout,2026-08-15 09:00:00+00:00,2026-08-15 10:00:00+00:00,PT60M,Bootcamp,Intermediate,29.0,29,True,Outdoor Gym area,https://ourparks.org.uk/borough/full-body-workout-110168,Erith Riverside Gardens,DA8 1QY,Erith,Erith High Street,GB,51.482871018656,0.178854717888,London Borough of Bexley,https://ourparks.org.uk/borough/london-borough-bexley,Kashif
110169,Full Body Workout,2026-08-22 09:00:00+00:00,2026-08-22 10:00:00+00:00,PT60M,Bootcamp,Intermediate,29.0,29,True,Outdoor Gym area,https://ourparks.org.uk/borough/full-body-workout-110169,Erith Riverside Gardens,DA8 1QY,Erith,Erith High Street,GB,51.482871018656,0.178854717888,London Borough of Bexley,https://ourparks.org.uk/borough/london-borough-bexley,Kashif
110170,Full Body Workout,2026-08-29 09:00:00+00:00,2026-08-29 10:00:00+00:00,PT60M,Bootcamp,Intermediate,29.0,29,True,Outdoor Gym area,https://ourparks.org.uk/borough/full-body-workout-110170,Erith Riverside Gardens,DA8 1QY,Erith,Erith High Street,GB,51.482871018656,0.178854717888,London Borough of Bexley,https://ourparks.org.uk/borough/london-borough-bexley,Kashif
110171,Full Body Workout,2026-09-05 09:00:00+00:00,2026-09-05 10:00:00+00:00,PT60M,Bootcamp,Intermediate,29.0,29,True,Outdoor Gym area,https://ourparks.org.uk/borough/full-body-workout-110171,Erith Riverside Gardens,DA8 1QY,Erith,Erith High Street,GB,51.482871018656,0.178854717888,London Borough of Bexley,https://ourparks.org.uk/borough/london-borough-bexley,Kashif
110172,Full Body Workout,2026-09-12 09:00:00+00:00,2026-09-12 10:00:00+00:00,PT60M,Bootcamp,Intermediate,29.0,29,True,Outdoor Gym area,https://ourparks.org.uk/borough/full-body-workout-110172,Erith Riverside Gardens,DA8 1QY,Erith,Erith High Street,GB,51.482871018656,0.178854717888,London Borough of Bexley,https://ourparks.org.uk/borough/london-borough-bexley,Kashif
107738,RISE & SHINE LIVE YOGA,2026-04-29 06:30:00+00:00,2026-04-29 07:30:00+00:00,PT60M,Yoga,Intermediate,0.0,0,True,Your streaming device,https://ourparks.org.uk/borough/rise-shine-live-yoga-107738,Our Parks Live,KT2 7EW,London,10 London Mews,GB,51.5161826,-0.1735317,All UK,https://ourparks.org.uk/borough/all-uk,Olga
107739,RISE & SHINE LIVE YOGA,2026-05-06 06:30:00+00:00,2026-05-06 07:30:00+00:00,PT60M,Yoga,Intermediate,0.0,0,True,Your streaming device,https://ourparks.org.uk/borough/rise-shine-live-yoga-107739,Our Parks Live,KT2 7EW,London,10 London Mews,GB,51.5161826,-0.1735317,All UK,https://ourparks.org.uk/borough/all-uk,Olga
109840,Back to Exercise,2026-04-20 16:30:00+00:00,2026-04-20 17:30:00+00:00,PT60M,Group Exercise,Intermediate,29.0,29,True,By the childrens play area,https://ourparks.org.uk/borough/back-exercise-109840,Old Farm Park,DA15 8AN,Sidcup,Old Farm Avenue,GB,51.435940810701,0.091383360071,London Borough of Bexley,https://ourparks.org.uk/borough/london-borough-bexley,Leander
109841,Back to Exercise,2026-04-27 16:30:00+00:00,2026-04-27 17:30:00+00:00,PT60M,Group Exercise,Intermediate,29.0,29,True,By the childrens play area,https://ourparks.org.uk/borough/back-exercise-109841,Old Farm Park,DA15 8AN,Sidcup,Old Farm Avenue,GB,51.435940810701,0.091383360071,London Borough of Bexley,https://ourparks.org.uk/borough/london-borough-bexley,Leander
109842,Back to Exercise,2026-05-04 16:30:00+00:00,2026-05-04 17:30:00+00:00,PT60M,Group Exercise,Intermediate,29.0,29,True,By the childrens play area,https://ourparks.org.uk/borough/back-exercise-109842,Old Farm Park,DA15 8AN,Sidcup,Old Farm Avenue,GB,51.435940810701,0.091383360071,London Borough of Bexley,https://ourparks.org.uk/borough/london-borough-bexley,Leander
109845,Back to Exercise,2026-05-25 16:30:00+00:00,2026-05-25 17:30:00+00:00,PT60M,Group Exercise,Intermediate,29.0,29,True,By the childrens play area,https://ourparks.org.uk/borough/back-exercise-109845,Old Farm Park,DA15 8AN,Sidcup,Old Farm Avenue,GB,51.435940810701,0.091383360071,London Borough of Bexley,https://ourparks.org.uk/borough/london-borough-bexley,Leander
109846,Back to Exercise,2026-06-01 16:30:00+00:00,2026-06-01 17:30:00+00:00,PT60M,Group Exercise,Intermediate,29.0,29,True,By the childrens play area,https://ourparks.org.uk/borough/back-exercise-109846,Old Farm Park,DA15 8AN,Sidcup,Old Farm Avenue,GB,51.435940810701,0.091383360071,London Borough of Bexley,https://ourparks.org.uk/borough/london-borough-bexley,Leander
109860,Back to Exercise,2026-09-07 16:30:00+00:00,2026-09-07 17:30:00+00:00,PT60M,Group Exercise,Intermediate,29.0,29,True,By the childrens play area,https://ourparks.org.uk/borough/back-exercise-109860,Old Farm Park,DA15 8AN,Sidcup,Old Farm Avenue,GB,51.435940810701,0.091383360071,London Borough of Bexley,https://ourparks.org.uk/borough/london-borough-bexley,Leander
107787,Rise & Shine Core Workout,2026-04-23 06:30:00+00:00,2026-04-23 07:30:00+00:00,PT60M,Abs/Core,Intermediate,0.0,0,True,Your streaming device,https://ourparks.org.uk/borough/rise-shine-core-workout-107787,Our Parks Live,KT2 7EW,London,10 London Mews,GB,51.5161826,-0.1735317,All UK,https://ourparks.org.uk/borough/all-uk,Shahna
108867,Beginners Bootcamp,2026-04-27 17:30:00+00:00,2026-04-27 18:30:00+00:00,PT60M,Bootcamp,Intermediate,29.0,29,True,Front of club - Sessions take place on the Club House Pitch,https://ourparks.org.uk/borough/beginners-bootcamp-108867,Sutton & Epsom RFC,SM2 7NF,Sutton,"Cuddington Court, Rugby Lane",GB,51.349432,-0.2225745,London Borough of Sutton,https://ourparks.org.uk/borough/london-borough-sutton,PHILIP
108869,Beginners Bootcamp,2026-05-11 17:30:00+00:00,2026-05-11 18:30:00+00:00,PT60M,Bootcamp,Intermediate,29.0,29,True,Front of club - Sessions take place on the Club House Pitch,https://ourparks.org.uk/borough/beginners-bootcamp-108869,Sutton & Epsom RFC,SM2 7NF,Sutton,"Cuddington Court, Rugby Lane",GB,51.349432,-0.2225745,London Borough of Sutton,https://ourparks.org.uk/borough/london-borough-sutton,PHILIP
108870,Beginners Bootcamp,2026-05-18 17:30:00+00:00,2026-05-18 18:30:00+00:00,PT60M,Bootcamp,Intermediate,29.0,29,True,Front of club - Sessions take place on the Club House Pitch,https://ourparks.org.uk/borough/beginners-bootcamp-108870,Sutton & Epsom RFC,SM2 7NF,Sutton,"Cuddington Court, Rugby Lane",GB,51.349432,-0.2225745,London Borough of Sutton,https://ourparks.org.uk/borough/london-borough-sutton,PHILIP
107788,Rise & Shine Mat Pilates,2026-04-30 06:30:00+00:00,2026-04-30 07:30:00+00:00,PT60M,Pilates,Intermediate,0.0,0,True,Your streaming device,https://ourparks.org.uk/borough/rise-shine-mat-pilates-107788,Our Parks Live,KT2 7EW,London,10 London Mews,GB,51.5161826,-0.1735317,All UK,https://ourparks.org.uk/borough/all-uk,Savita
107789,Rise & Shine Mat Pilates,2026-05-07 06:30:00+00:00,2026-05-07 07:30:00+00:00,PT60M,Pilates,Intermediate,0.0,0,True,Your streaming device,https://ourparks.org.uk/borough/rise-shine-mat-pilates-107789,Our Parks Live,KT2 7EW,London,10 London Mews,GB,51.5161826,-0.1735317,All UK,https://ourparks.org.uk/borough/all-uk,Savita
107790,Rise & Shine Mat Pilates,2026-05-14 06:30:00+00:00,2026-05-14 07:30:00+00:00,PT60M,Pilates,Intermediate,0.0,0,True,Your streaming device,https://ourparks.org.uk/borough/rise-shine-mat-pilates-107790,Our Parks Live,KT2 7EW,London,10 London Mews,GB,51.5161826,-0.1735317,All UK,https://ourparks.org.uk/borough/all-uk,Savita
107791,Rise & Shine Mat Pilates,2026-05-21 06:30:00+00:00,2026-05-21 07:30:00+00:00,PT60M,Pilates,Intermediate,0.0,0,True,Your streaming device,https://ourparks.org.uk/borough/rise-shine-mat-pilates-107791,Our Parks Live,KT2 7EW,London,10 London Mews,GB,51.5161826,-0.1735317,All UK,https://ourparks.org.uk/borough/all-uk,Savita
107792,Rise & Shine Mat Pilates,2026-05-28 06:30:00+00:00,2026-05-28 07:30:00+00:00,PT60M,Pilates,Intermediate,0.0,0,True,Your streaming device,https://ourparks.org.uk/borough/rise-shine-mat-pilates-107792,Our Parks Live,KT2 7EW,London,10 London Mews,GB,51.5161826,-0.1735317,All UK,https://ourparks.org.uk/borough/all-uk,Savita
107793,Rise & Shine Mat Pilates,2026-06-04 06:30:00+00:00,2026-06-04 07:30:00+00:00,PT60M,Pilates,Intermediate,0.0,0,True,Your streaming device,https://ourparks.org.uk/borough/rise-shine-mat-pilates-107793,Our Parks Live,KT2 7EW,London,10 London Mews,GB,51.5161826,-0.1735317,All UK,https://ourparks.org.uk/borough/all-uk,Savita
107794,Rise & Shine Mat Pilates,2026-06-11 06:30:00+00:00,2026-06-11 07:30:00+00:00,PT60M,Pilates,Intermediate,0.0,0,True,Your streaming device,https://ourparks.org.uk/borough/rise-shine-mat-pilates-107794,Our Parks Live,KT2 7EW,London,10 London Mews,GB,51.5161826,-0.1735317,All UK,https://ourparks.org.uk/borough/all-uk,Savita
107795,Rise & Shine Mat Pilates,2026-06-18 06:30:00+00:00,2026-06-18 07:30:00+00:00,PT60M,Pilates,Intermediate,0.0,0,True,Your streaming device,https://ourparks.org.uk/borough/rise-shine-mat-pilates-107795,Our Parks Live,KT2 7EW,London,10 London Mews,GB,51.5161826,-0.1735317,All UK,https://ourparks.org.uk/borough/all-uk,Savita
107796,Rise & Shine Mat Pilates,2026-06-25 06:30:00+00:00,2026-06-25 07:30:00+00:00,PT60M,Pilates,Intermediate,0.0,0,True,Your streaming device,https://ourparks.org.uk/borough/rise-shine-mat-pilates-107796,Our Parks Live,KT2 7EW,London,10 London Mews,GB,51.5161826,-0.1735317,All UK,https://ourparks.org.uk/borough/all-uk,Savita
107797,Rise & Shine Mat Pilates,2026-07-02 06:30:00+00:00,2026-07-02 07:30:00+00:00,PT60M,Pilates,Intermediate,0.0,0,True,Your streaming device,https://ourparks.org.uk/borough/rise-shine-mat-pilates-107797,Our Parks Live,KT2 7EW,London,10 London Mews,GB,51.5161826,-0.1735317,All UK,https://ourparks.org.uk/borough/all-uk,Savita
107802,Rise & Shine Mat Pilates,2026-08-06 06:30:00+00:00,2026-08-06 07:30:00+00:00,PT60M,Pilates,Intermediate,0.0,0,True,Your streaming device,https://ourparks.org.uk/borough/rise-shine-mat-pilates-107802,Our Parks Live,KT2 7EW,London,10 London Mews,GB,51.5161826,-0.1735317,All UK,https://ourparks.org.uk/borough/all-uk,Savita
107803,Rise & Shine Mat Pilates,2026-08-13 06:30:00+00:00,2026-08-13 07:30:00+00:00,PT60M,Pilates,Intermediate,0.0,0,True,Your streaming device,https://ourparks.org.uk/borough/rise-shine-mat-pilates-107803,Our Parks Live,KT2 7EW,London,10 London Mews,GB,51.5161826,-0.1735317,All UK,https://ourparks.org.uk/borough/all-uk,Savita
107804,Rise & Shine Mat Pilates,2026-08-20 06:30:00+00:00,2026-08-20 07:30:00+00:00,PT60M,Pilates,Intermediate,0.0,0,True,Your streaming device,https://ourparks.org.uk/borough/rise-shine-mat-pilates-107804,Our Parks Live,KT2 7EW,London,10 London Mews,GB,51.5161826,-0.1735317,All UK,https://ourparks.org.uk/borough/all-uk,Savita
107805,Rise & Shine Mat Pilates,2026-08-27 06:30:00+00:00,2026-08-27 07:30:00+00:00,PT60M,Pilates,Intermediate,0.0,0,True,Your streaming device,https://ourparks.org.uk/borough/rise-shine-mat-pilates-107805,Our Parks Live,KT2 7EW,London,10 London Mews,GB,51.5161826,-0.1735317,All UK,https://ourparks.org.uk/borough/all-uk,Savita
107806,Rise & Shine Mat Pilates,2026-09-03 06:30:00+00:00,2026-09-03 07:30:00+00:00,PT60M,Pilates,Intermediate,0.0,0,True,Your streaming device,https://ourparks.org.uk/borough/rise-shine-mat-pilates-107806,Our Parks Live,KT2 7EW,London,10 London Mews,GB,51.5161826,-0.1735317,All UK,https://ourparks.org.uk/borough/all-uk,Savita
107807,Rise & Shine Mat Pilates,2026-09-10 06:30:00+00:00,2026-09-10 07:30:00+00:00,PT60M,Pilates,Intermediate,0.0,0,True,Your streaming device,https://ourparks.org.uk/borough/rise-shine-mat-pilates-107807,Our Parks Live,KT2 7EW,London,10 London Mews,GB,51.5161826,-0.1735317,All UK,https://ourparks.org.uk/borough/all-uk,Savita
107808,Rise & Shine Mat Pilates,2026-09-17 06:30:00+00:00,2026-09-17 07:30:00+00:00,PT60M,Pilates,Intermediate,0.0,0,True,Your streaming device,https://ourparks.org.uk/borough/rise-shine-mat-pilates-107808,Our Parks Live,KT2 7EW,London,10 London Mews,GB,51.5161826,-0.1735317,All UK,https://ourparks.org.uk/borough/all-uk,Savita
107809,Rise & Shine Mat Pilates,2026-09-24 06:30:00+00:00,2026-09-24 07:30:00+00:00,PT60M,Pilates,Intermediate,0.0,0,True,Your streaming device,https://ourparks.org.uk/borough/rise-shine-mat-pilates-107809,Our Parks Live,KT2 7EW,London,10 London Mews,GB,51.5161826,-0.1735317,All UK,https://ourparks.org.uk/borough/all-uk,Savita
107810,Rise & Shine Mat Pilates,2026-10-01 06:30:00+00:00,2026-10-01 07:30:00+00:00,PT60M,Pilates,Intermediate,0.0,0,True,Your streaming device,https://ourparks.org.uk/borough/rise-shine-mat-pilates-107810,Our Parks Live,KT2 7EW,London,10 London Mews,GB,51.5161826,-0.1735317,All UK,https://ourparks.org.uk/borough/all-uk,Savita
107811,Rise & Shine Mat Pilates,2026-10-08 06:30:00+00:00,2026-10-08 07:30:00+00:00,PT60M,Pilates,Intermediate,0.0,0,True,Your streaming device,https://ourparks.org.uk/borough/rise-shine-mat-pilates-107811,Our Parks Live,KT2 7EW,London,10 London Mews,GB,51.5161826,-0.1735317,All UK,https://ourparks.org.uk/borough/all-uk,Savita
107812,Rise & Shine Mat Pilates,2026-10-15 06:30:00+00:00,2026-10-15 07:30:00+00:00,PT60M,Pilates,Intermediate,0.0,0,True,Your streaming device,https://ourparks.org.uk/borough/rise-shine-mat-pilates-107812,Our Parks Live,KT2 7EW,London,10 London Mews,GB,51.5161826,-0.1735317,All UK,https://ourparks.org.uk/borough/all-uk,Savita
107813,Rise & Shine Mat Pilates,2026-10-22 06:30:00+00:00,2026-10-22 07:30:00+00:00,PT60M,Pilates,Intermediate,0.0,0,True,Your streaming device,https://ourparks.org.uk/borough/rise-shine-mat-pilates-107813,Our Parks Live,KT2 7EW,London,10 London Mews,GB,51.5161826,-0.1735317,All UK,https://ourparks.org.uk/borough/all-uk,Savita
107814,Rise & Shine Mat Pilates,2026-10-29 06:30:00+00:00,2026-10-29 07:30:00+00:00,PT60M,Pilates,Intermediate,0.0,0,True,Your streaming device,https://ourparks.org.uk/borough/rise-shine-mat-pilates-107814,Our Parks Live,KT2 7EW,London,10 London Mews,GB,51.5161826,-0.1735317,All UK,https://ourparks.org.uk/borough/all-uk,Savita
107815,Rise & Shine Mat Pilates,2026-11-05 06:30:00+00:00,2026-11-05 07:30:00+00:00,PT60M,Pilates,Intermediate,0.0,0,True,Your streaming device,https://ourparks.org.uk/borough/rise-shine-mat-pilates-107815,Our Parks Live,KT2 7EW,London,10 London Mews,GB,51.5161826,-0.1735317,All UK,https://ourparks.org.uk/borough/all-uk,Savita
107816,Rise & Shine Mat Pilates,2026-11-12 06:30:00+00:00,2026-11-12 07:30:00+00:00,PT60M,Pilates,Intermediate,0.0,0,True,Your streaming device,https://ourparks.org.uk/borough/rise-shine-mat-pilates-107816,Our Parks Live,KT2 7EW,London,10 London Mews,GB,51.5161826,-0.1735317,All UK,https://ourparks.org.uk/borough/all-uk,Savita
107817,Rise & Shine Mat Pilates,2026-11-19 06:30:00+00:00,2026-11-19 07:30:00+00:00,PT60M,Pilates,Intermediate,0.0,0,True,Your streaming device,https://ourparks.org.uk/borough/rise-shine-mat-pilates-107817,Our Parks Live,KT2 7EW,London,10 London Mews,GB,51.5161826,-0.1735317,All UK,https://ourparks.org.uk/borough/all-uk,Savita
107818,Rise & Shine Mat Pilates,2026-11-26 06:30:00+00:00,2026-11-26 07:30:00+00:00,PT60M,Pilates,Intermediate,0.0,0,True,Your streaming device,https://ourparks.org.uk/borough/rise-shine-mat-pilates-107818,Our Parks Live,KT2 7EW,London,10 London Mews,GB,51.5161826,-0.1735317,All UK,https://ourparks.org.uk/borough/all-uk,Savita
107819,Rise & Shine Mat Pilates,2026-12-03 06:30:00+00:00,2026-12-03 07:30:00+00:00,PT60M,Pilates,Intermediate,0.0,0,True,Your streaming device,https://ourparks.org.uk/borough/rise-shine-mat-pilates-107819,Our Parks Live,KT2 7EW,London,10 London Mews,GB,51.5161826,-0.1735317,All UK,https://ourparks.org.uk/borough/all-uk,Savita
107820,Rise & Shine Mat Pilates,2026-12-10 06:30:00+00:00,2026-12-10 07:30:00+00:00,PT60M,Pilates,Intermediate,0.0,0,True,Your streaming device,https://ourparks.org.uk/borough/rise-shine-mat-pilates-107820,Our Parks Live,KT2 7EW,London,10 London Mews,GB,51.5161826,-0.1735317,All UK,https://ourparks.org.uk/borough/all-uk,Savita
107821,Rise & Shine Mat Pilates,2026-12-17 06:30:00+00:00,2026-12-17 07:30:00+00:00,PT60M,Pilates,Intermediate,0.0,0,True,Your streaming device,https://ourparks.org.uk/borough/rise-shine-mat-pilates-107821,Our Parks Live,KT2 7EW,London,10 London Mews,GB,51.5161826,-0.1735317,All UK,https://ourparks.org.uk/borough/all-uk,Savita
107822,Rise & Shine Mat Pilates,2026-12-24 06:30:00+00:00,2026-12-24 07:30:00+00:00,PT60M,Pilates,Intermediate,0.0,0,True,Your streaming device,https://ourparks.org.uk/borough/rise-shine-mat-pilates-107822,Our Parks Live,KT2 7EW,London,10 London Mews,GB,51.5161826,-0.1735317,All UK,https://ourparks.org.uk/borough/all-uk,Savita
108877,Box Fit,2026-04-25 08:00:00+00:00,2026-04-25 09:00:00+00:00,PT60M,Boxing Fitness,Intermediate,29.0,29,True,Path by football changing rooms,https://ourparks.org.uk/borough/box-fit-108877,Fairfield Recreation Ground,KT1 2PY,London,Fairfield Recreation Ground,GB,51.4083376,-0.2987306,Kingston Upon-Thames,https://ourparks.org.uk/borough/kingston-upon-thames,Qaiys
108872,Beginners Bootcamp,2026-06-01 17:30:00+00:00,2026-06-01 18:30:00+00:00,PT60M,Bootcamp,Intermediate,29.0,29,True,Front of club - Sessions take place on the Club House Pitch,https://ourparks.org.uk/borough/beginners-bootcamp-108872,Sutton & Epsom RFC,SM2 7NF,Sutton,"Cuddington Court, Rugby Lane",GB,51.349432,-0.2225745,London Borough of Sutton,https://ourparks.org.uk/borough/london-borough-sutton,PHILIP
105534,Strength building class,2026-04-24 13:00:00+00:00,2026-04-24 14:00:00+00:00,PT60M,Yoga,Beginner,15.0,15,True,Carolyn Downs Community Room,https://ourparks.org.uk/borough/strength-building-class-105534,Harlesden Library,NW10 8SE,Harlesden,Craven Park Road,GB,51.538725110209,-0.25043846365,Brent,https://ourparks.org.uk/borough/brent-0,Cansu
105321,Yoga,2026-04-27 13:30:00+00:00,2026-04-27 14:30:00+00:00,PT60M,Yoga,Beginner,15.0,15,True,Performance Space,https://ourparks.org.uk/borough/yoga-105321,Willesden Library,NW10 2SF,Willesden,95 High Road,GB,51.546774,-0.2289203,Brent,https://ourparks.org.uk/borough/brent-0,Luis
105375,Yoga,2026-04-27 14:30:00+00:00,2026-04-27 15:30:00+00:00,PT60M,Yoga,Beginner,15.0,15,True,Performance Space,https://ourparks.org.uk/borough/yoga-105375,Willesden Library,NW10 2SF,Willesden,95 High Road,GB,51.546774,-0.2289203,Brent,https://ourparks.org.uk/borough/brent-0,Luis
108096,Box Fit,2026-04-30 17:30:00+00:00,2026-04-30 18:30:00+00:00,PT60M,Boxing Fitness,Intermediate,29.0,29,True,Outdoor Gym area,https://ourparks.org.uk/borough/box-fit-108096,Victory Park (E20),E20 2ST,London,Victory Park,GB,51.546291703992,-0.00978845673,East Village,https://ourparks.org.uk/borough/east-village,Qaiys
108147,Bootcamp,2026-04-25 09:00:00+00:00,2026-04-25 10:00:00+00:00,PT60M,Bootcamp,Intermediate,29.0,29,True,Outdoor gym area,https://ourparks.org.uk/borough/bootcamp-108147,Victory Park (E20),E20 2ST,London,Victory Park,GB,51.546291703992,-0.00978845673,East Village,https://ourparks.org.uk/borough/east-village,NROB 
108744,Bootcamp,2026-05-02 09:00:00+00:00,2026-05-02 10:00:00+00:00,PT60M,Bootcamp,Intermediate,29.0,29,True,Hard surface by Kids Play Area near car park,https://ourparks.org.uk/borough/bootcamp-108744,Hoblingwell Wood Recreation Ground,BR5 2QB,Orpington,Hoblingwell Recreation Ground,GB,51.402261016538,0.099742592442,Bromley,https://ourparks.org.uk/borough/bromley,Christina
108746,Bootcamp,2026-05-16 09:00:00+00:00,2026-05-16 10:00:00+00:00,PT60M,Bootcamp,Intermediate,29.0,29,True,Hard surface by Kids Play Area near car park,https://ourparks.org.uk/borough/bootcamp-108746,Hoblingwell Wood Recreation Ground,BR5 2QB,Orpington,Hoblingwell Recreation Ground,GB,51.402261016538,0.099742592442,Bromley,https://ourparks.org.uk/borough/bromley,Christina
108749,Bootcamp,2026-06-06 09:00:00+00:00,2026-06-06 10:00:00+00:00,PT60M,Bootcamp,Intermediate,29.0,29,True,Hard surface by Kids Play Area near car park,https://ourparks.org.uk/borough/bootcamp-108749,Hoblingwell Wood Recreation Ground,BR5 2QB,Orpington,Hoblingwell Recreation Ground,GB,51.402261016538,0.099742592442,Bromley,https://ourparks.org.uk/borough/bromley,Christina
107993,"Abs, Bums & Thighs (ABT)",2026-04-27 18:00:00+00:00,2026-04-27 19:00:00+00:00,PT60M,Abs/Core,Intermediate,29.0,29,True,Outdoor Gym area,https://ourparks.org.uk/borough/abs-bums-thighs-abt-107993,Victory Park (E20),E20 2ST,London,Victory Park,GB,51.546291703992,-0.00978845673,East Village,https://ourparks.org.uk/borough/east-village,Albert
109003,Yoga,2026-05-06 08:15:00+00:00,2026-05-06 09:15:00+00:00,PT60M,Yoga,,30.0,30,True,Outdoor Gym area,https://ourparks.org.uk/borough/yoga-109003,Abbey Wood Recreation Ground,DA17 5ND,Belvedere,Abbey Road,GB,51.489689281292,0.133391557591,London Borough of Bexley,https://ourparks.org.uk/borough/london-borough-bexley,Kelly
109004,Yoga,2026-05-13 08:15:00+00:00,2026-05-13 09:15:00+00:00,PT60M,Yoga,,30.0,30,True,Outdoor Gym area,https://ourparks.org.uk/borough/yoga-109004,Abbey Wood Recreation Ground,DA17 5ND,Belvedere,Abbey Road,GB,51.489689281292,0.133391557591,London Borough of Bexley,https://ourparks.org.uk/borough/london-borough-bexley,Kelly
109005,Yoga,2026-05-20 08:15:00+00:00,2026-05-20 09:15:00+00:00,PT60M,Yoga,,30.0,30,True,Outdoor Gym area,https://ourparks.org.uk/borough/yoga-109005,Abbey Wood Recreation Ground,DA17 5ND,Belvedere,Abbey Road,GB,51.489689281292,0.133391557591,London Borough of Bexley,https://ourparks.org.uk/borough/london-borough-bexley,Kelly
109006,Yoga,2026-05-27 08:15:00+00:00,2026-05-27 09:15:00+00:00,PT60M,Yoga,,30.0,30,True,Outdoor Gym area,https://ourparks.org.uk/borough/yoga-109006,Abbey Wood Recreation Ground,DA17 5ND,Belvedere,Abbey Road,GB,51.489689281292,0.133391557591,London Borough of Bexley,https://ourparks.org.uk/borough/london-borough-bexley,Kelly
109007,Yoga,2026-06-03 08:15:00+00:00,2026-06-03 09:15:00+00:00,PT60M,Yoga,,30.0,30,True,Outdoor Gym area,https://ourparks.org.uk/borough/yoga-109007,Abbey Wood Recreation Ground,DA17 5ND,Belvedere,Abbey Road,GB,51.489689281292,0.133391557591,London Borough of Bexley,https://ourparks.org.uk/borough/london-borough-bexley,Kelly
109008,Yoga,2026-06-10 08:15:00+00:00,2026-06-10 09:15:00+00:00,PT60M,Yoga,,30.0,30,True,Outdoor Gym area,https://ourparks.org.uk/borough/yoga-109008,Abbey Wood Recreation Ground,DA17 5ND,Belvedere,Abbey Road,GB,51.489689281292,0.133391557591,London Borough of Bexley,https://ourparks.org.uk/borough/london-borough-bexley,Kelly
109009,Yoga,2026-06-17 08:15:00+00:00,2026-06-17 09:15:00+00:00,PT60M,Yoga,,30.0,30,True,Outdoor Gym area,https://ourparks.org.uk/borough/yoga-109009,Abbey Wood Recreation Ground,DA17 5ND,Belvedere,Abbey Road,GB,51.489689281292,0.133391557591,London Borough of Bexley,https://ourparks.org.uk/borough/london-borough-bexley,Kelly
109011,Yoga,2026-07-01 08:15:00+00:00,2026-07-01 09:15:00+00:00,PT60M,Yoga,,30.0,30,True,Outdoor Gym area,https://ourparks.org.uk/borough/yoga-109011,Abbey Wood Recreation Ground,DA17 5ND,Belvedere,Abbey Road,GB,51.489689281292,0.133391557591,London Borough of Bexley,https://ourparks.org.uk/borough/london-borough-bexley,Kelly
109012,Yoga,2026-07-08 08:15:00+00:00,2026-07-08 09:15:00+00:00,PT60M,Yoga,,30.0,30,True,Outdoor Gym area,https://ourparks.org.uk/borough/yoga-109012,Abbey Wood Recreation Ground,DA17 5ND,Belvedere,Abbey Road,GB,51.489689281292,0.133391557591,London Borough of Bexley,https://ourparks.org.uk/borough/london-borough-bexley,Kelly
109013,Yoga,2026-07-15 08:15:00+00:00,2026-07-15 09:15:00+00:00,PT60M,Yoga,,30.0,30,True,Outdoor Gym area,https://ourparks.org.uk/borough/yoga-109013,Abbey Wood Recreation Ground,DA17 5ND,Belvedere,Abbey Road,GB,51.489689281292,0.133391557591,London Borough of Bexley,https://ourparks.org.uk/borough/london-borough-bexley,Kelly
109014,Yoga,2026-07-22 08:15:00+00:00,2026-07-22 09:15:00+00:00,PT60M,Yoga,,30.0,30,True,Outdoor Gym area,https://ourparks.org.uk/borough/yoga-109014,Abbey Wood Recreation Ground,DA17 5ND,Belvedere,Abbey Road,GB,51.489689281292,0.133391557591,London Borough of Bexley,https://ourparks.org.uk/borough/london-borough-bexley,Kelly
109015,Yoga,2026-07-29 08:15:00+00:00,2026-07-29 09:15:00+00:00,PT60M,Yoga,,30.0,30,True,Outdoor Gym area,https://ourparks.org.uk/borough/yoga-109015,Abbey Wood Recreation Ground,DA17 5ND,Belvedere,Abbey Road,GB,51.489689281292,0.133391557591,London Borough of Bexley,https://ourparks.org.uk/borough/london-borough-bexley,Kelly
109016,Yoga,2026-08-05 08:15:00+00:00,2026-08-05 09:15:00+00:00,PT60M,Yoga,,30.0,30,True,Outdoor Gym area,https://ourparks.org.uk/borough/yoga-109016,Abbey Wood Recreation Ground,DA17 5ND,Belvedere,Abbey Road,GB,51.489689281292,0.133391557591,London Borough of Bexley,https://ourparks.org.uk/borough/london-borough-bexley,Kelly
109017,Yoga,2026-08-12 08:15:00+00:00,2026-08-12 09:15:00+00:00,PT60M,Yoga,,30.0,30,True,Outdoor Gym area,https://ourparks.org.uk/borough/yoga-109017,Abbey Wood Recreation Ground,DA17 5ND,Belvedere,Abbey Road,GB,51.489689281292,0.133391557591,London Borough of Bexley,https://ourparks.org.uk/borough/london-borough-bexley,Kelly
109018,Yoga,2026-08-19 08:15:00+00:00,2026-08-19 09:15:00+00:00,PT60M,Yoga,,30.0,30,True,Outdoor Gym area,https://ourparks.org.uk/borough/yoga-109018,Abbey Wood Recreation Ground,DA17 5ND,Belvedere,Abbey Road,GB,51.489689281292,0.133391557591,London Borough of Bexley,https://ourparks.org.uk/borough/london-borough-bexley,Kelly
109019,Yoga,2026-08-26 08:15:00+00:00,2026-08-26 09:15:00+00:00,PT60M,Yoga,,30.0,30,True,Outdoor Gym area,https://ourparks.org.uk/borough/yoga-109019,Abbey Wood Recreation Ground,DA17 5ND,Belvedere,Abbey Road,GB,51.489689281292,0.133391557591,London Borough of Bexley,https://ourparks.org.uk/borough/london-borough-bexley,Kelly
109020,Yoga,2026-09-02 08:15:00+00:00,2026-09-02 09:15:00+00:00,PT60M,Yoga,,30.0,30,True,Outdoor Gym area,https://ourparks.org.uk/borough/yoga-109020,Abbey Wood Recreation Ground,DA17 5ND,Belvedere,Abbey Road,GB,51.489689281292,0.133391557591,London Borough of Bexley,https://ourparks.org.uk/borough/london-borough-bexley,Kelly
109021,Yoga,2026-09-09 08:15:00+00:00,2026-09-09 09:15:00+00:00,PT60M,Yoga,,30.0,30,True,Outdoor Gym area,https://ourparks.org.uk/borough/yoga-109021,Abbey Wood Recreation Ground,DA17 5ND,Belvedere,Abbey Road,GB,51.489689281292,0.133391557591,London Borough of Bexley,https://ourparks.org.uk/borough/london-borough-bexley,Kelly
106953,"Abs, Bums & Thighs (ABT)",2026-05-03 09:00:00+00:00,2026-05-03 10:00:00+00:00,PT60M,Abs/Core,Intermediate,29.0,29,True,By the cafe,https://ourparks.org.uk/borough/abs-bums-thighs-abt-106953,Roundwood Park,NW10 3RT,Brent,Roundwood Park,GB,51.5420062,-0.2403952,Brent,https://ourparks.org.uk/borough/brent-0,Patrizia
106954,"Abs, Bums & Thighs (ABT)",2026-05-10 09:00:00+00:00,2026-05-10 10:00:00+00:00,PT60M,Abs/Core,Intermediate,29.0,29,True,By the cafe,https://ourparks.org.uk/borough/abs-bums-thighs-abt-106954,Roundwood Park,NW10 3RT,Brent,Roundwood Park,GB,51.5420062,-0.2403952,Brent,https://ourparks.org.uk/borough/brent-0,Patrizia
106955,"Abs, Bums & Thighs (ABT)",2026-05-17 09:00:00+00:00,2026-05-17 10:00:00+00:00,PT60M,Abs/Core,Intermediate,29.0,29,True,By the cafe,https://ourparks.org.uk/borough/abs-bums-thighs-abt-106955,Roundwood Park,NW10 3RT,Brent,Roundwood Park,GB,51.5420062,-0.2403952,Brent,https://ourparks.org.uk/borough/brent-0,Patrizia
106956,"Abs, Bums & Thighs (ABT)",2026-05-24 09:00:00+00:00,2026-05-24 10:00:00+00:00,PT60M,Abs/Core,Intermediate,29.0,29,True,By the cafe,https://ourparks.org.uk/borough/abs-bums-thighs-abt-106956,Roundwood Park,NW10 3RT,Brent,Roundwood Park,GB,51.5420062,-0.2403952,Brent,https://ourparks.org.uk/borough/brent-0,Patrizia
106957,"Abs, Bums & Thighs (ABT)",2026-05-31 09:00:00+00:00,2026-05-31 10:00:00+00:00,PT60M,Abs/Core,Intermediate,29.0,29,True,By the cafe,https://ourparks.org.uk/borough/abs-bums-thighs-abt-106957,Roundwood Park,NW10 3RT,Brent,Roundwood Park,GB,51.5420062,-0.2403952,Brent,https://ourparks.org.uk/borough/brent-0,Patrizia
106958,"Abs, Bums & Thighs (ABT)",2026-06-07 09:00:00+00:00,2026-06-07 10:00:00+00:00,PT60M,Abs/Core,Intermediate,29.0,29,True,By the cafe,https://ourparks.org.uk/borough/abs-bums-thighs-abt-106958,Roundwood Park,NW10 3RT,Brent,Roundwood Park,GB,51.5420062,-0.2403952,Brent,https://ourparks.org.uk/borough/brent-0,Patrizia
106959,"Abs, Bums & Thighs (ABT)",2026-06-14 09:00:00+00:00,2026-06-14 10:00:00+00:00,PT60M,Abs/Core,Intermediate,29.0,29,True,By the cafe,https://ourparks.org.uk/borough/abs-bums-thighs-abt-106959,Roundwood Park,NW10 3RT,Brent,Roundwood Park,GB,51.5420062,-0.2403952,Brent,https://ourparks.org.uk/borough/brent-0,Patrizia
106960,"Abs, Bums & Thighs (ABT)",2026-06-21 09:00:00+00:00,2026-06-21 10:00:00+00:00,PT60M,Abs/Core,Intermediate,29.0,29,True,By the cafe,https://ourparks.org.uk/borough/abs-bums-thighs-abt-106960,Roundwood Park,NW10 3RT,Brent,Roundwood Park,GB,51.5420062,-0.2403952,Brent,https://ourparks.org.uk/borough/brent-0,Patrizia
105429,Low Impact Stretch,2026-05-05 13:00:00+00:00,2026-05-05 14:00:00+00:00,PT60M,Tai Chi,Beginner,14.0,14,True,Children’s area,https://ourparks.org.uk/borough/low-impact-stretch-105429,Kingsbury Library,NW9 9HE,London,522-524 Kingsbury Road,GB,51.5860156,-0.2765225,Brent,https://ourparks.org.uk/borough/brent-0,Dec
109342,Bootcamp,2026-06-18 08:30:00+00:00,2026-06-18 09:30:00+00:00,PT60M,Bootcamp,Intermediate,29.0,29,True,Play Area,https://ourparks.org.uk/borough/bootcamp-109342,Harefield Village Green,UB9 6EG,Harefield,Harefield Village Green,GB,51.604697285476,-0.480577927343,Hillingdon,https://ourparks.org.uk/borough/hillingdon,Sheila
109443,Bootcamp,2026-06-27 09:00:00+00:00,2026-06-27 10:00:00+00:00,PT60M,Bootcamp,Intermediate,29.0,29,True,By the Outdoor Gym,https://ourparks.org.uk/borough/bootcamp-109443,Hillingdon Court Park,UB10 9NT,Uxbridge,Court Park,GB,51.542145414625,-0.453846634192,Hillingdon,https://ourparks.org.uk/borough/hillingdon,Georgia
109866,Yoga,2026-05-12 18:00:00+00:00,2026-05-12 19:00:00+00:00,PT60M,Yoga,Intermediate,10.0,10,True,The Living Room,https://ourparks.org.uk/borough/yoga-109866,The Living Room,RM13 8RQ,London,"The Living Room, Halewood Way, RM13 8RQ",GB,51.524601122357,0.170868173773,"L&Q at Beam Park, Rainham",https://ourparks.org.uk/borough/lq-beam-park-rainham,Clare 
109867,Yoga,2026-05-19 18:00:00+00:00,2026-05-19 19:00:00+00:00,PT60M,Yoga,Intermediate,10.0,10,True,The Living Room,https://ourparks.org.uk/borough/yoga-109867,The Living Room,RM13 8RQ,London,"The Living Room, Halewood Way, RM13 8RQ",GB,51.524601122357,0.170868173773,"L&Q at Beam Park, Rainham",https://ourparks.org.uk/borough/lq-beam-park-rainham,Clare 
109868,Yoga,2026-05-26 18:00:00+00:00,2026-05-26 19:00:00+00:00,PT60M,Yoga,Intermediate,10.0,10,True,The Living Room,https://ourparks.org.uk/borough/yoga-109868,The Living Room,RM13 8RQ,London,"The Living Room, Halewood Way, RM13 8RQ",GB,51.524601122357,0.170868173773,"L&Q at Beam Park, Rainham",https://ourparks.org.uk/borough/lq-beam-park-rainham,Clare 
109869,Yoga,2026-06-02 18:00:00+00:00,2026-06-02 19:00:00+00:00,PT60M,Yoga,Intermediate,10.0,10,True,The Living Room,https://ourparks.org.uk/borough/yoga-109869,The Living Room,RM13 8RQ,London,"The Living Room, Halewood Way, RM13 8RQ",GB,51.524601122357,0.170868173773,"L&Q at Beam Park, Rainham",https://ourparks.org.uk/borough/lq-beam-park-rainham,Clare 
109872,Yoga,2026-06-23 18:00:00+00:00,2026-06-23 19:00:00+00:00,PT60M,Yoga,Intermediate,10.0,10,True,The Living Room,https://ourparks.org.uk/borough/yoga-109872,The Living Room,RM13 8RQ,London,"The Living Room, Halewood Way, RM13 8RQ",GB,51.524601122357,0.170868173773,"L&Q at Beam Park, Rainham",https://ourparks.org.uk/borough/lq-beam-park-rainham,Clare 
109875,Yoga,2026-07-14 18:00:00+00:00,2026-07-14 19:00:00+00:00,PT60M,Yoga,Intermediate,10.0,10,True,The Living Room,https://ourparks.org.uk/borough/yoga-109875,The Living Room,RM13 8RQ,London,"The Living Room, Halewood Way, RM13 8RQ",GB,51.524601122357,0.170868173773,"L&Q at Beam Park, Rainham",https://ourparks.org.uk/borough/lq-beam-park-rainham,Clare 
109876,Yoga,2026-07-21 18:00:00+00:00,2026-07-21 19:00:00+00:00,PT60M,Yoga,Intermediate,10.0,10,True,The Living Room,https://ourparks.org.uk/borough/yoga-109876,The Living Room,RM13 8RQ,London,"The Living Room, Halewood Way, RM13 8RQ",GB,51.524601122357,0.170868173773,"L&Q at Beam Park, Rainham",https://ourparks.org.uk/borough/lq-beam-park-rainham,Clare 
109877,Yoga,2026-07-28 18:00:00+00:00,2026-07-28 19:00:00+00:00,PT60M,Yoga,Intermediate,10.0,10,True,The Living Room,https://ourparks.org.uk/borough/yoga-109877,The Living Room,RM13 8RQ,London,"The Living Room, Halewood Way, RM13 8RQ",GB,51.524601122357,0.170868173773,"L&Q at Beam Park, Rainham",https://ourparks.org.uk/borough/lq-beam-park-rainham,Clare 
109878,Yoga,2026-08-04 18:00:00+00:00,2026-08-04 19:00:00+00:00,PT60M,Yoga,Intermediate,10.0,10,True,The Living Room,https://ourparks.org.uk/borough/yoga-109878,The Living Room,RM13 8RQ,London,"The Living Room, Halewood Way, RM13 8RQ",GB,51.524601122357,0.170868173773,"L&Q at Beam Park, Rainham",https://ourparks.org.uk/borough/lq-beam-park-rainham,Clare 
109879,Yoga,2026-08-11 18:00:00+00:00,2026-08-11 19:00:00+00:00,PT60M,Yoga,Intermediate,10.0,10,True,The Living Room,https://ourparks.org.uk/borough/yoga-109879,The Living Room,RM13 8RQ,London,"The Living Room, Halewood Way, RM13 8RQ",GB,51.524601122357,0.170868173773,"L&Q at Beam Park, Rainham",https://ourparks.org.uk/borough/lq-beam-park-rainham,Clare 
109880,Yoga,2026-08-18 18:00:00+00:00,2026-08-18 19:00:00+00:00,PT60M,Yoga,Intermediate,10.0,10,True,The Living Room,https://ourparks.org.uk/borough/yoga-109880,The Living Room,RM13 8RQ,London,"The Living Room, Halewood Way, RM13 8RQ",GB,51.524601122357,0.170868173773,"L&Q at Beam Park, Rainham",https://ourparks.org.uk/borough/lq-beam-park-rainham,Clare 
109881,Yoga,2026-08-25 18:00:00+00:00,2026-08-25 19:00:00+00:00,PT60M,Yoga,Intermediate,10.0,10,True,The Living Room,https://ourparks.org.uk/borough/yoga-109881,The Living Room,RM13 8RQ,London,"The Living Room, Halewood Way, RM13 8RQ",GB,51.524601122357,0.170868173773,"L&Q at Beam Park, Rainham",https://ourparks.org.uk/borough/lq-beam-park-rainham,Clare 
109882,Yoga,2026-09-01 18:00:00+00:00,2026-09-01 19:00:00+00:00,PT60M,Yoga,Intermediate,10.0,10,True,The Living Room,https://ourparks.org.uk/borough/yoga-109882,The Living Room,RM13 8RQ,London,"The Living Room, Halewood Way, RM13 8RQ",GB,51.524601122357,0.170868173773,"L&Q at Beam Park, Rainham",https://ourparks.org.uk/borough/lq-beam-park-rainham,Clare 
109883,Yoga,2026-09-08 18:00:00+00:00,2026-09-08 19:00:00+00:00,PT60M,Yoga,Intermediate,10.0,10,True,The Living Room,https://ourparks.org.uk/borough/yoga-109883,The Living Room,RM13 8RQ,London,"The Living Room, Halewood Way, RM13 8RQ",GB,51.524601122357,0.170868173773,"L&Q at Beam Park, Rainham",https://ourparks.org.uk/borough/lq-beam-park-rainham,Clare 
109884,Yoga,2026-09-15 18:00:00+00:00,2026-09-15 19:00:00+00:00,PT60M,Yoga,Intermediate,10.0,10,True,The Living Room,https://ourparks.org.uk/borough/yoga-109884,The Living Room,RM13 8RQ,London,"The Living Room, Halewood Way, RM13 8RQ",GB,51.524601122357,0.170868173773,"L&Q at Beam Park, Rainham",https://ourparks.org.uk/borough/lq-beam-park-rainham,Clare 
109885,Yoga,2026-09-22 18:00:00+00:00,2026-09-22 19:00:00+00:00,PT60M,Yoga,Intermediate,10.0,10,True,The Living Room,https://ourparks.org.uk/borough/yoga-109885,The Living Room,RM13 8RQ,London,"The Living Room, Halewood Way, RM13 8RQ",GB,51.524601122357,0.170868173773,"L&Q at Beam Park, Rainham",https://ourparks.org.uk/borough/lq-beam-park-rainham,Clare 
109886,Yoga,2026-09-29 18:00:00+00:00,2026-09-29 19:00:00+00:00,PT60M,Yoga,Intermediate,10.0,10,True,The Living Room,https://ourparks.org.uk/borough/yoga-109886,The Living Room,RM13 8RQ,London,"The Living Room, Halewood Way, RM13 8RQ",GB,51.524601122357,0.170868173773,"L&Q at Beam Park, Rainham",https://ourparks.org.uk/borough/lq-beam-park-rainham,Clare 
109887,Yoga,2026-10-06 18:00:00+00:00,2026-10-06 19:00:00+00:00,PT60M,Yoga,Intermediate,10.0,10,True,The Living Room,https://ourparks.org.uk/borough/yoga-109887,The Living Room,RM13 8RQ,London,"The Living Room, Halewood Way, RM13 8RQ",GB,51.524601122357,0.170868173773,"L&Q at Beam Park, Rainham",https://ourparks.org.uk/borough/lq-beam-park-rainham,Clare 
109888,Yoga,2026-10-13 18:00:00+00:00,2026-10-13 19:00:00+00:00,PT60M,Yoga,Intermediate,10.0,10,True,The Living Room,https://ourparks.org.uk/borough/yoga-109888,The Living Room,RM13 8RQ,London,"The Living Room, Halewood Way, RM13 8RQ",GB,51.524601122357,0.170868173773,"L&Q at Beam Park, Rainham",https://ourparks.org.uk/borough/lq-beam-park-rainham,Clare 
109889,Yoga,2026-10-20 18:00:00+00:00,2026-10-20 19:00:00+00:00,PT60M,Yoga,Intermediate,10.0,10,True,The Living Room,https://ourparks.org.uk/borough/yoga-109889,The Living Room,RM13 8RQ,London,"The Living Room, Halewood Way, RM13 8RQ",GB,51.524601122357,0.170868173773,"L&Q at Beam Park, Rainham",https://ourparks.org.uk/borough/lq-beam-park-rainham,Clare 
109890,Yoga,2026-10-27 18:00:00+00:00,2026-10-27 19:00:00+00:00,PT60M,Yoga,Intermediate,10.0,10,True,The Living Room,https://ourparks.org.uk/borough/yoga-109890,The Living Room,RM13 8RQ,London,"The Living Room, Halewood Way, RM13 8RQ",GB,51.524601122357,0.170868173773,"L&Q at Beam Park, Rainham",https://ourparks.org.uk/borough/lq-beam-park-rainham,Clare 
109891,Yoga,2026-11-03 18:00:00+00:00,2026-11-03 19:00:00+00:00,PT60M,Yoga,Intermediate,10.0,10,True,The Living Room,https://ourparks.org.uk/borough/yoga-109891,The Living Room,RM13 8RQ,London,"The Living Room, Halewood Way, RM13 8RQ",GB,51.524601122357,0.170868173773,"L&Q at Beam Park, Rainham",https://ourparks.org.uk/borough/lq-beam-park-rainham,Clare 
109892,Yoga,2026-11-10 18:00:00+00:00,2026-11-10 19:00:00+00:00,PT60M,Yoga,Intermediate,10.0,10,True,The Living Room,https://ourparks.org.uk/borough/yoga-109892,The Living Room,RM13 8RQ,London,"The Living Room, Halewood Way, RM13 8RQ",GB,51.524601122357,0.170868173773,"L&Q at Beam Park, Rainham",https://ourparks.org.uk/borough/lq-beam-park-rainham,Clare 
109893,Yoga,2026-11-17 18:00:00+00:00,2026-11-17 19:00:00+00:00,PT60M,Yoga,Intermediate,10.0,10,True,The Living Room,https://ourparks.org.uk/borough/yoga-109893,The Living Room,RM13 8RQ,London,"The Living Room, Halewood Way, RM13 8RQ",GB,51.524601122357,0.170868173773,"L&Q at Beam Park, Rainham",https://ourparks.org.uk/borough/lq-beam-park-rainham,Clare 
109894,Yoga,2026-11-24 18:00:00+00:00,2026-11-24 19:00:00+00:00,PT60M,Yoga,Intermediate,10.0,10,True,The Living Room,https://ourparks.org.uk/borough/yoga-109894,The Living Room,RM13 8RQ,London,"The Living Room, Halewood Way, RM13 8RQ",GB,51.524601122357,0.170868173773,"L&Q at Beam Park, Rainham",https://ourparks.org.uk/borough/lq-beam-park-rainham,Clare 
109895,Yoga,2026-12-01 18:00:00+00:00,2026-12-01 19:00:00+00:00,PT60M,Yoga,Intermediate,10.0,10,True,The Living Room,https://ourparks.org.uk/borough/yoga-109895,The Living Room,RM13 8RQ,London,"The Living Room, Halewood Way, RM13 8RQ",GB,51.524601122357,0.170868173773,"L&Q at Beam Park, Rainham",https://ourparks.org.uk/borough/lq-beam-park-rainham,Clare 
109932,Yoga,2026-12-08 18:00:00+00:00,2026-12-08 19:00:00+00:00,PT60M,Yoga,Intermediate,10.0,10,True,The Living Room,https://ourparks.org.uk/borough/yoga-109932,The Living Room,RM13 8RQ,London,"The Living Room, Halewood Way, RM13 8RQ",GB,51.524601122357,0.170868173773,"L&Q at Beam Park, Rainham",https://ourparks.org.uk/borough/lq-beam-park-rainham,Clare 
107890,Full Body Workout - LIVE with Born,2026-05-09 08:00:00+00:00,2026-05-09 09:00:00+00:00,PT60M,Dance Fitness,Intermediate,0.0,0,True,Your streaming device,https://ourparks.org.uk/borough/full-body-workout-live-born-107890,Our Parks Live,KT2 7EW,London,10 London Mews,GB,51.5161826,-0.1735317,All UK,https://ourparks.org.uk/borough/all-uk,Born
109133,Bootcamp,2026-06-03 08:30:00+00:00,2026-06-03 09:30:00+00:00,PT60M,Bootcamp,Intermediate,29.0,29,True,Outdoor Gym area,https://ourparks.org.uk/borough/bootcamp-109133,Queens Park Gardens,W10 4QH,London,Queen Park Gardens,GB,51.5284574,-0.2089447,City of Westminster,https://ourparks.org.uk/borough/city-westminster,Christine
105438,Low Impact Stretch,2026-07-07 13:00:00+00:00,2026-07-07 14:00:00+00:00,PT60M,Tai Chi,Beginner,14.0,14,True,Children’s area,https://ourparks.org.uk/borough/low-impact-stretch-105438,Kingsbury Library,NW9 9HE,London,522-524 Kingsbury Road,GB,51.5860156,-0.2765225,Brent,https://ourparks.org.uk/borough/brent-0,Dyjarn 
105439,Low Impact Stretch,2026-07-14 13:00:00+00:00,2026-07-14 14:00:00+00:00,PT60M,Tai Chi,Beginner,14.0,14,True,Children’s area,https://ourparks.org.uk/borough/low-impact-stretch-105439,Kingsbury Library,NW9 9HE,London,522-524 Kingsbury Road,GB,51.5860156,-0.2765225,Brent,https://ourparks.org.uk/borough/brent-0,Dyjarn 
110051,"Women's only - Abs, Bums & Thighs (ABT)",2026-05-24 09:00:00+00:00,2026-05-24 10:00:00+00:00,PT60M,Abs/Core,Intermediate,29.0,29,True,Outdoor Gym area,https://ourparks.org.uk/borough/womens-only-abs-bums-thighs-abt-110051,Bartlett Park,E14 6LA,London,Bartlett Park Outdoor Gym,GB,51.5152023,-0.0201571,Tower Hamlets,https://ourparks.org.uk/borough/tower-hamlets,Bobbie
108152,Bootcamp,2026-05-30 09:30:00+00:00,2026-05-30 10:30:00+00:00,PT60M,Bootcamp,Intermediate,29.0,29,True,Outdoor gym area,https://ourparks.org.uk/borough/bootcamp-108152,Victory Park (E20),E20 2ST,London,Victory Park,GB,51.546291703992,-0.00978845673,East Village,https://ourparks.org.uk/borough/east-village,Sharron
110055,"Women's only - Abs, Bums & Thighs (ABT)",2026-06-21 09:00:00+00:00,2026-06-21 10:00:00+00:00,PT60M,Abs/Core,Intermediate,29.0,29,True,Outdoor Gym area,https://ourparks.org.uk/borough/womens-only-abs-bums-thighs-abt-110055,Bartlett Park,E14 6LA,London,Bartlett Park Outdoor Gym,GB,51.5152023,-0.0201571,Tower Hamlets,https://ourparks.org.uk/borough/tower-hamlets,Bobbie
110056,"Women's only - Abs, Bums & Thighs (ABT)",2026-06-28 09:00:00+00:00,2026-06-28 10:00:00+00:00,PT60M,Abs/Core,Intermediate,29.0,29,True,Outdoor Gym area,https://ourparks.org.uk/borough/womens-only-abs-bums-thighs-abt-110056,Bartlett Park,E14 6LA,London,Bartlett Park Outdoor Gym,GB,51.5152023,-0.0201571,Tower Hamlets,https://ourparks.org.uk/borough/tower-hamlets,Bobbie
110200,HIIT YOGA,2026-06-29 17:00:00+00:00,2026-06-29 18:00:00+00:00,PT60M,Yoga,Intermediate,30.0,30,True,Marquee Activity Zone 2 - near the Cuban Garage Stage & the Cinema,https://ourparks.org.uk/borough/hiit-yoga-110200,BST Hyde Park Festival,W2 2UH,London,The Parade Ground,GB,51.508831194331,-0.158924485878,The Royal Parks,https://ourparks.org.uk/borough/royal-parks,Lauren
110201,HIIT,2026-06-30 17:00:00+00:00,2026-06-30 18:00:00+00:00,PT60M,HIIT,Intermediate,30.0,30,True,Marquee Activity Zone 2 - near the Cuban Garage Stage & the Cinema,https://ourparks.org.uk/borough/hiit-110201,BST Hyde Park Festival,W2 2UH,London,The Parade Ground,GB,51.508831194331,-0.158924485878,The Royal Parks,https://ourparks.org.uk/borough/royal-parks,Tristan
109134,Bootcamp,2026-06-10 08:30:00+00:00,2026-06-10 09:30:00+00:00,PT60M,Bootcamp,Intermediate,29.0,29,True,Outdoor Gym area,https://ourparks.org.uk/borough/bootcamp-109134,Queens Park Gardens,W10 4QH,London,Queen Park Gardens,GB,51.5284574,-0.2089447,City of Westminster,https://ourparks.org.uk/borough/city-westminster,Jake
109847,Back to Exercise,2026-06-08 16:00:00+00:00,2026-06-08 17:00:00+00:00,PT60M,Group Exercise,Intermediate,29.0,29,True,By the childrens play area,https://ourparks.org.uk/borough/back-exercise-109847,Old Farm Park,DA15 8AN,Sidcup,Old Farm Avenue,GB,51.435940810701,0.091383360071,London Borough of Bexley,https://ourparks.org.uk/borough/london-borough-bexley,Leander
109852,Back to Exercise,2026-07-13 16:00:00+00:00,2026-07-13 17:00:00+00:00,PT60M,Group Exercise,Intermediate,29.0,29,True,By the childrens play area,https://ourparks.org.uk/borough/back-exercise-109852,Old Farm Park,DA15 8AN,Sidcup,Old Farm Avenue,GB,51.435940810701,0.091383360071,London Borough of Bexley,https://ourparks.org.uk/borough/london-borough-bexley,Leander
109851,Back to Exercise,2026-07-06 16:00:00+00:00,2026-07-06 17:00:00+00:00,PT60M,Group Exercise,Intermediate,29.0,29,True,By the childrens play area,https://ourparks.org.uk/borough/back-exercise-109851,Old Farm Park,DA15 8AN,Sidcup,Old Farm Avenue,GB,51.435940810701,0.091383360071,London Borough of Bexley,https://ourparks.org.uk/borough/london-borough-bexley,Leander
109853,Back to Exercise,2026-07-20 16:00:00+00:00,2026-07-20 17:00:00+00:00,PT60M,Group Exercise,Intermediate,29.0,29,True,By the childrens play area,https://ourparks.org.uk/borough/back-exercise-109853,Old Farm Park,DA15 8AN,Sidcup,Old Farm Avenue,GB,51.435940810701,0.091383360071,London Borough of Bexley,https://ourparks.org.uk/borough/london-borough-bexley,Leander
109854,Back to Exercise,2026-07-27 16:00:00+00:00,2026-07-27 17:00:00+00:00,PT60M,Group Exercise,Intermediate,29.0,29,True,By the childrens play area,https://ourparks.org.uk/borough/back-exercise-109854,Old Farm Park,DA15 8AN,Sidcup,Old Farm Avenue,GB,51.435940810701,0.091383360071,London Borough of Bexley,https://ourparks.org.uk/borough/london-borough-bexley,Leander
109855,Back to Exercise,2026-08-03 16:00:00+00:00,2026-08-03 17:00:00+00:00,PT60M,Group Exercise,Intermediate,29.0,29,True,By the childrens play area,https://ourparks.org.uk/borough/back-exercise-109855,Old Farm Park,DA15 8AN,Sidcup,Old Farm Avenue,GB,51.435940810701,0.091383360071,London Borough of Bexley,https://ourparks.org.uk/borough/london-borough-bexley,Leander
109856,Back to Exercise,2026-08-10 16:00:00+00:00,2026-08-10 17:00:00+00:00,PT60M,Group Exercise,Intermediate,29.0,29,True,By the childrens play area,https://ourparks.org.uk/borough/back-exercise-109856,Old Farm Park,DA15 8AN,Sidcup,Old Farm Avenue,GB,51.435940810701,0.091383360071,London Borough of Bexley,https://ourparks.org.uk/borough/london-borough-bexley,Leander
109857,Back to Exercise,2026-08-17 16:00:00+00:00,2026-08-17 17:00:00+00:00,PT60M,Group Exercise,Intermediate,29.0,29,True,By the childrens play area,https://ourparks.org.uk/borough/back-exercise-109857,Old Farm Park,DA15 8AN,Sidcup,Old Farm Avenue,GB,51.435940810701,0.091383360071,London Borough of Bexley,https://ourparks.org.uk/borough/london-borough-bexley,Leander
109858,Back to Exercise,2026-08-24 16:00:00+00:00,2026-08-24 17:00:00+00:00,PT60M,Group Exercise,Intermediate,29.0,29,True,By the childrens play area,https://ourparks.org.uk/borough/back-exercise-109858,Old Farm Park,DA15 8AN,Sidcup,Old Farm Avenue,GB,51.435940810701,0.091383360071,London Borough of Bexley,https://ourparks.org.uk/borough/london-borough-bexley,Leander
109859,Back to Exercise,2026-08-31 16:00:00+00:00,2026-08-31 17:00:00+00:00,PT60M,Group Exercise,Intermediate,29.0,29,True,By the childrens play area,https://ourparks.org.uk/borough/back-exercise-109859,Old Farm Park,DA15 8AN,Sidcup,Old Farm Avenue,GB,51.435940810701,0.091383360071,London Borough of Bexley,https://ourparks.org.uk/borough/london-borough-bexley,Leander
109585,Beginners Bootcamp,2026-06-11 09:00:00+00:00,2026-06-11 10:00:00+00:00,PT60M,Bootcamp,Intermediate,29.0,29,True,Green space across Lee Valley Park Bridge,https://ourparks.org.uk/borough/beginners-bootcamp-109585,Walthamstow Marshes,E10 7QL,London,Lea Bridge Road,GB,51.564823676338,-0.045328683324,Waltham Forest,https://ourparks.org.uk/borough/waltham-forest,Albert
109870,Yoga,2026-06-09 18:00:00+00:00,2026-06-09 19:00:00+00:00,PT60M,Yoga,Intermediate,10.0,10,True,The Living Room,https://ourparks.org.uk/borough/yoga-109870,The Living Room,RM13 8RQ,London,"The Living Room, Halewood Way, RM13 8RQ",GB,51.524601122357,0.170868173773,"L&Q at Beam Park, Rainham",https://ourparks.org.uk/borough/lq-beam-park-rainham,Lyndsay 
109871,Yoga,2026-06-16 18:00:00+00:00,2026-06-16 19:00:00+00:00,PT60M,Yoga,Intermediate,10.0,10,True,The Living Room,https://ourparks.org.uk/borough/yoga-109871,The Living Room,RM13 8RQ,London,"The Living Room, Halewood Way, RM13 8RQ",GB,51.524601122357,0.170868173773,"L&Q at Beam Park, Rainham",https://ourparks.org.uk/borough/lq-beam-park-rainham,Lyndsay 
110231,Bootcamp,2026-07-11 09:00:00+00:00,2026-07-11 10:00:00+00:00,PT60M,Bootcamp,Intermediate,29.0,29,True,Green Space by the War Memorial,https://ourparks.org.uk/borough/bootcamp-110231,Camberwell Green,SE5 7AA,London,Camberwell Green,GB,51.475161998131,-0.092520418567,London Borough of Southwark,https://ourparks.org.uk/borough/london-borough-southwark,agnieszka
110232,Bootcamp,2026-07-18 09:00:00+00:00,2026-07-18 10:00:00+00:00,PT60M,Bootcamp,Intermediate,29.0,29,True,Green Space by the War Memorial,https://ourparks.org.uk/borough/bootcamp-110232,Camberwell Green,SE5 7AA,London,Camberwell Green,GB,51.475161998131,-0.092520418567,London Borough of Southwark,https://ourparks.org.uk/borough/london-borough-southwark,agnieszka
110233,Bootcamp,2026-07-25 09:00:00+00:00,2026-07-25 10:00:00+00:00,PT60M,Bootcamp,Intermediate,29.0,29,True,Green Space by the War Memorial,https://ourparks.org.uk/borough/bootcamp-110233,Camberwell Green,SE5 7AA,London,Camberwell Green,GB,51.475161998131,-0.092520418567,London Borough of Southwark,https://ourparks.org.uk/borough/london-borough-southwark,agnieszka
110234,Bootcamp,2026-08-01 09:00:00+00:00,2026-08-01 10:00:00+00:00,PT60M,Bootcamp,Intermediate,29.0,29,True,Green Space by the War Memorial,https://ourparks.org.uk/borough/bootcamp-110234,Camberwell Green,SE5 7AA,London,Camberwell Green,GB,51.475161998131,-0.092520418567,London Borough of Southwark,https://ourparks.org.uk/borough/london-borough-southwark,agnieszka
110235,Bootcamp,2026-08-08 09:00:00+00:00,2026-08-08 10:00:00+00:00,PT60M,Bootcamp,Intermediate,29.0,29,True,Green Space by the War Memorial,https://ourparks.org.uk/borough/bootcamp-110235,Camberwell Green,SE5 7AA,London,Camberwell Green,GB,51.475161998131,-0.092520418567,London Borough of Southwark,https://ourparks.org.uk/borough/london-borough-southwark,agnieszka
110236,Bootcamp,2026-08-15 09:00:00+00:00,2026-08-15 10:00:00+00:00,PT60M,Bootcamp,Intermediate,29.0,29,True,Green Space by the War Memorial,https://ourparks.org.uk/borough/bootcamp-110236,Camberwell Green,SE5 7AA,London,Camberwell Green,GB,51.475161998131,-0.092520418567,London Borough of Southwark,https://ourparks.org.uk/borough/london-borough-southwark,agnieszka
110237,Bootcamp,2026-08-22 09:00:00+00:00,2026-08-22 10:00:00+00:00,PT60M,Bootcamp,Intermediate,29.0,29,True,Green Space by the War Memorial,https://ourparks.org.uk/borough/bootcamp-110237,Camberwell Green,SE5 7AA,London,Camberwell Green,GB,51.475161998131,-0.092520418567,London Borough of Southwark,https://ourparks.org.uk/borough/london-borough-southwark,agnieszka
110238,Bootcamp,2026-08-29 09:00:00+00:00,2026-08-29 10:00:00+00:00,PT60M,Bootcamp,Intermediate,29.0,29,True,Green Space by the War Memorial,https://ourparks.org.uk/borough/bootcamp-110238,Camberwell Green,SE5 7AA,London,Camberwell Green,GB,51.475161998131,-0.092520418567,London Borough of Southwark,https://ourparks.org.uk/borough/london-borough-southwark,agnieszka
110239,Bootcamp,2026-09-05 09:00:00+00:00,2026-09-05 10:00:00+00:00,PT60M,Bootcamp,Intermediate,29.0,29,True,Green Space by the War Memorial,https://ourparks.org.uk/borough/bootcamp-110239,Camberwell Green,SE5 7AA,London,Camberwell Green,GB,51.475161998131,-0.092520418567,London Borough of Southwark,https://ourparks.org.uk/borough/london-borough-southwark,agnieszka
110240,Bootcamp,2026-09-12 09:00:00+00:00,2026-09-12 10:00:00+00:00,PT60M,Bootcamp,Intermediate,29.0,29,True,Green Space by the War Memorial,https://ourparks.org.uk/borough/bootcamp-110240,Camberwell Green,SE5 7AA,London,Camberwell Green,GB,51.475161998131,-0.092520418567,London Borough of Southwark,https://ourparks.org.uk/borough/london-borough-southwark,agnieszka
110241,Bootcamp,2026-09-19 09:00:00+00:00,2026-09-19 10:00:00+00:00,PT60M,Bootcamp,Intermediate,29.0,29,True,Green Space by the War Memorial,https://ourparks.org.uk/borough/bootcamp-110241,Camberwell Green,SE5 7AA,London,Camberwell Green,GB,51.475161998131,-0.092520418567,London Borough of Southwark,https://ourparks.org.uk/borough/london-borough-southwark,agnieszka
110242,Bootcamp,2026-09-26 09:00:00+00:00,2026-09-26 10:00:00+00:00,PT60M,Bootcamp,Intermediate,29.0,29,True,Green Space by the War Memorial,https://ourparks.org.uk/borough/bootcamp-110242,Camberwell Green,SE5 7AA,London,Camberwell Green,GB,51.475161998131,-0.092520418567,London Borough of Southwark,https://ourparks.org.uk/borough/london-borough-southwark,agnieszka
110243,Bootcamp,2026-10-03 09:00:00+00:00,2026-10-03 10:00:00+00:00,PT60M,Bootcamp,Intermediate,29.0,29,True,Green Space by the War Memorial,https://ourparks.org.uk/borough/bootcamp-110243,Camberwell Green,SE5 7AA,London,Camberwell Green,GB,51.475161998131,-0.092520418567,London Borough of Southwark,https://ourparks.org.uk/borough/london-borough-southwark,agnieszka
110244,Bootcamp,2026-10-10 09:00:00+00:00,2026-10-10 10:00:00+00:00,PT60M,Bootcamp,Intermediate,29.0,29,True,Green Space by the War Memorial,https://ourparks.org.uk/borough/bootcamp-110244,Camberwell Green,SE5 7AA,London,Camberwell Green,GB,51.475161998131,-0.092520418567,London Borough of Southwark,https://ourparks.org.uk/borough/london-borough-southwark,agnieszka
110245,Bootcamp,2026-10-17 09:00:00+00:00,2026-10-17 10:00:00+00:00,PT60M,Bootcamp,Intermediate,29.0,29,True,Green Space by the War Memorial,https://ourparks.org.uk/borough/bootcamp-110245,Camberwell Green,SE5 7AA,London,Camberwell Green,GB,51.475161998131,-0.092520418567,London Borough of Southwark,https://ourparks.org.uk/borough/london-borough-southwark,agnieszka
110246,Bootcamp,2026-10-24 09:00:00+00:00,2026-10-24 10:00:00+00:00,PT60M,Bootcamp,Intermediate,29.0,29,True,Green Space by the War Memorial,https://ourparks.org.uk/borough/bootcamp-110246,Camberwell Green,SE5 7AA,London,Camberwell Green,GB,51.475161998131,-0.092520418567,London Borough of Southwark,https://ourparks.org.uk/borough/london-borough-southwark,agnieszka
110247,Bootcamp,2026-10-31 09:00:00+00:00,2026-10-31 10:00:00+00:00,PT60M,Bootcamp,Intermediate,29.0,29,True,Green Space by the War Memorial,https://ourparks.org.uk/borough/bootcamp-110247,Camberwell Green,SE5 7AA,London,Camberwell Green,GB,51.475161998131,-0.092520418567,London Borough of Southwark,https://ourparks.org.uk/borough/london-borough-southwark,agnieszka
110248,Bootcamp,2026-11-07 09:00:00+00:00,2026-11-07 10:00:00+00:00,PT60M,Bootcamp,Intermediate,29.0,29,True,Green Space by the War Memorial,https://ourparks.org.uk/borough/bootcamp-110248,Camberwell Green,SE5 7AA,London,Camberwell Green,GB,51.475161998131,-0.092520418567,London Borough of Southwark,https://ourparks.org.uk/borough/london-borough-southwark,agnieszka
110249,Bootcamp,2026-11-14 09:00:00+00:00,2026-11-14 10:00:00+00:00,PT60M,Bootcamp,Intermediate,29.0,29,True,Green Space by the War Memorial,https://ourparks.org.uk/borough/bootcamp-110249,Camberwell Green,SE5 7AA,London,Camberwell Green,GB,51.475161998131,-0.092520418567,London Borough of Southwark,https://ourparks.org.uk/borough/london-borough-southwark,agnieszka
110250,Bootcamp,2026-11-21 09:00:00+00:00,2026-11-21 10:00:00+00:00,PT60M,Bootcamp,Intermediate,29.0,29,True,Green Space by the War Memorial,https://ourparks.org.uk/borough/bootcamp-110250,Camberwell Green,SE5 7AA,London,Camberwell Green,GB,51.475161998131,-0.092520418567,London Borough of Southwark,https://ourparks.org.uk/borough/london-borough-southwark,agnieszka
110251,Bootcamp,2026-11-28 09:00:00+00:00,2026-11-28 10:00:00+00:00,PT60M,Bootcamp,Intermediate,29.0,29,True,Green Space by the War Memorial,https://ourparks.org.uk/borough/bootcamp-110251,Camberwell Green,SE5 7AA,London,Camberwell Green,GB,51.475161998131,-0.092520418567,London Borough of Southwark,https://ourparks.org.uk/borough/london-borough-southwark,agnieszka
110252,Bootcamp,2026-12-05 09:00:00+00:00,2026-12-05 10:00:00+00:00,PT60M,Bootcamp,Intermediate,29.0,29,True,Green Space by the War Memorial,https://ourparks.org.uk/borough/bootcamp-110252,Camberwell Green,SE5 7AA,London,Camberwell Green,GB,51.475161998131,-0.092520418567,London Borough of Southwark,https://ourparks.org.uk/borough/london-borough-southwark,agnieszka
110253,Bootcamp,2026-12-12 09:00:00+00:00,2026-12-12 10:00:00+00:00,PT60M,Bootcamp,Intermediate,29.0,29,True,Green Space by the War Memorial,https://ourparks.org.uk/borough/bootcamp-110253,Camberwell Green,SE5 7AA,London,Camberwell Green,GB,51.475161998131,-0.092520418567,London Borough of Southwark,https://ourparks.org.uk/borough/london-borough-southwark,agnieszka
110256,Bootcamp,2027-01-02 09:00:00+00:00,2027-01-02 10:00:00+00:00,PT60M,Bootcamp,Intermediate,29.0,29,True,Green Space by the War Memorial,https://ourparks.org.uk/borough/bootcamp-110256,Camberwell Green,SE5 7AA,London,Camberwell Green,GB,51.475161998131,-0.092520418567,London Borough of Southwark,https://ourparks.org.uk/borough/london-borough-southwark,agnieszka
110257,Bootcamp,2027-01-09 09:00:00+00:00,2027-01-09 10:00:00+00:00,PT60M,Bootcamp,Intermediate,29.0,29,True,Green Space by the War Memorial,https://ourparks.org.uk/borough/bootcamp-110257,Camberwell Green,SE5 7AA,London,Camberwell Green,GB,51.475161998131,-0.092520418567,London Borough of Southwark,https://ourparks.org.uk/borough/london-borough-southwark,agnieszka
110258,Bootcamp,2027-01-16 09:00:00+00:00,2027-01-16 10:00:00+00:00,PT60M,Bootcamp,Intermediate,29.0,29,True,Green Space by the War Memorial,https://ourparks.org.uk/borough/bootcamp-110258,Camberwell Green,SE5 7AA,London,Camberwell Green,GB,51.475161998131,-0.092520418567,London Borough of Southwark,https://ourparks.org.uk/borough/london-borough-southwark,agnieszka
110259,Bootcamp,2027-01-23 09:00:00+00:00,2027-01-23 10:00:00+00:00,PT60M,Bootcamp,Intermediate,29.0,29,True,Green Space by the War Memorial,https://ourparks.org.uk/borough/bootcamp-110259,Camberwell Green,SE5 7AA,London,Camberwell Green,GB,51.475161998131,-0.092520418567,London Borough of Southwark,https://ourparks.org.uk/borough/london-borough-southwark,agnieszka
110260,Bootcamp,2027-01-30 09:00:00+00:00,2027-01-30 10:00:00+00:00,PT60M,Bootcamp,Intermediate,29.0,29,True,Green Space by the War Memorial,https://ourparks.org.uk/borough/bootcamp-110260,Camberwell Green,SE5 7AA,London,Camberwell Green,GB,51.475161998131,-0.092520418567,London Borough of Southwark,https://ourparks.org.uk/borough/london-borough-southwark,agnieszka
110261,Bootcamp,2027-02-06 09:00:00+00:00,2027-02-06 10:00:00+00:00,PT60M,Bootcamp,Intermediate,29.0,29,True,Green Space by the War Memorial,https://ourparks.org.uk/borough/bootcamp-110261,Camberwell Green,SE5 7AA,London,Camberwell Green,GB,51.475161998131,-0.092520418567,London Borough of Southwark,https://ourparks.org.uk/borough/london-borough-southwark,agnieszka
110262,Bootcamp,2027-02-13 09:00:00+00:00,2027-02-13 10:00:00+00:00,PT60M,Bootcamp,Intermediate,29.0,29,True,Green Space by the War Memorial,https://ourparks.org.uk/borough/bootcamp-110262,Camberwell Green,SE5 7AA,London,Camberwell Green,GB,51.475161998131,-0.092520418567,London Borough of Southwark,https://ourparks.org.uk/borough/london-borough-southwark,agnieszka
110263,Bootcamp,2027-02-20 09:00:00+00:00,2027-02-20 10:00:00+00:00,PT60M,Bootcamp,Intermediate,29.0,29,True,Green Space by the War Memorial,https://ourparks.org.uk/borough/bootcamp-110263,Camberwell Green,SE5 7AA,London,Camberwell Green,GB,51.475161998131,-0.092520418567,London Borough of Southwark,https://ourparks.org.uk/borough/london-borough-southwark,agnieszka
110264,Bootcamp,2027-02-27 09:00:00+00:00,2027-02-27 10:00:00+00:00,PT60M,Bootcamp,Intermediate,29.0,29,True,Green Space by the War Memorial,https://ourparks.org.uk/borough/bootcamp-110264,Camberwell Green,SE5 7AA,London,Camberwell Green,GB,51.475161998131,-0.092520418567,London Borough of Southwark,https://ourparks.org.uk/borough/london-borough-southwark,agnieszka
110265,Bootcamp,2027-03-06 09:00:00+00:00,2027-03-06 10:00:00+00:00,PT60M,Bootcamp,Intermediate,29.0,29,True,Green Space by the War Memorial,https://ourparks.org.uk/borough/bootcamp-110265,Camberwell Green,SE5 7AA,London,Camberwell Green,GB,51.475161998131,-0.092520418567,London Borough of Southwark,https://ourparks.org.uk/borough/london-borough-southwark,agnieszka
110266,Bootcamp,2027-03-13 09:00:00+00:00,2027-03-13 10:00:00+00:00,PT60M,Bootcamp,Intermediate,29.0,29,True,Green Space by the War Memorial,https://ourparks.org.uk/borough/bootcamp-110266,Camberwell Green,SE5 7AA,London,Camberwell Green,GB,51.475161998131,-0.092520418567,London Borough of Southwark,https://ourparks.org.uk/borough/london-borough-southwark,agnieszka
110267,Bootcamp,2027-03-20 09:00:00+00:00,2027-03-20 10:00:00+00:00,PT60M,Bootcamp,Intermediate,29.0,29,True,Green Space by the War Memorial,https://ourparks.org.uk/borough/bootcamp-110267,Camberwell Green,SE5 7AA,London,Camberwell Green,GB,51.475161998131,-0.092520418567,London Borough of Southwark,https://ourparks.org.uk/borough/london-borough-southwark,agnieszka
110268,Bootcamp,2027-03-27 09:00:00+00:00,2027-03-27 10:00:00+00:00,PT60M,Bootcamp,Intermediate,29.0,29,True,Green Space by the War Memorial,https://ourparks.org.uk/borough/bootcamp-110268,Camberwell Green,SE5 7AA,London,Camberwell Green,GB,51.475161998131,-0.092520418567,London Borough of Southwark,https://ourparks.org.uk/borough/london-borough-southwark,agnieszka
110269,Bootcamp,2027-04-03 09:00:00+00:00,2027-04-03 10:00:00+00:00,PT60M,Bootcamp,Intermediate,29.0,29,True,Green Space by the War Memorial,https://ourparks.org.uk/borough/bootcamp-110269,Camberwell Green,SE5 7AA,London,Camberwell Green,GB,51.475161998131,-0.092520418567,London Borough of Southwark,https://ourparks.org.uk/borough/london-borough-southwark,agnieszka
110271,Bootcamp,2026-06-13 08:00:00+00:00,2026-06-13 09:00:00+00:00,PT60M,Bootcamp,Intermediate,29.0,29,True,Meeting by the playground swing park in Slade Green Recreational Ground,https://ourparks.org.uk/borough/bootcamp-110271,Slade Green Recreational Ground,DA8 2LX,Bexley,Slade Green,GB,51.469708263156,0.198783354461,London Borough of Bexley,https://ourparks.org.uk/borough/london-borough-bexley,Danni
110272,Bootcamp,2026-06-20 08:00:00+00:00,2026-06-20 09:00:00+00:00,PT60M,Bootcamp,Intermediate,29.0,29,True,Meeting by the playground swing park in Slade Green Recreational Ground,https://ourparks.org.uk/borough/bootcamp-110272,Slade Green Recreational Ground,DA8 2LX,Bexley,Slade Green,GB,51.469708263156,0.198783354461,London Borough of Bexley,https://ourparks.org.uk/borough/london-borough-bexley,Danni
110274,Bootcamp,2026-07-04 08:00:00+00:00,2026-07-04 09:00:00+00:00,PT60M,Bootcamp,Intermediate,29.0,29,True,Meeting by the playground swing park in Slade Green Recreational Ground,https://ourparks.org.uk/borough/bootcamp-110274,Slade Green Recreational Ground,DA8 2LX,Bexley,Slade Green,GB,51.469708263156,0.198783354461,London Borough of Bexley,https://ourparks.org.uk/borough/london-borough-bexley,Danni
110275,Bootcamp,2026-07-11 08:00:00+00:00,2026-07-11 09:00:00+00:00,PT60M,Bootcamp,Intermediate,29.0,29,True,Meeting by the playground swing park in Slade Green Recreational Ground,https://ourparks.org.uk/borough/bootcamp-110275,Slade Green Recreational Ground,DA8 2LX,Bexley,Slade Green,GB,51.469708263156,0.198783354461,London Borough of Bexley,https://ourparks.org.uk/borough/london-borough-bexley,Danni
110276,Bootcamp,2026-07-18 08:00:00+00:00,2026-07-18 09:00:00+00:00,PT60M,Bootcamp,Intermediate,29.0,29,True,Meeting by the playground swing park in Slade Green Recreational Ground,https://ourparks.org.uk/borough/bootcamp-110276,Slade Green Recreational Ground,DA8 2LX,Bexley,Slade Green,GB,51.469708263156,0.198783354461,London Borough of Bexley,https://ourparks.org.uk/borough/london-borough-bexley,Danni
110277,Bootcamp,2026-07-25 08:00:00+00:00,2026-07-25 09:00:00+00:00,PT60M,Bootcamp,Intermediate,29.0,29,True,Meeting by the playground swing park in Slade Green Recreational Ground,https://ourparks.org.uk/borough/bootcamp-110277,Slade Green Recreational Ground,DA8 2LX,Bexley,Slade Green,GB,51.469708263156,0.198783354461,London Borough of Bexley,https://ourparks.org.uk/borough/london-borough-bexley,Danni
110278,Bootcamp,2026-08-01 08:00:00+00:00,2026-08-01 09:00:00+00:00,PT60M,Bootcamp,Intermediate,29.0,29,True,Meeting by the playground swing park in Slade Green Recreational Ground,https://ourparks.org.uk/borough/bootcamp-110278,Slade Green Recreational Ground,DA8 2LX,Bexley,Slade Green,GB,51.469708263156,0.198783354461,London Borough of Bexley,https://ourparks.org.uk/borough/london-borough-bexley,Danni
110279,Bootcamp,2026-08-08 08:00:00+00:00,2026-08-08 09:00:00+00:00,PT60M,Bootcamp,Intermediate,29.0,29,True,Meeting by the playground swing park in Slade Green Recreational Ground,https://ourparks.org.uk/borough/bootcamp-110279,Slade Green Recreational Ground,DA8 2LX,Bexley,Slade Green,GB,51.469708263156,0.198783354461,London Borough of Bexley,https://ourparks.org.uk/borough/london-borough-bexley,Danni
110280,Bootcamp,2026-08-15 08:00:00+00:00,2026-08-15 09:00:00+00:00,PT60M,Bootcamp,Intermediate,29.0,29,True,Meeting by the playground swing park in Slade Green Recreational Ground,https://ourparks.org.uk/borough/bootcamp-110280,Slade Green Recreational Ground,DA8 2LX,Bexley,Slade Green,GB,51.469708263156,0.198783354461,London Borough of Bexley,https://ourparks.org.uk/borough/london-borough-bexley,Danni
110281,Bootcamp,2026-08-22 08:00:00+00:00,2026-08-22 09:00:00+00:00,PT60M,Bootcamp,Intermediate,29.0,29,True,Meeting by the playground swing park in Slade Green Recreational Ground,https://ourparks.org.uk/borough/bootcamp-110281,Slade Green Recreational Ground,DA8 2LX,Bexley,Slade Green,GB,51.469708263156,0.198783354461,London Borough of Bexley,https://ourparks.org.uk/borough/london-borough-bexley,Danni
110282,Bootcamp,2026-08-29 08:00:00+00:00,2026-08-29 09:00:00+00:00,PT60M,Bootcamp,Intermediate,29.0,29,True,Meeting by the playground swing park in Slade Green Recreational Ground,https://ourparks.org.uk/borough/bootcamp-110282,Slade Green Recreational Ground,DA8 2LX,Bexley,Slade Green,GB,51.469708263156,0.198783354461,London Borough of Bexley,https://ourparks.org.uk/borough/london-borough-bexley,Danni
110283,Bootcamp,2026-09-05 08:00:00+00:00,2026-09-05 09:00:00+00:00,PT60M,Bootcamp,Intermediate,29.0,29,True,Meeting by the playground swing park in Slade Green Recreational Ground,https://ourparks.org.uk/borough/bootcamp-110283,Slade Green Recreational Ground,DA8 2LX,Bexley,Slade Green,GB,51.469708263156,0.198783354461,London Borough of Bexley,https://ourparks.org.uk/borough/london-borough-bexley,Danni
110284,Bootcamp,2026-09-12 08:00:00+00:00,2026-09-12 09:00:00+00:00,PT60M,Bootcamp,Intermediate,29.0,29,True,Meeting by the playground swing park in Slade Green Recreational Ground,https://ourparks.org.uk/borough/bootcamp-110284,Slade Green Recreational Ground,DA8 2LX,Bexley,Slade Green,GB,51.469708263156,0.198783354461,London Borough of Bexley,https://ourparks.org.uk/borough/london-borough-bexley,Danni
109697,Yoga,2026-06-17 16:30:00+00:00,2026-06-17 17:30:00+00:00,PT60M,Yoga,Intermediate,29.0,29,True,Green Space near English Garden by the stables,https://ourparks.org.uk/borough/yoga-109697,Danson Park,DA6 8HL,Welling,"Danson Road, Broadway",GB,51.457714156037,0.117872564391,London Borough of Bexley,https://ourparks.org.uk/borough/london-borough-bexley,Stefanie
109700,Yoga,2026-07-08 16:30:00+00:00,2026-07-08 17:30:00+00:00,PT60M,Yoga,Intermediate,29.0,29,True,Green Space near English Garden by the stables,https://ourparks.org.uk/borough/yoga-109700,Danson Park,DA6 8HL,Welling,"Danson Road, Broadway",GB,51.457714156037,0.117872564391,London Borough of Bexley,https://ourparks.org.uk/borough/london-borough-bexley,Stefanie
109701,Yoga,2026-07-15 16:30:00+00:00,2026-07-15 17:30:00+00:00,PT60M,Yoga,Intermediate,29.0,29,True,Green Space near English Garden by the stables,https://ourparks.org.uk/borough/yoga-109701,Danson Park,DA6 8HL,Welling,"Danson Road, Broadway",GB,51.457714156037,0.117872564391,London Borough of Bexley,https://ourparks.org.uk/borough/london-borough-bexley,Stefanie
109702,Yoga,2026-07-22 16:30:00+00:00,2026-07-22 17:30:00+00:00,PT60M,Yoga,Intermediate,29.0,29,True,Green Space near English Garden by the stables,https://ourparks.org.uk/borough/yoga-109702,Danson Park,DA6 8HL,Welling,"Danson Road, Broadway",GB,51.457714156037,0.117872564391,London Borough of Bexley,https://ourparks.org.uk/borough/london-borough-bexley,Stefanie
109703,Yoga,2026-07-29 16:30:00+00:00,2026-07-29 17:30:00+00:00,PT60M,Yoga,Intermediate,29.0,29,True,Green Space near English Garden by the stables,https://ourparks.org.uk/borough/yoga-109703,Danson Park,DA6 8HL,Welling,"Danson Road, Broadway",GB,51.457714156037,0.117872564391,London Borough of Bexley,https://ourparks.org.uk/borough/london-borough-bexley,Stefanie
109704,Yoga,2026-08-05 16:30:00+00:00,2026-08-05 17:30:00+00:00,PT60M,Yoga,Intermediate,29.0,29,True,Green Space near English Garden by the stables,https://ourparks.org.uk/borough/yoga-109704,Danson Park,DA6 8HL,Welling,"Danson Road, Broadway",GB,51.457714156037,0.117872564391,London Borough of Bexley,https://ourparks.org.uk/borough/london-borough-bexley,Stefanie
109705,Yoga,2026-08-12 16:30:00+00:00,2026-08-12 17:30:00+00:00,PT60M,Yoga,Intermediate,29.0,29,True,Green Space near English Garden by the stables,https://ourparks.org.uk/borough/yoga-109705,Danson Park,DA6 8HL,Welling,"Danson Road, Broadway",GB,51.457714156037,0.117872564391,London Borough of Bexley,https://ourparks.org.uk/borough/london-borough-bexley,Stefanie
109706,Yoga,2026-08-19 16:30:00+00:00,2026-08-19 17:30:00+00:00,PT60M,Yoga,Intermediate,29.0,29,True,Green Space near English Garden by the stables,https://ourparks.org.uk/borough/yoga-109706,Danson Park,DA6 8HL,Welling,"Danson Road, Broadway",GB,51.457714156037,0.117872564391,London Borough of Bexley,https://ourparks.org.uk/borough/london-borough-bexley,Stefanie
109707,Yoga,2026-08-26 16:30:00+00:00,2026-08-26 17:30:00+00:00,PT60M,Yoga,Intermediate,29.0,29,True,Green Space near English Garden by the stables,https://ourparks.org.uk/borough/yoga-109707,Danson Park,DA6 8HL,Welling,"Danson Road, Broadway",GB,51.457714156037,0.117872564391,London Borough of Bexley,https://ourparks.org.uk/borough/london-borough-bexley,Stefanie
109708,Yoga,2026-09-02 16:30:00+00:00,2026-09-02 17:30:00+00:00,PT60M,Yoga,Intermediate,29.0,29,True,Green Space near English Garden by the stables,https://ourparks.org.uk/borough/yoga-109708,Danson Park,DA6 8HL,Welling,"Danson Road, Broadway",GB,51.457714156037,0.117872564391,London Borough of Bexley,https://ourparks.org.uk/borough/london-borough-bexley,Stefanie
109709,Yoga,2026-09-09 16:30:00+00:00,2026-09-09 17:30:00+00:00,PT60M,Yoga,Intermediate,29.0,29,True,Green Space near English Garden by the stables,https://ourparks.org.uk/borough/yoga-109709,Danson Park,DA6 8HL,Welling,"Danson Road, Broadway",GB,51.457714156037,0.117872564391,London Borough of Bexley,https://ourparks.org.uk/borough/london-borough-bexley,Stefanie
110285,Beginners Bootcamp,2026-06-06 09:00:00+00:00,2026-06-06 10:00:00+00:00,PT60M,Bootcamp,Beginner,29.0,29,True,Fair Green - this is the green opposite Mitcham Market,https://ourparks.org.uk/borough/beginners-bootcamp-110285,Fair Green at Mitcham Market,CR4 2PF,Mitcham,2A Upper Green E,GB,51.4058202,-0.1638252,London Borough of Merton,https://ourparks.org.uk/borough/london-borough-merton,Tristan
110286,Beginners Bootcamp,2026-06-13 09:00:00+00:00,2026-06-13 10:00:00+00:00,PT60M,Bootcamp,Beginner,29.0,29,True,Fair Green - this is the green opposite Mitcham Market,https://ourparks.org.uk/borough/beginners-bootcamp-110286,Fair Green at Mitcham Market,CR4 2PF,Mitcham,2A Upper Green E,GB,51.4058202,-0.1638252,London Borough of Merton,https://ourparks.org.uk/borough/london-borough-merton,Tristan
110287,Beginners Bootcamp,2026-06-20 09:00:00+00:00,2026-06-20 10:00:00+00:00,PT60M,Bootcamp,Beginner,29.0,29,True,Fair Green - this is the green opposite Mitcham Market,https://ourparks.org.uk/borough/beginners-bootcamp-110287,Fair Green at Mitcham Market,CR4 2PF,Mitcham,2A Upper Green E,GB,51.4058202,-0.1638252,London Borough of Merton,https://ourparks.org.uk/borough/london-borough-merton,Tristan
110288,Beginners Bootcamp,2026-06-27 09:00:00+00:00,2026-06-27 10:00:00+00:00,PT60M,Bootcamp,Beginner,29.0,29,True,Fair Green - this is the green opposite Mitcham Market,https://ourparks.org.uk/borough/beginners-bootcamp-110288,Fair Green at Mitcham Market,CR4 2PF,Mitcham,2A Upper Green E,GB,51.4058202,-0.1638252,London Borough of Merton,https://ourparks.org.uk/borough/london-borough-merton,Tristan
110289,Beginners Bootcamp,2026-07-04 09:00:00+00:00,2026-07-04 10:00:00+00:00,PT60M,Bootcamp,Beginner,29.0,29,True,Fair Green - this is the green opposite Mitcham Market,https://ourparks.org.uk/borough/beginners-bootcamp-110289,Fair Green at Mitcham Market,CR4 2PF,Mitcham,2A Upper Green E,GB,51.4058202,-0.1638252,London Borough of Merton,https://ourparks.org.uk/borough/london-borough-merton,Tristan
110290,Beginners Bootcamp,2026-07-11 09:00:00+00:00,2026-07-11 10:00:00+00:00,PT60M,Bootcamp,Beginner,29.0,29,True,Fair Green - this is the green opposite Mitcham Market,https://ourparks.org.uk/borough/beginners-bootcamp-110290,Fair Green at Mitcham Market,CR4 2PF,Mitcham,2A Upper Green E,GB,51.4058202,-0.1638252,London Borough of Merton,https://ourparks.org.uk/borough/london-borough-merton,Tristan
110291,Beginners Bootcamp,2026-07-18 09:00:00+00:00,2026-07-18 10:00:00+00:00,PT60M,Bootcamp,Beginner,29.0,29,True,Fair Green - this is the green opposite Mitcham Market,https://ourparks.org.uk/borough/beginners-bootcamp-110291,Fair Green at Mitcham Market,CR4 2PF,Mitcham,2A Upper Green E,GB,51.4058202,-0.1638252,London Borough of Merton,https://ourparks.org.uk/borough/london-borough-merton,Tristan
110292,Beginners Bootcamp,2026-07-25 09:00:00+00:00,2026-07-25 10:00:00+00:00,PT60M,Bootcamp,Beginner,29.0,29,True,Fair Green - this is the green opposite Mitcham Market,https://ourparks.org.uk/borough/beginners-bootcamp-110292,Fair Green at Mitcham Market,CR4 2PF,Mitcham,2A Upper Green E,GB,51.4058202,-0.1638252,London Borough of Merton,https://ourparks.org.uk/borough/london-borough-merton,Tristan
110293,Beginners Bootcamp,2026-08-01 09:00:00+00:00,2026-08-01 10:00:00+00:00,PT60M,Bootcamp,Beginner,29.0,29,True,Fair Green - this is the green opposite Mitcham Market,https://ourparks.org.uk/borough/beginners-bootcamp-110293,Fair Green at Mitcham Market,CR4 2PF,Mitcham,2A Upper Green E,GB,51.4058202,-0.1638252,London Borough of Merton,https://ourparks.org.uk/borough/london-borough-merton,Tristan
110294,Beginners Bootcamp,2026-08-08 09:00:00+00:00,2026-08-08 10:00:00+00:00,PT60M,Bootcamp,Beginner,29.0,29,True,Fair Green - this is the green opposite Mitcham Market,https://ourparks.org.uk/borough/beginners-bootcamp-110294,Fair Green at Mitcham Market,CR4 2PF,Mitcham,2A Upper Green E,GB,51.4058202,-0.1638252,London Borough of Merton,https://ourparks.org.uk/borough/london-borough-merton,Tristan
110295,Beginners Bootcamp,2026-08-15 09:00:00+00:00,2026-08-15 10:00:00+00:00,PT60M,Bootcamp,Beginner,29.0,29,True,Fair Green - this is the green opposite Mitcham Market,https://ourparks.org.uk/borough/beginners-bootcamp-110295,Fair Green at Mitcham Market,CR4 2PF,Mitcham,2A Upper Green E,GB,51.4058202,-0.1638252,London Borough of Merton,https://ourparks.org.uk/borough/london-borough-merton,Tristan
110296,Beginners Bootcamp,2026-08-22 09:00:00+00:00,2026-08-22 10:00:00+00:00,PT60M,Bootcamp,Beginner,29.0,29,True,Fair Green - this is the green opposite Mitcham Market,https://ourparks.org.uk/borough/beginners-bootcamp-110296,Fair Green at Mitcham Market,CR4 2PF,Mitcham,2A Upper Green E,GB,51.4058202,-0.1638252,London Borough of Merton,https://ourparks.org.uk/borough/london-borough-merton,Tristan
110297,Beginners Bootcamp,2026-08-29 09:00:00+00:00,2026-08-29 10:00:00+00:00,PT60M,Bootcamp,Beginner,29.0,29,True,Fair Green - this is the green opposite Mitcham Market,https://ourparks.org.uk/borough/beginners-bootcamp-110297,Fair Green at Mitcham Market,CR4 2PF,Mitcham,2A Upper Green E,GB,51.4058202,-0.1638252,London Borough of Merton,https://ourparks.org.uk/borough/london-borough-merton,Tristan
110298,Beginners Bootcamp,2026-09-05 09:00:00+00:00,2026-09-05 10:00:00+00:00,PT60M,Bootcamp,Beginner,29.0,29,True,Fair Green - this is the green opposite Mitcham Market,https://ourparks.org.uk/borough/beginners-bootcamp-110298,Fair Green at Mitcham Market,CR4 2PF,Mitcham,2A Upper Green E,GB,51.4058202,-0.1638252,London Borough of Merton,https://ourparks.org.uk/borough/london-borough-merton,Tristan
110299,Beginners Bootcamp,2026-09-12 09:00:00+00:00,2026-09-12 10:00:00+00:00,PT60M,Bootcamp,Beginner,29.0,29,True,Fair Green - this is the green opposite Mitcham Market,https://ourparks.org.uk/borough/beginners-bootcamp-110299,Fair Green at Mitcham Market,CR4 2PF,Mitcham,2A Upper Green E,GB,51.4058202,-0.1638252,London Borough of Merton,https://ourparks.org.uk/borough/london-borough-merton,Tristan
110300,Beginners Bootcamp,2026-09-19 09:00:00+00:00,2026-09-19 10:00:00+00:00,PT60M,Bootcamp,Beginner,29.0,29,True,Fair Green - this is the green opposite Mitcham Market,https://ourparks.org.uk/borough/beginners-bootcamp-110300,Fair Green at Mitcham Market,CR4 2PF,Mitcham,2A Upper Green E,GB,51.4058202,-0.1638252,London Borough of Merton,https://ourparks.org.uk/borough/london-borough-merton,Tristan
110301,Beginners Bootcamp,2026-09-26 09:00:00+00:00,2026-09-26 10:00:00+00:00,PT60M,Bootcamp,Beginner,29.0,29,True,Fair Green - this is the green opposite Mitcham Market,https://ourparks.org.uk/borough/beginners-bootcamp-110301,Fair Green at Mitcham Market,CR4 2PF,Mitcham,2A Upper Green E,GB,51.4058202,-0.1638252,London Borough of Merton,https://ourparks.org.uk/borough/london-borough-merton,Tristan
110302,Beginners Bootcamp,2026-10-03 09:00:00+00:00,2026-10-03 10:00:00+00:00,PT60M,Bootcamp,Beginner,29.0,29,True,Fair Green - this is the green opposite Mitcham Market,https://ourparks.org.uk/borough/beginners-bootcamp-110302,Fair Green at Mitcham Market,CR4 2PF,Mitcham,2A Upper Green E,GB,51.4058202,-0.1638252,London Borough of Merton,https://ourparks.org.uk/borough/london-borough-merton,Tristan
110303,Beginners Bootcamp,2026-10-10 09:00:00+00:00,2026-10-10 10:00:00+00:00,PT60M,Bootcamp,Beginner,29.0,29,True,Fair Green - this is the green opposite Mitcham Market,https://ourparks.org.uk/borough/beginners-bootcamp-110303,Fair Green at Mitcham Market,CR4 2PF,Mitcham,2A Upper Green E,GB,51.4058202,-0.1638252,London Borough of Merton,https://ourparks.org.uk/borough/london-borough-merton,Tristan
110304,Beginners Bootcamp,2026-10-17 09:00:00+00:00,2026-10-17 10:00:00+00:00,PT60M,Bootcamp,Beginner,29.0,29,True,Fair Green - this is the green opposite Mitcham Market,https://ourparks.org.uk/borough/beginners-bootcamp-110304,Fair Green at Mitcham Market,CR4 2PF,Mitcham,2A Upper Green E,GB,51.4058202,-0.1638252,London Borough of Merton,https://ourparks.org.uk/borough/london-borough-merton,Tristan
110305,Beginners Bootcamp,2026-10-24 09:00:00+00:00,2026-10-24 10:00:00+00:00,PT60M,Bootcamp,Beginner,29.0,29,True,Fair Green - this is the green opposite Mitcham Market,https://ourparks.org.uk/borough/beginners-bootcamp-110305,Fair Green at Mitcham Market,CR4 2PF,Mitcham,2A Upper Green E,GB,51.4058202,-0.1638252,London Borough of Merton,https://ourparks.org.uk/borough/london-borough-merton,Tristan
110306,Beginners Bootcamp,2026-10-31 09:00:00+00:00,2026-10-31 10:00:00+00:00,PT60M,Bootcamp,Beginner,29.0,29,True,Fair Green - this is the green opposite Mitcham Market,https://ourparks.org.uk/borough/beginners-bootcamp-110306,Fair Green at Mitcham Market,CR4 2PF,Mitcham,2A Upper Green E,GB,51.4058202,-0.1638252,London Borough of Merton,https://ourparks.org.uk/borough/london-borough-merton,Tristan
110307,Beginners Bootcamp,2026-11-07 09:00:00+00:00,2026-11-07 10:00:00+00:00,PT60M,Bootcamp,Beginner,29.0,29,True,Fair Green - this is the green opposite Mitcham Market,https://ourparks.org.uk/borough/beginners-bootcamp-110307,Fair Green at Mitcham Market,CR4 2PF,Mitcham,2A Upper Green E,GB,51.4058202,-0.1638252,London Borough of Merton,https://ourparks.org.uk/borough/london-borough-merton,Tristan
110308,Beginners Bootcamp,2026-11-14 09:00:00+00:00,2026-11-14 10:00:00+00:00,PT60M,Bootcamp,Beginner,29.0,29,True,Fair Green - this is the green opposite Mitcham Market,https://ourparks.org.uk/borough/beginners-bootcamp-110308,Fair Green at Mitcham Market,CR4 2PF,Mitcham,2A Upper Green E,GB,51.4058202,-0.1638252,London Borough of Merton,https://ourparks.org.uk/borough/london-borough-merton,Tristan
110309,Beginners Bootcamp,2026-11-21 09:00:00+00:00,2026-11-21 10:00:00+00:00,PT60M,Bootcamp,Beginner,29.0,29,True,Fair Green - this is the green opposite Mitcham Market,https://ourparks.org.uk/borough/beginners-bootcamp-110309,Fair Green at Mitcham Market,CR4 2PF,Mitcham,2A Upper Green E,GB,51.4058202,-0.1638252,London Borough of Merton,https://ourparks.org.uk/borough/london-borough-merton,Tristan
110310,Beginners Bootcamp,2026-11-28 09:00:00+00:00,2026-11-28 10:00:00+00:00,PT60M,Bootcamp,Beginner,29.0,29,True,Fair Green - this is the green opposite Mitcham Market,https://ourparks.org.uk/borough/beginners-bootcamp-110310,Fair Green at Mitcham Market,CR4 2PF,Mitcham,2A Upper Green E,GB,51.4058202,-0.1638252,London Borough of Merton,https://ourparks.org.uk/borough/london-borough-merton,Tristan
110311,Beginners Bootcamp,2026-12-05 09:00:00+00:00,2026-12-05 10:00:00+00:00,PT60M,Bootcamp,Beginner,29.0,29,True,Fair Green - this is the green opposite Mitcham Market,https://ourparks.org.uk/borough/beginners-bootcamp-110311,Fair Green at Mitcham Market,CR4 2PF,Mitcham,2A Upper Green E,GB,51.4058202,-0.1638252,London Borough of Merton,https://ourparks.org.uk/borough/london-borough-merton,Tristan
110312,Beginners Bootcamp,2026-12-12 09:00:00+00:00,2026-12-12 10:00:00+00:00,PT60M,Bootcamp,Beginner,29.0,29,True,Fair Green - this is the green opposite Mitcham Market,https://ourparks.org.uk/borough/beginners-bootcamp-110312,Fair Green at Mitcham Market,CR4 2PF,Mitcham,2A Upper Green E,GB,51.4058202,-0.1638252,London Borough of Merton,https://ourparks.org.uk/borough/london-borough-merton,Tristan
110313,Beginners Bootcamp,2026-12-19 09:00:00+00:00,2026-12-19 10:00:00+00:00,PT60M,Bootcamp,Beginner,29.0,29,True,Fair Green - this is the green opposite Mitcham Market,https://ourparks.org.uk/borough/beginners-bootcamp-110313,Fair Green at Mitcham Market,CR4 2PF,Mitcham,2A Upper Green E,GB,51.4058202,-0.1638252,London Borough of Merton,https://ourparks.org.uk/borough/london-borough-merton,Tristan
110316,Beginners Bootcamp,2027-01-09 09:00:00+00:00,2027-01-09 10:00:00+00:00,PT60M,Bootcamp,Beginner,29.0,29,True,Fair Green - this is the green opposite Mitcham Market,https://ourparks.org.uk/borough/beginners-bootcamp-110316,Fair Green at Mitcham Market,CR4 2PF,Mitcham,2A Upper Green E,GB,51.4058202,-0.1638252,London Borough of Merton,https://ourparks.org.uk/borough/london-borough-merton,Tristan
110317,Beginners Bootcamp,2027-01-16 09:00:00+00:00,2027-01-16 10:00:00+00:00,PT60M,Bootcamp,Beginner,29.0,29,True,Fair Green - this is the green opposite Mitcham Market,https://ourparks.org.uk/borough/beginners-bootcamp-110317,Fair Green at Mitcham Market,CR4 2PF,Mitcham,2A Upper Green E,GB,51.4058202,-0.1638252,London Borough of Merton,https://ourparks.org.uk/borough/london-borough-merton,Tristan
110318,Beginners Bootcamp,2027-01-23 09:00:00+00:00,2027-01-23 10:00:00+00:00,PT60M,Bootcamp,Beginner,29.0,29,True,Fair Green - this is the green opposite Mitcham Market,https://ourparks.org.uk/borough/beginners-bootcamp-110318,Fair Green at Mitcham Market,CR4 2PF,Mitcham,2A Upper Green E,GB,51.4058202,-0.1638252,London Borough of Merton,https://ourparks.org.uk/borough/london-borough-merton,Tristan
110319,Beginners Bootcamp,2027-01-30 09:00:00+00:00,2027-01-30 10:00:00+00:00,PT60M,Bootcamp,Beginner,29.0,29,True,Fair Green - this is the green opposite Mitcham Market,https://ourparks.org.uk/borough/beginners-bootcamp-110319,Fair Green at Mitcham Market,CR4 2PF,Mitcham,2A Upper Green E,GB,51.4058202,-0.1638252,London Borough of Merton,https://ourparks.org.uk/borough/london-borough-merton,Tristan
110320,Beginners Bootcamp,2027-02-06 09:00:00+00:00,2027-02-06 10:00:00+00:00,PT60M,Bootcamp,Beginner,29.0,29,True,Fair Green - this is the green opposite Mitcham Market,https://ourparks.org.uk/borough/beginners-bootcamp-110320,Fair Green at Mitcham Market,CR4 2PF,Mitcham,2A Upper Green E,GB,51.4058202,-0.1638252,London Borough of Merton,https://ourparks.org.uk/borough/london-borough-merton,Tristan
110321,Beginners Bootcamp,2027-02-13 09:00:00+00:00,2027-02-13 10:00:00+00:00,PT60M,Bootcamp,Beginner,29.0,29,True,Fair Green - this is the green opposite Mitcham Market,https://ourparks.org.uk/borough/beginners-bootcamp-110321,Fair Green at Mitcham Market,CR4 2PF,Mitcham,2A Upper Green E,GB,51.4058202,-0.1638252,London Borough of Merton,https://ourparks.org.uk/borough/london-borough-merton,Tristan
110322,Beginners Bootcamp,2027-02-20 09:00:00+00:00,2027-02-20 10:00:00+00:00,PT60M,Bootcamp,Beginner,29.0,29,True,Fair Green - this is the green opposite Mitcham Market,https://ourparks.org.uk/borough/beginners-bootcamp-110322,Fair Green at Mitcham Market,CR4 2PF,Mitcham,2A Upper Green E,GB,51.4058202,-0.1638252,London Borough of Merton,https://ourparks.org.uk/borough/london-borough-merton,Tristan
110323,Beginners Bootcamp,2027-02-27 09:00:00+00:00,2027-02-27 10:00:00+00:00,PT60M,Bootcamp,Beginner,29.0,29,True,Fair Green - this is the green opposite Mitcham Market,https://ourparks.org.uk/borough/beginners-bootcamp-110323,Fair Green at Mitcham Market,CR4 2PF,Mitcham,2A Upper Green E,GB,51.4058202,-0.1638252,London Borough of Merton,https://ourparks.org.uk/borough/london-borough-merton,Tristan
110324,Beginners Bootcamp,2027-03-06 09:00:00+00:00,2027-03-06 10:00:00+00:00,PT60M,Bootcamp,Beginner,29.0,29,True,Fair Green - this is the green opposite Mitcham Market,https://ourparks.org.uk/borough/beginners-bootcamp-110324,Fair Green at Mitcham Market,CR4 2PF,Mitcham,2A Upper Green E,GB,51.4058202,-0.1638252,London Borough of Merton,https://ourparks.org.uk/borough/london-borough-merton,Tristan
110325,Beginners Bootcamp,2027-03-13 09:00:00+00:00,2027-03-13 10:00:00+00:00,PT60M,Bootcamp,Beginner,29.0,29,True,Fair Green - this is the green opposite Mitcham Market,https://ourparks.org.uk/borough/beginners-bootcamp-110325,Fair Green at Mitcham Market,CR4 2PF,Mitcham,2A Upper Green E,GB,51.4058202,-0.1638252,London Borough of Merton,https://ourparks.org.uk/borough/london-borough-merton,Tristan
110326,Beginners Bootcamp,2027-03-20 09:00:00+00:00,2027-03-20 10:00:00+00:00,PT60M,Bootcamp,Beginner,29.0,29,True,Fair Green - this is the green opposite Mitcham Market,https://ourparks.org.uk/borough/beginners-bootcamp-110326,Fair Green at Mitcham Market,CR4 2PF,Mitcham,2A Upper Green E,GB,51.4058202,-0.1638252,London Borough of Merton,https://ourparks.org.uk/borough/london-borough-merton,Tristan
110327,Beginners Bootcamp,2027-03-27 09:00:00+00:00,2027-03-27 10:00:00+00:00,PT60M,Bootcamp,Beginner,29.0,29,True,Fair Green - this is the green opposite Mitcham Market,https://ourparks.org.uk/borough/beginners-bootcamp-110327,Fair Green at Mitcham Market,CR4 2PF,Mitcham,2A Upper Green E,GB,51.4058202,-0.1638252,London Borough of Merton,https://ourparks.org.uk/borough/london-borough-merton,Tristan
110328,Beginners Bootcamp,2027-04-03 09:00:00+00:00,2027-04-03 10:00:00+00:00,PT60M,Bootcamp,Beginner,29.0,29,True,Fair Green - this is the green opposite Mitcham Market,https://ourparks.org.uk/borough/beginners-bootcamp-110328,Fair Green at Mitcham Market,CR4 2PF,Mitcham,2A Upper Green E,GB,51.4058202,-0.1638252,London Borough of Merton,https://ourparks.org.uk/borough/london-borough-merton,Tristan
110329,Beginners Bootcamp,2027-04-10 09:00:00+00:00,2027-04-10 10:00:00+00:00,PT60M,Bootcamp,Beginner,29.0,29,True,Fair Green - this is the green opposite Mitcham Market,https://ourparks.org.uk/borough/beginners-bootcamp-110329,Fair Green at Mitcham Market,CR4 2PF,Mitcham,2A Upper Green E,GB,51.4058202,-0.1638252,London Borough of Merton,https://ourparks.org.uk/borough/london-borough-merton,Tristan
110330,Beginners Bootcamp,2027-04-17 09:00:00+00:00,2027-04-17 10:00:00+00:00,PT60M,Bootcamp,Beginner,29.0,29,True,Fair Green - this is the green opposite Mitcham Market,https://ourparks.org.uk/borough/beginners-bootcamp-110330,Fair Green at Mitcham Market,CR4 2PF,Mitcham,2A Upper Green E,GB,51.4058202,-0.1638252,London Borough of Merton,https://ourparks.org.uk/borough/london-borough-merton,Tristan
110331,Beginners Bootcamp,2027-04-24 09:00:00+00:00,2027-04-24 10:00:00+00:00,PT60M,Bootcamp,Beginner,29.0,29,True,Fair Green - this is the green opposite Mitcham Market,https://ourparks.org.uk/borough/beginners-bootcamp-110331,Fair Green at Mitcham Market,CR4 2PF,Mitcham,2A Upper Green E,GB,51.4058202,-0.1638252,London Borough of Merton,https://ourparks.org.uk/borough/london-borough-merton,Tristan
110332,Beginners Bootcamp,2027-05-01 09:00:00+00:00,2027-05-01 10:00:00+00:00,PT60M,Bootcamp,Beginner,29.0,29,True,Fair Green - this is the green opposite Mitcham Market,https://ourparks.org.uk/borough/beginners-bootcamp-110332,Fair Green at Mitcham Market,CR4 2PF,Mitcham,2A Upper Green E,GB,51.4058202,-0.1638252,London Borough of Merton,https://ourparks.org.uk/borough/london-borough-merton,Tristan
110333,Beginners Bootcamp,2027-05-08 09:00:00+00:00,2027-05-08 10:00:00+00:00,PT60M,Bootcamp,Beginner,29.0,29,True,Fair Green - this is the green opposite Mitcham Market,https://ourparks.org.uk/borough/beginners-bootcamp-110333,Fair Green at Mitcham Market,CR4 2PF,Mitcham,2A Upper Green E,GB,51.4058202,-0.1638252,London Borough of Merton,https://ourparks.org.uk/borough/london-borough-merton,Tristan
110334,Beginners Bootcamp,2027-05-15 09:00:00+00:00,2027-05-15 10:00:00+00:00,PT60M,Bootcamp,Beginner,29.0,29,True,Fair Green - this is the green opposite Mitcham Market,https://ourparks.org.uk/borough/beginners-bootcamp-110334,Fair Green at Mitcham Market,CR4 2PF,Mitcham,2A Upper Green E,GB,51.4058202,-0.1638252,London Borough of Merton,https://ourparks.org.uk/borough/london-borough-merton,Tristan
110335,Beginners Bootcamp,2027-05-22 09:00:00+00:00,2027-05-22 10:00:00+00:00,PT60M,Bootcamp,Beginner,29.0,29,True,Fair Green - this is the green opposite Mitcham Market,https://ourparks.org.uk/borough/beginners-bootcamp-110335,Fair Green at Mitcham Market,CR4 2PF,Mitcham,2A Upper Green E,GB,51.4058202,-0.1638252,London Borough of Merton,https://ourparks.org.uk/borough/london-borough-merton,Tristan
110336,Beginners Bootcamp,2027-05-29 09:00:00+00:00,2027-05-29 10:00:00+00:00,PT60M,Bootcamp,Beginner,29.0,29,True,Fair Green - this is the green opposite Mitcham Market,https://ourparks.org.uk/borough/beginners-bootcamp-110336,Fair Green at Mitcham Market,CR4 2PF,Mitcham,2A Upper Green E,GB,51.4058202,-0.1638252,London Borough of Merton,https://ourparks.org.uk/borough/london-borough-merton,Tristan
109191,Bootcamp,2026-07-18 08:30:00+00:00,2026-07-18 09:30:00+00:00,PT60M,Bootcamp,Intermediate,29.0,29,True,Outdoor gym area,https://ourparks.org.uk/borough/bootcamp-109191,Queens Park Gardens,W10 4QH,London,Queen Park Gardens,GB,51.5284574,-0.2089447,City of Westminster,https://ourparks.org.uk/borough/city-westminster,Christine
109192,Bootcamp,2026-07-25 08:30:00+00:00,2026-07-25 09:30:00+00:00,PT60M,Bootcamp,Intermediate,29.0,29,True,Outdoor gym area,https://ourparks.org.uk/borough/bootcamp-109192,Queens Park Gardens,W10 4QH,London,Queen Park Gardens,GB,51.5284574,-0.2089447,City of Westminster,https://ourparks.org.uk/borough/city-westminster,Christine
109193,Bootcamp,2026-08-01 08:30:00+00:00,2026-08-01 09:30:00+00:00,PT60M,Bootcamp,Intermediate,29.0,29,True,Outdoor gym area,https://ourparks.org.uk/borough/bootcamp-109193,Queens Park Gardens,W10 4QH,London,Queen Park Gardens,GB,51.5284574,-0.2089447,City of Westminster,https://ourparks.org.uk/borough/city-westminster,Christine
109194,Bootcamp,2026-08-08 08:30:00+00:00,2026-08-08 09:30:00+00:00,PT60M,Bootcamp,Intermediate,29.0,29,True,Outdoor gym area,https://ourparks.org.uk/borough/bootcamp-109194,Queens Park Gardens,W10 4QH,London,Queen Park Gardens,GB,51.5284574,-0.2089447,City of Westminster,https://ourparks.org.uk/borough/city-westminster,Christine
109195,Bootcamp,2026-08-15 08:30:00+00:00,2026-08-15 09:30:00+00:00,PT60M,Bootcamp,Intermediate,29.0,29,True,Outdoor gym area,https://ourparks.org.uk/borough/bootcamp-109195,Queens Park Gardens,W10 4QH,London,Queen Park Gardens,GB,51.5284574,-0.2089447,City of Westminster,https://ourparks.org.uk/borough/city-westminster,Christine
109196,Bootcamp,2026-08-22 08:30:00+00:00,2026-08-22 09:30:00+00:00,PT60M,Bootcamp,Intermediate,29.0,29,True,Outdoor gym area,https://ourparks.org.uk/borough/bootcamp-109196,Queens Park Gardens,W10 4QH,London,Queen Park Gardens,GB,51.5284574,-0.2089447,City of Westminster,https://ourparks.org.uk/borough/city-westminster,Christine
109197,Bootcamp,2026-08-29 08:30:00+00:00,2026-08-29 09:30:00+00:00,PT60M,Bootcamp,Intermediate,29.0,29,True,Outdoor gym area,https://ourparks.org.uk/borough/bootcamp-109197,Queens Park Gardens,W10 4QH,London,Queen Park Gardens,GB,51.5284574,-0.2089447,City of Westminster,https://ourparks.org.uk/borough/city-westminster,Christine
109198,Bootcamp,2026-09-05 08:30:00+00:00,2026-09-05 09:30:00+00:00,PT60M,Bootcamp,Intermediate,29.0,29,True,Outdoor gym area,https://ourparks.org.uk/borough/bootcamp-109198,Queens Park Gardens,W10 4QH,London,Queen Park Gardens,GB,51.5284574,-0.2089447,City of Westminster,https://ourparks.org.uk/borough/city-westminster,Christine
109199,Bootcamp,2026-09-12 08:30:00+00:00,2026-09-12 09:30:00+00:00,PT60M,Bootcamp,Intermediate,29.0,29,True,Outdoor gym area,https://ourparks.org.uk/borough/bootcamp-109199,Queens Park Gardens,W10 4QH,London,Queen Park Gardens,GB,51.5284574,-0.2089447,City of Westminster,https://ourparks.org.uk/borough/city-westminster,Christine
109200,Bootcamp,2026-09-19 08:30:00+00:00,2026-09-19 09:30:00+00:00,PT60M,Bootcamp,Intermediate,29.0,29,True,Outdoor gym area,https://ourparks.org.uk/borough/bootcamp-109200,Queens Park Gardens,W10 4QH,London,Queen Park Gardens,GB,51.5284574,-0.2089447,City of Westminster,https://ourparks.org.uk/borough/city-westminster,Christine
109201,Bootcamp,2026-09-26 08:30:00+00:00,2026-09-26 09:30:00+00:00,PT60M,Bootcamp,Intermediate,29.0,29,True,Outdoor gym area,https://ourparks.org.uk/borough/bootcamp-109201,Queens Park Gardens,W10 4QH,London,Queen Park Gardens,GB,51.5284574,-0.2089447,City of Westminster,https://ourparks.org.uk/borough/city-westminster,Christine
109202,Bootcamp,2026-10-03 08:30:00+00:00,2026-10-03 09:30:00+00:00,PT60M,Bootcamp,Intermediate,29.0,29,True,Outdoor gym area,https://ourparks.org.uk/borough/bootcamp-109202,Queens Park Gardens,W10 4QH,London,Queen Park Gardens,GB,51.5284574,-0.2089447,City of Westminster,https://ourparks.org.uk/borough/city-westminster,Christine
109203,Bootcamp,2026-10-10 08:30:00+00:00,2026-10-10 09:30:00+00:00,PT60M,Bootcamp,Intermediate,29.0,29,True,Outdoor gym area,https://ourparks.org.uk/borough/bootcamp-109203,Queens Park Gardens,W10 4QH,London,Queen Park Gardens,GB,51.5284574,-0.2089447,City of Westminster,https://ourparks.org.uk/borough/city-westminster,Christine
109204,Bootcamp,2026-10-17 08:30:00+00:00,2026-10-17 09:30:00+00:00,PT60M,Bootcamp,Intermediate,29.0,29,True,Outdoor gym area,https://ourparks.org.uk/borough/bootcamp-109204,Queens Park Gardens,W10 4QH,London,Queen Park Gardens,GB,51.5284574,-0.2089447,City of Westminster,https://ourparks.org.uk/borough/city-westminster,Christine
109205,Bootcamp,2026-10-24 08:30:00+00:00,2026-10-24 09:30:00+00:00,PT60M,Bootcamp,Intermediate,29.0,29,True,Outdoor gym area,https://ourparks.org.uk/borough/bootcamp-109205,Queens Park Gardens,W10 4QH,London,Queen Park Gardens,GB,51.5284574,-0.2089447,City of Westminster,https://ourparks.org.uk/borough/city-westminster,Christine
109206,Bootcamp,2026-10-31 08:30:00+00:00,2026-10-31 09:30:00+00:00,PT60M,Bootcamp,Intermediate,29.0,29,True,Outdoor gym area,https://ourparks.org.uk/borough/bootcamp-109206,Queens Park Gardens,W10 4QH,London,Queen Park Gardens,GB,51.5284574,-0.2089447,City of Westminster,https://ourparks.org.uk/borough/city-westminster,Christine
109207,Bootcamp,2026-11-07 08:30:00+00:00,2026-11-07 09:30:00+00:00,PT60M,Bootcamp,Intermediate,29.0,29,True,Outdoor gym area,https://ourparks.org.uk/borough/bootcamp-109207,Queens Park Gardens,W10 4QH,London,Queen Park Gardens,GB,51.5284574,-0.2089447,City of Westminster,https://ourparks.org.uk/borough/city-westminster,Christine
109208,Bootcamp,2026-11-14 08:30:00+00:00,2026-11-14 09:30:00+00:00,PT60M,Bootcamp,Intermediate,29.0,29,True,Outdoor gym area,https://ourparks.org.uk/borough/bootcamp-109208,Queens Park Gardens,W10 4QH,London,Queen Park Gardens,GB,51.5284574,-0.2089447,City of Westminster,https://ourparks.org.uk/borough/city-westminster,Christine
109209,Bootcamp,2026-11-21 08:30:00+00:00,2026-11-21 09:30:00+00:00,PT60M,Bootcamp,Intermediate,29.0,29,True,Outdoor gym area,https://ourparks.org.uk/borough/bootcamp-109209,Queens Park Gardens,W10 4QH,London,Queen Park Gardens,GB,51.5284574,-0.2089447,City of Westminster,https://ourparks.org.uk/borough/city-westminster,Christine
109210,Bootcamp,2026-11-28 08:30:00+00:00,2026-11-28 09:30:00+00:00,PT60M,Bootcamp,Intermediate,29.0,29,True,Outdoor gym area,https://ourparks.org.uk/borough/bootcamp-109210,Queens Park Gardens,W10 4QH,London,Queen Park Gardens,GB,51.5284574,-0.2089447,City of Westminster,https://ourparks.org.uk/borough/city-westminster,Christine
109211,Bootcamp,2026-12-05 08:30:00+00:00,2026-12-05 09:30:00+00:00,PT60M,Bootcamp,Intermediate,29.0,29,True,Outdoor gym area,https://ourparks.org.uk/borough/bootcamp-109211,Queens Park Gardens,W10 4QH,London,Queen Park Gardens,GB,51.5284574,-0.2089447,City of Westminster,https://ourparks.org.uk/borough/city-westminster,Christine
109212,Bootcamp,2026-12-12 08:30:00+00:00,2026-12-12 09:30:00+00:00,PT60M,Bootcamp,Intermediate,29.0,29,True,Outdoor gym area,https://ourparks.org.uk/borough/bootcamp-109212,Queens Park Gardens,W10 4QH,London,Queen Park Gardens,GB,51.5284574,-0.2089447,City of Westminster,https://ourparks.org.uk/borough/city-westminster,Christine
109213,Bootcamp,2026-12-19 08:30:00+00:00,2026-12-19 09:30:00+00:00,PT60M,Bootcamp,Intermediate,29.0,29,True,Outdoor gym area,https://ourparks.org.uk/borough/bootcamp-109213,Queens Park Gardens,W10 4QH,London,Queen Park Gardens,GB,51.5284574,-0.2089447,City of Westminster,https://ourparks.org.uk/borough/city-westminster,Christine
109216,Bootcamp,2027-01-09 08:30:00+00:00,2027-01-09 09:30:00+00:00,PT60M,Bootcamp,Intermediate,29.0,29,True,Outdoor gym area,https://ourparks.org.uk/borough/bootcamp-109216,Queens Park Gardens,W10 4QH,London,Queen Park Gardens,GB,51.5284574,-0.2089447,City of Westminster,https://ourparks.org.uk/borough/city-westminster,Christine
109217,Bootcamp,2027-01-16 08:30:00+00:00,2027-01-16 09:30:00+00:00,PT60M,Bootcamp,Intermediate,29.0,29,True,Outdoor gym area,https://ourparks.org.uk/borough/bootcamp-109217,Queens Park Gardens,W10 4QH,London,Queen Park Gardens,GB,51.5284574,-0.2089447,City of Westminster,https://ourparks.org.uk/borough/city-westminster,Christine
109218,Bootcamp,2027-01-23 08:30:00+00:00,2027-01-23 09:30:00+00:00,PT60M,Bootcamp,Intermediate,29.0,29,True,Outdoor gym area,https://ourparks.org.uk/borough/bootcamp-109218,Queens Park Gardens,W10 4QH,London,Queen Park Gardens,GB,51.5284574,-0.2089447,City of Westminster,https://ourparks.org.uk/borough/city-westminster,Christine
109219,Bootcamp,2027-01-30 08:30:00+00:00,2027-01-30 09:30:00+00:00,PT60M,Bootcamp,Intermediate,29.0,29,True,Outdoor gym area,https://ourparks.org.uk/borough/bootcamp-109219,Queens Park Gardens,W10 4QH,London,Queen Park Gardens,GB,51.5284574,-0.2089447,City of Westminster,https://ourparks.org.uk/borough/city-westminster,Christine
109220,Bootcamp,2027-02-06 08:30:00+00:00,2027-02-06 09:30:00+00:00,PT60M,Bootcamp,Intermediate,29.0,29,True,Outdoor gym area,https://ourparks.org.uk/borough/bootcamp-109220,Queens Park Gardens,W10 4QH,London,Queen Park Gardens,GB,51.5284574,-0.2089447,City of Westminster,https://ourparks.org.uk/borough/city-westminster,Christine
109221,Bootcamp,2027-02-13 08:30:00+00:00,2027-02-13 09:30:00+00:00,PT60M,Bootcamp,Intermediate,29.0,29,True,Outdoor gym area,https://ourparks.org.uk/borough/bootcamp-109221,Queens Park Gardens,W10 4QH,London,Queen Park Gardens,GB,51.5284574,-0.2089447,City of Westminster,https://ourparks.org.uk/borough/city-westminster,Christine
109222,Bootcamp,2027-02-20 08:30:00+00:00,2027-02-20 09:30:00+00:00,PT60M,Bootcamp,Intermediate,29.0,29,True,Outdoor gym area,https://ourparks.org.uk/borough/bootcamp-109222,Queens Park Gardens,W10 4QH,London,Queen Park Gardens,GB,51.5284574,-0.2089447,City of Westminster,https://ourparks.org.uk/borough/city-westminster,Christine
109223,Bootcamp,2027-02-27 08:30:00+00:00,2027-02-27 09:30:00+00:00,PT60M,Bootcamp,Intermediate,29.0,29,True,Outdoor gym area,https://ourparks.org.uk/borough/bootcamp-109223,Queens Park Gardens,W10 4QH,London,Queen Park Gardens,GB,51.5284574,-0.2089447,City of Westminster,https://ourparks.org.uk/borough/city-westminster,Christine
109224,Bootcamp,2027-03-06 08:30:00+00:00,2027-03-06 09:30:00+00:00,PT60M,Bootcamp,Intermediate,29.0,29,True,Outdoor gym area,https://ourparks.org.uk/borough/bootcamp-109224,Queens Park Gardens,W10 4QH,London,Queen Park Gardens,GB,51.5284574,-0.2089447,City of Westminster,https://ourparks.org.uk/borough/city-westminster,Christine
109225,Bootcamp,2027-03-13 08:30:00+00:00,2027-03-13 09:30:00+00:00,PT60M,Bootcamp,Intermediate,29.0,29,True,Outdoor gym area,https://ourparks.org.uk/borough/bootcamp-109225,Queens Park Gardens,W10 4QH,London,Queen Park Gardens,GB,51.5284574,-0.2089447,City of Westminster,https://ourparks.org.uk/borough/city-westminster,Christine
109226,Bootcamp,2027-03-20 08:30:00+00:00,2027-03-20 09:30:00+00:00,PT60M,Bootcamp,Intermediate,29.0,29,True,Outdoor gym area,https://ourparks.org.uk/borough/bootcamp-109226,Queens Park Gardens,W10 4QH,London,Queen Park Gardens,GB,51.5284574,-0.2089447,City of Westminster,https://ourparks.org.uk/borough/city-westminster,Christine
109227,Bootcamp,2027-03-27 08:30:00+00:00,2027-03-27 09:30:00+00:00,PT60M,Bootcamp,Intermediate,29.0,29,True,Outdoor gym area,https://ourparks.org.uk/borough/bootcamp-109227,Queens Park Gardens,W10 4QH,London,Queen Park Gardens,GB,51.5284574,-0.2089447,City of Westminster,https://ourparks.org.uk/borough/city-westminster,Christine
110439,"Abs, Bums & Thighs (ABT)",2026-07-05 09:00:00+00:00,2026-07-05 10:00:00+00:00,PT60M,Abs/Core,Intermediate,29.0,29,True,By the cafe,https://ourparks.org.uk/borough/abs-bums-thighs-abt-110439,Roundwood Park,NW10 3RT,Brent,Roundwood Park,GB,51.5420062,-0.2403952,Brent,https://ourparks.org.uk/borough/brent-0,Patrizia
110440,"Abs, Bums & Thighs (ABT)",2026-07-12 09:00:00+00:00,2026-07-12 10:00:00+00:00,PT60M,Abs/Core,Intermediate,29.0,29,True,By the cafe,https://ourparks.org.uk/borough/abs-bums-thighs-abt-110440,Roundwood Park,NW10 3RT,Brent,Roundwood Park,GB,51.5420062,-0.2403952,Brent,https://ourparks.org.uk/borough/brent-0,Patrizia
110441,"Abs, Bums & Thighs (ABT)",2026-07-19 09:00:00+00:00,2026-07-19 10:00:00+00:00,PT60M,Abs/Core,Intermediate,29.0,29,True,By the cafe,https://ourparks.org.uk/borough/abs-bums-thighs-abt-110441,Roundwood Park,NW10 3RT,Brent,Roundwood Park,GB,51.5420062,-0.2403952,Brent,https://ourparks.org.uk/borough/brent-0,Patrizia
110442,"Abs, Bums & Thighs (ABT)",2026-07-26 09:00:00+00:00,2026-07-26 10:00:00+00:00,PT60M,Abs/Core,Intermediate,29.0,29,True,By the cafe,https://ourparks.org.uk/borough/abs-bums-thighs-abt-110442,Roundwood Park,NW10 3RT,Brent,Roundwood Park,GB,51.5420062,-0.2403952,Brent,https://ourparks.org.uk/borough/brent-0,Patrizia
110443,"Abs, Bums & Thighs (ABT)",2026-08-02 09:00:00+00:00,2026-08-02 10:00:00+00:00,PT60M,Abs/Core,Intermediate,29.0,29,True,By the cafe,https://ourparks.org.uk/borough/abs-bums-thighs-abt-110443,Roundwood Park,NW10 3RT,Brent,Roundwood Park,GB,51.5420062,-0.2403952,Brent,https://ourparks.org.uk/borough/brent-0,Patrizia
110444,"Abs, Bums & Thighs (ABT)",2026-08-09 09:00:00+00:00,2026-08-09 10:00:00+00:00,PT60M,Abs/Core,Intermediate,29.0,29,True,By the cafe,https://ourparks.org.uk/borough/abs-bums-thighs-abt-110444,Roundwood Park,NW10 3RT,Brent,Roundwood Park,GB,51.5420062,-0.2403952,Brent,https://ourparks.org.uk/borough/brent-0,Patrizia
110445,"Abs, Bums & Thighs (ABT)",2026-08-16 09:00:00+00:00,2026-08-16 10:00:00+00:00,PT60M,Abs/Core,Intermediate,29.0,29,True,By the cafe,https://ourparks.org.uk/borough/abs-bums-thighs-abt-110445,Roundwood Park,NW10 3RT,Brent,Roundwood Park,GB,51.5420062,-0.2403952,Brent,https://ourparks.org.uk/borough/brent-0,Patrizia
110446,"Abs, Bums & Thighs (ABT)",2026-08-23 09:00:00+00:00,2026-08-23 10:00:00+00:00,PT60M,Abs/Core,Intermediate,29.0,29,True,By the cafe,https://ourparks.org.uk/borough/abs-bums-thighs-abt-110446,Roundwood Park,NW10 3RT,Brent,Roundwood Park,GB,51.5420062,-0.2403952,Brent,https://ourparks.org.uk/borough/brent-0,Patrizia
110447,"Abs, Bums & Thighs (ABT)",2026-08-30 09:00:00+00:00,2026-08-30 10:00:00+00:00,PT60M,Abs/Core,Intermediate,29.0,29,True,By the cafe,https://ourparks.org.uk/borough/abs-bums-thighs-abt-110447,Roundwood Park,NW10 3RT,Brent,Roundwood Park,GB,51.5420062,-0.2403952,Brent,https://ourparks.org.uk/borough/brent-0,Patrizia
110448,"Abs, Bums & Thighs (ABT)",2026-09-06 09:00:00+00:00,2026-09-06 10:00:00+00:00,PT60M,Abs/Core,Intermediate,29.0,29,True,By the cafe,https://ourparks.org.uk/borough/abs-bums-thighs-abt-110448,Roundwood Park,NW10 3RT,Brent,Roundwood Park,GB,51.5420062,-0.2403952,Brent,https://ourparks.org.uk/borough/brent-0,Patrizia
110449,"Abs, Bums & Thighs (ABT)",2026-09-13 09:00:00+00:00,2026-09-13 10:00:00+00:00,PT60M,Abs/Core,Intermediate,29.0,29,True,By the cafe,https://ourparks.org.uk/borough/abs-bums-thighs-abt-110449,Roundwood Park,NW10 3RT,Brent,Roundwood Park,GB,51.5420062,-0.2403952,Brent,https://ourparks.org.uk/borough/brent-0,Patrizia
110450,"Abs, Bums & Thighs (ABT)",2026-09-20 09:00:00+00:00,2026-09-20 10:00:00+00:00,PT60M,Abs/Core,Intermediate,29.0,29,True,By the cafe,https://ourparks.org.uk/borough/abs-bums-thighs-abt-110450,Roundwood Park,NW10 3RT,Brent,Roundwood Park,GB,51.5420062,-0.2403952,Brent,https://ourparks.org.uk/borough/brent-0,Patrizia
110451,"Abs, Bums & Thighs (ABT)",2026-09-27 09:00:00+00:00,2026-09-27 10:00:00+00:00,PT60M,Abs/Core,Intermediate,29.0,29,True,By the cafe,https://ourparks.org.uk/borough/abs-bums-thighs-abt-110451,Roundwood Park,NW10 3RT,Brent,Roundwood Park,GB,51.5420062,-0.2403952,Brent,https://ourparks.org.uk/borough/brent-0,Patrizia
110452,"Abs, Bums & Thighs (ABT)",2026-10-04 09:00:00+00:00,2026-10-04 10:00:00+00:00,PT60M,Abs/Core,Intermediate,29.0,29,True,By the cafe,https://ourparks.org.uk/borough/abs-bums-thighs-abt-110452,Roundwood Park,NW10 3RT,Brent,Roundwood Park,GB,51.5420062,-0.2403952,Brent,https://ourparks.org.uk/borough/brent-0,Patrizia
110453,"Abs, Bums & Thighs (ABT)",2026-10-11 09:00:00+00:00,2026-10-11 10:00:00+00:00,PT60M,Abs/Core,Intermediate,29.0,29,True,By the cafe,https://ourparks.org.uk/borough/abs-bums-thighs-abt-110453,Roundwood Park,NW10 3RT,Brent,Roundwood Park,GB,51.5420062,-0.2403952,Brent,https://ourparks.org.uk/borough/brent-0,Patrizia
110454,"Abs, Bums & Thighs (ABT)",2026-10-18 09:00:00+00:00,2026-10-18 10:00:00+00:00,PT60M,Abs/Core,Intermediate,29.0,29,True,By the cafe,https://ourparks.org.uk/borough/abs-bums-thighs-abt-110454,Roundwood Park,NW10 3RT,Brent,Roundwood Park,GB,51.5420062,-0.2403952,Brent,https://ourparks.org.uk/borough/brent-0,Patrizia
110455,"Abs, Bums & Thighs (ABT)",2026-10-25 09:00:00+00:00,2026-10-25 10:00:00+00:00,PT60M,Abs/Core,Intermediate,29.0,29,True,By the cafe,https://ourparks.org.uk/borough/abs-bums-thighs-abt-110455,Roundwood Park,NW10 3RT,Brent,Roundwood Park,GB,51.5420062,-0.2403952,Brent,https://ourparks.org.uk/borough/brent-0,Patrizia
110456,"Abs, Bums & Thighs (ABT)",2026-11-01 09:00:00+00:00,2026-11-01 10:00:00+00:00,PT60M,Abs/Core,Intermediate,29.0,29,True,By the cafe,https://ourparks.org.uk/borough/abs-bums-thighs-abt-110456,Roundwood Park,NW10 3RT,Brent,Roundwood Park,GB,51.5420062,-0.2403952,Brent,https://ourparks.org.uk/borough/brent-0,Patrizia
110457,"Abs, Bums & Thighs (ABT)",2026-11-08 09:00:00+00:00,2026-11-08 10:00:00+00:00,PT60M,Abs/Core,Intermediate,29.0,29,True,By the cafe,https://ourparks.org.uk/borough/abs-bums-thighs-abt-110457,Roundwood Park,NW10 3RT,Brent,Roundwood Park,GB,51.5420062,-0.2403952,Brent,https://ourparks.org.uk/borough/brent-0,Patrizia
110458,"Abs, Bums & Thighs (ABT)",2026-11-15 09:00:00+00:00,2026-11-15 10:00:00+00:00,PT60M,Abs/Core,Intermediate,29.0,29,True,By the cafe,https://ourparks.org.uk/borough/abs-bums-thighs-abt-110458,Roundwood Park,NW10 3RT,Brent,Roundwood Park,GB,51.5420062,-0.2403952,Brent,https://ourparks.org.uk/borough/brent-0,Patrizia
110459,"Abs, Bums & Thighs (ABT)",2026-11-22 09:00:00+00:00,2026-11-22 10:00:00+00:00,PT60M,Abs/Core,Intermediate,29.0,29,True,By the cafe,https://ourparks.org.uk/borough/abs-bums-thighs-abt-110459,Roundwood Park,NW10 3RT,Brent,Roundwood Park,GB,51.5420062,-0.2403952,Brent,https://ourparks.org.uk/borough/brent-0,Patrizia
110460,"Abs, Bums & Thighs (ABT)",2026-11-29 09:00:00+00:00,2026-11-29 10:00:00+00:00,PT60M,Abs/Core,Intermediate,29.0,29,True,By the cafe,https://ourparks.org.uk/borough/abs-bums-thighs-abt-110460,Roundwood Park,NW10 3RT,Brent,Roundwood Park,GB,51.5420062,-0.2403952,Brent,https://ourparks.org.uk/borough/brent-0,Patrizia
110461,"Abs, Bums & Thighs (ABT)",2026-12-06 09:00:00+00:00,2026-12-06 10:00:00+00:00,PT60M,Abs/Core,Intermediate,29.0,29,True,By the cafe,https://ourparks.org.uk/borough/abs-bums-thighs-abt-110461,Roundwood Park,NW10 3RT,Brent,Roundwood Park,GB,51.5420062,-0.2403952,Brent,https://ourparks.org.uk/borough/brent-0,Patrizia
110462,"Abs, Bums & Thighs (ABT)",2026-12-13 09:00:00+00:00,2026-12-13 10:00:00+00:00,PT60M,Abs/Core,Intermediate,29.0,29,True,By the cafe,https://ourparks.org.uk/borough/abs-bums-thighs-abt-110462,Roundwood Park,NW10 3RT,Brent,Roundwood Park,GB,51.5420062,-0.2403952,Brent,https://ourparks.org.uk/borough/brent-0,Patrizia
110463,"Abs, Bums & Thighs (ABT)",2026-12-20 09:00:00+00:00,2026-12-20 10:00:00+00:00,PT60M,Abs/Core,Intermediate,29.0,29,True,By the cafe,https://ourparks.org.uk/borough/abs-bums-thighs-abt-110463,Roundwood Park,NW10 3RT,Brent,Roundwood Park,GB,51.5420062,-0.2403952,Brent,https://ourparks.org.uk/borough/brent-0,Patrizia
110466,"Abs, Bums & Thighs (ABT)",2027-01-10 09:00:00+00:00,2027-01-10 10:00:00+00:00,PT60M,Abs/Core,Intermediate,29.0,29,True,By the cafe,https://ourparks.org.uk/borough/abs-bums-thighs-abt-110466,Roundwood Park,NW10 3RT,Brent,Roundwood Park,GB,51.5420062,-0.2403952,Brent,https://ourparks.org.uk/borough/brent-0,Patrizia
110467,"Abs, Bums & Thighs (ABT)",2027-01-17 09:00:00+00:00,2027-01-17 10:00:00+00:00,PT60M,Abs/Core,Intermediate,29.0,29,True,By the cafe,https://ourparks.org.uk/borough/abs-bums-thighs-abt-110467,Roundwood Park,NW10 3RT,Brent,Roundwood Park,GB,51.5420062,-0.2403952,Brent,https://ourparks.org.uk/borough/brent-0,Patrizia
110468,"Abs, Bums & Thighs (ABT)",2027-01-24 09:00:00+00:00,2027-01-24 10:00:00+00:00,PT60M,Abs/Core,Intermediate,29.0,29,True,By the cafe,https://ourparks.org.uk/borough/abs-bums-thighs-abt-110468,Roundwood Park,NW10 3RT,Brent,Roundwood Park,GB,51.5420062,-0.2403952,Brent,https://ourparks.org.uk/borough/brent-0,Patrizia
110469,"Abs, Bums & Thighs (ABT)",2027-01-31 09:00:00+00:00,2027-01-31 10:00:00+00:00,PT60M,Abs/Core,Intermediate,29.0,29,True,By the cafe,https://ourparks.org.uk/borough/abs-bums-thighs-abt-110469,Roundwood Park,NW10 3RT,Brent,Roundwood Park,GB,51.5420062,-0.2403952,Brent,https://ourparks.org.uk/borough/brent-0,Patrizia
110470,"Abs, Bums & Thighs (ABT)",2027-02-07 09:00:00+00:00,2027-02-07 10:00:00+00:00,PT60M,Abs/Core,Intermediate,29.0,29,True,By the cafe,https://ourparks.org.uk/borough/abs-bums-thighs-abt-110470,Roundwood Park,NW10 3RT,Brent,Roundwood Park,GB,51.5420062,-0.2403952,Brent,https://ourparks.org.uk/borough/brent-0,Patrizia
110471,"Abs, Bums & Thighs (ABT)",2027-02-14 09:00:00+00:00,2027-02-14 10:00:00+00:00,PT60M,Abs/Core,Intermediate,29.0,29,True,By the cafe,https://ourparks.org.uk/borough/abs-bums-thighs-abt-110471,Roundwood Park,NW10 3RT,Brent,Roundwood Park,GB,51.5420062,-0.2403952,Brent,https://ourparks.org.uk/borough/brent-0,Patrizia
110472,"Abs, Bums & Thighs (ABT)",2027-02-21 09:00:00+00:00,2027-02-21 10:00:00+00:00,PT60M,Abs/Core,Intermediate,29.0,29,True,By the cafe,https://ourparks.org.uk/borough/abs-bums-thighs-abt-110472,Roundwood Park,NW10 3RT,Brent,Roundwood Park,GB,51.5420062,-0.2403952,Brent,https://ourparks.org.uk/borough/brent-0,Patrizia
110473,"Abs, Bums & Thighs (ABT)",2027-02-28 09:00:00+00:00,2027-02-28 10:00:00+00:00,PT60M,Abs/Core,Intermediate,29.0,29,True,By the cafe,https://ourparks.org.uk/borough/abs-bums-thighs-abt-110473,Roundwood Park,NW10 3RT,Brent,Roundwood Park,GB,51.5420062,-0.2403952,Brent,https://ourparks.org.uk/borough/brent-0,Patrizia
110474,"Abs, Bums & Thighs (ABT)",2027-03-07 09:00:00+00:00,2027-03-07 10:00:00+00:00,PT60M,Abs/Core,Intermediate,29.0,29,True,By the cafe,https://ourparks.org.uk/borough/abs-bums-thighs-abt-110474,Roundwood Park,NW10 3RT,Brent,Roundwood Park,GB,51.5420062,-0.2403952,Brent,https://ourparks.org.uk/borough/brent-0,Patrizia
110475,"Abs, Bums & Thighs (ABT)",2027-03-14 09:00:00+00:00,2027-03-14 10:00:00+00:00,PT60M,Abs/Core,Intermediate,29.0,29,True,By the cafe,https://ourparks.org.uk/borough/abs-bums-thighs-abt-110475,Roundwood Park,NW10 3RT,Brent,Roundwood Park,GB,51.5420062,-0.2403952,Brent,https://ourparks.org.uk/borough/brent-0,Patrizia
110476,"Abs, Bums & Thighs (ABT)",2027-03-21 09:00:00+00:00,2027-03-21 10:00:00+00:00,PT60M,Abs/Core,Intermediate,29.0,29,True,By the cafe,https://ourparks.org.uk/borough/abs-bums-thighs-abt-110476,Roundwood Park,NW10 3RT,Brent,Roundwood Park,GB,51.5420062,-0.2403952,Brent,https://ourparks.org.uk/borough/brent-0,Patrizia
110477,"Abs, Bums & Thighs (ABT)",2027-03-28 09:00:00+00:00,2027-03-28 10:00:00+00:00,PT60M,Abs/Core,Intermediate,29.0,29,True,By the cafe,https://ourparks.org.uk/borough/abs-bums-thighs-abt-110477,Roundwood Park,NW10 3RT,Brent,Roundwood Park,GB,51.5420062,-0.2403952,Brent,https://ourparks.org.uk/borough/brent-0,Patrizia
110493,Beginners Bootcamp,2026-07-12 09:00:00+00:00,2026-07-12 10:00:00+00:00,PT60M,Bootcamp,Intermediate,29.0,29,True,"At the top of the park, opposite The Stables cafe",https://ourparks.org.uk/borough/beginners-bootcamp-110493,Gladstone Park,NW2,London,Dollis Hill Lane,GB,51.5596147901,-0.236722632917,Brent,https://ourparks.org.uk/borough/brent-0,Laurène
110494,Beginners Bootcamp,2026-07-19 09:00:00+00:00,2026-07-19 10:00:00+00:00,PT60M,Bootcamp,Intermediate,29.0,29,True,"At the top of the park, opposite The Stables cafe",https://ourparks.org.uk/borough/beginners-bootcamp-110494,Gladstone Park,NW2,London,Dollis Hill Lane,GB,51.5596147901,-0.236722632917,Brent,https://ourparks.org.uk/borough/brent-0,Laurène
110495,Beginners Bootcamp,2026-07-26 09:00:00+00:00,2026-07-26 10:00:00+00:00,PT60M,Bootcamp,Intermediate,29.0,29,True,"At the top of the park, opposite The Stables cafe",https://ourparks.org.uk/borough/beginners-bootcamp-110495,Gladstone Park,NW2,London,Dollis Hill Lane,GB,51.5596147901,-0.236722632917,Brent,https://ourparks.org.uk/borough/brent-0,Laurène
110496,Beginners Bootcamp,2026-08-02 09:00:00+00:00,2026-08-02 10:00:00+00:00,PT60M,Bootcamp,Intermediate,29.0,29,True,"At the top of the park, opposite The Stables cafe",https://ourparks.org.uk/borough/beginners-bootcamp-110496,Gladstone Park,NW2,London,Dollis Hill Lane,GB,51.5596147901,-0.236722632917,Brent,https://ourparks.org.uk/borough/brent-0,Laurène
110497,Beginners Bootcamp,2026-08-09 09:00:00+00:00,2026-08-09 10:00:00+00:00,PT60M,Bootcamp,Intermediate,29.0,29,True,"At the top of the park, opposite The Stables cafe",https://ourparks.org.uk/borough/beginners-bootcamp-110497,Gladstone Park,NW2,London,Dollis Hill Lane,GB,51.5596147901,-0.236722632917,Brent,https://ourparks.org.uk/borough/brent-0,Laurène
110498,Beginners Bootcamp,2026-08-16 09:00:00+00:00,2026-08-16 10:00:00+00:00,PT60M,Bootcamp,Intermediate,29.0,29,True,"At the top of the park, opposite The Stables cafe",https://ourparks.org.uk/borough/beginners-bootcamp-110498,Gladstone Park,NW2,London,Dollis Hill Lane,GB,51.5596147901,-0.236722632917,Brent,https://ourparks.org.uk/borough/brent-0,Laurène
110499,Beginners Bootcamp,2026-08-23 09:00:00+00:00,2026-08-23 10:00:00+00:00,PT60M,Bootcamp,Intermediate,29.0,29,True,"At the top of the park, opposite The Stables cafe",https://ourparks.org.uk/borough/beginners-bootcamp-110499,Gladstone Park,NW2,London,Dollis Hill Lane,GB,51.5596147901,-0.236722632917,Brent,https://ourparks.org.uk/borough/brent-0,Laurène
110500,Beginners Bootcamp,2026-08-30 09:00:00+00:00,2026-08-30 10:00:00+00:00,PT60M,Bootcamp,Intermediate,29.0,29,True,"At the top of the park, opposite The Stables cafe",https://ourparks.org.uk/borough/beginners-bootcamp-110500,Gladstone Park,NW2,London,Dollis Hill Lane,GB,51.5596147901,-0.236722632917,Brent,https://ourparks.org.uk/borough/brent-0,Laurène
110501,Beginners Bootcamp,2026-09-06 09:00:00+00:00,2026-09-06 10:00:00+00:00,PT60M,Bootcamp,Intermediate,29.0,29,True,"At the top of the park, opposite The Stables cafe",https://ourparks.org.uk/borough/beginners-bootcamp-110501,Gladstone Park,NW2,London,Dollis Hill Lane,GB,51.5596147901,-0.236722632917,Brent,https://ourparks.org.uk/borough/brent-0,Laurène
110502,Beginners Bootcamp,2026-09-13 09:00:00+00:00,2026-09-13 10:00:00+00:00,PT60M,Bootcamp,Intermediate,29.0,29,True,"At the top of the park, opposite The Stables cafe",https://ourparks.org.uk/borough/beginners-bootcamp-110502,Gladstone Park,NW2,London,Dollis Hill Lane,GB,51.5596147901,-0.236722632917,Brent,https://ourparks.org.uk/borough/brent-0,Laurène
110503,Beginners Bootcamp,2026-09-20 09:00:00+00:00,2026-09-20 10:00:00+00:00,PT60M,Bootcamp,Intermediate,29.0,29,True,"At the top of the park, opposite The Stables cafe",https://ourparks.org.uk/borough/beginners-bootcamp-110503,Gladstone Park,NW2,London,Dollis Hill Lane,GB,51.5596147901,-0.236722632917,Brent,https://ourparks.org.uk/borough/brent-0,Laurène
110504,Beginners Bootcamp,2026-09-27 09:00:00+00:00,2026-09-27 10:00:00+00:00,PT60M,Bootcamp,Intermediate,29.0,29,True,"At the top of the park, opposite The Stables cafe",https://ourparks.org.uk/borough/beginners-bootcamp-110504,Gladstone Park,NW2,London,Dollis Hill Lane,GB,51.5596147901,-0.236722632917,Brent,https://ourparks.org.uk/borough/brent-0,Laurène
110505,Beginners Bootcamp,2026-10-04 09:00:00+00:00,2026-10-04 10:00:00+00:00,PT60M,Bootcamp,Intermediate,29.0,29,True,"At the top of the park, opposite The Stables cafe",https://ourparks.org.uk/borough/beginners-bootcamp-110505,Gladstone Park,NW2,London,Dollis Hill Lane,GB,51.5596147901,-0.236722632917,Brent,https://ourparks.org.uk/borough/brent-0,Laurène
110506,Beginners Bootcamp,2026-10-11 09:00:00+00:00,2026-10-11 10:00:00+00:00,PT60M,Bootcamp,Intermediate,29.0,29,True,"At the top of the park, opposite The Stables cafe",https://ourparks.org.uk/borough/beginners-bootcamp-110506,Gladstone Park,NW2,London,Dollis Hill Lane,GB,51.5596147901,-0.236722632917,Brent,https://ourparks.org.uk/borough/brent-0,Laurène
110507,Beginners Bootcamp,2026-10-18 09:00:00+00:00,2026-10-18 10:00:00+00:00,PT60M,Bootcamp,Intermediate,29.0,29,True,"At the top of the park, opposite The Stables cafe",https://ourparks.org.uk/borough/beginners-bootcamp-110507,Gladstone Park,NW2,London,Dollis Hill Lane,GB,51.5596147901,-0.236722632917,Brent,https://ourparks.org.uk/borough/brent-0,Laurène
110508,Beginners Bootcamp,2026-10-25 09:00:00+00:00,2026-10-25 10:00:00+00:00,PT60M,Bootcamp,Intermediate,29.0,29,True,"At the top of the park, opposite The Stables cafe",https://ourparks.org.uk/borough/beginners-bootcamp-110508,Gladstone Park,NW2,London,Dollis Hill Lane,GB,51.5596147901,-0.236722632917,Brent,https://ourparks.org.uk/borough/brent-0,Laurène
110509,Beginners Bootcamp,2026-11-01 09:00:00+00:00,2026-11-01 10:00:00+00:00,PT60M,Bootcamp,Intermediate,29.0,29,True,"At the top of the park, opposite The Stables cafe",https://ourparks.org.uk/borough/beginners-bootcamp-110509,Gladstone Park,NW2,London,Dollis Hill Lane,GB,51.5596147901,-0.236722632917,Brent,https://ourparks.org.uk/borough/brent-0,Laurène
110510,Beginners Bootcamp,2026-11-08 09:00:00+00:00,2026-11-08 10:00:00+00:00,PT60M,Bootcamp,Intermediate,29.0,29,True,"At the top of the park, opposite The Stables cafe",https://ourparks.org.uk/borough/beginners-bootcamp-110510,Gladstone Park,NW2,London,Dollis Hill Lane,GB,51.5596147901,-0.236722632917,Brent,https://ourparks.org.uk/borough/brent-0,Laurène
110511,Beginners Bootcamp,2026-11-15 09:00:00+00:00,2026-11-15 10:00:00+00:00,PT60M,Bootcamp,Intermediate,29.0,29,True,"At the top of the park, opposite The Stables cafe",https://ourparks.org.uk/borough/beginners-bootcamp-110511,Gladstone Park,NW2,London,Dollis Hill Lane,GB,51.5596147901,-0.236722632917,Brent,https://ourparks.org.uk/borough/brent-0,Laurène
110512,Beginners Bootcamp,2026-11-22 09:00:00+00:00,2026-11-22 10:00:00+00:00,PT60M,Bootcamp,Intermediate,29.0,29,True,"At the top of the park, opposite The Stables cafe",https://ourparks.org.uk/borough/beginners-bootcamp-110512,Gladstone Park,NW2,London,Dollis Hill Lane,GB,51.5596147901,-0.236722632917,Brent,https://ourparks.org.uk/borough/brent-0,Laurène
110513,Beginners Bootcamp,2026-11-29 09:00:00+00:00,2026-11-29 10:00:00+00:00,PT60M,Bootcamp,Intermediate,29.0,29,True,"At the top of the park, opposite The Stables cafe",https://ourparks.org.uk/borough/beginners-bootcamp-110513,Gladstone Park,NW2,London,Dollis Hill Lane,GB,51.5596147901,-0.236722632917,Brent,https://ourparks.org.uk/borough/brent-0,Laurène
110514,Beginners Bootcamp,2026-12-06 09:00:00+00:00,2026-12-06 10:00:00+00:00,PT60M,Bootcamp,Intermediate,29.0,29,True,"At the top of the park, opposite The Stables cafe",https://ourparks.org.uk/borough/beginners-bootcamp-110514,Gladstone Park,NW2,London,Dollis Hill Lane,GB,51.5596147901,-0.236722632917,Brent,https://ourparks.org.uk/borough/brent-0,Laurène
110515,Beginners Bootcamp,2026-12-13 09:00:00+00:00,2026-12-13 10:00:00+00:00,PT60M,Bootcamp,Intermediate,29.0,29,True,"At the top of the park, opposite The Stables cafe",https://ourparks.org.uk/borough/beginners-bootcamp-110515,Gladstone Park,NW2,London,Dollis Hill Lane,GB,51.5596147901,-0.236722632917,Brent,https://ourparks.org.uk/borough/brent-0,Laurène
110516,Beginners Bootcamp,2026-12-20 09:00:00+00:00,2026-12-20 10:00:00+00:00,PT60M,Bootcamp,Intermediate,29.0,29,True,"At the top of the park, opposite The Stables cafe",https://ourparks.org.uk/borough/beginners-bootcamp-110516,Gladstone Park,NW2,London,Dollis Hill Lane,GB,51.5596147901,-0.236722632917,Brent,https://ourparks.org.uk/borough/brent-0,Laurène
110519,Beginners Bootcamp,2027-01-10 09:00:00+00:00,2027-01-10 10:00:00+00:00,PT60M,Bootcamp,Intermediate,29.0,29,True,"At the top of the park, opposite The Stables cafe",https://ourparks.org.uk/borough/beginners-bootcamp-110519,Gladstone Park,NW2,London,Dollis Hill Lane,GB,51.5596147901,-0.236722632917,Brent,https://ourparks.org.uk/borough/brent-0,Laurène
110520,Beginners Bootcamp,2027-01-17 09:00:00+00:00,2027-01-17 10:00:00+00:00,PT60M,Bootcamp,Intermediate,29.0,29,True,"At the top of the park, opposite The Stables cafe",https://ourparks.org.uk/borough/beginners-bootcamp-110520,Gladstone Park,NW2,London,Dollis Hill Lane,GB,51.5596147901,-0.236722632917,Brent,https://ourparks.org.uk/borough/brent-0,Laurène
110521,Beginners Bootcamp,2027-01-24 09:00:00+00:00,2027-01-24 10:00:00+00:00,PT60M,Bootcamp,Intermediate,29.0,29,True,"At the top of the park, opposite The Stables cafe",https://ourparks.org.uk/borough/beginners-bootcamp-110521,Gladstone Park,NW2,London,Dollis Hill Lane,GB,51.5596147901,-0.236722632917,Brent,https://ourparks.org.uk/borough/brent-0,Laurène
110522,Beginners Bootcamp,2027-01-31 09:00:00+00:00,2027-01-31 10:00:00+00:00,PT60M,Bootcamp,Intermediate,29.0,29,True,"At the top of the park, opposite The Stables cafe",https://ourparks.org.uk/borough/beginners-bootcamp-110522,Gladstone Park,NW2,London,Dollis Hill Lane,GB,51.5596147901,-0.236722632917,Brent,https://ourparks.org.uk/borough/brent-0,Laurène
110523,Beginners Bootcamp,2027-02-07 09:00:00+00:00,2027-02-07 10:00:00+00:00,PT60M,Bootcamp,Intermediate,29.0,29,True,"At the top of the park, opposite The Stables cafe",https://ourparks.org.uk/borough/beginners-bootcamp-110523,Gladstone Park,NW2,London,Dollis Hill Lane,GB,51.5596147901,-0.236722632917,Brent,https://ourparks.org.uk/borough/brent-0,Laurène
110524,Beginners Bootcamp,2027-02-14 09:00:00+00:00,2027-02-14 10:00:00+00:00,PT60M,Bootcamp,Intermediate,29.0,29,True,"At the top of the park, opposite The Stables cafe",https://ourparks.org.uk/borough/beginners-bootcamp-110524,Gladstone Park,NW2,London,Dollis Hill Lane,GB,51.5596147901,-0.236722632917,Brent,https://ourparks.org.uk/borough/brent-0,Laurène
110525,Beginners Bootcamp,2027-02-21 09:00:00+00:00,2027-02-21 10:00:00+00:00,PT60M,Bootcamp,Intermediate,29.0,29,True,"At the top of the park, opposite The Stables cafe",https://ourparks.org.uk/borough/beginners-bootcamp-110525,Gladstone Park,NW2,London,Dollis Hill Lane,GB,51.5596147901,-0.236722632917,Brent,https://ourparks.org.uk/borough/brent-0,Laurène
110491,Beginners Bootcamp,2026-06-28 09:00:00+00:00,2026-06-28 10:00:00+00:00,PT60M,Bootcamp,Intermediate,29.0,29,True,"At the top of the park, opposite The Stables cafe",https://ourparks.org.uk/borough/beginners-bootcamp-110491,Gladstone Park,NW2,London,Dollis Hill Lane,GB,51.5596147901,-0.236722632917,Brent,https://ourparks.org.uk/borough/brent-0,Julia
110526,Beginners Bootcamp,2027-02-28 09:00:00+00:00,2027-02-28 10:00:00+00:00,PT60M,Bootcamp,Intermediate,29.0,29,True,"At the top of the park, opposite The Stables cafe",https://ourparks.org.uk/borough/beginners-bootcamp-110526,Gladstone Park,NW2,London,Dollis Hill Lane,GB,51.5596147901,-0.236722632917,Brent,https://ourparks.org.uk/borough/brent-0,Laurène
110527,Beginners Bootcamp,2027-03-07 09:00:00+00:00,2027-03-07 10:00:00+00:00,PT60M,Bootcamp,Intermediate,29.0,29,True,"At the top of the park, opposite The Stables cafe",https://ourparks.org.uk/borough/beginners-bootcamp-110527,Gladstone Park,NW2,London,Dollis Hill Lane,GB,51.5596147901,-0.236722632917,Brent,https://ourparks.org.uk/borough/brent-0,Laurène
110528,Beginners Bootcamp,2027-03-14 09:00:00+00:00,2027-03-14 10:00:00+00:00,PT60M,Bootcamp,Intermediate,29.0,29,True,"At the top of the park, opposite The Stables cafe",https://ourparks.org.uk/borough/beginners-bootcamp-110528,Gladstone Park,NW2,London,Dollis Hill Lane,GB,51.5596147901,-0.236722632917,Brent,https://ourparks.org.uk/borough/brent-0,Laurène
110529,Beginners Bootcamp,2027-03-21 09:00:00+00:00,2027-03-21 10:00:00+00:00,PT60M,Bootcamp,Intermediate,29.0,29,True,"At the top of the park, opposite The Stables cafe",https://ourparks.org.uk/borough/beginners-bootcamp-110529,Gladstone Park,NW2,London,Dollis Hill Lane,GB,51.5596147901,-0.236722632917,Brent,https://ourparks.org.uk/borough/brent-0,Laurène
110530,Beginners Bootcamp,2027-03-28 09:00:00+00:00,2027-03-28 10:00:00+00:00,PT60M,Bootcamp,Intermediate,29.0,29,True,"At the top of the park, opposite The Stables cafe",https://ourparks.org.uk/borough/beginners-bootcamp-110530,Gladstone Park,NW2,London,Dollis Hill Lane,GB,51.5596147901,-0.236722632917,Brent,https://ourparks.org.uk/borough/brent-0,Laurène
110531,Walking Tai Chi,2026-07-05 09:00:00+00:00,2026-07-05 10:00:00+00:00,PT60M,Tai Chi,Intermediate,29.0,29,True,Outdoor Gym area,https://ourparks.org.uk/borough/walking-tai-chi-110531,Roe Green Park,NW9 9HA,London,Kingsbury High Road Kingsbury,GB,51.586109971363,-0.269687067103,Brent,https://ourparks.org.uk/borough/brent-0,Savita
110532,Walking Tai Chi,2026-07-12 09:00:00+00:00,2026-07-12 10:00:00+00:00,PT60M,Tai Chi,Intermediate,29.0,29,True,Outdoor Gym area,https://ourparks.org.uk/borough/walking-tai-chi-110532,Roe Green Park,NW9 9HA,London,Kingsbury High Road Kingsbury,GB,51.586109971363,-0.269687067103,Brent,https://ourparks.org.uk/borough/brent-0,Savita
110533,Walking Tai Chi,2026-07-19 09:00:00+00:00,2026-07-19 10:00:00+00:00,PT60M,Tai Chi,Intermediate,29.0,29,True,Outdoor Gym area,https://ourparks.org.uk/borough/walking-tai-chi-110533,Roe Green Park,NW9 9HA,London,Kingsbury High Road Kingsbury,GB,51.586109971363,-0.269687067103,Brent,https://ourparks.org.uk/borough/brent-0,Savita
110534,Walking Tai Chi,2026-07-26 09:00:00+00:00,2026-07-26 10:00:00+00:00,PT60M,Tai Chi,Intermediate,29.0,29,True,Outdoor Gym area,https://ourparks.org.uk/borough/walking-tai-chi-110534,Roe Green Park,NW9 9HA,London,Kingsbury High Road Kingsbury,GB,51.586109971363,-0.269687067103,Brent,https://ourparks.org.uk/borough/brent-0,Savita
110535,Walking Tai Chi,2026-08-02 09:00:00+00:00,2026-08-02 10:00:00+00:00,PT60M,Tai Chi,Intermediate,29.0,29,True,Outdoor Gym area,https://ourparks.org.uk/borough/walking-tai-chi-110535,Roe Green Park,NW9 9HA,London,Kingsbury High Road Kingsbury,GB,51.586109971363,-0.269687067103,Brent,https://ourparks.org.uk/borough/brent-0,Savita
110536,Walking Tai Chi,2026-08-09 09:00:00+00:00,2026-08-09 10:00:00+00:00,PT60M,Tai Chi,Intermediate,29.0,29,True,Outdoor Gym area,https://ourparks.org.uk/borough/walking-tai-chi-110536,Roe Green Park,NW9 9HA,London,Kingsbury High Road Kingsbury,GB,51.586109971363,-0.269687067103,Brent,https://ourparks.org.uk/borough/brent-0,Savita
110537,Walking Tai Chi,2026-08-16 09:00:00+00:00,2026-08-16 10:00:00+00:00,PT60M,Tai Chi,Intermediate,29.0,29,True,Outdoor Gym area,https://ourparks.org.uk/borough/walking-tai-chi-110537,Roe Green Park,NW9 9HA,London,Kingsbury High Road Kingsbury,GB,51.586109971363,-0.269687067103,Brent,https://ourparks.org.uk/borough/brent-0,Savita
110538,Walking Tai Chi,2026-08-23 09:00:00+00:00,2026-08-23 10:00:00+00:00,PT60M,Tai Chi,Intermediate,29.0,29,True,Outdoor Gym area,https://ourparks.org.uk/borough/walking-tai-chi-110538,Roe Green Park,NW9 9HA,London,Kingsbury High Road Kingsbury,GB,51.586109971363,-0.269687067103,Brent,https://ourparks.org.uk/borough/brent-0,Savita
110539,Walking Tai Chi,2026-08-30 09:00:00+00:00,2026-08-30 10:00:00+00:00,PT60M,Tai Chi,Intermediate,29.0,29,True,Outdoor Gym area,https://ourparks.org.uk/borough/walking-tai-chi-110539,Roe Green Park,NW9 9HA,London,Kingsbury High Road Kingsbury,GB,51.586109971363,-0.269687067103,Brent,https://ourparks.org.uk/borough/brent-0,Savita
110540,Walking Tai Chi,2026-09-06 09:00:00+00:00,2026-09-06 10:00:00+00:00,PT60M,Tai Chi,Intermediate,29.0,29,True,Outdoor Gym area,https://ourparks.org.uk/borough/walking-tai-chi-110540,Roe Green Park,NW9 9HA,London,Kingsbury High Road Kingsbury,GB,51.586109971363,-0.269687067103,Brent,https://ourparks.org.uk/borough/brent-0,Savita
110541,Walking Tai Chi,2026-09-13 09:00:00+00:00,2026-09-13 10:00:00+00:00,PT60M,Tai Chi,Intermediate,29.0,29,True,Outdoor Gym area,https://ourparks.org.uk/borough/walking-tai-chi-110541,Roe Green Park,NW9 9HA,London,Kingsbury High Road Kingsbury,GB,51.586109971363,-0.269687067103,Brent,https://ourparks.org.uk/borough/brent-0,Savita
110542,Walking Tai Chi,2026-09-20 09:00:00+00:00,2026-09-20 10:00:00+00:00,PT60M,Tai Chi,Intermediate,29.0,29,True,Outdoor Gym area,https://ourparks.org.uk/borough/walking-tai-chi-110542,Roe Green Park,NW9 9HA,London,Kingsbury High Road Kingsbury,GB,51.586109971363,-0.269687067103,Brent,https://ourparks.org.uk/borough/brent-0,Savita
110543,Walking Tai Chi,2026-09-27 09:00:00+00:00,2026-09-27 10:00:00+00:00,PT60M,Tai Chi,Intermediate,29.0,29,True,Outdoor Gym area,https://ourparks.org.uk/borough/walking-tai-chi-110543,Roe Green Park,NW9 9HA,London,Kingsbury High Road Kingsbury,GB,51.586109971363,-0.269687067103,Brent,https://ourparks.org.uk/borough/brent-0,Savita
110544,Walking Tai Chi,2026-10-04 09:00:00+00:00,2026-10-04 10:00:00+00:00,PT60M,Tai Chi,Intermediate,29.0,29,True,Outdoor Gym area,https://ourparks.org.uk/borough/walking-tai-chi-110544,Roe Green Park,NW9 9HA,London,Kingsbury High Road Kingsbury,GB,51.586109971363,-0.269687067103,Brent,https://ourparks.org.uk/borough/brent-0,Savita
110545,Walking Tai Chi,2026-10-11 09:00:00+00:00,2026-10-11 10:00:00+00:00,PT60M,Tai Chi,Intermediate,29.0,29,True,Outdoor Gym area,https://ourparks.org.uk/borough/walking-tai-chi-110545,Roe Green Park,NW9 9HA,London,Kingsbury High Road Kingsbury,GB,51.586109971363,-0.269687067103,Brent,https://ourparks.org.uk/borough/brent-0,Savita
110546,Walking Tai Chi,2026-10-18 09:00:00+00:00,2026-10-18 10:00:00+00:00,PT60M,Tai Chi,Intermediate,29.0,29,True,Outdoor Gym area,https://ourparks.org.uk/borough/walking-tai-chi-110546,Roe Green Park,NW9 9HA,London,Kingsbury High Road Kingsbury,GB,51.586109971363,-0.269687067103,Brent,https://ourparks.org.uk/borough/brent-0,Savita
110547,Walking Tai Chi,2026-10-25 09:00:00+00:00,2026-10-25 10:00:00+00:00,PT60M,Tai Chi,Intermediate,29.0,29,True,Outdoor Gym area,https://ourparks.org.uk/borough/walking-tai-chi-110547,Roe Green Park,NW9 9HA,London,Kingsbury High Road Kingsbury,GB,51.586109971363,-0.269687067103,Brent,https://ourparks.org.uk/borough/brent-0,Savita
110548,Walking Tai Chi,2026-11-01 09:00:00+00:00,2026-11-01 10:00:00+00:00,PT60M,Tai Chi,Intermediate,29.0,29,True,Outdoor Gym area,https://ourparks.org.uk/borough/walking-tai-chi-110548,Roe Green Park,NW9 9HA,London,Kingsbury High Road Kingsbury,GB,51.586109971363,-0.269687067103,Brent,https://ourparks.org.uk/borough/brent-0,Savita
110549,Walking Tai Chi,2026-11-08 09:00:00+00:00,2026-11-08 10:00:00+00:00,PT60M,Tai Chi,Intermediate,29.0,29,True,Outdoor Gym area,https://ourparks.org.uk/borough/walking-tai-chi-110549,Roe Green Park,NW9 9HA,London,Kingsbury High Road Kingsbury,GB,51.586109971363,-0.269687067103,Brent,https://ourparks.org.uk/borough/brent-0,Savita
110550,Walking Tai Chi,2026-11-15 09:00:00+00:00,2026-11-15 10:00:00+00:00,PT60M,Tai Chi,Intermediate,29.0,29,True,Outdoor Gym area,https://ourparks.org.uk/borough/walking-tai-chi-110550,Roe Green Park,NW9 9HA,London,Kingsbury High Road Kingsbury,GB,51.586109971363,-0.269687067103,Brent,https://ourparks.org.uk/borough/brent-0,Savita
110551,Walking Tai Chi,2026-11-22 09:00:00+00:00,2026-11-22 10:00:00+00:00,PT60M,Tai Chi,Intermediate,29.0,29,True,Outdoor Gym area,https://ourparks.org.uk/borough/walking-tai-chi-110551,Roe Green Park,NW9 9HA,London,Kingsbury High Road Kingsbury,GB,51.586109971363,-0.269687067103,Brent,https://ourparks.org.uk/borough/brent-0,Savita
110552,Walking Tai Chi,2026-11-29 09:00:00+00:00,2026-11-29 10:00:00+00:00,PT60M,Tai Chi,Intermediate,29.0,29,True,Outdoor Gym area,https://ourparks.org.uk/borough/walking-tai-chi-110552,Roe Green Park,NW9 9HA,London,Kingsbury High Road Kingsbury,GB,51.586109971363,-0.269687067103,Brent,https://ourparks.org.uk/borough/brent-0,Savita
110553,Walking Tai Chi,2026-12-06 09:00:00+00:00,2026-12-06 10:00:00+00:00,PT60M,Tai Chi,Intermediate,29.0,29,True,Outdoor Gym area,https://ourparks.org.uk/borough/walking-tai-chi-110553,Roe Green Park,NW9 9HA,London,Kingsbury High Road Kingsbury,GB,51.586109971363,-0.269687067103,Brent,https://ourparks.org.uk/borough/brent-0,Savita
110554,Walking Tai Chi,2026-12-13 09:00:00+00:00,2026-12-13 10:00:00+00:00,PT60M,Tai Chi,Intermediate,29.0,29,True,Outdoor Gym area,https://ourparks.org.uk/borough/walking-tai-chi-110554,Roe Green Park,NW9 9HA,London,Kingsbury High Road Kingsbury,GB,51.586109971363,-0.269687067103,Brent,https://ourparks.org.uk/borough/brent-0,Savita
110555,Walking Tai Chi,2026-12-20 09:00:00+00:00,2026-12-20 10:00:00+00:00,PT60M,Tai Chi,Intermediate,29.0,29,True,Outdoor Gym area,https://ourparks.org.uk/borough/walking-tai-chi-110555,Roe Green Park,NW9 9HA,London,Kingsbury High Road Kingsbury,GB,51.586109971363,-0.269687067103,Brent,https://ourparks.org.uk/borough/brent-0,Savita
110558,Walking Tai Chi,2027-01-10 09:00:00+00:00,2027-01-10 10:00:00+00:00,PT60M,Tai Chi,Intermediate,29.0,29,True,Outdoor Gym area,https://ourparks.org.uk/borough/walking-tai-chi-110558,Roe Green Park,NW9 9HA,London,Kingsbury High Road Kingsbury,GB,51.586109971363,-0.269687067103,Brent,https://ourparks.org.uk/borough/brent-0,Savita
110559,Walking Tai Chi,2027-01-17 09:00:00+00:00,2027-01-17 10:00:00+00:00,PT60M,Tai Chi,Intermediate,29.0,29,True,Outdoor Gym area,https://ourparks.org.uk/borough/walking-tai-chi-110559,Roe Green Park,NW9 9HA,London,Kingsbury High Road Kingsbury,GB,51.586109971363,-0.269687067103,Brent,https://ourparks.org.uk/borough/brent-0,Savita
110560,Walking Tai Chi,2027-01-24 09:00:00+00:00,2027-01-24 10:00:00+00:00,PT60M,Tai Chi,Intermediate,29.0,29,True,Outdoor Gym area,https://ourparks.org.uk/borough/walking-tai-chi-110560,Roe Green Park,NW9 9HA,London,Kingsbury High Road Kingsbury,GB,51.586109971363,-0.269687067103,Brent,https://ourparks.org.uk/borough/brent-0,Savita
110561,Walking Tai Chi,2027-01-31 09:00:00+00:00,2027-01-31 10:00:00+00:00,PT60M,Tai Chi,Intermediate,29.0,29,True,Outdoor Gym area,https://ourparks.org.uk/borough/walking-tai-chi-110561,Roe Green Park,NW9 9HA,London,Kingsbury High Road Kingsbury,GB,51.586109971363,-0.269687067103,Brent,https://ourparks.org.uk/borough/brent-0,Savita
110562,Walking Tai Chi,2027-02-07 09:00:00+00:00,2027-02-07 10:00:00+00:00,PT60M,Tai Chi,Intermediate,29.0,29,True,Outdoor Gym area,https://ourparks.org.uk/borough/walking-tai-chi-110562,Roe Green Park,NW9 9HA,London,Kingsbury High Road Kingsbury,GB,51.586109971363,-0.269687067103,Brent,https://ourparks.org.uk/borough/brent-0,Savita
110563,Walking Tai Chi,2027-02-14 09:00:00+00:00,2027-02-14 10:00:00+00:00,PT60M,Tai Chi,Intermediate,29.0,29,True,Outdoor Gym area,https://ourparks.org.uk/borough/walking-tai-chi-110563,Roe Green Park,NW9 9HA,London,Kingsbury High Road Kingsbury,GB,51.586109971363,-0.269687067103,Brent,https://ourparks.org.uk/borough/brent-0,Savita
110564,Walking Tai Chi,2027-02-21 09:00:00+00:00,2027-02-21 10:00:00+00:00,PT60M,Tai Chi,Intermediate,29.0,29,True,Outdoor Gym area,https://ourparks.org.uk/borough/walking-tai-chi-110564,Roe Green Park,NW9 9HA,London,Kingsbury High Road Kingsbury,GB,51.586109971363,-0.269687067103,Brent,https://ourparks.org.uk/borough/brent-0,Savita
110565,Walking Tai Chi,2027-02-28 09:00:00+00:00,2027-02-28 10:00:00+00:00,PT60M,Tai Chi,Intermediate,29.0,29,True,Outdoor Gym area,https://ourparks.org.uk/borough/walking-tai-chi-110565,Roe Green Park,NW9 9HA,London,Kingsbury High Road Kingsbury,GB,51.586109971363,-0.269687067103,Brent,https://ourparks.org.uk/borough/brent-0,Savita
110566,Walking Tai Chi,2027-03-07 09:00:00+00:00,2027-03-07 10:00:00+00:00,PT60M,Tai Chi,Intermediate,29.0,29,True,Outdoor Gym area,https://ourparks.org.uk/borough/walking-tai-chi-110566,Roe Green Park,NW9 9HA,London,Kingsbury High Road Kingsbury,GB,51.586109971363,-0.269687067103,Brent,https://ourparks.org.uk/borough/brent-0,Savita
110567,Walking Tai Chi,2027-03-14 09:00:00+00:00,2027-03-14 10:00:00+00:00,PT60M,Tai Chi,Intermediate,29.0,29,True,Outdoor Gym area,https://ourparks.org.uk/borough/walking-tai-chi-110567,Roe Green Park,NW9 9HA,London,Kingsbury High Road Kingsbury,GB,51.586109971363,-0.269687067103,Brent,https://ourparks.org.uk/borough/brent-0,Savita
110568,Walking Tai Chi,2027-03-21 09:00:00+00:00,2027-03-21 10:00:00+00:00,PT60M,Tai Chi,Intermediate,29.0,29,True,Outdoor Gym area,https://ourparks.org.uk/borough/walking-tai-chi-110568,Roe Green Park,NW9 9HA,London,Kingsbury High Road Kingsbury,GB,51.586109971363,-0.269687067103,Brent,https://ourparks.org.uk/borough/brent-0,Savita
110569,Walking Tai Chi,2027-03-28 09:00:00+00:00,2027-03-28 10:00:00+00:00,PT60M,Tai Chi,Intermediate,29.0,29,True,Outdoor Gym area,https://ourparks.org.uk/borough/walking-tai-chi-110569,Roe Green Park,NW9 9HA,London,Kingsbury High Road Kingsbury,GB,51.586109971363,-0.269687067103,Brent,https://ourparks.org.uk/borough/brent-0,Savita
105436,Low Impact Stretch,2026-06-23 13:00:00+00:00,2026-06-23 14:00:00+00:00,PT60M,Tai Chi,Beginner,14.0,14,True,Children’s area,https://ourparks.org.uk/borough/low-impact-stretch-105436,Kingsbury Library,NW9 9HE,London,522-524 Kingsbury Road,GB,51.5860156,-0.2765225,Brent,https://ourparks.org.uk/borough/brent-0,Alvin
110388,Back to Exercise,2026-07-04 09:00:00+00:00,2026-07-04 10:00:00+00:00,PT60M,Abs/Core,Intermediate,29.0,29,True,The Bandstand,https://ourparks.org.uk/borough/back-exercise-110388,Queens Park,NW6 6LR,London,Kingswood Avenue,GB,51.5365323,-0.2092666,Brent,https://ourparks.org.uk/borough/brent-0,Patrizia
110389,Back to Exercise,2026-07-11 09:00:00+00:00,2026-07-11 10:00:00+00:00,PT60M,Abs/Core,Intermediate,29.0,29,True,The Bandstand,https://ourparks.org.uk/borough/back-exercise-110389,Queens Park,NW6 6LR,London,Kingswood Avenue,GB,51.5365323,-0.2092666,Brent,https://ourparks.org.uk/borough/brent-0,Patrizia
110390,Back to Exercise,2026-07-18 09:00:00+00:00,2026-07-18 10:00:00+00:00,PT60M,Abs/Core,Intermediate,29.0,29,True,The Bandstand,https://ourparks.org.uk/borough/back-exercise-110390,Queens Park,NW6 6LR,London,Kingswood Avenue,GB,51.5365323,-0.2092666,Brent,https://ourparks.org.uk/borough/brent-0,Patrizia
110391,Back to Exercise,2026-07-25 09:00:00+00:00,2026-07-25 10:00:00+00:00,PT60M,Abs/Core,Intermediate,29.0,29,True,The Bandstand,https://ourparks.org.uk/borough/back-exercise-110391,Queens Park,NW6 6LR,London,Kingswood Avenue,GB,51.5365323,-0.2092666,Brent,https://ourparks.org.uk/borough/brent-0,Patrizia
110392,Back to Exercise,2026-08-01 09:00:00+00:00,2026-08-01 10:00:00+00:00,PT60M,Abs/Core,Intermediate,29.0,29,True,The Bandstand,https://ourparks.org.uk/borough/back-exercise-110392,Queens Park,NW6 6LR,London,Kingswood Avenue,GB,51.5365323,-0.2092666,Brent,https://ourparks.org.uk/borough/brent-0,Patrizia
110393,Back to Exercise,2026-08-08 09:00:00+00:00,2026-08-08 10:00:00+00:00,PT60M,Abs/Core,Intermediate,29.0,29,True,The Bandstand,https://ourparks.org.uk/borough/back-exercise-110393,Queens Park,NW6 6LR,London,Kingswood Avenue,GB,51.5365323,-0.2092666,Brent,https://ourparks.org.uk/borough/brent-0,Patrizia
110394,Back to Exercise,2026-08-15 09:00:00+00:00,2026-08-15 10:00:00+00:00,PT60M,Abs/Core,Intermediate,29.0,29,True,The Bandstand,https://ourparks.org.uk/borough/back-exercise-110394,Queens Park,NW6 6LR,London,Kingswood Avenue,GB,51.5365323,-0.2092666,Brent,https://ourparks.org.uk/borough/brent-0,Patrizia
110395,Back to Exercise,2026-08-22 09:00:00+00:00,2026-08-22 10:00:00+00:00,PT60M,Abs/Core,Intermediate,29.0,29,True,The Bandstand,https://ourparks.org.uk/borough/back-exercise-110395,Queens Park,NW6 6LR,London,Kingswood Avenue,GB,51.5365323,-0.2092666,Brent,https://ourparks.org.uk/borough/brent-0,Patrizia
110396,Back to Exercise,2026-08-29 09:00:00+00:00,2026-08-29 10:00:00+00:00,PT60M,Abs/Core,Intermediate,29.0,29,True,The Bandstand,https://ourparks.org.uk/borough/back-exercise-110396,Queens Park,NW6 6LR,London,Kingswood Avenue,GB,51.5365323,-0.2092666,Brent,https://ourparks.org.uk/borough/brent-0,Patrizia
110397,Back to Exercise,2026-09-05 09:00:00+00:00,2026-09-05 10:00:00+00:00,PT60M,Abs/Core,Intermediate,29.0,29,True,The Bandstand,https://ourparks.org.uk/borough/back-exercise-110397,Queens Park,NW6 6LR,London,Kingswood Avenue,GB,51.5365323,-0.2092666,Brent,https://ourparks.org.uk/borough/brent-0,Patrizia
110398,Back to Exercise,2026-09-12 09:00:00+00:00,2026-09-12 10:00:00+00:00,PT60M,Abs/Core,Intermediate,29.0,29,True,The Bandstand,https://ourparks.org.uk/borough/back-exercise-110398,Queens Park,NW6 6LR,London,Kingswood Avenue,GB,51.5365323,-0.2092666,Brent,https://ourparks.org.uk/borough/brent-0,Patrizia
110399,Back to Exercise,2026-09-19 09:00:00+00:00,2026-09-19 10:00:00+00:00,PT60M,Abs/Core,Intermediate,29.0,29,True,The Bandstand,https://ourparks.org.uk/borough/back-exercise-110399,Queens Park,NW6 6LR,London,Kingswood Avenue,GB,51.5365323,-0.2092666,Brent,https://ourparks.org.uk/borough/brent-0,Patrizia
110400,Back to Exercise,2026-09-26 09:00:00+00:00,2026-09-26 10:00:00+00:00,PT60M,Abs/Core,Intermediate,29.0,29,True,The Bandstand,https://ourparks.org.uk/borough/back-exercise-110400,Queens Park,NW6 6LR,London,Kingswood Avenue,GB,51.5365323,-0.2092666,Brent,https://ourparks.org.uk/borough/brent-0,Patrizia
110401,Back to Exercise,2026-10-03 09:00:00+00:00,2026-10-03 10:00:00+00:00,PT60M,Abs/Core,Intermediate,29.0,29,True,The Bandstand,https://ourparks.org.uk/borough/back-exercise-110401,Queens Park,NW6 6LR,London,Kingswood Avenue,GB,51.5365323,-0.2092666,Brent,https://ourparks.org.uk/borough/brent-0,Patrizia
110402,Back to Exercise,2026-10-10 09:00:00+00:00,2026-10-10 10:00:00+00:00,PT60M,Abs/Core,Intermediate,29.0,29,True,The Bandstand,https://ourparks.org.uk/borough/back-exercise-110402,Queens Park,NW6 6LR,London,Kingswood Avenue,GB,51.5365323,-0.2092666,Brent,https://ourparks.org.uk/borough/brent-0,Patrizia
110403,Back to Exercise,2026-10-17 09:00:00+00:00,2026-10-17 10:00:00+00:00,PT60M,Abs/Core,Intermediate,29.0,29,True,The Bandstand,https://ourparks.org.uk/borough/back-exercise-110403,Queens Park,NW6 6LR,London,Kingswood Avenue,GB,51.5365323,-0.2092666,Brent,https://ourparks.org.uk/borough/brent-0,Patrizia
110404,Back to Exercise,2026-10-24 09:00:00+00:00,2026-10-24 10:00:00+00:00,PT60M,Abs/Core,Intermediate,29.0,29,True,The Bandstand,https://ourparks.org.uk/borough/back-exercise-110404,Queens Park,NW6 6LR,London,Kingswood Avenue,GB,51.5365323,-0.2092666,Brent,https://ourparks.org.uk/borough/brent-0,Patrizia
110405,Back to Exercise,2026-10-31 09:00:00+00:00,2026-10-31 10:00:00+00:00,PT60M,Abs/Core,Intermediate,29.0,29,True,The Bandstand,https://ourparks.org.uk/borough/back-exercise-110405,Queens Park,NW6 6LR,London,Kingswood Avenue,GB,51.5365323,-0.2092666,Brent,https://ourparks.org.uk/borough/brent-0,Patrizia
110406,Back to Exercise,2026-11-07 09:00:00+00:00,2026-11-07 10:00:00+00:00,PT60M,Abs/Core,Intermediate,29.0,29,True,The Bandstand,https://ourparks.org.uk/borough/back-exercise-110406,Queens Park,NW6 6LR,London,Kingswood Avenue,GB,51.5365323,-0.2092666,Brent,https://ourparks.org.uk/borough/brent-0,Patrizia
110407,Back to Exercise,2026-11-14 09:00:00+00:00,2026-11-14 10:00:00+00:00,PT60M,Abs/Core,Intermediate,29.0,29,True,The Bandstand,https://ourparks.org.uk/borough/back-exercise-110407,Queens Park,NW6 6LR,London,Kingswood Avenue,GB,51.5365323,-0.2092666,Brent,https://ourparks.org.uk/borough/brent-0,Patrizia
110408,Back to Exercise,2026-11-21 09:00:00+00:00,2026-11-21 10:00:00+00:00,PT60M,Abs/Core,Intermediate,29.0,29,True,The Bandstand,https://ourparks.org.uk/borough/back-exercise-110408,Queens Park,NW6 6LR,London,Kingswood Avenue,GB,51.5365323,-0.2092666,Brent,https://ourparks.org.uk/borough/brent-0,Patrizia
110409,Back to Exercise,2026-11-28 09:00:00+00:00,2026-11-28 10:00:00+00:00,PT60M,Abs/Core,Intermediate,29.0,29,True,The Bandstand,https://ourparks.org.uk/borough/back-exercise-110409,Queens Park,NW6 6LR,London,Kingswood Avenue,GB,51.5365323,-0.2092666,Brent,https://ourparks.org.uk/borough/brent-0,Patrizia
110410,Back to Exercise,2026-12-05 09:00:00+00:00,2026-12-05 10:00:00+00:00,PT60M,Abs/Core,Intermediate,29.0,29,True,The Bandstand,https://ourparks.org.uk/borough/back-exercise-110410,Queens Park,NW6 6LR,London,Kingswood Avenue,GB,51.5365323,-0.2092666,Brent,https://ourparks.org.uk/borough/brent-0,Patrizia
110411,Back to Exercise,2026-12-12 09:00:00+00:00,2026-12-12 10:00:00+00:00,PT60M,Abs/Core,Intermediate,29.0,29,True,The Bandstand,https://ourparks.org.uk/borough/back-exercise-110411,Queens Park,NW6 6LR,London,Kingswood Avenue,GB,51.5365323,-0.2092666,Brent,https://ourparks.org.uk/borough/brent-0,Patrizia
110412,Back to Exercise,2026-12-19 09:00:00+00:00,2026-12-19 10:00:00+00:00,PT60M,Abs/Core,Intermediate,29.0,29,True,The Bandstand,https://ourparks.org.uk/borough/back-exercise-110412,Queens Park,NW6 6LR,London,Kingswood Avenue,GB,51.5365323,-0.2092666,Brent,https://ourparks.org.uk/borough/brent-0,Patrizia
110415,Back to Exercise,2027-01-09 09:00:00+00:00,2027-01-09 10:00:00+00:00,PT60M,Abs/Core,Intermediate,29.0,29,True,The Bandstand,https://ourparks.org.uk/borough/back-exercise-110415,Queens Park,NW6 6LR,London,Kingswood Avenue,GB,51.5365323,-0.2092666,Brent,https://ourparks.org.uk/borough/brent-0,Patrizia
110416,Back to Exercise,2027-01-16 09:00:00+00:00,2027-01-16 10:00:00+00:00,PT60M,Abs/Core,Intermediate,29.0,29,True,The Bandstand,https://ourparks.org.uk/borough/back-exercise-110416,Queens Park,NW6 6LR,London,Kingswood Avenue,GB,51.5365323,-0.2092666,Brent,https://ourparks.org.uk/borough/brent-0,Patrizia
110417,Back to Exercise,2027-01-23 09:00:00+00:00,2027-01-23 10:00:00+00:00,PT60M,Abs/Core,Intermediate,29.0,29,True,The Bandstand,https://ourparks.org.uk/borough/back-exercise-110417,Queens Park,NW6 6LR,London,Kingswood Avenue,GB,51.5365323,-0.2092666,Brent,https://ourparks.org.uk/borough/brent-0,Patrizia
110418,Back to Exercise,2027-01-30 09:00:00+00:00,2027-01-30 10:00:00+00:00,PT60M,Abs/Core,Intermediate,29.0,29,True,The Bandstand,https://ourparks.org.uk/borough/back-exercise-110418,Queens Park,NW6 6LR,London,Kingswood Avenue,GB,51.5365323,-0.2092666,Brent,https://ourparks.org.uk/borough/brent-0,Patrizia
110419,Back to Exercise,2027-02-06 09:00:00+00:00,2027-02-06 10:00:00+00:00,PT60M,Abs/Core,Intermediate,29.0,29,True,The Bandstand,https://ourparks.org.uk/borough/back-exercise-110419,Queens Park,NW6 6LR,London,Kingswood Avenue,GB,51.5365323,-0.2092666,Brent,https://ourparks.org.uk/borough/brent-0,Patrizia
110420,Back to Exercise,2027-02-13 09:00:00+00:00,2027-02-13 10:00:00+00:00,PT60M,Abs/Core,Intermediate,29.0,29,True,The Bandstand,https://ourparks.org.uk/borough/back-exercise-110420,Queens Park,NW6 6LR,London,Kingswood Avenue,GB,51.5365323,-0.2092666,Brent,https://ourparks.org.uk/borough/brent-0,Patrizia
110421,Back to Exercise,2027-02-20 09:00:00+00:00,2027-02-20 10:00:00+00:00,PT60M,Abs/Core,Intermediate,29.0,29,True,The Bandstand,https://ourparks.org.uk/borough/back-exercise-110421,Queens Park,NW6 6LR,London,Kingswood Avenue,GB,51.5365323,-0.2092666,Brent,https://ourparks.org.uk/borough/brent-0,Patrizia
110422,Back to Exercise,2027-02-27 09:00:00+00:00,2027-02-27 10:00:00+00:00,PT60M,Abs/Core,Intermediate,29.0,29,True,The Bandstand,https://ourparks.org.uk/borough/back-exercise-110422,Queens Park,NW6 6LR,London,Kingswood Avenue,GB,51.5365323,-0.2092666,Brent,https://ourparks.org.uk/borough/brent-0,Patrizia
110423,Back to Exercise,2027-03-06 09:00:00+00:00,2027-03-06 10:00:00+00:00,PT60M,Abs/Core,Intermediate,29.0,29,True,The Bandstand,https://ourparks.org.uk/borough/back-exercise-110423,Queens Park,NW6 6LR,London,Kingswood Avenue,GB,51.5365323,-0.2092666,Brent,https://ourparks.org.uk/borough/brent-0,Patrizia
110424,Back to Exercise,2027-03-13 09:00:00+00:00,2027-03-13 10:00:00+00:00,PT60M,Abs/Core,Intermediate,29.0,29,True,The Bandstand,https://ourparks.org.uk/borough/back-exercise-110424,Queens Park,NW6 6LR,London,Kingswood Avenue,GB,51.5365323,-0.2092666,Brent,https://ourparks.org.uk/borough/brent-0,Patrizia
110425,Back to Exercise,2027-03-20 09:00:00+00:00,2027-03-20 10:00:00+00:00,PT60M,Abs/Core,Intermediate,29.0,29,True,The Bandstand,https://ourparks.org.uk/borough/back-exercise-110425,Queens Park,NW6 6LR,London,Kingswood Avenue,GB,51.5365323,-0.2092666,Brent,https://ourparks.org.uk/borough/brent-0,Patrizia
110426,Back to Exercise,2027-03-27 09:00:00+00:00,2027-03-27 10:00:00+00:00,PT60M,Abs/Core,Intermediate,29.0,29,True,The Bandstand,https://ourparks.org.uk/borough/back-exercise-110426,Queens Park,NW6 6LR,London,Kingswood Avenue,GB,51.5365323,-0.2092666,Brent,https://ourparks.org.uk/borough/brent-0,Patrizia
109303,Bootcamp,2026-09-12 09:00:00+00:00,2026-09-12 10:00:00+00:00,PT60M,Bootcamp,Intermediate,29.0,29,True,"Tennis centre, session to take place on mini pitches 1 and 2",https://ourparks.org.uk/borough/bootcamp-109303,Hyde Park,SW7 1SG,London,Old football pitches,GB,51.502586484832,-0.173725612847,The Royal Parks,https://ourparks.org.uk/borough/royal-parks,Olga
109305,Bootcamp,2026-09-26 09:00:00+00:00,2026-09-26 10:00:00+00:00,PT60M,Bootcamp,Intermediate,29.0,29,True,"Tennis centre, session to take place on mini pitches 1 and 2",https://ourparks.org.uk/borough/bootcamp-109305,Hyde Park,SW7 1SG,London,Old football pitches,GB,51.502586484832,-0.173725612847,The Royal Parks,https://ourparks.org.uk/borough/royal-parks,Olga
109304,Bootcamp,2026-09-19 09:00:00+00:00,2026-09-19 10:00:00+00:00,PT60M,Bootcamp,Intermediate,29.0,29,True,"Tennis centre, session to take place on mini pitches 1 and 2",https://ourparks.org.uk/borough/bootcamp-109304,Hyde Park,SW7 1SG,London,Old football pitches,GB,51.502586484832,-0.173725612847,The Royal Parks,https://ourparks.org.uk/borough/royal-parks,Olga
110229,Yoga at Eastman Village,2026-07-11 09:30:00+00:00,2026-07-11 10:30:00+00:00,PT60M,Yoga,Intermediate,29.0,29,True,By the stairs at the Barratt London Sales Suite,https://ourparks.org.uk/borough/yoga-eastman-village-110229,Eastman Village,HA1 4BF,Harrow,Unit 2 Polaroid Point,GB,51.594817163904,-0.34572129805,London Borough of Harrow,https://ourparks.org.uk/borough/london-borough-harrow,Komal
109589,Beginners Bootcamp,2026-07-09 08:00:00+00:00,2026-07-09 09:00:00+00:00,PT60M,Bootcamp,Intermediate,29.0,29,True,"Green Space by the Workout bars, Calisthenic park, outdoor gym",https://ourparks.org.uk/borough/beginners-bootcamp-109589,North Millfields Recreation Ground,E5 0AR,London,North Millfields Recreation Ground,GB,51.562186281586,-0.047345057653,Hackney,https://ourparks.org.uk/borough/hackney,Iona
109590,Beginners Bootcamp,2026-07-16 08:00:00+00:00,2026-07-16 09:00:00+00:00,PT60M,Bootcamp,Intermediate,29.0,29,True,"Green Space by the Workout bars, Calisthenic park, outdoor gym",https://ourparks.org.uk/borough/beginners-bootcamp-109590,North Millfields Recreation Ground,E5 0AR,London,North Millfields Recreation Ground,GB,51.562186281586,-0.047345057653,Hackney,https://ourparks.org.uk/borough/hackney,Iona
109591,Beginners Bootcamp,2026-07-23 08:00:00+00:00,2026-07-23 09:00:00+00:00,PT60M,Bootcamp,Intermediate,29.0,29,True,"Green Space by the Workout bars, Calisthenic park, outdoor gym",https://ourparks.org.uk/borough/beginners-bootcamp-109591,North Millfields Recreation Ground,E5 0AR,London,North Millfields Recreation Ground,GB,51.562186281586,-0.047345057653,Hackney,https://ourparks.org.uk/borough/hackney,Iona
109592,Beginners Bootcamp,2026-07-30 08:00:00+00:00,2026-07-30 09:00:00+00:00,PT60M,Bootcamp,Intermediate,29.0,29,True,"Green Space by the Workout bars, Calisthenic park, outdoor gym",https://ourparks.org.uk/borough/beginners-bootcamp-109592,North Millfields Recreation Ground,E5 0AR,London,North Millfields Recreation Ground,GB,51.562186281586,-0.047345057653,Hackney,https://ourparks.org.uk/borough/hackney,Iona
109593,Beginners Bootcamp,2026-08-06 08:00:00+00:00,2026-08-06 09:00:00+00:00,PT60M,Bootcamp,Intermediate,29.0,29,True,"Green Space by the Workout bars, Calisthenic park, outdoor gym",https://ourparks.org.uk/borough/beginners-bootcamp-109593,North Millfields Recreation Ground,E5 0AR,London,North Millfields Recreation Ground,GB,51.562186281586,-0.047345057653,Hackney,https://ourparks.org.uk/borough/hackney,Iona
109594,Beginners Bootcamp,2026-08-13 08:00:00+00:00,2026-08-13 09:00:00+00:00,PT60M,Bootcamp,Intermediate,29.0,29,True,"Green Space by the Workout bars, Calisthenic park, outdoor gym",https://ourparks.org.uk/borough/beginners-bootcamp-109594,North Millfields Recreation Ground,E5 0AR,London,North Millfields Recreation Ground,GB,51.562186281586,-0.047345057653,Hackney,https://ourparks.org.uk/borough/hackney,Iona
109595,Beginners Bootcamp,2026-08-20 08:00:00+00:00,2026-08-20 09:00:00+00:00,PT60M,Bootcamp,Intermediate,29.0,29,True,"Green Space by the Workout bars, Calisthenic park, outdoor gym",https://ourparks.org.uk/borough/beginners-bootcamp-109595,North Millfields Recreation Ground,E5 0AR,London,North Millfields Recreation Ground,GB,51.562186281586,-0.047345057653,Hackney,https://ourparks.org.uk/borough/hackney,Iona
109596,Beginners Bootcamp,2026-08-27 08:00:00+00:00,2026-08-27 09:00:00+00:00,PT60M,Bootcamp,Intermediate,29.0,29,True,"Green Space by the Workout bars, Calisthenic park, outdoor gym",https://ourparks.org.uk/borough/beginners-bootcamp-109596,North Millfields Recreation Ground,E5 0AR,London,North Millfields Recreation Ground,GB,51.562186281586,-0.047345057653,Hackney,https://ourparks.org.uk/borough/hackney,Iona
109597,Beginners Bootcamp,2026-09-03 08:00:00+00:00,2026-09-03 09:00:00+00:00,PT60M,Bootcamp,Intermediate,29.0,29,True,"Green Space by the Workout bars, Calisthenic park, outdoor gym",https://ourparks.org.uk/borough/beginners-bootcamp-109597,North Millfields Recreation Ground,E5 0AR,London,North Millfields Recreation Ground,GB,51.562186281586,-0.047345057653,Hackney,https://ourparks.org.uk/borough/hackney,Iona
109598,Beginners Bootcamp,2026-09-10 08:00:00+00:00,2026-09-10 09:00:00+00:00,PT60M,Bootcamp,Intermediate,29.0,29,True,"Green Space by the Workout bars, Calisthenic park, outdoor gym",https://ourparks.org.uk/borough/beginners-bootcamp-109598,North Millfields Recreation Ground,E5 0AR,London,North Millfields Recreation Ground,GB,51.562186281586,-0.047345057653,Hackney,https://ourparks.org.uk/borough/hackney,Iona
109599,Beginners Bootcamp,2026-09-17 08:00:00+00:00,2026-09-17 09:00:00+00:00,PT60M,Bootcamp,Intermediate,29.0,29,True,"Green Space by the Workout bars, Calisthenic park, outdoor gym",https://ourparks.org.uk/borough/beginners-bootcamp-109599,North Millfields Recreation Ground,E5 0AR,London,North Millfields Recreation Ground,GB,51.562186281586,-0.047345057653,Hackney,https://ourparks.org.uk/borough/hackney,Iona
109600,Beginners Bootcamp,2026-09-24 08:00:00+00:00,2026-09-24 09:00:00+00:00,PT60M,Bootcamp,Intermediate,29.0,29,True,"Green Space by the Workout bars, Calisthenic park, outdoor gym",https://ourparks.org.uk/borough/beginners-bootcamp-109600,North Millfields Recreation Ground,E5 0AR,London,North Millfields Recreation Ground,GB,51.562186281586,-0.047345057653,Hackney,https://ourparks.org.uk/borough/hackney,Iona
110195,HIIT at Eastman Village,2026-07-04 09:30:00+00:00,2026-07-04 10:30:00+00:00,PT60M,Yoga,Intermediate,29.0,29,True,By the stairs at the Barratt London Sales Suite,https://ourparks.org.uk/borough/hiit-eastman-village-110195,Eastman Village,HA1 4BF,Harrow,Unit 2 Polaroid Point,GB,51.594817163904,-0.34572129805,London Borough of Harrow,https://ourparks.org.uk/borough/london-borough-harrow,Dyjarn 
110194,Bootcamp at Eastman Village,2026-07-25 09:30:00+00:00,2026-07-25 10:30:00+00:00,PT60M,Bootcamp,Intermediate,29.0,29,True,By the stairs at the Barratt London Sales Suite,https://ourparks.org.uk/borough/bootcamp-eastman-village-110194,Eastman Village,HA1 4BF,Harrow,Unit 2 Polaroid Point,GB,51.594817163904,-0.34572129805,London Borough of Harrow,https://ourparks.org.uk/borough/london-borough-harrow,Dyjarn 
109588,Beginners Bootcamp,2026-07-02 09:00:00+00:00,2026-07-02 10:00:00+00:00,PT60M,Bootcamp,Intermediate,29.0,29,True,"Green Space by the Workout bars, Calisthenic park, outdoor gym",https://ourparks.org.uk/borough/beginners-bootcamp-109588,North Millfields Recreation Ground,E5 0AR,London,North Millfields Recreation Ground,GB,51.562186281586,-0.047345057653,Hackney,https://ourparks.org.uk/borough/hackney,Albert
107798,Rise & Shine Mat Pilates,2026-07-09 06:30:00+00:00,2026-07-09 07:30:00+00:00,PT60M,Pilates,Intermediate,0.0,0,True,Your streaming device,https://ourparks.org.uk/borough/rise-shine-mat-pilates-107798,Our Parks Live,KT2 7EW,London,10 London Mews,GB,51.5161826,-0.1735317,All UK,https://ourparks.org.uk/borough/all-uk,Barbora
107799,Rise & Shine Mat Pilates,2026-07-16 06:30:00+00:00,2026-07-16 07:30:00+00:00,PT60M,Pilates,Intermediate,0.0,0,True,Your streaming device,https://ourparks.org.uk/borough/rise-shine-mat-pilates-107799,Our Parks Live,KT2 7EW,London,10 London Mews,GB,51.5161826,-0.1735317,All UK,https://ourparks.org.uk/borough/all-uk,Barbora
107800,Rise & Shine Mat Pilates,2026-07-23 06:30:00+00:00,2026-07-23 07:30:00+00:00,PT60M,Pilates,Intermediate,0.0,0,True,Your streaming device,https://ourparks.org.uk/borough/rise-shine-mat-pilates-107800,Our Parks Live,KT2 7EW,London,10 London Mews,GB,51.5161826,-0.1735317,All UK,https://ourparks.org.uk/borough/all-uk,Barbora
107801,Rise & Shine Mat Pilates,2026-07-30 06:30:00+00:00,2026-07-30 07:30:00+00:00,PT60M,Pilates,Intermediate,0.0,0,True,Your streaming device,https://ourparks.org.uk/borough/rise-shine-mat-pilates-107801,Our Parks Live,KT2 7EW,London,10 London Mews,GB,51.5161826,-0.1735317,All UK,https://ourparks.org.uk/borough/all-uk,Barbora
110202,Yoga,2026-07-01 17:00:00+00:00,2026-07-01 18:00:00+00:00,PT60M,Yoga,Intermediate,100.0,100,True,Activity Zone 1,https://ourparks.org.uk/borough/yoga-110202,BST Hyde Park Festival,W2 2UH,London,The Parade Ground,GB,51.508831194331,-0.158924485878,The Royal Parks,https://ourparks.org.uk/borough/royal-parks,Ellen
102114,Couch to Fitness Live,2026-07-06 16:00:00+00:00,2026-07-06 17:00:00+00:00,PT60M,Multi Fitness,Intermediate,1000.0,1000,True,Rainbow Stage,https://ourparks.org.uk/borough/couch-fitness-live-102114,Hyde Park,SW7 1SG,London,Old football pitches,GB,51.502586484832,-0.173725612847,The Royal Parks,https://ourparks.org.uk/borough/royal-parks,Born
109190,Bootcamp,2026-07-11 08:30:00+00:00,2026-07-11 09:30:00+00:00,PT60M,Bootcamp,Intermediate,29.0,29,True,Outdoor gym area,https://ourparks.org.uk/borough/bootcamp-109190,Queens Park Gardens,W10 4QH,London,Queen Park Gardens,GB,51.5284574,-0.2089447,City of Westminster,https://ourparks.org.uk/borough/city-westminster,Karolina 
108753,Bootcamp,2026-07-04 09:00:00+00:00,2026-07-04 10:00:00+00:00,PT60M,Bootcamp,Intermediate,29.0,29,True,Hard surface by Kids Play Area near car park,https://ourparks.org.uk/borough/bootcamp-108753,Hoblingwell Wood Recreation Ground,BR5 2QB,Orpington,Hoblingwell Recreation Ground,GB,51.402261016538,0.099742592442,Bromley,https://ourparks.org.uk/borough/bromley,Christina
108755,Bootcamp,2026-07-18 09:00:00+00:00,2026-07-18 10:00:00+00:00,PT60M,Bootcamp,Intermediate,29.0,29,True,Hard surface by Kids Play Area near car park,https://ourparks.org.uk/borough/bootcamp-108755,Hoblingwell Wood Recreation Ground,BR5 2QB,Orpington,Hoblingwell Recreation Ground,GB,51.402261016538,0.099742592442,Bromley,https://ourparks.org.uk/borough/bromley,Christina
108757,Bootcamp,2026-08-01 09:00:00+00:00,2026-08-01 10:00:00+00:00,PT60M,Bootcamp,Intermediate,29.0,29,True,Hard surface by Kids Play Area near car park,https://ourparks.org.uk/borough/bootcamp-108757,Hoblingwell Wood Recreation Ground,BR5 2QB,Orpington,Hoblingwell Recreation Ground,GB,51.402261016538,0.099742592442,Bromley,https://ourparks.org.uk/borough/bromley,Christina
108759,Bootcamp,2026-08-15 09:00:00+00:00,2026-08-15 10:00:00+00:00,PT60M,Bootcamp,Intermediate,29.0,29,True,Hard surface by Kids Play Area near car park,https://ourparks.org.uk/borough/bootcamp-108759,Hoblingwell Wood Recreation Ground,BR5 2QB,Orpington,Hoblingwell Recreation Ground,GB,51.402261016538,0.099742592442,Bromley,https://ourparks.org.uk/borough/bromley,Christina
108754,Bootcamp,2026-07-11 09:00:00+00:00,2026-07-11 10:00:00+00:00,PT60M,Bootcamp,Intermediate,29.0,29,True,Hard surface by Kids Play Area near car park,https://ourparks.org.uk/borough/bootcamp-108754,Hoblingwell Wood Recreation Ground,BR5 2QB,Orpington,Hoblingwell Recreation Ground,GB,51.402261016538,0.099742592442,Bromley,https://ourparks.org.uk/borough/bromley,Katy
108756,Bootcamp,2026-07-25 09:00:00+00:00,2026-07-25 10:00:00+00:00,PT60M,Bootcamp,Intermediate,29.0,29,True,Hard surface by Kids Play Area near car park,https://ourparks.org.uk/borough/bootcamp-108756,Hoblingwell Wood Recreation Ground,BR5 2QB,Orpington,Hoblingwell Recreation Ground,GB,51.402261016538,0.099742592442,Bromley,https://ourparks.org.uk/borough/bromley,Katy
108758,Bootcamp,2026-08-08 09:00:00+00:00,2026-08-08 10:00:00+00:00,PT60M,Bootcamp,Intermediate,29.0,29,True,Hard surface by Kids Play Area near car park,https://ourparks.org.uk/borough/bootcamp-108758,Hoblingwell Wood Recreation Ground,BR5 2QB,Orpington,Hoblingwell Recreation Ground,GB,51.402261016538,0.099742592442,Bromley,https://ourparks.org.uk/borough/bromley,Katy
108760,Bootcamp,2026-08-22 09:00:00+00:00,2026-08-22 10:00:00+00:00,PT60M,Bootcamp,Intermediate,29.0,29,True,Hard surface by Kids Play Area near car park,https://ourparks.org.uk/borough/bootcamp-108760,Hoblingwell Wood Recreation Ground,BR5 2QB,Orpington,Hoblingwell Recreation Ground,GB,51.402261016538,0.099742592442,Bromley,https://ourparks.org.uk/borough/bromley,Katy
110492,Beginners Bootcamp,2026-07-05 09:00:00+00:00,2026-07-05 10:00:00+00:00,PT60M,Bootcamp,Intermediate,29.0,29,True,"At the top of the park, opposite The Stables cafe",https://ourparks.org.uk/borough/beginners-bootcamp-110492,Gladstone Park,NW2,London,Dollis Hill Lane,GB,51.5596147901,-0.236722632917,Brent,https://ourparks.org.uk/borough/brent-0,Julia
108157,Bootcamp,2026-07-04 09:30:00+00:00,2026-07-04 10:30:00+00:00,PT60M,Bootcamp,Intermediate,29.0,29,True,Outdoor gym area,https://ourparks.org.uk/borough/bootcamp-108157,Victory Park (E20),E20 2ST,London,Victory Park,GB,51.546291703992,-0.00978845673,East Village,https://ourparks.org.uk/borough/east-village,Albert
