session_id,provider_group,source_operator,name,activity_type,activity_raw,is_free,price_gbp,location_name,postcode,borough,latitude,longitude,start_time,end_time,days_of_week,session_count,is_online,url
SLL_Southwark_0,London Venue,SLL_Southwark,Silver Swim,Swimming,Swimming | Swimming Peckham,True,0.0,Peckham Pulse Leisure Centre,SE15 5QN,Southwark,51.474074,-0.070885,09:00,10:00,Tuesday,1,False,https://southwarkleisure.co.uk/centres/peckham-pulse-leisure-centre/
SLL_Southwark_1,London Venue,SLL_Southwark,Silver Aerobics,Group Exercise,Group | Group Exercise Camberwell,False,8.700000000000001,Camberwell Leisure Centre,SE5 8TS,Southwark,51.47422,-0.09051,13:15,14:15,,1,False,https://southwarkleisure.co.uk/centres/camberwell-leisure-centre/
SLL_Southwark_2,London Venue,SLL_Southwark,Silver Aerobics,Group Exercise,Group | Group Exercise Castle,False,8.700000000000001,The Castle Centre,SE1 6FG,Southwark,51.4935,-0.1024,11:00,12:00,,1,False,https://southwarkleisure.co.uk/centres/the-castle-centre/
SLL_Southwark_3,London Venue,SLL_Southwark,Zumba Gold,Group Exercise,Group | Group Exercise Castle,False,8.700000000000001,The Castle Centre,SE1 6FG,Southwark,51.4935,-0.1024,11:00,12:00,Wednesday,1,False,https://southwarkleisure.co.uk/centres/the-castle-centre/
SLL_Southwark_4,London Venue,SLL_Southwark,Silver Circuits,Group Exercise,Group | Group Exercise Dulwich,False,8.700000000000001,Dulwich Leisure Centre,SE22 9HB,Southwark,51.460601,-0.071419,12:15,13:15,Friday,1,False,https://southwarkleisure.co.uk/centres/dulwich-leisure-centre/
SLL_Southwark_5,London Venue,SLL_Southwark,Silver Yoga,Group Exercise,Group | Group Exercise Castle,False,8.700000000000001,The Castle Centre,SE1 6FG,Southwark,51.4935,-0.1024,14:00,15:00,Tuesday,1,False,https://southwarkleisure.co.uk/centres/the-castle-centre/
SLL_Southwark_6,London Venue,SLL_Southwark,Silver Circuits,Group Exercise,Group | Group Exercise Dulwich,False,8.700000000000001,Dulwich Leisure Centre,SE22 9HB,Southwark,51.460601,-0.071419,11:30,12:30,Wednesday,1,False,https://southwarkleisure.co.uk/centres/dulwich-leisure-centre/
SLL_Southwark_7,London Venue,SLL_Southwark,Disability Swim,Swimming,Swimming | Swimming Castle,False,2.8000000000000003,The Castle Centre,SE1 6FG,Southwark,51.4935,-0.1024,15:00,16:00,,1,False,https://southwarkleisure.co.uk/centres/the-castle-centre/
SLL_Southwark_8,London Venue,SLL_Southwark,Disability Swim,Swimming,Swimming | Swimming Castle,True,0.0,The Castle Centre,SE1 6FG,Southwark,51.4935,-0.1024,15:00,16:00,,1,False,https://southwarkleisure.co.uk/centres/the-castle-centre/
SLL_Southwark_9,London Venue,SLL_Southwark,Silver Aerobics,Group Exercise,Group | Group Exercise Peckham,False,8.700000000000001,Peckham Pulse Leisure Centre,SE15 5QN,Southwark,51.474074,-0.070885,11:00,12:00,Monday,1,False,https://southwarkleisure.co.uk/centres/peckham-pulse-leisure-centre/
SLL_Southwark_10,London Venue,SLL_Southwark,Disability Swim,Swimming,Swimming | Swimming Castle,True,0.0,The Castle Centre,SE1 6FG,Southwark,51.4935,-0.1024,14:00,15:00,,1,False,https://southwarkleisure.co.uk/centres/the-castle-centre/
SLL_Southwark_11,London Venue,SLL_Southwark,Silver Aerobics,Group Exercise,Group | Group Exercise Camberwell,False,8.700000000000001,Camberwell Leisure Centre,SE5 8TS,Southwark,51.47422,-0.09051,13:15,14:15,,1,False,https://southwarkleisure.co.uk/centres/camberwell-leisure-centre/
SLL_Southwark_12,London Venue,SLL_Southwark,Silver Pilates,Group Exercise,Group | Group Exercise Dulwich,False,8.700000000000001,Dulwich Leisure Centre,SE22 9HB,Southwark,51.460601,-0.071419,13:15,14:15,,1,False,https://southwarkleisure.co.uk/centres/dulwich-leisure-centre/
SLL_Southwark_13,London Venue,SLL_Southwark,Silver Circuits,Group Exercise,Group | Group Exercise Camberwell,False,8.700000000000001,Camberwell Leisure Centre,SE5 8TS,Southwark,51.47422,-0.09051,14:45,15:45,Tuesday,1,False,https://southwarkleisure.co.uk/centres/camberwell-leisure-centre/
SLL_Southwark_14,London Venue,SLL_Southwark,Silver Circuits,Group Exercise,Group | Group Exercise Dulwich,False,8.700000000000001,Dulwich Leisure Centre,SE22 9HB,Southwark,51.460601,-0.071419,14:15,15:00,Monday,1,False,https://southwarkleisure.co.uk/centres/dulwich-leisure-centre/
SLL_Southwark_15,London Venue,SLL_Southwark,Silver Circuits,Group Exercise,Group | Group Exercise Dulwich,False,8.700000000000001,Dulwich Leisure Centre,SE22 9HB,Southwark,51.460601,-0.071419,11:00,11:45,Monday,1,False,https://southwarkleisure.co.uk/centres/dulwich-leisure-centre/
SLL_Southwark_16,London Venue,SLL_Southwark,Women Only Swim,Swimming,Swimming | Swimming Dulwich,True,0.0,Dulwich Leisure Centre,SE22 9HB,Southwark,51.460601,-0.071419,16:00,17:00,,1,False,https://southwarkleisure.co.uk/centres/dulwich-leisure-centre/
SLL_Southwark_17,London Venue,SLL_Southwark,Silver Aqua,Group Exercise,Group | Group Exercise Peckham,False,10.0,Peckham Pulse Leisure Centre,SE15 5QN,Southwark,51.474074,-0.070885,12:30,13:30,,1,False,https://southwarkleisure.co.uk/centres/peckham-pulse-leisure-centre/
SLL_Southwark_18,London Venue,SLL_Southwark,Aqua Aerobics 60+,Group Exercise,Group | Group Exercise Castle,False,8.700000000000001,The Castle Centre,SE1 6FG,Southwark,51.4935,-0.1024,09:30,10:30,Tuesday,1,False,https://southwarkleisure.co.uk/centres/the-castle-centre/
SLL_Southwark_19,London Venue,SLL_Southwark,Silver Pilates,Group Exercise,Group | Group Exercise Dulwich,False,8.700000000000001,Dulwich Leisure Centre,SE22 9HB,Southwark,51.460601,-0.071419,13:30,14:30,,1,False,https://southwarkleisure.co.uk/centres/dulwich-leisure-centre/
SLL_Southwark_20,London Venue,SLL_Southwark,Silver Dance,Group Exercise,Group | Group Exercise Dulwich,False,8.700000000000001,Dulwich Leisure Centre,SE22 9HB,Southwark,51.460601,-0.071419,10:00,11:00,,1,False,https://southwarkleisure.co.uk/centres/dulwich-leisure-centre/
SLL_Southwark_21,London Venue,SLL_Southwark,Silver Yoga Hatha,Group Exercise,Group | Group Exercise Dulwich,False,8.700000000000001,Dulwich Leisure Centre,SE22 9HB,Southwark,51.460601,-0.071419,14:15,15:15,,1,False,https://southwarkleisure.co.uk/centres/dulwich-leisure-centre/
SLL_Southwark_22,London Venue,SLL_Southwark,Silver Yoga,Group Exercise,Group | Group Exercise Castle,False,8.700000000000001,The Castle Centre,SE1 6FG,Southwark,51.4935,-0.1024,11:15,12:15,Thursday,1,False,https://southwarkleisure.co.uk/centres/the-castle-centre/
SLL_Southwark_23,London Venue,SLL_Southwark,Silver Swim,Swimming,Swimming | Swimming Castle,True,0.0,The Castle Centre,SE1 6FG,Southwark,51.4935,-0.1024,11:00,11:50,Thursday,1,False,https://southwarkleisure.co.uk/centres/the-castle-centre/
SLL_Southwark_24,London Venue,SLL_Southwark,Silver Aerobics,Group Exercise,Group | Group Exercise Peckham,False,8.700000000000001,Peckham Pulse Leisure Centre,SE15 5QN,Southwark,51.474074,-0.070885,11:00,12:00,Thursday,1,False,https://southwarkleisure.co.uk/centres/peckham-pulse-leisure-centre/
SLL_Southwark_25,London Venue,SLL_Southwark,Zumba Gold,Group Exercise,Group | Group Exercise Castle,False,8.700000000000001,The Castle Centre,SE1 6FG,Southwark,51.4935,-0.1024,11:30,12:30,Thursday,1,False,https://southwarkleisure.co.uk/centres/the-castle-centre/
SLL_Southwark_26,London Venue,SLL_Southwark,Zumba Gold,Group Exercise,Group | Group Exercise Dulwich,False,8.700000000000001,Dulwich Leisure Centre,SE22 9HB,Southwark,51.460601,-0.071419,13:30,14:30,,1,False,https://southwarkleisure.co.uk/centres/dulwich-leisure-centre/
SLL_Southwark_27,London Venue,SLL_Southwark,Silver Circuits,Group Exercise,Group | Group Exercise Castle,False,8.700000000000001,The Castle Centre,SE1 6FG,Southwark,51.4935,-0.1024,14:30,15:30,Thursday,1,False,https://southwarkleisure.co.uk/centres/the-castle-centre/
SLL_Southwark_28,London Venue,SLL_Southwark,Socca Aerobics,Group Exercise,Group | Group Exercise Castle,False,8.700000000000001,The Castle Centre,SE1 6FG,Southwark,51.4935,-0.1024,10:00,11:00,,1,False,https://southwarkleisure.co.uk/centres/the-castle-centre/
SLL_Southwark_29,London Venue,SLL_Southwark,Silver Yoga,Group Exercise,Group | Group Exercise Docks,False,8.700000000000001,Surrey Docks Fitness & Water Sports,SE16 7SX,Southwark,51.493796,-0.039449,11:30,12:30,Friday,1,False,https://southwarkleisure.co.uk/centres/surrey-docks-fitness-and-watersports-centre/
SLL_Southwark_30,London Venue,SLL_Southwark,Silver Aerobics,Group Exercise,Group | Group Exercise Castle,False,8.700000000000001,The Castle Centre,SE1 6FG,Southwark,51.4935,-0.1024,11:30,12:30,Tuesday,1,False,https://southwarkleisure.co.uk/centres/the-castle-centre/
SLL_Southwark_31,London Venue,SLL_Southwark,Meditation,Group Exercise,Group | Group Exercise Canada,False,11.3,Canada Water Leisure Cent,,Southwark,,,13:00,13:45,Monday,1,False,
SLL_Southwark_32,London Venue,SLL_Southwark,Yoga Ashtanga,Group Exercise,Group | Group Exercise Canada,False,12.65,Canada Water Leisure Cent,,Southwark,,,20:00,21:30,Monday,1,False,
SLL_Southwark_33,London Venue,SLL_Southwark,Sound Bath,Group Exercise,Group | Group Exercise Canada,False,11.3,Canada Water Leisure Cent,,Southwark,,,13:00,14:00,Wednesday,1,False,
SLL_Southwark_34,London Venue,SLL_Southwark,Group Cycle,Group Exercise,Group | Group Exercise Canada,False,11.3,Canada Water Leisure Cent,,Southwark,,,18:30,19:15,Wednesday,1,False,
SLL_Southwark_35,London Venue,SLL_Southwark,Body Conditioning,Group Exercise,Group | Group Exercise Canada,False,11.3,Canada Water Leisure Cent,,Southwark,,,10:00,11:00,Wednesday,1,False,
SLL_Southwark_36,London Venue,SLL_Southwark,Yoga Ante Natal,Group Exercise,Group | Group Exercise Canada,False,8.700000000000001,Canada Water Leisure Cent,,Southwark,,,10:45,11:30,Thursday,1,False,
SLL_Southwark_37,London Venue,SLL_Southwark,Yoga Hatha,Group Exercise,Group | Group Exercise Canada,False,12.65,Canada Water Leisure Cent,,Southwark,,,12:00,13:30,Saturday,1,False,
SLL_Southwark_38,London Venue,SLL_Southwark,Silver Aerobics,Group Exercise,Group | Group Exercise Canada,False,8.700000000000001,Canada Water Leisure Cent,,Southwark,,,12:00,13:00,Wednesday,1,False,
SLL_Southwark_39,London Venue,SLL_Southwark,Silver Aerobics,Group Exercise,Group | Group Exercise Canada,False,8.700000000000001,Canada Water Leisure Cent,,Southwark,,,13:00,14:00,Wednesday,1,False,
SLL_Southwark_40,London Venue,SLL_Southwark,Mindful Stretch & Reflect,Group Exercise,Group | Group Exercise Canada,False,11.3,Canada Water Leisure Cent,,Southwark,,,09:00,10:00,Sunday,1,False,
SLL_Southwark_41,London Venue,SLL_Southwark,Bodybalance,Group Exercise,Group | Group Exercise Canada,False,11.3,Canada Water Leisure Cent,,Southwark,,,10:30,11:30,Monday,1,False,
SLL_Southwark_42,London Venue,SLL_Southwark,Zumba®,Group Exercise,Group | Group Exercise Canada,False,11.3,Canada Water Leisure Cent,,Southwark,,,17:30,18:30,Wednesday,1,False,
SLL_Southwark_43,London Venue,SLL_Southwark,Pilates,Group Exercise,Group | Group Exercise Canada,False,13.5,Canada Water Leisure Cent,,Southwark,,,07:00,08:00,Wednesday,1,False,
SLL_Southwark_44,London Venue,SLL_Southwark,Silver Yoga,Group Exercise,Group | Group Exercise Canada,False,8.700000000000001,Canada Water Leisure Cent,,Southwark,,,14:30,15:30,Friday,1,False,
SLL_Southwark_45,London Venue,SLL_Southwark,Pilates,Group Exercise,Group | Group Exercise Canada,False,13.5,Canada Water Leisure Cent,,Southwark,,,09:30,10:30,Thursday,1,False,
SLL_Southwark_46,London Venue,SLL_Southwark,Family Disability Swim,Swimming,Swimming | Swimming Canada Water,True,0.0,Canada Water Leisure Cent,,Southwark,,,15:00,15:55,Saturday,1,False,
SLL_Southwark_47,London Venue,SLL_Southwark,Pilates,Group Exercise,Group | Group Exercise Canada,False,13.5,Canada Water Leisure Cent,,Southwark,,,19:00,20:00,Tuesday,1,False,
SLL_Southwark_48,London Venue,SLL_Southwark,Pilates,Group Exercise,Group | Group Exercise Canada,False,13.5,Canada Water Leisure Cent,,Southwark,,,19:30,20:30,Wednesday,1,False,
SLL_Southwark_49,London Venue,SLL_Southwark,Dance,Group Exercise,Group | Group Exercise Canada,False,11.3,Canada Water Leisure Cent,,Southwark,,,19:45,20:45,Wednesday,1,False,
SLL_Southwark_50,London Venue,SLL_Southwark,Les Mills Pilates,Group Exercise,Group | Group Exercise Canada,False,13.5,Canada Water Leisure Cent,,Southwark,,,12:45,13:30,Thursday,1,False,
SLL_Southwark_51,London Venue,SLL_Southwark,Silver Circuits,Group Exercise,Group | Group Exercise Canada,False,8.700000000000001,Canada Water Leisure Cent,,Southwark,,,13:00,13:45,Thursday,1,False,
SLL_Southwark_52,London Venue,SLL_Southwark,Zumba®,Group Exercise,Group | Group Exercise Canada,False,11.3,Canada Water Leisure Cent,,Southwark,,,19:30,20:30,Monday,1,False,
SLL_Southwark_53,London Venue,SLL_Southwark,Step Aerobics,Group Exercise,Group | Group Exercise Canada,False,11.3,Canada Water Leisure Cent,,Southwark,,,10:45,11:45,Tuesday,1,False,
SLL_Southwark_54,London Venue,SLL_Southwark,Boxercise,Group Exercise,Group | Group Exercise Canada,False,11.3,Canada Water Leisure Cent,,Southwark,,,17:00,17:45,Friday,1,False,
SLL_Southwark_55,London Venue,SLL_Southwark,Pilates,Group Exercise,Group | Group Exercise Canada,False,13.5,Canada Water Leisure Cent,,Southwark,,,18:45,19:45,Thursday,1,False,
SLL_Southwark_56,London Venue,SLL_Southwark,Chair Yoga,Group Exercise,Group | Group Exercise Canada,False,8.700000000000001,Canada Water Leisure Cent,,Southwark,,,11:00,12:00,Wednesday,1,False,
SLL_Southwark_57,London Venue,SLL_Southwark,Group Cycle,Group Exercise,Group | Group Exercise Canada,False,11.3,Canada Water Leisure Cent,,Southwark,,,18:30,19:15,Tuesday,1,False,
SLL_Southwark_58,London Venue,SLL_Southwark,Silver Pilates 60+,Group Exercise,Group | Group Exercise Canada,False,8.700000000000001,Canada Water Leisure Cent,,Southwark,,,11:00,12:00,Tuesday,1,False,
SLL_Southwark_59,London Venue,SLL_Southwark,Group Cycle,Group Exercise,Group | Group Exercise Canada,False,11.3,Canada Water Leisure Cent,,Southwark,,,17:30,18:15,Tuesday,1,False,
SLL_Southwark_60,London Venue,SLL_Southwark,Hiit Class,Group Exercise,Group | Group Exercise Canada,False,11.3,Canada Water Leisure Cent,,Southwark,,,18:00,18:45,Tuesday,1,False,
SLL_Southwark_61,London Venue,SLL_Southwark,Legs Bums&tums,Group Exercise,Group | Group Exercise Canada,False,11.3,Canada Water Leisure Cent,,Southwark,,,09:00,09:45,Saturday,1,False,
SLL_Southwark_62,London Venue,SLL_Southwark,Disability Swim,Swimming,Swimming | Swimming Canada Water,True,0.0,Canada Water Leisure Cent,,Southwark,,,12:00,13:00,Tuesday,1,False,
SLL_Southwark_63,London Venue,SLL_Southwark,Gym Floor / Hyrox,Group Exercise,Group | Group Exercise Canada,False,11.3,Canada Water Leisure Cent,,Southwark,,,12:15,13:15,Wednesday,1,False,
SLL_Southwark_64,London Venue,SLL_Southwark,Group Cycle,Group Exercise,Group | Group Exercise Canada,False,11.3,Canada Water Leisure Cent,,Southwark,,,12:30,13:15,Wednesday,1,False,
SLL_Southwark_65,London Venue,SLL_Southwark,Soca Aerobics,Group Exercise,Group | Group Exercise Canada,False,11.3,Canada Water Leisure Cent,,Southwark,,,10:30,11:30,Sunday,1,False,
SLL_Southwark_66,London Venue,SLL_Southwark,Silver Aqua,Group Exercise,Group | Group Exercise Canada,True,0.0,Canada Water Leisure Cent,,Southwark,,,10:00,11:00,Thursday,1,False,
SLL_Southwark_67,London Venue,SLL_Southwark,Sound Bath,Group Exercise,Group | Group Exercise Canada,False,11.3,Canada Water Leisure Cent,,Southwark,,,11:45,12:45,Monday,1,False,
SLL_Southwark_68,London Venue,SLL_Southwark,Zumba®,Group Exercise,Group | Group Exercise Canada,False,11.3,Canada Water Leisure Cent,,Southwark,,,09:15,10:15,Sunday,1,False,
SLL_Southwark_69,London Venue,SLL_Southwark,Meditation,Group Exercise,Group | Group Exercise Canada,False,11.3,Canada Water Leisure Cent,,Southwark,,,12:15,12:45,Wednesday,1,False,
SLL_Southwark_70,London Venue,SLL_Southwark,Group Cycle,Group Exercise,Group | Group Exercise Canada,False,11.3,Canada Water Leisure Cent,,Southwark,,,18:30,19:15,Monday,1,False,
SLL_Southwark_71,London Venue,SLL_Southwark,Disability Swim,Swimming,Swimming | Swimming Canada Water,True,0.0,Canada Water Leisure Cent,,Southwark,,,19:00,20:00,Wednesday,1,False,
SLL_Southwark_72,London Venue,SLL_Southwark,Group Cycle,Group Exercise,Group | Group Exercise Canada,False,11.3,Canada Water Leisure Cent,,Southwark,,,10:00,10:45,Tuesday,1,False,
SLL_Southwark_73,London Venue,SLL_Southwark,Tai Chi,Group Exercise,Group | Group Exercise Canada,False,13.5,Canada Water Leisure Cent,,Southwark,,,10:30,11:30,Sunday,1,False,
SLL_Southwark_74,London Venue,SLL_Southwark,The Training Club,Group Exercise,Group | Group Exercise Canada,False,11.3,Canada Water Leisure Cent,,Southwark,,,13:00,13:45,Sunday,1,False,
SLL_Southwark_75,London Venue,SLL_Southwark,The Training Club,Group Exercise,Group | Group Exercise Canada,False,11.3,Canada Water Leisure Cent,,Southwark,,,19:30,20:15,Thursday,1,False,
SLL_Southwark_76,London Venue,SLL_Southwark,The Training Club,Group Exercise,Group | Group Exercise Canada,False,11.3,Canada Water Leisure Cent,,Southwark,,,12:30,13:15,Tuesday,1,False,
SLL_Southwark_77,London Venue,SLL_Southwark,Group Cycle,Group Exercise,Group | Group Exercise Canada,False,11.3,Canada Water Leisure Cent,,Southwark,,,07:15,08:00,Friday,1,False,
SLL_Southwark_78,London Venue,SLL_Southwark,Yoga For Menopause,Group Exercise,Group | Group Exercise Canada,False,8.700000000000001,Canada Water Leisure Cent,,Southwark,,,11:45,12:30,Thursday,1,False,
SLL_Southwark_79,London Venue,SLL_Southwark,Pilates,Group Exercise,Group | Group Exercise Canada,False,13.5,Canada Water Leisure Cent,,Southwark,,,09:30,10:30,Tuesday,1,False,
SLL_Southwark_80,London Venue,SLL_Southwark,Zumba Gold,Group Exercise,Group | Group Exercise Canada,False,8.700000000000001,Canada Water Leisure Cent,,Southwark,,,10:45,11:30,Monday,1,False,
SLL_Southwark_81,London Venue,SLL_Southwark,Legs Bums & Tums,Group Exercise,Group | Group Exercise Canada,False,11.3,Canada Water Leisure Cent,,Southwark,,,13:00,13:45,Tuesday,1,False,
SLL_Southwark_82,London Venue,SLL_Southwark,Bodybalance,Group Exercise,Group | Group Exercise Canada,False,11.3,Canada Water Leisure Cent,,Southwark,,,09:15,10:15,Monday,1,False,
SLL_Southwark_83,London Venue,SLL_Southwark,Pilates,Group Exercise,Group | Group Exercise Canada,False,13.5,Canada Water Leisure Cent,,Southwark,,,11:00,12:00,Friday,1,False,
SLL_Southwark_84,London Venue,SLL_Southwark,Group Cycle,Group Exercise,Group | Group Exercise Canada,False,11.3,Canada Water Leisure Cent,,Southwark,,,09:15,10:00,Sunday,1,False,
SLL_Southwark_85,London Venue,SLL_Southwark,Sound Bath,Group Exercise,Group | Group Exercise Canada,False,11.3,Canada Water Leisure Cent,,Southwark,,,20:00,21:00,Thursday,1,False,
SLL_Southwark_86,London Venue,SLL_Southwark,Zumba®,Group Exercise,Group | Group Exercise Canada,False,11.3,Canada Water Leisure Cent,,Southwark,,,20:00,21:00,Thursday,1,False,
SLL_Southwark_87,London Venue,SLL_Southwark,Legs Bums&tums,Group Exercise,Group | Group Exercise Canada,False,11.3,Canada Water Leisure Cent,,Southwark,,,18:00,19:00,Thursday,1,False,
SLL_Southwark_88,London Venue,SLL_Southwark,Group Cycle,Group Exercise,Group | Group Exercise Canada,False,11.3,Canada Water Leisure Cent,,Southwark,,,18:30,19:15,Thursday,1,False,
SLL_Southwark_89,London Venue,SLL_Southwark,Strength & Conditioning,Group Exercise,Group | Group Exercise Canada,False,11.3,Canada Water Leisure Cent,,Southwark,,,12:00,12:45,Tuesday,1,False,
SLL_Southwark_90,London Venue,SLL_Southwark,Pilates,Group Exercise,Group | Group Exercise Canada,False,13.5,Canada Water Leisure Cent,,Southwark,,,08:00,09:00,Saturday,1,False,
SLL_Southwark_91,London Venue,SLL_Southwark,Group Cycle,Group Exercise,Group | Group Exercise Canada,False,11.3,Canada Water Leisure Cent,,Southwark,,,07:00,07:45,Wednesday,1,False,
SLL_Southwark_92,London Venue,SLL_Southwark,Tai Chi,Group Exercise,Group | Group Exercise Canada,False,13.5,Canada Water Leisure Cent,,Southwark,,,12:30,13:30,Tuesday,1,False,
SLL_Southwark_93,London Venue,SLL_Southwark,Silver Aerobics,Group Exercise,Group | Group Exercise Dulwich,False,8.700000000000001,Dulwich Leisure Centre,SE22 9HB,Southwark,51.460601,-0.071419,10:30,11:30,,1,False,https://southwarkleisure.co.uk/centres/dulwich-leisure-centre/
SLL_Southwark_94,London Venue,SLL_Southwark,Silver Group Cycle,Group Exercise,Group | Group Exercise Dulwich,False,8.700000000000001,Dulwich Leisure Centre,SE22 9HB,Southwark,51.460601,-0.071419,12:30,13:15,,1,False,https://southwarkleisure.co.uk/centres/dulwich-leisure-centre/
SLL_Southwark_95,London Venue,SLL_Southwark,Zumba®,Group Exercise,Group | Group Exercise Canada,False,11.3,Canada Water Leisure Cent,,Southwark,,,18:45,19:45,Friday,1,False,
SLL_Southwark_96,London Venue,SLL_Southwark,Gym Session,Gym / Fitness,Gym | Gym Castle,False,9.7,The Castle Centre,SE1 6FG,Southwark,51.4935,-0.1024,06:30,07:00,Monday,1,False,https://southwarkleisure.co.uk/centres/the-castle-centre/
SLL_Southwark_97,London Venue,SLL_Southwark,Gym Session,Gym / Fitness,Gym | Gym Castle,False,9.7,The Castle Centre,SE1 6FG,Southwark,51.4935,-0.1024,07:00,08:00,,1,False,https://southwarkleisure.co.uk/centres/the-castle-centre/
SLL_Southwark_98,London Venue,SLL_Southwark,H I I T,Group Exercise,Group | Group Exercise Castle,False,12.5,The Castle Centre,SE1 6FG,Southwark,51.4935,-0.1024,07:00,07:45,Monday,1,False,https://southwarkleisure.co.uk/centres/the-castle-centre/
SLL_Southwark_99,London Venue,SLL_Southwark,Vinyasa Yoga,Group Exercise,Group | Group Exercise Castle,False,9.7,The Castle Centre,SE1 6FG,Southwark,51.4935,-0.1024,10:00,11:00,Monday,1,False,https://southwarkleisure.co.uk/centres/the-castle-centre/
SLL_Southwark_100,London Venue,SLL_Southwark,Gym Session,Gym / Fitness,Gym | Gym Castle,False,9.7,The Castle Centre,SE1 6FG,Southwark,51.4935,-0.1024,11:00,12:00,Monday,1,False,https://southwarkleisure.co.uk/centres/the-castle-centre/
SLL_Southwark_101,London Venue,SLL_Southwark,Gym Session,Gym / Fitness,Gym | Gym Castle,False,9.7,The Castle Centre,SE1 6FG,Southwark,51.4935,-0.1024,12:00,13:00,Monday,1,False,https://southwarkleisure.co.uk/centres/the-castle-centre/
SLL_Southwark_102,London Venue,SLL_Southwark,Kettlebells,Group Exercise,Group | Group Exercise Castle,False,12.5,The Castle Centre,SE1 6FG,Southwark,51.4935,-0.1024,12:45,13:30,,1,False,https://southwarkleisure.co.uk/centres/the-castle-centre/
SLL_Southwark_103,London Venue,SLL_Southwark,Gym Session,Gym / Fitness,Gym | Gym Castle,False,9.7,The Castle Centre,SE1 6FG,Southwark,51.4935,-0.1024,13:00,14:00,Monday,1,False,https://southwarkleisure.co.uk/centres/the-castle-centre/
SLL_Southwark_104,London Venue,SLL_Southwark,Gym Session,Gym / Fitness,Gym | Gym Castle,False,9.7,The Castle Centre,SE1 6FG,Southwark,51.4935,-0.1024,14:00,15:00,Monday,1,False,https://southwarkleisure.co.uk/centres/the-castle-centre/
SLL_Southwark_105,London Venue,SLL_Southwark,Gym Session,Gym / Fitness,Gym | Gym Castle,False,12.5,The Castle Centre,SE1 6FG,Southwark,51.4935,-0.1024,15:00,16:00,Monday,1,False,https://southwarkleisure.co.uk/centres/the-castle-centre/
SLL_Southwark_106,London Venue,SLL_Southwark,Gym Session,Gym / Fitness,Gym | Gym Castle,False,12.5,The Castle Centre,SE1 6FG,Southwark,51.4935,-0.1024,16:00,17:00,,1,False,https://southwarkleisure.co.uk/centres/the-castle-centre/
SLL_Southwark_107,London Venue,SLL_Southwark,Gym Session,Gym / Fitness,Gym | Gym Castle,False,12.5,The Castle Centre,SE1 6FG,Southwark,51.4935,-0.1024,17:00,18:00,Monday,1,False,https://southwarkleisure.co.uk/centres/the-castle-centre/
SLL_Southwark_108,London Venue,SLL_Southwark,Pilates,Group Exercise,Group | Group Exercise Castle,False,14.9,The Castle Centre,SE1 6FG,Southwark,51.4935,-0.1024,17:45,18:45,Monday,1,False,https://southwarkleisure.co.uk/centres/the-castle-centre/
SLL_Southwark_109,London Venue,SLL_Southwark,Gym Session,Gym / Fitness,Gym | Gym Castle,False,12.5,The Castle Centre,SE1 6FG,Southwark,51.4935,-0.1024,18:00,19:00,Monday,1,False,https://southwarkleisure.co.uk/centres/the-castle-centre/
SLL_Southwark_110,London Venue,SLL_Southwark,Group Cycle,Group Exercise,Group | Group Exercise Castle,False,12.5,The Castle Centre,SE1 6FG,Southwark,51.4935,-0.1024,18:30,19:15,Monday,1,False,https://southwarkleisure.co.uk/centres/the-castle-centre/
SLL_Southwark_111,London Venue,SLL_Southwark,H I I T,Group Exercise,Group | Group Exercise Castle,False,12.5,The Castle Centre,SE1 6FG,Southwark,51.4935,-0.1024,18:30,19:15,Monday,1,False,https://southwarkleisure.co.uk/centres/the-castle-centre/
SLL_Southwark_112,London Venue,SLL_Southwark,Gym Session,Gym / Fitness,Gym | Gym Castle,False,12.5,The Castle Centre,SE1 6FG,Southwark,51.4935,-0.1024,19:00,20:00,Monday,1,False,https://southwarkleisure.co.uk/centres/the-castle-centre/
SLL_Southwark_113,London Venue,SLL_Southwark,Yoga,Group Exercise,Group | Group Exercise Castle,False,12.65,The Castle Centre,SE1 6FG,Southwark,51.4935,-0.1024,19:15,20:45,Monday,1,False,https://southwarkleisure.co.uk/centres/the-castle-centre/
SLL_Southwark_114,London Venue,SLL_Southwark,Boxercise,Group Exercise,Group | Group Exercise Castle,False,12.5,The Castle Centre,SE1 6FG,Southwark,51.4935,-0.1024,19:20,20:20,Monday,1,False,https://southwarkleisure.co.uk/centres/the-castle-centre/
SLL_Southwark_115,London Venue,SLL_Southwark,Group Cycle,Group Exercise,Group | Group Exercise Castle,False,12.5,The Castle Centre,SE1 6FG,Southwark,51.4935,-0.1024,19:30,20:30,Monday,1,False,https://southwarkleisure.co.uk/centres/the-castle-centre/
SLL_Southwark_116,London Venue,SLL_Southwark,Gym Session,Gym / Fitness,Gym | Gym Castle,False,12.5,The Castle Centre,SE1 6FG,Southwark,51.4935,-0.1024,20:00,21:00,Monday,1,False,https://southwarkleisure.co.uk/centres/the-castle-centre/
SLL_Southwark_117,London Venue,SLL_Southwark,Gym Session,Gym / Fitness,Gym | Gym Castle,False,12.5,The Castle Centre,SE1 6FG,Southwark,51.4935,-0.1024,21:00,22:00,Monday,1,False,https://southwarkleisure.co.uk/centres/the-castle-centre/
SLL_Southwark_118,London Venue,SLL_Southwark,Gym Session,Gym / Fitness,Gym | Gym Castle,False,9.7,The Castle Centre,SE1 6FG,Southwark,51.4935,-0.1024,06:30,07:00,Tuesday,1,False,https://southwarkleisure.co.uk/centres/the-castle-centre/
SLL_Southwark_119,London Venue,SLL_Southwark,Strength And Conditioning,Group Exercise,Group | Group Exercise Castle,False,12.5,The Castle Centre,SE1 6FG,Southwark,51.4935,-0.1024,06:45,07:45,Tuesday,1,False,https://southwarkleisure.co.uk/centres/the-castle-centre/
SLL_Southwark_120,London Venue,SLL_Southwark,Gym Session,Gym / Fitness,Gym | Gym Castle,False,9.7,The Castle Centre,SE1 6FG,Southwark,51.4935,-0.1024,07:00,08:00,Tuesday,1,False,https://southwarkleisure.co.uk/centres/the-castle-centre/
SLL_Southwark_121,London Venue,SLL_Southwark,Gym Session,Gym / Fitness,Gym | Gym Castle,False,9.7,The Castle Centre,SE1 6FG,Southwark,51.4935,-0.1024,08:00,09:00,Tuesday,1,False,https://southwarkleisure.co.uk/centres/the-castle-centre/
SLL_Southwark_122,London Venue,SLL_Southwark,Core Workout,Group Exercise,Group | Group Exercise Castle,False,12.5,The Castle Centre,SE1 6FG,Southwark,51.4935,-0.1024,09:15,10:00,Tuesday,1,False,https://southwarkleisure.co.uk/centres/the-castle-centre/
SLL_Southwark_123,London Venue,SLL_Southwark,Pilates,Group Exercise,Group | Group Exercise Castle,False,14.9,The Castle Centre,SE1 6FG,Southwark,51.4935,-0.1024,09:15,10:15,Tuesday,1,False,https://southwarkleisure.co.uk/centres/the-castle-centre/
SLL_Southwark_124,London Venue,SLL_Southwark,Step Aerobics,Group Exercise,Group | Group Exercise Castle,False,12.5,The Castle Centre,SE1 6FG,Southwark,51.4935,-0.1024,10:15,11:15,,1,False,https://southwarkleisure.co.uk/centres/the-castle-centre/
SLL_Southwark_125,London Venue,SLL_Southwark,Yoga,Group Exercise,Group | Group Exercise Castle,False,9.7,The Castle Centre,SE1 6FG,Southwark,51.4935,-0.1024,12:15,13:15,Tuesday,1,False,https://southwarkleisure.co.uk/centres/the-castle-centre/
SLL_Southwark_126,London Venue,SLL_Southwark,Gym Session,Gym / Fitness,Gym | Gym Castle,False,9.7,The Castle Centre,SE1 6FG,Southwark,51.4935,-0.1024,13:00,14:00,Tuesday,1,False,https://southwarkleisure.co.uk/centres/the-castle-centre/
SLL_Southwark_127,London Venue,SLL_Southwark,Gym Session,Gym / Fitness,Gym | Gym Castle,False,9.7,The Castle Centre,SE1 6FG,Southwark,51.4935,-0.1024,14:00,15:00,Tuesday,1,False,https://southwarkleisure.co.uk/centres/the-castle-centre/
SLL_Southwark_128,London Venue,SLL_Southwark,Gym Session,Gym / Fitness,Gym | Gym Castle,False,12.5,The Castle Centre,SE1 6FG,Southwark,51.4935,-0.1024,15:00,16:00,Tuesday,1,False,https://southwarkleisure.co.uk/centres/the-castle-centre/
SLL_Southwark_129,London Venue,SLL_Southwark,Gym Session,Gym / Fitness,Gym | Gym Castle,False,12.5,The Castle Centre,SE1 6FG,Southwark,51.4935,-0.1024,16:00,17:00,Tuesday,1,False,https://southwarkleisure.co.uk/centres/the-castle-centre/
SLL_Southwark_130,London Venue,SLL_Southwark,Gym Session,Gym / Fitness,Gym | Gym Castle,False,12.5,The Castle Centre,SE1 6FG,Southwark,51.4935,-0.1024,17:00,18:00,Tuesday,1,False,https://southwarkleisure.co.uk/centres/the-castle-centre/
SLL_Southwark_131,London Venue,SLL_Southwark,Strength And Conditioning,Group Exercise,Group | Group Exercise Castle,False,12.5,The Castle Centre,SE1 6FG,Southwark,51.4935,-0.1024,17:45,18:45,Tuesday,1,False,https://southwarkleisure.co.uk/centres/the-castle-centre/
SLL_Southwark_132,London Venue,SLL_Southwark,Gym Session,Gym / Fitness,Gym | Gym Castle,False,12.5,The Castle Centre,SE1 6FG,Southwark,51.4935,-0.1024,18:00,19:00,Tuesday,1,False,https://southwarkleisure.co.uk/centres/the-castle-centre/
SLL_Southwark_133,London Venue,SLL_Southwark,Group Cycle,Group Exercise,Group | Group Exercise Castle,False,12.5,The Castle Centre,SE1 6FG,Southwark,51.4935,-0.1024,18:30,19:15,,1,False,https://southwarkleisure.co.uk/centres/the-castle-centre/
SLL_Southwark_134,London Venue,SLL_Southwark,Circuits,Group Exercise,Group | Group Exercise Castle,False,12.5,The Castle Centre,SE1 6FG,Southwark,51.4935,-0.1024,19:00,19:45,,1,False,https://southwarkleisure.co.uk/centres/the-castle-centre/
SLL_Southwark_135,London Venue,SLL_Southwark,Gym Session,Gym / Fitness,Gym | Gym Castle,False,12.5,The Castle Centre,SE1 6FG,Southwark,51.4935,-0.1024,19:00,20:00,Tuesday,1,False,https://southwarkleisure.co.uk/centres/the-castle-centre/
SLL_Southwark_136,London Venue,SLL_Southwark,Pilates,Group Exercise,Group | Group Exercise Castle,False,14.9,The Castle Centre,SE1 6FG,Southwark,51.4935,-0.1024,19:00,20:00,,1,False,https://southwarkleisure.co.uk/centres/the-castle-centre/
SLL_Southwark_137,London Venue,SLL_Southwark,Gym Session,Gym / Fitness,Gym | Gym Castle,False,12.5,The Castle Centre,SE1 6FG,Southwark,51.4935,-0.1024,20:00,21:00,Tuesday,1,False,https://southwarkleisure.co.uk/centres/the-castle-centre/
SLL_Southwark_138,London Venue,SLL_Southwark,Zumba,Group Exercise,Group | Group Exercise Castle,False,12.5,The Castle Centre,SE1 6FG,Southwark,51.4935,-0.1024,20:00,21:00,,1,False,https://southwarkleisure.co.uk/centres/the-castle-centre/
SLL_Southwark_139,London Venue,SLL_Southwark,Gym Session,Gym / Fitness,Gym | Gym Castle,False,12.5,The Castle Centre,SE1 6FG,Southwark,51.4935,-0.1024,21:00,22:00,Tuesday,1,False,https://southwarkleisure.co.uk/centres/the-castle-centre/
SLL_Southwark_140,London Venue,SLL_Southwark,Gym Session,Gym / Fitness,Gym | Gym Castle,False,9.7,The Castle Centre,SE1 6FG,Southwark,51.4935,-0.1024,06:30,07:00,Wednesday,1,False,https://southwarkleisure.co.uk/centres/the-castle-centre/
SLL_Southwark_141,London Venue,SLL_Southwark,Gym Session,Gym / Fitness,Gym | Gym Castle,False,9.7,The Castle Centre,SE1 6FG,Southwark,51.4935,-0.1024,07:00,08:00,Wednesday,1,False,https://southwarkleisure.co.uk/centres/the-castle-centre/
SLL_Southwark_142,London Venue,SLL_Southwark,Gym Session,Gym / Fitness,Gym | Gym Castle,False,9.7,The Castle Centre,SE1 6FG,Southwark,51.4935,-0.1024,08:00,09:00,Wednesday,1,False,https://southwarkleisure.co.uk/centres/the-castle-centre/
SLL_Southwark_143,London Venue,SLL_Southwark,Pilates,Group Exercise,Group | Group Exercise Castle,False,14.9,The Castle Centre,SE1 6FG,Southwark,51.4935,-0.1024,10:00,11:00,,1,False,https://southwarkleisure.co.uk/centres/the-castle-centre/
SLL_Southwark_144,London Venue,SLL_Southwark,Gym Session,Gym / Fitness,Gym | Gym Castle,False,9.7,The Castle Centre,SE1 6FG,Southwark,51.4935,-0.1024,11:00,12:00,Wednesday,1,False,https://southwarkleisure.co.uk/centres/the-castle-centre/
SLL_Southwark_145,London Venue,SLL_Southwark,Gym Session,Gym / Fitness,Gym | Gym Castle,False,9.7,The Castle Centre,SE1 6FG,Southwark,51.4935,-0.1024,13:00,14:00,Wednesday,1,False,https://southwarkleisure.co.uk/centres/the-castle-centre/
SLL_Southwark_146,London Venue,SLL_Southwark,Gym Session,Gym / Fitness,Gym | Gym Castle,False,12.5,The Castle Centre,SE1 6FG,Southwark,51.4935,-0.1024,16:00,17:00,Wednesday,1,False,https://southwarkleisure.co.uk/centres/the-castle-centre/
SLL_Southwark_147,London Venue,SLL_Southwark,Gym Session,Gym / Fitness,Gym | Gym Castle,False,12.5,The Castle Centre,SE1 6FG,Southwark,51.4935,-0.1024,17:00,18:00,Wednesday,1,False,https://southwarkleisure.co.uk/centres/the-castle-centre/
SLL_Southwark_148,London Venue,SLL_Southwark,Step Aerobics,Group Exercise,Group | Group Exercise Castle,False,12.5,The Castle Centre,SE1 6FG,Southwark,51.4935,-0.1024,17:45,18:45,,1,False,https://southwarkleisure.co.uk/centres/the-castle-centre/
SLL_Southwark_149,London Venue,SLL_Southwark,Group Cycle,Group Exercise,Group | Group Exercise Castle,False,12.5,The Castle Centre,SE1 6FG,Southwark,51.4935,-0.1024,18:00,18:45,,1,False,https://southwarkleisure.co.uk/centres/the-castle-centre/
SLL_Southwark_150,London Venue,SLL_Southwark,Gym Session,Gym / Fitness,Gym | Gym Castle,False,12.5,The Castle Centre,SE1 6FG,Southwark,51.4935,-0.1024,18:00,19:00,Wednesday,1,False,https://southwarkleisure.co.uk/centres/the-castle-centre/
SLL_Southwark_151,London Venue,SLL_Southwark,Group Cycle,Group Exercise,Group | Group Exercise Castle,False,12.5,The Castle Centre,SE1 6FG,Southwark,51.4935,-0.1024,18:30,19:15,Thursday,1,False,https://southwarkleisure.co.uk/centres/the-castle-centre/
SLL_Southwark_152,London Venue,SLL_Southwark,Kettlebells,Group Exercise,Group | Group Exercise Castle,False,12.5,The Castle Centre,SE1 6FG,Southwark,51.4935,-0.1024,18:45,19:30,,1,False,https://southwarkleisure.co.uk/centres/the-castle-centre/
SLL_Southwark_153,London Venue,SLL_Southwark,Gym Session,Gym / Fitness,Gym | Gym Castle,False,12.5,The Castle Centre,SE1 6FG,Southwark,51.4935,-0.1024,19:00,20:00,Wednesday,1,False,https://southwarkleisure.co.uk/centres/the-castle-centre/
SLL_Southwark_154,London Venue,SLL_Southwark,Functional Fit,Group Exercise,Group | Group Exercise Castle,False,12.5,The Castle Centre,SE1 6FG,Southwark,51.4935,-0.1024,19:30,20:15,Wednesday,1,False,https://southwarkleisure.co.uk/centres/the-castle-centre/
SLL_Southwark_155,London Venue,SLL_Southwark,Gym Session,Gym / Fitness,Gym | Gym Castle,False,12.5,The Castle Centre,SE1 6FG,Southwark,51.4935,-0.1024,20:00,21:00,Wednesday,1,False,https://southwarkleisure.co.uk/centres/the-castle-centre/
SLL_Southwark_156,London Venue,SLL_Southwark,Yogalates,Group Exercise,Group | Group Exercise Castle,False,9.7,The Castle Centre,SE1 6FG,Southwark,51.4935,-0.1024,20:00,21:00,,1,False,https://southwarkleisure.co.uk/centres/the-castle-centre/
SLL_Southwark_157,London Venue,SLL_Southwark,Gym Session,Gym / Fitness,Gym | Gym Castle,False,12.5,The Castle Centre,SE1 6FG,Southwark,51.4935,-0.1024,21:00,22:00,Wednesday,1,False,https://southwarkleisure.co.uk/centres/the-castle-centre/
SLL_Southwark_158,London Venue,SLL_Southwark,Gym Session,Gym / Fitness,Gym | Gym Castle,False,9.7,The Castle Centre,SE1 6FG,Southwark,51.4935,-0.1024,06:30,07:00,Thursday,1,False,https://southwarkleisure.co.uk/centres/the-castle-centre/
SLL_Southwark_159,London Venue,SLL_Southwark,Gym Session,Gym / Fitness,Gym | Gym Castle,False,9.7,The Castle Centre,SE1 6FG,Southwark,51.4935,-0.1024,07:00,08:00,Thursday,1,False,https://southwarkleisure.co.uk/centres/the-castle-centre/
SLL_Southwark_160,London Venue,SLL_Southwark,Gym Session,Gym / Fitness,Gym | Gym Castle,False,9.7,The Castle Centre,SE1 6FG,Southwark,51.4935,-0.1024,08:00,09:00,Thursday,1,False,https://southwarkleisure.co.uk/centres/the-castle-centre/
SLL_Southwark_161,London Venue,SLL_Southwark,Yoga,Group Exercise,Group | Group Exercise Castle,False,9.7,The Castle Centre,SE1 6FG,Southwark,51.4935,-0.1024,10:00,11:00,Thursday,1,False,https://southwarkleisure.co.uk/centres/the-castle-centre/
SLL_Southwark_162,London Venue,SLL_Southwark,Legs Bums&tums,Group Exercise,Group | Group Exercise Castle,False,12.5,The Castle Centre,SE1 6FG,Southwark,51.4935,-0.1024,10:30,11:15,Thursday,1,False,https://southwarkleisure.co.uk/centres/the-castle-centre/
SLL_Southwark_163,London Venue,SLL_Southwark,Gym Session,Gym / Fitness,Gym | Gym Castle,False,9.7,The Castle Centre,SE1 6FG,Southwark,51.4935,-0.1024,11:00,12:00,Thursday,1,False,https://southwarkleisure.co.uk/centres/the-castle-centre/
SLL_Southwark_164,London Venue,SLL_Southwark,Aqua Aerobics,Group Exercise,Group | Group Exercise Castle,False,12.5,The Castle Centre,SE1 6FG,Southwark,51.4935,-0.1024,12:00,13:00,,1,False,https://southwarkleisure.co.uk/centres/the-castle-centre/
SLL_Southwark_165,London Venue,SLL_Southwark,Gym Session,Gym / Fitness,Gym | Gym Castle,False,9.7,The Castle Centre,SE1 6FG,Southwark,51.4935,-0.1024,12:00,13:00,Thursday,1,False,https://southwarkleisure.co.uk/centres/the-castle-centre/
SLL_Southwark_166,London Venue,SLL_Southwark,Gym Session,Gym / Fitness,Gym | Gym Castle,False,9.7,The Castle Centre,SE1 6FG,Southwark,51.4935,-0.1024,13:00,14:00,Thursday,1,False,https://southwarkleisure.co.uk/centres/the-castle-centre/
SLL_Southwark_167,London Venue,SLL_Southwark,Gym Session,Gym / Fitness,Gym | Gym Castle,False,12.5,The Castle Centre,SE1 6FG,Southwark,51.4935,-0.1024,16:00,17:00,Thursday,1,False,https://southwarkleisure.co.uk/centres/the-castle-centre/
SLL_Southwark_168,London Venue,SLL_Southwark,Gym Session,Gym / Fitness,Gym | Gym Castle,False,12.5,The Castle Centre,SE1 6FG,Southwark,51.4935,-0.1024,17:00,18:00,Thursday,1,False,https://southwarkleisure.co.uk/centres/the-castle-centre/
SLL_Southwark_169,London Venue,SLL_Southwark,Gym Session,Gym / Fitness,Gym | Gym Castle,False,12.5,The Castle Centre,SE1 6FG,Southwark,51.4935,-0.1024,18:00,19:00,Thursday,1,False,https://southwarkleisure.co.uk/centres/the-castle-centre/
SLL_Southwark_170,London Venue,SLL_Southwark,Aqua Aerobics,Group Exercise,Group | Group Exercise Castle,False,12.5,The Castle Centre,SE1 6FG,Southwark,51.4935,-0.1024,19:00,20:00,,1,False,https://southwarkleisure.co.uk/centres/the-castle-centre/
SLL_Southwark_171,London Venue,SLL_Southwark,Gym Session,Gym / Fitness,Gym | Gym Castle,False,12.5,The Castle Centre,SE1 6FG,Southwark,51.4935,-0.1024,19:00,20:00,Thursday,1,False,https://southwarkleisure.co.uk/centres/the-castle-centre/
SLL_Southwark_172,London Venue,SLL_Southwark,Yinyassa Yoga,Group Exercise,Group | Group Exercise Castle,False,9.7,The Castle Centre,SE1 6FG,Southwark,51.4935,-0.1024,19:00,20:00,,1,False,https://southwarkleisure.co.uk/centres/the-castle-centre/
SLL_Southwark_173,London Venue,SLL_Southwark,Double Impact,Group Exercise,Group | Group Exercise Castle,False,12.5,The Castle Centre,SE1 6FG,Southwark,51.4935,-0.1024,20:00,21:00,Thursday,1,False,https://southwarkleisure.co.uk/centres/the-castle-centre/
SLL_Southwark_174,London Venue,SLL_Southwark,Gym Session,Gym / Fitness,Gym | Gym Castle,False,12.5,The Castle Centre,SE1 6FG,Southwark,51.4935,-0.1024,20:00,21:00,Thursday,1,False,https://southwarkleisure.co.uk/centres/the-castle-centre/
SLL_Southwark_175,London Venue,SLL_Southwark,The Training Club,Group Exercise,Group | Group Exercise Castle,False,12.5,The Castle Centre,SE1 6FG,Southwark,51.4935,-0.1024,20:00,21:00,Thursday,1,False,https://southwarkleisure.co.uk/centres/the-castle-centre/
SLL_Southwark_176,London Venue,SLL_Southwark,Gym Session,Gym / Fitness,Gym | Gym Castle,False,12.5,The Castle Centre,SE1 6FG,Southwark,51.4935,-0.1024,21:00,22:00,Thursday,1,False,https://southwarkleisure.co.uk/centres/the-castle-centre/
SLL_Southwark_177,London Venue,SLL_Southwark,Gym Session,Gym / Fitness,Gym | Gym Castle,False,9.7,The Castle Centre,SE1 6FG,Southwark,51.4935,-0.1024,06:30,07:00,Friday,1,False,https://southwarkleisure.co.uk/centres/the-castle-centre/
SLL_Southwark_178,London Venue,SLL_Southwark,Circuits,Group Exercise,Group | Group Exercise Castle,False,12.5,The Castle Centre,SE1 6FG,Southwark,51.4935,-0.1024,07:00,08:00,Friday,1,False,https://southwarkleisure.co.uk/centres/the-castle-centre/
SLL_Southwark_179,London Venue,SLL_Southwark,Gym Session,Gym / Fitness,Gym | Gym Castle,False,9.7,The Castle Centre,SE1 6FG,Southwark,51.4935,-0.1024,07:00,08:00,,1,False,https://southwarkleisure.co.uk/centres/the-castle-centre/
SLL_Southwark_180,London Venue,SLL_Southwark,Gym Session,Gym / Fitness,Gym | Gym Castle,False,9.7,The Castle Centre,SE1 6FG,Southwark,51.4935,-0.1024,08:00,09:00,Friday,1,False,https://southwarkleisure.co.uk/centres/the-castle-centre/
SLL_Southwark_181,London Venue,SLL_Southwark,Gym Session,Gym / Fitness,Gym | Gym Castle,False,9.7,The Castle Centre,SE1 6FG,Southwark,51.4935,-0.1024,09:00,10:00,Friday,1,False,https://southwarkleisure.co.uk/centres/the-castle-centre/
SLL_Southwark_182,London Venue,SLL_Southwark,Pilates,Group Exercise,Group | Group Exercise Castle,False,14.9,The Castle Centre,SE1 6FG,Southwark,51.4935,-0.1024,09:15,10:15,Friday,1,False,https://southwarkleisure.co.uk/centres/the-castle-centre/
SLL_Southwark_183,London Venue,SLL_Southwark,Gym Session,Gym / Fitness,Gym | Gym Castle,False,9.7,The Castle Centre,SE1 6FG,Southwark,51.4935,-0.1024,10:00,11:00,Friday,1,False,https://southwarkleisure.co.uk/centres/the-castle-centre/
SLL_Southwark_184,London Venue,SLL_Southwark,Sound Bath + Yin Yoga,Group Exercise,Group | Group Exercise Castle,False,12.5,The Castle Centre,SE1 6FG,Southwark,51.4935,-0.1024,10:30,12:00,Friday,1,False,https://southwarkleisure.co.uk/centres/the-castle-centre/
SLL_Southwark_185,London Venue,SLL_Southwark,Gym Session,Gym / Fitness,Gym | Gym Castle,False,9.7,The Castle Centre,SE1 6FG,Southwark,51.4935,-0.1024,11:00,12:00,Friday,1,False,https://southwarkleisure.co.uk/centres/the-castle-centre/
SLL_Southwark_186,London Venue,SLL_Southwark,Gym Session,Gym / Fitness,Gym | Gym Castle,False,9.7,The Castle Centre,SE1 6FG,Southwark,51.4935,-0.1024,12:00,13:00,Friday,1,False,https://southwarkleisure.co.uk/centres/the-castle-centre/
SLL_Southwark_187,London Venue,SLL_Southwark,Zumba,Group Exercise,Group | Group Exercise Castle,False,12.5,The Castle Centre,SE1 6FG,Southwark,51.4935,-0.1024,12:00,13:00,,1,False,https://southwarkleisure.co.uk/centres/the-castle-centre/
SLL_Southwark_188,London Venue,SLL_Southwark,Yoga For Menopause,Group Exercise,Group | Group Exercise Castle,False,9.7,The Castle Centre,SE1 6FG,Southwark,51.4935,-0.1024,12:30,13:30,Friday,1,False,https://southwarkleisure.co.uk/centres/the-castle-centre/
SLL_Southwark_189,London Venue,SLL_Southwark,Gym Session,Gym / Fitness,Gym | Gym Castle,False,9.7,The Castle Centre,SE1 6FG,Southwark,51.4935,-0.1024,13:00,14:00,Friday,1,False,https://southwarkleisure.co.uk/centres/the-castle-centre/
SLL_Southwark_190,London Venue,SLL_Southwark,Gym Session,Gym / Fitness,Gym | Gym Castle,False,9.7,The Castle Centre,SE1 6FG,Southwark,51.4935,-0.1024,14:00,15:00,Friday,1,False,https://southwarkleisure.co.uk/centres/the-castle-centre/
SLL_Southwark_191,London Venue,SLL_Southwark,Gym Session,Gym / Fitness,Gym | Gym Castle,False,9.7,The Castle Centre,SE1 6FG,Southwark,51.4935,-0.1024,15:00,16:00,Friday,1,False,https://southwarkleisure.co.uk/centres/the-castle-centre/
SLL_Southwark_192,London Venue,SLL_Southwark,Gym Session,Gym / Fitness,Gym | Gym Castle,False,9.7,The Castle Centre,SE1 6FG,Southwark,51.4935,-0.1024,16:00,17:00,Friday,1,False,https://southwarkleisure.co.uk/centres/the-castle-centre/
SLL_Southwark_193,London Venue,SLL_Southwark,Gym Session,Gym / Fitness,Gym | Gym Castle,False,9.7,The Castle Centre,SE1 6FG,Southwark,51.4935,-0.1024,17:00,18:00,Friday,1,False,https://southwarkleisure.co.uk/centres/the-castle-centre/
SLL_Southwark_194,London Venue,SLL_Southwark,Gym Session,Gym / Fitness,Gym | Gym Castle,False,9.7,The Castle Centre,SE1 6FG,Southwark,51.4935,-0.1024,18:00,19:00,Friday,1,False,https://southwarkleisure.co.uk/centres/the-castle-centre/
SLL_Southwark_195,London Venue,SLL_Southwark,Group Cycle,Group Exercise,Group | Group Exercise Castle,False,12.5,The Castle Centre,SE1 6FG,Southwark,51.4935,-0.1024,18:30,19:15,Friday,1,False,https://southwarkleisure.co.uk/centres/the-castle-centre/
SLL_Southwark_196,London Venue,SLL_Southwark,Cycl`H2o,Group Exercise,Group | Group Exercise Castle,False,12.5,The Castle Centre,SE1 6FG,Southwark,51.4935,-0.1024,19:00,19:45,Friday,1,False,https://southwarkleisure.co.uk/centres/the-castle-centre/
SLL_Southwark_197,London Venue,SLL_Southwark,Gym Session,Gym / Fitness,Gym | Gym Castle,False,9.7,The Castle Centre,SE1 6FG,Southwark,51.4935,-0.1024,19:00,20:00,Friday,1,False,https://southwarkleisure.co.uk/centres/the-castle-centre/
SLL_Southwark_198,London Venue,SLL_Southwark,Yogalates,Group Exercise,Group | Group Exercise Castle,False,9.7,The Castle Centre,SE1 6FG,Southwark,51.4935,-0.1024,19:15,20:15,,1,False,https://southwarkleisure.co.uk/centres/the-castle-centre/
SLL_Southwark_199,London Venue,SLL_Southwark,Gym Session,Gym / Fitness,Gym | Gym Castle,False,9.7,The Castle Centre,SE1 6FG,Southwark,51.4935,-0.1024,20:00,21:00,Friday,1,False,https://southwarkleisure.co.uk/centres/the-castle-centre/
SLL_Southwark_200,London Venue,SLL_Southwark,Gym Session,Gym / Fitness,Gym | Gym Castle,False,9.7,The Castle Centre,SE1 6FG,Southwark,51.4935,-0.1024,21:00,22:00,Friday,1,False,https://southwarkleisure.co.uk/centres/the-castle-centre/
SLL_Southwark_201,London Venue,SLL_Southwark,Gym Session,Gym / Fitness,Gym | Gym Castle,False,9.7,The Castle Centre,SE1 6FG,Southwark,51.4935,-0.1024,07:00,08:00,Saturday,1,False,https://southwarkleisure.co.uk/centres/the-castle-centre/
SLL_Southwark_202,London Venue,SLL_Southwark,Gym Session,Gym / Fitness,Gym | Gym Castle,False,9.7,The Castle Centre,SE1 6FG,Southwark,51.4935,-0.1024,08:00,09:00,Saturday,1,False,https://southwarkleisure.co.uk/centres/the-castle-centre/
SLL_Southwark_203,London Venue,SLL_Southwark,Vinyasa Yoga,Group Exercise,Group | Group Exercise Castle,False,9.7,The Castle Centre,SE1 6FG,Southwark,51.4935,-0.1024,08:45,09:45,Saturday,1,False,https://southwarkleisure.co.uk/centres/the-castle-centre/
SLL_Southwark_204,London Venue,SLL_Southwark,Gym Session,Gym / Fitness,Gym | Gym Castle,False,9.7,The Castle Centre,SE1 6FG,Southwark,51.4935,-0.1024,09:00,10:00,Saturday,1,False,https://southwarkleisure.co.uk/centres/the-castle-centre/
SLL_Southwark_205,London Venue,SLL_Southwark,Group Cycle,Group Exercise,Group | Group Exercise Castle,False,12.5,The Castle Centre,SE1 6FG,Southwark,51.4935,-0.1024,09:45,10:30,Saturday,1,False,https://southwarkleisure.co.uk/centres/the-castle-centre/
SLL_Southwark_206,London Venue,SLL_Southwark,Gym Session,Gym / Fitness,Gym | Gym Castle,False,9.7,The Castle Centre,SE1 6FG,Southwark,51.4935,-0.1024,10:00,11:00,Saturday,1,False,https://southwarkleisure.co.uk/centres/the-castle-centre/
SLL_Southwark_207,London Venue,SLL_Southwark,Gym Session,Gym / Fitness,Gym | Gym Castle,False,9.7,The Castle Centre,SE1 6FG,Southwark,51.4935,-0.1024,11:00,12:00,Saturday,1,False,https://southwarkleisure.co.uk/centres/the-castle-centre/
SLL_Southwark_208,London Venue,SLL_Southwark,Gym Session,Gym / Fitness,Gym | Gym Castle,False,9.7,The Castle Centre,SE1 6FG,Southwark,51.4935,-0.1024,12:00,13:00,Saturday,1,False,https://southwarkleisure.co.uk/centres/the-castle-centre/
SLL_Southwark_209,London Venue,SLL_Southwark,Pilates,Group Exercise,Group | Group Exercise Castle,False,14.9,The Castle Centre,SE1 6FG,Southwark,51.4935,-0.1024,12:00,13:00,,1,False,https://southwarkleisure.co.uk/centres/the-castle-centre/
SLL_Southwark_210,London Venue,SLL_Southwark,Aqua Aerobics,Group Exercise,Group | Group Exercise Castle,False,12.5,The Castle Centre,SE1 6FG,Southwark,51.4935,-0.1024,13:00,13:45,Saturday,1,False,https://southwarkleisure.co.uk/centres/the-castle-centre/
SLL_Southwark_211,London Venue,SLL_Southwark,Gym Session,Gym / Fitness,Gym | Gym Castle,False,9.7,The Castle Centre,SE1 6FG,Southwark,51.4935,-0.1024,13:00,14:00,Saturday,1,False,https://southwarkleisure.co.uk/centres/the-castle-centre/
SLL_Southwark_212,London Venue,SLL_Southwark,Gym Session,Gym / Fitness,Gym | Gym Castle,False,9.7,The Castle Centre,SE1 6FG,Southwark,51.4935,-0.1024,14:00,15:00,Saturday,1,False,https://southwarkleisure.co.uk/centres/the-castle-centre/
SLL_Southwark_213,London Venue,SLL_Southwark,Gym Session,Gym / Fitness,Gym | Gym Castle,False,9.7,The Castle Centre,SE1 6FG,Southwark,51.4935,-0.1024,15:00,16:00,Saturday,1,False,https://southwarkleisure.co.uk/centres/the-castle-centre/
SLL_Southwark_214,London Venue,SLL_Southwark,Gym Session,Gym / Fitness,Gym | Gym Castle,False,9.7,The Castle Centre,SE1 6FG,Southwark,51.4935,-0.1024,16:00,17:00,Saturday,1,False,https://southwarkleisure.co.uk/centres/the-castle-centre/
SLL_Southwark_215,London Venue,SLL_Southwark,Gym Session,Gym / Fitness,Gym | Gym Castle,False,9.7,The Castle Centre,SE1 6FG,Southwark,51.4935,-0.1024,17:00,18:00,Saturday,1,False,https://southwarkleisure.co.uk/centres/the-castle-centre/
SLL_Southwark_216,London Venue,SLL_Southwark,Gym Session,Gym / Fitness,Gym | Gym Castle,False,9.7,The Castle Centre,SE1 6FG,Southwark,51.4935,-0.1024,07:00,08:00,Sunday,1,False,https://southwarkleisure.co.uk/centres/the-castle-centre/
SLL_Southwark_217,London Venue,SLL_Southwark,Gym Session,Gym / Fitness,Gym | Gym Castle,False,9.7,The Castle Centre,SE1 6FG,Southwark,51.4935,-0.1024,08:00,09:00,Sunday,1,False,https://southwarkleisure.co.uk/centres/the-castle-centre/
SLL_Southwark_218,London Venue,SLL_Southwark,Gym Session,Gym / Fitness,Gym | Gym Castle,False,9.7,The Castle Centre,SE1 6FG,Southwark,51.4935,-0.1024,09:00,10:00,Sunday,1,False,https://southwarkleisure.co.uk/centres/the-castle-centre/
SLL_Southwark_219,London Venue,SLL_Southwark,The Training Club,Group Exercise,Group | Group Exercise Castle,False,12.5,The Castle Centre,SE1 6FG,Southwark,51.4935,-0.1024,09:00,10:00,Sunday,1,False,https://southwarkleisure.co.uk/centres/the-castle-centre/
SLL_Southwark_220,London Venue,SLL_Southwark,Body Attack,Group Exercise,Group | Group Exercise Castle,False,12.5,The Castle Centre,SE1 6FG,Southwark,51.4935,-0.1024,09:30,10:30,,1,False,https://southwarkleisure.co.uk/centres/the-castle-centre/
SLL_Southwark_221,London Venue,SLL_Southwark,Gym Session,Gym / Fitness,Gym | Gym Castle,False,9.7,The Castle Centre,SE1 6FG,Southwark,51.4935,-0.1024,10:00,11:00,Sunday,1,False,https://southwarkleisure.co.uk/centres/the-castle-centre/
SLL_Southwark_222,London Venue,SLL_Southwark,Yoga Ashtanga,Group Exercise,Group | Group Exercise Castle,False,12.65,The Castle Centre,SE1 6FG,Southwark,51.4935,-0.1024,10:15,11:45,Sunday,1,False,https://southwarkleisure.co.uk/centres/the-castle-centre/
SLL_Southwark_223,London Venue,SLL_Southwark,Gym Session,Gym / Fitness,Gym | Gym Castle,False,9.7,The Castle Centre,SE1 6FG,Southwark,51.4935,-0.1024,11:00,12:00,Sunday,1,False,https://southwarkleisure.co.uk/centres/the-castle-centre/
SLL_Southwark_224,London Venue,SLL_Southwark,Gym Session,Gym / Fitness,Gym | Gym Castle,False,9.7,The Castle Centre,SE1 6FG,Southwark,51.4935,-0.1024,12:00,13:00,Sunday,1,False,https://southwarkleisure.co.uk/centres/the-castle-centre/
SLL_Southwark_225,London Venue,SLL_Southwark,Gym Session,Gym / Fitness,Gym | Gym Castle,False,9.7,The Castle Centre,SE1 6FG,Southwark,51.4935,-0.1024,13:00,14:00,Sunday,1,False,https://southwarkleisure.co.uk/centres/the-castle-centre/
SLL_Southwark_226,London Venue,SLL_Southwark,Gym Session,Gym / Fitness,Gym | Gym Castle,False,9.7,The Castle Centre,SE1 6FG,Southwark,51.4935,-0.1024,14:00,15:00,Sunday,1,False,https://southwarkleisure.co.uk/centres/the-castle-centre/
SLL_Southwark_227,London Venue,SLL_Southwark,Gym Session,Gym / Fitness,Gym | Gym Castle,False,9.7,The Castle Centre,SE1 6FG,Southwark,51.4935,-0.1024,15:00,16:00,Sunday,1,False,https://southwarkleisure.co.uk/centres/the-castle-centre/
SLL_Southwark_228,London Venue,SLL_Southwark,Gym Session,Gym / Fitness,Gym | Gym Castle,False,9.7,The Castle Centre,SE1 6FG,Southwark,51.4935,-0.1024,16:00,17:00,Sunday,1,False,https://southwarkleisure.co.uk/centres/the-castle-centre/
SLL_Southwark_229,London Venue,SLL_Southwark,Gym Session,Gym / Fitness,Gym | Gym Castle,False,9.7,The Castle Centre,SE1 6FG,Southwark,51.4935,-0.1024,17:00,18:00,Sunday,1,False,https://southwarkleisure.co.uk/centres/the-castle-centre/
SLL_Southwark_230,London Venue,SLL_Southwark,Gym Session,Gym / Fitness,Gym | Gym Castle,False,9.7,The Castle Centre,SE1 6FG,Southwark,51.4935,-0.1024,18:00,19:00,Sunday,1,False,https://southwarkleisure.co.uk/centres/the-castle-centre/
SLL_Southwark_231,London Venue,SLL_Southwark,Gym Session,Gym / Fitness,Gym | Gym Castle,False,9.7,The Castle Centre,SE1 6FG,Southwark,51.4935,-0.1024,19:00,20:00,Sunday,1,False,https://southwarkleisure.co.uk/centres/the-castle-centre/
SLL_Southwark_232,London Venue,SLL_Southwark,Gym Session,Gym / Fitness,Gym | Gym Castle,False,9.7,The Castle Centre,SE1 6FG,Southwark,51.4935,-0.1024,20:00,21:00,Sunday,1,False,https://southwarkleisure.co.uk/centres/the-castle-centre/
SLL_Southwark_233,London Venue,SLL_Southwark,Gym Session,Gym / Fitness,Gym | Gym Castle,False,9.7,The Castle Centre,SE1 6FG,Southwark,51.4935,-0.1024,21:00,22:00,Sunday,1,False,https://southwarkleisure.co.uk/centres/the-castle-centre/
SLL_Southwark_234,London Venue,SLL_Southwark,Gym Session,Gym / Fitness,Gym | Gym Camberwell,False,9.7,Camberwell Leisure Centre,SE5 8TS,Southwark,51.47422,-0.09051,06:30,07:00,Monday,1,False,https://southwarkleisure.co.uk/centres/camberwell-leisure-centre/
SLL_Southwark_235,London Venue,SLL_Southwark,Gym Session,Gym / Fitness,Gym | Gym Camberwell,False,9.7,Camberwell Leisure Centre,SE5 8TS,Southwark,51.47422,-0.09051,07:00,08:00,,1,False,https://southwarkleisure.co.uk/centres/camberwell-leisure-centre/
SLL_Southwark_236,London Venue,SLL_Southwark,Gym Session,Gym / Fitness,Gym | Gym Camberwell,False,9.7,Camberwell Leisure Centre,SE5 8TS,Southwark,51.47422,-0.09051,10:00,11:00,Monday,1,False,https://southwarkleisure.co.uk/centres/camberwell-leisure-centre/
SLL_Southwark_237,London Venue,SLL_Southwark,Gym Session,Gym / Fitness,Gym | Gym Camberwell,False,9.7,Camberwell Leisure Centre,SE5 8TS,Southwark,51.47422,-0.09051,11:00,12:00,Monday,1,False,https://southwarkleisure.co.uk/centres/camberwell-leisure-centre/
SLL_Southwark_238,London Venue,SLL_Southwark,Gym Session,Gym / Fitness,Gym | Gym Camberwell,False,9.7,Camberwell Leisure Centre,SE5 8TS,Southwark,51.47422,-0.09051,12:00,13:00,Monday,1,False,https://southwarkleisure.co.uk/centres/camberwell-leisure-centre/
SLL_Southwark_239,London Venue,SLL_Southwark,Gym Session,Gym / Fitness,Gym | Gym Camberwell,False,9.7,Camberwell Leisure Centre,SE5 8TS,Southwark,51.47422,-0.09051,13:00,14:00,Monday,1,False,https://southwarkleisure.co.uk/centres/camberwell-leisure-centre/
SLL_Southwark_240,London Venue,SLL_Southwark,Gym Session,Gym / Fitness,Gym | Gym Camberwell,False,9.7,Camberwell Leisure Centre,SE5 8TS,Southwark,51.47422,-0.09051,14:00,15:00,Monday,1,False,https://southwarkleisure.co.uk/centres/camberwell-leisure-centre/
SLL_Southwark_241,London Venue,SLL_Southwark,Gym Session,Gym / Fitness,Gym | Gym Camberwell,False,12.5,Camberwell Leisure Centre,SE5 8TS,Southwark,51.47422,-0.09051,15:00,16:00,Monday,1,False,https://southwarkleisure.co.uk/centres/camberwell-leisure-centre/
SLL_Southwark_242,London Venue,SLL_Southwark,Gym Session,Gym / Fitness,Gym | Gym Camberwell,False,12.5,Camberwell Leisure Centre,SE5 8TS,Southwark,51.47422,-0.09051,16:00,17:00,,1,False,https://southwarkleisure.co.uk/centres/camberwell-leisure-centre/
SLL_Southwark_243,London Venue,SLL_Southwark,Gym Session,Gym / Fitness,Gym | Gym Camberwell,False,12.5,Camberwell Leisure Centre,SE5 8TS,Southwark,51.47422,-0.09051,17:00,18:00,Monday,1,False,https://southwarkleisure.co.uk/centres/camberwell-leisure-centre/
SLL_Southwark_244,London Venue,SLL_Southwark,Gym Session,Gym / Fitness,Gym | Gym Camberwell,False,12.5,Camberwell Leisure Centre,SE5 8TS,Southwark,51.47422,-0.09051,18:00,19:00,Monday,1,False,https://southwarkleisure.co.uk/centres/camberwell-leisure-centre/
SLL_Southwark_245,London Venue,SLL_Southwark,Gym Session,Gym / Fitness,Gym | Gym Camberwell,False,12.5,Camberwell Leisure Centre,SE5 8TS,Southwark,51.47422,-0.09051,19:00,20:00,Monday,1,False,https://southwarkleisure.co.uk/centres/camberwell-leisure-centre/
SLL_Southwark_246,London Venue,SLL_Southwark,Gym Session,Gym / Fitness,Gym | Gym Camberwell,False,12.5,Camberwell Leisure Centre,SE5 8TS,Southwark,51.47422,-0.09051,20:00,21:00,Monday,1,False,https://southwarkleisure.co.uk/centres/camberwell-leisure-centre/
SLL_Southwark_247,London Venue,SLL_Southwark,Gym Session,Gym / Fitness,Gym | Gym Camberwell,False,12.5,Camberwell Leisure Centre,SE5 8TS,Southwark,51.47422,-0.09051,21:00,22:00,Monday,1,False,https://southwarkleisure.co.uk/centres/camberwell-leisure-centre/
SLL_Southwark_248,London Venue,SLL_Southwark,Gym Session,Gym / Fitness,Gym | Gym Camberwell,False,9.7,Camberwell Leisure Centre,SE5 8TS,Southwark,51.47422,-0.09051,06:30,07:00,Tuesday,1,False,https://southwarkleisure.co.uk/centres/camberwell-leisure-centre/
SLL_Southwark_249,London Venue,SLL_Southwark,Gym Session,Gym / Fitness,Gym | Gym Camberwell,False,9.7,Camberwell Leisure Centre,SE5 8TS,Southwark,51.47422,-0.09051,07:00,08:00,Tuesday,1,False,https://southwarkleisure.co.uk/centres/camberwell-leisure-centre/
SLL_Southwark_250,London Venue,SLL_Southwark,Gym Session,Gym / Fitness,Gym | Gym Camberwell,False,9.7,Camberwell Leisure Centre,SE5 8TS,Southwark,51.47422,-0.09051,08:00,09:00,Tuesday,1,False,https://southwarkleisure.co.uk/centres/camberwell-leisure-centre/
SLL_Southwark_251,London Venue,SLL_Southwark,Gym Session,Gym / Fitness,Gym | Gym Camberwell,False,9.7,Camberwell Leisure Centre,SE5 8TS,Southwark,51.47422,-0.09051,09:00,10:00,Tuesday,1,False,https://southwarkleisure.co.uk/centres/camberwell-leisure-centre/
SLL_Southwark_252,London Venue,SLL_Southwark,Gym Session,Gym / Fitness,Gym | Gym Camberwell,False,9.7,Camberwell Leisure Centre,SE5 8TS,Southwark,51.47422,-0.09051,10:00,11:00,Tuesday,1,False,https://southwarkleisure.co.uk/centres/camberwell-leisure-centre/
SLL_Southwark_253,London Venue,SLL_Southwark,Gym Session,Gym / Fitness,Gym | Gym Camberwell,False,9.7,Camberwell Leisure Centre,SE5 8TS,Southwark,51.47422,-0.09051,13:00,14:00,Tuesday,1,False,https://southwarkleisure.co.uk/centres/camberwell-leisure-centre/
SLL_Southwark_254,London Venue,SLL_Southwark,Gym Session,Gym / Fitness,Gym | Gym Camberwell,False,9.7,Camberwell Leisure Centre,SE5 8TS,Southwark,51.47422,-0.09051,14:00,15:00,Tuesday,1,False,https://southwarkleisure.co.uk/centres/camberwell-leisure-centre/
SLL_Southwark_255,London Venue,SLL_Southwark,Gym Session,Gym / Fitness,Gym | Gym Camberwell,False,12.5,Camberwell Leisure Centre,SE5 8TS,Southwark,51.47422,-0.09051,15:00,16:00,Tuesday,1,False,https://southwarkleisure.co.uk/centres/camberwell-leisure-centre/
SLL_Southwark_256,London Venue,SLL_Southwark,Gym Session,Gym / Fitness,Gym | Gym Camberwell,False,12.5,Camberwell Leisure Centre,SE5 8TS,Southwark,51.47422,-0.09051,16:00,17:00,Tuesday,1,False,https://southwarkleisure.co.uk/centres/camberwell-leisure-centre/
SLL_Southwark_257,London Venue,SLL_Southwark,Gym Session,Gym / Fitness,Gym | Gym Camberwell,False,12.5,Camberwell Leisure Centre,SE5 8TS,Southwark,51.47422,-0.09051,17:00,18:00,Tuesday,1,False,https://southwarkleisure.co.uk/centres/camberwell-leisure-centre/
SLL_Southwark_258,London Venue,SLL_Southwark,Gym Session,Gym / Fitness,Gym | Gym Camberwell,False,12.5,Camberwell Leisure Centre,SE5 8TS,Southwark,51.47422,-0.09051,18:00,19:00,Tuesday,1,False,https://southwarkleisure.co.uk/centres/camberwell-leisure-centre/
SLL_Southwark_259,London Venue,SLL_Southwark,Gym Session,Gym / Fitness,Gym | Gym Camberwell,False,12.5,Camberwell Leisure Centre,SE5 8TS,Southwark,51.47422,-0.09051,19:00,20:00,Tuesday,1,False,https://southwarkleisure.co.uk/centres/camberwell-leisure-centre/
SLL_Southwark_260,London Venue,SLL_Southwark,Gym Session,Gym / Fitness,Gym | Gym Camberwell,False,12.5,Camberwell Leisure Centre,SE5 8TS,Southwark,51.47422,-0.09051,20:00,21:00,Tuesday,1,False,https://southwarkleisure.co.uk/centres/camberwell-leisure-centre/
SLL_Southwark_261,London Venue,SLL_Southwark,Gym Session,Gym / Fitness,Gym | Gym Camberwell,False,12.5,Camberwell Leisure Centre,SE5 8TS,Southwark,51.47422,-0.09051,21:00,22:00,Tuesday,1,False,https://southwarkleisure.co.uk/centres/camberwell-leisure-centre/
SLL_Southwark_262,London Venue,SLL_Southwark,Gym Session,Gym / Fitness,Gym | Gym Camberwell,False,9.7,Camberwell Leisure Centre,SE5 8TS,Southwark,51.47422,-0.09051,06:30,07:00,Wednesday,1,False,https://southwarkleisure.co.uk/centres/camberwell-leisure-centre/
SLL_Southwark_263,London Venue,SLL_Southwark,Gym Session,Gym / Fitness,Gym | Gym Camberwell,False,9.7,Camberwell Leisure Centre,SE5 8TS,Southwark,51.47422,-0.09051,07:00,08:00,Wednesday,1,False,https://southwarkleisure.co.uk/centres/camberwell-leisure-centre/
SLL_Southwark_264,London Venue,SLL_Southwark,Gym Session,Gym / Fitness,Gym | Gym Camberwell,False,9.7,Camberwell Leisure Centre,SE5 8TS,Southwark,51.47422,-0.09051,08:00,09:00,Wednesday,1,False,https://southwarkleisure.co.uk/centres/camberwell-leisure-centre/
SLL_Southwark_265,London Venue,SLL_Southwark,Gym Session,Gym / Fitness,Gym | Gym Camberwell,False,9.7,Camberwell Leisure Centre,SE5 8TS,Southwark,51.47422,-0.09051,09:00,10:00,Wednesday,1,False,https://southwarkleisure.co.uk/centres/camberwell-leisure-centre/
SLL_Southwark_266,London Venue,SLL_Southwark,Gym Session,Gym / Fitness,Gym | Gym Camberwell,False,9.7,Camberwell Leisure Centre,SE5 8TS,Southwark,51.47422,-0.09051,10:00,11:00,Wednesday,1,False,https://southwarkleisure.co.uk/centres/camberwell-leisure-centre/
SLL_Southwark_267,London Venue,SLL_Southwark,Gym Session,Gym / Fitness,Gym | Gym Camberwell,False,9.7,Camberwell Leisure Centre,SE5 8TS,Southwark,51.47422,-0.09051,11:00,12:00,Wednesday,1,False,https://southwarkleisure.co.uk/centres/camberwell-leisure-centre/
SLL_Southwark_268,London Venue,SLL_Southwark,Gym Session,Gym / Fitness,Gym | Gym Camberwell,False,9.7,Camberwell Leisure Centre,SE5 8TS,Southwark,51.47422,-0.09051,12:00,13:00,Wednesday,1,False,https://southwarkleisure.co.uk/centres/camberwell-leisure-centre/
SLL_Southwark_269,London Venue,SLL_Southwark,Gym Session,Gym / Fitness,Gym | Gym Camberwell,False,9.7,Camberwell Leisure Centre,SE5 8TS,Southwark,51.47422,-0.09051,13:00,14:00,Wednesday,1,False,https://southwarkleisure.co.uk/centres/camberwell-leisure-centre/
SLL_Southwark_270,London Venue,SLL_Southwark,Gym Session,Gym / Fitness,Gym | Gym Camberwell,False,12.5,Camberwell Leisure Centre,SE5 8TS,Southwark,51.47422,-0.09051,16:00,17:00,Wednesday,1,False,https://southwarkleisure.co.uk/centres/camberwell-leisure-centre/
SLL_Southwark_271,London Venue,SLL_Southwark,Gym Session,Gym / Fitness,Gym | Gym Camberwell,False,12.5,Camberwell Leisure Centre,SE5 8TS,Southwark,51.47422,-0.09051,17:00,18:00,Wednesday,1,False,https://southwarkleisure.co.uk/centres/camberwell-leisure-centre/
SLL_Southwark_272,London Venue,SLL_Southwark,Gym Session,Gym / Fitness,Gym | Gym Camberwell,False,12.5,Camberwell Leisure Centre,SE5 8TS,Southwark,51.47422,-0.09051,18:00,19:00,Wednesday,1,False,https://southwarkleisure.co.uk/centres/camberwell-leisure-centre/
SLL_Southwark_273,London Venue,SLL_Southwark,Gym Session,Gym / Fitness,Gym | Gym Camberwell,False,12.5,Camberwell Leisure Centre,SE5 8TS,Southwark,51.47422,-0.09051,19:00,20:00,Wednesday,1,False,https://southwarkleisure.co.uk/centres/camberwell-leisure-centre/
SLL_Southwark_274,London Venue,SLL_Southwark,Gym Session,Gym / Fitness,Gym | Gym Camberwell,False,12.5,Camberwell Leisure Centre,SE5 8TS,Southwark,51.47422,-0.09051,20:00,21:00,Wednesday,1,False,https://southwarkleisure.co.uk/centres/camberwell-leisure-centre/
SLL_Southwark_275,London Venue,SLL_Southwark,Gym Session,Gym / Fitness,Gym | Gym Camberwell,False,12.5,Camberwell Leisure Centre,SE5 8TS,Southwark,51.47422,-0.09051,21:00,22:00,Wednesday,1,False,https://southwarkleisure.co.uk/centres/camberwell-leisure-centre/
SLL_Southwark_276,London Venue,SLL_Southwark,Gym Session,Gym / Fitness,Gym | Gym Camberwell,False,9.7,Camberwell Leisure Centre,SE5 8TS,Southwark,51.47422,-0.09051,06:30,07:00,Thursday,1,False,https://southwarkleisure.co.uk/centres/camberwell-leisure-centre/
SLL_Southwark_277,London Venue,SLL_Southwark,Gym Session,Gym / Fitness,Gym | Gym Camberwell,False,9.7,Camberwell Leisure Centre,SE5 8TS,Southwark,51.47422,-0.09051,07:00,08:00,Thursday,1,False,https://southwarkleisure.co.uk/centres/camberwell-leisure-centre/
SLL_Southwark_278,London Venue,SLL_Southwark,Gym Session,Gym / Fitness,Gym | Gym Camberwell,False,9.7,Camberwell Leisure Centre,SE5 8TS,Southwark,51.47422,-0.09051,08:00,09:00,Thursday,1,False,https://southwarkleisure.co.uk/centres/camberwell-leisure-centre/
SLL_Southwark_279,London Venue,SLL_Southwark,Gym Session,Gym / Fitness,Gym | Gym Camberwell,False,9.7,Camberwell Leisure Centre,SE5 8TS,Southwark,51.47422,-0.09051,09:00,10:00,Thursday,1,False,https://southwarkleisure.co.uk/centres/camberwell-leisure-centre/
SLL_Southwark_280,London Venue,SLL_Southwark,Gym Session,Gym / Fitness,Gym | Gym Camberwell,False,9.7,Camberwell Leisure Centre,SE5 8TS,Southwark,51.47422,-0.09051,10:00,11:00,Thursday,1,False,https://southwarkleisure.co.uk/centres/camberwell-leisure-centre/
SLL_Southwark_281,London Venue,SLL_Southwark,Gym Session,Gym / Fitness,Gym | Gym Camberwell,False,9.7,Camberwell Leisure Centre,SE5 8TS,Southwark,51.47422,-0.09051,11:00,12:00,Thursday,1,False,https://southwarkleisure.co.uk/centres/camberwell-leisure-centre/
SLL_Southwark_282,London Venue,SLL_Southwark,Gym Session,Gym / Fitness,Gym | Gym Camberwell,False,9.7,Camberwell Leisure Centre,SE5 8TS,Southwark,51.47422,-0.09051,12:00,13:00,Thursday,1,False,https://southwarkleisure.co.uk/centres/camberwell-leisure-centre/
SLL_Southwark_283,London Venue,SLL_Southwark,Gym Session,Gym / Fitness,Gym | Gym Camberwell,False,9.7,Camberwell Leisure Centre,SE5 8TS,Southwark,51.47422,-0.09051,13:00,14:00,Thursday,1,False,https://southwarkleisure.co.uk/centres/camberwell-leisure-centre/
SLL_Southwark_284,London Venue,SLL_Southwark,Gym Session,Gym / Fitness,Gym | Gym Camberwell,False,12.5,Camberwell Leisure Centre,SE5 8TS,Southwark,51.47422,-0.09051,16:00,17:00,Thursday,1,False,https://southwarkleisure.co.uk/centres/camberwell-leisure-centre/
SLL_Southwark_285,London Venue,SLL_Southwark,Gym Session,Gym / Fitness,Gym | Gym Camberwell,False,12.5,Camberwell Leisure Centre,SE5 8TS,Southwark,51.47422,-0.09051,17:00,18:00,Thursday,1,False,https://southwarkleisure.co.uk/centres/camberwell-leisure-centre/
SLL_Southwark_286,London Venue,SLL_Southwark,Gym Session,Gym / Fitness,Gym | Gym Camberwell,False,12.5,Camberwell Leisure Centre,SE5 8TS,Southwark,51.47422,-0.09051,18:00,19:00,Thursday,1,False,https://southwarkleisure.co.uk/centres/camberwell-leisure-centre/
SLL_Southwark_287,London Venue,SLL_Southwark,Gym Session,Gym / Fitness,Gym | Gym Camberwell,False,12.5,Camberwell Leisure Centre,SE5 8TS,Southwark,51.47422,-0.09051,19:00,20:00,Thursday,1,False,https://southwarkleisure.co.uk/centres/camberwell-leisure-centre/
SLL_Southwark_288,London Venue,SLL_Southwark,Gym Session,Gym / Fitness,Gym | Gym Camberwell,False,12.5,Camberwell Leisure Centre,SE5 8TS,Southwark,51.47422,-0.09051,20:00,21:00,Thursday,1,False,https://southwarkleisure.co.uk/centres/camberwell-leisure-centre/
SLL_Southwark_289,London Venue,SLL_Southwark,Gym Session,Gym / Fitness,Gym | Gym Camberwell,False,12.5,Camberwell Leisure Centre,SE5 8TS,Southwark,51.47422,-0.09051,21:00,22:00,Thursday,1,False,https://southwarkleisure.co.uk/centres/camberwell-leisure-centre/
SLL_Southwark_290,London Venue,SLL_Southwark,Gym Session,Gym / Fitness,Gym | Gym Camberwell,False,9.7,Camberwell Leisure Centre,SE5 8TS,Southwark,51.47422,-0.09051,06:30,07:00,Friday,1,False,https://southwarkleisure.co.uk/centres/camberwell-leisure-centre/
SLL_Southwark_291,London Venue,SLL_Southwark,Gym Session,Gym / Fitness,Gym | Gym Camberwell,False,9.7,Camberwell Leisure Centre,SE5 8TS,Southwark,51.47422,-0.09051,07:00,08:00,,1,False,https://southwarkleisure.co.uk/centres/camberwell-leisure-centre/
SLL_Southwark_292,London Venue,SLL_Southwark,Gym Session,Gym / Fitness,Gym | Gym Camberwell,False,9.7,Camberwell Leisure Centre,SE5 8TS,Southwark,51.47422,-0.09051,08:00,09:00,Friday,1,False,https://southwarkleisure.co.uk/centres/camberwell-leisure-centre/
SLL_Southwark_293,London Venue,SLL_Southwark,Gym Session,Gym / Fitness,Gym | Gym Camberwell,False,9.7,Camberwell Leisure Centre,SE5 8TS,Southwark,51.47422,-0.09051,09:00,10:00,Friday,1,False,https://southwarkleisure.co.uk/centres/camberwell-leisure-centre/
SLL_Southwark_294,London Venue,SLL_Southwark,Gym Session,Gym / Fitness,Gym | Gym Camberwell,False,9.7,Camberwell Leisure Centre,SE5 8TS,Southwark,51.47422,-0.09051,10:00,11:00,Friday,1,False,https://southwarkleisure.co.uk/centres/camberwell-leisure-centre/
SLL_Southwark_295,London Venue,SLL_Southwark,Gym Session,Gym / Fitness,Gym | Gym Camberwell,False,9.7,Camberwell Leisure Centre,SE5 8TS,Southwark,51.47422,-0.09051,11:00,12:00,Friday,1,False,https://southwarkleisure.co.uk/centres/camberwell-leisure-centre/
SLL_Southwark_296,London Venue,SLL_Southwark,Gym Session,Gym / Fitness,Gym | Gym Camberwell,False,9.7,Camberwell Leisure Centre,SE5 8TS,Southwark,51.47422,-0.09051,12:00,13:00,Friday,1,False,https://southwarkleisure.co.uk/centres/camberwell-leisure-centre/
SLL_Southwark_297,London Venue,SLL_Southwark,Gym Session,Gym / Fitness,Gym | Gym Camberwell,False,9.7,Camberwell Leisure Centre,SE5 8TS,Southwark,51.47422,-0.09051,13:00,14:00,Friday,1,False,https://southwarkleisure.co.uk/centres/camberwell-leisure-centre/
SLL_Southwark_298,London Venue,SLL_Southwark,Gym Session,Gym / Fitness,Gym | Gym Camberwell,False,9.7,Camberwell Leisure Centre,SE5 8TS,Southwark,51.47422,-0.09051,14:00,15:00,Friday,1,False,https://southwarkleisure.co.uk/centres/camberwell-leisure-centre/
SLL_Southwark_299,London Venue,SLL_Southwark,Gym Session,Gym / Fitness,Gym | Gym Camberwell,False,9.7,Camberwell Leisure Centre,SE5 8TS,Southwark,51.47422,-0.09051,15:00,16:00,Friday,1,False,https://southwarkleisure.co.uk/centres/camberwell-leisure-centre/
SLL_Southwark_300,London Venue,SLL_Southwark,Gym Session,Gym / Fitness,Gym | Gym Camberwell,False,9.7,Camberwell Leisure Centre,SE5 8TS,Southwark,51.47422,-0.09051,16:00,17:00,Friday,1,False,https://southwarkleisure.co.uk/centres/camberwell-leisure-centre/
SLL_Southwark_301,London Venue,SLL_Southwark,Gym Session,Gym / Fitness,Gym | Gym Camberwell,False,9.7,Camberwell Leisure Centre,SE5 8TS,Southwark,51.47422,-0.09051,17:00,18:00,Friday,1,False,https://southwarkleisure.co.uk/centres/camberwell-leisure-centre/
SLL_Southwark_302,London Venue,SLL_Southwark,Gym Session,Gym / Fitness,Gym | Gym Camberwell,False,9.7,Camberwell Leisure Centre,SE5 8TS,Southwark,51.47422,-0.09051,18:00,19:00,Friday,1,False,https://southwarkleisure.co.uk/centres/camberwell-leisure-centre/
SLL_Southwark_303,London Venue,SLL_Southwark,Gym Session,Gym / Fitness,Gym | Gym Camberwell,False,9.7,Camberwell Leisure Centre,SE5 8TS,Southwark,51.47422,-0.09051,19:00,20:00,Friday,1,False,https://southwarkleisure.co.uk/centres/camberwell-leisure-centre/
SLL_Southwark_304,London Venue,SLL_Southwark,Gym Session,Gym / Fitness,Gym | Gym Camberwell,False,9.7,Camberwell Leisure Centre,SE5 8TS,Southwark,51.47422,-0.09051,20:00,21:00,Friday,1,False,https://southwarkleisure.co.uk/centres/camberwell-leisure-centre/
SLL_Southwark_305,London Venue,SLL_Southwark,Gym Session,Gym / Fitness,Gym | Gym Camberwell,False,9.7,Camberwell Leisure Centre,SE5 8TS,Southwark,51.47422,-0.09051,21:00,22:00,Friday,1,False,https://southwarkleisure.co.uk/centres/camberwell-leisure-centre/
SLL_Southwark_306,London Venue,SLL_Southwark,Gym Session,Gym / Fitness,Gym | Gym Camberwell,False,9.7,Camberwell Leisure Centre,SE5 8TS,Southwark,51.47422,-0.09051,07:00,08:00,Saturday,1,False,https://southwarkleisure.co.uk/centres/camberwell-leisure-centre/
SLL_Southwark_307,London Venue,SLL_Southwark,Gym Session,Gym / Fitness,Gym | Gym Camberwell,False,9.7,Camberwell Leisure Centre,SE5 8TS,Southwark,51.47422,-0.09051,08:00,09:00,Saturday,1,False,https://southwarkleisure.co.uk/centres/camberwell-leisure-centre/
SLL_Southwark_308,London Venue,SLL_Southwark,Gym Session,Gym / Fitness,Gym | Gym Camberwell,False,9.7,Camberwell Leisure Centre,SE5 8TS,Southwark,51.47422,-0.09051,09:00,10:00,Saturday,1,False,https://southwarkleisure.co.uk/centres/camberwell-leisure-centre/
SLL_Southwark_309,London Venue,SLL_Southwark,Gym Session,Gym / Fitness,Gym | Gym Camberwell,False,9.7,Camberwell Leisure Centre,SE5 8TS,Southwark,51.47422,-0.09051,10:00,11:00,Saturday,1,False,https://southwarkleisure.co.uk/centres/camberwell-leisure-centre/
SLL_Southwark_310,London Venue,SLL_Southwark,Gym Session,Gym / Fitness,Gym | Gym Camberwell,False,9.7,Camberwell Leisure Centre,SE5 8TS,Southwark,51.47422,-0.09051,11:00,12:00,Saturday,1,False,https://southwarkleisure.co.uk/centres/camberwell-leisure-centre/
SLL_Southwark_311,London Venue,SLL_Southwark,Gym Session,Gym / Fitness,Gym | Gym Camberwell,False,9.7,Camberwell Leisure Centre,SE5 8TS,Southwark,51.47422,-0.09051,12:00,13:00,Saturday,1,False,https://southwarkleisure.co.uk/centres/camberwell-leisure-centre/
SLL_Southwark_312,London Venue,SLL_Southwark,Gym Session,Gym / Fitness,Gym | Gym Camberwell,False,9.7,Camberwell Leisure Centre,SE5 8TS,Southwark,51.47422,-0.09051,13:00,14:00,Saturday,1,False,https://southwarkleisure.co.uk/centres/camberwell-leisure-centre/
SLL_Southwark_313,London Venue,SLL_Southwark,Gym Session,Gym / Fitness,Gym | Gym Camberwell,False,9.7,Camberwell Leisure Centre,SE5 8TS,Southwark,51.47422,-0.09051,14:00,15:00,Saturday,1,False,https://southwarkleisure.co.uk/centres/camberwell-leisure-centre/
SLL_Southwark_314,London Venue,SLL_Southwark,Gym Session,Gym / Fitness,Gym | Gym Camberwell,False,9.7,Camberwell Leisure Centre,SE5 8TS,Southwark,51.47422,-0.09051,15:00,16:00,Saturday,1,False,https://southwarkleisure.co.uk/centres/camberwell-leisure-centre/
SLL_Southwark_315,London Venue,SLL_Southwark,Gym Session,Gym / Fitness,Gym | Gym Camberwell,False,9.7,Camberwell Leisure Centre,SE5 8TS,Southwark,51.47422,-0.09051,16:00,17:00,Saturday,1,False,https://southwarkleisure.co.uk/centres/camberwell-leisure-centre/
SLL_Southwark_316,London Venue,SLL_Southwark,Gym Session,Gym / Fitness,Gym | Gym Camberwell,False,9.7,Camberwell Leisure Centre,SE5 8TS,Southwark,51.47422,-0.09051,17:00,18:00,Saturday,1,False,https://southwarkleisure.co.uk/centres/camberwell-leisure-centre/
SLL_Southwark_317,London Venue,SLL_Southwark,Gym Session,Gym / Fitness,Gym | Gym Camberwell,False,9.7,Camberwell Leisure Centre,SE5 8TS,Southwark,51.47422,-0.09051,07:00,08:00,Sunday,1,False,https://southwarkleisure.co.uk/centres/camberwell-leisure-centre/
SLL_Southwark_318,London Venue,SLL_Southwark,Gym Session,Gym / Fitness,Gym | Gym Camberwell,False,9.7,Camberwell Leisure Centre,SE5 8TS,Southwark,51.47422,-0.09051,08:00,09:00,Sunday,1,False,https://southwarkleisure.co.uk/centres/camberwell-leisure-centre/
SLL_Southwark_319,London Venue,SLL_Southwark,Gym Session,Gym / Fitness,Gym | Gym Camberwell,False,9.7,Camberwell Leisure Centre,SE5 8TS,Southwark,51.47422,-0.09051,09:00,10:00,Sunday,1,False,https://southwarkleisure.co.uk/centres/camberwell-leisure-centre/
SLL_Southwark_320,London Venue,SLL_Southwark,Gym Session,Gym / Fitness,Gym | Gym Camberwell,False,9.7,Camberwell Leisure Centre,SE5 8TS,Southwark,51.47422,-0.09051,10:00,11:00,Sunday,1,False,https://southwarkleisure.co.uk/centres/camberwell-leisure-centre/
SLL_Southwark_321,London Venue,SLL_Southwark,Gym Session,Gym / Fitness,Gym | Gym Camberwell,False,9.7,Camberwell Leisure Centre,SE5 8TS,Southwark,51.47422,-0.09051,11:00,12:00,Sunday,1,False,https://southwarkleisure.co.uk/centres/camberwell-leisure-centre/
SLL_Southwark_322,London Venue,SLL_Southwark,Gym Session,Gym / Fitness,Gym | Gym Camberwell,False,9.7,Camberwell Leisure Centre,SE5 8TS,Southwark,51.47422,-0.09051,12:00,13:00,Sunday,1,False,https://southwarkleisure.co.uk/centres/camberwell-leisure-centre/
SLL_Southwark_323,London Venue,SLL_Southwark,Gym Session,Gym / Fitness,Gym | Gym Camberwell,False,9.7,Camberwell Leisure Centre,SE5 8TS,Southwark,51.47422,-0.09051,13:00,14:00,Sunday,1,False,https://southwarkleisure.co.uk/centres/camberwell-leisure-centre/
SLL_Southwark_324,London Venue,SLL_Southwark,Gym Session,Gym / Fitness,Gym | Gym Camberwell,False,9.7,Camberwell Leisure Centre,SE5 8TS,Southwark,51.47422,-0.09051,14:00,15:00,Sunday,1,False,https://southwarkleisure.co.uk/centres/camberwell-leisure-centre/
SLL_Southwark_325,London Venue,SLL_Southwark,Gym Session,Gym / Fitness,Gym | Gym Camberwell,False,9.7,Camberwell Leisure Centre,SE5 8TS,Southwark,51.47422,-0.09051,15:00,16:00,Sunday,1,False,https://southwarkleisure.co.uk/centres/camberwell-leisure-centre/
SLL_Southwark_326,London Venue,SLL_Southwark,Gym Session,Gym / Fitness,Gym | Gym Camberwell,False,9.7,Camberwell Leisure Centre,SE5 8TS,Southwark,51.47422,-0.09051,16:00,17:00,Sunday,1,False,https://southwarkleisure.co.uk/centres/camberwell-leisure-centre/
SLL_Southwark_327,London Venue,SLL_Southwark,Gym Session,Gym / Fitness,Gym | Gym Camberwell,False,9.7,Camberwell Leisure Centre,SE5 8TS,Southwark,51.47422,-0.09051,17:00,18:00,Sunday,1,False,https://southwarkleisure.co.uk/centres/camberwell-leisure-centre/
SLL_Southwark_328,London Venue,SLL_Southwark,Gym Session,Gym / Fitness,Gym | Gym Camberwell,False,9.7,Camberwell Leisure Centre,SE5 8TS,Southwark,51.47422,-0.09051,19:00,20:00,Sunday,1,False,https://southwarkleisure.co.uk/centres/camberwell-leisure-centre/
SLL_Southwark_329,London Venue,SLL_Southwark,Gym Session,Gym / Fitness,Gym | Gym Camberwell,False,9.7,Camberwell Leisure Centre,SE5 8TS,Southwark,51.47422,-0.09051,20:00,21:00,Sunday,1,False,https://southwarkleisure.co.uk/centres/camberwell-leisure-centre/
SLL_Southwark_330,London Venue,SLL_Southwark,Gym Session,Gym / Fitness,Gym | Gym Camberwell,False,9.7,Camberwell Leisure Centre,SE5 8TS,Southwark,51.47422,-0.09051,21:00,22:00,Sunday,1,False,https://southwarkleisure.co.uk/centres/camberwell-leisure-centre/
SLL_Southwark_331,London Venue,SLL_Southwark,Gym Session,Gym / Fitness,Gym | Gym Canada Water,False,9.7,Canada Water Leisure Cent,,Southwark,,,06:30,07:00,Monday,1,False,
SLL_Southwark_332,London Venue,SLL_Southwark,Gym Session,Gym / Fitness,Gym | Gym Canada Water,False,9.7,Canada Water Leisure Cent,,Southwark,,,07:00,08:00,Monday,1,False,
SLL_Southwark_333,London Venue,SLL_Southwark,Gym Session,Gym / Fitness,Gym | Gym Canada Water,False,9.7,Canada Water Leisure Cent,,Southwark,,,10:00,11:00,Monday,1,False,
SLL_Southwark_334,London Venue,SLL_Southwark,Gym Session,Gym / Fitness,Gym | Gym Canada Water,False,9.7,Canada Water Leisure Cent,,Southwark,,,11:00,12:00,Monday,1,False,
SLL_Southwark_335,London Venue,SLL_Southwark,Gym Session,Gym / Fitness,Gym | Gym Canada Water,False,9.7,Canada Water Leisure Cent,,Southwark,,,12:00,13:00,Monday,1,False,
SLL_Southwark_336,London Venue,SLL_Southwark,Gym Session,Gym / Fitness,Gym | Gym Canada Water,False,9.7,Canada Water Leisure Cent,,Southwark,,,13:00,14:00,Monday,1,False,
SLL_Southwark_337,London Venue,SLL_Southwark,Gym Session,Gym / Fitness,Gym | Gym Canada Water,False,9.7,Canada Water Leisure Cent,,Southwark,,,14:00,15:00,Monday,1,False,
SLL_Southwark_338,London Venue,SLL_Southwark,Gym Session,Gym / Fitness,Gym | Gym Canada Water,False,9.7,Canada Water Leisure Cent,,Southwark,,,15:00,16:00,Monday,1,False,
SLL_Southwark_339,London Venue,SLL_Southwark,Gym Session,Gym / Fitness,Gym | Gym Canada Water,False,12.5,Canada Water Leisure Cent,,Southwark,,,16:00,17:00,Monday,1,False,
SLL_Southwark_340,London Venue,SLL_Southwark,Gym Session,Gym / Fitness,Gym | Gym Canada Water,False,12.5,Canada Water Leisure Cent,,Southwark,,,17:00,18:00,Monday,1,False,
SLL_Southwark_341,London Venue,SLL_Southwark,Gym Session,Gym / Fitness,Gym | Gym Canada Water,False,12.5,Canada Water Leisure Cent,,Southwark,,,18:00,19:00,Monday,1,False,
SLL_Southwark_342,London Venue,SLL_Southwark,Gym Session,Gym / Fitness,Gym | Gym Canada Water,False,12.5,Canada Water Leisure Cent,,Southwark,,,19:00,20:00,Monday,1,False,
SLL_Southwark_343,London Venue,SLL_Southwark,Gym Session,Gym / Fitness,Gym | Gym Canada Water,False,12.5,Canada Water Leisure Cent,,Southwark,,,20:00,21:00,Monday,1,False,
SLL_Southwark_344,London Venue,SLL_Southwark,Gym Session,Gym / Fitness,Gym | Gym Canada Water,False,12.5,Canada Water Leisure Cent,,Southwark,,,21:00,22:00,Monday,1,False,
SLL_Southwark_345,London Venue,SLL_Southwark,Gym Session,Gym / Fitness,Gym | Gym Canada Water,False,9.7,Canada Water Leisure Cent,,Southwark,,,06:30,07:00,Tuesday,1,False,
SLL_Southwark_346,London Venue,SLL_Southwark,Gym Session,Gym / Fitness,Gym | Gym Canada Water,False,9.7,Canada Water Leisure Cent,,Southwark,,,07:00,08:00,Tuesday,1,False,
SLL_Southwark_347,London Venue,SLL_Southwark,Gym Session,Gym / Fitness,Gym | Gym Canada Water,False,9.7,Canada Water Leisure Cent,,Southwark,,,08:00,09:00,Tuesday,1,False,
SLL_Southwark_348,London Venue,SLL_Southwark,Gym Session,Gym / Fitness,Gym | Gym Canada Water,False,9.7,Canada Water Leisure Cent,,Southwark,,,09:00,10:00,Tuesday,1,False,
SLL_Southwark_349,London Venue,SLL_Southwark,Gym Session,Gym / Fitness,Gym | Gym Canada Water,False,9.7,Canada Water Leisure Cent,,Southwark,,,10:00,11:00,Tuesday,1,False,
SLL_Southwark_350,London Venue,SLL_Southwark,Gym Session,Gym / Fitness,Gym | Gym Canada Water,False,9.7,Canada Water Leisure Cent,,Southwark,,,13:00,14:00,Tuesday,1,False,
SLL_Southwark_351,London Venue,SLL_Southwark,Gym Session,Gym / Fitness,Gym | Gym Canada Water,False,9.7,Canada Water Leisure Cent,,Southwark,,,14:00,15:00,Tuesday,1,False,
SLL_Southwark_352,London Venue,SLL_Southwark,Gym Session,Gym / Fitness,Gym | Gym Canada Water,False,9.7,Canada Water Leisure Cent,,Southwark,,,15:00,16:00,Tuesday,1,False,
SLL_Southwark_353,London Venue,SLL_Southwark,Gym Session,Gym / Fitness,Gym | Gym Canada Water,False,12.5,Canada Water Leisure Cent,,Southwark,,,16:00,17:00,Tuesday,1,False,
SLL_Southwark_354,London Venue,SLL_Southwark,Gym Session,Gym / Fitness,Gym | Gym Canada Water,False,12.5,Canada Water Leisure Cent,,Southwark,,,17:00,18:00,Tuesday,1,False,
SLL_Southwark_355,London Venue,SLL_Southwark,Gym Session,Gym / Fitness,Gym | Gym Canada Water,False,12.5,Canada Water Leisure Cent,,Southwark,,,18:00,19:00,Tuesday,1,False,
SLL_Southwark_356,London Venue,SLL_Southwark,Gym Session,Gym / Fitness,Gym | Gym Canada Water,False,12.5,Canada Water Leisure Cent,,Southwark,,,19:00,20:00,Tuesday,1,False,
SLL_Southwark_357,London Venue,SLL_Southwark,Gym Session,Gym / Fitness,Gym | Gym Canada Water,False,12.5,Canada Water Leisure Cent,,Southwark,,,20:00,21:00,Tuesday,1,False,
SLL_Southwark_358,London Venue,SLL_Southwark,Gym Session,Gym / Fitness,Gym | Gym Canada Water,False,12.5,Canada Water Leisure Cent,,Southwark,,,21:00,22:00,Tuesday,1,False,
SLL_Southwark_359,London Venue,SLL_Southwark,Gym Session,Gym / Fitness,Gym | Gym Canada Water,False,9.7,Canada Water Leisure Cent,,Southwark,,,06:30,07:00,Wednesday,1,False,
SLL_Southwark_360,London Venue,SLL_Southwark,Gym Session,Gym / Fitness,Gym | Gym Canada Water,False,9.7,Canada Water Leisure Cent,,Southwark,,,07:00,08:00,Wednesday,1,False,
SLL_Southwark_361,London Venue,SLL_Southwark,Gym Session,Gym / Fitness,Gym | Gym Canada Water,False,9.7,Canada Water Leisure Cent,,Southwark,,,08:00,09:00,Wednesday,1,False,
SLL_Southwark_362,London Venue,SLL_Southwark,Gym Session,Gym / Fitness,Gym | Gym Canada Water,False,9.7,Canada Water Leisure Cent,,Southwark,,,09:00,10:00,Wednesday,1,False,
SLL_Southwark_363,London Venue,SLL_Southwark,Gym Session,Gym / Fitness,Gym | Gym Canada Water,False,9.7,Canada Water Leisure Cent,,Southwark,,,10:00,11:00,Wednesday,1,False,
SLL_Southwark_364,London Venue,SLL_Southwark,Gym Session,Gym / Fitness,Gym | Gym Canada Water,False,9.7,Canada Water Leisure Cent,,Southwark,,,11:00,12:00,Wednesday,1,False,
SLL_Southwark_365,London Venue,SLL_Southwark,Gym Session,Gym / Fitness,Gym | Gym Canada Water,False,9.7,Canada Water Leisure Cent,,Southwark,,,12:00,13:00,Wednesday,1,False,
SLL_Southwark_366,London Venue,SLL_Southwark,Gym Session,Gym / Fitness,Gym | Gym Canada Water,False,9.7,Canada Water Leisure Cent,,Southwark,,,13:00,14:00,Wednesday,1,False,
SLL_Southwark_367,London Venue,SLL_Southwark,Gym Session,Gym / Fitness,Gym | Gym Canada Water,False,12.5,Canada Water Leisure Cent,,Southwark,,,16:00,17:00,Wednesday,1,False,
SLL_Southwark_368,London Venue,SLL_Southwark,Gym Session,Gym / Fitness,Gym | Gym Canada Water,False,12.5,Canada Water Leisure Cent,,Southwark,,,17:00,18:00,Wednesday,1,False,
SLL_Southwark_369,London Venue,SLL_Southwark,Gym Session,Gym / Fitness,Gym | Gym Canada Water,False,12.5,Canada Water Leisure Cent,,Southwark,,,18:00,19:00,Wednesday,1,False,
SLL_Southwark_370,London Venue,SLL_Southwark,Gym Session,Gym / Fitness,Gym | Gym Canada Water,False,12.5,Canada Water Leisure Cent,,Southwark,,,19:00,20:00,Wednesday,1,False,
SLL_Southwark_371,London Venue,SLL_Southwark,Gym Session,Gym / Fitness,Gym | Gym Canada Water,False,12.5,Canada Water Leisure Cent,,Southwark,,,20:00,21:00,Wednesday,1,False,
SLL_Southwark_372,London Venue,SLL_Southwark,Gym Session,Gym / Fitness,Gym | Gym Canada Water,False,12.5,Canada Water Leisure Cent,,Southwark,,,21:00,22:00,Wednesday,1,False,
SLL_Southwark_373,London Venue,SLL_Southwark,Gym Session,Gym / Fitness,Gym | Gym Canada Water,False,9.7,Canada Water Leisure Cent,,Southwark,,,06:30,07:00,Thursday,1,False,
SLL_Southwark_374,London Venue,SLL_Southwark,Gym Session,Gym / Fitness,Gym | Gym Canada Water,False,9.7,Canada Water Leisure Cent,,Southwark,,,07:00,08:00,Thursday,1,False,
SLL_Southwark_375,London Venue,SLL_Southwark,Gym Session,Gym / Fitness,Gym | Gym Canada Water,False,9.7,Canada Water Leisure Cent,,Southwark,,,08:00,09:00,Thursday,1,False,
SLL_Southwark_376,London Venue,SLL_Southwark,Gym Session,Gym / Fitness,Gym | Gym Canada Water,False,9.7,Canada Water Leisure Cent,,Southwark,,,09:00,10:00,Thursday,1,False,
SLL_Southwark_377,London Venue,SLL_Southwark,Gym Session,Gym / Fitness,Gym | Gym Canada Water,False,9.7,Canada Water Leisure Cent,,Southwark,,,10:00,11:00,Thursday,1,False,
SLL_Southwark_378,London Venue,SLL_Southwark,Gym Session,Gym / Fitness,Gym | Gym Canada Water,False,9.7,Canada Water Leisure Cent,,Southwark,,,11:00,12:00,Thursday,1,False,
SLL_Southwark_379,London Venue,SLL_Southwark,Gym Session,Gym / Fitness,Gym | Gym Canada Water,False,9.7,Canada Water Leisure Cent,,Southwark,,,12:00,13:00,Thursday,1,False,
SLL_Southwark_380,London Venue,SLL_Southwark,Gym Session,Gym / Fitness,Gym | Gym Canada Water,False,9.7,Canada Water Leisure Cent,,Southwark,,,13:00,14:00,Thursday,1,False,
SLL_Southwark_381,London Venue,SLL_Southwark,Gym Session,Gym / Fitness,Gym | Gym Canada Water,False,12.5,Canada Water Leisure Cent,,Southwark,,,16:00,17:00,Thursday,1,False,
SLL_Southwark_382,London Venue,SLL_Southwark,Gym Session,Gym / Fitness,Gym | Gym Canada Water,False,12.5,Canada Water Leisure Cent,,Southwark,,,17:00,18:00,Thursday,1,False,
SLL_Southwark_383,London Venue,SLL_Southwark,Gym Session,Gym / Fitness,Gym | Gym Canada Water,False,12.5,Canada Water Leisure Cent,,Southwark,,,18:00,19:00,Thursday,1,False,
SLL_Southwark_384,London Venue,SLL_Southwark,Gym Session,Gym / Fitness,Gym | Gym Canada Water,False,12.5,Canada Water Leisure Cent,,Southwark,,,19:00,20:00,Thursday,1,False,
SLL_Southwark_385,London Venue,SLL_Southwark,Gym Session,Gym / Fitness,Gym | Gym Canada Water,False,12.5,Canada Water Leisure Cent,,Southwark,,,20:00,21:00,Thursday,1,False,
SLL_Southwark_386,London Venue,SLL_Southwark,Gym Session,Gym / Fitness,Gym | Gym Canada Water,False,12.5,Canada Water Leisure Cent,,Southwark,,,21:00,22:00,Thursday,1,False,
SLL_Southwark_387,London Venue,SLL_Southwark,Gym Session,Gym / Fitness,Gym | Gym Canada Water,False,9.7,Canada Water Leisure Cent,,Southwark,,,06:30,07:00,Friday,1,False,
SLL_Southwark_388,London Venue,SLL_Southwark,Gym Session,Gym / Fitness,Gym | Gym Canada Water,False,9.7,Canada Water Leisure Cent,,Southwark,,,07:00,08:00,Friday,1,False,
SLL_Southwark_389,London Venue,SLL_Southwark,Gym Session,Gym / Fitness,Gym | Gym Canada Water,False,9.7,Canada Water Leisure Cent,,Southwark,,,08:00,09:00,Friday,1,False,
SLL_Southwark_390,London Venue,SLL_Southwark,Gym Session,Gym / Fitness,Gym | Gym Canada Water,False,9.7,Canada Water Leisure Cent,,Southwark,,,09:00,10:00,Friday,1,False,
SLL_Southwark_391,London Venue,SLL_Southwark,Gym Session,Gym / Fitness,Gym | Gym Canada Water,False,9.7,Canada Water Leisure Cent,,Southwark,,,10:00,11:00,Friday,1,False,
SLL_Southwark_392,London Venue,SLL_Southwark,Gym Session,Gym / Fitness,Gym | Gym Canada Water,False,9.7,Canada Water Leisure Cent,,Southwark,,,11:00,12:00,Friday,1,False,
SLL_Southwark_393,London Venue,SLL_Southwark,Gym Session,Gym / Fitness,Gym | Gym Canada Water,False,9.7,Canada Water Leisure Cent,,Southwark,,,12:00,13:00,Friday,1,False,
SLL_Southwark_394,London Venue,SLL_Southwark,Gym Session,Gym / Fitness,Gym | Gym Canada Water,False,9.7,Canada Water Leisure Cent,,Southwark,,,13:00,14:00,Friday,1,False,
SLL_Southwark_395,London Venue,SLL_Southwark,Gym Session,Gym / Fitness,Gym | Gym Canada Water,False,9.7,Canada Water Leisure Cent,,Southwark,,,14:00,15:00,Friday,1,False,
SLL_Southwark_396,London Venue,SLL_Southwark,Gym Session,Gym / Fitness,Gym | Gym Canada Water,False,9.7,Canada Water Leisure Cent,,Southwark,,,15:00,16:00,Friday,1,False,
SLL_Southwark_397,London Venue,SLL_Southwark,Gym Session,Gym / Fitness,Gym | Gym Canada Water,False,9.7,Canada Water Leisure Cent,,Southwark,,,16:00,17:00,Friday,1,False,
SLL_Southwark_398,London Venue,SLL_Southwark,Gym Session,Gym / Fitness,Gym | Gym Canada Water,False,9.7,Canada Water Leisure Cent,,Southwark,,,17:00,18:00,Friday,1,False,
SLL_Southwark_399,London Venue,SLL_Southwark,Gym Session,Gym / Fitness,Gym | Gym Canada Water,False,9.7,Canada Water Leisure Cent,,Southwark,,,18:00,19:00,Friday,1,False,
SLL_Southwark_400,London Venue,SLL_Southwark,Gym Session,Gym / Fitness,Gym | Gym Canada Water,False,9.7,Canada Water Leisure Cent,,Southwark,,,19:00,20:00,Friday,1,False,
SLL_Southwark_401,London Venue,SLL_Southwark,Gym Session,Gym / Fitness,Gym | Gym Canada Water,False,9.7,Canada Water Leisure Cent,,Southwark,,,20:00,21:00,Friday,1,False,
SLL_Southwark_402,London Venue,SLL_Southwark,Gym Session,Gym / Fitness,Gym | Gym Canada Water,False,9.7,Canada Water Leisure Cent,,Southwark,,,21:00,22:00,Friday,1,False,
SLL_Southwark_403,London Venue,SLL_Southwark,Gym Session,Gym / Fitness,Gym | Gym Canada Water,False,9.7,Canada Water Leisure Cent,,Southwark,,,07:00,08:00,Saturday,1,False,
SLL_Southwark_404,London Venue,SLL_Southwark,Gym Session,Gym / Fitness,Gym | Gym Canada Water,False,9.7,Canada Water Leisure Cent,,Southwark,,,08:00,09:00,Saturday,1,False,
SLL_Southwark_405,London Venue,SLL_Southwark,Gym Session,Gym / Fitness,Gym | Gym Canada Water,False,9.7,Canada Water Leisure Cent,,Southwark,,,09:00,10:00,Saturday,1,False,
SLL_Southwark_406,London Venue,SLL_Southwark,Gym Session,Gym / Fitness,Gym | Gym Canada Water,False,9.7,Canada Water Leisure Cent,,Southwark,,,10:00,11:00,Saturday,1,False,
SLL_Southwark_407,London Venue,SLL_Southwark,Gym Session,Gym / Fitness,Gym | Gym Canada Water,False,9.7,Canada Water Leisure Cent,,Southwark,,,11:00,12:00,Saturday,1,False,
SLL_Southwark_408,London Venue,SLL_Southwark,Gym Session,Gym / Fitness,Gym | Gym Canada Water,False,9.7,Canada Water Leisure Cent,,Southwark,,,12:00,13:00,Saturday,1,False,
SLL_Southwark_409,London Venue,SLL_Southwark,Gym Session,Gym / Fitness,Gym | Gym Canada Water,False,9.7,Canada Water Leisure Cent,,Southwark,,,13:00,14:00,Saturday,1,False,
SLL_Southwark_410,London Venue,SLL_Southwark,Gym Session,Gym / Fitness,Gym | Gym Canada Water,False,9.7,Canada Water Leisure Cent,,Southwark,,,14:00,15:00,Saturday,1,False,
SLL_Southwark_411,London Venue,SLL_Southwark,Gym Session,Gym / Fitness,Gym | Gym Canada Water,False,9.7,Canada Water Leisure Cent,,Southwark,,,15:00,16:00,Saturday,1,False,
SLL_Southwark_412,London Venue,SLL_Southwark,Gym Session,Gym / Fitness,Gym | Gym Canada Water,False,9.7,Canada Water Leisure Cent,,Southwark,,,16:00,17:00,Saturday,1,False,
SLL_Southwark_413,London Venue,SLL_Southwark,Gym Session,Gym / Fitness,Gym | Gym Canada Water,False,9.7,Canada Water Leisure Cent,,Southwark,,,17:00,18:00,Saturday,1,False,
SLL_Southwark_414,London Venue,SLL_Southwark,Gym Session,Gym / Fitness,Gym | Gym Canada Water,False,9.7,Canada Water Leisure Cent,,Southwark,,,07:00,08:00,Sunday,1,False,
SLL_Southwark_415,London Venue,SLL_Southwark,Gym Session,Gym / Fitness,Gym | Gym Canada Water,False,9.7,Canada Water Leisure Cent,,Southwark,,,08:00,09:00,Sunday,1,False,
SLL_Southwark_416,London Venue,SLL_Southwark,Gym Session,Gym / Fitness,Gym | Gym Canada Water,False,9.7,Canada Water Leisure Cent,,Southwark,,,09:00,10:00,Sunday,1,False,
SLL_Southwark_417,London Venue,SLL_Southwark,Gym Session,Gym / Fitness,Gym | Gym Canada Water,False,9.7,Canada Water Leisure Cent,,Southwark,,,10:00,11:00,Sunday,1,False,
SLL_Southwark_418,London Venue,SLL_Southwark,Gym Session,Gym / Fitness,Gym | Gym Canada Water,False,9.7,Canada Water Leisure Cent,,Southwark,,,11:00,12:00,Sunday,1,False,
SLL_Southwark_419,London Venue,SLL_Southwark,Gym Session,Gym / Fitness,Gym | Gym Canada Water,False,9.7,Canada Water Leisure Cent,,Southwark,,,12:00,13:00,Sunday,1,False,
SLL_Southwark_420,London Venue,SLL_Southwark,Gym Session,Gym / Fitness,Gym | Gym Canada Water,False,9.7,Canada Water Leisure Cent,,Southwark,,,13:00,14:00,Sunday,1,False,
SLL_Southwark_421,London Venue,SLL_Southwark,Gym Session,Gym / Fitness,Gym | Gym Canada Water,False,9.7,Canada Water Leisure Cent,,Southwark,,,14:00,15:00,Sunday,1,False,
SLL_Southwark_422,London Venue,SLL_Southwark,Gym Session,Gym / Fitness,Gym | Gym Canada Water,False,9.7,Canada Water Leisure Cent,,Southwark,,,15:00,16:00,Sunday,1,False,
SLL_Southwark_423,London Venue,SLL_Southwark,Gym Session,Gym / Fitness,Gym | Gym Canada Water,False,9.7,Canada Water Leisure Cent,,Southwark,,,16:00,17:00,Sunday,1,False,
SLL_Southwark_424,London Venue,SLL_Southwark,Gym Session,Gym / Fitness,Gym | Gym Canada Water,False,9.7,Canada Water Leisure Cent,,Southwark,,,17:00,18:00,Sunday,1,False,
SLL_Southwark_425,London Venue,SLL_Southwark,Gym Session,Gym / Fitness,Gym | Gym Canada Water,False,9.7,Canada Water Leisure Cent,,Southwark,,,18:00,19:00,Sunday,1,False,
SLL_Southwark_426,London Venue,SLL_Southwark,Gym Session,Gym / Fitness,Gym | Gym Canada Water,False,9.7,Canada Water Leisure Cent,,Southwark,,,19:00,20:00,Sunday,1,False,
SLL_Southwark_427,London Venue,SLL_Southwark,Gym Session,Gym / Fitness,Gym | Gym Canada Water,False,9.7,Canada Water Leisure Cent,,Southwark,,,20:00,21:00,Sunday,1,False,
SLL_Southwark_428,London Venue,SLL_Southwark,Gym Session,Gym / Fitness,Gym | Gym Canada Water,False,9.7,Canada Water Leisure Cent,,Southwark,,,21:00,22:00,Sunday,1,False,
SLL_Southwark_429,London Venue,SLL_Southwark,Gym Session,Gym / Fitness,Gym | Gym Dulwich,False,9.7,Dulwich Leisure Centre,SE22 9HB,Southwark,51.460601,-0.071419,06:30,07:00,Monday,1,False,https://southwarkleisure.co.uk/centres/dulwich-leisure-centre/
SLL_Southwark_430,London Venue,SLL_Southwark,Gym Session,Gym / Fitness,Gym | Gym Dulwich,False,9.7,Dulwich Leisure Centre,SE22 9HB,Southwark,51.460601,-0.071419,07:00,08:00,,1,False,https://southwarkleisure.co.uk/centres/dulwich-leisure-centre/
SLL_Southwark_431,London Venue,SLL_Southwark,Gym Session,Gym / Fitness,Gym | Gym Dulwich,False,9.7,Dulwich Leisure Centre,SE22 9HB,Southwark,51.460601,-0.071419,10:00,11:00,Monday,1,False,https://southwarkleisure.co.uk/centres/dulwich-leisure-centre/
SLL_Southwark_432,London Venue,SLL_Southwark,Gym Session,Gym / Fitness,Gym | Gym Dulwich,False,9.7,Dulwich Leisure Centre,SE22 9HB,Southwark,51.460601,-0.071419,11:00,12:00,Monday,1,False,https://southwarkleisure.co.uk/centres/dulwich-leisure-centre/
SLL_Southwark_433,London Venue,SLL_Southwark,Gym Session,Gym / Fitness,Gym | Gym Dulwich,False,9.7,Dulwich Leisure Centre,SE22 9HB,Southwark,51.460601,-0.071419,12:00,13:00,Monday,1,False,https://southwarkleisure.co.uk/centres/dulwich-leisure-centre/
SLL_Southwark_434,London Venue,SLL_Southwark,Gym Session,Gym / Fitness,Gym | Gym Dulwich,False,9.7,Dulwich Leisure Centre,SE22 9HB,Southwark,51.460601,-0.071419,13:00,14:00,Monday,1,False,https://southwarkleisure.co.uk/centres/dulwich-leisure-centre/
SLL_Southwark_435,London Venue,SLL_Southwark,Gym Session,Gym / Fitness,Gym | Gym Dulwich,False,9.7,Dulwich Leisure Centre,SE22 9HB,Southwark,51.460601,-0.071419,14:00,15:00,Monday,1,False,https://southwarkleisure.co.uk/centres/dulwich-leisure-centre/
SLL_Southwark_436,London Venue,SLL_Southwark,Gym Session,Gym / Fitness,Gym | Gym Dulwich,False,12.5,Dulwich Leisure Centre,SE22 9HB,Southwark,51.460601,-0.071419,15:00,16:00,Monday,1,False,https://southwarkleisure.co.uk/centres/dulwich-leisure-centre/
SLL_Southwark_437,London Venue,SLL_Southwark,Gym Session,Gym / Fitness,Gym | Gym Dulwich,False,12.5,Dulwich Leisure Centre,SE22 9HB,Southwark,51.460601,-0.071419,16:00,17:00,,1,False,https://southwarkleisure.co.uk/centres/dulwich-leisure-centre/
SLL_Southwark_438,London Venue,SLL_Southwark,Gym Session,Gym / Fitness,Gym | Gym Dulwich,False,12.5,Dulwich Leisure Centre,SE22 9HB,Southwark,51.460601,-0.071419,17:00,18:00,Monday,1,False,https://southwarkleisure.co.uk/centres/dulwich-leisure-centre/
SLL_Southwark_439,London Venue,SLL_Southwark,Gym Session,Gym / Fitness,Gym | Gym Dulwich,False,12.5,Dulwich Leisure Centre,SE22 9HB,Southwark,51.460601,-0.071419,18:00,19:00,Monday,1,False,https://southwarkleisure.co.uk/centres/dulwich-leisure-centre/
SLL_Southwark_440,London Venue,SLL_Southwark,Gym Session,Gym / Fitness,Gym | Gym Dulwich,False,12.5,Dulwich Leisure Centre,SE22 9HB,Southwark,51.460601,-0.071419,19:00,20:00,Monday,1,False,https://southwarkleisure.co.uk/centres/dulwich-leisure-centre/
SLL_Southwark_441,London Venue,SLL_Southwark,Gym Session,Gym / Fitness,Gym | Gym Dulwich,False,12.5,Dulwich Leisure Centre,SE22 9HB,Southwark,51.460601,-0.071419,20:00,21:00,Monday,1,False,https://southwarkleisure.co.uk/centres/dulwich-leisure-centre/
SLL_Southwark_442,London Venue,SLL_Southwark,Gym Session,Gym / Fitness,Gym | Gym Dulwich,False,12.5,Dulwich Leisure Centre,SE22 9HB,Southwark,51.460601,-0.071419,21:00,22:00,Monday,1,False,https://southwarkleisure.co.uk/centres/dulwich-leisure-centre/
SLL_Southwark_443,London Venue,SLL_Southwark,Gym Session,Gym / Fitness,Gym | Gym Dulwich,False,9.7,Dulwich Leisure Centre,SE22 9HB,Southwark,51.460601,-0.071419,06:30,07:00,Tuesday,1,False,https://southwarkleisure.co.uk/centres/dulwich-leisure-centre/
SLL_Southwark_444,London Venue,SLL_Southwark,Gym Session,Gym / Fitness,Gym | Gym Dulwich,False,9.7,Dulwich Leisure Centre,SE22 9HB,Southwark,51.460601,-0.071419,07:00,08:00,Tuesday,1,False,https://southwarkleisure.co.uk/centres/dulwich-leisure-centre/
SLL_Southwark_445,London Venue,SLL_Southwark,Gym Session,Gym / Fitness,Gym | Gym Dulwich,False,9.7,Dulwich Leisure Centre,SE22 9HB,Southwark,51.460601,-0.071419,08:00,09:00,Tuesday,1,False,https://southwarkleisure.co.uk/centres/dulwich-leisure-centre/
SLL_Southwark_446,London Venue,SLL_Southwark,Gym Session,Gym / Fitness,Gym | Gym Dulwich,False,9.7,Dulwich Leisure Centre,SE22 9HB,Southwark,51.460601,-0.071419,09:00,10:00,Tuesday,1,False,https://southwarkleisure.co.uk/centres/dulwich-leisure-centre/
SLL_Southwark_447,London Venue,SLL_Southwark,Gym Session,Gym / Fitness,Gym | Gym Dulwich,False,9.7,Dulwich Leisure Centre,SE22 9HB,Southwark,51.460601,-0.071419,10:00,11:00,Tuesday,1,False,https://southwarkleisure.co.uk/centres/dulwich-leisure-centre/
SLL_Southwark_448,London Venue,SLL_Southwark,Gym Session,Gym / Fitness,Gym | Gym Dulwich,False,9.7,Dulwich Leisure Centre,SE22 9HB,Southwark,51.460601,-0.071419,13:00,14:00,Tuesday,1,False,https://southwarkleisure.co.uk/centres/dulwich-leisure-centre/
SLL_Southwark_449,London Venue,SLL_Southwark,Gym Session,Gym / Fitness,Gym | Gym Dulwich,False,9.7,Dulwich Leisure Centre,SE22 9HB,Southwark,51.460601,-0.071419,14:00,15:00,Tuesday,1,False,https://southwarkleisure.co.uk/centres/dulwich-leisure-centre/
SLL_Southwark_450,London Venue,SLL_Southwark,Gym Session,Gym / Fitness,Gym | Gym Dulwich,False,12.5,Dulwich Leisure Centre,SE22 9HB,Southwark,51.460601,-0.071419,15:00,16:00,Tuesday,1,False,https://southwarkleisure.co.uk/centres/dulwich-leisure-centre/
SLL_Southwark_451,London Venue,SLL_Southwark,Gym Session,Gym / Fitness,Gym | Gym Dulwich,False,12.5,Dulwich Leisure Centre,SE22 9HB,Southwark,51.460601,-0.071419,16:00,17:00,Tuesday,1,False,https://southwarkleisure.co.uk/centres/dulwich-leisure-centre/
SLL_Southwark_452,London Venue,SLL_Southwark,Gym Session,Gym / Fitness,Gym | Gym Dulwich,False,12.5,Dulwich Leisure Centre,SE22 9HB,Southwark,51.460601,-0.071419,17:00,18:00,Tuesday,1,False,https://southwarkleisure.co.uk/centres/dulwich-leisure-centre/
SLL_Southwark_453,London Venue,SLL_Southwark,Gym Session,Gym / Fitness,Gym | Gym Dulwich,False,12.5,Dulwich Leisure Centre,SE22 9HB,Southwark,51.460601,-0.071419,18:00,19:00,Tuesday,1,False,https://southwarkleisure.co.uk/centres/dulwich-leisure-centre/
SLL_Southwark_454,London Venue,SLL_Southwark,Gym Session,Gym / Fitness,Gym | Gym Dulwich,False,12.5,Dulwich Leisure Centre,SE22 9HB,Southwark,51.460601,-0.071419,19:00,20:00,Tuesday,1,False,https://southwarkleisure.co.uk/centres/dulwich-leisure-centre/
SLL_Southwark_455,London Venue,SLL_Southwark,Gym Session,Gym / Fitness,Gym | Gym Dulwich,False,12.5,Dulwich Leisure Centre,SE22 9HB,Southwark,51.460601,-0.071419,20:00,21:00,Tuesday,1,False,https://southwarkleisure.co.uk/centres/dulwich-leisure-centre/
SLL_Southwark_456,London Venue,SLL_Southwark,Gym Session,Gym / Fitness,Gym | Gym Dulwich,False,12.5,Dulwich Leisure Centre,SE22 9HB,Southwark,51.460601,-0.071419,21:00,22:00,Tuesday,1,False,https://southwarkleisure.co.uk/centres/dulwich-leisure-centre/
SLL_Southwark_457,London Venue,SLL_Southwark,Gym Session,Gym / Fitness,Gym | Gym Dulwich,False,9.7,Dulwich Leisure Centre,SE22 9HB,Southwark,51.460601,-0.071419,06:30,07:00,Wednesday,1,False,https://southwarkleisure.co.uk/centres/dulwich-leisure-centre/
SLL_Southwark_458,London Venue,SLL_Southwark,Gym Session,Gym / Fitness,Gym | Gym Dulwich,False,9.7,Dulwich Leisure Centre,SE22 9HB,Southwark,51.460601,-0.071419,07:00,08:00,Wednesday,1,False,https://southwarkleisure.co.uk/centres/dulwich-leisure-centre/
SLL_Southwark_459,London Venue,SLL_Southwark,Gym Session,Gym / Fitness,Gym | Gym Dulwich,False,9.7,Dulwich Leisure Centre,SE22 9HB,Southwark,51.460601,-0.071419,08:00,09:00,Wednesday,1,False,https://southwarkleisure.co.uk/centres/dulwich-leisure-centre/
SLL_Southwark_460,London Venue,SLL_Southwark,Gym Session,Gym / Fitness,Gym | Gym Dulwich,False,9.7,Dulwich Leisure Centre,SE22 9HB,Southwark,51.460601,-0.071419,09:00,10:00,Wednesday,1,False,https://southwarkleisure.co.uk/centres/dulwich-leisure-centre/
SLL_Southwark_461,London Venue,SLL_Southwark,Gym Session,Gym / Fitness,Gym | Gym Dulwich,False,9.7,Dulwich Leisure Centre,SE22 9HB,Southwark,51.460601,-0.071419,10:00,11:00,Wednesday,1,False,https://southwarkleisure.co.uk/centres/dulwich-leisure-centre/
SLL_Southwark_462,London Venue,SLL_Southwark,Gym Session,Gym / Fitness,Gym | Gym Dulwich,False,9.7,Dulwich Leisure Centre,SE22 9HB,Southwark,51.460601,-0.071419,11:00,12:00,Wednesday,1,False,https://southwarkleisure.co.uk/centres/dulwich-leisure-centre/
SLL_Southwark_463,London Venue,SLL_Southwark,Gym Session,Gym / Fitness,Gym | Gym Dulwich,False,9.7,Dulwich Leisure Centre,SE22 9HB,Southwark,51.460601,-0.071419,12:00,13:00,Wednesday,1,False,https://southwarkleisure.co.uk/centres/dulwich-leisure-centre/
SLL_Southwark_464,London Venue,SLL_Southwark,Gym Session,Gym / Fitness,Gym | Gym Dulwich,False,9.7,Dulwich Leisure Centre,SE22 9HB,Southwark,51.460601,-0.071419,13:00,14:00,Wednesday,1,False,https://southwarkleisure.co.uk/centres/dulwich-leisure-centre/
SLL_Southwark_465,London Venue,SLL_Southwark,Gym Session,Gym / Fitness,Gym | Gym Dulwich,False,12.5,Dulwich Leisure Centre,SE22 9HB,Southwark,51.460601,-0.071419,16:00,17:00,Wednesday,1,False,https://southwarkleisure.co.uk/centres/dulwich-leisure-centre/
SLL_Southwark_466,London Venue,SLL_Southwark,Gym Session,Gym / Fitness,Gym | Gym Dulwich,False,12.5,Dulwich Leisure Centre,SE22 9HB,Southwark,51.460601,-0.071419,17:00,18:00,Wednesday,1,False,https://southwarkleisure.co.uk/centres/dulwich-leisure-centre/
SLL_Southwark_467,London Venue,SLL_Southwark,Gym Session,Gym / Fitness,Gym | Gym Dulwich,False,12.5,Dulwich Leisure Centre,SE22 9HB,Southwark,51.460601,-0.071419,18:00,19:00,Wednesday,1,False,https://southwarkleisure.co.uk/centres/dulwich-leisure-centre/
SLL_Southwark_468,London Venue,SLL_Southwark,Gym Session,Gym / Fitness,Gym | Gym Dulwich,False,12.5,Dulwich Leisure Centre,SE22 9HB,Southwark,51.460601,-0.071419,19:00,20:00,Wednesday,1,False,https://southwarkleisure.co.uk/centres/dulwich-leisure-centre/
SLL_Southwark_469,London Venue,SLL_Southwark,Gym Session,Gym / Fitness,Gym | Gym Dulwich,False,12.5,Dulwich Leisure Centre,SE22 9HB,Southwark,51.460601,-0.071419,20:00,21:00,Wednesday,1,False,https://southwarkleisure.co.uk/centres/dulwich-leisure-centre/
SLL_Southwark_470,London Venue,SLL_Southwark,Gym Session,Gym / Fitness,Gym | Gym Dulwich,False,12.5,Dulwich Leisure Centre,SE22 9HB,Southwark,51.460601,-0.071419,21:00,22:00,Wednesday,1,False,https://southwarkleisure.co.uk/centres/dulwich-leisure-centre/
SLL_Southwark_471,London Venue,SLL_Southwark,Gym Session,Gym / Fitness,Gym | Gym Dulwich,False,9.7,Dulwich Leisure Centre,SE22 9HB,Southwark,51.460601,-0.071419,06:30,07:00,Thursday,1,False,https://southwarkleisure.co.uk/centres/dulwich-leisure-centre/
SLL_Southwark_472,London Venue,SLL_Southwark,Gym Session,Gym / Fitness,Gym | Gym Dulwich,False,9.7,Dulwich Leisure Centre,SE22 9HB,Southwark,51.460601,-0.071419,07:00,08:00,Thursday,1,False,https://southwarkleisure.co.uk/centres/dulwich-leisure-centre/
SLL_Southwark_473,London Venue,SLL_Southwark,Gym Session,Gym / Fitness,Gym | Gym Dulwich,False,9.7,Dulwich Leisure Centre,SE22 9HB,Southwark,51.460601,-0.071419,08:00,09:00,Thursday,1,False,https://southwarkleisure.co.uk/centres/dulwich-leisure-centre/
SLL_Southwark_474,London Venue,SLL_Southwark,Gym Session,Gym / Fitness,Gym | Gym Dulwich,False,9.7,Dulwich Leisure Centre,SE22 9HB,Southwark,51.460601,-0.071419,09:00,10:00,Thursday,1,False,https://southwarkleisure.co.uk/centres/dulwich-leisure-centre/
SLL_Southwark_475,London Venue,SLL_Southwark,Gym Session,Gym / Fitness,Gym | Gym Dulwich,False,9.7,Dulwich Leisure Centre,SE22 9HB,Southwark,51.460601,-0.071419,10:00,11:00,Thursday,1,False,https://southwarkleisure.co.uk/centres/dulwich-leisure-centre/
SLL_Southwark_476,London Venue,SLL_Southwark,Gym Session,Gym / Fitness,Gym | Gym Dulwich,False,9.7,Dulwich Leisure Centre,SE22 9HB,Southwark,51.460601,-0.071419,11:00,12:00,Thursday,1,False,https://southwarkleisure.co.uk/centres/dulwich-leisure-centre/
SLL_Southwark_477,London Venue,SLL_Southwark,Gym Session,Gym / Fitness,Gym | Gym Dulwich,False,9.7,Dulwich Leisure Centre,SE22 9HB,Southwark,51.460601,-0.071419,12:00,13:00,Thursday,1,False,https://southwarkleisure.co.uk/centres/dulwich-leisure-centre/
SLL_Southwark_478,London Venue,SLL_Southwark,Gym Session,Gym / Fitness,Gym | Gym Dulwich,False,9.7,Dulwich Leisure Centre,SE22 9HB,Southwark,51.460601,-0.071419,13:00,14:00,Thursday,1,False,https://southwarkleisure.co.uk/centres/dulwich-leisure-centre/
SLL_Southwark_479,London Venue,SLL_Southwark,Gym Session,Gym / Fitness,Gym | Gym Dulwich,False,12.5,Dulwich Leisure Centre,SE22 9HB,Southwark,51.460601,-0.071419,16:00,17:00,Thursday,1,False,https://southwarkleisure.co.uk/centres/dulwich-leisure-centre/
SLL_Southwark_480,London Venue,SLL_Southwark,Gym Session,Gym / Fitness,Gym | Gym Dulwich,False,12.5,Dulwich Leisure Centre,SE22 9HB,Southwark,51.460601,-0.071419,17:00,18:00,Thursday,1,False,https://southwarkleisure.co.uk/centres/dulwich-leisure-centre/
SLL_Southwark_481,London Venue,SLL_Southwark,Gym Session,Gym / Fitness,Gym | Gym Dulwich,False,12.5,Dulwich Leisure Centre,SE22 9HB,Southwark,51.460601,-0.071419,18:00,19:00,Thursday,1,False,https://southwarkleisure.co.uk/centres/dulwich-leisure-centre/
SLL_Southwark_482,London Venue,SLL_Southwark,Gym Session,Gym / Fitness,Gym | Gym Dulwich,False,12.5,Dulwich Leisure Centre,SE22 9HB,Southwark,51.460601,-0.071419,19:00,20:00,Thursday,1,False,https://southwarkleisure.co.uk/centres/dulwich-leisure-centre/
SLL_Southwark_483,London Venue,SLL_Southwark,Gym Session,Gym / Fitness,Gym | Gym Dulwich,False,12.5,Dulwich Leisure Centre,SE22 9HB,Southwark,51.460601,-0.071419,20:00,21:00,Thursday,1,False,https://southwarkleisure.co.uk/centres/dulwich-leisure-centre/
SLL_Southwark_484,London Venue,SLL_Southwark,Gym Session,Gym / Fitness,Gym | Gym Dulwich,False,12.5,Dulwich Leisure Centre,SE22 9HB,Southwark,51.460601,-0.071419,21:00,22:00,Thursday,1,False,https://southwarkleisure.co.uk/centres/dulwich-leisure-centre/
SLL_Southwark_485,London Venue,SLL_Southwark,Gym Session,Gym / Fitness,Gym | Gym Dulwich,False,9.7,Dulwich Leisure Centre,SE22 9HB,Southwark,51.460601,-0.071419,06:30,07:00,Friday,1,False,https://southwarkleisure.co.uk/centres/dulwich-leisure-centre/
SLL_Southwark_486,London Venue,SLL_Southwark,Gym Session,Gym / Fitness,Gym | Gym Dulwich,False,9.7,Dulwich Leisure Centre,SE22 9HB,Southwark,51.460601,-0.071419,07:00,08:00,,1,False,https://southwarkleisure.co.uk/centres/dulwich-leisure-centre/
SLL_Southwark_487,London Venue,SLL_Southwark,Gym Session,Gym / Fitness,Gym | Gym Dulwich,False,9.7,Dulwich Leisure Centre,SE22 9HB,Southwark,51.460601,-0.071419,08:00,09:00,Friday,1,False,https://southwarkleisure.co.uk/centres/dulwich-leisure-centre/
SLL_Southwark_488,London Venue,SLL_Southwark,Gym Session,Gym / Fitness,Gym | Gym Dulwich,False,9.7,Dulwich Leisure Centre,SE22 9HB,Southwark,51.460601,-0.071419,09:00,10:00,Friday,1,False,https://southwarkleisure.co.uk/centres/dulwich-leisure-centre/
SLL_Southwark_489,London Venue,SLL_Southwark,Gym Session,Gym / Fitness,Gym | Gym Dulwich,False,9.7,Dulwich Leisure Centre,SE22 9HB,Southwark,51.460601,-0.071419,10:00,11:00,Friday,1,False,https://southwarkleisure.co.uk/centres/dulwich-leisure-centre/
SLL_Southwark_490,London Venue,SLL_Southwark,Gym Session,Gym / Fitness,Gym | Gym Dulwich,False,9.7,Dulwich Leisure Centre,SE22 9HB,Southwark,51.460601,-0.071419,11:00,12:00,Friday,1,False,https://southwarkleisure.co.uk/centres/dulwich-leisure-centre/
SLL_Southwark_491,London Venue,SLL_Southwark,Gym Session,Gym / Fitness,Gym | Gym Dulwich,False,9.7,Dulwich Leisure Centre,SE22 9HB,Southwark,51.460601,-0.071419,12:00,13:00,Friday,1,False,https://southwarkleisure.co.uk/centres/dulwich-leisure-centre/
SLL_Southwark_492,London Venue,SLL_Southwark,Gym Session,Gym / Fitness,Gym | Gym Dulwich,False,9.7,Dulwich Leisure Centre,SE22 9HB,Southwark,51.460601,-0.071419,13:00,14:00,Friday,1,False,https://southwarkleisure.co.uk/centres/dulwich-leisure-centre/
SLL_Southwark_493,London Venue,SLL_Southwark,Gym Session,Gym / Fitness,Gym | Gym Dulwich,False,9.7,Dulwich Leisure Centre,SE22 9HB,Southwark,51.460601,-0.071419,14:00,15:00,Friday,1,False,https://southwarkleisure.co.uk/centres/dulwich-leisure-centre/
SLL_Southwark_494,London Venue,SLL_Southwark,Gym Session,Gym / Fitness,Gym | Gym Dulwich,False,9.7,Dulwich Leisure Centre,SE22 9HB,Southwark,51.460601,-0.071419,15:00,16:00,Friday,1,False,https://southwarkleisure.co.uk/centres/dulwich-leisure-centre/
SLL_Southwark_495,London Venue,SLL_Southwark,Gym Session,Gym / Fitness,Gym | Gym Dulwich,False,9.7,Dulwich Leisure Centre,SE22 9HB,Southwark,51.460601,-0.071419,16:00,17:00,Friday,1,False,https://southwarkleisure.co.uk/centres/dulwich-leisure-centre/
SLL_Southwark_496,London Venue,SLL_Southwark,Gym Session,Gym / Fitness,Gym | Gym Dulwich,False,9.7,Dulwich Leisure Centre,SE22 9HB,Southwark,51.460601,-0.071419,17:00,18:00,Friday,1,False,https://southwarkleisure.co.uk/centres/dulwich-leisure-centre/
SLL_Southwark_497,London Venue,SLL_Southwark,Gym Session,Gym / Fitness,Gym | Gym Dulwich,False,9.7,Dulwich Leisure Centre,SE22 9HB,Southwark,51.460601,-0.071419,18:00,19:00,Friday,1,False,https://southwarkleisure.co.uk/centres/dulwich-leisure-centre/
SLL_Southwark_498,London Venue,SLL_Southwark,Gym Session,Gym / Fitness,Gym | Gym Dulwich,False,9.7,Dulwich Leisure Centre,SE22 9HB,Southwark,51.460601,-0.071419,19:00,20:00,Friday,1,False,https://southwarkleisure.co.uk/centres/dulwich-leisure-centre/
SLL_Southwark_499,London Venue,SLL_Southwark,Gym Session,Gym / Fitness,Gym | Gym Dulwich,False,9.7,Dulwich Leisure Centre,SE22 9HB,Southwark,51.460601,-0.071419,20:00,21:00,Friday,1,False,https://southwarkleisure.co.uk/centres/dulwich-leisure-centre/
SLL_Southwark_500,London Venue,SLL_Southwark,Gym Session,Gym / Fitness,Gym | Gym Dulwich,False,9.7,Dulwich Leisure Centre,SE22 9HB,Southwark,51.460601,-0.071419,21:00,22:00,Friday,1,False,https://southwarkleisure.co.uk/centres/dulwich-leisure-centre/
SLL_Southwark_501,London Venue,SLL_Southwark,Gym Session,Gym / Fitness,Gym | Gym Dulwich,False,9.7,Dulwich Leisure Centre,SE22 9HB,Southwark,51.460601,-0.071419,07:00,08:00,Saturday,1,False,https://southwarkleisure.co.uk/centres/dulwich-leisure-centre/
SLL_Southwark_502,London Venue,SLL_Southwark,Gym Session,Gym / Fitness,Gym | Gym Dulwich,False,9.7,Dulwich Leisure Centre,SE22 9HB,Southwark,51.460601,-0.071419,08:00,09:00,Saturday,1,False,https://southwarkleisure.co.uk/centres/dulwich-leisure-centre/
SLL_Southwark_503,London Venue,SLL_Southwark,Gym Session,Gym / Fitness,Gym | Gym Dulwich,False,9.7,Dulwich Leisure Centre,SE22 9HB,Southwark,51.460601,-0.071419,09:00,10:00,Saturday,1,False,https://southwarkleisure.co.uk/centres/dulwich-leisure-centre/
SLL_Southwark_504,London Venue,SLL_Southwark,Gym Session,Gym / Fitness,Gym | Gym Dulwich,False,9.7,Dulwich Leisure Centre,SE22 9HB,Southwark,51.460601,-0.071419,10:00,11:00,Saturday,1,False,https://southwarkleisure.co.uk/centres/dulwich-leisure-centre/
SLL_Southwark_505,London Venue,SLL_Southwark,Gym Session,Gym / Fitness,Gym | Gym Dulwich,False,9.7,Dulwich Leisure Centre,SE22 9HB,Southwark,51.460601,-0.071419,11:00,12:00,Saturday,1,False,https://southwarkleisure.co.uk/centres/dulwich-leisure-centre/
SLL_Southwark_506,London Venue,SLL_Southwark,Gym Session,Gym / Fitness,Gym | Gym Dulwich,False,9.7,Dulwich Leisure Centre,SE22 9HB,Southwark,51.460601,-0.071419,12:00,13:00,Saturday,1,False,https://southwarkleisure.co.uk/centres/dulwich-leisure-centre/
SLL_Southwark_507,London Venue,SLL_Southwark,Gym Session,Gym / Fitness,Gym | Gym Dulwich,False,9.7,Dulwich Leisure Centre,SE22 9HB,Southwark,51.460601,-0.071419,13:00,14:00,Saturday,1,False,https://southwarkleisure.co.uk/centres/dulwich-leisure-centre/
SLL_Southwark_508,London Venue,SLL_Southwark,Gym Session,Gym / Fitness,Gym | Gym Dulwich,False,9.7,Dulwich Leisure Centre,SE22 9HB,Southwark,51.460601,-0.071419,14:00,15:00,Saturday,1,False,https://southwarkleisure.co.uk/centres/dulwich-leisure-centre/
SLL_Southwark_509,London Venue,SLL_Southwark,Gym Session,Gym / Fitness,Gym | Gym Dulwich,False,9.7,Dulwich Leisure Centre,SE22 9HB,Southwark,51.460601,-0.071419,15:00,16:00,Saturday,1,False,https://southwarkleisure.co.uk/centres/dulwich-leisure-centre/
SLL_Southwark_510,London Venue,SLL_Southwark,Gym Session,Gym / Fitness,Gym | Gym Dulwich,False,9.7,Dulwich Leisure Centre,SE22 9HB,Southwark,51.460601,-0.071419,16:00,17:00,Saturday,1,False,https://southwarkleisure.co.uk/centres/dulwich-leisure-centre/
SLL_Southwark_511,London Venue,SLL_Southwark,Gym Session,Gym / Fitness,Gym | Gym Dulwich,False,9.7,Dulwich Leisure Centre,SE22 9HB,Southwark,51.460601,-0.071419,17:00,18:00,Saturday,1,False,https://southwarkleisure.co.uk/centres/dulwich-leisure-centre/
SLL_Southwark_512,London Venue,SLL_Southwark,Gym Session,Gym / Fitness,Gym | Gym Dulwich,False,9.7,Dulwich Leisure Centre,SE22 9HB,Southwark,51.460601,-0.071419,07:00,08:00,Sunday,1,False,https://southwarkleisure.co.uk/centres/dulwich-leisure-centre/
SLL_Southwark_513,London Venue,SLL_Southwark,Gym Session,Gym / Fitness,Gym | Gym Dulwich,False,9.7,Dulwich Leisure Centre,SE22 9HB,Southwark,51.460601,-0.071419,08:00,09:00,Sunday,1,False,https://southwarkleisure.co.uk/centres/dulwich-leisure-centre/
SLL_Southwark_514,London Venue,SLL_Southwark,Gym Session,Gym / Fitness,Gym | Gym Dulwich,False,9.7,Dulwich Leisure Centre,SE22 9HB,Southwark,51.460601,-0.071419,09:00,10:00,Sunday,1,False,https://southwarkleisure.co.uk/centres/dulwich-leisure-centre/
SLL_Southwark_515,London Venue,SLL_Southwark,Gym Session,Gym / Fitness,Gym | Gym Dulwich,False,9.7,Dulwich Leisure Centre,SE22 9HB,Southwark,51.460601,-0.071419,10:00,11:00,Sunday,1,False,https://southwarkleisure.co.uk/centres/dulwich-leisure-centre/
SLL_Southwark_516,London Venue,SLL_Southwark,Gym Session,Gym / Fitness,Gym | Gym Dulwich,False,9.7,Dulwich Leisure Centre,SE22 9HB,Southwark,51.460601,-0.071419,11:00,12:00,Sunday,1,False,https://southwarkleisure.co.uk/centres/dulwich-leisure-centre/
SLL_Southwark_517,London Venue,SLL_Southwark,Gym Session,Gym / Fitness,Gym | Gym Dulwich,False,9.7,Dulwich Leisure Centre,SE22 9HB,Southwark,51.460601,-0.071419,12:00,13:00,Sunday,1,False,https://southwarkleisure.co.uk/centres/dulwich-leisure-centre/
SLL_Southwark_518,London Venue,SLL_Southwark,Gym Session,Gym / Fitness,Gym | Gym Dulwich,False,9.7,Dulwich Leisure Centre,SE22 9HB,Southwark,51.460601,-0.071419,13:00,14:00,Sunday,1,False,https://southwarkleisure.co.uk/centres/dulwich-leisure-centre/
SLL_Southwark_519,London Venue,SLL_Southwark,Gym Session,Gym / Fitness,Gym | Gym Dulwich,False,9.7,Dulwich Leisure Centre,SE22 9HB,Southwark,51.460601,-0.071419,14:00,15:00,Sunday,1,False,https://southwarkleisure.co.uk/centres/dulwich-leisure-centre/
SLL_Southwark_520,London Venue,SLL_Southwark,Gym Session,Gym / Fitness,Gym | Gym Dulwich,False,9.7,Dulwich Leisure Centre,SE22 9HB,Southwark,51.460601,-0.071419,15:00,16:00,Sunday,1,False,https://southwarkleisure.co.uk/centres/dulwich-leisure-centre/
SLL_Southwark_521,London Venue,SLL_Southwark,Gym Session,Gym / Fitness,Gym | Gym Dulwich,False,9.7,Dulwich Leisure Centre,SE22 9HB,Southwark,51.460601,-0.071419,16:00,17:00,Sunday,1,False,https://southwarkleisure.co.uk/centres/dulwich-leisure-centre/
SLL_Southwark_522,London Venue,SLL_Southwark,Gym Session,Gym / Fitness,Gym | Gym Dulwich,False,9.7,Dulwich Leisure Centre,SE22 9HB,Southwark,51.460601,-0.071419,17:00,18:00,Sunday,1,False,https://southwarkleisure.co.uk/centres/dulwich-leisure-centre/
SLL_Southwark_523,London Venue,SLL_Southwark,Gym Session,Gym / Fitness,Gym | Gym Dulwich,False,9.7,Dulwich Leisure Centre,SE22 9HB,Southwark,51.460601,-0.071419,18:00,19:00,Sunday,1,False,https://southwarkleisure.co.uk/centres/dulwich-leisure-centre/
SLL_Southwark_524,London Venue,SLL_Southwark,Gym Session,Gym / Fitness,Gym | Gym Dulwich,False,9.7,Dulwich Leisure Centre,SE22 9HB,Southwark,51.460601,-0.071419,19:00,20:00,Sunday,1,False,https://southwarkleisure.co.uk/centres/dulwich-leisure-centre/
SLL_Southwark_525,London Venue,SLL_Southwark,Gym Session,Gym / Fitness,Gym | Gym Dulwich,False,9.7,Dulwich Leisure Centre,SE22 9HB,Southwark,51.460601,-0.071419,20:00,21:00,Sunday,1,False,https://southwarkleisure.co.uk/centres/dulwich-leisure-centre/
SLL_Southwark_526,London Venue,SLL_Southwark,Gym Session,Gym / Fitness,Gym | Gym Dulwich,False,9.7,Dulwich Leisure Centre,SE22 9HB,Southwark,51.460601,-0.071419,21:00,22:00,Sunday,1,False,https://southwarkleisure.co.uk/centres/dulwich-leisure-centre/
SLL_Southwark_527,London Venue,SLL_Southwark,Gym Session,Gym / Fitness,Gym | Gym Peckham,False,9.7,Peckham Pulse Leisure Centre,SE15 5QN,Southwark,51.474074,-0.070885,07:00,08:00,Monday,1,False,https://southwarkleisure.co.uk/centres/peckham-pulse-leisure-centre/
SLL_Southwark_528,London Venue,SLL_Southwark,Gym Session,Gym / Fitness,Gym | Gym Peckham,False,9.7,Peckham Pulse Leisure Centre,SE15 5QN,Southwark,51.474074,-0.070885,10:00,11:00,Monday,1,False,https://southwarkleisure.co.uk/centres/peckham-pulse-leisure-centre/
SLL_Southwark_529,London Venue,SLL_Southwark,Gym Session,Gym / Fitness,Gym | Gym Peckham,False,9.7,Peckham Pulse Leisure Centre,SE15 5QN,Southwark,51.474074,-0.070885,11:00,12:00,Monday,1,False,https://southwarkleisure.co.uk/centres/peckham-pulse-leisure-centre/
SLL_Southwark_530,London Venue,SLL_Southwark,Gym Session,Gym / Fitness,Gym | Gym Peckham,False,9.7,Peckham Pulse Leisure Centre,SE15 5QN,Southwark,51.474074,-0.070885,12:00,13:00,Monday,1,False,https://southwarkleisure.co.uk/centres/peckham-pulse-leisure-centre/
SLL_Southwark_531,London Venue,SLL_Southwark,Gym Session,Gym / Fitness,Gym | Gym Peckham,False,9.7,Peckham Pulse Leisure Centre,SE15 5QN,Southwark,51.474074,-0.070885,13:00,14:00,Monday,1,False,https://southwarkleisure.co.uk/centres/peckham-pulse-leisure-centre/
SLL_Southwark_532,London Venue,SLL_Southwark,Gym Session,Gym / Fitness,Gym | Gym Peckham,False,9.7,Peckham Pulse Leisure Centre,SE15 5QN,Southwark,51.474074,-0.070885,14:00,15:00,Monday,1,False,https://southwarkleisure.co.uk/centres/peckham-pulse-leisure-centre/
SLL_Southwark_533,London Venue,SLL_Southwark,Gym Session,Gym / Fitness,Gym | Gym Peckham,False,12.5,Peckham Pulse Leisure Centre,SE15 5QN,Southwark,51.474074,-0.070885,15:00,16:00,Monday,1,False,https://southwarkleisure.co.uk/centres/peckham-pulse-leisure-centre/
SLL_Southwark_534,London Venue,SLL_Southwark,Gym Session,Gym / Fitness,Gym | Gym Peckham,False,12.5,Peckham Pulse Leisure Centre,SE15 5QN,Southwark,51.474074,-0.070885,16:00,17:00,Monday,1,False,https://southwarkleisure.co.uk/centres/peckham-pulse-leisure-centre/
SLL_Southwark_535,London Venue,SLL_Southwark,Gym Session,Gym / Fitness,Gym | Gym Peckham,False,12.5,Peckham Pulse Leisure Centre,SE15 5QN,Southwark,51.474074,-0.070885,17:00,18:00,Monday,1,False,https://southwarkleisure.co.uk/centres/peckham-pulse-leisure-centre/
SLL_Southwark_536,London Venue,SLL_Southwark,Gym Session,Gym / Fitness,Gym | Gym Peckham,False,12.5,Peckham Pulse Leisure Centre,SE15 5QN,Southwark,51.474074,-0.070885,18:00,19:00,Monday,1,False,https://southwarkleisure.co.uk/centres/peckham-pulse-leisure-centre/
SLL_Southwark_537,London Venue,SLL_Southwark,Gym Session,Gym / Fitness,Gym | Gym Peckham,False,12.5,Peckham Pulse Leisure Centre,SE15 5QN,Southwark,51.474074,-0.070885,19:00,20:00,Monday,1,False,https://southwarkleisure.co.uk/centres/peckham-pulse-leisure-centre/
SLL_Southwark_538,London Venue,SLL_Southwark,Gym Session,Gym / Fitness,Gym | Gym Peckham,False,12.5,Peckham Pulse Leisure Centre,SE15 5QN,Southwark,51.474074,-0.070885,20:00,21:00,Monday,1,False,https://southwarkleisure.co.uk/centres/peckham-pulse-leisure-centre/
SLL_Southwark_539,London Venue,SLL_Southwark,Gym Session,Gym / Fitness,Gym | Gym Peckham,False,12.5,Peckham Pulse Leisure Centre,SE15 5QN,Southwark,51.474074,-0.070885,21:00,22:00,Monday,1,False,https://southwarkleisure.co.uk/centres/peckham-pulse-leisure-centre/
SLL_Southwark_540,London Venue,SLL_Southwark,Gym Session,Gym / Fitness,Gym | Gym Peckham,False,9.7,Peckham Pulse Leisure Centre,SE15 5QN,Southwark,51.474074,-0.070885,06:30,07:00,Tuesday,1,False,https://southwarkleisure.co.uk/centres/peckham-pulse-leisure-centre/
SLL_Southwark_541,London Venue,SLL_Southwark,Gym Session,Gym / Fitness,Gym | Gym Peckham,False,9.7,Peckham Pulse Leisure Centre,SE15 5QN,Southwark,51.474074,-0.070885,07:00,08:00,Tuesday,1,False,https://southwarkleisure.co.uk/centres/peckham-pulse-leisure-centre/
SLL_Southwark_542,London Venue,SLL_Southwark,Gym Session,Gym / Fitness,Gym | Gym Peckham,False,9.7,Peckham Pulse Leisure Centre,SE15 5QN,Southwark,51.474074,-0.070885,08:00,09:00,Tuesday,1,False,https://southwarkleisure.co.uk/centres/peckham-pulse-leisure-centre/
SLL_Southwark_543,London Venue,SLL_Southwark,Gym Session,Gym / Fitness,Gym | Gym Peckham,False,9.7,Peckham Pulse Leisure Centre,SE15 5QN,Southwark,51.474074,-0.070885,09:00,10:00,Tuesday,1,False,https://southwarkleisure.co.uk/centres/peckham-pulse-leisure-centre/
SLL_Southwark_544,London Venue,SLL_Southwark,Gym Session,Gym / Fitness,Gym | Gym Peckham,False,9.7,Peckham Pulse Leisure Centre,SE15 5QN,Southwark,51.474074,-0.070885,10:00,11:00,Tuesday,1,False,https://southwarkleisure.co.uk/centres/peckham-pulse-leisure-centre/
SLL_Southwark_545,London Venue,SLL_Southwark,Gym Session,Gym / Fitness,Gym | Gym Peckham,False,9.7,Peckham Pulse Leisure Centre,SE15 5QN,Southwark,51.474074,-0.070885,13:00,14:00,Tuesday,1,False,https://southwarkleisure.co.uk/centres/peckham-pulse-leisure-centre/
SLL_Southwark_546,London Venue,SLL_Southwark,Gym Session,Gym / Fitness,Gym | Gym Peckham,False,9.7,Peckham Pulse Leisure Centre,SE15 5QN,Southwark,51.474074,-0.070885,14:00,15:00,Tuesday,1,False,https://southwarkleisure.co.uk/centres/peckham-pulse-leisure-centre/
SLL_Southwark_547,London Venue,SLL_Southwark,Gym Session,Gym / Fitness,Gym | Gym Peckham,False,12.5,Peckham Pulse Leisure Centre,SE15 5QN,Southwark,51.474074,-0.070885,15:00,16:00,Tuesday,1,False,https://southwarkleisure.co.uk/centres/peckham-pulse-leisure-centre/
SLL_Southwark_548,London Venue,SLL_Southwark,Gym Session,Gym / Fitness,Gym | Gym Peckham,False,12.5,Peckham Pulse Leisure Centre,SE15 5QN,Southwark,51.474074,-0.070885,16:00,17:00,Tuesday,1,False,https://southwarkleisure.co.uk/centres/peckham-pulse-leisure-centre/
SLL_Southwark_549,London Venue,SLL_Southwark,Gym Session,Gym / Fitness,Gym | Gym Peckham,False,12.5,Peckham Pulse Leisure Centre,SE15 5QN,Southwark,51.474074,-0.070885,17:00,18:00,Tuesday,1,False,https://southwarkleisure.co.uk/centres/peckham-pulse-leisure-centre/
SLL_Southwark_550,London Venue,SLL_Southwark,Gym Session,Gym / Fitness,Gym | Gym Peckham,False,12.5,Peckham Pulse Leisure Centre,SE15 5QN,Southwark,51.474074,-0.070885,18:00,19:00,Tuesday,1,False,https://southwarkleisure.co.uk/centres/peckham-pulse-leisure-centre/
SLL_Southwark_551,London Venue,SLL_Southwark,Gym Session,Gym / Fitness,Gym | Gym Peckham,False,12.5,Peckham Pulse Leisure Centre,SE15 5QN,Southwark,51.474074,-0.070885,19:00,20:00,Tuesday,1,False,https://southwarkleisure.co.uk/centres/peckham-pulse-leisure-centre/
SLL_Southwark_552,London Venue,SLL_Southwark,Gym Session,Gym / Fitness,Gym | Gym Peckham,False,12.5,Peckham Pulse Leisure Centre,SE15 5QN,Southwark,51.474074,-0.070885,20:00,21:00,Tuesday,1,False,https://southwarkleisure.co.uk/centres/peckham-pulse-leisure-centre/
SLL_Southwark_553,London Venue,SLL_Southwark,Gym Session,Gym / Fitness,Gym | Gym Peckham,False,12.5,Peckham Pulse Leisure Centre,SE15 5QN,Southwark,51.474074,-0.070885,21:00,22:00,Tuesday,1,False,https://southwarkleisure.co.uk/centres/peckham-pulse-leisure-centre/
SLL_Southwark_554,London Venue,SLL_Southwark,Gym Session,Gym / Fitness,Gym | Gym Peckham,False,9.7,Peckham Pulse Leisure Centre,SE15 5QN,Southwark,51.474074,-0.070885,06:30,07:00,Wednesday,1,False,https://southwarkleisure.co.uk/centres/peckham-pulse-leisure-centre/
SLL_Southwark_555,London Venue,SLL_Southwark,Gym Session,Gym / Fitness,Gym | Gym Peckham,False,9.7,Peckham Pulse Leisure Centre,SE15 5QN,Southwark,51.474074,-0.070885,07:00,08:00,Wednesday,1,False,https://southwarkleisure.co.uk/centres/peckham-pulse-leisure-centre/
SLL_Southwark_556,London Venue,SLL_Southwark,Gym Session,Gym / Fitness,Gym | Gym Peckham,False,9.7,Peckham Pulse Leisure Centre,SE15 5QN,Southwark,51.474074,-0.070885,08:00,09:00,Wednesday,1,False,https://southwarkleisure.co.uk/centres/peckham-pulse-leisure-centre/
SLL_Southwark_557,London Venue,SLL_Southwark,Gym Session,Gym / Fitness,Gym | Gym Peckham,False,9.7,Peckham Pulse Leisure Centre,SE15 5QN,Southwark,51.474074,-0.070885,09:00,10:00,Wednesday,1,False,https://southwarkleisure.co.uk/centres/peckham-pulse-leisure-centre/
SLL_Southwark_558,London Venue,SLL_Southwark,Gym Session,Gym / Fitness,Gym | Gym Peckham,False,9.7,Peckham Pulse Leisure Centre,SE15 5QN,Southwark,51.474074,-0.070885,10:00,11:00,Wednesday,1,False,https://southwarkleisure.co.uk/centres/peckham-pulse-leisure-centre/
SLL_Southwark_559,London Venue,SLL_Southwark,Gym Session,Gym / Fitness,Gym | Gym Peckham,False,9.7,Peckham Pulse Leisure Centre,SE15 5QN,Southwark,51.474074,-0.070885,11:00,12:00,Wednesday,1,False,https://southwarkleisure.co.uk/centres/peckham-pulse-leisure-centre/
SLL_Southwark_560,London Venue,SLL_Southwark,Gym Session,Gym / Fitness,Gym | Gym Peckham,False,9.7,Peckham Pulse Leisure Centre,SE15 5QN,Southwark,51.474074,-0.070885,12:00,13:00,Wednesday,1,False,https://southwarkleisure.co.uk/centres/peckham-pulse-leisure-centre/
SLL_Southwark_561,London Venue,SLL_Southwark,Gym Session,Gym / Fitness,Gym | Gym Peckham,False,9.7,Peckham Pulse Leisure Centre,SE15 5QN,Southwark,51.474074,-0.070885,13:00,14:00,Wednesday,1,False,https://southwarkleisure.co.uk/centres/peckham-pulse-leisure-centre/
SLL_Southwark_562,London Venue,SLL_Southwark,Gym Session,Gym / Fitness,Gym | Gym Peckham,False,12.5,Peckham Pulse Leisure Centre,SE15 5QN,Southwark,51.474074,-0.070885,16:00,17:00,Wednesday,1,False,https://southwarkleisure.co.uk/centres/peckham-pulse-leisure-centre/
SLL_Southwark_563,London Venue,SLL_Southwark,Gym Session,Gym / Fitness,Gym | Gym Peckham,False,12.5,Peckham Pulse Leisure Centre,SE15 5QN,Southwark,51.474074,-0.070885,17:00,18:00,Wednesday,1,False,https://southwarkleisure.co.uk/centres/peckham-pulse-leisure-centre/
SLL_Southwark_564,London Venue,SLL_Southwark,Gym Session,Gym / Fitness,Gym | Gym Peckham,False,12.5,Peckham Pulse Leisure Centre,SE15 5QN,Southwark,51.474074,-0.070885,18:00,19:00,Wednesday,1,False,https://southwarkleisure.co.uk/centres/peckham-pulse-leisure-centre/
SLL_Southwark_565,London Venue,SLL_Southwark,Gym Session,Gym / Fitness,Gym | Gym Peckham,False,12.5,Peckham Pulse Leisure Centre,SE15 5QN,Southwark,51.474074,-0.070885,19:00,20:00,Wednesday,1,False,https://southwarkleisure.co.uk/centres/peckham-pulse-leisure-centre/
SLL_Southwark_566,London Venue,SLL_Southwark,Gym Session,Gym / Fitness,Gym | Gym Peckham,False,12.5,Peckham Pulse Leisure Centre,SE15 5QN,Southwark,51.474074,-0.070885,20:00,21:00,Wednesday,1,False,https://southwarkleisure.co.uk/centres/peckham-pulse-leisure-centre/
SLL_Southwark_567,London Venue,SLL_Southwark,Gym Session,Gym / Fitness,Gym | Gym Peckham,False,12.5,Peckham Pulse Leisure Centre,SE15 5QN,Southwark,51.474074,-0.070885,21:00,22:00,Wednesday,1,False,https://southwarkleisure.co.uk/centres/peckham-pulse-leisure-centre/
SLL_Southwark_568,London Venue,SLL_Southwark,Gym Session,Gym / Fitness,Gym | Gym Peckham,False,9.7,Peckham Pulse Leisure Centre,SE15 5QN,Southwark,51.474074,-0.070885,06:30,07:00,Thursday,1,False,https://southwarkleisure.co.uk/centres/peckham-pulse-leisure-centre/
SLL_Southwark_569,London Venue,SLL_Southwark,Gym Session,Gym / Fitness,Gym | Gym Peckham,False,9.7,Peckham Pulse Leisure Centre,SE15 5QN,Southwark,51.474074,-0.070885,07:00,08:00,Thursday,1,False,https://southwarkleisure.co.uk/centres/peckham-pulse-leisure-centre/
SLL_Southwark_570,London Venue,SLL_Southwark,Gym Session,Gym / Fitness,Gym | Gym Peckham,False,9.7,Peckham Pulse Leisure Centre,SE15 5QN,Southwark,51.474074,-0.070885,08:00,09:00,Thursday,1,False,https://southwarkleisure.co.uk/centres/peckham-pulse-leisure-centre/
SLL_Southwark_571,London Venue,SLL_Southwark,Gym Session,Gym / Fitness,Gym | Gym Peckham,False,9.7,Peckham Pulse Leisure Centre,SE15 5QN,Southwark,51.474074,-0.070885,09:00,10:00,Thursday,1,False,https://southwarkleisure.co.uk/centres/peckham-pulse-leisure-centre/
SLL_Southwark_572,London Venue,SLL_Southwark,Gym Session,Gym / Fitness,Gym | Gym Peckham,False,9.7,Peckham Pulse Leisure Centre,SE15 5QN,Southwark,51.474074,-0.070885,10:00,11:00,Thursday,1,False,https://southwarkleisure.co.uk/centres/peckham-pulse-leisure-centre/
SLL_Southwark_573,London Venue,SLL_Southwark,Gym Session,Gym / Fitness,Gym | Gym Peckham,False,9.7,Peckham Pulse Leisure Centre,SE15 5QN,Southwark,51.474074,-0.070885,11:00,12:00,Thursday,1,False,https://southwarkleisure.co.uk/centres/peckham-pulse-leisure-centre/
SLL_Southwark_574,London Venue,SLL_Southwark,Gym Session,Gym / Fitness,Gym | Gym Peckham,False,9.7,Peckham Pulse Leisure Centre,SE15 5QN,Southwark,51.474074,-0.070885,12:00,13:00,Thursday,1,False,https://southwarkleisure.co.uk/centres/peckham-pulse-leisure-centre/
SLL_Southwark_575,London Venue,SLL_Southwark,Gym Session,Gym / Fitness,Gym | Gym Peckham,False,9.7,Peckham Pulse Leisure Centre,SE15 5QN,Southwark,51.474074,-0.070885,13:00,14:00,Thursday,1,False,https://southwarkleisure.co.uk/centres/peckham-pulse-leisure-centre/
SLL_Southwark_576,London Venue,SLL_Southwark,Gym Session,Gym / Fitness,Gym | Gym Peckham,False,12.5,Peckham Pulse Leisure Centre,SE15 5QN,Southwark,51.474074,-0.070885,16:00,17:00,Thursday,1,False,https://southwarkleisure.co.uk/centres/peckham-pulse-leisure-centre/
SLL_Southwark_577,London Venue,SLL_Southwark,Gym Session,Gym / Fitness,Gym | Gym Peckham,False,12.5,Peckham Pulse Leisure Centre,SE15 5QN,Southwark,51.474074,-0.070885,17:00,18:00,Thursday,1,False,https://southwarkleisure.co.uk/centres/peckham-pulse-leisure-centre/
SLL_Southwark_578,London Venue,SLL_Southwark,Gym Session,Gym / Fitness,Gym | Gym Peckham,False,12.5,Peckham Pulse Leisure Centre,SE15 5QN,Southwark,51.474074,-0.070885,18:00,19:00,Thursday,1,False,https://southwarkleisure.co.uk/centres/peckham-pulse-leisure-centre/
SLL_Southwark_579,London Venue,SLL_Southwark,Gym Session,Gym / Fitness,Gym | Gym Peckham,False,12.5,Peckham Pulse Leisure Centre,SE15 5QN,Southwark,51.474074,-0.070885,19:00,20:00,Thursday,1,False,https://southwarkleisure.co.uk/centres/peckham-pulse-leisure-centre/
SLL_Southwark_580,London Venue,SLL_Southwark,Gym Session,Gym / Fitness,Gym | Gym Peckham,False,12.5,Peckham Pulse Leisure Centre,SE15 5QN,Southwark,51.474074,-0.070885,20:00,21:00,Thursday,1,False,https://southwarkleisure.co.uk/centres/peckham-pulse-leisure-centre/
SLL_Southwark_581,London Venue,SLL_Southwark,Gym Session,Gym / Fitness,Gym | Gym Peckham,False,12.5,Peckham Pulse Leisure Centre,SE15 5QN,Southwark,51.474074,-0.070885,21:00,22:00,Thursday,1,False,https://southwarkleisure.co.uk/centres/peckham-pulse-leisure-centre/
SLL_Southwark_582,London Venue,SLL_Southwark,Gym Session,Gym / Fitness,Gym | Gym Peckham,False,9.7,Peckham Pulse Leisure Centre,SE15 5QN,Southwark,51.474074,-0.070885,07:00,08:00,Friday,1,False,https://southwarkleisure.co.uk/centres/peckham-pulse-leisure-centre/
SLL_Southwark_583,London Venue,SLL_Southwark,Gym Session,Gym / Fitness,Gym | Gym Peckham,False,9.7,Peckham Pulse Leisure Centre,SE15 5QN,Southwark,51.474074,-0.070885,08:00,09:00,Friday,1,False,https://southwarkleisure.co.uk/centres/peckham-pulse-leisure-centre/
SLL_Southwark_584,London Venue,SLL_Southwark,Gym Session,Gym / Fitness,Gym | Gym Peckham,False,9.7,Peckham Pulse Leisure Centre,SE15 5QN,Southwark,51.474074,-0.070885,09:00,10:00,Friday,1,False,https://southwarkleisure.co.uk/centres/peckham-pulse-leisure-centre/
SLL_Southwark_585,London Venue,SLL_Southwark,Gym Session,Gym / Fitness,Gym | Gym Peckham,False,9.7,Peckham Pulse Leisure Centre,SE15 5QN,Southwark,51.474074,-0.070885,10:00,11:00,Friday,1,False,https://southwarkleisure.co.uk/centres/peckham-pulse-leisure-centre/
SLL_Southwark_586,London Venue,SLL_Southwark,Gym Session,Gym / Fitness,Gym | Gym Peckham,False,9.7,Peckham Pulse Leisure Centre,SE15 5QN,Southwark,51.474074,-0.070885,11:00,12:00,Friday,1,False,https://southwarkleisure.co.uk/centres/peckham-pulse-leisure-centre/
SLL_Southwark_587,London Venue,SLL_Southwark,Gym Session,Gym / Fitness,Gym | Gym Peckham,False,9.7,Peckham Pulse Leisure Centre,SE15 5QN,Southwark,51.474074,-0.070885,12:00,13:00,Friday,1,False,https://southwarkleisure.co.uk/centres/peckham-pulse-leisure-centre/
SLL_Southwark_588,London Venue,SLL_Southwark,Gym Session,Gym / Fitness,Gym | Gym Peckham,False,9.7,Peckham Pulse Leisure Centre,SE15 5QN,Southwark,51.474074,-0.070885,13:00,14:00,Friday,1,False,https://southwarkleisure.co.uk/centres/peckham-pulse-leisure-centre/
SLL_Southwark_589,London Venue,SLL_Southwark,Gym Session,Gym / Fitness,Gym | Gym Peckham,False,9.7,Peckham Pulse Leisure Centre,SE15 5QN,Southwark,51.474074,-0.070885,14:00,15:00,Friday,1,False,https://southwarkleisure.co.uk/centres/peckham-pulse-leisure-centre/
SLL_Southwark_590,London Venue,SLL_Southwark,Gym Session,Gym / Fitness,Gym | Gym Peckham,False,9.7,Peckham Pulse Leisure Centre,SE15 5QN,Southwark,51.474074,-0.070885,15:00,16:00,Friday,1,False,https://southwarkleisure.co.uk/centres/peckham-pulse-leisure-centre/
SLL_Southwark_591,London Venue,SLL_Southwark,Gym Session,Gym / Fitness,Gym | Gym Peckham,False,9.7,Peckham Pulse Leisure Centre,SE15 5QN,Southwark,51.474074,-0.070885,16:00,17:00,Friday,1,False,https://southwarkleisure.co.uk/centres/peckham-pulse-leisure-centre/
SLL_Southwark_592,London Venue,SLL_Southwark,Gym Session,Gym / Fitness,Gym | Gym Peckham,False,9.7,Peckham Pulse Leisure Centre,SE15 5QN,Southwark,51.474074,-0.070885,17:00,18:00,Friday,1,False,https://southwarkleisure.co.uk/centres/peckham-pulse-leisure-centre/
SLL_Southwark_593,London Venue,SLL_Southwark,Gym Session,Gym / Fitness,Gym | Gym Peckham,False,9.7,Peckham Pulse Leisure Centre,SE15 5QN,Southwark,51.474074,-0.070885,18:00,19:00,Friday,1,False,https://southwarkleisure.co.uk/centres/peckham-pulse-leisure-centre/
SLL_Southwark_594,London Venue,SLL_Southwark,Gym Session,Gym / Fitness,Gym | Gym Peckham,False,9.7,Peckham Pulse Leisure Centre,SE15 5QN,Southwark,51.474074,-0.070885,19:00,20:00,Friday,1,False,https://southwarkleisure.co.uk/centres/peckham-pulse-leisure-centre/
SLL_Southwark_595,London Venue,SLL_Southwark,Gym Session,Gym / Fitness,Gym | Gym Peckham,False,9.7,Peckham Pulse Leisure Centre,SE15 5QN,Southwark,51.474074,-0.070885,20:00,21:00,Friday,1,False,https://southwarkleisure.co.uk/centres/peckham-pulse-leisure-centre/
SLL_Southwark_596,London Venue,SLL_Southwark,Gym Session,Gym / Fitness,Gym | Gym Peckham,False,9.7,Peckham Pulse Leisure Centre,SE15 5QN,Southwark,51.474074,-0.070885,21:00,22:00,Friday,1,False,https://southwarkleisure.co.uk/centres/peckham-pulse-leisure-centre/
SLL_Southwark_597,London Venue,SLL_Southwark,Gym Session,Gym / Fitness,Gym | Gym Peckham,False,9.7,Peckham Pulse Leisure Centre,SE15 5QN,Southwark,51.474074,-0.070885,07:00,08:00,Saturday,1,False,https://southwarkleisure.co.uk/centres/peckham-pulse-leisure-centre/
SLL_Southwark_598,London Venue,SLL_Southwark,Gym Session,Gym / Fitness,Gym | Gym Peckham,False,9.7,Peckham Pulse Leisure Centre,SE15 5QN,Southwark,51.474074,-0.070885,08:00,09:00,Saturday,1,False,https://southwarkleisure.co.uk/centres/peckham-pulse-leisure-centre/
SLL_Southwark_599,London Venue,SLL_Southwark,Gym Session,Gym / Fitness,Gym | Gym Peckham,False,9.7,Peckham Pulse Leisure Centre,SE15 5QN,Southwark,51.474074,-0.070885,09:00,10:00,Saturday,1,False,https://southwarkleisure.co.uk/centres/peckham-pulse-leisure-centre/
SLL_Southwark_600,London Venue,SLL_Southwark,Gym Session,Gym / Fitness,Gym | Gym Peckham,False,9.7,Peckham Pulse Leisure Centre,SE15 5QN,Southwark,51.474074,-0.070885,10:00,11:00,Saturday,1,False,https://southwarkleisure.co.uk/centres/peckham-pulse-leisure-centre/
SLL_Southwark_601,London Venue,SLL_Southwark,Gym Session,Gym / Fitness,Gym | Gym Peckham,False,9.7,Peckham Pulse Leisure Centre,SE15 5QN,Southwark,51.474074,-0.070885,11:00,12:00,Saturday,1,False,https://southwarkleisure.co.uk/centres/peckham-pulse-leisure-centre/
SLL_Southwark_602,London Venue,SLL_Southwark,Gym Session,Gym / Fitness,Gym | Gym Peckham,False,9.7,Peckham Pulse Leisure Centre,SE15 5QN,Southwark,51.474074,-0.070885,12:00,13:00,Saturday,1,False,https://southwarkleisure.co.uk/centres/peckham-pulse-leisure-centre/
SLL_Southwark_603,London Venue,SLL_Southwark,Gym Session,Gym / Fitness,Gym | Gym Peckham,False,9.7,Peckham Pulse Leisure Centre,SE15 5QN,Southwark,51.474074,-0.070885,13:00,14:00,Saturday,1,False,https://southwarkleisure.co.uk/centres/peckham-pulse-leisure-centre/
SLL_Southwark_604,London Venue,SLL_Southwark,Gym Session,Gym / Fitness,Gym | Gym Peckham,False,9.7,Peckham Pulse Leisure Centre,SE15 5QN,Southwark,51.474074,-0.070885,14:00,15:00,Saturday,1,False,https://southwarkleisure.co.uk/centres/peckham-pulse-leisure-centre/
SLL_Southwark_605,London Venue,SLL_Southwark,Gym Session,Gym / Fitness,Gym | Gym Peckham,False,9.7,Peckham Pulse Leisure Centre,SE15 5QN,Southwark,51.474074,-0.070885,15:00,16:00,Saturday,1,False,https://southwarkleisure.co.uk/centres/peckham-pulse-leisure-centre/
SLL_Southwark_606,London Venue,SLL_Southwark,Gym Session,Gym / Fitness,Gym | Gym Peckham,False,9.7,Peckham Pulse Leisure Centre,SE15 5QN,Southwark,51.474074,-0.070885,16:00,17:00,Saturday,1,False,https://southwarkleisure.co.uk/centres/peckham-pulse-leisure-centre/
SLL_Southwark_607,London Venue,SLL_Southwark,Gym Session,Gym / Fitness,Gym | Gym Peckham,False,9.7,Peckham Pulse Leisure Centre,SE15 5QN,Southwark,51.474074,-0.070885,17:00,18:00,Saturday,1,False,https://southwarkleisure.co.uk/centres/peckham-pulse-leisure-centre/
SLL_Southwark_608,London Venue,SLL_Southwark,Gym Session,Gym / Fitness,Gym | Gym Peckham,False,9.7,Peckham Pulse Leisure Centre,SE15 5QN,Southwark,51.474074,-0.070885,07:00,08:00,Sunday,1,False,https://southwarkleisure.co.uk/centres/peckham-pulse-leisure-centre/
SLL_Southwark_609,London Venue,SLL_Southwark,Gym Session,Gym / Fitness,Gym | Gym Peckham,False,9.7,Peckham Pulse Leisure Centre,SE15 5QN,Southwark,51.474074,-0.070885,08:00,09:00,Sunday,1,False,https://southwarkleisure.co.uk/centres/peckham-pulse-leisure-centre/
SLL_Southwark_610,London Venue,SLL_Southwark,Gym Session,Gym / Fitness,Gym | Gym Peckham,False,9.7,Peckham Pulse Leisure Centre,SE15 5QN,Southwark,51.474074,-0.070885,09:00,10:00,Sunday,1,False,https://southwarkleisure.co.uk/centres/peckham-pulse-leisure-centre/
SLL_Southwark_611,London Venue,SLL_Southwark,Gym Session,Gym / Fitness,Gym | Gym Peckham,False,9.7,Peckham Pulse Leisure Centre,SE15 5QN,Southwark,51.474074,-0.070885,10:00,11:00,Sunday,1,False,https://southwarkleisure.co.uk/centres/peckham-pulse-leisure-centre/
SLL_Southwark_612,London Venue,SLL_Southwark,Gym Session,Gym / Fitness,Gym | Gym Peckham,False,9.7,Peckham Pulse Leisure Centre,SE15 5QN,Southwark,51.474074,-0.070885,11:00,12:00,Sunday,1,False,https://southwarkleisure.co.uk/centres/peckham-pulse-leisure-centre/
SLL_Southwark_613,London Venue,SLL_Southwark,Gym Session,Gym / Fitness,Gym | Gym Peckham,False,9.7,Peckham Pulse Leisure Centre,SE15 5QN,Southwark,51.474074,-0.070885,12:00,13:00,Sunday,1,False,https://southwarkleisure.co.uk/centres/peckham-pulse-leisure-centre/
SLL_Southwark_614,London Venue,SLL_Southwark,Gym Session,Gym / Fitness,Gym | Gym Peckham,False,9.7,Peckham Pulse Leisure Centre,SE15 5QN,Southwark,51.474074,-0.070885,13:00,14:00,Sunday,1,False,https://southwarkleisure.co.uk/centres/peckham-pulse-leisure-centre/
SLL_Southwark_615,London Venue,SLL_Southwark,Gym Session,Gym / Fitness,Gym | Gym Peckham,False,9.7,Peckham Pulse Leisure Centre,SE15 5QN,Southwark,51.474074,-0.070885,14:00,15:00,Sunday,1,False,https://southwarkleisure.co.uk/centres/peckham-pulse-leisure-centre/
SLL_Southwark_616,London Venue,SLL_Southwark,Gym Session,Gym / Fitness,Gym | Gym Peckham,False,9.7,Peckham Pulse Leisure Centre,SE15 5QN,Southwark,51.474074,-0.070885,15:00,16:00,Sunday,1,False,https://southwarkleisure.co.uk/centres/peckham-pulse-leisure-centre/
SLL_Southwark_617,London Venue,SLL_Southwark,Gym Session,Gym / Fitness,Gym | Gym Peckham,False,9.7,Peckham Pulse Leisure Centre,SE15 5QN,Southwark,51.474074,-0.070885,16:00,17:00,Sunday,1,False,https://southwarkleisure.co.uk/centres/peckham-pulse-leisure-centre/
SLL_Southwark_618,London Venue,SLL_Southwark,Gym Session,Gym / Fitness,Gym | Gym Peckham,False,9.7,Peckham Pulse Leisure Centre,SE15 5QN,Southwark,51.474074,-0.070885,17:00,18:00,Sunday,1,False,https://southwarkleisure.co.uk/centres/peckham-pulse-leisure-centre/
SLL_Southwark_619,London Venue,SLL_Southwark,Gym Session,Gym / Fitness,Gym | Gym Peckham,False,9.7,Peckham Pulse Leisure Centre,SE15 5QN,Southwark,51.474074,-0.070885,18:00,19:00,Sunday,1,False,https://southwarkleisure.co.uk/centres/peckham-pulse-leisure-centre/
SLL_Southwark_620,London Venue,SLL_Southwark,Gym Session,Gym / Fitness,Gym | Gym Peckham,False,9.7,Peckham Pulse Leisure Centre,SE15 5QN,Southwark,51.474074,-0.070885,19:00,20:00,Sunday,1,False,https://southwarkleisure.co.uk/centres/peckham-pulse-leisure-centre/
SLL_Southwark_621,London Venue,SLL_Southwark,Gym Session,Gym / Fitness,Gym | Gym Peckham,False,9.7,Peckham Pulse Leisure Centre,SE15 5QN,Southwark,51.474074,-0.070885,20:00,21:00,Sunday,1,False,https://southwarkleisure.co.uk/centres/peckham-pulse-leisure-centre/
SLL_Southwark_622,London Venue,SLL_Southwark,Gym Session,Gym / Fitness,Gym | Gym Peckham,False,9.7,Peckham Pulse Leisure Centre,SE15 5QN,Southwark,51.474074,-0.070885,21:00,22:00,Sunday,1,False,https://southwarkleisure.co.uk/centres/peckham-pulse-leisure-centre/
SLL_Southwark_623,London Venue,SLL_Southwark,Gym Session,Gym / Fitness,Gym | Gym Track,False,9.7,Southwark Athletics Track,SE16 2PE,Southwark,51.4924,-0.0512,06:30,07:00,Monday,1,False,https://southwarkleisure.co.uk/centres/southwark-park-sports-and-athletics-centre/
SLL_Southwark_624,London Venue,SLL_Southwark,Gym Session,Gym / Fitness,Gym | Gym Track,False,9.7,Southwark Athletics Track,SE16 2PE,Southwark,51.4924,-0.0512,07:00,08:00,,1,False,https://southwarkleisure.co.uk/centres/southwark-park-sports-and-athletics-centre/
SLL_Southwark_625,London Venue,SLL_Southwark,Gym Session,Gym / Fitness,Gym | Gym Track,False,9.7,Southwark Athletics Track,SE16 2PE,Southwark,51.4924,-0.0512,10:00,11:00,Monday,1,False,https://southwarkleisure.co.uk/centres/southwark-park-sports-and-athletics-centre/
SLL_Southwark_626,London Venue,SLL_Southwark,Gym Session,Gym / Fitness,Gym | Gym Track,False,9.7,Southwark Athletics Track,SE16 2PE,Southwark,51.4924,-0.0512,11:00,12:00,Monday,1,False,https://southwarkleisure.co.uk/centres/southwark-park-sports-and-athletics-centre/
SLL_Southwark_627,London Venue,SLL_Southwark,Gym Session,Gym / Fitness,Gym | Gym Track,False,9.7,Southwark Athletics Track,SE16 2PE,Southwark,51.4924,-0.0512,12:00,13:00,Monday,1,False,https://southwarkleisure.co.uk/centres/southwark-park-sports-and-athletics-centre/
SLL_Southwark_628,London Venue,SLL_Southwark,Gym Session,Gym / Fitness,Gym | Gym Track,False,9.7,Southwark Athletics Track,SE16 2PE,Southwark,51.4924,-0.0512,13:00,14:00,Monday,1,False,https://southwarkleisure.co.uk/centres/southwark-park-sports-and-athletics-centre/
SLL_Southwark_629,London Venue,SLL_Southwark,Gym Session,Gym / Fitness,Gym | Gym Track,False,9.7,Southwark Athletics Track,SE16 2PE,Southwark,51.4924,-0.0512,14:00,15:00,Monday,1,False,https://southwarkleisure.co.uk/centres/southwark-park-sports-and-athletics-centre/
SLL_Southwark_630,London Venue,SLL_Southwark,Gym Session,Gym / Fitness,Gym | Gym Track,False,12.5,Southwark Athletics Track,SE16 2PE,Southwark,51.4924,-0.0512,17:00,18:00,Monday,1,False,https://southwarkleisure.co.uk/centres/southwark-park-sports-and-athletics-centre/
SLL_Southwark_631,London Venue,SLL_Southwark,Gym Session,Gym / Fitness,Gym | Gym Track,False,12.5,Southwark Athletics Track,SE16 2PE,Southwark,51.4924,-0.0512,18:00,19:00,Monday,1,False,https://southwarkleisure.co.uk/centres/southwark-park-sports-and-athletics-centre/
SLL_Southwark_632,London Venue,SLL_Southwark,Gym Session,Gym / Fitness,Gym | Gym Track,False,12.5,Southwark Athletics Track,SE16 2PE,Southwark,51.4924,-0.0512,19:00,20:00,Monday,1,False,https://southwarkleisure.co.uk/centres/southwark-park-sports-and-athletics-centre/
SLL_Southwark_633,London Venue,SLL_Southwark,Gym Session,Gym / Fitness,Gym | Gym Track,False,12.5,Southwark Athletics Track,SE16 2PE,Southwark,51.4924,-0.0512,20:00,21:00,Monday,1,False,https://southwarkleisure.co.uk/centres/southwark-park-sports-and-athletics-centre/
SLL_Southwark_634,London Venue,SLL_Southwark,Gym Session,Gym / Fitness,Gym | Gym Track,False,12.5,Southwark Athletics Track,SE16 2PE,Southwark,51.4924,-0.0512,21:00,22:00,Monday,1,False,https://southwarkleisure.co.uk/centres/southwark-park-sports-and-athletics-centre/
SLL_Southwark_635,London Venue,SLL_Southwark,Gym Session,Gym / Fitness,Gym | Gym Track,False,9.7,Southwark Athletics Track,SE16 2PE,Southwark,51.4924,-0.0512,06:30,07:00,Tuesday,1,False,https://southwarkleisure.co.uk/centres/southwark-park-sports-and-athletics-centre/
SLL_Southwark_636,London Venue,SLL_Southwark,Gym Session,Gym / Fitness,Gym | Gym Track,False,9.7,Southwark Athletics Track,SE16 2PE,Southwark,51.4924,-0.0512,07:00,08:00,Tuesday,1,False,https://southwarkleisure.co.uk/centres/southwark-park-sports-and-athletics-centre/
SLL_Southwark_637,London Venue,SLL_Southwark,Gym Session,Gym / Fitness,Gym | Gym Track,False,9.7,Southwark Athletics Track,SE16 2PE,Southwark,51.4924,-0.0512,08:00,09:00,Tuesday,1,False,https://southwarkleisure.co.uk/centres/southwark-park-sports-and-athletics-centre/
SLL_Southwark_638,London Venue,SLL_Southwark,Gym Session,Gym / Fitness,Gym | Gym Track,False,9.7,Southwark Athletics Track,SE16 2PE,Southwark,51.4924,-0.0512,09:00,10:00,Tuesday,1,False,https://southwarkleisure.co.uk/centres/southwark-park-sports-and-athletics-centre/
SLL_Southwark_639,London Venue,SLL_Southwark,Gym Session,Gym / Fitness,Gym | Gym Track,False,9.7,Southwark Athletics Track,SE16 2PE,Southwark,51.4924,-0.0512,10:00,11:00,Tuesday,1,False,https://southwarkleisure.co.uk/centres/southwark-park-sports-and-athletics-centre/
SLL_Southwark_640,London Venue,SLL_Southwark,Gym Session,Gym / Fitness,Gym | Gym Track,False,9.7,Southwark Athletics Track,SE16 2PE,Southwark,51.4924,-0.0512,13:00,14:00,Tuesday,1,False,https://southwarkleisure.co.uk/centres/southwark-park-sports-and-athletics-centre/
SLL_Southwark_641,London Venue,SLL_Southwark,Gym Session,Gym / Fitness,Gym | Gym Track,False,9.7,Southwark Athletics Track,SE16 2PE,Southwark,51.4924,-0.0512,14:00,15:00,Tuesday,1,False,https://southwarkleisure.co.uk/centres/southwark-park-sports-and-athletics-centre/
SLL_Southwark_642,London Venue,SLL_Southwark,Gym Session,Gym / Fitness,Gym | Gym Track,False,12.5,Southwark Athletics Track,SE16 2PE,Southwark,51.4924,-0.0512,15:00,16:00,Tuesday,1,False,https://southwarkleisure.co.uk/centres/southwark-park-sports-and-athletics-centre/
SLL_Southwark_643,London Venue,SLL_Southwark,Gym Session,Gym / Fitness,Gym | Gym Track,False,12.5,Southwark Athletics Track,SE16 2PE,Southwark,51.4924,-0.0512,16:00,17:00,Tuesday,1,False,https://southwarkleisure.co.uk/centres/southwark-park-sports-and-athletics-centre/
SLL_Southwark_644,London Venue,SLL_Southwark,Gym Session,Gym / Fitness,Gym | Gym Track,False,12.5,Southwark Athletics Track,SE16 2PE,Southwark,51.4924,-0.0512,17:00,18:00,Tuesday,1,False,https://southwarkleisure.co.uk/centres/southwark-park-sports-and-athletics-centre/
SLL_Southwark_645,London Venue,SLL_Southwark,Gym Session,Gym / Fitness,Gym | Gym Track,False,12.5,Southwark Athletics Track,SE16 2PE,Southwark,51.4924,-0.0512,18:00,19:00,Tuesday,1,False,https://southwarkleisure.co.uk/centres/southwark-park-sports-and-athletics-centre/
SLL_Southwark_646,London Venue,SLL_Southwark,Gym Session,Gym / Fitness,Gym | Gym Track,False,12.5,Southwark Athletics Track,SE16 2PE,Southwark,51.4924,-0.0512,19:00,20:00,Tuesday,1,False,https://southwarkleisure.co.uk/centres/southwark-park-sports-and-athletics-centre/
SLL_Southwark_647,London Venue,SLL_Southwark,Gym Session,Gym / Fitness,Gym | Gym Track,False,12.5,Southwark Athletics Track,SE16 2PE,Southwark,51.4924,-0.0512,20:00,21:00,Tuesday,1,False,https://southwarkleisure.co.uk/centres/southwark-park-sports-and-athletics-centre/
SLL_Southwark_648,London Venue,SLL_Southwark,Gym Session,Gym / Fitness,Gym | Gym Track,False,12.5,Southwark Athletics Track,SE16 2PE,Southwark,51.4924,-0.0512,21:00,22:00,Tuesday,1,False,https://southwarkleisure.co.uk/centres/southwark-park-sports-and-athletics-centre/
SLL_Southwark_649,London Venue,SLL_Southwark,Gym Session,Gym / Fitness,Gym | Gym Track,False,9.7,Southwark Athletics Track,SE16 2PE,Southwark,51.4924,-0.0512,06:30,07:00,Wednesday,1,False,https://southwarkleisure.co.uk/centres/southwark-park-sports-and-athletics-centre/
SLL_Southwark_650,London Venue,SLL_Southwark,Gym Session,Gym / Fitness,Gym | Gym Track,False,9.7,Southwark Athletics Track,SE16 2PE,Southwark,51.4924,-0.0512,07:00,08:00,Wednesday,1,False,https://southwarkleisure.co.uk/centres/southwark-park-sports-and-athletics-centre/
SLL_Southwark_651,London Venue,SLL_Southwark,Gym Session,Gym / Fitness,Gym | Gym Track,False,9.7,Southwark Athletics Track,SE16 2PE,Southwark,51.4924,-0.0512,08:00,09:00,Wednesday,1,False,https://southwarkleisure.co.uk/centres/southwark-park-sports-and-athletics-centre/
SLL_Southwark_652,London Venue,SLL_Southwark,Gym Session,Gym / Fitness,Gym | Gym Track,False,9.7,Southwark Athletics Track,SE16 2PE,Southwark,51.4924,-0.0512,09:00,10:00,Wednesday,1,False,https://southwarkleisure.co.uk/centres/southwark-park-sports-and-athletics-centre/
SLL_Southwark_653,London Venue,SLL_Southwark,Gym Session,Gym / Fitness,Gym | Gym Track,False,9.7,Southwark Athletics Track,SE16 2PE,Southwark,51.4924,-0.0512,10:00,11:00,Wednesday,1,False,https://southwarkleisure.co.uk/centres/southwark-park-sports-and-athletics-centre/
SLL_Southwark_654,London Venue,SLL_Southwark,Gym Session,Gym / Fitness,Gym | Gym Track,False,9.7,Southwark Athletics Track,SE16 2PE,Southwark,51.4924,-0.0512,11:00,12:00,Wednesday,1,False,https://southwarkleisure.co.uk/centres/southwark-park-sports-and-athletics-centre/
SLL_Southwark_655,London Venue,SLL_Southwark,Gym Session,Gym / Fitness,Gym | Gym Track,False,9.7,Southwark Athletics Track,SE16 2PE,Southwark,51.4924,-0.0512,12:00,13:00,Wednesday,1,False,https://southwarkleisure.co.uk/centres/southwark-park-sports-and-athletics-centre/
SLL_Southwark_656,London Venue,SLL_Southwark,Gym Session,Gym / Fitness,Gym | Gym Track,False,12.5,Southwark Athletics Track,SE16 2PE,Southwark,51.4924,-0.0512,16:00,17:00,Wednesday,1,False,https://southwarkleisure.co.uk/centres/southwark-park-sports-and-athletics-centre/
SLL_Southwark_657,London Venue,SLL_Southwark,Gym Session,Gym / Fitness,Gym | Gym Track,False,12.5,Southwark Athletics Track,SE16 2PE,Southwark,51.4924,-0.0512,17:00,18:00,Wednesday,1,False,https://southwarkleisure.co.uk/centres/southwark-park-sports-and-athletics-centre/
SLL_Southwark_658,London Venue,SLL_Southwark,Gym Session,Gym / Fitness,Gym | Gym Track,False,12.5,Southwark Athletics Track,SE16 2PE,Southwark,51.4924,-0.0512,18:00,19:00,Wednesday,1,False,https://southwarkleisure.co.uk/centres/southwark-park-sports-and-athletics-centre/
SLL_Southwark_659,London Venue,SLL_Southwark,Gym Session,Gym / Fitness,Gym | Gym Track,False,12.5,Southwark Athletics Track,SE16 2PE,Southwark,51.4924,-0.0512,19:00,20:00,Wednesday,1,False,https://southwarkleisure.co.uk/centres/southwark-park-sports-and-athletics-centre/
SLL_Southwark_660,London Venue,SLL_Southwark,Gym Session,Gym / Fitness,Gym | Gym Track,False,12.5,Southwark Athletics Track,SE16 2PE,Southwark,51.4924,-0.0512,20:00,21:00,Wednesday,1,False,https://southwarkleisure.co.uk/centres/southwark-park-sports-and-athletics-centre/
SLL_Southwark_661,London Venue,SLL_Southwark,Gym Session,Gym / Fitness,Gym | Gym Track,False,12.5,Southwark Athletics Track,SE16 2PE,Southwark,51.4924,-0.0512,21:00,22:00,Wednesday,1,False,https://southwarkleisure.co.uk/centres/southwark-park-sports-and-athletics-centre/
SLL_Southwark_662,London Venue,SLL_Southwark,Gym Session,Gym / Fitness,Gym | Gym Track,False,9.7,Southwark Athletics Track,SE16 2PE,Southwark,51.4924,-0.0512,06:30,07:00,Thursday,1,False,https://southwarkleisure.co.uk/centres/southwark-park-sports-and-athletics-centre/
SLL_Southwark_663,London Venue,SLL_Southwark,Gym Session,Gym / Fitness,Gym | Gym Track,False,9.7,Southwark Athletics Track,SE16 2PE,Southwark,51.4924,-0.0512,07:00,08:00,Thursday,1,False,https://southwarkleisure.co.uk/centres/southwark-park-sports-and-athletics-centre/
SLL_Southwark_664,London Venue,SLL_Southwark,Gym Session,Gym / Fitness,Gym | Gym Track,False,9.7,Southwark Athletics Track,SE16 2PE,Southwark,51.4924,-0.0512,08:00,09:00,Thursday,1,False,https://southwarkleisure.co.uk/centres/southwark-park-sports-and-athletics-centre/
SLL_Southwark_665,London Venue,SLL_Southwark,Gym Session,Gym / Fitness,Gym | Gym Track,False,9.7,Southwark Athletics Track,SE16 2PE,Southwark,51.4924,-0.0512,09:00,10:00,Thursday,1,False,https://southwarkleisure.co.uk/centres/southwark-park-sports-and-athletics-centre/
SLL_Southwark_666,London Venue,SLL_Southwark,Gym Session,Gym / Fitness,Gym | Gym Track,False,9.7,Southwark Athletics Track,SE16 2PE,Southwark,51.4924,-0.0512,10:00,11:00,Thursday,1,False,https://southwarkleisure.co.uk/centres/southwark-park-sports-and-athletics-centre/
SLL_Southwark_667,London Venue,SLL_Southwark,Gym Session,Gym / Fitness,Gym | Gym Track,False,9.7,Southwark Athletics Track,SE16 2PE,Southwark,51.4924,-0.0512,11:00,12:00,Thursday,1,False,https://southwarkleisure.co.uk/centres/southwark-park-sports-and-athletics-centre/
SLL_Southwark_668,London Venue,SLL_Southwark,Gym Session,Gym / Fitness,Gym | Gym Track,False,9.7,Southwark Athletics Track,SE16 2PE,Southwark,51.4924,-0.0512,12:00,13:00,Thursday,1,False,https://southwarkleisure.co.uk/centres/southwark-park-sports-and-athletics-centre/
SLL_Southwark_669,London Venue,SLL_Southwark,Gym Session,Gym / Fitness,Gym | Gym Track,False,9.7,Southwark Athletics Track,SE16 2PE,Southwark,51.4924,-0.0512,13:00,14:00,Thursday,1,False,https://southwarkleisure.co.uk/centres/southwark-park-sports-and-athletics-centre/
SLL_Southwark_670,London Venue,SLL_Southwark,Gym Session,Gym / Fitness,Gym | Gym Track,False,12.5,Southwark Athletics Track,SE16 2PE,Southwark,51.4924,-0.0512,16:00,17:00,Thursday,1,False,https://southwarkleisure.co.uk/centres/southwark-park-sports-and-athletics-centre/
SLL_Southwark_671,London Venue,SLL_Southwark,Gym Session,Gym / Fitness,Gym | Gym Track,False,12.5,Southwark Athletics Track,SE16 2PE,Southwark,51.4924,-0.0512,17:00,18:00,Thursday,1,False,https://southwarkleisure.co.uk/centres/southwark-park-sports-and-athletics-centre/
SLL_Southwark_672,London Venue,SLL_Southwark,Gym Session,Gym / Fitness,Gym | Gym Track,False,12.5,Southwark Athletics Track,SE16 2PE,Southwark,51.4924,-0.0512,18:00,19:00,Thursday,1,False,https://southwarkleisure.co.uk/centres/southwark-park-sports-and-athletics-centre/
SLL_Southwark_673,London Venue,SLL_Southwark,Gym Session,Gym / Fitness,Gym | Gym Track,False,12.5,Southwark Athletics Track,SE16 2PE,Southwark,51.4924,-0.0512,19:00,20:00,Thursday,1,False,https://southwarkleisure.co.uk/centres/southwark-park-sports-and-athletics-centre/
SLL_Southwark_674,London Venue,SLL_Southwark,Gym Session,Gym / Fitness,Gym | Gym Track,False,12.5,Southwark Athletics Track,SE16 2PE,Southwark,51.4924,-0.0512,20:00,21:00,Thursday,1,False,https://southwarkleisure.co.uk/centres/southwark-park-sports-and-athletics-centre/
SLL_Southwark_675,London Venue,SLL_Southwark,Gym Session,Gym / Fitness,Gym | Gym Track,False,12.5,Southwark Athletics Track,SE16 2PE,Southwark,51.4924,-0.0512,21:00,22:00,Thursday,1,False,https://southwarkleisure.co.uk/centres/southwark-park-sports-and-athletics-centre/
SLL_Southwark_676,London Venue,SLL_Southwark,Gym Session,Gym / Fitness,Gym | Gym Track,False,9.7,Southwark Athletics Track,SE16 2PE,Southwark,51.4924,-0.0512,06:30,07:00,Friday,1,False,https://southwarkleisure.co.uk/centres/southwark-park-sports-and-athletics-centre/
SLL_Southwark_677,London Venue,SLL_Southwark,Gym Session,Gym / Fitness,Gym | Gym Track,False,9.7,Southwark Athletics Track,SE16 2PE,Southwark,51.4924,-0.0512,07:00,08:00,,1,False,https://southwarkleisure.co.uk/centres/southwark-park-sports-and-athletics-centre/
SLL_Southwark_678,London Venue,SLL_Southwark,Gym Session,Gym / Fitness,Gym | Gym Track,False,9.7,Southwark Athletics Track,SE16 2PE,Southwark,51.4924,-0.0512,08:00,09:00,Friday,1,False,https://southwarkleisure.co.uk/centres/southwark-park-sports-and-athletics-centre/
SLL_Southwark_679,London Venue,SLL_Southwark,Gym Session,Gym / Fitness,Gym | Gym Track,False,9.7,Southwark Athletics Track,SE16 2PE,Southwark,51.4924,-0.0512,09:00,10:00,Friday,1,False,https://southwarkleisure.co.uk/centres/southwark-park-sports-and-athletics-centre/
SLL_Southwark_680,London Venue,SLL_Southwark,Gym Session,Gym / Fitness,Gym | Gym Track,False,9.7,Southwark Athletics Track,SE16 2PE,Southwark,51.4924,-0.0512,10:00,11:00,Friday,1,False,https://southwarkleisure.co.uk/centres/southwark-park-sports-and-athletics-centre/
SLL_Southwark_681,London Venue,SLL_Southwark,Gym Session,Gym / Fitness,Gym | Gym Track,False,9.7,Southwark Athletics Track,SE16 2PE,Southwark,51.4924,-0.0512,11:00,12:00,Friday,1,False,https://southwarkleisure.co.uk/centres/southwark-park-sports-and-athletics-centre/
SLL_Southwark_682,London Venue,SLL_Southwark,Gym Session,Gym / Fitness,Gym | Gym Track,False,9.7,Southwark Athletics Track,SE16 2PE,Southwark,51.4924,-0.0512,12:00,13:00,Friday,1,False,https://southwarkleisure.co.uk/centres/southwark-park-sports-and-athletics-centre/
SLL_Southwark_683,London Venue,SLL_Southwark,Gym Session,Gym / Fitness,Gym | Gym Track,False,9.7,Southwark Athletics Track,SE16 2PE,Southwark,51.4924,-0.0512,13:00,14:00,Friday,1,False,https://southwarkleisure.co.uk/centres/southwark-park-sports-and-athletics-centre/
SLL_Southwark_684,London Venue,SLL_Southwark,Gym Session,Gym / Fitness,Gym | Gym Track,False,9.7,Southwark Athletics Track,SE16 2PE,Southwark,51.4924,-0.0512,14:00,15:00,Friday,1,False,https://southwarkleisure.co.uk/centres/southwark-park-sports-and-athletics-centre/
SLL_Southwark_685,London Venue,SLL_Southwark,Gym Session,Gym / Fitness,Gym | Gym Track,False,9.7,Southwark Athletics Track,SE16 2PE,Southwark,51.4924,-0.0512,15:00,16:00,Friday,1,False,https://southwarkleisure.co.uk/centres/southwark-park-sports-and-athletics-centre/
SLL_Southwark_686,London Venue,SLL_Southwark,Gym Session,Gym / Fitness,Gym | Gym Track,False,9.7,Southwark Athletics Track,SE16 2PE,Southwark,51.4924,-0.0512,16:00,17:00,Friday,1,False,https://southwarkleisure.co.uk/centres/southwark-park-sports-and-athletics-centre/
SLL_Southwark_687,London Venue,SLL_Southwark,Gym Session,Gym / Fitness,Gym | Gym Track,False,9.7,Southwark Athletics Track,SE16 2PE,Southwark,51.4924,-0.0512,17:00,18:00,Friday,1,False,https://southwarkleisure.co.uk/centres/southwark-park-sports-and-athletics-centre/
SLL_Southwark_688,London Venue,SLL_Southwark,Gym Session,Gym / Fitness,Gym | Gym Track,False,9.7,Southwark Athletics Track,SE16 2PE,Southwark,51.4924,-0.0512,18:00,19:00,Friday,1,False,https://southwarkleisure.co.uk/centres/southwark-park-sports-and-athletics-centre/
SLL_Southwark_689,London Venue,SLL_Southwark,Gym Session,Gym / Fitness,Gym | Gym Track,False,9.7,Southwark Athletics Track,SE16 2PE,Southwark,51.4924,-0.0512,19:00,20:00,Friday,1,False,https://southwarkleisure.co.uk/centres/southwark-park-sports-and-athletics-centre/
SLL_Southwark_690,London Venue,SLL_Southwark,Gym Session,Gym / Fitness,Gym | Gym Track,False,9.7,Southwark Athletics Track,SE16 2PE,Southwark,51.4924,-0.0512,20:00,21:00,Friday,1,False,https://southwarkleisure.co.uk/centres/southwark-park-sports-and-athletics-centre/
SLL_Southwark_691,London Venue,SLL_Southwark,Gym Session,Gym / Fitness,Gym | Gym Track,False,9.7,Southwark Athletics Track,SE16 2PE,Southwark,51.4924,-0.0512,21:00,22:00,Friday,1,False,https://southwarkleisure.co.uk/centres/southwark-park-sports-and-athletics-centre/
SLL_Southwark_692,London Venue,SLL_Southwark,Gym Session,Gym / Fitness,Gym | Gym Track,False,9.7,Southwark Athletics Track,SE16 2PE,Southwark,51.4924,-0.0512,09:00,10:00,Saturday,1,False,https://southwarkleisure.co.uk/centres/southwark-park-sports-and-athletics-centre/
SLL_Southwark_693,London Venue,SLL_Southwark,Gym Session,Gym / Fitness,Gym | Gym Track,False,9.7,Southwark Athletics Track,SE16 2PE,Southwark,51.4924,-0.0512,10:00,11:00,Saturday,1,False,https://southwarkleisure.co.uk/centres/southwark-park-sports-and-athletics-centre/
SLL_Southwark_694,London Venue,SLL_Southwark,Gym Session,Gym / Fitness,Gym | Gym Track,False,9.7,Southwark Athletics Track,SE16 2PE,Southwark,51.4924,-0.0512,11:00,12:00,Saturday,1,False,https://southwarkleisure.co.uk/centres/southwark-park-sports-and-athletics-centre/
SLL_Southwark_695,London Venue,SLL_Southwark,Gym Session,Gym / Fitness,Gym | Gym Track,False,9.7,Southwark Athletics Track,SE16 2PE,Southwark,51.4924,-0.0512,12:00,13:00,Saturday,1,False,https://southwarkleisure.co.uk/centres/southwark-park-sports-and-athletics-centre/
SLL_Southwark_696,London Venue,SLL_Southwark,Gym Session,Gym / Fitness,Gym | Gym Track,False,9.7,Southwark Athletics Track,SE16 2PE,Southwark,51.4924,-0.0512,13:00,14:00,Saturday,1,False,https://southwarkleisure.co.uk/centres/southwark-park-sports-and-athletics-centre/
SLL_Southwark_697,London Venue,SLL_Southwark,Gym Session,Gym / Fitness,Gym | Gym Track,False,9.7,Southwark Athletics Track,SE16 2PE,Southwark,51.4924,-0.0512,14:00,15:00,Saturday,1,False,https://southwarkleisure.co.uk/centres/southwark-park-sports-and-athletics-centre/
SLL_Southwark_698,London Venue,SLL_Southwark,Gym Session,Gym / Fitness,Gym | Gym Track,False,9.7,Southwark Athletics Track,SE16 2PE,Southwark,51.4924,-0.0512,15:00,16:00,Saturday,1,False,https://southwarkleisure.co.uk/centres/southwark-park-sports-and-athletics-centre/
SLL_Southwark_699,London Venue,SLL_Southwark,Gym Session,Gym / Fitness,Gym | Gym Track,False,9.7,Southwark Athletics Track,SE16 2PE,Southwark,51.4924,-0.0512,16:00,17:00,Saturday,1,False,https://southwarkleisure.co.uk/centres/southwark-park-sports-and-athletics-centre/
SLL_Southwark_700,London Venue,SLL_Southwark,Gym Session,Gym / Fitness,Gym | Gym Track,False,9.7,Southwark Athletics Track,SE16 2PE,Southwark,51.4924,-0.0512,09:00,10:00,Sunday,1,False,https://southwarkleisure.co.uk/centres/southwark-park-sports-and-athletics-centre/
SLL_Southwark_701,London Venue,SLL_Southwark,Gym Session,Gym / Fitness,Gym | Gym Track,False,9.7,Southwark Athletics Track,SE16 2PE,Southwark,51.4924,-0.0512,10:00,11:00,Sunday,1,False,https://southwarkleisure.co.uk/centres/southwark-park-sports-and-athletics-centre/
SLL_Southwark_702,London Venue,SLL_Southwark,Gym Session,Gym / Fitness,Gym | Gym Track,False,9.7,Southwark Athletics Track,SE16 2PE,Southwark,51.4924,-0.0512,11:00,12:00,Sunday,1,False,https://southwarkleisure.co.uk/centres/southwark-park-sports-and-athletics-centre/
SLL_Southwark_703,London Venue,SLL_Southwark,Gym Session,Gym / Fitness,Gym | Gym Track,False,9.7,Southwark Athletics Track,SE16 2PE,Southwark,51.4924,-0.0512,12:00,13:00,Sunday,1,False,https://southwarkleisure.co.uk/centres/southwark-park-sports-and-athletics-centre/
SLL_Southwark_704,London Venue,SLL_Southwark,Gym Session,Gym / Fitness,Gym | Gym Track,False,9.7,Southwark Athletics Track,SE16 2PE,Southwark,51.4924,-0.0512,13:00,14:00,Sunday,1,False,https://southwarkleisure.co.uk/centres/southwark-park-sports-and-athletics-centre/
SLL_Southwark_705,London Venue,SLL_Southwark,Gym Session,Gym / Fitness,Gym | Gym Track,False,9.7,Southwark Athletics Track,SE16 2PE,Southwark,51.4924,-0.0512,14:00,15:00,Sunday,1,False,https://southwarkleisure.co.uk/centres/southwark-park-sports-and-athletics-centre/
SLL_Southwark_706,London Venue,SLL_Southwark,Gym Session,Gym / Fitness,Gym | Gym Track,False,9.7,Southwark Athletics Track,SE16 2PE,Southwark,51.4924,-0.0512,15:00,16:00,Sunday,1,False,https://southwarkleisure.co.uk/centres/southwark-park-sports-and-athletics-centre/
SLL_Southwark_707,London Venue,SLL_Southwark,Gym Session,Gym / Fitness,Gym | Gym Track,False,9.7,Southwark Athletics Track,SE16 2PE,Southwark,51.4924,-0.0512,16:00,17:00,Sunday,1,False,https://southwarkleisure.co.uk/centres/southwark-park-sports-and-athletics-centre/
SLL_Southwark_708,London Venue,SLL_Southwark,Gym Session,Gym / Fitness,Gym | Gym Surrey Docks,False,9.7,Surrey Docks Fitness & Water Sports,SE16 7SX,Southwark,51.493796,-0.039449,06:30,07:00,Monday,1,False,https://southwarkleisure.co.uk/centres/surrey-docks-fitness-and-watersports-centre/
SLL_Southwark_709,London Venue,SLL_Southwark,Gym Session,Gym / Fitness,Gym | Gym Surrey Docks,False,9.7,Surrey Docks Fitness & Water Sports,SE16 7SX,Southwark,51.493796,-0.039449,07:00,08:00,,1,False,https://southwarkleisure.co.uk/centres/surrey-docks-fitness-and-watersports-centre/
SLL_Southwark_710,London Venue,SLL_Southwark,Gym Session,Gym / Fitness,Gym | Gym Surrey Docks,False,9.7,Surrey Docks Fitness & Water Sports,SE16 7SX,Southwark,51.493796,-0.039449,10:00,11:00,Monday,1,False,https://southwarkleisure.co.uk/centres/surrey-docks-fitness-and-watersports-centre/
SLL_Southwark_711,London Venue,SLL_Southwark,Gym Session,Gym / Fitness,Gym | Gym Surrey Docks,False,9.7,Surrey Docks Fitness & Water Sports,SE16 7SX,Southwark,51.493796,-0.039449,11:00,12:00,Monday,1,False,https://southwarkleisure.co.uk/centres/surrey-docks-fitness-and-watersports-centre/
SLL_Southwark_712,London Venue,SLL_Southwark,Gym Session,Gym / Fitness,Gym | Gym Surrey Docks,False,9.7,Surrey Docks Fitness & Water Sports,SE16 7SX,Southwark,51.493796,-0.039449,12:00,13:00,Monday,1,False,https://southwarkleisure.co.uk/centres/surrey-docks-fitness-and-watersports-centre/
SLL_Southwark_713,London Venue,SLL_Southwark,Gym Session,Gym / Fitness,Gym | Gym Surrey Docks,False,9.7,Surrey Docks Fitness & Water Sports,SE16 7SX,Southwark,51.493796,-0.039449,13:00,14:00,Monday,1,False,https://southwarkleisure.co.uk/centres/surrey-docks-fitness-and-watersports-centre/
SLL_Southwark_714,London Venue,SLL_Southwark,Gym Session,Gym / Fitness,Gym | Gym Surrey Docks,False,9.7,Surrey Docks Fitness & Water Sports,SE16 7SX,Southwark,51.493796,-0.039449,14:00,15:00,Monday,1,False,https://southwarkleisure.co.uk/centres/surrey-docks-fitness-and-watersports-centre/
SLL_Southwark_715,London Venue,SLL_Southwark,Gym Session,Gym / Fitness,Gym | Gym Surrey Docks,False,12.5,Surrey Docks Fitness & Water Sports,SE16 7SX,Southwark,51.493796,-0.039449,15:00,16:00,Monday,1,False,https://southwarkleisure.co.uk/centres/surrey-docks-fitness-and-watersports-centre/
SLL_Southwark_716,London Venue,SLL_Southwark,Gym Session,Gym / Fitness,Gym | Gym Surrey Docks,False,12.5,Surrey Docks Fitness & Water Sports,SE16 7SX,Southwark,51.493796,-0.039449,16:00,17:00,,1,False,https://southwarkleisure.co.uk/centres/surrey-docks-fitness-and-watersports-centre/
SLL_Southwark_717,London Venue,SLL_Southwark,Gym Session,Gym / Fitness,Gym | Gym Surrey Docks,False,12.5,Surrey Docks Fitness & Water Sports,SE16 7SX,Southwark,51.493796,-0.039449,17:00,18:00,Monday,1,False,https://southwarkleisure.co.uk/centres/surrey-docks-fitness-and-watersports-centre/
SLL_Southwark_718,London Venue,SLL_Southwark,Gym Session,Gym / Fitness,Gym | Gym Surrey Docks,False,12.5,Surrey Docks Fitness & Water Sports,SE16 7SX,Southwark,51.493796,-0.039449,18:00,19:00,Monday,1,False,https://southwarkleisure.co.uk/centres/surrey-docks-fitness-and-watersports-centre/
SLL_Southwark_719,London Venue,SLL_Southwark,Gym Session,Gym / Fitness,Gym | Gym Surrey Docks,False,12.5,Surrey Docks Fitness & Water Sports,SE16 7SX,Southwark,51.493796,-0.039449,19:00,20:00,Monday,1,False,https://southwarkleisure.co.uk/centres/surrey-docks-fitness-and-watersports-centre/
SLL_Southwark_720,London Venue,SLL_Southwark,Gym Session,Gym / Fitness,Gym | Gym Surrey Docks,False,12.5,Surrey Docks Fitness & Water Sports,SE16 7SX,Southwark,51.493796,-0.039449,20:00,21:00,Monday,1,False,https://southwarkleisure.co.uk/centres/surrey-docks-fitness-and-watersports-centre/
SLL_Southwark_721,London Venue,SLL_Southwark,Gym Session,Gym / Fitness,Gym | Gym Surrey Docks,False,12.5,Surrey Docks Fitness & Water Sports,SE16 7SX,Southwark,51.493796,-0.039449,21:00,22:00,Monday,1,False,https://southwarkleisure.co.uk/centres/surrey-docks-fitness-and-watersports-centre/
SLL_Southwark_722,London Venue,SLL_Southwark,Gym Session,Gym / Fitness,Gym | Gym Surrey Docks,False,9.7,Surrey Docks Fitness & Water Sports,SE16 7SX,Southwark,51.493796,-0.039449,06:30,07:00,Tuesday,1,False,https://southwarkleisure.co.uk/centres/surrey-docks-fitness-and-watersports-centre/
SLL_Southwark_723,London Venue,SLL_Southwark,Gym Session,Gym / Fitness,Gym | Gym Surrey Docks,False,9.7,Surrey Docks Fitness & Water Sports,SE16 7SX,Southwark,51.493796,-0.039449,07:00,08:00,Tuesday,1,False,https://southwarkleisure.co.uk/centres/surrey-docks-fitness-and-watersports-centre/
SLL_Southwark_724,London Venue,SLL_Southwark,Gym Session,Gym / Fitness,Gym | Gym Surrey Docks,False,9.7,Surrey Docks Fitness & Water Sports,SE16 7SX,Southwark,51.493796,-0.039449,08:00,09:00,Tuesday,1,False,https://southwarkleisure.co.uk/centres/surrey-docks-fitness-and-watersports-centre/
SLL_Southwark_725,London Venue,SLL_Southwark,Gym Session,Gym / Fitness,Gym | Gym Surrey Docks,False,9.7,Surrey Docks Fitness & Water Sports,SE16 7SX,Southwark,51.493796,-0.039449,09:00,10:00,Tuesday,1,False,https://southwarkleisure.co.uk/centres/surrey-docks-fitness-and-watersports-centre/
SLL_Southwark_726,London Venue,SLL_Southwark,Gym Session,Gym / Fitness,Gym | Gym Surrey Docks,False,9.7,Surrey Docks Fitness & Water Sports,SE16 7SX,Southwark,51.493796,-0.039449,10:00,11:00,Tuesday,1,False,https://southwarkleisure.co.uk/centres/surrey-docks-fitness-and-watersports-centre/
SLL_Southwark_727,London Venue,SLL_Southwark,Gym Session,Gym / Fitness,Gym | Gym Surrey Docks,False,9.7,Surrey Docks Fitness & Water Sports,SE16 7SX,Southwark,51.493796,-0.039449,13:00,14:00,Tuesday,1,False,https://southwarkleisure.co.uk/centres/surrey-docks-fitness-and-watersports-centre/
SLL_Southwark_728,London Venue,SLL_Southwark,Gym Session,Gym / Fitness,Gym | Gym Surrey Docks,False,9.7,Surrey Docks Fitness & Water Sports,SE16 7SX,Southwark,51.493796,-0.039449,14:00,15:00,Tuesday,1,False,https://southwarkleisure.co.uk/centres/surrey-docks-fitness-and-watersports-centre/
SLL_Southwark_729,London Venue,SLL_Southwark,Gym Session,Gym / Fitness,Gym | Gym Surrey Docks,False,12.5,Surrey Docks Fitness & Water Sports,SE16 7SX,Southwark,51.493796,-0.039449,15:00,16:00,Tuesday,1,False,https://southwarkleisure.co.uk/centres/surrey-docks-fitness-and-watersports-centre/
SLL_Southwark_730,London Venue,SLL_Southwark,Gym Session,Gym / Fitness,Gym | Gym Surrey Docks,False,12.5,Surrey Docks Fitness & Water Sports,SE16 7SX,Southwark,51.493796,-0.039449,16:00,17:00,Tuesday,1,False,https://southwarkleisure.co.uk/centres/surrey-docks-fitness-and-watersports-centre/
SLL_Southwark_731,London Venue,SLL_Southwark,Gym Session,Gym / Fitness,Gym | Gym Surrey Docks,False,12.5,Surrey Docks Fitness & Water Sports,SE16 7SX,Southwark,51.493796,-0.039449,17:00,18:00,Tuesday,1,False,https://southwarkleisure.co.uk/centres/surrey-docks-fitness-and-watersports-centre/
SLL_Southwark_732,London Venue,SLL_Southwark,Gym Session,Gym / Fitness,Gym | Gym Surrey Docks,False,12.5,Surrey Docks Fitness & Water Sports,SE16 7SX,Southwark,51.493796,-0.039449,18:00,19:00,Tuesday,1,False,https://southwarkleisure.co.uk/centres/surrey-docks-fitness-and-watersports-centre/
SLL_Southwark_733,London Venue,SLL_Southwark,Gym Session,Gym / Fitness,Gym | Gym Surrey Docks,False,12.5,Surrey Docks Fitness & Water Sports,SE16 7SX,Southwark,51.493796,-0.039449,19:00,20:00,Tuesday,1,False,https://southwarkleisure.co.uk/centres/surrey-docks-fitness-and-watersports-centre/
SLL_Southwark_734,London Venue,SLL_Southwark,Gym Session,Gym / Fitness,Gym | Gym Surrey Docks,False,12.5,Surrey Docks Fitness & Water Sports,SE16 7SX,Southwark,51.493796,-0.039449,20:00,21:00,Tuesday,1,False,https://southwarkleisure.co.uk/centres/surrey-docks-fitness-and-watersports-centre/
SLL_Southwark_735,London Venue,SLL_Southwark,Gym Session,Gym / Fitness,Gym | Gym Surrey Docks,False,12.5,Surrey Docks Fitness & Water Sports,SE16 7SX,Southwark,51.493796,-0.039449,21:00,22:00,Tuesday,1,False,https://southwarkleisure.co.uk/centres/surrey-docks-fitness-and-watersports-centre/
SLL_Southwark_736,London Venue,SLL_Southwark,Gym Session,Gym / Fitness,Gym | Gym Surrey Docks,False,9.7,Surrey Docks Fitness & Water Sports,SE16 7SX,Southwark,51.493796,-0.039449,06:30,07:00,Wednesday,1,False,https://southwarkleisure.co.uk/centres/surrey-docks-fitness-and-watersports-centre/
SLL_Southwark_737,London Venue,SLL_Southwark,Gym Session,Gym / Fitness,Gym | Gym Surrey Docks,False,9.7,Surrey Docks Fitness & Water Sports,SE16 7SX,Southwark,51.493796,-0.039449,07:00,08:00,Wednesday,1,False,https://southwarkleisure.co.uk/centres/surrey-docks-fitness-and-watersports-centre/
SLL_Southwark_738,London Venue,SLL_Southwark,Gym Session,Gym / Fitness,Gym | Gym Surrey Docks,False,9.7,Surrey Docks Fitness & Water Sports,SE16 7SX,Southwark,51.493796,-0.039449,08:00,09:00,Wednesday,1,False,https://southwarkleisure.co.uk/centres/surrey-docks-fitness-and-watersports-centre/
SLL_Southwark_739,London Venue,SLL_Southwark,Gym Session,Gym / Fitness,Gym | Gym Surrey Docks,False,9.7,Surrey Docks Fitness & Water Sports,SE16 7SX,Southwark,51.493796,-0.039449,09:00,10:00,Wednesday,1,False,https://southwarkleisure.co.uk/centres/surrey-docks-fitness-and-watersports-centre/
SLL_Southwark_740,London Venue,SLL_Southwark,Gym Session,Gym / Fitness,Gym | Gym Surrey Docks,False,9.7,Surrey Docks Fitness & Water Sports,SE16 7SX,Southwark,51.493796,-0.039449,10:00,11:00,Wednesday,1,False,https://southwarkleisure.co.uk/centres/surrey-docks-fitness-and-watersports-centre/
SLL_Southwark_741,London Venue,SLL_Southwark,Gym Session,Gym / Fitness,Gym | Gym Surrey Docks,False,9.7,Surrey Docks Fitness & Water Sports,SE16 7SX,Southwark,51.493796,-0.039449,11:00,12:00,Wednesday,1,False,https://southwarkleisure.co.uk/centres/surrey-docks-fitness-and-watersports-centre/
SLL_Southwark_742,London Venue,SLL_Southwark,Gym Session,Gym / Fitness,Gym | Gym Surrey Docks,False,9.7,Surrey Docks Fitness & Water Sports,SE16 7SX,Southwark,51.493796,-0.039449,12:00,13:00,Wednesday,1,False,https://southwarkleisure.co.uk/centres/surrey-docks-fitness-and-watersports-centre/
SLL_Southwark_743,London Venue,SLL_Southwark,Gym Session,Gym / Fitness,Gym | Gym Surrey Docks,False,9.7,Surrey Docks Fitness & Water Sports,SE16 7SX,Southwark,51.493796,-0.039449,13:00,14:00,Wednesday,1,False,https://southwarkleisure.co.uk/centres/surrey-docks-fitness-and-watersports-centre/
SLL_Southwark_744,London Venue,SLL_Southwark,Gym Session,Gym / Fitness,Gym | Gym Surrey Docks,False,12.5,Surrey Docks Fitness & Water Sports,SE16 7SX,Southwark,51.493796,-0.039449,16:00,17:00,Wednesday,1,False,https://southwarkleisure.co.uk/centres/surrey-docks-fitness-and-watersports-centre/
SLL_Southwark_745,London Venue,SLL_Southwark,Gym Session,Gym / Fitness,Gym | Gym Surrey Docks,False,12.5,Surrey Docks Fitness & Water Sports,SE16 7SX,Southwark,51.493796,-0.039449,17:00,18:00,Wednesday,1,False,https://southwarkleisure.co.uk/centres/surrey-docks-fitness-and-watersports-centre/
SLL_Southwark_746,London Venue,SLL_Southwark,Gym Session,Gym / Fitness,Gym | Gym Surrey Docks,False,12.5,Surrey Docks Fitness & Water Sports,SE16 7SX,Southwark,51.493796,-0.039449,18:00,19:00,Wednesday,1,False,https://southwarkleisure.co.uk/centres/surrey-docks-fitness-and-watersports-centre/
SLL_Southwark_747,London Venue,SLL_Southwark,Gym Session,Gym / Fitness,Gym | Gym Surrey Docks,False,12.5,Surrey Docks Fitness & Water Sports,SE16 7SX,Southwark,51.493796,-0.039449,19:00,20:00,Wednesday,1,False,https://southwarkleisure.co.uk/centres/surrey-docks-fitness-and-watersports-centre/
SLL_Southwark_748,London Venue,SLL_Southwark,Gym Session,Gym / Fitness,Gym | Gym Surrey Docks,False,12.5,Surrey Docks Fitness & Water Sports,SE16 7SX,Southwark,51.493796,-0.039449,20:00,21:00,Wednesday,1,False,https://southwarkleisure.co.uk/centres/surrey-docks-fitness-and-watersports-centre/
SLL_Southwark_749,London Venue,SLL_Southwark,Gym Session,Gym / Fitness,Gym | Gym Surrey Docks,False,12.5,Surrey Docks Fitness & Water Sports,SE16 7SX,Southwark,51.493796,-0.039449,21:00,22:00,Wednesday,1,False,https://southwarkleisure.co.uk/centres/surrey-docks-fitness-and-watersports-centre/
SLL_Southwark_750,London Venue,SLL_Southwark,Gym Session,Gym / Fitness,Gym | Gym Surrey Docks,False,9.7,Surrey Docks Fitness & Water Sports,SE16 7SX,Southwark,51.493796,-0.039449,06:30,07:00,Thursday,1,False,https://southwarkleisure.co.uk/centres/surrey-docks-fitness-and-watersports-centre/
SLL_Southwark_751,London Venue,SLL_Southwark,Gym Session,Gym / Fitness,Gym | Gym Surrey Docks,False,9.7,Surrey Docks Fitness & Water Sports,SE16 7SX,Southwark,51.493796,-0.039449,08:00,09:00,Thursday,1,False,https://southwarkleisure.co.uk/centres/surrey-docks-fitness-and-watersports-centre/
SLL_Southwark_752,London Venue,SLL_Southwark,Gym Session,Gym / Fitness,Gym | Gym Surrey Docks,False,9.7,Surrey Docks Fitness & Water Sports,SE16 7SX,Southwark,51.493796,-0.039449,09:00,10:00,Thursday,1,False,https://southwarkleisure.co.uk/centres/surrey-docks-fitness-and-watersports-centre/
SLL_Southwark_753,London Venue,SLL_Southwark,Gym Session,Gym / Fitness,Gym | Gym Surrey Docks,False,9.7,Surrey Docks Fitness & Water Sports,SE16 7SX,Southwark,51.493796,-0.039449,10:00,11:00,Thursday,1,False,https://southwarkleisure.co.uk/centres/surrey-docks-fitness-and-watersports-centre/
SLL_Southwark_754,London Venue,SLL_Southwark,Gym Session,Gym / Fitness,Gym | Gym Surrey Docks,False,9.7,Surrey Docks Fitness & Water Sports,SE16 7SX,Southwark,51.493796,-0.039449,11:00,12:00,Thursday,1,False,https://southwarkleisure.co.uk/centres/surrey-docks-fitness-and-watersports-centre/
SLL_Southwark_755,London Venue,SLL_Southwark,Gym Session,Gym / Fitness,Gym | Gym Surrey Docks,False,9.7,Surrey Docks Fitness & Water Sports,SE16 7SX,Southwark,51.493796,-0.039449,12:00,13:00,Thursday,1,False,https://southwarkleisure.co.uk/centres/surrey-docks-fitness-and-watersports-centre/
SLL_Southwark_756,London Venue,SLL_Southwark,Gym Session,Gym / Fitness,Gym | Gym Surrey Docks,False,9.7,Surrey Docks Fitness & Water Sports,SE16 7SX,Southwark,51.493796,-0.039449,13:00,14:00,Thursday,1,False,https://southwarkleisure.co.uk/centres/surrey-docks-fitness-and-watersports-centre/
SLL_Southwark_757,London Venue,SLL_Southwark,Gym Session,Gym / Fitness,Gym | Gym Surrey Docks,False,12.5,Surrey Docks Fitness & Water Sports,SE16 7SX,Southwark,51.493796,-0.039449,16:00,17:00,Thursday,1,False,https://southwarkleisure.co.uk/centres/surrey-docks-fitness-and-watersports-centre/
SLL_Southwark_758,London Venue,SLL_Southwark,Gym Session,Gym / Fitness,Gym | Gym Surrey Docks,False,12.5,Surrey Docks Fitness & Water Sports,SE16 7SX,Southwark,51.493796,-0.039449,17:00,18:00,Thursday,1,False,https://southwarkleisure.co.uk/centres/surrey-docks-fitness-and-watersports-centre/
SLL_Southwark_759,London Venue,SLL_Southwark,Gym Session,Gym / Fitness,Gym | Gym Surrey Docks,False,12.5,Surrey Docks Fitness & Water Sports,SE16 7SX,Southwark,51.493796,-0.039449,18:00,19:00,Thursday,1,False,https://southwarkleisure.co.uk/centres/surrey-docks-fitness-and-watersports-centre/
SLL_Southwark_760,London Venue,SLL_Southwark,Gym Session,Gym / Fitness,Gym | Gym Surrey Docks,False,12.5,Surrey Docks Fitness & Water Sports,SE16 7SX,Southwark,51.493796,-0.039449,19:00,20:00,Thursday,1,False,https://southwarkleisure.co.uk/centres/surrey-docks-fitness-and-watersports-centre/
SLL_Southwark_761,London Venue,SLL_Southwark,Gym Session,Gym / Fitness,Gym | Gym Surrey Docks,False,12.5,Surrey Docks Fitness & Water Sports,SE16 7SX,Southwark,51.493796,-0.039449,20:00,21:00,Thursday,1,False,https://southwarkleisure.co.uk/centres/surrey-docks-fitness-and-watersports-centre/
SLL_Southwark_762,London Venue,SLL_Southwark,Gym Session,Gym / Fitness,Gym | Gym Surrey Docks,False,12.5,Surrey Docks Fitness & Water Sports,SE16 7SX,Southwark,51.493796,-0.039449,21:00,22:00,Thursday,1,False,https://southwarkleisure.co.uk/centres/surrey-docks-fitness-and-watersports-centre/
SLL_Southwark_763,London Venue,SLL_Southwark,Gym Session,Gym / Fitness,Gym | Gym Surrey Docks,False,9.7,Surrey Docks Fitness & Water Sports,SE16 7SX,Southwark,51.493796,-0.039449,06:30,07:00,Friday,1,False,https://southwarkleisure.co.uk/centres/surrey-docks-fitness-and-watersports-centre/
SLL_Southwark_764,London Venue,SLL_Southwark,Gym Session,Gym / Fitness,Gym | Gym Surrey Docks,False,9.7,Surrey Docks Fitness & Water Sports,SE16 7SX,Southwark,51.493796,-0.039449,07:00,08:00,,1,False,https://southwarkleisure.co.uk/centres/surrey-docks-fitness-and-watersports-centre/
SLL_Southwark_765,London Venue,SLL_Southwark,Gym Session,Gym / Fitness,Gym | Gym Surrey Docks,False,9.7,Surrey Docks Fitness & Water Sports,SE16 7SX,Southwark,51.493796,-0.039449,08:00,09:00,Friday,1,False,https://southwarkleisure.co.uk/centres/surrey-docks-fitness-and-watersports-centre/
SLL_Southwark_766,London Venue,SLL_Southwark,Gym Session,Gym / Fitness,Gym | Gym Surrey Docks,False,9.7,Surrey Docks Fitness & Water Sports,SE16 7SX,Southwark,51.493796,-0.039449,09:00,10:00,Friday,1,False,https://southwarkleisure.co.uk/centres/surrey-docks-fitness-and-watersports-centre/
SLL_Southwark_767,London Venue,SLL_Southwark,Gym Session,Gym / Fitness,Gym | Gym Surrey Docks,False,9.7,Surrey Docks Fitness & Water Sports,SE16 7SX,Southwark,51.493796,-0.039449,10:00,11:00,Friday,1,False,https://southwarkleisure.co.uk/centres/surrey-docks-fitness-and-watersports-centre/
SLL_Southwark_768,London Venue,SLL_Southwark,Gym Session,Gym / Fitness,Gym | Gym Surrey Docks,False,9.7,Surrey Docks Fitness & Water Sports,SE16 7SX,Southwark,51.493796,-0.039449,11:00,12:00,Friday,1,False,https://southwarkleisure.co.uk/centres/surrey-docks-fitness-and-watersports-centre/
SLL_Southwark_769,London Venue,SLL_Southwark,Gym Session,Gym / Fitness,Gym | Gym Surrey Docks,False,9.7,Surrey Docks Fitness & Water Sports,SE16 7SX,Southwark,51.493796,-0.039449,12:00,13:00,Friday,1,False,https://southwarkleisure.co.uk/centres/surrey-docks-fitness-and-watersports-centre/
SLL_Southwark_770,London Venue,SLL_Southwark,Gym Session,Gym / Fitness,Gym | Gym Surrey Docks,False,9.7,Surrey Docks Fitness & Water Sports,SE16 7SX,Southwark,51.493796,-0.039449,13:00,14:00,Friday,1,False,https://southwarkleisure.co.uk/centres/surrey-docks-fitness-and-watersports-centre/
SLL_Southwark_771,London Venue,SLL_Southwark,Gym Session,Gym / Fitness,Gym | Gym Surrey Docks,False,9.7,Surrey Docks Fitness & Water Sports,SE16 7SX,Southwark,51.493796,-0.039449,14:00,15:00,Friday,1,False,https://southwarkleisure.co.uk/centres/surrey-docks-fitness-and-watersports-centre/
SLL_Southwark_772,London Venue,SLL_Southwark,Gym Session,Gym / Fitness,Gym | Gym Surrey Docks,False,9.7,Surrey Docks Fitness & Water Sports,SE16 7SX,Southwark,51.493796,-0.039449,15:00,16:00,Friday,1,False,https://southwarkleisure.co.uk/centres/surrey-docks-fitness-and-watersports-centre/
SLL_Southwark_773,London Venue,SLL_Southwark,Gym Session,Gym / Fitness,Gym | Gym Surrey Docks,False,9.7,Surrey Docks Fitness & Water Sports,SE16 7SX,Southwark,51.493796,-0.039449,16:00,17:00,Friday,1,False,https://southwarkleisure.co.uk/centres/surrey-docks-fitness-and-watersports-centre/
SLL_Southwark_774,London Venue,SLL_Southwark,Gym Session,Gym / Fitness,Gym | Gym Surrey Docks,False,9.7,Surrey Docks Fitness & Water Sports,SE16 7SX,Southwark,51.493796,-0.039449,17:00,18:00,Friday,1,False,https://southwarkleisure.co.uk/centres/surrey-docks-fitness-and-watersports-centre/
SLL_Southwark_775,London Venue,SLL_Southwark,Gym Session,Gym / Fitness,Gym | Gym Surrey Docks,False,9.7,Surrey Docks Fitness & Water Sports,SE16 7SX,Southwark,51.493796,-0.039449,18:00,19:00,Friday,1,False,https://southwarkleisure.co.uk/centres/surrey-docks-fitness-and-watersports-centre/
SLL_Southwark_776,London Venue,SLL_Southwark,Gym Session,Gym / Fitness,Gym | Gym Surrey Docks,False,9.7,Surrey Docks Fitness & Water Sports,SE16 7SX,Southwark,51.493796,-0.039449,19:00,20:00,Friday,1,False,https://southwarkleisure.co.uk/centres/surrey-docks-fitness-and-watersports-centre/
SLL_Southwark_777,London Venue,SLL_Southwark,Gym Session,Gym / Fitness,Gym | Gym Surrey Docks,False,9.7,Surrey Docks Fitness & Water Sports,SE16 7SX,Southwark,51.493796,-0.039449,20:00,21:00,Friday,1,False,https://southwarkleisure.co.uk/centres/surrey-docks-fitness-and-watersports-centre/
SLL_Southwark_778,London Venue,SLL_Southwark,Gym Session,Gym / Fitness,Gym | Gym Surrey Docks,False,9.7,Surrey Docks Fitness & Water Sports,SE16 7SX,Southwark,51.493796,-0.039449,21:00,22:00,Friday,1,False,https://southwarkleisure.co.uk/centres/surrey-docks-fitness-and-watersports-centre/
SLL_Southwark_779,London Venue,SLL_Southwark,Gym Session,Gym / Fitness,Gym | Gym Surrey Docks,False,9.7,Surrey Docks Fitness & Water Sports,SE16 7SX,Southwark,51.493796,-0.039449,07:00,08:00,Saturday,1,False,https://southwarkleisure.co.uk/centres/surrey-docks-fitness-and-watersports-centre/
SLL_Southwark_780,London Venue,SLL_Southwark,Gym Session,Gym / Fitness,Gym | Gym Surrey Docks,False,9.7,Surrey Docks Fitness & Water Sports,SE16 7SX,Southwark,51.493796,-0.039449,08:00,09:00,Saturday,1,False,https://southwarkleisure.co.uk/centres/surrey-docks-fitness-and-watersports-centre/
SLL_Southwark_781,London Venue,SLL_Southwark,Gym Session,Gym / Fitness,Gym | Gym Surrey Docks,False,9.7,Surrey Docks Fitness & Water Sports,SE16 7SX,Southwark,51.493796,-0.039449,09:00,10:00,Saturday,1,False,https://southwarkleisure.co.uk/centres/surrey-docks-fitness-and-watersports-centre/
SLL_Southwark_782,London Venue,SLL_Southwark,Gym Session,Gym / Fitness,Gym | Gym Surrey Docks,False,9.7,Surrey Docks Fitness & Water Sports,SE16 7SX,Southwark,51.493796,-0.039449,10:00,11:00,Saturday,1,False,https://southwarkleisure.co.uk/centres/surrey-docks-fitness-and-watersports-centre/
SLL_Southwark_783,London Venue,SLL_Southwark,Gym Session,Gym / Fitness,Gym | Gym Surrey Docks,False,9.7,Surrey Docks Fitness & Water Sports,SE16 7SX,Southwark,51.493796,-0.039449,11:00,12:00,Saturday,1,False,https://southwarkleisure.co.uk/centres/surrey-docks-fitness-and-watersports-centre/
SLL_Southwark_784,London Venue,SLL_Southwark,Gym Session,Gym / Fitness,Gym | Gym Surrey Docks,False,9.7,Surrey Docks Fitness & Water Sports,SE16 7SX,Southwark,51.493796,-0.039449,12:00,13:00,Saturday,1,False,https://southwarkleisure.co.uk/centres/surrey-docks-fitness-and-watersports-centre/
SLL_Southwark_785,London Venue,SLL_Southwark,Gym Session,Gym / Fitness,Gym | Gym Surrey Docks,False,9.7,Surrey Docks Fitness & Water Sports,SE16 7SX,Southwark,51.493796,-0.039449,13:00,14:00,Saturday,1,False,https://southwarkleisure.co.uk/centres/surrey-docks-fitness-and-watersports-centre/
SLL_Southwark_786,London Venue,SLL_Southwark,Gym Session,Gym / Fitness,Gym | Gym Surrey Docks,False,9.7,Surrey Docks Fitness & Water Sports,SE16 7SX,Southwark,51.493796,-0.039449,14:00,15:00,Saturday,1,False,https://southwarkleisure.co.uk/centres/surrey-docks-fitness-and-watersports-centre/
SLL_Southwark_787,London Venue,SLL_Southwark,Gym Session,Gym / Fitness,Gym | Gym Surrey Docks,False,9.7,Surrey Docks Fitness & Water Sports,SE16 7SX,Southwark,51.493796,-0.039449,15:00,16:00,Saturday,1,False,https://southwarkleisure.co.uk/centres/surrey-docks-fitness-and-watersports-centre/
SLL_Southwark_788,London Venue,SLL_Southwark,Gym Session,Gym / Fitness,Gym | Gym Surrey Docks,False,9.7,Surrey Docks Fitness & Water Sports,SE16 7SX,Southwark,51.493796,-0.039449,16:00,17:00,Saturday,1,False,https://southwarkleisure.co.uk/centres/surrey-docks-fitness-and-watersports-centre/
SLL_Southwark_789,London Venue,SLL_Southwark,Gym Session,Gym / Fitness,Gym | Gym Surrey Docks,False,9.7,Surrey Docks Fitness & Water Sports,SE16 7SX,Southwark,51.493796,-0.039449,17:00,18:00,Saturday,1,False,https://southwarkleisure.co.uk/centres/surrey-docks-fitness-and-watersports-centre/
SLL_Southwark_790,London Venue,SLL_Southwark,Gym Session,Gym / Fitness,Gym | Gym Surrey Docks,False,9.7,Surrey Docks Fitness & Water Sports,SE16 7SX,Southwark,51.493796,-0.039449,07:00,08:00,Sunday,1,False,https://southwarkleisure.co.uk/centres/surrey-docks-fitness-and-watersports-centre/
SLL_Southwark_791,London Venue,SLL_Southwark,Gym Session,Gym / Fitness,Gym | Gym Surrey Docks,False,9.7,Surrey Docks Fitness & Water Sports,SE16 7SX,Southwark,51.493796,-0.039449,08:00,09:00,Sunday,1,False,https://southwarkleisure.co.uk/centres/surrey-docks-fitness-and-watersports-centre/
SLL_Southwark_792,London Venue,SLL_Southwark,Gym Session,Gym / Fitness,Gym | Gym Surrey Docks,False,9.7,Surrey Docks Fitness & Water Sports,SE16 7SX,Southwark,51.493796,-0.039449,09:00,10:00,Sunday,1,False,https://southwarkleisure.co.uk/centres/surrey-docks-fitness-and-watersports-centre/
SLL_Southwark_793,London Venue,SLL_Southwark,Gym Session,Gym / Fitness,Gym | Gym Surrey Docks,False,9.7,Surrey Docks Fitness & Water Sports,SE16 7SX,Southwark,51.493796,-0.039449,10:00,11:00,Sunday,1,False,https://southwarkleisure.co.uk/centres/surrey-docks-fitness-and-watersports-centre/
SLL_Southwark_794,London Venue,SLL_Southwark,Gym Session,Gym / Fitness,Gym | Gym Surrey Docks,False,9.7,Surrey Docks Fitness & Water Sports,SE16 7SX,Southwark,51.493796,-0.039449,11:00,12:00,Sunday,1,False,https://southwarkleisure.co.uk/centres/surrey-docks-fitness-and-watersports-centre/
SLL_Southwark_795,London Venue,SLL_Southwark,Gym Session,Gym / Fitness,Gym | Gym Surrey Docks,False,9.7,Surrey Docks Fitness & Water Sports,SE16 7SX,Southwark,51.493796,-0.039449,12:00,13:00,Sunday,1,False,https://southwarkleisure.co.uk/centres/surrey-docks-fitness-and-watersports-centre/
SLL_Southwark_796,London Venue,SLL_Southwark,Gym Session,Gym / Fitness,Gym | Gym Surrey Docks,False,9.7,Surrey Docks Fitness & Water Sports,SE16 7SX,Southwark,51.493796,-0.039449,13:00,14:00,Sunday,1,False,https://southwarkleisure.co.uk/centres/surrey-docks-fitness-and-watersports-centre/
SLL_Southwark_797,London Venue,SLL_Southwark,Gym Session,Gym / Fitness,Gym | Gym Surrey Docks,False,9.7,Surrey Docks Fitness & Water Sports,SE16 7SX,Southwark,51.493796,-0.039449,14:00,15:00,Sunday,1,False,https://southwarkleisure.co.uk/centres/surrey-docks-fitness-and-watersports-centre/
SLL_Southwark_798,London Venue,SLL_Southwark,Gym Session,Gym / Fitness,Gym | Gym Surrey Docks,False,9.7,Surrey Docks Fitness & Water Sports,SE16 7SX,Southwark,51.493796,-0.039449,15:00,16:00,Sunday,1,False,https://southwarkleisure.co.uk/centres/surrey-docks-fitness-and-watersports-centre/
SLL_Southwark_799,London Venue,SLL_Southwark,Gym Session,Gym / Fitness,Gym | Gym Surrey Docks,False,9.7,Surrey Docks Fitness & Water Sports,SE16 7SX,Southwark,51.493796,-0.039449,16:00,17:00,Sunday,1,False,https://southwarkleisure.co.uk/centres/surrey-docks-fitness-and-watersports-centre/
SLL_Southwark_800,London Venue,SLL_Southwark,Gym Session,Gym / Fitness,Gym | Gym Surrey Docks,False,9.7,Surrey Docks Fitness & Water Sports,SE16 7SX,Southwark,51.493796,-0.039449,17:00,18:00,Sunday,1,False,https://southwarkleisure.co.uk/centres/surrey-docks-fitness-and-watersports-centre/
SLL_Southwark_801,London Venue,SLL_Southwark,Gym Session,Gym / Fitness,Gym | Gym Surrey Docks,False,9.7,Surrey Docks Fitness & Water Sports,SE16 7SX,Southwark,51.493796,-0.039449,18:00,19:00,Sunday,1,False,https://southwarkleisure.co.uk/centres/surrey-docks-fitness-and-watersports-centre/
SLL_Southwark_802,London Venue,SLL_Southwark,Gym Session,Gym / Fitness,Gym | Gym Surrey Docks,False,9.7,Surrey Docks Fitness & Water Sports,SE16 7SX,Southwark,51.493796,-0.039449,19:00,20:00,Sunday,1,False,https://southwarkleisure.co.uk/centres/surrey-docks-fitness-and-watersports-centre/
SLL_Southwark_803,London Venue,SLL_Southwark,Gym Session,Gym / Fitness,Gym | Gym Surrey Docks,False,9.7,Surrey Docks Fitness & Water Sports,SE16 7SX,Southwark,51.493796,-0.039449,20:00,21:00,Sunday,1,False,https://southwarkleisure.co.uk/centres/surrey-docks-fitness-and-watersports-centre/
SLL_Southwark_804,London Venue,SLL_Southwark,Gym Session,Gym / Fitness,Gym | Gym Surrey Docks,False,9.7,Surrey Docks Fitness & Water Sports,SE16 7SX,Southwark,51.493796,-0.039449,21:00,22:00,Sunday,1,False,https://southwarkleisure.co.uk/centres/surrey-docks-fitness-and-watersports-centre/
SLL_Southwark_805,London Venue,SLL_Southwark,Box12,Group Exercise,Group | Group Exercise Dulwich,False,12.5,Dulwich Leisure Centre,SE22 9HB,Southwark,51.460601,-0.071419,12:00,12:45,Sunday,1,False,https://southwarkleisure.co.uk/centres/dulwich-leisure-centre/
SLL_Southwark_806,London Venue,SLL_Southwark,Yoga,Group Exercise,Group | Group Exercise Camberwell,False,9.7,Camberwell Leisure Centre,SE5 8TS,Southwark,51.47422,-0.09051,09:45,10:45,,1,False,https://southwarkleisure.co.uk/centres/camberwell-leisure-centre/
SLL_Southwark_807,London Venue,SLL_Southwark,Group Cycle,Group Exercise,Group | Group Exercise Dulwich,False,12.5,Dulwich Leisure Centre,SE22 9HB,Southwark,51.460601,-0.071419,09:15,10:00,,1,False,https://southwarkleisure.co.uk/centres/dulwich-leisure-centre/
SLL_Southwark_808,London Venue,SLL_Southwark,Group Cycle,Group Exercise,Group | Group Exercise Docks,False,12.5,Surrey Docks Fitness & Water Sports,SE16 7SX,Southwark,51.493796,-0.039449,18:45,19:30,,1,False,https://southwarkleisure.co.uk/centres/surrey-docks-fitness-and-watersports-centre/
SLL_Southwark_809,London Venue,SLL_Southwark,Group Cycle,Group Exercise,Group | Group Exercise Dulwich,False,12.5,Dulwich Leisure Centre,SE22 9HB,Southwark,51.460601,-0.071419,11:15,12:00,Friday,1,False,https://southwarkleisure.co.uk/centres/dulwich-leisure-centre/
SLL_Southwark_810,London Venue,SLL_Southwark,Yoga,Group Exercise,Group | Group Exercise Docks,False,12.65,Surrey Docks Fitness & Water Sports,SE16 7SX,Southwark,51.493796,-0.039449,20:00,21:30,,1,False,https://southwarkleisure.co.uk/centres/surrey-docks-fitness-and-watersports-centre/
SLL_Southwark_811,London Venue,SLL_Southwark,Yoga,Group Exercise,Group | Group Exercise Camberwell,False,9.7,Camberwell Leisure Centre,SE5 8TS,Southwark,51.47422,-0.09051,12:30,13:30,,1,False,https://southwarkleisure.co.uk/centres/camberwell-leisure-centre/
SLL_Southwark_812,London Venue,SLL_Southwark,Yoga,Group Exercise,Group | Group Exercise Dulwich,False,9.7,Dulwich Leisure Centre,SE22 9HB,Southwark,51.460601,-0.071419,13:00,14:30,Sunday,1,False,https://southwarkleisure.co.uk/centres/dulwich-leisure-centre/
SLL_Southwark_813,London Venue,SLL_Southwark,Yoga Ashtanga,Group Exercise,Group | Group Exercise Docks,False,12.65,Surrey Docks Fitness & Water Sports,SE16 7SX,Southwark,51.493796,-0.039449,19:30,21:00,Tuesday,1,False,https://southwarkleisure.co.uk/centres/surrey-docks-fitness-and-watersports-centre/
SLL_Southwark_814,London Venue,SLL_Southwark,Hiit Class,Group Exercise,Group | Group Exercise Docks,False,12.5,Surrey Docks Fitness & Water Sports,SE16 7SX,Southwark,51.493796,-0.039449,18:15,19:00,,1,False,https://southwarkleisure.co.uk/centres/surrey-docks-fitness-and-watersports-centre/
SLL_Southwark_815,London Venue,SLL_Southwark,Kettlebells,Group Exercise,Group | Group Exercise Dulwich,False,12.5,Dulwich Leisure Centre,SE22 9HB,Southwark,51.460601,-0.071419,19:40,20:25,Tuesday,1,False,https://southwarkleisure.co.uk/centres/dulwich-leisure-centre/
SLL_Southwark_816,London Venue,SLL_Southwark,Step Aerobics,Group Exercise,Group | Group Exercise Docks,False,12.5,Surrey Docks Fitness & Water Sports,SE16 7SX,Southwark,51.493796,-0.039449,11:00,12:00,Saturday,1,False,https://southwarkleisure.co.uk/centres/surrey-docks-fitness-and-watersports-centre/
SLL_Southwark_817,London Venue,SLL_Southwark,Zumba,Group Exercise,Group | Group Exercise Peckham,False,12.5,Peckham Pulse Leisure Centre,SE15 5QN,Southwark,51.474074,-0.070885,10:00,11:00,,1,False,https://southwarkleisure.co.uk/centres/peckham-pulse-leisure-centre/
SLL_Southwark_818,London Venue,SLL_Southwark,Hiit Class,Group Exercise,Group | Group Exercise Peckham,False,12.5,Peckham Pulse Leisure Centre,SE15 5QN,Southwark,51.474074,-0.070885,19:00,20:00,Tuesday,1,False,https://southwarkleisure.co.uk/centres/peckham-pulse-leisure-centre/
SLL_Southwark_819,London Venue,SLL_Southwark,Group Cycle,Group Exercise,Group | Group Exercise Docks,False,12.5,Surrey Docks Fitness & Water Sports,SE16 7SX,Southwark,51.493796,-0.039449,18:15,19:00,Wednesday,1,False,https://southwarkleisure.co.uk/centres/surrey-docks-fitness-and-watersports-centre/
SLL_Southwark_820,London Venue,SLL_Southwark,Zumba,Group Exercise,Group | Group Exercise Dulwich,False,12.5,Dulwich Leisure Centre,SE22 9HB,Southwark,51.460601,-0.071419,12:00,13:00,,1,False,https://southwarkleisure.co.uk/centres/dulwich-leisure-centre/
SLL_Southwark_821,London Venue,SLL_Southwark,Yoga,Group Exercise,Group | Group Exercise Peckham,False,9.7,Peckham Pulse Leisure Centre,SE15 5QN,Southwark,51.474074,-0.070885,19:00,20:00,Monday,1,False,https://southwarkleisure.co.uk/centres/peckham-pulse-leisure-centre/
SLL_Southwark_822,London Venue,SLL_Southwark,Group Cycle,Group Exercise,Group | Group Exercise Peckham,False,12.5,Peckham Pulse Leisure Centre,SE15 5QN,Southwark,51.474074,-0.070885,09:15,10:00,Tuesday,1,False,https://southwarkleisure.co.uk/centres/peckham-pulse-leisure-centre/
SLL_Southwark_823,London Venue,SLL_Southwark,Zumba,Group Exercise,Group | Group Exercise Peckham,False,12.5,Peckham Pulse Leisure Centre,SE15 5QN,Southwark,51.474074,-0.070885,09:15,10:15,Saturday,1,False,https://southwarkleisure.co.uk/centres/peckham-pulse-leisure-centre/
SLL_Southwark_824,London Venue,SLL_Southwark,Yoga Ashtanga,Group Exercise,Group | Group Exercise Peckham,False,9.7,Peckham Pulse Leisure Centre,SE15 5QN,Southwark,51.474074,-0.070885,10:00,11:00,Tuesday,1,False,https://southwarkleisure.co.uk/centres/peckham-pulse-leisure-centre/
SLL_Southwark_825,London Venue,SLL_Southwark,Core Workout,Group Exercise,Group | Group Exercise Dulwich,False,12.5,Dulwich Leisure Centre,SE22 9HB,Southwark,51.460601,-0.071419,11:15,11:45,Thursday,1,False,https://southwarkleisure.co.uk/centres/dulwich-leisure-centre/
SLL_Southwark_826,London Venue,SLL_Southwark,Cycl’h2o,Group Exercise,Group | Group Exercise Canada,False,12.5,Canada Water Leisure Cent,,Southwark,,,19:45,20:30,Friday,1,False,
SLL_Southwark_827,London Venue,SLL_Southwark,Hiit Class,Group Exercise,Group | Group Exercise Dulwich,False,12.5,Dulwich Leisure Centre,SE22 9HB,Southwark,51.460601,-0.071419,06:45,07:30,Friday,1,False,https://southwarkleisure.co.uk/centres/dulwich-leisure-centre/
SLL_Southwark_828,London Venue,SLL_Southwark,Group Cycle,Group Exercise,Group | Group Exercise Peckham,False,12.5,Peckham Pulse Leisure Centre,SE15 5QN,Southwark,51.474074,-0.070885,10:15,11:00,,1,False,https://southwarkleisure.co.uk/centres/peckham-pulse-leisure-centre/
SLL_Southwark_829,London Venue,SLL_Southwark,Pilates,Group Exercise,Group | Group Exercise Camberwell,False,14.9,Camberwell Leisure Centre,SE5 8TS,Southwark,51.47422,-0.09051,18:00,19:00,,1,False,https://southwarkleisure.co.uk/centres/camberwell-leisure-centre/
SLL_Southwark_830,London Venue,SLL_Southwark,Group Cycle,Group Exercise,Group | Group Exercise Dulwich,False,12.5,Dulwich Leisure Centre,SE22 9HB,Southwark,51.460601,-0.071419,06:45,07:30,Friday,1,False,https://southwarkleisure.co.uk/centres/dulwich-leisure-centre/
SLL_Southwark_831,London Venue,SLL_Southwark,Circuit Class,Group Exercise,Group | Group Exercise Peckham,False,12.5,Peckham Pulse Leisure Centre,SE15 5QN,Southwark,51.474074,-0.070885,08:00,08:45,Saturday,1,False,https://southwarkleisure.co.uk/centres/peckham-pulse-leisure-centre/
SLL_Southwark_832,London Venue,SLL_Southwark,Box-12 Supervised,Group Exercise,Group | Group Exercise Camberwell,False,12.5,Camberwell Leisure Centre,SE5 8TS,Southwark,51.47422,-0.09051,07:30,08:15,Tuesday,1,False,https://southwarkleisure.co.uk/centres/camberwell-leisure-centre/
SLL_Southwark_833,London Venue,SLL_Southwark,Total Stretch And Chai,Group Exercise,Group | Group Exercise Peckham,False,12.5,Peckham Pulse Leisure Centre,SE15 5QN,Southwark,51.474074,-0.070885,12:30,13:30,Sunday,1,False,https://southwarkleisure.co.uk/centres/peckham-pulse-leisure-centre/
SLL_Southwark_834,London Venue,SLL_Southwark,Aqua Zumba,Group Exercise,Group | Group Exercise Dulwich,False,12.5,Dulwich Leisure Centre,SE22 9HB,Southwark,51.460601,-0.071419,11:00,11:45,Monday,1,False,https://southwarkleisure.co.uk/centres/dulwich-leisure-centre/
SLL_Southwark_835,London Venue,SLL_Southwark,Zumba,Group Exercise,Group | Group Exercise Dulwich,False,12.5,Dulwich Leisure Centre,SE22 9HB,Southwark,51.460601,-0.071419,19:00,20:00,Monday,1,False,https://southwarkleisure.co.uk/centres/dulwich-leisure-centre/
SLL_Southwark_836,London Venue,SLL_Southwark,Zumba,Group Exercise,Group | Group Exercise Dulwich,False,12.5,Dulwich Leisure Centre,SE22 9HB,Southwark,51.460601,-0.071419,13:00,14:00,,1,False,https://southwarkleisure.co.uk/centres/dulwich-leisure-centre/
SLL_Southwark_837,London Venue,SLL_Southwark,Yoga,Group Exercise,Group | Group Exercise Docks,False,9.7,Surrey Docks Fitness & Water Sports,SE16 7SX,Southwark,51.493796,-0.039449,18:45,19:45,,1,False,https://southwarkleisure.co.uk/centres/surrey-docks-fitness-and-watersports-centre/
SLL_Southwark_838,London Venue,SLL_Southwark,The Training Club,Group Exercise,Group | Group Exercise Dulwich,False,12.5,Dulwich Leisure Centre,SE22 9HB,Southwark,51.460601,-0.071419,06:30,07:00,Monday,1,False,https://southwarkleisure.co.uk/centres/dulwich-leisure-centre/
SLL_Southwark_839,London Venue,SLL_Southwark,Box12,Group Exercise,Group | Group Exercise Dulwich,False,12.5,Dulwich Leisure Centre,SE22 9HB,Southwark,51.460601,-0.071419,07:00,07:45,Monday,1,False,https://southwarkleisure.co.uk/centres/dulwich-leisure-centre/
SLL_Southwark_840,London Venue,SLL_Southwark,Zumba,Group Exercise,Group | Group Exercise Peckham,False,12.5,Peckham Pulse Leisure Centre,SE15 5QN,Southwark,51.474074,-0.070885,08:45,09:30,,1,False,https://southwarkleisure.co.uk/centres/peckham-pulse-leisure-centre/
SLL_Southwark_841,London Venue,SLL_Southwark,Pilates,Group Exercise,Group | Group Exercise Docks,False,14.9,Surrey Docks Fitness & Water Sports,SE16 7SX,Southwark,51.493796,-0.039449,10:45,11:45,Saturday,1,False,https://southwarkleisure.co.uk/centres/surrey-docks-fitness-and-watersports-centre/
SLL_Southwark_842,London Venue,SLL_Southwark,Group Cycle,Group Exercise,Group | Group Exercise Dulwich,False,12.5,Dulwich Leisure Centre,SE22 9HB,Southwark,51.460601,-0.071419,10:45,11:30,Monday,1,False,https://southwarkleisure.co.uk/centres/dulwich-leisure-centre/
SLL_Southwark_843,London Venue,SLL_Southwark,Zumba,Group Exercise,Group | Group Exercise Docks,False,12.5,Surrey Docks Fitness & Water Sports,SE16 7SX,Southwark,51.493796,-0.039449,11:00,12:00,,1,False,https://southwarkleisure.co.uk/centres/surrey-docks-fitness-and-watersports-centre/
SLL_Southwark_844,London Venue,SLL_Southwark,Zumba,Group Exercise,Group | Group Exercise Peckham,False,12.5,Peckham Pulse Leisure Centre,SE15 5QN,Southwark,51.474074,-0.070885,19:00,20:00,Monday,1,False,https://southwarkleisure.co.uk/centres/peckham-pulse-leisure-centre/
SLL_Southwark_845,London Venue,SLL_Southwark,Legs Bums&tums,Group Exercise,Group | Group Exercise Dulwich,False,12.5,Dulwich Leisure Centre,SE22 9HB,Southwark,51.460601,-0.071419,10:15,10:45,,1,False,https://southwarkleisure.co.uk/centres/dulwich-leisure-centre/
SLL_Southwark_846,London Venue,SLL_Southwark,Aqua Aerobics,Group Exercise,Group | Group Exercise Peckham,False,12.5,Peckham Pulse Leisure Centre,SE15 5QN,Southwark,51.474074,-0.070885,10:00,11:00,Monday,1,False,https://southwarkleisure.co.uk/centres/peckham-pulse-leisure-centre/
SLL_Southwark_847,London Venue,SLL_Southwark,Box12,Group Exercise,Group | Group Exercise Dulwich,False,12.5,Dulwich Leisure Centre,SE22 9HB,Southwark,51.460601,-0.071419,07:00,07:45,Wednesday,1,False,https://southwarkleisure.co.uk/centres/dulwich-leisure-centre/
SLL_Southwark_848,London Venue,SLL_Southwark,Group Cycle,Group Exercise,Group | Group Exercise Docks,False,12.5,Surrey Docks Fitness & Water Sports,SE16 7SX,Southwark,51.493796,-0.039449,10:00,10:45,Friday,1,False,https://southwarkleisure.co.uk/centres/surrey-docks-fitness-and-watersports-centre/
SLL_Southwark_849,London Venue,SLL_Southwark,Step,Group Exercise,Group | Group Exercise Peckham,False,12.5,Peckham Pulse Leisure Centre,SE15 5QN,Southwark,51.474074,-0.070885,09:30,10:30,Thursday,1,False,https://southwarkleisure.co.uk/centres/peckham-pulse-leisure-centre/
SLL_Southwark_850,London Venue,SLL_Southwark,Total Toning,Group Exercise,Group | Group Exercise Docks,False,12.5,Surrey Docks Fitness & Water Sports,SE16 7SX,Southwark,51.493796,-0.039449,17:00,17:45,Wednesday,1,False,https://southwarkleisure.co.uk/centres/surrey-docks-fitness-and-watersports-centre/
SLL_Southwark_851,London Venue,SLL_Southwark,Zumba,Group Exercise,Group | Group Exercise Peckham,False,12.5,Peckham Pulse Leisure Centre,SE15 5QN,Southwark,51.474074,-0.070885,09:00,10:00,,1,False,https://southwarkleisure.co.uk/centres/peckham-pulse-leisure-centre/
SLL_Southwark_852,London Venue,SLL_Southwark,Tai Chi,Group Exercise,Group | Group Exercise Camberwell,False,14.9,Camberwell Leisure Centre,SE5 8TS,Southwark,51.47422,-0.09051,14:30,15:30,Friday,1,False,https://southwarkleisure.co.uk/centres/camberwell-leisure-centre/
SLL_Southwark_853,London Venue,SLL_Southwark,Disability Swim,Swimming,Swimming | Swimming Peckham,False,2.5,Peckham Pulse Leisure Centre,SE15 5QN,Southwark,51.474074,-0.070885,20:00,21:00,Monday,1,False,https://southwarkleisure.co.uk/centres/peckham-pulse-leisure-centre/
SLL_Southwark_854,London Venue,SLL_Southwark,The Training Club,Group Exercise,Group | Group Exercise Camberwell,False,12.5,Camberwell Leisure Centre,SE5 8TS,Southwark,51.47422,-0.09051,18:00,18:45,Wednesday,1,False,https://southwarkleisure.co.uk/centres/camberwell-leisure-centre/
SLL_Southwark_855,London Venue,SLL_Southwark,Aerobics,Group Exercise,Group | Group Exercise Peckham,False,12.5,Peckham Pulse Leisure Centre,SE15 5QN,Southwark,51.474074,-0.070885,10:15,11:15,,1,False,https://southwarkleisure.co.uk/centres/peckham-pulse-leisure-centre/
SLL_Southwark_856,London Venue,SLL_Southwark,Group Cycle,Group Exercise,Group | Group Exercise Docks,False,12.5,Surrey Docks Fitness & Water Sports,SE16 7SX,Southwark,51.493796,-0.039449,19:15,20:00,,1,False,https://southwarkleisure.co.uk/centres/surrey-docks-fitness-and-watersports-centre/
SLL_Southwark_857,London Venue,SLL_Southwark,Box12,Group Exercise,Group | Group Exercise Dulwich,False,12.5,Dulwich Leisure Centre,SE22 9HB,Southwark,51.460601,-0.071419,12:00,12:45,Wednesday,1,False,https://southwarkleisure.co.uk/centres/dulwich-leisure-centre/
SLL_Southwark_858,London Venue,SLL_Southwark,Box12,Group Exercise,Group | Group Exercise Dulwich,False,12.5,Dulwich Leisure Centre,SE22 9HB,Southwark,51.460601,-0.071419,07:00,07:45,Tuesday,1,False,https://southwarkleisure.co.uk/centres/dulwich-leisure-centre/
SLL_Southwark_859,London Venue,SLL_Southwark,Circuits Class,Group Exercise,Group | Group Exercise Camberwell,False,12.5,Camberwell Leisure Centre,SE5 8TS,Southwark,51.47422,-0.09051,19:30,20:30,Tuesday,1,False,https://southwarkleisure.co.uk/centres/camberwell-leisure-centre/
SLL_Southwark_860,London Venue,SLL_Southwark,Yoga,Group Exercise,Group | Group Exercise Dulwich,False,9.7,Dulwich Leisure Centre,SE22 9HB,Southwark,51.460601,-0.071419,12:00,13:00,,1,False,https://southwarkleisure.co.uk/centres/dulwich-leisure-centre/
SLL_Southwark_861,London Venue,SLL_Southwark,Circuits Class,Group Exercise,Group | Group Exercise Camberwell,False,12.5,Camberwell Leisure Centre,SE5 8TS,Southwark,51.47422,-0.09051,12:15,13:00,Thursday,1,False,https://southwarkleisure.co.uk/centres/camberwell-leisure-centre/
SLL_Southwark_862,London Venue,SLL_Southwark,Disability Bubble Swim,Swimming,Swimming | Swimming Peckham,False,2.5,Peckham Pulse Leisure Centre,SE15 5QN,Southwark,51.474074,-0.070885,12:00,13:00,,1,False,https://southwarkleisure.co.uk/centres/peckham-pulse-leisure-centre/
SLL_Southwark_863,London Venue,SLL_Southwark,Group Cycle,Group Exercise,Group | Group Exercise Dulwich,False,12.5,Dulwich Leisure Centre,SE22 9HB,Southwark,51.460601,-0.071419,17:45,18:30,,1,False,https://southwarkleisure.co.uk/centres/dulwich-leisure-centre/
SLL_Southwark_864,London Venue,SLL_Southwark,Group Cycle,Group Exercise,Group | Group Exercise Dulwich,False,12.5,Dulwich Leisure Centre,SE22 9HB,Southwark,51.460601,-0.071419,17:30,18:15,,1,False,https://southwarkleisure.co.uk/centres/dulwich-leisure-centre/
SLL_Southwark_865,London Venue,SLL_Southwark,Group Cycle,Group Exercise,Group | Group Exercise Peckham,False,12.5,Peckham Pulse Leisure Centre,SE15 5QN,Southwark,51.474074,-0.070885,10:45,11:30,Monday,1,False,https://southwarkleisure.co.uk/centres/peckham-pulse-leisure-centre/
SLL_Southwark_866,London Venue,SLL_Southwark,Sound Bath,Group Exercise,Group | Group Exercise Docks,False,12.5,Surrey Docks Fitness & Water Sports,SE16 7SX,Southwark,51.493796,-0.039449,18:15,19:15,Sunday,1,False,https://southwarkleisure.co.uk/centres/surrey-docks-fitness-and-watersports-centre/
SLL_Southwark_867,London Venue,SLL_Southwark,Hiit Class,Group Exercise,Group | Group Exercise Dulwich,False,12.5,Dulwich Leisure Centre,SE22 9HB,Southwark,51.460601,-0.071419,06:45,07:30,,1,False,https://southwarkleisure.co.uk/centres/dulwich-leisure-centre/
SLL_Southwark_868,London Venue,SLL_Southwark,Yoga Advanced,Group Exercise,Group | Group Exercise Dulwich,False,9.7,Dulwich Leisure Centre,SE22 9HB,Southwark,51.460601,-0.071419,08:30,10:00,,1,False,https://southwarkleisure.co.uk/centres/dulwich-leisure-centre/
SLL_Southwark_869,London Venue,SLL_Southwark,Zumba,Group Exercise,Group | Group Exercise Docks,False,12.5,Surrey Docks Fitness & Water Sports,SE16 7SX,Southwark,51.493796,-0.039449,20:00,21:00,,1,False,https://southwarkleisure.co.uk/centres/surrey-docks-fitness-and-watersports-centre/
SLL_Southwark_870,London Venue,SLL_Southwark,Yoga,Group Exercise,Group | Group Exercise Dulwich,False,9.7,Dulwich Leisure Centre,SE22 9HB,Southwark,51.460601,-0.071419,09:15,10:15,,1,False,https://southwarkleisure.co.uk/centres/dulwich-leisure-centre/
SLL_Southwark_871,London Venue,SLL_Southwark,Dance Fitness,Group Exercise,Group | Group Exercise Camberwell,False,12.5,Camberwell Leisure Centre,SE5 8TS,Southwark,51.47422,-0.09051,18:15,19:15,Wednesday,1,False,https://southwarkleisure.co.uk/centres/camberwell-leisure-centre/
SLL_Southwark_872,London Venue,SLL_Southwark,Group Cycle,Group Exercise,Group | Group Exercise Docks,False,12.5,Surrey Docks Fitness & Water Sports,SE16 7SX,Southwark,51.493796,-0.039449,17:45,18:30,Monday,1,False,https://southwarkleisure.co.uk/centres/surrey-docks-fitness-and-watersports-centre/
SLL_Southwark_873,London Venue,SLL_Southwark,Box12,Group Exercise,Group | Group Exercise Dulwich,False,12.5,Dulwich Leisure Centre,SE22 9HB,Southwark,51.460601,-0.071419,12:00,12:45,Tuesday,1,False,https://southwarkleisure.co.uk/centres/dulwich-leisure-centre/
SLL_Southwark_874,London Venue,SLL_Southwark,The Training Club,Group Exercise,Group | Group Exercise Dulwich,False,12.5,Dulwich Leisure Centre,SE22 9HB,Southwark,51.460601,-0.071419,10:00,10:45,Tuesday,1,False,https://southwarkleisure.co.uk/centres/dulwich-leisure-centre/
SLL_Southwark_875,London Venue,SLL_Southwark,Pilates,Group Exercise,Group | Group Exercise Docks,False,14.9,Surrey Docks Fitness & Water Sports,SE16 7SX,Southwark,51.493796,-0.039449,09:45,10:45,,1,False,https://southwarkleisure.co.uk/centres/surrey-docks-fitness-and-watersports-centre/
SLL_Southwark_876,London Venue,SLL_Southwark,Body Conditioning,Group Exercise,Group | Group Exercise Peckham,False,12.5,Peckham Pulse Leisure Centre,SE15 5QN,Southwark,51.474074,-0.070885,18:00,19:00,,1,False,https://southwarkleisure.co.uk/centres/peckham-pulse-leisure-centre/
SLL_Southwark_877,London Venue,SLL_Southwark,Pilates,Group Exercise,Group | Group Exercise Peckham,False,14.9,Peckham Pulse Leisure Centre,SE15 5QN,Southwark,51.474074,-0.070885,07:30,08:30,,1,False,https://southwarkleisure.co.uk/centres/peckham-pulse-leisure-centre/
SLL_Southwark_878,London Venue,SLL_Southwark,Group Cycle,Group Exercise,Group | Group Exercise Peckham,False,12.5,Peckham Pulse Leisure Centre,SE15 5QN,Southwark,51.474074,-0.070885,19:05,19:50,,1,False,https://southwarkleisure.co.uk/centres/peckham-pulse-leisure-centre/
SLL_Southwark_879,London Venue,SLL_Southwark,Zumba,Group Exercise,Group | Group Exercise Peckham,False,12.5,Peckham Pulse Leisure Centre,SE15 5QN,Southwark,51.474074,-0.070885,17:30,18:30,Monday,1,False,https://southwarkleisure.co.uk/centres/peckham-pulse-leisure-centre/
SLL_Southwark_880,London Venue,SLL_Southwark,Yoga Hatha,Group Exercise,Group | Group Exercise Dulwich,False,9.7,Dulwich Leisure Centre,SE22 9HB,Southwark,51.460601,-0.071419,19:15,20:15,,1,False,https://southwarkleisure.co.uk/centres/dulwich-leisure-centre/
SLL_Southwark_881,London Venue,SLL_Southwark,Group Cycle,Group Exercise,Group | Group Exercise Peckham,False,12.5,Peckham Pulse Leisure Centre,SE15 5QN,Southwark,51.474074,-0.070885,19:00,19:45,,1,False,https://southwarkleisure.co.uk/centres/peckham-pulse-leisure-centre/
SLL_Southwark_882,London Venue,SLL_Southwark,Pilates,Group Exercise,Group | Group Exercise Docks,False,14.9,Surrey Docks Fitness & Water Sports,SE16 7SX,Southwark,51.493796,-0.039449,20:10,21:10,Thursday,1,False,https://southwarkleisure.co.uk/centres/surrey-docks-fitness-and-watersports-centre/
SLL_Southwark_883,London Venue,SLL_Southwark,Yoga Hatha,Group Exercise,Group | Group Exercise Peckham,False,9.7,Peckham Pulse Leisure Centre,SE15 5QN,Southwark,51.474074,-0.070885,09:00,10:00,Tuesday,1,False,https://southwarkleisure.co.uk/centres/peckham-pulse-leisure-centre/
SLL_Southwark_884,London Venue,SLL_Southwark,H I I T,Group Exercise,Group | Group Exercise Seven Isla,False,12.5,Seven Islands Leisure Centre,SE16 2TU,Southwark,51.496010000000005,-0.05255,18:00,18:45,,1,False,https://southwarkleisure.co.uk/centres/seven-islands-leisure-centre/
SLL_Southwark_885,London Venue,SLL_Southwark,Group Cycle,Group Exercise,Group | Group Exercise Docks,False,12.5,Surrey Docks Fitness & Water Sports,SE16 7SX,Southwark,51.493796,-0.039449,09:45,10:30,Saturday,1,False,https://southwarkleisure.co.uk/centres/surrey-docks-fitness-and-watersports-centre/
SLL_Southwark_886,London Venue,SLL_Southwark,Group Cycle,Group Exercise,Group | Group Exercise Docks,False,12.5,Surrey Docks Fitness & Water Sports,SE16 7SX,Southwark,51.493796,-0.039449,10:45,11:30,Saturday,1,False,https://southwarkleisure.co.uk/centres/surrey-docks-fitness-and-watersports-centre/
SLL_Southwark_887,London Venue,SLL_Southwark,Box12,Group Exercise,Group | Group Exercise Dulwich,False,12.5,Dulwich Leisure Centre,SE22 9HB,Southwark,51.460601,-0.071419,07:00,07:45,Thursday,1,False,https://southwarkleisure.co.uk/centres/dulwich-leisure-centre/
SLL_Southwark_888,London Venue,SLL_Southwark,Power Yoga,Group Exercise,Group | Group Exercise Dulwich,False,12.5,Dulwich Leisure Centre,SE22 9HB,Southwark,51.460601,-0.071419,19:00,19:45,Thursday,1,False,https://southwarkleisure.co.uk/centres/dulwich-leisure-centre/
SLL_Southwark_889,London Venue,SLL_Southwark,Pilates,Group Exercise,Group | Group Exercise Camberwell,False,14.9,Camberwell Leisure Centre,SE5 8TS,Southwark,51.47422,-0.09051,08:15,09:15,,1,False,https://southwarkleisure.co.uk/centres/camberwell-leisure-centre/
SLL_Southwark_890,London Venue,SLL_Southwark,Group Cycle,Group Exercise,Group | Group Exercise Docks,False,12.5,Surrey Docks Fitness & Water Sports,SE16 7SX,Southwark,51.493796,-0.039449,18:15,19:00,,1,False,https://southwarkleisure.co.uk/centres/surrey-docks-fitness-and-watersports-centre/
SLL_Southwark_891,London Venue,SLL_Southwark,Express Hiit,Group Exercise,Group | Group Exercise Docks,False,12.5,Surrey Docks Fitness & Water Sports,SE16 7SX,Southwark,51.493796,-0.039449,09:30,10:00,Wednesday,1,False,https://southwarkleisure.co.uk/centres/surrey-docks-fitness-and-watersports-centre/
SLL_Southwark_892,London Venue,SLL_Southwark,Group Cycle,Group Exercise,Group | Group Exercise Dulwich,False,12.5,Dulwich Leisure Centre,SE22 9HB,Southwark,51.460601,-0.071419,18:30,19:15,,1,False,https://southwarkleisure.co.uk/centres/dulwich-leisure-centre/
SLL_Southwark_893,London Venue,SLL_Southwark,Yoga Hatha,Group Exercise,Group | Group Exercise Dulwich,False,9.7,Dulwich Leisure Centre,SE22 9HB,Southwark,51.460601,-0.071419,13:00,14:00,,1,False,https://southwarkleisure.co.uk/centres/dulwich-leisure-centre/
SLL_Southwark_894,London Venue,SLL_Southwark,Box-12 Supervised,Group Exercise,Group | Group Exercise Camberwell,False,12.5,Camberwell Leisure Centre,SE5 8TS,Southwark,51.47422,-0.09051,07:30,08:15,Thursday,1,False,https://southwarkleisure.co.uk/centres/camberwell-leisure-centre/
SLL_Southwark_895,London Venue,SLL_Southwark,Group Cycle,Group Exercise,Group | Group Exercise Peckham,False,12.5,Peckham Pulse Leisure Centre,SE15 5QN,Southwark,51.474074,-0.070885,09:00,09:45,Saturday,1,False,https://southwarkleisure.co.uk/centres/peckham-pulse-leisure-centre/
SLL_Southwark_896,London Venue,SLL_Southwark,Cycl’h2o,Group Exercise,Group | Group Exercise Canada,False,12.5,Canada Water Leisure Cent,,Southwark,,,08:30,09:15,Sunday,1,False,
SLL_Southwark_897,London Venue,SLL_Southwark,Group Cycle,Group Exercise,Group | Group Exercise Dulwich,False,12.5,Dulwich Leisure Centre,SE22 9HB,Southwark,51.460601,-0.071419,06:45,07:30,,1,False,https://southwarkleisure.co.uk/centres/dulwich-leisure-centre/
SLL_Southwark_898,London Venue,SLL_Southwark,Group Cycle,Group Exercise,Group | Group Exercise Peckham,False,12.5,Peckham Pulse Leisure Centre,SE15 5QN,Southwark,51.474074,-0.070885,09:15,10:00,,1,False,https://southwarkleisure.co.uk/centres/peckham-pulse-leisure-centre/
SLL_Southwark_899,London Venue,SLL_Southwark,Stretch & Tone,Group Exercise,Group | Group Exercise Peckham,False,12.5,Peckham Pulse Leisure Centre,SE15 5QN,Southwark,51.474074,-0.070885,11:15,12:15,,1,False,https://southwarkleisure.co.uk/centres/peckham-pulse-leisure-centre/
SLL_Southwark_900,London Venue,SLL_Southwark,Legs Bums&tums,Group Exercise,Group | Group Exercise Camberwell,False,12.5,Camberwell Leisure Centre,SE5 8TS,Southwark,51.47422,-0.09051,08:40,09:25,Thursday,1,False,https://southwarkleisure.co.uk/centres/camberwell-leisure-centre/
SLL_Southwark_901,London Venue,SLL_Southwark,Hiit,Group Exercise,Group | Group Exercise Dulwich,False,12.5,Dulwich Leisure Centre,SE22 9HB,Southwark,51.460601,-0.071419,12:15,13:00,,1,False,https://southwarkleisure.co.uk/centres/dulwich-leisure-centre/
SLL_Southwark_902,London Venue,SLL_Southwark,Group Cycle,Group Exercise,Group | Group Exercise Docks,False,12.5,Surrey Docks Fitness & Water Sports,SE16 7SX,Southwark,51.493796,-0.039449,19:00,19:45,Tuesday,1,False,https://southwarkleisure.co.uk/centres/surrey-docks-fitness-and-watersports-centre/
SLL_Southwark_903,London Venue,SLL_Southwark,The Training Club,Group Exercise,Group | Group Exercise Dulwich,False,12.5,Dulwich Leisure Centre,SE22 9HB,Southwark,51.460601,-0.071419,20:00,20:45,Thursday,1,False,https://southwarkleisure.co.uk/centres/dulwich-leisure-centre/
SLL_Southwark_904,London Venue,SLL_Southwark,Kettlebells,Group Exercise,Group | Group Exercise Dulwich,False,12.5,Dulwich Leisure Centre,SE22 9HB,Southwark,51.460601,-0.071419,10:30,11:15,,1,False,https://southwarkleisure.co.uk/centres/dulwich-leisure-centre/
SLL_Southwark_905,London Venue,SLL_Southwark,Group Cycle,Group Exercise,Group | Group Exercise Dulwich,False,12.5,Dulwich Leisure Centre,SE22 9HB,Southwark,51.460601,-0.071419,19:30,20:15,Wednesday,1,False,https://southwarkleisure.co.uk/centres/dulwich-leisure-centre/
SLL_Southwark_906,London Venue,SLL_Southwark,Aqua Aerobics,Group Exercise,Group | Group Exercise Peckham,False,12.5,Peckham Pulse Leisure Centre,SE15 5QN,Southwark,51.474074,-0.070885,19:00,20:00,Thursday,1,False,https://southwarkleisure.co.uk/centres/peckham-pulse-leisure-centre/
SLL_Southwark_907,London Venue,SLL_Southwark,H I I T,Group Exercise,Group | Group Exercise Dulwich,False,12.5,Dulwich Leisure Centre,SE22 9HB,Southwark,51.460601,-0.071419,17:45,18:30,,1,False,https://southwarkleisure.co.uk/centres/dulwich-leisure-centre/
SLL_Southwark_908,London Venue,SLL_Southwark,Les Mills Core (45mins),Group Exercise,Group | Group Exercise Dulwich,False,12.5,Dulwich Leisure Centre,SE22 9HB,Southwark,51.460601,-0.071419,18:45,19:45,Friday,1,False,https://southwarkleisure.co.uk/centres/dulwich-leisure-centre/
SLL_Southwark_909,London Venue,SLL_Southwark,Double Impact,Group Exercise,Group | Group Exercise Canada,False,12.5,Canada Water Leisure Cent,,Southwark,,,19:00,19:45,Friday,1,False,
SLL_Southwark_910,London Venue,SLL_Southwark,The Training Club,Group Exercise,Group | Group Exercise Camberwell,False,12.5,Camberwell Leisure Centre,SE5 8TS,Southwark,51.47422,-0.09051,07:00,07:30,Monday,1,False,https://southwarkleisure.co.uk/centres/camberwell-leisure-centre/
SLL_Southwark_911,London Venue,SLL_Southwark,Supple Strength,Group Exercise,Group | Group Exercise Dulwich,False,14.9,Dulwich Leisure Centre,SE22 9HB,Southwark,51.460601,-0.071419,09:30,10:30,Friday,1,False,https://southwarkleisure.co.uk/centres/dulwich-leisure-centre/
SLL_Southwark_912,London Venue,SLL_Southwark,Double Impact,Group Exercise,Group | Group Exercise Canada,False,12.5,Canada Water Leisure Cent,,Southwark,,,09:15,10:00,Sunday,1,False,
SLL_Southwark_913,London Venue,SLL_Southwark,Hiit Class,Group Exercise,Group | Group Exercise Dulwich,False,12.5,Dulwich Leisure Centre,SE22 9HB,Southwark,51.460601,-0.071419,06:45,07:30,Monday,1,False,https://southwarkleisure.co.uk/centres/dulwich-leisure-centre/
SLL_Southwark_914,London Venue,SLL_Southwark,Zumba,Group Exercise,Group | Group Exercise Dulwich,False,12.5,Dulwich Leisure Centre,SE22 9HB,Southwark,51.460601,-0.071419,13:30,14:30,,1,False,https://southwarkleisure.co.uk/centres/dulwich-leisure-centre/
SLL_Southwark_915,London Venue,SLL_Southwark,Box-12 Supervised,Group Exercise,Group | Group Exercise Camberwell,False,12.5,Camberwell Leisure Centre,SE5 8TS,Southwark,51.47422,-0.09051,09:30,10:15,Wednesday,1,False,https://southwarkleisure.co.uk/centres/camberwell-leisure-centre/
SLL_Southwark_916,London Venue,SLL_Southwark,Circuit Class,Group Exercise,Group | Group Exercise Docks,False,12.5,Surrey Docks Fitness & Water Sports,SE16 7SX,Southwark,51.493796,-0.039449,19:15,20:15,Friday,1,False,https://southwarkleisure.co.uk/centres/surrey-docks-fitness-and-watersports-centre/
SLL_Southwark_917,London Venue,SLL_Southwark,Zumba Fri 19.00,Group Exercise,Group | Group Exercise Dulwich,False,12.5,Dulwich Leisure Centre,SE22 9HB,Southwark,51.460601,-0.071419,19:00,20:00,Friday,1,False,https://southwarkleisure.co.uk/centres/dulwich-leisure-centre/
SLL_Southwark_918,London Venue,SLL_Southwark,Yoga,Group Exercise,Group | Group Exercise Dulwich,False,9.7,Dulwich Leisure Centre,SE22 9HB,Southwark,51.460601,-0.071419,09:15,10:30,,1,False,https://southwarkleisure.co.uk/centres/dulwich-leisure-centre/
SLL_Southwark_919,London Venue,SLL_Southwark,Yoga Balance,Group Exercise,Group | Group Exercise Dulwich,False,12.5,Dulwich Leisure Centre,SE22 9HB,Southwark,51.460601,-0.071419,10:30,11:30,,1,False,https://southwarkleisure.co.uk/centres/dulwich-leisure-centre/
SLL_Southwark_920,London Venue,SLL_Southwark,Aqua Aerobics,Group Exercise,Group | Group Exercise Peckham,False,12.5,Peckham Pulse Leisure Centre,SE15 5QN,Southwark,51.474074,-0.070885,10:00,11:00,Friday,1,False,https://southwarkleisure.co.uk/centres/peckham-pulse-leisure-centre/
SLL_Southwark_921,London Venue,SLL_Southwark,Pilates,Group Exercise,Group | Group Exercise Peckham,False,14.9,Peckham Pulse Leisure Centre,SE15 5QN,Southwark,51.474074,-0.070885,11:15,12:15,,1,False,https://southwarkleisure.co.uk/centres/peckham-pulse-leisure-centre/
SLL_Southwark_922,London Venue,SLL_Southwark,Stretch And Mobility,Group Exercise,Group | Group Exercise Docks,False,12.5,Surrey Docks Fitness & Water Sports,SE16 7SX,Southwark,51.493796,-0.039449,16:00,17:00,,1,False,https://southwarkleisure.co.uk/centres/surrey-docks-fitness-and-watersports-centre/
SLL_Southwark_923,London Venue,SLL_Southwark,Bodybalance,Group Exercise,Group | Group Exercise Dulwich,False,12.5,Dulwich Leisure Centre,SE22 9HB,Southwark,51.460601,-0.071419,12:15,13:15,,1,False,https://southwarkleisure.co.uk/centres/dulwich-leisure-centre/
SLL_Southwark_924,London Venue,SLL_Southwark,Zumba,Group Exercise,Group | Group Exercise Docks,False,12.5,Surrey Docks Fitness & Water Sports,SE16 7SX,Southwark,51.493796,-0.039449,10:00,11:00,,1,False,https://southwarkleisure.co.uk/centres/surrey-docks-fitness-and-watersports-centre/
SLL_Southwark_925,London Venue,SLL_Southwark,Yoga Hatha,Group Exercise,Group | Group Exercise Dulwich,False,9.7,Dulwich Leisure Centre,SE22 9HB,Southwark,51.460601,-0.071419,10:15,11:15,,1,False,https://southwarkleisure.co.uk/centres/dulwich-leisure-centre/
SLL_Southwark_926,London Venue,SLL_Southwark,Legs Bums&tums,Group Exercise,Group | Group Exercise Dulwich,False,12.5,Dulwich Leisure Centre,SE22 9HB,Southwark,51.460601,-0.071419,19:15,20:15,,1,False,https://southwarkleisure.co.uk/centres/dulwich-leisure-centre/
SLL_Southwark_927,London Venue,SLL_Southwark,Vunerable Disability Swim,Swimming,Swimming | Swimming Peckham,False,2.5,Peckham Pulse Leisure Centre,SE15 5QN,Southwark,51.474074,-0.070885,19:00,20:00,Thursday,1,False,https://southwarkleisure.co.uk/centres/peckham-pulse-leisure-centre/
SLL_Southwark_928,London Venue,SLL_Southwark,Yoga Hatha,Group Exercise,Group | Group Exercise Dulwich,False,9.7,Dulwich Leisure Centre,SE22 9HB,Southwark,51.460601,-0.071419,11:15,12:15,,1,False,https://southwarkleisure.co.uk/centres/dulwich-leisure-centre/
SLL_Southwark_929,London Venue,SLL_Southwark,Boxercise,Group Exercise,Group | Group Exercise Peckham,False,12.5,Peckham Pulse Leisure Centre,SE15 5QN,Southwark,51.474074,-0.070885,19:00,20:00,,1,False,https://southwarkleisure.co.uk/centres/peckham-pulse-leisure-centre/
SLL_Southwark_930,London Venue,SLL_Southwark,Zumba,Group Exercise,Group | Group Exercise Peckham,False,12.5,Peckham Pulse Leisure Centre,SE15 5QN,Southwark,51.474074,-0.070885,20:15,21:15,,1,False,https://southwarkleisure.co.uk/centres/peckham-pulse-leisure-centre/
SLL_Southwark_931,London Venue,SLL_Southwark,Circuits Class,Group Exercise,Group | Group Exercise Dulwich,False,12.5,Dulwich Leisure Centre,SE22 9HB,Southwark,51.460601,-0.071419,10:30,11:15,,1,False,https://southwarkleisure.co.uk/centres/dulwich-leisure-centre/
SLL_Southwark_932,London Venue,SLL_Southwark,Pure Stretch,Group Exercise,Group | Group Exercise Dulwich,False,12.5,Dulwich Leisure Centre,SE22 9HB,Southwark,51.460601,-0.071419,10:30,11:30,,1,False,https://southwarkleisure.co.uk/centres/dulwich-leisure-centre/
SLL_Southwark_933,London Venue,SLL_Southwark,Kettlebells,Group Exercise,Group | Group Exercise Dulwich,False,12.5,Dulwich Leisure Centre,SE22 9HB,Southwark,51.460601,-0.071419,09:15,10:00,,1,False,https://southwarkleisure.co.uk/centres/dulwich-leisure-centre/
SLL_Southwark_934,London Venue,SLL_Southwark,Group Cycle,Group Exercise,Group | Group Exercise Dulwich,False,12.5,Dulwich Leisure Centre,SE22 9HB,Southwark,51.460601,-0.071419,12:15,13:00,,1,False,https://southwarkleisure.co.uk/centres/dulwich-leisure-centre/
SLL_Southwark_935,London Venue,SLL_Southwark,Box12,Group Exercise,Group | Group Exercise Dulwich,False,12.5,Dulwich Leisure Centre,SE22 9HB,Southwark,51.460601,-0.071419,12:00,12:45,Thursday,1,False,https://southwarkleisure.co.uk/centres/dulwich-leisure-centre/
SLL_Southwark_936,London Venue,SLL_Southwark,Group Cycle,Group Exercise,Group | Group Exercise Dulwich,False,12.5,Dulwich Leisure Centre,SE22 9HB,Southwark,51.460601,-0.071419,18:00,18:45,,1,False,https://southwarkleisure.co.uk/centres/dulwich-leisure-centre/
SLL_Southwark_937,London Venue,SLL_Southwark,Group Cycle,Group Exercise,Group | Group Exercise Peckham,False,12.5,Peckham Pulse Leisure Centre,SE15 5QN,Southwark,51.474074,-0.070885,18:00,18:45,,1,False,https://southwarkleisure.co.uk/centres/peckham-pulse-leisure-centre/
SLL_Southwark_938,London Venue,SLL_Southwark,Boxercise,Group Exercise,Group | Group Exercise Docks,False,12.5,Surrey Docks Fitness & Water Sports,SE16 7SX,Southwark,51.493796,-0.039449,10:15,11:00,Sunday,1,False,https://southwarkleisure.co.uk/centres/surrey-docks-fitness-and-watersports-centre/
SLL_Southwark_939,London Venue,SLL_Southwark,Yoga Hatha,Group Exercise,Group | Group Exercise Dulwich,False,9.7,Dulwich Leisure Centre,SE22 9HB,Southwark,51.460601,-0.071419,12:45,13:45,,1,False,https://southwarkleisure.co.uk/centres/dulwich-leisure-centre/
SLL_Southwark_940,London Venue,SLL_Southwark,Core Workout,Group Exercise,Group | Group Exercise Dulwich,False,12.5,Dulwich Leisure Centre,SE22 9HB,Southwark,51.460601,-0.071419,10:15,10:45,,1,False,https://southwarkleisure.co.uk/centres/dulwich-leisure-centre/
SLL_Southwark_941,London Venue,SLL_Southwark,Yoga Power,Group Exercise,Group | Group Exercise Docks,False,9.7,Surrey Docks Fitness & Water Sports,SE16 7SX,Southwark,51.493796,-0.039449,15:15,16:15,,1,False,https://southwarkleisure.co.uk/centres/surrey-docks-fitness-and-watersports-centre/
SLL_Southwark_942,London Venue,SLL_Southwark,Turn Up Dance Fit,Group Exercise,Group | Group Exercise Docks,False,12.5,Surrey Docks Fitness & Water Sports,SE16 7SX,Southwark,51.493796,-0.039449,20:00,21:00,Wednesday,1,False,https://southwarkleisure.co.uk/centres/surrey-docks-fitness-and-watersports-centre/
SLL_Southwark_943,London Venue,SLL_Southwark,Legs Bums&tums,Group Exercise,Group | Group Exercise Docks,False,12.5,Surrey Docks Fitness & Water Sports,SE16 7SX,Southwark,51.493796,-0.039449,18:00,18:45,,1,False,https://southwarkleisure.co.uk/centres/surrey-docks-fitness-and-watersports-centre/
SLL_Southwark_944,London Venue,SLL_Southwark,Yoga,Group Exercise,Group | Group Exercise Docks,False,12.65,Surrey Docks Fitness & Water Sports,SE16 7SX,Southwark,51.493796,-0.039449,12:30,14:00,,1,False,https://southwarkleisure.co.uk/centres/surrey-docks-fitness-and-watersports-centre/
SLL_Southwark_945,London Venue,SLL_Southwark,Group Cycle,Group Exercise,Group | Group Exercise Dulwich,False,12.5,Dulwich Leisure Centre,SE22 9HB,Southwark,51.460601,-0.071419,12:15,13:00,,1,False,https://southwarkleisure.co.uk/centres/dulwich-leisure-centre/
SLL_Southwark_946,London Venue,SLL_Southwark,Legs Bums&tums,Group Exercise,Group | Group Exercise Peckham,False,12.5,Peckham Pulse Leisure Centre,SE15 5QN,Southwark,51.474074,-0.070885,10:00,11:00,Monday,1,False,https://southwarkleisure.co.uk/centres/peckham-pulse-leisure-centre/
SLL_Southwark_947,London Venue,SLL_Southwark,Yoga Vinyasa,Group Exercise,Group | Group Exercise Dulwich,False,9.7,Dulwich Leisure Centre,SE22 9HB,Southwark,51.460601,-0.071419,18:00,19:00,,1,False,https://southwarkleisure.co.uk/centres/dulwich-leisure-centre/
SLL_Southwark_948,London Venue,SLL_Southwark,Dynamic Yoga,Group Exercise,Group | Group Exercise Docks,False,9.7,Surrey Docks Fitness & Water Sports,SE16 7SX,Southwark,51.493796,-0.039449,12:00,13:00,,1,False,https://southwarkleisure.co.uk/centres/surrey-docks-fitness-and-watersports-centre/
SLL_Southwark_949,London Venue,SLL_Southwark,Total Toning,Group Exercise,Group | Group Exercise Peckham,False,12.5,Peckham Pulse Leisure Centre,SE15 5QN,Southwark,51.474074,-0.070885,20:15,21:15,,1,False,https://southwarkleisure.co.uk/centres/peckham-pulse-leisure-centre/
SLL_Southwark_950,London Venue,SLL_Southwark,The Training Club,Group Exercise,Group | Group Exercise Camberwell,False,12.5,Camberwell Leisure Centre,SE5 8TS,Southwark,51.47422,-0.09051,11:00,11:45,Sunday,1,False,https://southwarkleisure.co.uk/centres/camberwell-leisure-centre/
SLL_Southwark_951,London Venue,SLL_Southwark,The Training Club,Group Exercise,Group | Group Exercise Docks,False,12.5,Surrey Docks Fitness & Water Sports,SE16 7SX,Southwark,51.493796,-0.039449,12:00,13:00,Wednesday,1,False,https://southwarkleisure.co.uk/centres/surrey-docks-fitness-and-watersports-centre/
SLL_Southwark_952,London Venue,SLL_Southwark,Aqua Aerobics,Group Exercise,Group | Group Exercise Peckham,False,12.5,Peckham Pulse Leisure Centre,SE15 5QN,Southwark,51.474074,-0.070885,09:30,10:30,Wednesday,1,False,https://southwarkleisure.co.uk/centres/peckham-pulse-leisure-centre/
SLL_Southwark_953,London Venue,SLL_Southwark,Soca Aerobics,Group Exercise,Group | Group Exercise Peckham,False,12.5,Peckham Pulse Leisure Centre,SE15 5QN,Southwark,51.474074,-0.070885,19:00,20:00,,1,False,https://southwarkleisure.co.uk/centres/peckham-pulse-leisure-centre/
SLL_Southwark_954,London Venue,SLL_Southwark,Hiit Class,Group Exercise,Group | Group Exercise Dulwich,False,12.5,Dulwich Leisure Centre,SE22 9HB,Southwark,51.460601,-0.071419,09:15,10:00,,1,False,https://southwarkleisure.co.uk/centres/dulwich-leisure-centre/
SLL_Southwark_955,London Venue,SLL_Southwark,Yoga Kundalini,Group Exercise,Group | Group Exercise Dulwich,False,9.7,Dulwich Leisure Centre,SE22 9HB,Southwark,51.460601,-0.071419,19:30,20:30,,1,False,https://southwarkleisure.co.uk/centres/dulwich-leisure-centre/
SLL_Southwark_956,London Venue,SLL_Southwark,Hatha Yoga,Group Exercise,Group | Group Exercise Docks,False,9.7,Surrey Docks Fitness & Water Sports,SE16 7SX,Southwark,51.493796,-0.039449,12:30,13:30,,1,False,https://southwarkleisure.co.uk/centres/surrey-docks-fitness-and-watersports-centre/
SLL_Southwark_957,London Venue,SLL_Southwark,Dance Fitness,Group Exercise,Group | Group Exercise Dulwich,False,12.5,Dulwich Leisure Centre,SE22 9HB,Southwark,51.460601,-0.071419,11:30,12:30,,1,False,https://southwarkleisure.co.uk/centres/dulwich-leisure-centre/
SLL_Southwark_958,London Venue,SLL_Southwark,Yoga Vinyasa,Group Exercise,Group | Group Exercise Dulwich,False,9.7,Dulwich Leisure Centre,SE22 9HB,Southwark,51.460601,-0.071419,12:45,13:45,Friday,1,False,https://southwarkleisure.co.uk/centres/dulwich-leisure-centre/
SLL_Southwark_959,London Venue,SLL_Southwark,Box12,Group Exercise,Group | Group Exercise Dulwich,False,12.5,Dulwich Leisure Centre,SE22 9HB,Southwark,51.460601,-0.071419,12:00,12:45,Saturday,1,False,https://southwarkleisure.co.uk/centres/dulwich-leisure-centre/
SLL_Southwark_960,London Venue,SLL_Southwark,Body Conditioning,Group Exercise,Group | Group Exercise Seven Isla,False,12.5,Seven Islands Leisure Centre,SE16 2TU,Southwark,51.496010000000005,-0.05255,18:15,19:15,,1,False,https://southwarkleisure.co.uk/centres/seven-islands-leisure-centre/
SLL_Southwark_961,London Venue,SLL_Southwark,Pilates,Group Exercise,Group | Group Exercise Camberwell,False,14.9,Camberwell Leisure Centre,SE5 8TS,Southwark,51.47422,-0.09051,07:00,08:00,,1,False,https://southwarkleisure.co.uk/centres/camberwell-leisure-centre/
SLL_Southwark_962,London Venue,SLL_Southwark,Yoga,Group Exercise,Group | Group Exercise Camberwell,False,12.65,Camberwell Leisure Centre,SE5 8TS,Southwark,51.47422,-0.09051,18:00,19:30,Sunday,1,False,https://southwarkleisure.co.uk/centres/camberwell-leisure-centre/
SLL_Southwark_963,London Venue,SLL_Southwark,The Training Club,Group Exercise,Group | Group Exercise Docks,False,12.5,Surrey Docks Fitness & Water Sports,SE16 7SX,Southwark,51.493796,-0.039449,11:00,12:00,Sunday,1,False,https://southwarkleisure.co.uk/centres/surrey-docks-fitness-and-watersports-centre/
SLL_Southwark_964,London Venue,SLL_Southwark,Pilates,Group Exercise,Group | Group Exercise Peckham,False,14.9,Peckham Pulse Leisure Centre,SE15 5QN,Southwark,51.474074,-0.070885,12:30,13:30,,1,False,https://southwarkleisure.co.uk/centres/peckham-pulse-leisure-centre/
SLL_Southwark_965,London Venue,SLL_Southwark,Group Cycle,Group Exercise,Group | Group Exercise Dulwich,False,12.5,Dulwich Leisure Centre,SE22 9HB,Southwark,51.460601,-0.071419,09:30,10:15,,1,False,https://southwarkleisure.co.uk/centres/dulwich-leisure-centre/
SLL_Southwark_966,London Venue,SLL_Southwark,The Training Club,Group Exercise,Group | Group Exercise Docks,False,12.5,Surrey Docks Fitness & Water Sports,SE16 7SX,Southwark,51.493796,-0.039449,07:00,08:00,Monday,1,False,https://southwarkleisure.co.uk/centres/surrey-docks-fitness-and-watersports-centre/
SLL_Southwark_967,London Venue,SLL_Southwark,Box12,Group Exercise,Group | Group Exercise Dulwich,False,12.5,Dulwich Leisure Centre,SE22 9HB,Southwark,51.460601,-0.071419,08:00,08:45,Sunday,1,False,https://southwarkleisure.co.uk/centres/dulwich-leisure-centre/
SLL_Southwark_968,London Venue,SLL_Southwark,Yoga,Group Exercise,Group | Group Exercise Docks,False,9.7,Surrey Docks Fitness & Water Sports,SE16 7SX,Southwark,51.493796,-0.039449,18:00,19:00,Thursday,1,False,https://southwarkleisure.co.uk/centres/surrey-docks-fitness-and-watersports-centre/
SLL_Southwark_969,London Venue,SLL_Southwark,Yoga Ashtanga,Group Exercise,Group | Group Exercise Dulwich,False,9.7,Dulwich Leisure Centre,SE22 9HB,Southwark,51.460601,-0.071419,07:00,08:00,,1,False,https://southwarkleisure.co.uk/centres/dulwich-leisure-centre/
SLL_Southwark_970,London Venue,SLL_Southwark,Calisthenics Fundamentals,Group Exercise,Group | Group Exercise Peckham,False,12.5,Peckham Pulse Leisure Centre,SE15 5QN,Southwark,51.474074,-0.070885,09:00,09:45,Monday,1,False,https://southwarkleisure.co.uk/centres/peckham-pulse-leisure-centre/
SLL_Southwark_971,London Venue,SLL_Southwark,Yoga Vinyasa,Group Exercise,Group | Group Exercise Dulwich,False,9.7,Dulwich Leisure Centre,SE22 9HB,Southwark,51.460601,-0.071419,11:45,12:45,,1,False,https://southwarkleisure.co.uk/centres/dulwich-leisure-centre/
SLL_Southwark_972,London Venue,SLL_Southwark,Group Cycle,Group Exercise,Group | Group Exercise Peckham,False,12.5,Peckham Pulse Leisure Centre,SE15 5QN,Southwark,51.474074,-0.070885,12:00,12:45,,1,False,https://southwarkleisure.co.uk/centres/peckham-pulse-leisure-centre/
SLL_Southwark_973,London Venue,SLL_Southwark,Bodybalance,Group Exercise,Group | Group Exercise Dulwich,False,12.5,Dulwich Leisure Centre,SE22 9HB,Southwark,51.460601,-0.071419,09:15,10:15,,1,False,https://southwarkleisure.co.uk/centres/dulwich-leisure-centre/
SLL_Southwark_974,London Venue,SLL_Southwark,Yoga,Group Exercise,Group | Group Exercise Peckham,False,9.7,Peckham Pulse Leisure Centre,SE15 5QN,Southwark,51.474074,-0.070885,20:15,21:15,Thursday,1,False,https://southwarkleisure.co.uk/centres/peckham-pulse-leisure-centre/
SLL_Southwark_975,London Venue,SLL_Southwark,Core Workout,Group Exercise,Group | Group Exercise Peckham,False,12.5,Peckham Pulse Leisure Centre,SE15 5QN,Southwark,51.474074,-0.070885,18:15,18:45,,1,False,https://southwarkleisure.co.uk/centres/peckham-pulse-leisure-centre/
SLL_Southwark_976,London Venue,SLL_Southwark,Pilates,Group Exercise,Group | Group Exercise Docks,False,14.9,Surrey Docks Fitness & Water Sports,SE16 7SX,Southwark,51.493796,-0.039449,09:00,10:00,Monday,1,False,https://southwarkleisure.co.uk/centres/surrey-docks-fitness-and-watersports-centre/
SLL_Southwark_977,London Venue,SLL_Southwark,The Training Club,Group Exercise,Group | Group Exercise Dulwich,False,12.5,Dulwich Leisure Centre,SE22 9HB,Southwark,51.460601,-0.071419,14:00,14:45,Sunday,1,False,https://southwarkleisure.co.uk/centres/dulwich-leisure-centre/
SLL_Southwark_978,London Venue,SLL_Southwark,Legs Bums&tums,Group Exercise,Group | Group Exercise Docks,False,12.5,Surrey Docks Fitness & Water Sports,SE16 7SX,Southwark,51.493796,-0.039449,09:30,10:15,Sunday,1,False,https://southwarkleisure.co.uk/centres/surrey-docks-fitness-and-watersports-centre/
SLL_Southwark_979,London Venue,SLL_Southwark,Yoga Hatha,Group Exercise,Group | Group Exercise Docks,False,12.65,Surrey Docks Fitness & Water Sports,SE16 7SX,Southwark,51.493796,-0.039449,16:30,18:00,Sunday,1,False,https://southwarkleisure.co.uk/centres/surrey-docks-fitness-and-watersports-centre/
SLL_Southwark_980,London Venue,SLL_Southwark,Boxercise,Group Exercise,Group | Group Exercise Camberwell,False,12.5,Camberwell Leisure Centre,SE5 8TS,Southwark,51.47422,-0.09051,19:15,20:15,Friday,1,False,https://southwarkleisure.co.uk/centres/camberwell-leisure-centre/
SLL_Southwark_981,London Venue,SLL_Southwark,Body Conditioning,Group Exercise,Group | Group Exercise Camberwell,False,12.5,Camberwell Leisure Centre,SE5 8TS,Southwark,51.47422,-0.09051,08:15,09:15,Wednesday,1,False,https://southwarkleisure.co.uk/centres/camberwell-leisure-centre/
SLL_Southwark_982,London Venue,SLL_Southwark,Hiit Class,Group Exercise,Group | Group Exercise Dulwich,False,12.5,Dulwich Leisure Centre,SE22 9HB,Southwark,51.460601,-0.071419,09:15,10:00,,1,False,https://southwarkleisure.co.uk/centres/dulwich-leisure-centre/
SLL_Southwark_983,London Venue,SLL_Southwark,Box12,Group Exercise,Group | Group Exercise Dulwich,False,12.5,Dulwich Leisure Centre,SE22 9HB,Southwark,51.460601,-0.071419,12:00,12:45,Monday,1,False,https://southwarkleisure.co.uk/centres/dulwich-leisure-centre/
SLL_Southwark_984,London Venue,SLL_Southwark,Tai Chi,Group Exercise,Group | Group Exercise Docks,False,14.9,Surrey Docks Fitness & Water Sports,SE16 7SX,Southwark,51.493796,-0.039449,10:30,11:30,Tuesday,1,False,https://southwarkleisure.co.uk/centres/surrey-docks-fitness-and-watersports-centre/
SLL_Southwark_985,London Venue,SLL_Southwark,Aqua Aerobics,Group Exercise,Group | Group Exercise Peckham,False,12.5,Peckham Pulse Leisure Centre,SE15 5QN,Southwark,51.474074,-0.070885,19:00,20:00,,1,False,https://southwarkleisure.co.uk/centres/peckham-pulse-leisure-centre/
SLL_Southwark_986,London Venue,SLL_Southwark,Group Cycle,Group Exercise,Group | Group Exercise Peckham,False,12.5,Peckham Pulse Leisure Centre,SE15 5QN,Southwark,51.474074,-0.070885,10:30,11:15,,1,False,https://southwarkleisure.co.uk/centres/peckham-pulse-leisure-centre/
SLL_Southwark_987,London Venue,SLL_Southwark,Bodybalance,Group Exercise,Group | Group Exercise Dulwich,False,12.5,Dulwich Leisure Centre,SE22 9HB,Southwark,51.460601,-0.071419,20:20,21:20,,1,False,https://southwarkleisure.co.uk/centres/dulwich-leisure-centre/
SLL_Southwark_988,London Venue,SLL_Southwark,Yoga,Group Exercise,Group | Group Exercise Dulwich,False,9.7,Dulwich Leisure Centre,SE22 9HB,Southwark,51.460601,-0.071419,18:15,19:15,,1,False,https://southwarkleisure.co.uk/centres/dulwich-leisure-centre/
SLL_Southwark_989,London Venue,SLL_Southwark,Body Conditioning,Group Exercise,Group | Group Exercise Peckham,False,12.5,Peckham Pulse Leisure Centre,SE15 5QN,Southwark,51.474074,-0.070885,18:00,19:00,,1,False,https://southwarkleisure.co.uk/centres/peckham-pulse-leisure-centre/
SLL_Southwark_990,London Venue,SLL_Southwark,Group Cycle,Group Exercise,Group | Group Exercise Dulwich,False,12.5,Dulwich Leisure Centre,SE22 9HB,Southwark,51.460601,-0.071419,18:45,19:30,,1,False,https://southwarkleisure.co.uk/centres/dulwich-leisure-centre/
SLL_Southwark_991,London Venue,SLL_Southwark,Core Workout,Group Exercise,Group | Group Exercise Peckham,False,12.5,Peckham Pulse Leisure Centre,SE15 5QN,Southwark,51.474074,-0.070885,11:15,11:45,,1,False,https://southwarkleisure.co.uk/centres/peckham-pulse-leisure-centre/
SLL_Southwark_992,London Venue,SLL_Southwark,Pilates,Group Exercise,Group | Group Exercise Docks,False,14.9,Surrey Docks Fitness & Water Sports,SE16 7SX,Southwark,51.493796,-0.039449,20:00,21:00,,1,False,https://southwarkleisure.co.uk/centres/surrey-docks-fitness-and-watersports-centre/
SLL_Southwark_993,London Venue,SLL_Southwark,Stretch And Mobility,Group Exercise,Group | Group Exercise Docks,False,14.9,Surrey Docks Fitness & Water Sports,SE16 7SX,Southwark,51.493796,-0.039449,09:30,10:30,Tuesday,1,False,https://southwarkleisure.co.uk/centres/surrey-docks-fitness-and-watersports-centre/
SLL_Southwark_994,London Venue,SLL_Southwark,Group Cycle,Group Exercise,Group | Group Exercise Dulwich,False,12.5,Dulwich Leisure Centre,SE22 9HB,Southwark,51.460601,-0.071419,09:15,10:00,,1,False,https://southwarkleisure.co.uk/centres/dulwich-leisure-centre/
SLL_Southwark_995,London Venue,SLL_Southwark,Aqua Aerobics,Group Exercise,Group | Group Exercise Canada,False,12.5,Canada Water Leisure Cent,,Southwark,,,13:30,14:30,Saturday,1,False,
SLL_Southwark_996,London Venue,SLL_Southwark,Dance Fitness,Group Exercise,Group | Group Exercise Camberwell,False,12.5,Camberwell Leisure Centre,SE5 8TS,Southwark,51.47422,-0.09051,08:45,09:30,Monday,1,False,https://southwarkleisure.co.uk/centres/camberwell-leisure-centre/
SLL_Southwark_997,London Venue,SLL_Southwark,Circuits Class,Group Exercise,Group | Group Exercise Camberwell,False,12.5,Camberwell Leisure Centre,SE5 8TS,Southwark,51.47422,-0.09051,12:15,13:00,Tuesday,1,False,https://southwarkleisure.co.uk/centres/camberwell-leisure-centre/
SLL_Southwark_998,London Venue,SLL_Southwark,Zumba,Group Exercise,Group | Group Exercise Dulwich,False,12.5,Dulwich Leisure Centre,SE22 9HB,Southwark,51.460601,-0.071419,17:30,18:30,Monday,1,False,https://southwarkleisure.co.uk/centres/dulwich-leisure-centre/
SLL_Southwark_999,London Venue,SLL_Southwark,Legs Bums&tums,Group Exercise,Group | Group Exercise Dulwich,False,12.5,Dulwich Leisure Centre,SE22 9HB,Southwark,51.460601,-0.071419,10:30,11:15,,1,False,https://southwarkleisure.co.uk/centres/dulwich-leisure-centre/
SLL_Southwark_1000,London Venue,SLL_Southwark,Step,Group Exercise,Group | Group Exercise Peckham,False,12.5,Peckham Pulse Leisure Centre,SE15 5QN,Southwark,51.474074,-0.070885,10:00,11:00,,1,False,https://southwarkleisure.co.uk/centres/peckham-pulse-leisure-centre/
SLL_Southwark_1001,London Venue,SLL_Southwark,Pilates,Group Exercise,Group | Group Exercise Seven Isla,False,14.9,Seven Islands Leisure Centre,SE16 2TU,Southwark,51.496010000000005,-0.05255,11:00,12:00,Friday,1,False,https://southwarkleisure.co.uk/centres/seven-islands-leisure-centre/
SLL_Southwark_1002,London Venue,SLL_Southwark,Yoga,Group Exercise,Group | Group Exercise Dulwich,False,9.7,Dulwich Leisure Centre,SE22 9HB,Southwark,51.460601,-0.071419,07:45,08:45,,1,False,https://southwarkleisure.co.uk/centres/dulwich-leisure-centre/
SLL_Southwark_1003,London Venue,SLL_Southwark,Group Cycle,Group Exercise,Group | Group Exercise Docks,False,12.5,Surrey Docks Fitness & Water Sports,SE16 7SX,Southwark,51.493796,-0.039449,18:15,19:00,Thursday,1,False,https://southwarkleisure.co.uk/centres/surrey-docks-fitness-and-watersports-centre/
SLL_Southwark_1004,London Venue,SLL_Southwark,Battle Blast,Group Exercise,Group | Group Exercise Docks,False,12.5,Surrey Docks Fitness & Water Sports,SE16 7SX,Southwark,51.493796,-0.039449,19:15,20:00,Wednesday,1,False,https://southwarkleisure.co.uk/centres/surrey-docks-fitness-and-watersports-centre/
SLL_Southwark_1005,London Venue,SLL_Southwark,Kettlebells,Group Exercise,Group | Group Exercise Camberwell,False,12.5,Camberwell Leisure Centre,SE5 8TS,Southwark,51.47422,-0.09051,11:30,12:30,Friday,1,False,https://southwarkleisure.co.uk/centres/camberwell-leisure-centre/
SLL_Southwark_1006,London Venue,SLL_Southwark,Total Tone,Group Exercise,Group | Group Exercise Dulwich,False,12.5,Dulwich Leisure Centre,SE22 9HB,Southwark,51.460601,-0.071419,07:40,08:40,,1,False,https://southwarkleisure.co.uk/centres/dulwich-leisure-centre/
SLL_Southwark_1007,London Venue,SLL_Southwark,Disability Swim,Swimming,Swimming | Swimming Peckham,False,2.5,Peckham Pulse Leisure Centre,SE15 5QN,Southwark,51.474074,-0.070885,19:00,20:00,Tuesday,1,False,https://southwarkleisure.co.uk/centres/peckham-pulse-leisure-centre/
SLL_Southwark_1008,London Venue,SLL_Southwark,Legs Bums&tums,Group Exercise,Group | Group Exercise Peckham,False,12.5,Peckham Pulse Leisure Centre,SE15 5QN,Southwark,51.474074,-0.070885,10:00,11:00,Thursday,1,False,https://southwarkleisure.co.uk/centres/peckham-pulse-leisure-centre/
SLL_Southwark_1009,London Venue,SLL_Southwark,Yoga,Group Exercise,Group | Group Exercise Peckham,False,9.7,Peckham Pulse Leisure Centre,SE15 5QN,Southwark,51.474074,-0.070885,08:00,09:00,Wednesday,1,False,https://southwarkleisure.co.uk/centres/peckham-pulse-leisure-centre/
SLL_Southwark_1010,London Venue,SLL_Southwark,Silver Aerobics,Group Exercise,Group | Group Exercise Docks,False,8.700000000000001,Surrey Docks Fitness & Water Sports,SE16 7SX,Southwark,51.493796,-0.039449,10:00,10:45,Friday,1,False,https://southwarkleisure.co.uk/centres/surrey-docks-fitness-and-watersports-centre/
SLL_Southwark_1011,London Venue,SLL_Southwark,Silver Circuit,Group Exercise,Group | Group Exercise Docks,False,8.700000000000001,Surrey Docks Fitness & Water Sports,SE16 7SX,Southwark,51.493796,-0.039449,14:00,15:00,Wednesday,1,False,https://southwarkleisure.co.uk/centres/surrey-docks-fitness-and-watersports-centre/
SLL_Southwark_1012,London Venue,SLL_Southwark,Boxercise,Group Exercise,Group | Group Exercise Dulwich,False,12.5,Dulwich Leisure Centre,SE22 9HB,Southwark,51.460601,-0.071419,20:15,21:15,,1,False,https://southwarkleisure.co.uk/centres/dulwich-leisure-centre/
SLL_Southwark_1013,London Venue,SLL_Southwark,Core Workout,Group Exercise,Group | Group Exercise Peckham,False,12.5,Peckham Pulse Leisure Centre,SE15 5QN,Southwark,51.474074,-0.070885,10:00,10:30,Saturday,1,False,https://southwarkleisure.co.uk/centres/peckham-pulse-leisure-centre/
SLL_Southwark_1014,London Venue,SLL_Southwark,Body Conditioning,Group Exercise,Group | Group Exercise Peckham,False,12.5,Peckham Pulse Leisure Centre,SE15 5QN,Southwark,51.474074,-0.070885,10:30,11:30,Saturday,1,False,https://southwarkleisure.co.uk/centres/peckham-pulse-leisure-centre/
SLL_Southwark_1015,London Venue,SLL_Southwark,Silver Tai  Chi,Group Exercise,Group | Group Exercise Dulwich,False,8.700000000000001,Dulwich Leisure Centre,SE22 9HB,Southwark,51.460601,-0.071419,12:15,13:15,,1,False,https://southwarkleisure.co.uk/centres/dulwich-leisure-centre/
SLL_Southwark_1016,London Venue,SLL_Southwark,Advanced Silver Tai Chi,Group Exercise,Group | Group Exercise Dulwich,False,8.700000000000001,Dulwich Leisure Centre,SE22 9HB,Southwark,51.460601,-0.071419,13:15,14:15,,1,False,https://southwarkleisure.co.uk/centres/dulwich-leisure-centre/
SLL_Southwark_1017,London Venue,SLL_Southwark,Pilates,Group Exercise,Group | Group Exercise Dulwich,False,14.9,Dulwich Leisure Centre,SE22 9HB,Southwark,51.460601,-0.071419,20:35,21:35,,1,False,https://southwarkleisure.co.uk/centres/dulwich-leisure-centre/
SLL_Southwark_1018,London Venue,SLL_Southwark,Group Cycle,Group Exercise,Group | Group Exercise Peckham,False,12.5,Peckham Pulse Leisure Centre,SE15 5QN,Southwark,51.474074,-0.070885,19:15,20:00,Monday,1,False,https://southwarkleisure.co.uk/centres/peckham-pulse-leisure-centre/
SLL_Southwark_1019,London Venue,SLL_Southwark,Advanced Pilates,Group Exercise,Group | Group Exercise Dulwich,False,14.9,Dulwich Leisure Centre,SE22 9HB,Southwark,51.460601,-0.071419,18:15,19:15,,1,False,https://southwarkleisure.co.uk/centres/dulwich-leisure-centre/
SLL_Southwark_1020,London Venue,SLL_Southwark,Pilates,Group Exercise,Group | Group Exercise Dulwich,False,14.9,Dulwich Leisure Centre,SE22 9HB,Southwark,51.460601,-0.071419,19:30,20:30,,1,False,https://southwarkleisure.co.uk/centres/dulwich-leisure-centre/
SLL_Southwark_1021,London Venue,SLL_Southwark,Pilates,Group Exercise,Group | Group Exercise Dulwich,False,14.9,Dulwich Leisure Centre,SE22 9HB,Southwark,51.460601,-0.071419,11:30,12:30,,1,False,https://southwarkleisure.co.uk/centres/dulwich-leisure-centre/
SLL_Southwark_1022,London Venue,SLL_Southwark,Pilates,Group Exercise,Group | Group Exercise Dulwich,False,14.9,Dulwich Leisure Centre,SE22 9HB,Southwark,51.460601,-0.071419,11:00,12:00,,1,False,https://southwarkleisure.co.uk/centres/dulwich-leisure-centre/
SLL_Southwark_1023,London Venue,SLL_Southwark,Pilates,Group Exercise,Group | Group Exercise Dulwich,False,14.9,Dulwich Leisure Centre,SE22 9HB,Southwark,51.460601,-0.071419,12:30,13:30,,1,False,https://southwarkleisure.co.uk/centres/dulwich-leisure-centre/
SLL_Southwark_1024,London Venue,SLL_Southwark,Pilates,Group Exercise,Group | Group Exercise Dulwich,False,14.9,Dulwich Leisure Centre,SE22 9HB,Southwark,51.460601,-0.071419,08:30,09:30,,1,False,https://southwarkleisure.co.uk/centres/dulwich-leisure-centre/
SLL_Southwark_1025,London Venue,SLL_Southwark,Pilates,Group Exercise,Group | Group Exercise Dulwich,False,14.9,Dulwich Leisure Centre,SE22 9HB,Southwark,51.460601,-0.071419,13:30,14:30,,1,False,https://southwarkleisure.co.uk/centres/dulwich-leisure-centre/
SLL_Southwark_1026,London Venue,SLL_Southwark,Pilates,Group Exercise,Group | Group Exercise Dulwich,False,14.9,Dulwich Leisure Centre,SE22 9HB,Southwark,51.460601,-0.071419,18:15,19:15,,1,False,https://southwarkleisure.co.uk/centres/dulwich-leisure-centre/
SLL_Southwark_1027,London Venue,SLL_Southwark,Pilates,Group Exercise,Group | Group Exercise Dulwich,False,14.9,Dulwich Leisure Centre,SE22 9HB,Southwark,51.460601,-0.071419,12:00,13:00,,1,False,https://southwarkleisure.co.uk/centres/dulwich-leisure-centre/
SLL_Southwark_1028,London Venue,SLL_Southwark,Pilates,Group Exercise,Group | Group Exercise Dulwich,False,14.9,Dulwich Leisure Centre,SE22 9HB,Southwark,51.460601,-0.071419,10:45,11:45,Tuesday,1,False,https://southwarkleisure.co.uk/centres/dulwich-leisure-centre/
SLL_Southwark_1029,London Venue,SLL_Southwark,Group Cycle,Group Exercise,Group | Group Exercise Peckham,False,12.5,Peckham Pulse Leisure Centre,SE15 5QN,Southwark,51.474074,-0.070885,18:15,19:00,Monday,1,False,https://southwarkleisure.co.uk/centres/peckham-pulse-leisure-centre/
SLL_Southwark_1030,London Venue,SLL_Southwark,Pilates,Group Exercise,Group | Group Exercise Dulwich,False,14.9,Dulwich Leisure Centre,SE22 9HB,Southwark,51.460601,-0.071419,07:00,08:00,,1,False,https://southwarkleisure.co.uk/centres/dulwich-leisure-centre/
SLL_Southwark_1031,London Venue,SLL_Southwark,Advanced Pilates,Group Exercise,Group | Group Exercise Dulwich,False,14.9,Dulwich Leisure Centre,SE22 9HB,Southwark,51.460601,-0.071419,09:15,10:45,,1,False,https://southwarkleisure.co.uk/centres/dulwich-leisure-centre/
SLL_Southwark_1032,London Venue,SLL_Southwark,Hatha Yoga,Group Exercise,Group | Group Exercise Castle,False,9.7,The Castle Centre,SE1 6FG,Southwark,51.4935,-0.1024,17:45,18:45,Thursday,1,False,https://southwarkleisure.co.uk/centres/the-castle-centre/
SLL_Southwark_1033,London Venue,SLL_Southwark,Pranayama - Breathwork,Group Exercise,Group | Group Exercise Canada,False,8.700000000000001,Canada Water Leisure Cent,,Southwark,,,20:15,21:00,Tuesday,1,False,
SLL_Southwark_1034,London Venue,SLL_Southwark,Open Water Swimming,Other / Unspecified,Recreational | Recreational Watersports,False,9.0,Surrey Docks Fitness & Water Sports,SE16 7SX,Southwark,51.493796,-0.039449,07:00,08:00,Wednesday,1,False,https://southwarkleisure.co.uk/centres/surrey-docks-fitness-and-watersports-centre/
SLL_Southwark_1035,London Venue,SLL_Southwark,Open Water Swimming,Other / Unspecified,Recreational | Recreational Watersports,False,9.0,Surrey Docks Fitness & Water Sports,SE16 7SX,Southwark,51.493796,-0.039449,08:00,09:00,Wednesday,1,False,https://southwarkleisure.co.uk/centres/surrey-docks-fitness-and-watersports-centre/
SLL_Southwark_1036,London Venue,SLL_Southwark,Core Workout,Group Exercise,Group | Group Exercise Docks,False,12.5,Surrey Docks Fitness & Water Sports,SE16 7SX,Southwark,51.493796,-0.039449,19:15,20:00,Thursday,1,False,https://southwarkleisure.co.uk/centres/surrey-docks-fitness-and-watersports-centre/
SLL_Southwark_1037,London Venue,SLL_Southwark,Boxercise,Group Exercise,Group | Group Exercise Canada,False,11.3,Canada Water Leisure Cent,,Southwark,,,11:30,12:15,Sunday,1,False,
SLL_Southwark_1038,London Venue,SLL_Southwark,Open Water Swimming,Other / Unspecified,Recreational | Recreational Watersports,False,9.0,Surrey Docks Fitness & Water Sports,SE16 7SX,Southwark,51.493796,-0.039449,08:00,09:00,Monday,1,False,https://southwarkleisure.co.uk/centres/surrey-docks-fitness-and-watersports-centre/
SLL_Southwark_1039,London Venue,SLL_Southwark,Salsation - Women Only,Group Exercise,Group | Group Exercise Camberwell,False,12.5,Camberwell Leisure Centre,SE5 8TS,Southwark,51.47422,-0.09051,19:15,20:15,,1,False,https://southwarkleisure.co.uk/centres/camberwell-leisure-centre/
SLL_Southwark_1040,London Venue,SLL_Southwark,Open Water Swimming,Other / Unspecified,Recreational | Recreational Watersports,False,9.0,Surrey Docks Fitness & Water Sports,SE16 7SX,Southwark,51.493796,-0.039449,16:30,17:30,Tuesday,1,False,https://southwarkleisure.co.uk/centres/surrey-docks-fitness-and-watersports-centre/
SLL_Southwark_1041,London Venue,SLL_Southwark,Open Water Swimming,Other / Unspecified,Recreational | Recreational Watersports,False,9.0,Surrey Docks Fitness & Water Sports,SE16 7SX,Southwark,51.493796,-0.039449,17:30,18:30,Tuesday,1,False,https://southwarkleisure.co.uk/centres/surrey-docks-fitness-and-watersports-centre/
SLL_Southwark_1042,London Venue,SLL_Southwark,Hiit Class,Group Exercise,Group | Group Exercise Docks,False,12.5,Surrey Docks Fitness & Water Sports,SE16 7SX,Southwark,51.493796,-0.039449,19:10,19:55,,1,False,https://southwarkleisure.co.uk/centres/surrey-docks-fitness-and-watersports-centre/
SLL_Southwark_1043,London Venue,SLL_Southwark,Open Water Swimming,Other / Unspecified,Recreational | Recreational Watersports,False,9.0,Surrey Docks Fitness & Water Sports,SE16 7SX,Southwark,51.493796,-0.039449,08:30,09:30,Sunday,1,False,https://southwarkleisure.co.uk/centres/surrey-docks-fitness-and-watersports-centre/
SLL_Southwark_1044,London Venue,SLL_Southwark,Open Water Swimming,Other / Unspecified,Recreational | Recreational Watersports,False,9.0,Surrey Docks Fitness & Water Sports,SE16 7SX,Southwark,51.493796,-0.039449,07:30,08:30,Saturday,1,False,https://southwarkleisure.co.uk/centres/surrey-docks-fitness-and-watersports-centre/
SLL_Southwark_1045,London Venue,SLL_Southwark,Pilates,Group Exercise,Group | Group Exercise Camberwell,False,14.9,Camberwell Leisure Centre,SE5 8TS,Southwark,51.47422,-0.09051,07:30,08:30,Monday,1,False,https://southwarkleisure.co.uk/centres/camberwell-leisure-centre/
SLL_Southwark_1046,London Venue,SLL_Southwark,Yoga,Group Exercise,Group | Group Exercise Camberwell,False,9.7,Camberwell Leisure Centre,SE5 8TS,Southwark,51.47422,-0.09051,19:30,21:00,,1,False,https://southwarkleisure.co.uk/centres/camberwell-leisure-centre/
SLL_Southwark_1047,London Venue,SLL_Southwark,Box-12 Supervised,Group Exercise,Group | Group Exercise Camberwell,False,12.5,Camberwell Leisure Centre,SE5 8TS,Southwark,51.47422,-0.09051,14:00,15:00,Saturday,1,False,https://southwarkleisure.co.uk/centres/camberwell-leisure-centre/
SLL_Southwark_1048,London Venue,SLL_Southwark,Yoga,Group Exercise,Group | Group Exercise Camberwell,False,9.7,Camberwell Leisure Centre,SE5 8TS,Southwark,51.47422,-0.09051,07:30,08:30,Thursday,1,False,https://southwarkleisure.co.uk/centres/camberwell-leisure-centre/
SLL_Southwark_1049,London Venue,SLL_Southwark,Box-12 Supervised,Group Exercise,Group | Group Exercise Camberwell,False,12.5,Camberwell Leisure Centre,SE5 8TS,Southwark,51.47422,-0.09051,09:30,10:15,Monday,1,False,https://southwarkleisure.co.uk/centres/camberwell-leisure-centre/
SLL_Southwark_1050,London Venue,SLL_Southwark,Yoga,Group Exercise,Group | Group Exercise Camberwell,False,9.7,Camberwell Leisure Centre,SE5 8TS,Southwark,51.47422,-0.09051,08:15,09:15,Tuesday,1,False,https://southwarkleisure.co.uk/centres/camberwell-leisure-centre/
SLL_Southwark_1051,London Venue,SLL_Southwark,H I I T,Group Exercise,Group | Group Exercise Camberwell,False,12.5,Camberwell Leisure Centre,SE5 8TS,Southwark,51.47422,-0.09051,18:30,19:15,Thursday,1,False,https://southwarkleisure.co.uk/centres/camberwell-leisure-centre/
SLL_Southwark_1052,London Venue,SLL_Southwark,Zumba,Group Exercise,Group | Group Exercise Castle,False,12.5,The Castle Centre,SE1 6FG,Southwark,51.4935,-0.1024,20:00,21:00,,1,False,https://southwarkleisure.co.uk/centres/the-castle-centre/
SLL_Southwark_1053,London Venue,SLL_Southwark,Hatha Yoga,Group Exercise,Group | Group Exercise Camberwell,False,9.7,Camberwell Leisure Centre,SE5 8TS,Southwark,51.47422,-0.09051,09:45,11:15,Friday,1,False,https://southwarkleisure.co.uk/centres/camberwell-leisure-centre/
SLL_Southwark_1054,London Venue,SLL_Southwark,Aqua Aerobics,Group Exercise,Group | Group Exercise Canada,False,12.5,Canada Water Leisure Cent,,Southwark,,,19:00,20:00,Monday,1,False,
SLL_Southwark_1055,London Venue,SLL_Southwark,Salsation Women Only,Group Exercise,Group | Group Exercise Peckham,False,12.5,Peckham Pulse Leisure Centre,SE15 5QN,Southwark,51.474074,-0.070885,20:00,21:00,Thursday,1,False,https://southwarkleisure.co.uk/centres/peckham-pulse-leisure-centre/
SLL_Southwark_1056,London Venue,SLL_Southwark,Aqua Zumba,Group Exercise,Group | Group Exercise Dulwich,False,12.5,Dulwich Leisure Centre,SE22 9HB,Southwark,51.460601,-0.071419,19:30,20:30,,1,False,https://southwarkleisure.co.uk/centres/dulwich-leisure-centre/
SLL_Southwark_1057,London Venue,SLL_Southwark,Open Water Swimming,Other / Unspecified,Recreational | Recreational Watersports,False,9.0,Surrey Docks Fitness & Water Sports,SE16 7SX,Southwark,51.493796,-0.039449,17:30,18:30,Thursday,1,False,https://southwarkleisure.co.uk/centres/surrey-docks-fitness-and-watersports-centre/
SLL_Southwark_1058,London Venue,SLL_Southwark,Dance Fitness,Group Exercise,Group | Group Exercise Canada,False,11.3,Canada Water Leisure Cent,,Southwark,,,10:00,11:00,Saturday,1,False,
SLL_Southwark_1059,London Venue,SLL_Southwark,Hiit Class,Group Exercise,Group | Group Exercise Dulwich,False,12.5,Dulwich Leisure Centre,SE22 9HB,Southwark,51.460601,-0.071419,09:00,09:45,,1,False,https://southwarkleisure.co.uk/centres/dulwich-leisure-centre/
SLL_Southwark_1060,London Venue,SLL_Southwark,Aerobics,Group Exercise,Group | Group Exercise Dulwich,False,12.5,Dulwich Leisure Centre,SE22 9HB,Southwark,51.460601,-0.071419,10:00,11:00,,1,False,https://southwarkleisure.co.uk/centres/dulwich-leisure-centre/
SLL_Southwark_1061,London Venue,SLL_Southwark,Yoga,Group Exercise,Group | Group Exercise Dulwich,False,9.7,Dulwich Leisure Centre,SE22 9HB,Southwark,51.460601,-0.071419,09:15,10:15,,1,False,https://southwarkleisure.co.uk/centres/dulwich-leisure-centre/
SLL_Southwark_1062,London Venue,SLL_Southwark,Aqua Aerobics,Group Exercise,Group | Group Exercise Dulwich,False,12.5,Dulwich Leisure Centre,SE22 9HB,Southwark,51.460601,-0.071419,11:30,12:30,,1,False,https://southwarkleisure.co.uk/centres/dulwich-leisure-centre/
SLL_Southwark_1063,London Venue,SLL_Southwark,Yoga,Group Exercise,Group | Group Exercise Dulwich,False,9.7,Dulwich Leisure Centre,SE22 9HB,Southwark,51.460601,-0.071419,19:30,20:30,,1,False,https://southwarkleisure.co.uk/centres/dulwich-leisure-centre/
SLL_Southwark_1064,London Venue,SLL_Southwark,Hand Stands And Core,Group Exercise,Group | Group Exercise Docks,False,9.7,Surrey Docks Fitness & Water Sports,SE16 7SX,Southwark,51.493796,-0.039449,12:00,13:00,Thursday,1,False,https://southwarkleisure.co.uk/centres/surrey-docks-fitness-and-watersports-centre/
SLL_Southwark_1065,London Venue,SLL_Southwark,Silver Chair Yoga,Group Exercise,Group | Group Exercise Docks,False,8.700000000000001,Surrey Docks Fitness & Water Sports,SE16 7SX,Southwark,51.493796,-0.039449,16:00,17:30,Tuesday,1,False,https://southwarkleisure.co.uk/centres/surrey-docks-fitness-and-watersports-centre/
SLL_Southwark_1066,London Venue,SLL_Southwark,Yoga Hatha,Group Exercise,Group | Group Exercise Canada,False,8.700000000000001,Canada Water Leisure Cent,,Southwark,,,07:00,08:00,Tuesday,1,False,
SLL_Southwark_1067,London Venue,SLL_Southwark,Yoga Vinyasa,Group Exercise,Group | Group Exercise Canada,False,8.700000000000001,Canada Water Leisure Cent,,Southwark,,,12:15,13:15,Friday,1,False,
SLL_Southwark_1068,London Venue,SLL_Southwark,Yoga Vinyasa,Group Exercise,Group | Group Exercise Canada,False,8.700000000000001,Canada Water Leisure Cent,,Southwark,,,09:30,10:30,Friday,1,False,
SLL_Southwark_1069,London Venue,SLL_Southwark,Yoga Ashtanga,Group Exercise,Group | Group Exercise Camberwell,False,9.7,Camberwell Leisure Centre,SE5 8TS,Southwark,51.47422,-0.09051,07:00,08:00,Friday,1,False,https://southwarkleisure.co.uk/centres/camberwell-leisure-centre/
SLL_Southwark_1070,London Venue,SLL_Southwark,Yoga Meets Sound Bath,Group Exercise,Group | Group Exercise Canada,False,12.65,Canada Water Leisure Cent,,Southwark,,,17:30,18:55,Tuesday,1,False,
SLL_Southwark_1071,London Venue,SLL_Southwark,Yoga,Group Exercise,Group | Group Exercise Camberwell,False,9.7,Camberwell Leisure Centre,SE5 8TS,Southwark,51.47422,-0.09051,09:15,10:15,Monday,1,False,https://southwarkleisure.co.uk/centres/camberwell-leisure-centre/
SLL_Southwark_1072,London Venue,SLL_Southwark,Yoga Hatha,Group Exercise,Group | Group Exercise Canada,False,8.700000000000001,Canada Water Leisure Cent,,Southwark,,,17:30,18:30,Monday,1,False,
SLL_Southwark_1073,London Venue,SLL_Southwark,Body Conditioning,Group Exercise,Group | Group Exercise Canada,False,11.3,Canada Water Leisure Cent,,Southwark,,,18:30,19:20,Monday,1,False,
SLL_Southwark_1074,London Venue,SLL_Southwark,Yoga Vinyasa,Group Exercise,Group | Group Exercise Canada,False,8.700000000000001,Canada Water Leisure Cent,,Southwark,,,18:30,19:30,Wednesday,1,False,
SLL_Southwark_1075,London Venue,SLL_Southwark,Yoga Hatha,Group Exercise,Group | Group Exercise Canada,False,8.700000000000001,Canada Water Leisure Cent,,Southwark,,,07:00,08:00,Thursday,1,False,
SLL_Southwark_1076,London Venue,SLL_Southwark,Yoga,Group Exercise,Group | Group Exercise Camberwell,False,14.9,Camberwell Leisure Centre,SE5 8TS,Southwark,51.47422,-0.09051,12:00,13:00,Monday,1,False,https://southwarkleisure.co.uk/centres/camberwell-leisure-centre/
SLL_Southwark_1077,London Venue,SLL_Southwark,Acro Yoga,Group Exercise,Group | Group Exercise Docks,False,9.7,Surrey Docks Fitness & Water Sports,SE16 7SX,Southwark,51.493796,-0.039449,12:00,13:00,Monday,1,False,https://southwarkleisure.co.uk/centres/surrey-docks-fitness-and-watersports-centre/
SLL_Southwark_1078,London Venue,SLL_Southwark,Body Attack,Group Exercise,Group | Group Exercise Castle,False,12.5,The Castle Centre,SE1 6FG,Southwark,51.4935,-0.1024,10:30,11:30,Saturday,1,False,https://southwarkleisure.co.uk/centres/the-castle-centre/
SLL_Southwark_1079,London Venue,SLL_Southwark,Open Water Swimming,Other / Unspecified,Recreational | Recreational Watersports,False,9.0,Surrey Docks Fitness & Water Sports,SE16 7SX,Southwark,51.493796,-0.039449,07:00,08:00,Monday,1,False,https://southwarkleisure.co.uk/centres/surrey-docks-fitness-and-watersports-centre/
SLL_Southwark_1080,London Venue,SLL_Southwark,Legs Bums&tums,Group Exercise,Group | Group Exercise Canada,False,11.3,Canada Water Leisure Cent,,Southwark,,,10:00,11:00,Friday,1,False,
SLL_Southwark_1081,London Venue,SLL_Southwark,Silver Aerobics,Group Exercise,Group | Group Exercise Canada,False,8.700000000000001,Canada Water Leisure Cent,,Southwark,,,11:00,12:00,Friday,1,False,
SLL_Southwark_1082,London Venue,SLL_Southwark,Body Combat,Group Exercise,Group | Group Exercise Castle,False,12.5,The Castle Centre,SE1 6FG,Southwark,51.4935,-0.1024,19:30,20:30,Wednesday,1,False,https://southwarkleisure.co.uk/centres/the-castle-centre/
SLL_Southwark_1083,London Venue,SLL_Southwark,Bodycombat,Group Exercise,Group | Group Exercise Dulwich,False,12.5,Dulwich Leisure Centre,SE22 9HB,Southwark,51.460601,-0.071419,11:00,12:00,Saturday,1,False,https://southwarkleisure.co.uk/centres/dulwich-leisure-centre/
SLL_Southwark_1084,London Venue,SLL_Southwark,Body Balance,Group Exercise,Group | Group Exercise Castle,False,12.5,The Castle Centre,SE1 6FG,Southwark,51.4935,-0.1024,09:00,10:00,Sunday,1,False,https://southwarkleisure.co.uk/centres/the-castle-centre/
SLL_Southwark_1085,London Venue,SLL_Southwark,Bodycombat,Group Exercise,Group | Group Exercise Canada,False,11.3,Canada Water Leisure Cent,,Southwark,,,10:00,11:00,Thursday,1,False,
SLL_Southwark_1086,London Venue,SLL_Southwark,Body Pump,Group Exercise,Group | Group Exercise Castle,False,12.5,The Castle Centre,SE1 6FG,Southwark,51.4935,-0.1024,09:15,10:15,Thursday,1,False,https://southwarkleisure.co.uk/centres/the-castle-centre/
SLL_Southwark_1087,London Venue,SLL_Southwark,Bodypump,Group Exercise,Group | Group Exercise Docks,False,12.5,Surrey Docks Fitness & Water Sports,SE16 7SX,Southwark,51.493796,-0.039449,19:00,20:00,,1,False,https://southwarkleisure.co.uk/centres/surrey-docks-fitness-and-watersports-centre/
SLL_Southwark_1088,London Venue,SLL_Southwark,Body Pump,Group Exercise,Group | Group Exercise Castle,False,12.5,The Castle Centre,SE1 6FG,Southwark,51.4935,-0.1024,09:30,10:30,Monday,1,False,https://southwarkleisure.co.uk/centres/the-castle-centre/
SLL_Southwark_1089,London Venue,SLL_Southwark,Bodypump,Group Exercise,Group | Group Exercise Dulwich,False,12.5,Dulwich Leisure Centre,SE22 9HB,Southwark,51.460601,-0.071419,17:45,18:45,Thursday,1,False,https://southwarkleisure.co.uk/centres/dulwich-leisure-centre/
SLL_Southwark_1090,London Venue,SLL_Southwark,Bodypump,Group Exercise,Group | Group Exercise Docks,False,12.5,Surrey Docks Fitness & Water Sports,SE16 7SX,Southwark,51.493796,-0.039449,07:15,08:15,Wednesday,1,False,https://southwarkleisure.co.uk/centres/surrey-docks-fitness-and-watersports-centre/
SLL_Southwark_1091,London Venue,SLL_Southwark,20-1 Weights Session,Group Exercise,Group | Group Exercise Dulwich,False,12.5,Dulwich Leisure Centre,SE22 9HB,Southwark,51.460601,-0.071419,06:45,07:45,,1,False,https://southwarkleisure.co.uk/centres/dulwich-leisure-centre/
SLL_Southwark_1092,London Venue,SLL_Southwark,Bodypump,Group Exercise,Group | Group Exercise Canada,False,11.3,Canada Water Leisure Cent,,Southwark,,,12:00,12:45,Thursday,1,False,
SLL_Southwark_1093,London Venue,SLL_Southwark,Body Pump,Group Exercise,Group | Group Exercise Castle,False,12.5,The Castle Centre,SE1 6FG,Southwark,51.4935,-0.1024,10:45,11:45,,1,False,https://southwarkleisure.co.uk/centres/the-castle-centre/
SLL_Southwark_1094,London Venue,SLL_Southwark,Bodypump,Group Exercise,Group | Group Exercise Dulwich,False,12.5,Dulwich Leisure Centre,SE22 9HB,Southwark,51.460601,-0.071419,17:30,18:30,,1,False,https://southwarkleisure.co.uk/centres/dulwich-leisure-centre/
SLL_Southwark_1095,London Venue,SLL_Southwark,Bodypump,Group Exercise,Group | Group Exercise Docks,False,12.5,Surrey Docks Fitness & Water Sports,SE16 7SX,Southwark,51.493796,-0.039449,18:00,19:00,,1,False,https://southwarkleisure.co.uk/centres/surrey-docks-fitness-and-watersports-centre/
SLL_Southwark_1096,London Venue,SLL_Southwark,Body Pump,Group Exercise,Group | Group Exercise Peckham,False,12.5,Peckham Pulse Leisure Centre,SE15 5QN,Southwark,51.474074,-0.070885,17:45,18:45,,1,False,https://southwarkleisure.co.uk/centres/peckham-pulse-leisure-centre/
SLL_Southwark_1097,London Venue,SLL_Southwark,Bodypump,Group Exercise,Group | Group Exercise Dulwich,False,12.5,Dulwich Leisure Centre,SE22 9HB,Southwark,51.460601,-0.071419,18:35,19:35,,1,False,https://southwarkleisure.co.uk/centres/dulwich-leisure-centre/
SLL_Southwark_1098,London Venue,SLL_Southwark,Bodypump,Group Exercise,Group | Group Exercise Dulwich,False,12.5,Dulwich Leisure Centre,SE22 9HB,Southwark,51.460601,-0.071419,12:15,13:15,,1,False,https://southwarkleisure.co.uk/centres/dulwich-leisure-centre/
SLL_Southwark_1099,London Venue,SLL_Southwark,Bodypump,Group Exercise,Group | Group Exercise Dulwich,False,12.5,Dulwich Leisure Centre,SE22 9HB,Southwark,51.460601,-0.071419,08:30,09:30,,1,False,https://southwarkleisure.co.uk/centres/dulwich-leisure-centre/
SLL_Southwark_1100,London Venue,SLL_Southwark,Bodypump,Group Exercise,Group | Group Exercise Docks,False,12.5,Surrey Docks Fitness & Water Sports,SE16 7SX,Southwark,51.493796,-0.039449,13:15,14:15,,1,False,https://southwarkleisure.co.uk/centres/surrey-docks-fitness-and-watersports-centre/
SLL_Southwark_1101,London Venue,SLL_Southwark,Bodypump,Group Exercise,Group | Group Exercise Canada,False,11.3,Canada Water Leisure Cent,,Southwark,,,06:45,07:30,Monday,1,False,
SLL_Southwark_1102,London Venue,SLL_Southwark,Bodypump,Group Exercise,Group | Group Exercise Canada,False,11.3,Canada Water Leisure Cent,,Southwark,,,18:30,19:30,Wednesday,1,False,
SLL_Southwark_1103,London Venue,SLL_Southwark,Bodypump,Group Exercise,Group | Group Exercise Docks,False,12.5,Surrey Docks Fitness & Water Sports,SE16 7SX,Southwark,51.493796,-0.039449,12:30,13:30,,1,False,https://southwarkleisure.co.uk/centres/surrey-docks-fitness-and-watersports-centre/
SLL_Southwark_1104,London Venue,SLL_Southwark,Bodypump,Group Exercise,Group | Group Exercise Dulwich,False,12.5,Dulwich Leisure Centre,SE22 9HB,Southwark,51.460601,-0.071419,11:00,12:00,,1,False,https://southwarkleisure.co.uk/centres/dulwich-leisure-centre/
SLL_Southwark_1105,London Venue,SLL_Southwark,Bodypump,Group Exercise,Group | Group Exercise Dulwich,False,12.5,Dulwich Leisure Centre,SE22 9HB,Southwark,51.460601,-0.071419,20:15,21:15,Monday,1,False,https://southwarkleisure.co.uk/centres/dulwich-leisure-centre/
SLL_Southwark_1106,London Venue,SLL_Southwark,Bodypump,Group Exercise,Group | Group Exercise Canada,False,11.3,Canada Water Leisure Cent,,Southwark,,,11:15,12:15,Saturday,1,False,
SLL_Southwark_1107,London Venue,SLL_Southwark,Bodycombat,Group Exercise,Group | Group Exercise Canada,False,11.3,Canada Water Leisure Cent,,Southwark,,,18:45,19:45,Tuesday,1,False,
SLL_Southwark_1108,London Venue,SLL_Southwark,Bodypump Heavy,Group Exercise,Group | Group Exercise Canada,False,11.3,Canada Water Leisure Cent,,Southwark,,,06:45,07:45,Friday,1,False,
SLL_Southwark_1109,London Venue,SLL_Southwark,Bodypump,Group Exercise,Group | Group Exercise Camberwell,False,12.5,Camberwell Leisure Centre,SE5 8TS,Southwark,51.47422,-0.09051,12:00,13:00,,1,False,https://southwarkleisure.co.uk/centres/camberwell-leisure-centre/
SLL_Southwark_1110,London Venue,SLL_Southwark,Bodypump,Group Exercise,Group | Group Exercise Docks,False,12.5,Surrey Docks Fitness & Water Sports,SE16 7SX,Southwark,51.493796,-0.039449,18:00,19:00,Wednesday,1,False,https://southwarkleisure.co.uk/centres/surrey-docks-fitness-and-watersports-centre/
SLL_Southwark_1111,London Venue,SLL_Southwark,Bodypump,Group Exercise,Group | Group Exercise Docks,False,12.5,Surrey Docks Fitness & Water Sports,SE16 7SX,Southwark,51.493796,-0.039449,07:00,08:00,Monday,1,False,https://southwarkleisure.co.uk/centres/surrey-docks-fitness-and-watersports-centre/
SLL_Southwark_1112,London Venue,SLL_Southwark,Body Pump,Group Exercise,Group | Group Exercise Castle,False,12.5,The Castle Centre,SE1 6FG,Southwark,51.4935,-0.1024,18:30,19:30,Thursday,1,False,https://southwarkleisure.co.uk/centres/the-castle-centre/
SLL_Southwark_1113,London Venue,SLL_Southwark,Bodypump,Group Exercise,Group | Group Exercise Docks,False,12.5,Surrey Docks Fitness & Water Sports,SE16 7SX,Southwark,51.493796,-0.039449,12:00,13:00,,1,False,https://southwarkleisure.co.uk/centres/surrey-docks-fitness-and-watersports-centre/
SLL_Southwark_1114,London Venue,SLL_Southwark,Bodypump,Group Exercise,Group | Group Exercise Docks,False,12.5,Surrey Docks Fitness & Water Sports,SE16 7SX,Southwark,51.493796,-0.039449,18:00,19:00,Thursday,1,False,https://southwarkleisure.co.uk/centres/surrey-docks-fitness-and-watersports-centre/
SLL_Southwark_1115,London Venue,SLL_Southwark,Body Pump,Group Exercise,Group | Group Exercise Castle,False,12.5,The Castle Centre,SE1 6FG,Southwark,51.4935,-0.1024,07:00,07:45,Wednesday,1,False,https://southwarkleisure.co.uk/centres/the-castle-centre/
SLL_Southwark_1116,London Venue,SLL_Southwark,Body Pump,Group Exercise,Group | Group Exercise Peckham,False,12.5,Peckham Pulse Leisure Centre,SE15 5QN,Southwark,51.474074,-0.070885,10:00,11:00,,1,False,https://southwarkleisure.co.uk/centres/peckham-pulse-leisure-centre/
SLL_Southwark_1117,London Venue,SLL_Southwark,Bodypump,Group Exercise,Group | Group Exercise Docks,False,12.5,Surrey Docks Fitness & Water Sports,SE16 7SX,Southwark,51.493796,-0.039449,18:00,19:00,,1,False,https://southwarkleisure.co.uk/centres/surrey-docks-fitness-and-watersports-centre/
SLL_Southwark_1118,London Venue,SLL_Southwark,Bodypump,Group Exercise,Group | Group Exercise Camberwell,False,12.5,Camberwell Leisure Centre,SE5 8TS,Southwark,51.47422,-0.09051,08:45,09:45,,1,False,https://southwarkleisure.co.uk/centres/camberwell-leisure-centre/
SLL_Southwark_1119,London Venue,SLL_Southwark,Bodypump Heavy,Group Exercise,Group | Group Exercise Camberwell,False,12.5,Camberwell Leisure Centre,SE5 8TS,Southwark,51.47422,-0.09051,19:15,20:15,,1,False,https://southwarkleisure.co.uk/centres/camberwell-leisure-centre/
SLL_Southwark_1120,London Venue,SLL_Southwark,Bodypump,Group Exercise,Group | Group Exercise Peckham,False,12.5,Peckham Pulse Leisure Centre,SE15 5QN,Southwark,51.474074,-0.070885,11:30,12:30,Sunday,1,False,https://southwarkleisure.co.uk/centres/peckham-pulse-leisure-centre/
SLL_Southwark_1121,London Venue,SLL_Southwark,Group Cycle,Group Exercise,Group | Group Exercise Canada,False,11.3,Canada Water Leisure Cent,,Southwark,,,08:15,09:00,Saturday,1,False,
SLL_Southwark_1122,London Venue,SLL_Southwark,Silver Swim 60+,Swimming,Swimming | Swimming Peckham,True,0.0,Peckham Pulse Leisure Centre,SE15 5QN,Southwark,51.474074,-0.070885,11:00,12:00,,1,False,https://southwarkleisure.co.uk/centres/peckham-pulse-leisure-centre/
SLL_Southwark_1123,London Venue,SLL_Southwark,Meditation,Group Exercise,Group | Group Exercise Camberwell,False,12.5,Camberwell Leisure Centre,SE5 8TS,Southwark,51.47422,-0.09051,09:45,10:30,Thursday,1,False,https://southwarkleisure.co.uk/centres/camberwell-leisure-centre/
SLL_Southwark_1124,London Venue,SLL_Southwark,Free Pt Taster,Group Exercise,Group | Group Exercise Docks,False,12.5,Surrey Docks Fitness & Water Sports,SE16 7SX,Southwark,51.493796,-0.039449,14:30,15:00,Wednesday,1,False,https://southwarkleisure.co.uk/centres/surrey-docks-fitness-and-watersports-centre/
SLL_Southwark_1125,London Venue,SLL_Southwark,Meditation,Group Exercise,Group | Group Exercise Camberwell,False,12.5,Camberwell Leisure Centre,SE5 8TS,Southwark,51.47422,-0.09051,10:20,11:00,Monday,1,False,https://southwarkleisure.co.uk/centres/camberwell-leisure-centre/
SLL_Southwark_1126,London Venue,SLL_Southwark,Free Pt Taster,Group Exercise,Group | Group Exercise Docks,False,12.5,Surrey Docks Fitness & Water Sports,SE16 7SX,Southwark,51.493796,-0.039449,13:30,14:00,Tuesday,1,False,https://southwarkleisure.co.uk/centres/surrey-docks-fitness-and-watersports-centre/
SLL_Southwark_1127,London Venue,SLL_Southwark,Silver Group Cycle,Group Exercise,Group | Group Exercise Docks,False,8.700000000000001,Surrey Docks Fitness & Water Sports,SE16 7SX,Southwark,51.493796,-0.039449,10:00,10:45,Tuesday,1,False,https://southwarkleisure.co.uk/centres/surrey-docks-fitness-and-watersports-centre/
SLL_Southwark_1128,London Venue,SLL_Southwark,Silver Swim,Swimming,Swimming | Swimming Canada Water,True,0.0,Canada Water Leisure Cent,,Southwark,,,09:00,09:55,Tuesday,1,False,
SLL_Southwark_1129,London Venue,SLL_Southwark,Handstands & Core,Group Exercise,Group | Group Exercise Camberwell,False,12.5,Camberwell Leisure Centre,SE5 8TS,Southwark,51.47422,-0.09051,18:00,18:45,Tuesday,1,False,https://southwarkleisure.co.uk/centres/camberwell-leisure-centre/
SLL_Southwark_1130,London Venue,SLL_Southwark,Free Pt Taster,Group Exercise,Group | Group Exercise Docks,False,12.5,Surrey Docks Fitness & Water Sports,SE16 7SX,Southwark,51.493796,-0.039449,08:00,08:30,Wednesday,1,False,https://southwarkleisure.co.uk/centres/surrey-docks-fitness-and-watersports-centre/
SLL_Southwark_1131,London Venue,SLL_Southwark,Induction/programme,Gym / Fitness,Gym | Gym Peckham,False,12.5,Peckham Pulse Leisure Centre,SE15 5QN,Southwark,51.474074,-0.070885,18:15,18:45,"Monday, Tuesday",1,False,https://southwarkleisure.co.uk/centres/peckham-pulse-leisure-centre/
SLL_Southwark_1132,London Venue,SLL_Southwark,Pull Up Club,Group Exercise,Group | Group Exercise Peckham,False,12.5,Peckham Pulse Leisure Centre,SE15 5QN,Southwark,51.474074,-0.070885,10:00,10:30,Monday,1,False,https://southwarkleisure.co.uk/centres/peckham-pulse-leisure-centre/
SLL_Southwark_1133,London Venue,SLL_Southwark,Pilates,Group Exercise,Group | Group Exercise Peckham,False,14.9,Peckham Pulse Leisure Centre,SE15 5QN,Southwark,51.474074,-0.070885,17:30,18:30,,1,False,https://southwarkleisure.co.uk/centres/peckham-pulse-leisure-centre/
SLL_Southwark_1134,London Venue,SLL_Southwark,Bodypump,Group Exercise,Group | Group Exercise Canada,False,11.3,Canada Water Leisure Cent,,Southwark,,,06:45,07:30,Tuesday,1,False,
SLL_Southwark_1135,London Venue,SLL_Southwark,Bodypump Heavy,Group Exercise,Group | Group Exercise Canada,False,11.3,Canada Water Leisure Cent,,Southwark,,,07:00,08:00,Wednesday,1,False,
SLL_Southwark_1136,London Venue,SLL_Southwark,Aqua Aerobics,Group Exercise,Group | Group Exercise Canada,False,12.5,Canada Water Leisure Cent,,Southwark,,,11:00,11:55,Tuesday,1,False,
SLL_Southwark_1137,London Venue,SLL_Southwark,Free Pt Taster,Group Exercise,Group | Group Exercise Docks,False,12.5,Surrey Docks Fitness & Water Sports,SE16 7SX,Southwark,51.493796,-0.039449,14:00,14:30,Tuesday,1,False,https://southwarkleisure.co.uk/centres/surrey-docks-fitness-and-watersports-centre/
SLL_Southwark_1138,London Venue,SLL_Southwark,Free Pt Taster,Group Exercise,Group | Group Exercise Docks,False,12.5,Surrey Docks Fitness & Water Sports,SE16 7SX,Southwark,51.493796,-0.039449,14:30,15:00,Tuesday,1,False,https://southwarkleisure.co.uk/centres/surrey-docks-fitness-and-watersports-centre/
SLL_Southwark_1139,London Venue,SLL_Southwark,Aqua Zumba,Group Exercise,Group | Group Exercise Dulwich,False,12.5,Dulwich Leisure Centre,SE22 9HB,Southwark,51.460601,-0.071419,13:00,13:45,Sunday,1,False,https://southwarkleisure.co.uk/centres/dulwich-leisure-centre/
SLL_Southwark_1140,London Venue,SLL_Southwark,Free Pt Taster,Group Exercise,Group | Group Exercise Docks,False,12.5,Surrey Docks Fitness & Water Sports,SE16 7SX,Southwark,51.493796,-0.039449,15:30,16:00,Tuesday,1,False,https://southwarkleisure.co.uk/centres/surrey-docks-fitness-and-watersports-centre/
SLL_Southwark_1141,London Venue,SLL_Southwark,Group Kickstart Session,Group Exercise,Group | Group Exercise Peckham,False,12.5,Peckham Pulse Leisure Centre,SE15 5QN,Southwark,51.474074,-0.070885,10:45,11:15,"Monday, Tuesday, Wednesday, Thursday",1,False,https://southwarkleisure.co.uk/centres/peckham-pulse-leisure-centre/
SLL_Southwark_1142,London Venue,SLL_Southwark,Bodybalance,Group Exercise,Group | Group Exercise Peckham,False,12.5,Peckham Pulse Leisure Centre,SE15 5QN,Southwark,51.474074,-0.070885,19:00,19:45,Tuesday,1,False,https://southwarkleisure.co.uk/centres/peckham-pulse-leisure-centre/
SLL_Southwark_1143,London Venue,SLL_Southwark,Tai Chi,Group Exercise,Group | Group Exercise Camberwell,False,14.9,Camberwell Leisure Centre,SE5 8TS,Southwark,51.47422,-0.09051,15:30,16:30,Saturday,1,False,https://southwarkleisure.co.uk/centres/camberwell-leisure-centre/
SLL_Southwark_1144,London Venue,SLL_Southwark,Legs Bums & Tums,Group Exercise,Group | Group Exercise Canada,False,11.3,Canada Water Leisure Cent,,Southwark,,,17:30,18:20,Monday,1,False,
SLL_Southwark_1145,London Venue,SLL_Southwark,Personal Gym Intro,Gym / Fitness,Gym | Gym Peckham,False,12.5,Peckham Pulse Leisure Centre,SE15 5QN,Southwark,51.474074,-0.070885,12:45,13:15,"Monday, Tuesday, Wednesday, Thursday",1,False,https://southwarkleisure.co.uk/centres/peckham-pulse-leisure-centre/
SLL_Southwark_1146,London Venue,SLL_Southwark,Free Pt Taster,Group Exercise,Group | Group Exercise Docks,False,12.5,Surrey Docks Fitness & Water Sports,SE16 7SX,Southwark,51.493796,-0.039449,14:30,15:00,Thursday,1,False,https://southwarkleisure.co.uk/centres/surrey-docks-fitness-and-watersports-centre/
SLL_Southwark_1147,London Venue,SLL_Southwark,Group Cycle,Group Exercise,Group | Group Exercise Dulwich,False,12.5,Dulwich Leisure Centre,SE22 9HB,Southwark,51.460601,-0.071419,09:30,10:15,,1,False,https://southwarkleisure.co.uk/centres/dulwich-leisure-centre/
SLL_Southwark_1148,London Venue,SLL_Southwark,Free Pt Taster,Group Exercise,Group | Group Exercise Docks,False,12.5,Surrey Docks Fitness & Water Sports,SE16 7SX,Southwark,51.493796,-0.039449,13:00,13:30,Wednesday,1,False,https://southwarkleisure.co.uk/centres/surrey-docks-fitness-and-watersports-centre/
SLL_Southwark_1149,London Venue,SLL_Southwark,Free Pt Taster,Group Exercise,Group | Group Exercise Docks,False,12.5,Surrey Docks Fitness & Water Sports,SE16 7SX,Southwark,51.493796,-0.039449,13:30,14:00,Wednesday,1,False,https://southwarkleisure.co.uk/centres/surrey-docks-fitness-and-watersports-centre/
SLL_Southwark_1150,London Venue,SLL_Southwark,Body Pump,Group Exercise,Group | Group Exercise Castle,False,12.5,The Castle Centre,SE1 6FG,Southwark,51.4935,-0.1024,09:30,10:30,Wednesday,1,False,https://southwarkleisure.co.uk/centres/the-castle-centre/
SLL_Southwark_1151,London Venue,SLL_Southwark,Disability Swim,Swimming,Swimming | Swimming Canada Water,True,0.0,Canada Water Leisure Cent,,Southwark,,,13:30,15:00,Monday,1,False,
SLL_Southwark_1152,London Venue,SLL_Southwark,Aqua Aerobics,Group Exercise,Group | Group Exercise Canada,False,12.5,Canada Water Leisure Cent,,Southwark,,,11:00,11:55,Thursday,1,False,
SLL_Southwark_1153,London Venue,SLL_Southwark,Free Pt Taster,Group Exercise,Group | Group Exercise Docks,False,12.5,Surrey Docks Fitness & Water Sports,SE16 7SX,Southwark,51.493796,-0.039449,14:00,14:30,Wednesday,1,False,https://southwarkleisure.co.uk/centres/surrey-docks-fitness-and-watersports-centre/
SLL_Southwark_1154,London Venue,SLL_Southwark,Hand Stand And Core,Group Exercise,Group | Group Exercise Castle,False,12.5,The Castle Centre,SE1 6FG,Southwark,51.4935,-0.1024,18:15,19:15,Wednesday,1,False,https://southwarkleisure.co.uk/centres/the-castle-centre/
SLL_Southwark_1155,London Venue,SLL_Southwark,Les Mills Pilates™,Group Exercise,Group | Group Exercise Canada,False,13.5,Canada Water Leisure Cent,,Southwark,,,07:00,07:45,Monday,1,False,
SLL_Southwark_1156,London Venue,SLL_Southwark,Free Pt Taster,Group Exercise,Group | Group Exercise Docks,False,12.5,Surrey Docks Fitness & Water Sports,SE16 7SX,Southwark,51.493796,-0.039449,15:00,15:30,Tuesday,1,False,https://southwarkleisure.co.uk/centres/surrey-docks-fitness-and-watersports-centre/
SLL_Southwark_1157,London Venue,SLL_Southwark,Free Pt Taster,Group Exercise,Group | Group Exercise Docks,False,12.5,Surrey Docks Fitness & Water Sports,SE16 7SX,Southwark,51.493796,-0.039449,08:30,09:00,Wednesday,1,False,https://southwarkleisure.co.uk/centres/surrey-docks-fitness-and-watersports-centre/
SLL_Southwark_1158,London Venue,SLL_Southwark,Legs Bums&tums,Group Exercise,Group | Group Exercise Docks,False,12.5,Surrey Docks Fitness & Water Sports,SE16 7SX,Southwark,51.493796,-0.039449,07:00,07:45,,1,False,https://southwarkleisure.co.uk/centres/surrey-docks-fitness-and-watersports-centre/
SLL_Southwark_1159,London Venue,SLL_Southwark,Dancehall,Group Exercise,Group | Group Exercise Docks,False,12.5,Surrey Docks Fitness & Water Sports,SE16 7SX,Southwark,51.493796,-0.039449,12:15,13:00,Saturday,1,False,https://southwarkleisure.co.uk/centres/surrey-docks-fitness-and-watersports-centre/
SLL_Southwark_1160,London Venue,SLL_Southwark,Free Pt Taster,Group Exercise,Group | Group Exercise Docks,False,12.5,Surrey Docks Fitness & Water Sports,SE16 7SX,Southwark,51.493796,-0.039449,13:00,13:30,Tuesday,1,False,https://southwarkleisure.co.uk/centres/surrey-docks-fitness-and-watersports-centre/
SLL_Southwark_1161,London Venue,SLL_Southwark,Circuit Class Egym,Group Exercise,Group | Group Exercise Peckham,False,12.5,Peckham Pulse Leisure Centre,SE15 5QN,Southwark,51.474074,-0.070885,08:00,08:45,Friday,1,False,https://southwarkleisure.co.uk/centres/peckham-pulse-leisure-centre/
SLL_Southwark_1162,London Venue,SLL_Southwark,Bodypump,Group Exercise,Group | Group Exercise Dulwich,False,12.5,Dulwich Leisure Centre,SE22 9HB,Southwark,51.460601,-0.071419,12:45,13:45,Wednesday,1,False,https://southwarkleisure.co.uk/centres/dulwich-leisure-centre/
SLL_Southwark_1163,London Venue,SLL_Southwark,Silver Swim,Swimming,Swimming | Swimming Canada Water,True,0.0,Canada Water Leisure Cent,,Southwark,,,09:00,09:55,Thursday,1,False,
SLL_Southwark_1164,London Venue,SLL_Southwark,Free Pt Taster,Group Exercise,Group | Group Exercise Docks,False,12.5,Surrey Docks Fitness & Water Sports,SE16 7SX,Southwark,51.493796,-0.039449,14:00,14:30,Thursday,1,False,https://southwarkleisure.co.uk/centres/surrey-docks-fitness-and-watersports-centre/
SLL_Southwark_1165,London Venue,SLL_Southwark,Free Pt Taster,Group Exercise,Group | Group Exercise Docks,False,12.5,Surrey Docks Fitness & Water Sports,SE16 7SX,Southwark,51.493796,-0.039449,13:00,13:30,Thursday,1,False,https://southwarkleisure.co.uk/centres/surrey-docks-fitness-and-watersports-centre/
SLL_Southwark_1166,London Venue,SLL_Southwark,Dance Fitness,Group Exercise,Group | Group Exercise Peckham,False,12.5,Peckham Pulse Leisure Centre,SE15 5QN,Southwark,51.474074,-0.070885,12:00,13:00,Thursday,1,False,https://southwarkleisure.co.uk/centres/peckham-pulse-leisure-centre/
SLL_Southwark_1167,London Venue,SLL_Southwark,Body Pump,Group Exercise,Group | Group Exercise Castle,False,12.5,The Castle Centre,SE1 6FG,Southwark,51.4935,-0.1024,09:15,10:15,Saturday,1,False,https://southwarkleisure.co.uk/centres/the-castle-centre/
SLL_Southwark_1168,London Venue,SLL_Southwark,Free Pt Taster,Group Exercise,Group | Group Exercise Docks,False,12.5,Surrey Docks Fitness & Water Sports,SE16 7SX,Southwark,51.493796,-0.039449,15:30,16:00,Wednesday,1,False,https://southwarkleisure.co.uk/centres/surrey-docks-fitness-and-watersports-centre/
SLL_Southwark_1169,London Venue,SLL_Southwark,Zumba®,Group Exercise,Group | Group Exercise Canada,False,11.3,Canada Water Leisure Cent,,Southwark,,,11:45,12:45,Monday,1,False,
SLL_Southwark_1170,London Venue,SLL_Southwark,Free Pt Taster,Group Exercise,Group | Group Exercise Docks,False,12.5,Surrey Docks Fitness & Water Sports,SE16 7SX,Southwark,51.493796,-0.039449,15:30,16:00,Thursday,1,False,https://southwarkleisure.co.uk/centres/surrey-docks-fitness-and-watersports-centre/
SLL_Southwark_1171,London Venue,SLL_Southwark,Zumba,Group Exercise,Group | Group Exercise Camberwell,False,12.5,Camberwell Leisure Centre,SE5 8TS,Southwark,51.47422,-0.09051,10:45,11:45,Tuesday,1,False,https://southwarkleisure.co.uk/centres/camberwell-leisure-centre/
SLL_Southwark_1172,London Venue,SLL_Southwark,Meditation,Group Exercise,Group | Group Exercise Camberwell,False,12.5,Camberwell Leisure Centre,SE5 8TS,Southwark,51.47422,-0.09051,09:30,10:15,Tuesday,1,False,https://southwarkleisure.co.uk/centres/camberwell-leisure-centre/
SLL_Southwark_1173,London Venue,SLL_Southwark,Pilates,Group Exercise,Group | Group Exercise Peckham,False,14.9,Peckham Pulse Leisure Centre,SE15 5QN,Southwark,51.474074,-0.070885,13:15,14:15,Thursday,1,False,https://southwarkleisure.co.uk/centres/peckham-pulse-leisure-centre/
SLL_Southwark_1174,London Venue,SLL_Southwark,Free Pt Taster,Group Exercise,Group | Group Exercise Docks,False,12.5,Surrey Docks Fitness & Water Sports,SE16 7SX,Southwark,51.493796,-0.039449,13:30,14:00,Thursday,1,False,https://southwarkleisure.co.uk/centres/surrey-docks-fitness-and-watersports-centre/
SLL_Southwark_1175,London Venue,SLL_Southwark,Tai Chi,Group Exercise,Group | Group Exercise Castle,False,8.700000000000001,The Castle Centre,SE1 6FG,Southwark,51.4935,-0.1024,12:30,13:30,Monday,1,False,https://southwarkleisure.co.uk/centres/the-castle-centre/
SLL_Southwark_1176,London Venue,SLL_Southwark,Free Pt Taster,Group Exercise,Group | Group Exercise Docks,False,12.5,Surrey Docks Fitness & Water Sports,SE16 7SX,Southwark,51.493796,-0.039449,15:00,15:30,Wednesday,1,False,https://southwarkleisure.co.uk/centres/surrey-docks-fitness-and-watersports-centre/
SLL_Southwark_1177,London Venue,SLL_Southwark,Bodybalance,Group Exercise,Group | Group Exercise Canada,False,11.3,Canada Water Leisure Cent,,Southwark,,,17:30,18:30,Thursday,1,False,
SLL_Southwark_1178,London Venue,SLL_Southwark,Functional Performance,Group Exercise,Group | Group Exercise Peckham,False,12.5,Peckham Pulse Leisure Centre,SE15 5QN,Southwark,51.474074,-0.070885,09:00,09:30,Thursday,1,False,https://southwarkleisure.co.uk/centres/peckham-pulse-leisure-centre/
SLL_Southwark_1179,London Venue,SLL_Southwark,Free Pt Taster,Group Exercise,Group | Group Exercise Docks,False,12.5,Surrey Docks Fitness & Water Sports,SE16 7SX,Southwark,51.493796,-0.039449,15:00,15:30,Thursday,1,False,https://southwarkleisure.co.uk/centres/surrey-docks-fitness-and-watersports-centre/
SLL_Southwark_1180,London Venue,SLL_Southwark,Vunerable Disability Swim,Swimming,Swimming | Swimming Peckham,,,Peckham Pulse Leisure Centre,SE15 5QN,Southwark,51.474074,-0.070885,17:00,17:45,,1,False,https://southwarkleisure.co.uk/centres/peckham-pulse-leisure-centre/
SLL_Southwark_1181,London Venue,SLL_Southwark,The Training Club,Group Exercise,Group | Group Exercise Castle,False,12.5,The Castle Centre,SE1 6FG,Southwark,51.4935,-0.1024,07:00,07:45,Thursday,1,False,https://southwarkleisure.co.uk/centres/the-castle-centre/
SLL_Southwark_1182,London Venue,SLL_Southwark,Free Pt Taster,Group Exercise,Group | Group Exercise Docks,False,12.5,Surrey Docks Fitness & Water Sports,SE16 7SX,Southwark,51.493796,-0.039449,09:00,09:30,Wednesday,1,False,https://southwarkleisure.co.uk/centres/surrey-docks-fitness-and-watersports-centre/
SLL_Southwark_1183,London Venue,SLL_Southwark,Free Pt Taster,Group Exercise,Group | Group Exercise Docks,False,12.5,Surrey Docks Fitness & Water Sports,SE16 7SX,Southwark,51.493796,-0.039449,10:00,10:30,Wednesday,1,False,https://southwarkleisure.co.uk/centres/surrey-docks-fitness-and-watersports-centre/
SLL_Southwark_1184,London Venue,SLL_Southwark,Legs Bums&tums,Group Exercise,Group | Group Exercise Castle,False,12.5,The Castle Centre,SE1 6FG,Southwark,51.4935,-0.1024,17:30,18:30,Monday,1,False,https://southwarkleisure.co.uk/centres/the-castle-centre/
SLL_Southwark_1185,London Venue,SLL_Southwark,Group Cycle,Group Exercise,Group | Group Exercise Canada,False,11.3,Canada Water Leisure Cent,,Southwark,,,09:15,10:00,Saturday,1,False,
SLL_Southwark_1186,London Venue,SLL_Southwark,Free Pt Taster,Group Exercise,Group | Group Exercise Docks,False,12.5,Surrey Docks Fitness & Water Sports,SE16 7SX,Southwark,51.493796,-0.039449,10:30,11:00,Wednesday,1,False,https://southwarkleisure.co.uk/centres/surrey-docks-fitness-and-watersports-centre/
SLL_Southwark_1187,London Venue,SLL_Southwark,Sound Bath,Group Exercise,Group | Group Exercise Camberwell,False,12.5,Camberwell Leisure Centre,SE5 8TS,Southwark,51.47422,-0.09051,08:15,09:15,Friday,1,False,https://southwarkleisure.co.uk/centres/camberwell-leisure-centre/
SLL_Southwark_1188,London Venue,SLL_Southwark,Kettlebells,Group Exercise,Group | Group Exercise Docks,False,12.5,Surrey Docks Fitness & Water Sports,SE16 7SX,Southwark,51.493796,-0.039449,20:15,21:00,Thursday,1,False,https://southwarkleisure.co.uk/centres/surrey-docks-fitness-and-watersports-centre/
SLL_Southwark_1189,London Venue,SLL_Southwark,Sound Bath,Group Exercise,Group | Group Exercise Camberwell,False,12.5,Camberwell Leisure Centre,SE5 8TS,Southwark,51.47422,-0.09051,12:15,13:15,Tuesday,1,False,https://southwarkleisure.co.uk/centres/camberwell-leisure-centre/
SLL_Southwark_1190,London Venue,SLL_Southwark,Active Stretch & Mobility,Group Exercise,Group | Group Exercise Peckham,False,12.5,Peckham Pulse Leisure Centre,SE15 5QN,Southwark,51.474074,-0.070885,09:00,09:30,Tuesday,1,False,https://southwarkleisure.co.uk/centres/peckham-pulse-leisure-centre/
SLL_Southwark_1191,London Venue,SLL_Southwark,Kettlebell,Group Exercise,Group | Group Exercise Peckham,False,12.5,Peckham Pulse Leisure Centre,SE15 5QN,Southwark,51.474074,-0.070885,09:00,09:30,Wednesday,1,False,https://southwarkleisure.co.uk/centres/peckham-pulse-leisure-centre/
SLL_Southwark_1192,London Venue,SLL_Southwark,Stretch & Tone,Group Exercise,Group | Group Exercise Camberwell,False,12.5,Camberwell Leisure Centre,SE5 8TS,Southwark,51.47422,-0.09051,13:15,14:00,Monday,1,False,https://southwarkleisure.co.uk/centres/camberwell-leisure-centre/
SLL_Southwark_1193,London Venue,SLL_Southwark,Soca Aerobics,Group Exercise,Group | Group Exercise Peckham,False,12.5,Peckham Pulse Leisure Centre,SE15 5QN,Southwark,51.474074,-0.070885,10:45,11:30,Thursday,1,False,https://southwarkleisure.co.uk/centres/peckham-pulse-leisure-centre/
SLL_Southwark_1194,London Venue,SLL_Southwark,Sound Bath,Group Exercise,Group | Group Exercise Canada,False,11.3,Canada Water Leisure Cent,,Southwark,,,18:45,19:45,Monday,1,False,
SLL_Southwark_1195,London Venue,SLL_Southwark,Coached Running Class,Group Exercise,Group | Group Exercise Tracks,False,12.5,Southwark Athletics Track,SE16 2PE,Southwark,51.4924,-0.0512,06:45,07:30,Tuesday,1,False,https://southwarkleisure.co.uk/centres/southwark-park-sports-and-athletics-centre/
SLL_Southwark_1196,London Venue,SLL_Southwark,Sound Bath,Group Exercise,Group | Group Exercise Docks,False,12.5,Surrey Docks Fitness & Water Sports,SE16 7SX,Southwark,51.493796,-0.039449,20:30,21:30,Wednesday,1,False,https://southwarkleisure.co.uk/centres/surrey-docks-fitness-and-watersports-centre/
SLL_Southwark_1197,London Venue,SLL_Southwark,Step Aerobics,Group Exercise,Group | Group Exercise Castle,False,12.5,The Castle Centre,SE1 6FG,Southwark,51.4935,-0.1024,11:45,12:45,Saturday,1,False,https://southwarkleisure.co.uk/centres/the-castle-centre/
SLL_Southwark_1198,London Venue,SLL_Southwark,Sound Bath,Group Exercise,Group | Group Exercise Castle,False,12.5,The Castle Centre,SE1 6FG,Southwark,51.4935,-0.1024,08:45,09:45,Monday,1,False,https://southwarkleisure.co.uk/centres/the-castle-centre/
SLL_Southwark_1199,London Venue,SLL_Southwark,Core Workout,Group Exercise,Group | Group Exercise Camberwell,False,12.5,Camberwell Leisure Centre,SE5 8TS,Southwark,51.47422,-0.09051,18:45,19:15,Tuesday,1,False,https://southwarkleisure.co.uk/centres/camberwell-leisure-centre/
SLL_Southwark_1200,London Venue,SLL_Southwark,Bodypump,Group Exercise,Group | Group Exercise Canada,False,11.3,Canada Water Leisure Cent,,Southwark,,,20:00,21:00,Tuesday,1,False,
SLL_Southwark_1201,London Venue,SLL_Southwark,Gymfluence – Supervised,Gym / Fitness,Gymfluence | Gymfluence Peckham,False,4.0,Peckham Pulse Leisure Centre,SE15 5QN,Southwark,51.474074,-0.070885,09:00,10:00,Saturday,1,False,https://southwarkleisure.co.uk/centres/peckham-pulse-leisure-centre/
SLL_Southwark_1202,London Venue,SLL_Southwark,Gymfluence – Supervised,Gym / Fitness,Gymfluence | Gymfluence Peckham,False,4.0,Peckham Pulse Leisure Centre,SE15 5QN,Southwark,51.474074,-0.070885,09:00,10:00,Friday,1,False,https://southwarkleisure.co.uk/centres/peckham-pulse-leisure-centre/
SLL_Southwark_1203,London Venue,SLL_Southwark,Gymfluence – Supervised,Gym / Fitness,Gymfluence | Gymfluence Surrey Docks,False,4.0,Surrey Docks Fitness & Water Sports,SE16 7SX,Southwark,51.493796,-0.039449,08:00,09:00,Monday,1,False,https://southwarkleisure.co.uk/centres/surrey-docks-fitness-and-watersports-centre/
SLL_Southwark_1204,London Venue,SLL_Southwark,Gymfluence – Supervised,Gym / Fitness,Gymfluence | Gymfluence Castle,False,4.0,The Castle Centre,SE1 6FG,Southwark,51.4935,-0.1024,18:00,19:00,Wednesday,1,False,https://southwarkleisure.co.uk/centres/the-castle-centre/
SLL_Southwark_1205,London Venue,SLL_Southwark,Lane Swim - Slow,Swimming,Swimming | Swimming Canada Water,True,0.0,Canada Water Leisure Cent,,Southwark,,,08:00,08:55,Sunday,1,False,
SLL_Southwark_1206,London Venue,SLL_Southwark,Gymfluence – Supervised,Gym / Fitness,Gymfluence | Gymfluence Peckham,False,4.0,Peckham Pulse Leisure Centre,SE15 5QN,Southwark,51.474074,-0.070885,14:00,15:00,Wednesday,1,False,https://southwarkleisure.co.uk/centres/peckham-pulse-leisure-centre/
SLL_Southwark_1207,London Venue,SLL_Southwark,Gymfluence – Supervised,Gym / Fitness,Gymfluence | Gymfluence Camberwell,False,4.0,Camberwell Leisure Centre,SE5 8TS,Southwark,51.47422,-0.09051,21:00,22:00,Monday,1,False,https://southwarkleisure.co.uk/centres/camberwell-leisure-centre/
SLL_Southwark_1208,London Venue,SLL_Southwark,Gymfluence – Supervised,Gym / Fitness,Gymfluence | Gymfluence Canada Water,False,4.0,Canada Water Leisure Cent,,Southwark,,,13:00,14:00,Sunday,1,False,
SLL_Southwark_1209,London Venue,SLL_Southwark,Family Fun Swim,Swimming,Swimming | Swimming Canada Water,True,0.0,Canada Water Leisure Cent,,Southwark,,,13:00,13:55,Sunday,1,False,
SLL_Southwark_1210,London Venue,SLL_Southwark,Public Swim,Swimming,Swimming | Swimming Dulwich,True,0.0,Dulwich Leisure Centre,SE22 9HB,Southwark,51.460601,-0.071419,10:00,11:00,Sunday,1,False,https://southwarkleisure.co.uk/centres/dulwich-leisure-centre/
SLL_Southwark_1211,London Venue,SLL_Southwark,Gymfluence – Supervised,Gym / Fitness,Gymfluence | Gymfluence Peckham,False,4.0,Peckham Pulse Leisure Centre,SE15 5QN,Southwark,51.474074,-0.070885,11:00,12:00,Tuesday,1,False,https://southwarkleisure.co.uk/centres/peckham-pulse-leisure-centre/
SLL_Southwark_1212,London Venue,SLL_Southwark,Gymfluence – Supervised,Gym / Fitness,Gymfluence | Gymfluence Peckham,False,4.0,Peckham Pulse Leisure Centre,SE15 5QN,Southwark,51.474074,-0.070885,12:00,13:00,Tuesday,1,False,https://southwarkleisure.co.uk/centres/peckham-pulse-leisure-centre/
SLL_Southwark_1213,London Venue,SLL_Southwark,Gymfluence – Supervised,Gym / Fitness,Gymfluence | Gymfluence Canada Water,False,9.7,Canada Water Leisure Cent,,Southwark,,,19:00,20:00,Sunday,1,False,
SLL_Southwark_1214,London Venue,SLL_Southwark,Gymfluence – Supervised,Gym / Fitness,Gymfluence | Gymfluence Peckham,False,4.0,Peckham Pulse Leisure Centre,SE15 5QN,Southwark,51.474074,-0.070885,06:30,07:00,Thursday,1,False,https://southwarkleisure.co.uk/centres/peckham-pulse-leisure-centre/
SLL_Southwark_1215,London Venue,SLL_Southwark,Lane Swim - Medium,Swimming,Swimming | Swimming Canada Water,True,0.0,Canada Water Leisure Cent,,Southwark,,,07:30,08:55,Wednesday,1,False,
SLL_Southwark_1216,London Venue,SLL_Southwark,Gymfluence – Supervised,Gym / Fitness,Gymfluence | Gymfluence Canada Water,False,4.0,Canada Water Leisure Cent,,Southwark,,,16:00,17:00,Tuesday,1,False,
SLL_Southwark_1217,London Venue,SLL_Southwark,Gymfluence – Supervised,Gym / Fitness,Gymfluence | Gymfluence Canada Water,False,4.0,Canada Water Leisure Cent,,Southwark,,,18:00,19:00,Tuesday,1,False,
SLL_Southwark_1218,London Venue,SLL_Southwark,Public Swim,Swimming,Swimming | Swimming Peckham,True,0.0,Peckham Pulse Leisure Centre,SE15 5QN,Southwark,51.474074,-0.070885,18:00,19:00,Tuesday,1,False,https://southwarkleisure.co.uk/centres/peckham-pulse-leisure-centre/
SLL_Southwark_1219,London Venue,SLL_Southwark,Lane Swim - Medium,Swimming,Swimming | Swimming Canada Water,True,0.0,Canada Water Leisure Cent,,Southwark,,,12:00,13:25,Friday,1,False,
SLL_Southwark_1220,London Venue,SLL_Southwark,Lane Swim - Medium,Swimming,Swimming | Swimming Canada Water,True,0.0,Canada Water Leisure Cent,,Southwark,,,12:00,13:25,Friday,1,False,
SLL_Southwark_1221,London Venue,SLL_Southwark,Gymfluence – Supervised,Gym / Fitness,Gymfluence | Gymfluence Camberwell,False,4.0,Camberwell Leisure Centre,SE5 8TS,Southwark,51.47422,-0.09051,11:00,12:00,Saturday,1,False,https://southwarkleisure.co.uk/centres/camberwell-leisure-centre/
SLL_Southwark_1222,London Venue,SLL_Southwark,Gymfluence – Supervised,Gym / Fitness,Gymfluence | Gymfluence Camberwell,False,4.0,Camberwell Leisure Centre,SE5 8TS,Southwark,51.47422,-0.09051,12:00,13:00,Saturday,1,False,https://southwarkleisure.co.uk/centres/camberwell-leisure-centre/
SLL_Southwark_1223,London Venue,SLL_Southwark,Gymfluence – Supervised,Gym / Fitness,Gymfluence | Gymfluence Castle,False,4.0,The Castle Centre,SE1 6FG,Southwark,51.4935,-0.1024,10:00,11:00,Friday,1,False,https://southwarkleisure.co.uk/centres/the-castle-centre/
SLL_Southwark_1224,London Venue,SLL_Southwark,Gym Session,Gym / Fitness,Gym | Gym Track,False,9.7,Southwark Athletics Track,SE16 2PE,Southwark,51.4924,-0.0512,14:00,15:00,Wednesday,1,False,https://southwarkleisure.co.uk/centres/southwark-park-sports-and-athletics-centre/
SLL_Southwark_1225,London Venue,SLL_Southwark,Gymfluence – Supervised,Gym / Fitness,Gymfluence | Gymfluence Peckham,False,4.0,Peckham Pulse Leisure Centre,SE15 5QN,Southwark,51.474074,-0.070885,10:00,11:00,Wednesday,1,False,https://southwarkleisure.co.uk/centres/peckham-pulse-leisure-centre/
SLL_Southwark_1226,London Venue,SLL_Southwark,Public Swim,Swimming,Swimming | Swimming Canada Water,True,0.0,Canada Water Leisure Cent,,Southwark,,,13:30,15:00,Friday,1,False,
SLL_Southwark_1227,London Venue,SLL_Southwark,Lane Swim - Fast,Swimming,Swimming | Swimming Canada Water,True,0.0,Canada Water Leisure Cent,,Southwark,,,15:00,15:55,Friday,1,False,
SLL_Southwark_1228,London Venue,SLL_Southwark,Public Swim,Swimming,Swimming | Swimming Peckham,True,0.0,Peckham Pulse Leisure Centre,SE15 5QN,Southwark,51.474074,-0.070885,11:00,12:00,Sunday,1,False,https://southwarkleisure.co.uk/centres/peckham-pulse-leisure-centre/
SLL_Southwark_1229,London Venue,SLL_Southwark,Lane Swim - Medium,Swimming,Swimming | Swimming Canada Water,True,0.0,Canada Water Leisure Cent,,Southwark,,,15:00,15:55,Friday,1,False,
SLL_Southwark_1230,London Venue,SLL_Southwark,Public Swim,Swimming,Swimming | Swimming Canada Water,True,0.0,Canada Water Leisure Cent,,Southwark,,,09:00,09:55,Saturday,1,False,
SLL_Southwark_1231,London Venue,SLL_Southwark,Gymfluence – Supervised,Gym / Fitness,Gymfluence | Gymfluence Camberwell,False,4.0,Camberwell Leisure Centre,SE5 8TS,Southwark,51.47422,-0.09051,07:00,08:00,Sunday,1,False,https://southwarkleisure.co.uk/centres/camberwell-leisure-centre/
SLL_Southwark_1232,London Venue,SLL_Southwark,Gymfluence – Supervised,Gym / Fitness,Gymfluence | Gymfluence Camberwell,False,4.0,Camberwell Leisure Centre,SE5 8TS,Southwark,51.47422,-0.09051,07:00,08:00,Saturday,1,False,https://southwarkleisure.co.uk/centres/camberwell-leisure-centre/
SLL_Southwark_1233,London Venue,SLL_Southwark,Lane Swim - Slow,Swimming,Swimming | Swimming Peckham,True,0.0,Peckham Pulse Leisure Centre,SE15 5QN,Southwark,51.474074,-0.070885,17:00,17:45,,1,False,https://southwarkleisure.co.uk/centres/peckham-pulse-leisure-centre/
SLL_Southwark_1234,London Venue,SLL_Southwark,Silver Gym Session,Gym / Fitness,Gym | Gym Canada Water,False,9.7,Canada Water Leisure Cent,,Southwark,,,14:00,15:00,Wednesday,1,False,
SLL_Southwark_1235,London Venue,SLL_Southwark,Gymfluence – Supervised,Gym / Fitness,Gymfluence | Gymfluence Canada Water,False,4.0,Canada Water Leisure Cent,,Southwark,,,14:00,15:00,Wednesday,1,False,
SLL_Southwark_1236,London Venue,SLL_Southwark,Lane Swim - Slow,Swimming,Swimming | Swimming Canada Water,True,0.0,Canada Water Leisure Cent,,Southwark,,,12:00,13:25,Friday,1,False,
SLL_Southwark_1237,London Venue,SLL_Southwark,Gymfluence – Supervised,Gym / Fitness,Gymfluence | Gymfluence Peckham,False,4.0,Peckham Pulse Leisure Centre,SE15 5QN,Southwark,51.474074,-0.070885,18:00,19:00,Wednesday,1,False,https://southwarkleisure.co.uk/centres/peckham-pulse-leisure-centre/
SLL_Southwark_1238,London Venue,SLL_Southwark,Gymfluence – Supervised,Gym / Fitness,Gymfluence | Gymfluence Peckham,False,4.0,Peckham Pulse Leisure Centre,SE15 5QN,Southwark,51.474074,-0.070885,10:00,11:00,Friday,1,False,https://southwarkleisure.co.uk/centres/peckham-pulse-leisure-centre/
SLL_Southwark_1239,London Venue,SLL_Southwark,Lane Swim - Slow,Swimming,Swimming | Swimming Canada Water,True,0.0,Canada Water Leisure Cent,,Southwark,,,07:30,08:55,Wednesday,1,False,
SLL_Southwark_1240,London Venue,SLL_Southwark,Gymfluence – Supervised,Gym / Fitness,Gymfluence | Gymfluence Canada Water,False,9.7,Canada Water Leisure Cent,,Southwark,,,17:00,18:00,Friday,1,False,
SLL_Southwark_1241,London Venue,SLL_Southwark,Gymfluence – Supervised,Gym / Fitness,Gymfluence | Gymfluence Peckham,False,4.0,Peckham Pulse Leisure Centre,SE15 5QN,Southwark,51.474074,-0.070885,08:00,09:00,Sunday,1,False,https://southwarkleisure.co.uk/centres/peckham-pulse-leisure-centre/
SLL_Southwark_1242,London Venue,SLL_Southwark,U5 Fun Swim,Swimming,Swimming | Swimming Castle,True,0.0,The Castle Centre,SE1 6FG,Southwark,51.4935,-0.1024,09:00,10:00,,1,False,https://southwarkleisure.co.uk/centres/the-castle-centre/
SLL_Southwark_1243,London Venue,SLL_Southwark,Track Visit,Walking / Running,Athletics | Athletics Track Casual,False,1.2000000000000002,Southwark Athletics Track,SE16 2PE,Southwark,51.4924,-0.0512,10:00,11:00,Monday,1,False,https://southwarkleisure.co.uk/centres/southwark-park-sports-and-athletics-centre/
SLL_Southwark_1244,London Venue,SLL_Southwark,Gymfluence – Supervised,Gym / Fitness,Gymfluence | Gymfluence Surrey Docks,False,4.0,Surrey Docks Fitness & Water Sports,SE16 7SX,Southwark,51.493796,-0.039449,19:00,20:00,Thursday,1,False,https://southwarkleisure.co.uk/centres/surrey-docks-fitness-and-watersports-centre/
SLL_Southwark_1245,London Venue,SLL_Southwark,Gymfluence  - Instructor,Gym / Fitness,Gymfluence | Gymfluence Dulwich,False,4.0,Dulwich Leisure Centre,SE22 9HB,Southwark,51.460601,-0.071419,11:00,12:00,Sunday,1,False,https://southwarkleisure.co.uk/centres/dulwich-leisure-centre/
SLL_Southwark_1246,London Venue,SLL_Southwark,Gymfluence - Instructor,Gym / Fitness,Gymfluence | Gymfluence Castle,False,4.0,The Castle Centre,SE1 6FG,Southwark,51.4935,-0.1024,11:00,12:00,Sunday,1,False,https://southwarkleisure.co.uk/centres/the-castle-centre/
SLL_Southwark_1247,London Venue,SLL_Southwark,Public Swim,Swimming,Swimming | Swimming Peckham,True,0.0,Peckham Pulse Leisure Centre,SE15 5QN,Southwark,51.474074,-0.070885,17:00,18:00,Tuesday,1,False,https://southwarkleisure.co.uk/centres/peckham-pulse-leisure-centre/
SLL_Southwark_1248,London Venue,SLL_Southwark,Lane Swim - Med 45 Min,Swimming,Swimming | Swimming Dulwich,False,2.5,Dulwich Leisure Centre,SE22 9HB,Southwark,51.460601,-0.071419,12:00,12:45,Wednesday,1,False,https://southwarkleisure.co.uk/centres/dulwich-leisure-centre/
SLL_Southwark_1249,London Venue,SLL_Southwark,Gymfluence – Supervised,Gym / Fitness,Gymfluence | Gymfluence Camberwell,False,4.0,Camberwell Leisure Centre,SE5 8TS,Southwark,51.47422,-0.09051,13:00,14:00,Thursday,1,False,https://southwarkleisure.co.uk/centres/camberwell-leisure-centre/
SLL_Southwark_1250,London Venue,SLL_Southwark,Gymfluence – Supervised,Gym / Fitness,Gymfluence | Gymfluence Castle,False,4.0,The Castle Centre,SE1 6FG,Southwark,51.4935,-0.1024,13:00,14:00,Saturday,1,False,https://southwarkleisure.co.uk/centres/the-castle-centre/
SLL_Southwark_1251,London Venue,SLL_Southwark,Public Swim,Swimming,Swimming | Swimming Dulwich,True,0.0,Dulwich Leisure Centre,SE22 9HB,Southwark,51.460601,-0.071419,15:00,16:00,,1,False,https://southwarkleisure.co.uk/centres/dulwich-leisure-centre/
SLL_Southwark_1252,London Venue,SLL_Southwark,Gymfluence – Supervised,Gym / Fitness,Gymfluence | Gymfluence Canada Water,False,4.0,Canada Water Leisure Cent,,Southwark,,,13:00,14:00,Wednesday,1,False,
SLL_Southwark_1253,London Venue,SLL_Southwark,Gymfluence – Supervised,Gym / Fitness,Gymfluence | Gymfluence Castle,False,4.0,The Castle Centre,SE1 6FG,Southwark,51.4935,-0.1024,16:00,17:00,Tuesday,1,False,https://southwarkleisure.co.uk/centres/the-castle-centre/
SLL_Southwark_1254,London Venue,SLL_Southwark,Lane Swim - Slow,Swimming,Swimming | Swimming Canada Water,True,0.0,Canada Water Leisure Cent,,Southwark,,,06:30,07:25,Friday,1,False,
SLL_Southwark_1255,London Venue,SLL_Southwark,Gymfluence – Supervised,Gym / Fitness,Gymfluence | Gymfluence Castle,False,4.0,The Castle Centre,SE1 6FG,Southwark,51.4935,-0.1024,08:00,09:00,Saturday,1,False,https://southwarkleisure.co.uk/centres/the-castle-centre/
SLL_Southwark_1256,London Venue,SLL_Southwark,Gymfluence – Supervised,Gym / Fitness,Gymfluence | Gymfluence Castle,False,4.0,The Castle Centre,SE1 6FG,Southwark,51.4935,-0.1024,08:00,09:00,Thursday,1,False,https://southwarkleisure.co.uk/centres/the-castle-centre/
SLL_Southwark_1257,London Venue,SLL_Southwark,Gym Session,Gym / Fitness,Gym | Gym Castle,False,9.7,The Castle Centre,SE1 6FG,Southwark,51.4935,-0.1024,09:00,10:00,"Monday, Tuesday, Wednesday, Thursday",1,False,https://southwarkleisure.co.uk/centres/the-castle-centre/
SLL_Southwark_1258,London Venue,SLL_Southwark,Gymfluence – Supervised,Gym / Fitness,Gymfluence | Gymfluence Surrey Docks,False,4.0,Surrey Docks Fitness & Water Sports,SE16 7SX,Southwark,51.493796,-0.039449,16:00,17:00,Tuesday,1,False,https://southwarkleisure.co.uk/centres/surrey-docks-fitness-and-watersports-centre/
SLL_Southwark_1259,London Venue,SLL_Southwark,Gymfluence – Supervised,Gym / Fitness,Gymfluence | Gymfluence Surrey Docks,False,4.0,Surrey Docks Fitness & Water Sports,SE16 7SX,Southwark,51.493796,-0.039449,21:00,22:00,Thursday,1,False,https://southwarkleisure.co.uk/centres/surrey-docks-fitness-and-watersports-centre/
SLL_Southwark_1260,London Venue,SLL_Southwark,Gymfluence – Supervised,Gym / Fitness,Gymfluence | Gymfluence Canada Water,False,4.0,Canada Water Leisure Cent,,Southwark,,,07:00,08:00,Thursday,1,False,
SLL_Southwark_1261,London Venue,SLL_Southwark,Lane Swim - Medium,Swimming,Swimming | Swimming Canada Water,True,0.0,Canada Water Leisure Cent,,Southwark,,,17:00,17:45,Saturday,1,False,
SLL_Southwark_1262,London Venue,SLL_Southwark,Lane Swim - Slow,Swimming,Swimming | Swimming Canada Water,True,0.0,Canada Water Leisure Cent,,Southwark,,,17:00,17:45,Saturday,1,False,
SLL_Southwark_1263,London Venue,SLL_Southwark,Lane Swim - Med 45 Mon,Swimming,Swimming | Swimming Dulwich,False,2.5,Dulwich Leisure Centre,SE22 9HB,Southwark,51.460601,-0.071419,12:00,12:45,Monday,1,False,https://southwarkleisure.co.uk/centres/dulwich-leisure-centre/
SLL_Southwark_1264,London Venue,SLL_Southwark,Lane Swim - Med 45 Min,Swimming,Swimming | Swimming Dulwich,False,2.5,Dulwich Leisure Centre,SE22 9HB,Southwark,51.460601,-0.071419,21:00,21:45,Monday,1,False,https://southwarkleisure.co.uk/centres/dulwich-leisure-centre/
SLL_Southwark_1265,London Venue,SLL_Southwark,Gymfluence – Supervised,Gym / Fitness,Gymfluence | Gymfluence Castle,False,4.0,The Castle Centre,SE1 6FG,Southwark,51.4935,-0.1024,09:00,10:00,Saturday,1,False,https://southwarkleisure.co.uk/centres/the-castle-centre/
SLL_Southwark_1266,London Venue,SLL_Southwark,Public Swim,Swimming,Swimming | Swimming Canada Water,True,0.0,Canada Water Leisure Cent,,Southwark,,,17:00,17:55,Monday,1,False,
SLL_Southwark_1267,London Venue,SLL_Southwark,Gymfluence Induction,Gym / Fitness,Gymfluence | Gymfluence Canada Water,True,0.0,Camberwell Leisure Centre,SE5 8TS,Southwark,51.47422,-0.09051,14:30,15:30,Saturday,1,False,https://southwarkleisure.co.uk/centres/camberwell-leisure-centre/
SLL_Southwark_1268,London Venue,SLL_Southwark,Gymfluence – Supervised,Gym / Fitness,Gymfluence | Gymfluence Peckham,False,4.0,Peckham Pulse Leisure Centre,SE15 5QN,Southwark,51.474074,-0.070885,21:00,22:00,Thursday,1,False,https://southwarkleisure.co.uk/centres/peckham-pulse-leisure-centre/
SLL_Southwark_1269,London Venue,SLL_Southwark,Gymfluence – Supervised,Gym / Fitness,Gymfluence | Gymfluence Canada Water,False,4.0,Canada Water Leisure Cent,,Southwark,,,18:00,19:00,Wednesday,1,False,
SLL_Southwark_1270,London Venue,SLL_Southwark,Gymfluence – Supervised,Gym / Fitness,Gymfluence | Gymfluence Surrey Docks,False,4.0,Surrey Docks Fitness & Water Sports,SE16 7SX,Southwark,51.493796,-0.039449,07:00,08:00,Thursday,1,False,https://southwarkleisure.co.uk/centres/surrey-docks-fitness-and-watersports-centre/
SLL_Southwark_1271,London Venue,SLL_Southwark,Gymfluence – Supervised,Gym / Fitness,Gymfluence | Gymfluence Surrey Docks,False,4.0,Surrey Docks Fitness & Water Sports,SE16 7SX,Southwark,51.493796,-0.039449,14:00,15:00,Monday,1,False,https://southwarkleisure.co.uk/centres/surrey-docks-fitness-and-watersports-centre/
SLL_Southwark_1272,London Venue,SLL_Southwark,Lane Swim - Medium 45 Min,Swimming,Swimming | Swimming Dulwich,True,0.0,Dulwich Leisure Centre,SE22 9HB,Southwark,51.460601,-0.071419,12:00,12:45,Friday,1,False,https://southwarkleisure.co.uk/centres/dulwich-leisure-centre/
SLL_Southwark_1273,London Venue,SLL_Southwark,Lane Swim - Slow,Swimming,Swimming | Swimming Peckham,False,2.5,Peckham Pulse Leisure Centre,SE15 5QN,Southwark,51.474074,-0.070885,06:30,07:30,Thursday,1,False,https://southwarkleisure.co.uk/centres/peckham-pulse-leisure-centre/
SLL_Southwark_1274,London Venue,SLL_Southwark,Gymfluence – Supervised,Gym / Fitness,Gymfluence | Gymfluence Surrey Docks,False,4.0,Surrey Docks Fitness & Water Sports,SE16 7SX,Southwark,51.493796,-0.039449,15:00,16:00,Tuesday,1,False,https://southwarkleisure.co.uk/centres/surrey-docks-fitness-and-watersports-centre/
SLL_Southwark_1275,London Venue,SLL_Southwark,Gymfluence – Supervised,Gym / Fitness,Gymfluence | Gymfluence Camberwell,False,4.0,Camberwell Leisure Centre,SE5 8TS,Southwark,51.47422,-0.09051,19:00,20:00,Tuesday,1,False,https://southwarkleisure.co.uk/centres/camberwell-leisure-centre/
SLL_Southwark_1276,London Venue,SLL_Southwark,Gymfluence – Supervised,Gym / Fitness,Gymfluence | Gymfluence Castle,False,4.0,The Castle Centre,SE1 6FG,Southwark,51.4935,-0.1024,10:00,11:00,Saturday,1,False,https://southwarkleisure.co.uk/centres/the-castle-centre/
SLL_Southwark_1277,London Venue,SLL_Southwark,Lane Swim - Fast,Swimming,Swimming | Swimming Dulwich,True,0.0,Dulwich Leisure Centre,SE22 9HB,Southwark,51.460601,-0.071419,18:00,19:00,,1,False,https://southwarkleisure.co.uk/centres/dulwich-leisure-centre/
SLL_Southwark_1278,London Venue,SLL_Southwark,U5 Fun Swim,Swimming,Swimming | Swimming Peckham,True,0.0,Peckham Pulse Leisure Centre,SE15 5QN,Southwark,51.474074,-0.070885,09:00,10:00,Sunday,1,False,https://southwarkleisure.co.uk/centres/peckham-pulse-leisure-centre/
SLL_Southwark_1279,London Venue,SLL_Southwark,Gymfluence – Supervised,Gym / Fitness,Gymfluence | Gymfluence Surrey Docks,False,4.0,Surrey Docks Fitness & Water Sports,SE16 7SX,Southwark,51.493796,-0.039449,11:00,12:00,Monday,1,False,https://southwarkleisure.co.uk/centres/surrey-docks-fitness-and-watersports-centre/
SLL_Southwark_1280,London Venue,SLL_Southwark,Gymfluence – Supervised,Gym / Fitness,Gymfluence | Gymfluence Canada Water,False,4.0,Canada Water Leisure Cent,,Southwark,,,17:00,18:00,Monday,1,False,
SLL_Southwark_1281,London Venue,SLL_Southwark,Adult Bubbles,Swimming,Swimming | Swimming Peckham,True,0.0,Peckham Pulse Leisure Centre,SE15 5QN,Southwark,51.474074,-0.070885,21:00,21:45,Thursday,1,False,https://southwarkleisure.co.uk/centres/peckham-pulse-leisure-centre/
SLL_Southwark_1282,London Venue,SLL_Southwark,Gymfluence – Supervised,Gym / Fitness,Gymfluence | Gymfluence Castle,False,4.0,The Castle Centre,SE1 6FG,Southwark,51.4935,-0.1024,20:00,21:00,Thursday,1,False,https://southwarkleisure.co.uk/centres/the-castle-centre/
SLL_Southwark_1283,London Venue,SLL_Southwark,Gymfluence – Supervised,Gym / Fitness,Gymfluence | Gymfluence Castle,False,4.0,The Castle Centre,SE1 6FG,Southwark,51.4935,-0.1024,12:00,13:00,Monday,1,False,https://southwarkleisure.co.uk/centres/the-castle-centre/
SLL_Southwark_1284,London Venue,SLL_Southwark,Gymfluence – Supervised,Gym / Fitness,Gymfluence | Gymfluence Surrey Docks,False,4.0,Surrey Docks Fitness & Water Sports,SE16 7SX,Southwark,51.493796,-0.039449,18:00,19:00,Monday,1,False,https://southwarkleisure.co.uk/centres/surrey-docks-fitness-and-watersports-centre/
SLL_Southwark_1285,London Venue,SLL_Southwark,Gymfluence – Supervised,Gym / Fitness,Gymfluence | Gymfluence Camberwell,False,4.0,Camberwell Leisure Centre,SE5 8TS,Southwark,51.47422,-0.09051,21:00,22:00,Thursday,1,False,https://southwarkleisure.co.uk/centres/camberwell-leisure-centre/
SLL_Southwark_1286,London Venue,SLL_Southwark,Gymfluence – Supervised,Gym / Fitness,Gymfluence | Gymfluence Camberwell,False,4.0,Camberwell Leisure Centre,SE5 8TS,Southwark,51.47422,-0.09051,08:00,09:00,Sunday,1,False,https://southwarkleisure.co.uk/centres/camberwell-leisure-centre/
SLL_Southwark_1287,London Venue,SLL_Southwark,Adult Bubbles,Swimming,Swimming | Swimming Peckham,True,0.0,Peckham Pulse Leisure Centre,SE15 5QN,Southwark,51.474074,-0.070885,21:00,21:45,,1,False,https://southwarkleisure.co.uk/centres/peckham-pulse-leisure-centre/
SLL_Southwark_1288,London Venue,SLL_Southwark,Public Swim,Swimming,Swimming | Swimming Castle,True,0.0,The Castle Centre,SE1 6FG,Southwark,51.4935,-0.1024,12:00,13:00,Wednesday,1,False,https://southwarkleisure.co.uk/centres/the-castle-centre/
SLL_Southwark_1289,London Venue,SLL_Southwark,Public Swim,Swimming,Swimming | Swimming Peckham,True,0.0,Peckham Pulse Leisure Centre,SE15 5QN,Southwark,51.474074,-0.070885,16:00,17:00,Sunday,1,False,https://southwarkleisure.co.uk/centres/peckham-pulse-leisure-centre/
SLL_Southwark_1290,London Venue,SLL_Southwark,Lane Swim - Fast,Swimming,Swimming | Swimming Peckham,True,0.0,Peckham Pulse Leisure Centre,SE15 5QN,Southwark,51.474074,-0.070885,19:00,20:00,Sunday,1,False,https://southwarkleisure.co.uk/centres/peckham-pulse-leisure-centre/
SLL_Southwark_1291,London Venue,SLL_Southwark,Lane Swim - Slow 45 Min,Swimming,Swimming | Swimming Dulwich,False,2.5,Dulwich Leisure Centre,SE22 9HB,Southwark,51.460601,-0.071419,12:45,13:30,Monday,1,False,https://southwarkleisure.co.uk/centres/dulwich-leisure-centre/
SLL_Southwark_1292,London Venue,SLL_Southwark,Lane Swim - Fast,Swimming,Swimming | Swimming Peckham,True,0.0,Peckham Pulse Leisure Centre,SE15 5QN,Southwark,51.474074,-0.070885,16:00,17:00,Saturday,1,False,https://southwarkleisure.co.uk/centres/peckham-pulse-leisure-centre/
SLL_Southwark_1293,London Venue,SLL_Southwark,Gym Session,Gym / Fitness,Gym | Gym Dulwich,False,9.7,Dulwich Leisure Centre,SE22 9HB,Southwark,51.460601,-0.071419,14:00,15:00,Wednesday,1,False,https://southwarkleisure.co.uk/centres/dulwich-leisure-centre/
SLL_Southwark_1294,London Venue,SLL_Southwark,Lane Swim - Slow,Swimming,Swimming | Swimming Dulwich,False,2.5,Dulwich Leisure Centre,SE22 9HB,Southwark,51.460601,-0.071419,07:00,08:00,"Sunday, Saturday",1,False,https://southwarkleisure.co.uk/centres/dulwich-leisure-centre/
SLL_Southwark_1295,London Venue,SLL_Southwark,Gym Session,Gym / Fitness,Gym | Gym Track,False,9.7,Southwark Athletics Track,SE16 2PE,Southwark,51.4924,-0.0512,14:00,15:00,Thursday,1,False,https://southwarkleisure.co.uk/centres/southwark-park-sports-and-athletics-centre/
SLL_Southwark_1296,London Venue,SLL_Southwark,Lane Swim - Slow,Swimming,Swimming | Swimming Castle,True,0.0,The Castle Centre,SE1 6FG,Southwark,51.4935,-0.1024,12:00,12:55,Wednesday,1,False,https://southwarkleisure.co.uk/centres/the-castle-centre/
SLL_Southwark_1297,London Venue,SLL_Southwark,Lane Swim - Fast,Swimming,Swimming | Swimming Canada Water,True,0.0,Canada Water Leisure Cent,,Southwark,,,07:30,08:55,Friday,1,False,
SLL_Southwark_1298,London Venue,SLL_Southwark,Lane Swim - Medium,Swimming,Swimming | Swimming Canada Water,True,0.0,Canada Water Leisure Cent,,Southwark,,,07:30,08:55,Friday,1,False,
SLL_Southwark_1299,London Venue,SLL_Southwark,Soft Play Session,Other / Unspecified,Soft | Soft Play Peckham,False,3.6,Peckham Pulse Leisure Centre,SE15 5QN,Southwark,51.474074,-0.070885,10:00,11:00,,1,False,https://southwarkleisure.co.uk/centres/peckham-pulse-leisure-centre/
SLL_Southwark_1300,London Venue,SLL_Southwark,Lane Swim - Fast,Swimming,Swimming | Swimming Canada Water,True,0.0,Canada Water Leisure Cent,,Southwark,,,16:00,16:45,Saturday,1,False,
SLL_Southwark_1301,London Venue,SLL_Southwark,Lane Swim - Medium,Swimming,Swimming | Swimming Canada Water,True,0.0,Canada Water Leisure Cent,,Southwark,,,16:00,16:45,Saturday,1,False,
SLL_Southwark_1302,London Venue,SLL_Southwark,Gymfluence – Supervised,Gym / Fitness,Gymfluence | Gymfluence Peckham,False,4.0,Peckham Pulse Leisure Centre,SE15 5QN,Southwark,51.474074,-0.070885,19:00,20:00,Monday,1,False,https://southwarkleisure.co.uk/centres/peckham-pulse-leisure-centre/
SLL_Southwark_1303,London Venue,SLL_Southwark,Gymfluence – Supervised,Gym / Fitness,Gymfluence | Gymfluence Camberwell,False,9.7,Camberwell Leisure Centre,SE5 8TS,Southwark,51.47422,-0.09051,20:00,21:00,Sunday,1,False,https://southwarkleisure.co.uk/centres/camberwell-leisure-centre/
SLL_Southwark_1304,London Venue,SLL_Southwark,Gymfluence – Supervised,Gym / Fitness,Gymfluence | Gymfluence Canada Water,False,4.0,Canada Water Leisure Cent,,Southwark,,,09:00,10:00,Saturday,1,False,
SLL_Southwark_1305,London Venue,SLL_Southwark,Family Swim,Swimming,Swimming | Swimming Dulwich,True,0.0,Dulwich Leisure Centre,SE22 9HB,Southwark,51.460601,-0.071419,09:00,10:00,,1,False,https://southwarkleisure.co.uk/centres/dulwich-leisure-centre/
SLL_Southwark_1306,London Venue,SLL_Southwark,Gymfluence – Supervised,Gym / Fitness,Gymfluence | Gymfluence Camberwell,False,9.7,Camberwell Leisure Centre,SE5 8TS,Southwark,51.47422,-0.09051,13:00,14:00,Friday,1,False,https://southwarkleisure.co.uk/centres/camberwell-leisure-centre/
SLL_Southwark_1307,London Venue,SLL_Southwark,Disability Bubble Swim,Swimming,Swimming | Swimming Peckham,False,2.5,Peckham Pulse Leisure Centre,SE15 5QN,Southwark,51.474074,-0.070885,12:00,13:00,Friday,1,False,https://southwarkleisure.co.uk/centres/peckham-pulse-leisure-centre/
SLL_Southwark_1308,London Venue,SLL_Southwark,Lane Swim - Fast,Swimming,Swimming | Swimming Castle,True,0.0,The Castle Centre,SE1 6FG,Southwark,51.4935,-0.1024,21:00,21:50,Tuesday,1,False,https://southwarkleisure.co.uk/centres/the-castle-centre/
SLL_Southwark_1309,London Venue,SLL_Southwark,Gymfluence – Supervised,Gym / Fitness,Gymfluence | Gymfluence Castle,False,4.0,The Castle Centre,SE1 6FG,Southwark,51.4935,-0.1024,08:00,09:00,Wednesday,1,False,https://southwarkleisure.co.uk/centres/the-castle-centre/
SLL_Southwark_1310,London Venue,SLL_Southwark,Public Swim,Swimming,Swimming | Swimming Peckham,True,0.0,Peckham Pulse Leisure Centre,SE15 5QN,Southwark,51.474074,-0.070885,16:00,17:00,Monday,1,False,https://southwarkleisure.co.uk/centres/peckham-pulse-leisure-centre/
SLL_Southwark_1311,London Venue,SLL_Southwark,Gymfluence – Supervised,Gym / Fitness,Gymfluence | Gymfluence Surrey Docks,False,4.0,Surrey Docks Fitness & Water Sports,SE16 7SX,Southwark,51.493796,-0.039449,08:00,09:00,Wednesday,1,False,https://southwarkleisure.co.uk/centres/surrey-docks-fitness-and-watersports-centre/
SLL_Southwark_1312,London Venue,SLL_Southwark,Gymfluence – Supervised,Gym / Fitness,Gymfluence | Gymfluence Canada Water,False,4.0,Canada Water Leisure Cent,,Southwark,,,10:00,11:00,Wednesday,1,False,
SLL_Southwark_1313,London Venue,SLL_Southwark,Gymfluence – Supervised,Gym / Fitness,Gymfluence | Gymfluence Castle,False,4.0,The Castle Centre,SE1 6FG,Southwark,51.4935,-0.1024,09:00,10:00,Wednesday,1,False,https://southwarkleisure.co.uk/centres/the-castle-centre/
SLL_Southwark_1314,London Venue,SLL_Southwark,Gymfluence – Supervised,Gym / Fitness,Gymfluence | Gymfluence Peckham,False,4.0,Peckham Pulse Leisure Centre,SE15 5QN,Southwark,51.474074,-0.070885,09:00,10:00,Tuesday,1,False,https://southwarkleisure.co.uk/centres/peckham-pulse-leisure-centre/
SLL_Southwark_1315,London Venue,SLL_Southwark,Gymfluence – Supervised,Gym / Fitness,Gymfluence | Gymfluence Peckham,False,4.0,Peckham Pulse Leisure Centre,SE15 5QN,Southwark,51.474074,-0.070885,10:00,11:00,Tuesday,1,False,https://southwarkleisure.co.uk/centres/peckham-pulse-leisure-centre/
SLL_Southwark_1316,London Venue,SLL_Southwark,Lane Swim - Slow,Swimming,Swimming | Swimming Peckham,False,2.5,Peckham Pulse Leisure Centre,SE15 5QN,Southwark,51.474074,-0.070885,07:00,08:00,Sunday,1,False,https://southwarkleisure.co.uk/centres/peckham-pulse-leisure-centre/
SLL_Southwark_1317,London Venue,SLL_Southwark,Lane Swim - Fast,Swimming,Swimming | Swimming Peckham,False,2.5,Peckham Pulse Leisure Centre,SE15 5QN,Southwark,51.474074,-0.070885,07:30,09:00,,1,False,https://southwarkleisure.co.uk/centres/peckham-pulse-leisure-centre/
SLL_Southwark_1318,London Venue,SLL_Southwark,Gymfluence – Supervised,Gym / Fitness,Gymfluence | Gymfluence Castle,False,4.0,The Castle Centre,SE1 6FG,Southwark,51.4935,-0.1024,13:00,14:00,Wednesday,1,False,https://southwarkleisure.co.uk/centres/the-castle-centre/
SLL_Southwark_1319,London Venue,SLL_Southwark,Lane Swim - Med 45 Min,Swimming,Swimming | Swimming Dulwich,True,0.0,Dulwich Leisure Centre,SE22 9HB,Southwark,51.460601,-0.071419,21:00,21:45,Sunday,1,False,https://southwarkleisure.co.uk/centres/dulwich-leisure-centre/
SLL_Southwark_1320,London Venue,SLL_Southwark,Gymfluence – Supervised,Gym / Fitness,Gymfluence | Gymfluence Camberwell,False,4.0,Camberwell Leisure Centre,SE5 8TS,Southwark,51.47422,-0.09051,13:00,14:00,Saturday,1,False,https://southwarkleisure.co.uk/centres/camberwell-leisure-centre/
SLL_Southwark_1321,London Venue,SLL_Southwark,Gymfluence – Supervised,Gym / Fitness,Gymfluence | Gymfluence Canada Water,False,4.0,Canada Water Leisure Cent,,Southwark,,,11:00,12:00,Sunday,1,False,
SLL_Southwark_1322,London Venue,SLL_Southwark,Gymfluence – Supervised,Gym / Fitness,Gymfluence | Gymfluence Peckham,False,4.0,Peckham Pulse Leisure Centre,SE15 5QN,Southwark,51.474074,-0.070885,09:00,10:00,Sunday,1,False,https://southwarkleisure.co.uk/centres/peckham-pulse-leisure-centre/
SLL_Southwark_1323,London Venue,SLL_Southwark,Gymfluence – Supervised,Gym / Fitness,Gymfluence | Gymfluence Surrey Docks,False,4.0,Surrey Docks Fitness & Water Sports,SE16 7SX,Southwark,51.493796,-0.039449,07:00,08:00,Wednesday,1,False,https://southwarkleisure.co.uk/centres/surrey-docks-fitness-and-watersports-centre/
SLL_Southwark_1324,London Venue,SLL_Southwark,Public Swim,Swimming,Swimming | Swimming Canada Water,True,0.0,Canada Water Leisure Cent,,Southwark,,,16:00,16:55,Monday,1,False,
SLL_Southwark_1325,London Venue,SLL_Southwark,Lane Swim - Fast,Swimming,Swimming | Swimming Dulwich,True,0.0,Dulwich Leisure Centre,SE22 9HB,Southwark,51.460601,-0.071419,19:00,20:00,,1,False,https://southwarkleisure.co.uk/centres/dulwich-leisure-centre/
SLL_Southwark_1326,London Venue,SLL_Southwark,Lane Swim - Fast,Swimming,Swimming | Swimming Peckham,False,2.5,Peckham Pulse Leisure Centre,SE15 5QN,Southwark,51.474074,-0.070885,20:00,21:00,,1,False,https://southwarkleisure.co.uk/centres/peckham-pulse-leisure-centre/
SLL_Southwark_1327,London Venue,SLL_Southwark,Gymfluence – Supervised,Gym / Fitness,Gymfluence | Gymfluence Canada Water,False,4.0,Canada Water Leisure Cent,,Southwark,,,09:00,10:00,Wednesday,1,False,
SLL_Southwark_1328,London Venue,SLL_Southwark,Public Swim,Swimming,Swimming | Swimming Canada Water,True,0.0,Canada Water Leisure Cent,,Southwark,,,18:00,18:55,Monday,1,False,
SLL_Southwark_1329,London Venue,SLL_Southwark,Gymfluence – Supervised,Gym / Fitness,Gymfluence | Gymfluence Castle,False,4.0,The Castle Centre,SE1 6FG,Southwark,51.4935,-0.1024,12:00,13:00,Thursday,1,False,https://southwarkleisure.co.uk/centres/the-castle-centre/
SLL_Southwark_1330,London Venue,SLL_Southwark,Gymfluence – Supervised,Gym / Fitness,Gymfluence | Gymfluence Castle,False,9.7,The Castle Centre,SE1 6FG,Southwark,51.4935,-0.1024,14:00,15:00,Sunday,1,False,https://southwarkleisure.co.uk/centres/the-castle-centre/
SLL_Southwark_1331,London Venue,SLL_Southwark,Lane Swim - Slow,Swimming,Swimming | Swimming Dulwich,True,0.0,Dulwich Leisure Centre,SE22 9HB,Southwark,51.460601,-0.071419,19:00,20:00,,1,False,https://southwarkleisure.co.uk/centres/dulwich-leisure-centre/
SLL_Southwark_1332,London Venue,SLL_Southwark,U5 Swim,Swimming,Swimming | Swimming Canada Water,True,0.0,Canada Water Leisure Cent,,Southwark,,,12:00,12:55,Thursday,1,False,
SLL_Southwark_1333,London Venue,SLL_Southwark,Gymfluence – Supervised,Gym / Fitness,Gymfluence | Gymfluence Canada Water,False,9.7,Canada Water Leisure Cent,,Southwark,,,09:00,10:00,Friday,1,False,
SLL_Southwark_1334,London Venue,SLL_Southwark,Adult Swim,Swimming,Swimming | Swimming Peckham,True,0.0,Peckham Pulse Leisure Centre,SE15 5QN,Southwark,51.474074,-0.070885,06:30,07:30,Friday,1,False,https://southwarkleisure.co.uk/centres/peckham-pulse-leisure-centre/
SLL_Southwark_1335,London Venue,SLL_Southwark,Lane Swim - Med,Swimming,Swimming | Swimming Peckham,False,2.5,Peckham Pulse Leisure Centre,SE15 5QN,Southwark,51.474074,-0.070885,21:00,21:45,Monday,1,False,https://southwarkleisure.co.uk/centres/peckham-pulse-leisure-centre/
SLL_Southwark_1336,London Venue,SLL_Southwark,Lane Swim - Slow,Swimming,Swimming | Swimming Canada Water,True,0.0,Canada Water Leisure Cent,,Southwark,,,07:30,08:55,Tuesday,1,False,
SLL_Southwark_1337,London Venue,SLL_Southwark,Gymfluence – Supervised,Gym / Fitness,Gymfluence | Gymfluence Surrey Docks,False,4.0,Surrey Docks Fitness & Water Sports,SE16 7SX,Southwark,51.493796,-0.039449,14:00,15:00,Tuesday,1,False,https://southwarkleisure.co.uk/centres/surrey-docks-fitness-and-watersports-centre/
SLL_Southwark_1338,London Venue,SLL_Southwark,Lane Swim - Slow,Swimming,Swimming | Swimming Peckham,True,0.0,Peckham Pulse Leisure Centre,SE15 5QN,Southwark,51.474074,-0.070885,14:00,15:00,Sunday,1,False,https://southwarkleisure.co.uk/centres/peckham-pulse-leisure-centre/
SLL_Southwark_1339,London Venue,SLL_Southwark,Lane Swim - Med,Swimming,Swimming | Swimming Dulwich,False,2.5,Dulwich Leisure Centre,SE22 9HB,Southwark,51.460601,-0.071419,20:00,21:00,Monday,1,False,https://southwarkleisure.co.uk/centres/dulwich-leisure-centre/
SLL_Southwark_1340,London Venue,SLL_Southwark,Lane Swim - Medium,Swimming,Swimming | Swimming Canada Water,True,0.0,Canada Water Leisure Cent,,Southwark,,,06:30,07:25,Monday,1,False,
SLL_Southwark_1341,London Venue,SLL_Southwark,Gymfluence – Supervised,Gym / Fitness,Gymfluence | Gymfluence Canada Water,False,4.0,Canada Water Leisure Cent,,Southwark,,,13:00,14:00,Saturday,1,False,
SLL_Southwark_1342,London Venue,SLL_Southwark,Gymfluence – Supervised,Gym / Fitness,Gymfluence | Gymfluence Canada Water,False,9.7,Canada Water Leisure Cent,,Southwark,,,17:00,18:00,Sunday,1,False,
SLL_Southwark_1343,London Venue,SLL_Southwark,Track Visit,Walking / Running,Athletics | Athletics Track Casual,False,1.2000000000000002,Southwark Athletics Track,SE16 2PE,Southwark,51.4924,-0.0512,11:00,12:00,Sunday,1,False,https://southwarkleisure.co.uk/centres/southwark-park-sports-and-athletics-centre/
SLL_Southwark_1344,London Venue,SLL_Southwark,Lap Swim - Fast,Swimming,Swimming | Swimming Peckham,False,2.5,Peckham Pulse Leisure Centre,SE15 5QN,Southwark,51.474074,-0.070885,21:00,21:45,Wednesday,1,False,https://southwarkleisure.co.uk/centres/peckham-pulse-leisure-centre/
SLL_Southwark_1345,London Venue,SLL_Southwark,Lane Swim - Fast 45 Min,Swimming,Swimming | Swimming Dulwich,True,0.0,Dulwich Leisure Centre,SE22 9HB,Southwark,51.460601,-0.071419,17:00,17:45,Saturday,1,False,https://southwarkleisure.co.uk/centres/dulwich-leisure-centre/
SLL_Southwark_1346,London Venue,SLL_Southwark,Public Swim,Swimming,Swimming | Swimming Castle,True,0.0,The Castle Centre,SE1 6FG,Southwark,51.4935,-0.1024,17:00,17:55,Sunday,1,False,https://southwarkleisure.co.uk/centres/the-castle-centre/
SLL_Southwark_1347,London Venue,SLL_Southwark,Gymfluence – Supervised,Gym / Fitness,Gymfluence | Gymfluence Peckham,False,4.0,Peckham Pulse Leisure Centre,SE15 5QN,Southwark,51.474074,-0.070885,21:00,22:00,Monday,1,False,https://southwarkleisure.co.uk/centres/peckham-pulse-leisure-centre/
SLL_Southwark_1348,London Venue,SLL_Southwark,Lane Swim - Fast,Swimming,Swimming | Swimming Peckham,True,0.0,Peckham Pulse Leisure Centre,SE15 5QN,Southwark,51.474074,-0.070885,21:00,21:45,,1,False,https://southwarkleisure.co.uk/centres/peckham-pulse-leisure-centre/
SLL_Southwark_1349,London Venue,SLL_Southwark,Gymfluence – Supervised,Gym / Fitness,Gymfluence | Gymfluence Surrey Docks,False,4.0,Surrey Docks Fitness & Water Sports,SE16 7SX,Southwark,51.493796,-0.039449,17:00,18:00,Wednesday,1,False,https://southwarkleisure.co.uk/centres/surrey-docks-fitness-and-watersports-centre/
SLL_Southwark_1350,London Venue,SLL_Southwark,Public Swim,Swimming,Swimming | Swimming Castle,True,0.0,The Castle Centre,SE1 6FG,Southwark,51.4935,-0.1024,09:00,09:55,Thursday,1,False,https://southwarkleisure.co.uk/centres/the-castle-centre/
SLL_Southwark_1351,London Venue,SLL_Southwark,Gymfluence  - Instructor,Gym / Fitness,Gymfluence | Gymfluence Canada Water,False,4.0,Canada Water Leisure Cent,,Southwark,,,11:00,12:00,Sunday,1,False,
SLL_Southwark_1352,London Venue,SLL_Southwark,Gymfluence – Supervised,Gym / Fitness,Gymfluence | Gymfluence Peckham,False,4.0,Peckham Pulse Leisure Centre,SE15 5QN,Southwark,51.474074,-0.070885,21:00,22:00,Tuesday,1,False,https://southwarkleisure.co.uk/centres/peckham-pulse-leisure-centre/
SLL_Southwark_1353,London Venue,SLL_Southwark,Gymfluence  - Instructor,Gym / Fitness,Gymfluence | Gymfluence Canada Water,False,4.0,Canada Water Leisure Cent,,Southwark,,,15:30,16:30,Monday,1,False,
SLL_Southwark_1354,London Venue,SLL_Southwark,Gymfluence – Supervised,Gym / Fitness,Gymfluence | Gymfluence Camberwell,False,4.0,Camberwell Leisure Centre,SE5 8TS,Southwark,51.47422,-0.09051,11:00,12:00,Thursday,1,False,https://southwarkleisure.co.uk/centres/camberwell-leisure-centre/
SLL_Southwark_1355,London Venue,SLL_Southwark,Lane Swim - Fast,Swimming,Swimming | Swimming Canada Water,True,0.0,Canada Water Leisure Cent,,Southwark,,,15:00,15:55,Tuesday,1,False,
SLL_Southwark_1356,London Venue,SLL_Southwark,Lane Swim - Medium,Swimming,Swimming | Swimming Canada Water,True,0.0,Canada Water Leisure Cent,,Southwark,,,15:00,15:55,Tuesday,1,False,
SLL_Southwark_1357,London Venue,SLL_Southwark,Gymfluence – Supervised,Gym / Fitness,Gymfluence | Gymfluence Castle,False,4.0,The Castle Centre,SE1 6FG,Southwark,51.4935,-0.1024,17:00,18:00,Friday,1,False,https://southwarkleisure.co.uk/centres/the-castle-centre/
SLL_Southwark_1358,London Venue,SLL_Southwark,Lane Swim - Slow,Swimming,Swimming | Swimming Peckham,False,2.5,Peckham Pulse Leisure Centre,SE15 5QN,Southwark,51.474074,-0.070885,08:00,09:00,Saturday,1,False,https://southwarkleisure.co.uk/centres/peckham-pulse-leisure-centre/
SLL_Southwark_1359,London Venue,SLL_Southwark,Public Swim,Swimming,Swimming | Swimming Castle,True,0.0,The Castle Centre,SE1 6FG,Southwark,51.4935,-0.1024,15:00,15:50,Tuesday,1,False,https://southwarkleisure.co.uk/centres/the-castle-centre/
SLL_Southwark_1360,London Venue,SLL_Southwark,Family Swim,Swimming,Swimming | Swimming Castle,True,0.0,The Castle Centre,SE1 6FG,Southwark,51.4935,-0.1024,14:00,14:55,Sunday,1,False,https://southwarkleisure.co.uk/centres/the-castle-centre/
SLL_Southwark_1361,London Venue,SLL_Southwark,Public Swim,Swimming,Swimming | Swimming Castle,True,0.0,The Castle Centre,SE1 6FG,Southwark,51.4935,-0.1024,09:00,09:55,Wednesday,1,False,https://southwarkleisure.co.uk/centres/the-castle-centre/
SLL_Southwark_1362,London Venue,SLL_Southwark,Family Swim,Swimming,Swimming | Swimming Castle,True,0.0,The Castle Centre,SE1 6FG,Southwark,51.4935,-0.1024,16:00,17:00,"Sunday, Friday",1,False,https://southwarkleisure.co.uk/centres/the-castle-centre/
SLL_Southwark_1363,London Venue,SLL_Southwark,Public Swim,Swimming,Swimming | Swimming Canada Water,True,0.0,Canada Water Leisure Cent,,Southwark,,,10:00,10:55,Saturday,1,False,
SLL_Southwark_1364,London Venue,SLL_Southwark,Public Swim,Swimming,Swimming | Swimming Canada Water,True,0.0,Canada Water Leisure Cent,,Southwark,,,11:00,11:55,Saturday,1,False,
SLL_Southwark_1365,London Venue,SLL_Southwark,Lane Swim - Slow,Swimming,Swimming | Swimming Canada Water,True,0.0,Canada Water Leisure Cent,,Southwark,,,06:30,07:25,Tuesday,1,False,
SLL_Southwark_1366,London Venue,SLL_Southwark,Women Only Swim,Swimming,Swimming | Swimming Castle,True,0.0,The Castle Centre,SE1 6FG,Southwark,51.4935,-0.1024,12:00,13:00,,1,False,https://southwarkleisure.co.uk/centres/the-castle-centre/
SLL_Southwark_1367,London Venue,SLL_Southwark,Lane Swim - Slow,Swimming,Swimming | Swimming Dulwich,False,2.5,Dulwich Leisure Centre,SE22 9HB,Southwark,51.460601,-0.071419,07:30,08:30,,1,False,https://southwarkleisure.co.uk/centres/dulwich-leisure-centre/
SLL_Southwark_1368,London Venue,SLL_Southwark,Lane Swim - Medium,Swimming,Swimming | Swimming Canada Water,True,0.0,Canada Water Leisure Cent,,Southwark,,,07:00,07:55,Saturday,1,False,
SLL_Southwark_1369,London Venue,SLL_Southwark,Lane Swim - Slow,Swimming,Swimming | Swimming Canada Water,True,0.0,Canada Water Leisure Cent,,Southwark,,,07:00,07:55,Saturday,1,False,
SLL_Southwark_1370,London Venue,SLL_Southwark,Gymfluence – Supervised,Gym / Fitness,Gymfluence | Gymfluence Castle,False,4.0,The Castle Centre,SE1 6FG,Southwark,51.4935,-0.1024,11:00,12:00,Tuesday,1,False,https://southwarkleisure.co.uk/centres/the-castle-centre/
SLL_Southwark_1371,London Venue,SLL_Southwark,Gymfluence – Supervised,Gym / Fitness,Gymfluence | Gymfluence Castle,False,4.0,The Castle Centre,SE1 6FG,Southwark,51.4935,-0.1024,12:00,13:00,Saturday,1,False,https://southwarkleisure.co.uk/centres/the-castle-centre/
SLL_Southwark_1372,London Venue,SLL_Southwark,Public Swim,Swimming,Swimming | Swimming Canada Water,True,0.0,Canada Water Leisure Cent,,Southwark,,,11:00,11:55,Wednesday,1,False,
SLL_Southwark_1373,London Venue,SLL_Southwark,Lane Swim - Medium,Swimming,Swimming | Swimming Canada Water,True,0.0,Canada Water Leisure Cent,,Southwark,,,12:00,13:25,Wednesday,1,False,
SLL_Southwark_1374,London Venue,SLL_Southwark,Lane Swim - Slow,Swimming,Swimming | Swimming Dulwich,False,2.5,Dulwich Leisure Centre,SE22 9HB,Southwark,51.460601,-0.071419,20:00,21:00,Monday,1,False,https://southwarkleisure.co.uk/centres/dulwich-leisure-centre/
SLL_Southwark_1375,London Venue,SLL_Southwark,Gymfluence – Supervised,Gym / Fitness,Gymfluence | Gymfluence Canada Water,False,9.7,Canada Water Leisure Cent,,Southwark,,,18:00,19:00,Friday,1,False,
SLL_Southwark_1376,London Venue,SLL_Southwark,Gymfluence – Supervised,Gym / Fitness,Gymfluence | Gymfluence Camberwell,False,4.0,Camberwell Leisure Centre,SE5 8TS,Southwark,51.47422,-0.09051,19:00,20:00,Wednesday,1,False,https://southwarkleisure.co.uk/centres/camberwell-leisure-centre/
SLL_Southwark_1377,London Venue,SLL_Southwark,Lane Swim - Fast,Swimming,Swimming | Swimming Seven Islands,False,2.5,Seven Islands Leisure Centre,SE16 2TU,Southwark,51.496010000000005,-0.05255,12:00,13:00,,1,False,https://southwarkleisure.co.uk/centres/seven-islands-leisure-centre/
SLL_Southwark_1378,London Venue,SLL_Southwark,Public Swim,Swimming,Swimming | Swimming Peckham,True,0.0,Peckham Pulse Leisure Centre,SE15 5QN,Southwark,51.474074,-0.070885,17:00,18:00,Wednesday,1,False,https://southwarkleisure.co.uk/centres/peckham-pulse-leisure-centre/
SLL_Southwark_1379,London Venue,SLL_Southwark,Gymfluence – Supervised,Gym / Fitness,Gymfluence | Gymfluence Castle,False,4.0,The Castle Centre,SE1 6FG,Southwark,51.4935,-0.1024,07:00,08:00,Saturday,1,False,https://southwarkleisure.co.uk/centres/the-castle-centre/
SLL_Southwark_1380,London Venue,SLL_Southwark,Lane Swim - Slow,Swimming,Swimming | Swimming Canada Water,True,0.0,Canada Water Leisure Cent,,Southwark,,,12:00,13:25,Wednesday,1,False,
SLL_Southwark_1381,London Venue,SLL_Southwark,Lane Swim - Fast,Swimming,Swimming | Swimming Canada Water,True,0.0,Canada Water Leisure Cent,,Southwark,,,12:00,13:25,Wednesday,1,False,
SLL_Southwark_1382,London Venue,SLL_Southwark,Lane Swim - 45 Min Fast,Swimming,Swimming | Swimming Dulwich,False,2.5,Dulwich Leisure Centre,SE22 9HB,Southwark,51.460601,-0.071419,12:45,13:30,Monday,1,False,https://southwarkleisure.co.uk/centres/dulwich-leisure-centre/
SLL_Southwark_1383,London Venue,SLL_Southwark,Lane Swim - Slow 45 Min,Swimming,Swimming | Swimming Dulwich,False,2.5,Dulwich Leisure Centre,SE22 9HB,Southwark,51.460601,-0.071419,12:00,12:45,Wednesday,1,False,https://southwarkleisure.co.uk/centres/dulwich-leisure-centre/
SLL_Southwark_1384,London Venue,SLL_Southwark,Gymfluence – Supervised,Gym / Fitness,Gymfluence | Gymfluence Canada Water,False,4.0,Canada Water Leisure Cent,,Southwark,,,11:00,12:00,Monday,1,False,
SLL_Southwark_1385,London Venue,SLL_Southwark,Gymfluence – Supervised,Gym / Fitness,Gymfluence | Gymfluence Peckham,False,4.0,Peckham Pulse Leisure Centre,SE15 5QN,Southwark,51.474074,-0.070885,18:00,19:00,Tuesday,1,False,https://southwarkleisure.co.uk/centres/peckham-pulse-leisure-centre/
SLL_Southwark_1386,London Venue,SLL_Southwark,Gymfluence – Supervised,Gym / Fitness,Gymfluence | Gymfluence Surrey Docks,False,4.0,Surrey Docks Fitness & Water Sports,SE16 7SX,Southwark,51.493796,-0.039449,11:00,12:00,Wednesday,1,False,https://southwarkleisure.co.uk/centres/surrey-docks-fitness-and-watersports-centre/
SLL_Southwark_1387,London Venue,SLL_Southwark,Gymfluence – Supervised,Gym / Fitness,Gymfluence | Gymfluence Camberwell,False,4.0,Camberwell Leisure Centre,SE5 8TS,Southwark,51.47422,-0.09051,20:00,21:00,Tuesday,1,False,https://southwarkleisure.co.uk/centres/camberwell-leisure-centre/
SLL_Southwark_1388,London Venue,SLL_Southwark,Lane Swim - Fast,Swimming,Swimming | Swimming Dulwich,False,2.5,Dulwich Leisure Centre,SE22 9HB,Southwark,51.460601,-0.071419,07:00,08:00,"Sunday, Saturday",1,False,https://southwarkleisure.co.uk/centres/dulwich-leisure-centre/
SLL_Southwark_1389,London Venue,SLL_Southwark,Fun And Floats Swim,Swimming,Swimming | Swimming Dulwich,True,0.0,Dulwich Leisure Centre,SE22 9HB,Southwark,51.460601,-0.071419,11:00,12:00,Sunday,1,False,https://southwarkleisure.co.uk/centres/dulwich-leisure-centre/
SLL_Southwark_1390,London Venue,SLL_Southwark,Lane Swim - Fast,Swimming,Swimming | Swimming Peckham,False,2.5,Peckham Pulse Leisure Centre,SE15 5QN,Southwark,51.474074,-0.070885,21:00,21:45,,1,False,https://southwarkleisure.co.uk/centres/peckham-pulse-leisure-centre/
SLL_Southwark_1391,London Venue,SLL_Southwark,Lane Swim - Slow,Swimming,Swimming | Swimming Dulwich,False,2.5,Dulwich Leisure Centre,SE22 9HB,Southwark,51.460601,-0.071419,12:30,13:30,,1,False,https://southwarkleisure.co.uk/centres/dulwich-leisure-centre/
SLL_Southwark_1392,London Venue,SLL_Southwark,Gymfluence – Supervised,Gym / Fitness,Gymfluence | Gymfluence Camberwell,False,9.7,Camberwell Leisure Centre,SE5 8TS,Southwark,51.47422,-0.09051,21:00,22:00,Friday,1,False,https://southwarkleisure.co.uk/centres/camberwell-leisure-centre/
SLL_Southwark_1393,London Venue,SLL_Southwark,Lane Swim - Med,Swimming,Swimming | Swimming Dulwich,False,2.5,Dulwich Leisure Centre,SE22 9HB,Southwark,51.460601,-0.071419,12:30,13:30,,1,False,https://southwarkleisure.co.uk/centres/dulwich-leisure-centre/
SLL_Southwark_1394,London Venue,SLL_Southwark,Gymfluence - Instructor,Gym / Fitness,Gymfluence | Gymfluence Surrey Docks,False,4.0,Surrey Docks Fitness & Water Sports,SE16 7SX,Southwark,51.493796,-0.039449,15:30,16:30,Thursday,1,False,https://southwarkleisure.co.uk/centres/surrey-docks-fitness-and-watersports-centre/
SLL_Southwark_1395,London Venue,SLL_Southwark,Gymfluence  - Instructor,Gym / Fitness,Gymfluence | Gymfluence Canada Water,False,4.0,Canada Water Leisure Cent,,Southwark,,,15:30,16:30,Thursday,1,False,
SLL_Southwark_1396,London Venue,SLL_Southwark,Lane Swim - Fast,Swimming,Swimming | Swimming Dulwich,False,2.5,Dulwich Leisure Centre,SE22 9HB,Southwark,51.460601,-0.071419,07:30,08:30,,1,False,https://southwarkleisure.co.uk/centres/dulwich-leisure-centre/
SLL_Southwark_1397,London Venue,SLL_Southwark,Gymfluence – Supervised,Gym / Fitness,Gymfluence | Gymfluence Canada Water,False,4.0,Canada Water Leisure Cent,,Southwark,,,13:00,14:00,Thursday,1,False,
SLL_Southwark_1398,London Venue,SLL_Southwark,Lane Swim - Slow,Swimming,Swimming | Swimming Castle,True,0.0,The Castle Centre,SE1 6FG,Southwark,51.4935,-0.1024,06:30,07:25,Thursday,1,False,https://southwarkleisure.co.uk/centres/the-castle-centre/
SLL_Southwark_1399,London Venue,SLL_Southwark,Gymfluence – Supervised,Gym / Fitness,Gymfluence | Gymfluence Peckham,False,9.7,Peckham Pulse Leisure Centre,SE15 5QN,Southwark,51.474074,-0.070885,15:00,16:00,Friday,1,False,https://southwarkleisure.co.uk/centres/peckham-pulse-leisure-centre/
SLL_Southwark_1400,London Venue,SLL_Southwark,Soft Play Session 0-8yr,Other / Unspecified,Soft | Soft Play Peckham,False,3.6,Peckham Pulse Leisure Centre,SE15 5QN,Southwark,51.474074,-0.070885,16:00,17:00,"Monday, Tuesday, Wednesday, Thursday, Saturday",1,False,https://southwarkleisure.co.uk/centres/peckham-pulse-leisure-centre/
SLL_Southwark_1401,London Venue,SLL_Southwark,Gymfluence – Supervised,Gym / Fitness,Gymfluence | Gymfluence Surrey Docks,False,4.0,Surrey Docks Fitness & Water Sports,SE16 7SX,Southwark,51.493796,-0.039449,16:00,17:00,Thursday,1,False,https://southwarkleisure.co.uk/centres/surrey-docks-fitness-and-watersports-centre/
SLL_Southwark_1402,London Venue,SLL_Southwark,Gymfluence – Supervised,Gym / Fitness,Gymfluence | Gymfluence Castle,False,4.0,The Castle Centre,SE1 6FG,Southwark,51.4935,-0.1024,19:00,20:00,Monday,1,False,https://southwarkleisure.co.uk/centres/the-castle-centre/
SLL_Southwark_1403,London Venue,SLL_Southwark,Lane Swim - Fast,Swimming,Swimming | Swimming Canada Water,True,0.0,Canada Water Leisure Cent,,Southwark,,,07:00,07:55,Sunday,1,False,
SLL_Southwark_1404,London Venue,SLL_Southwark,Gymfluence – Supervised,Gym / Fitness,Gymfluence | Gymfluence Canada Water,False,4.0,Canada Water Leisure Cent,,Southwark,,,07:00,08:00,Saturday,1,False,
SLL_Southwark_1405,London Venue,SLL_Southwark,Gymfluence – Supervised,Gym / Fitness,Gymfluence | Gymfluence Camberwell,False,4.0,Camberwell Leisure Centre,SE5 8TS,Southwark,51.47422,-0.09051,15:00,16:00,Wednesday,1,False,https://southwarkleisure.co.uk/centres/camberwell-leisure-centre/
SLL_Southwark_1406,London Venue,SLL_Southwark,Adult Swim Bubbles,Swimming,Swimming | Swimming Peckham,True,0.0,Peckham Pulse Leisure Centre,SE15 5QN,Southwark,51.474074,-0.070885,19:00,20:00,Friday,1,False,https://southwarkleisure.co.uk/centres/peckham-pulse-leisure-centre/
SLL_Southwark_1407,London Venue,SLL_Southwark,Lane Swim - Fast,Swimming,Swimming | Swimming Dulwich,False,2.5,Dulwich Leisure Centre,SE22 9HB,Southwark,51.460601,-0.071419,06:30,07:30,Wednesday,1,False,https://southwarkleisure.co.uk/centres/dulwich-leisure-centre/
SLL_Southwark_1408,London Venue,SLL_Southwark,Gymfluence – Supervised,Gym / Fitness,Gymfluence | Gymfluence Castle,False,9.7,The Castle Centre,SE1 6FG,Southwark,51.4935,-0.1024,16:00,17:00,Saturday,1,False,https://southwarkleisure.co.uk/centres/the-castle-centre/
SLL_Southwark_1409,London Venue,SLL_Southwark,Track Visit,Walking / Running,Athletics | Athletics Track Casual,False,1.2000000000000002,Southwark Athletics Track,SE16 2PE,Southwark,51.4924,-0.0512,08:00,09:00,"Monday, Tuesday, Wednesday, Thursday, Friday",1,False,https://southwarkleisure.co.uk/centres/southwark-park-sports-and-athletics-centre/
SLL_Southwark_1410,London Venue,SLL_Southwark,Public Swim,Swimming,Swimming | Swimming Canada Water,True,0.0,Canada Water Leisure Cent,,Southwark,,,12:00,13:00,Sunday,1,False,
SLL_Southwark_1411,London Venue,SLL_Southwark,Gymfluence – Supervised,Gym / Fitness,Gymfluence | Gymfluence Surrey Docks,False,4.0,Surrey Docks Fitness & Water Sports,SE16 7SX,Southwark,51.493796,-0.039449,16:00,17:00,Saturday,1,False,https://southwarkleisure.co.uk/centres/surrey-docks-fitness-and-watersports-centre/
SLL_Southwark_1412,London Venue,SLL_Southwark,Gymfluence  - Instructor,Gym / Fitness,Gymfluence | Gymfluence Canada Water,False,4.0,Canada Water Leisure Cent,,Southwark,,,16:30,17:30,Monday,1,False,
SLL_Southwark_1413,London Venue,SLL_Southwark,Recreational Watersports,Other / Unspecified,Recreational | Recreational Watersports,False,34.800000000000004,Surrey Docks Fitness & Water Sports,SE16 7SX,Southwark,51.493796,-0.039449,17:00,20:00,Wednesday,1,False,https://southwarkleisure.co.uk/centres/surrey-docks-fitness-and-watersports-centre/
SLL_Southwark_1414,London Venue,SLL_Southwark,Gymfluence – Supervised,Gym / Fitness,Gymfluence | Gymfluence Surrey Docks,False,4.0,Surrey Docks Fitness & Water Sports,SE16 7SX,Southwark,51.493796,-0.039449,06:30,07:00,Tuesday,1,False,https://southwarkleisure.co.uk/centres/surrey-docks-fitness-and-watersports-centre/
SLL_Southwark_1415,London Venue,SLL_Southwark,Lane Swim - Slow,Swimming,Swimming | Swimming Castle,True,0.0,The Castle Centre,SE1 6FG,Southwark,51.4935,-0.1024,07:30,08:55,Thursday,1,False,https://southwarkleisure.co.uk/centres/the-castle-centre/
SLL_Southwark_1416,London Venue,SLL_Southwark,Gymfluence – Supervised,Gym / Fitness,Gymfluence | Gymfluence Canada Water,False,4.0,Canada Water Leisure Cent,,Southwark,,,16:00,17:00,Thursday,1,False,
SLL_Southwark_1417,London Venue,SLL_Southwark,Gymfluence – Supervised,Gym / Fitness,Gymfluence | Gymfluence Canada Water,False,4.0,Canada Water Leisure Cent,,Southwark,,,07:00,08:00,Wednesday,1,False,
SLL_Southwark_1418,London Venue,SLL_Southwark,Gymfluence – Supervised,Gym / Fitness,Gymfluence | Gymfluence Castle,False,9.7,The Castle Centre,SE1 6FG,Southwark,51.4935,-0.1024,15:00,16:00,Sunday,1,False,https://southwarkleisure.co.uk/centres/the-castle-centre/
SLL_Southwark_1419,London Venue,SLL_Southwark,Track Visit,Walking / Running,Athletics | Athletics Track Casual,False,1.2000000000000002,Southwark Athletics Track,SE16 2PE,Southwark,51.4924,-0.0512,11:00,12:00,"Monday, Tuesday, Wednesday, Thursday",1,False,https://southwarkleisure.co.uk/centres/southwark-park-sports-and-athletics-centre/
SLL_Southwark_1420,London Venue,SLL_Southwark,Women Only Swim,Swimming,Swimming | Swimming Canada Water,True,0.0,Canada Water Leisure Cent,,Southwark,,,15:00,16:00,Wednesday,1,False,
SLL_Southwark_1421,London Venue,SLL_Southwark,Lane Swim - Slow,Swimming,Swimming | Swimming Peckham,False,2.5,Peckham Pulse Leisure Centre,SE15 5QN,Southwark,51.474074,-0.070885,21:00,21:45,,1,False,https://southwarkleisure.co.uk/centres/peckham-pulse-leisure-centre/
SLL_Southwark_1422,London Venue,SLL_Southwark,Gymfluence – Supervised,Gym / Fitness,Gymfluence | Gymfluence Canada Water,False,4.0,Canada Water Leisure Cent,,Southwark,,,13:00,14:00,Tuesday,1,False,
SLL_Southwark_1423,London Venue,SLL_Southwark,Gymfluence – Supervised,Gym / Fitness,Gymfluence | Gymfluence Canada Water,False,4.0,Canada Water Leisure Cent,,Southwark,,,15:00,16:00,Monday,1,False,
SLL_Southwark_1424,London Venue,SLL_Southwark,Gymfluence – Supervised,Gym / Fitness,Gymfluence | Gymfluence Surrey Docks,False,4.0,Surrey Docks Fitness & Water Sports,SE16 7SX,Southwark,51.493796,-0.039449,17:00,18:00,Saturday,1,False,https://southwarkleisure.co.uk/centres/surrey-docks-fitness-and-watersports-centre/
SLL_Southwark_1425,London Venue,SLL_Southwark,Gymfluence – Supervised,Gym / Fitness,Gymfluence | Gymfluence Camberwell,False,4.0,Camberwell Leisure Centre,SE5 8TS,Southwark,51.47422,-0.09051,14:00,15:00,Wednesday,1,False,https://southwarkleisure.co.uk/centres/camberwell-leisure-centre/
SLL_Southwark_1426,London Venue,SLL_Southwark,Gymfluence – Supervised,Gym / Fitness,Gymfluence | Gymfluence Castle,False,9.7,The Castle Centre,SE1 6FG,Southwark,51.4935,-0.1024,19:00,20:00,Sunday,1,False,https://southwarkleisure.co.uk/centres/the-castle-centre/
SLL_Southwark_1427,London Venue,SLL_Southwark,Public Swim,Swimming,Swimming | Swimming Peckham,True,0.0,Peckham Pulse Leisure Centre,SE15 5QN,Southwark,51.474074,-0.070885,18:00,19:00,Friday,1,False,https://southwarkleisure.co.uk/centres/peckham-pulse-leisure-centre/
SLL_Southwark_1428,London Venue,SLL_Southwark,Gymfluence – Supervised,Gym / Fitness,Gymfluence | Gymfluence Peckham,False,4.0,Peckham Pulse Leisure Centre,SE15 5QN,Southwark,51.474074,-0.070885,17:00,18:00,Monday,1,False,https://southwarkleisure.co.uk/centres/peckham-pulse-leisure-centre/
SLL_Southwark_1429,London Venue,SLL_Southwark,Gymfluence – Supervised,Gym / Fitness,Gymfluence | Gymfluence Camberwell,False,4.0,Camberwell Leisure Centre,SE5 8TS,Southwark,51.47422,-0.09051,16:00,17:00,Thursday,1,False,https://southwarkleisure.co.uk/centres/camberwell-leisure-centre/
SLL_Southwark_1430,London Venue,SLL_Southwark,Gymfluence – Supervised,Gym / Fitness,Gymfluence | Gymfluence Castle,False,4.0,The Castle Centre,SE1 6FG,Southwark,51.4935,-0.1024,09:00,10:00,Monday,1,False,https://southwarkleisure.co.uk/centres/the-castle-centre/
SLL_Southwark_1431,London Venue,SLL_Southwark,Women Only Swim,Swimming,Swimming | Swimming Canada Water,True,0.0,Canada Water Leisure Cent,,Southwark,,,10:00,10:55,Tuesday,1,False,
SLL_Southwark_1432,London Venue,SLL_Southwark,Lane Swim - Fast 45 Min,Swimming,Swimming | Swimming Dulwich,True,0.0,Dulwich Leisure Centre,SE22 9HB,Southwark,51.460601,-0.071419,21:00,21:45,Sunday,1,False,https://southwarkleisure.co.uk/centres/dulwich-leisure-centre/
SLL_Southwark_1433,London Venue,SLL_Southwark,Lane Swim - Med,Swimming,Swimming | Swimming Dulwich,True,0.0,Dulwich Leisure Centre,SE22 9HB,Southwark,51.460601,-0.071419,16:00,17:00,,1,False,https://southwarkleisure.co.uk/centres/dulwich-leisure-centre/
SLL_Southwark_1434,London Venue,SLL_Southwark,Lane Swim - Slow,Swimming,Swimming | Swimming Canada Water,True,0.0,Canada Water Leisure Cent,,Southwark,,,12:00,13:25,Monday,1,False,
SLL_Southwark_1435,London Venue,SLL_Southwark,Lane Swim - Medium,Swimming,Swimming | Swimming Canada Water,True,0.0,Canada Water Leisure Cent,,Southwark,,,12:00,13:25,Wednesday,1,False,
SLL_Southwark_1436,London Venue,SLL_Southwark,Gymfluence – Supervised,Gym / Fitness,Gymfluence | Gymfluence Castle,False,4.0,The Castle Centre,SE1 6FG,Southwark,51.4935,-0.1024,19:00,20:00,Thursday,1,False,https://southwarkleisure.co.uk/centres/the-castle-centre/
SLL_Southwark_1437,London Venue,SLL_Southwark,Lane Swim - Medium,Swimming,Swimming | Swimming Canada Water,True,0.0,Canada Water Leisure Cent,,Southwark,,,21:00,21:45,Friday,1,False,
SLL_Southwark_1438,London Venue,SLL_Southwark,Lane Swim - Slow 45 Min,Swimming,Swimming | Swimming Dulwich,True,0.0,Dulwich Leisure Centre,SE22 9HB,Southwark,51.460601,-0.071419,21:00,21:45,Sunday,1,False,https://southwarkleisure.co.uk/centres/dulwich-leisure-centre/
SLL_Southwark_1439,London Venue,SLL_Southwark,Public Swim,Swimming,Swimming | Swimming Canada Water,True,0.0,Canada Water Leisure Cent,,Southwark,,,17:00,17:55,Sunday,1,False,
SLL_Southwark_1440,London Venue,SLL_Southwark,Lane Swim - Fast,Swimming,Swimming | Swimming Canada Water,True,0.0,Canada Water Leisure Cent,,Southwark,,,18:00,18:55,Sunday,1,False,
SLL_Southwark_1441,London Venue,SLL_Southwark,Lane Swim - Slow,Swimming,Swimming | Swimming Dulwich,False,2.5,Dulwich Leisure Centre,SE22 9HB,Southwark,51.460601,-0.071419,07:30,09:00,Monday,1,False,https://southwarkleisure.co.uk/centres/dulwich-leisure-centre/
SLL_Southwark_1442,London Venue,SLL_Southwark,Lane Swim - Fast 45 Min,Swimming,Swimming | Swimming Dulwich,True,0.0,Dulwich Leisure Centre,SE22 9HB,Southwark,51.460601,-0.071419,12:00,12:45,Friday,1,False,https://southwarkleisure.co.uk/centres/dulwich-leisure-centre/
SLL_Southwark_1443,London Venue,SLL_Southwark,Gymfluence – Supervised,Gym / Fitness,Gymfluence | Gymfluence Surrey Docks,False,4.0,Surrey Docks Fitness & Water Sports,SE16 7SX,Southwark,51.493796,-0.039449,13:00,14:00,Sunday,1,False,https://southwarkleisure.co.uk/centres/surrey-docks-fitness-and-watersports-centre/
SLL_Southwark_1444,London Venue,SLL_Southwark,Lane Swim - Fast,Swimming,Swimming | Swimming Dulwich,False,2.5,Dulwich Leisure Centre,SE22 9HB,Southwark,51.460601,-0.071419,20:00,21:00,Thursday,1,False,https://southwarkleisure.co.uk/centres/dulwich-leisure-centre/
SLL_Southwark_1445,London Venue,SLL_Southwark,Gymfluence – Supervised,Gym / Fitness,Gymfluence | Gymfluence Castle,False,4.0,The Castle Centre,SE1 6FG,Southwark,51.4935,-0.1024,09:00,10:00,Friday,1,False,https://southwarkleisure.co.uk/centres/the-castle-centre/
SLL_Southwark_1446,London Venue,SLL_Southwark,Gymfluence – Supervised,Gym / Fitness,Gymfluence | Gymfluence Surrey Docks,False,4.0,Surrey Docks Fitness & Water Sports,SE16 7SX,Southwark,51.493796,-0.039449,10:00,11:00,Sunday,1,False,https://southwarkleisure.co.uk/centres/surrey-docks-fitness-and-watersports-centre/
SLL_Southwark_1447,London Venue,SLL_Southwark,Gymfluence – Supervised,Gym / Fitness,Gymfluence | Gymfluence Castle,False,4.0,The Castle Centre,SE1 6FG,Southwark,51.4935,-0.1024,20:00,21:00,Monday,1,False,https://southwarkleisure.co.uk/centres/the-castle-centre/
SLL_Southwark_1448,London Venue,SLL_Southwark,Gymfluence – Supervised,Gym / Fitness,Gymfluence | Gymfluence Surrey Docks,False,4.0,Surrey Docks Fitness & Water Sports,SE16 7SX,Southwark,51.493796,-0.039449,07:00,08:00,Sunday,1,False,https://southwarkleisure.co.uk/centres/surrey-docks-fitness-and-watersports-centre/
SLL_Southwark_1449,London Venue,SLL_Southwark,Gymfluence – Supervised,Gym / Fitness,Gymfluence | Gymfluence Canada Water,False,4.0,Canada Water Leisure Cent,,Southwark,,,07:00,08:00,Tuesday,1,False,
SLL_Southwark_1450,London Venue,SLL_Southwark,Lane Swim - Fast,Swimming,Swimming | Swimming Canada Water,True,0.0,Canada Water Leisure Cent,,Southwark,,,12:00,13:25,Tuesday,1,False,
SLL_Southwark_1451,London Venue,SLL_Southwark,Gymfluence – Supervised,Gym / Fitness,Gymfluence | Gymfluence Peckham,False,4.0,Peckham Pulse Leisure Centre,SE15 5QN,Southwark,51.474074,-0.070885,15:00,16:00,Monday,1,False,https://southwarkleisure.co.uk/centres/peckham-pulse-leisure-centre/
SLL_Southwark_1452,London Venue,SLL_Southwark,Gymfluence – Supervised,Gym / Fitness,Gymfluence | Gymfluence Canada Water,False,4.0,Canada Water Leisure Cent,,Southwark,,,12:00,13:00,Thursday,1,False,
SLL_Southwark_1453,London Venue,SLL_Southwark,Gymfluence – Supervised,Gym / Fitness,Gymfluence | Gymfluence Canada Water,False,4.0,Canada Water Leisure Cent,,Southwark,,,09:00,10:00,Thursday,1,False,
SLL_Southwark_1454,London Venue,SLL_Southwark,Gymfluence – Supervised,Gym / Fitness,Gymfluence | Gymfluence Camberwell,False,4.0,Camberwell Leisure Centre,SE5 8TS,Southwark,51.47422,-0.09051,18:00,19:00,Tuesday,1,False,https://southwarkleisure.co.uk/centres/camberwell-leisure-centre/
SLL_Southwark_1455,London Venue,SLL_Southwark,Lane Swim - Med,Swimming,Swimming | Swimming Castle,True,0.0,The Castle Centre,SE1 6FG,Southwark,51.4935,-0.1024,12:00,12:55,Wednesday,1,False,https://southwarkleisure.co.uk/centres/the-castle-centre/
SLL_Southwark_1456,London Venue,SLL_Southwark,Gymfluence – Supervised,Gym / Fitness,Gymfluence | Gymfluence Peckham,False,4.0,Peckham Pulse Leisure Centre,SE15 5QN,Southwark,51.474074,-0.070885,13:00,14:00,Tuesday,1,False,https://southwarkleisure.co.uk/centres/peckham-pulse-leisure-centre/
SLL_Southwark_1457,London Venue,SLL_Southwark,Gymfluence – Supervised,Gym / Fitness,Gymfluence | Gymfluence Peckham,False,4.0,Peckham Pulse Leisure Centre,SE15 5QN,Southwark,51.474074,-0.070885,14:00,15:00,Tuesday,1,False,https://southwarkleisure.co.uk/centres/peckham-pulse-leisure-centre/
SLL_Southwark_1458,London Venue,SLL_Southwark,Gymfluence – Supervised,Gym / Fitness,Gymfluence | Gymfluence Castle,False,9.7,The Castle Centre,SE1 6FG,Southwark,51.4935,-0.1024,15:00,16:00,Saturday,1,False,https://southwarkleisure.co.uk/centres/the-castle-centre/
SLL_Southwark_1459,London Venue,SLL_Southwark,Gymfluence – Supervised,Gym / Fitness,Gymfluence | Gymfluence Peckham,False,4.0,Peckham Pulse Leisure Centre,SE15 5QN,Southwark,51.474074,-0.070885,19:00,20:00,Tuesday,1,False,https://southwarkleisure.co.uk/centres/peckham-pulse-leisure-centre/
SLL_Southwark_1460,London Venue,SLL_Southwark,Gymfluence  - Instructor,Gym / Fitness,Gymfluence | Gymfluence Dulwich,False,4.0,Dulwich Leisure Centre,SE22 9HB,Southwark,51.460601,-0.071419,11:00,12:00,Saturday,1,False,https://southwarkleisure.co.uk/centres/dulwich-leisure-centre/
SLL_Southwark_1461,London Venue,SLL_Southwark,Gymfluence - Instructor,Gym / Fitness,Gymfluence | Gymfluence Castle,False,4.0,The Castle Centre,SE1 6FG,Southwark,51.4935,-0.1024,11:00,12:00,Saturday,1,False,https://southwarkleisure.co.uk/centres/the-castle-centre/
SLL_Southwark_1462,London Venue,SLL_Southwark,Gymfluence – Supervised,Gym / Fitness,Gymfluence | Gymfluence Castle,False,4.0,The Castle Centre,SE1 6FG,Southwark,51.4935,-0.1024,09:00,10:00,Tuesday,1,False,https://southwarkleisure.co.uk/centres/the-castle-centre/
SLL_Southwark_1463,London Venue,SLL_Southwark,Lane Swim - Medium,Swimming,Swimming | Swimming Canada Water,True,0.0,Canada Water Leisure Cent,,Southwark,,,20:00,21:30,Sunday,1,False,
SLL_Southwark_1464,London Venue,SLL_Southwark,Lane Swim - Fast 75 Min,Swimming,Swimming | Swimming Dulwich,False,2.5,Dulwich Leisure Centre,SE22 9HB,Southwark,51.460601,-0.071419,20:30,21:45,Wednesday,1,False,https://southwarkleisure.co.uk/centres/dulwich-leisure-centre/
SLL_Southwark_1465,London Venue,SLL_Southwark,Gymfluence – Supervised,Gym / Fitness,Gymfluence | Gymfluence Castle,False,4.0,The Castle Centre,SE1 6FG,Southwark,51.4935,-0.1024,21:00,22:00,Thursday,1,False,https://southwarkleisure.co.uk/centres/the-castle-centre/
SLL_Southwark_1466,London Venue,SLL_Southwark,Lane Swim - Medium,Swimming,Swimming | Swimming Canada Water,True,0.0,Canada Water Leisure Cent,,Southwark,,,12:00,13:25,Tuesday,1,False,
SLL_Southwark_1467,London Venue,SLL_Southwark,Lane Swim - Med 45 Min,Swimming,Swimming | Swimming Dulwich,False,2.5,Dulwich Leisure Centre,SE22 9HB,Southwark,51.460601,-0.071419,12:45,13:30,Wednesday,1,False,https://southwarkleisure.co.uk/centres/dulwich-leisure-centre/
SLL_Southwark_1468,London Venue,SLL_Southwark,Lane Swim - Medium 45 Min,Swimming,Swimming | Swimming Dulwich,True,0.0,Dulwich Leisure Centre,SE22 9HB,Southwark,51.460601,-0.071419,12:45,13:30,Friday,1,False,https://southwarkleisure.co.uk/centres/dulwich-leisure-centre/
SLL_Southwark_1469,London Venue,SLL_Southwark,Gymfluence - Instructor,Gym / Fitness,Gymfluence | Gymfluence Peckham,False,4.0,Peckham Pulse Leisure Centre,SE15 5QN,Southwark,51.474074,-0.070885,16:30,17:30,Monday,1,False,https://southwarkleisure.co.uk/centres/peckham-pulse-leisure-centre/
SLL_Southwark_1470,London Venue,SLL_Southwark,Gymfluence – Supervised,Gym / Fitness,Gymfluence | Gymfluence Peckham,False,4.0,Peckham Pulse Leisure Centre,SE15 5QN,Southwark,51.474074,-0.070885,16:00,17:00,Monday,1,False,https://southwarkleisure.co.uk/centres/peckham-pulse-leisure-centre/
SLL_Southwark_1471,London Venue,SLL_Southwark,Gymfluence – Supervised,Gym / Fitness,Gymfluence | Gymfluence Peckham,False,4.0,Peckham Pulse Leisure Centre,SE15 5QN,Southwark,51.474074,-0.070885,13:00,14:00,Sunday,1,False,https://southwarkleisure.co.uk/centres/peckham-pulse-leisure-centre/
SLL_Southwark_1472,London Venue,SLL_Southwark,Public Swim,Swimming,Swimming | Swimming Canada Water,True,0.0,Canada Water Leisure Cent,,Southwark,,,10:00,10:55,Friday,1,False,
SLL_Southwark_1473,London Venue,SLL_Southwark,Lane Swim - Fast,Swimming,Swimming | Swimming Peckham,False,2.5,Peckham Pulse Leisure Centre,SE15 5QN,Southwark,51.474074,-0.070885,15:00,16:00,Wednesday,1,False,https://southwarkleisure.co.uk/centres/peckham-pulse-leisure-centre/
SLL_Southwark_1474,London Venue,SLL_Southwark,Gymfluence – Supervised,Gym / Fitness,Gymfluence | Gymfluence Canada Water,False,9.7,Canada Water Leisure Cent,,Southwark,,,21:00,22:00,Sunday,1,False,
SLL_Southwark_1475,London Venue,SLL_Southwark,Lane Swim - Slow,Swimming,Swimming | Swimming Peckham,False,2.5,Peckham Pulse Leisure Centre,SE15 5QN,Southwark,51.474074,-0.070885,12:00,13:30,Monday,1,False,https://southwarkleisure.co.uk/centres/peckham-pulse-leisure-centre/
SLL_Southwark_1476,London Venue,SLL_Southwark,Gymfluence – Supervised,Gym / Fitness,Gymfluence | Gymfluence Surrey Docks,False,4.0,Surrey Docks Fitness & Water Sports,SE16 7SX,Southwark,51.493796,-0.039449,18:00,19:00,Sunday,1,False,https://southwarkleisure.co.uk/centres/surrey-docks-fitness-and-watersports-centre/
SLL_Southwark_1477,London Venue,SLL_Southwark,Gymfluence – Supervised,Gym / Fitness,Gymfluence | Gymfluence Camberwell,False,4.0,Camberwell Leisure Centre,SE5 8TS,Southwark,51.47422,-0.09051,10:00,11:00,Thursday,1,False,https://southwarkleisure.co.uk/centres/camberwell-leisure-centre/
SLL_Southwark_1478,London Venue,SLL_Southwark,Gymfluence – Supervised,Gym / Fitness,Gymfluence | Gymfluence Peckham,False,4.0,Peckham Pulse Leisure Centre,SE15 5QN,Southwark,51.474074,-0.070885,10:00,11:00,Thursday,1,False,https://southwarkleisure.co.uk/centres/peckham-pulse-leisure-centre/
SLL_Southwark_1479,London Venue,SLL_Southwark,Lane Swim - Fast,Swimming,Swimming | Swimming Castle,True,0.0,The Castle Centre,SE1 6FG,Southwark,51.4935,-0.1024,07:30,08:55,Wednesday,1,False,https://southwarkleisure.co.uk/centres/the-castle-centre/
SLL_Southwark_1480,London Venue,SLL_Southwark,Gymfluence – Supervised,Gym / Fitness,Gymfluence | Gymfluence Canada Water,False,4.0,Canada Water Leisure Cent,,Southwark,,,19:00,20:00,Tuesday,1,False,
SLL_Southwark_1481,London Venue,SLL_Southwark,Women Only Swim 16+,Swimming,Swimming | Swimming Peckham,True,0.0,Peckham Pulse Leisure Centre,SE15 5QN,Southwark,51.474074,-0.070885,19:00,20:00,,1,False,https://southwarkleisure.co.uk/centres/peckham-pulse-leisure-centre/
SLL_Southwark_1482,London Venue,SLL_Southwark,Gymfluence – Supervised,Gym / Fitness,Gymfluence | Gymfluence Castle,False,4.0,The Castle Centre,SE1 6FG,Southwark,51.4935,-0.1024,07:00,08:00,Thursday,1,False,https://southwarkleisure.co.uk/centres/the-castle-centre/
SLL_Southwark_1483,London Venue,SLL_Southwark,Gymfluence – Supervised,Gym / Fitness,Gymfluence | Gymfluence Canada Water,False,4.0,Canada Water Leisure Cent,,Southwark,,,15:00,16:00,Tuesday,1,False,
SLL_Southwark_1484,London Venue,SLL_Southwark,Family Fun Swim,Swimming,Swimming | Swimming Canada Water,True,0.0,Canada Water Leisure Cent,,Southwark,,,15:00,15:55,Tuesday,1,False,
SLL_Southwark_1485,London Venue,SLL_Southwark,Lane Swim - Fast,Swimming,Swimming | Swimming Castle,True,0.0,The Castle Centre,SE1 6FG,Southwark,51.4935,-0.1024,13:00,13:55,Wednesday,1,False,https://southwarkleisure.co.uk/centres/the-castle-centre/
SLL_Southwark_1486,London Venue,SLL_Southwark,Gymfluence – Supervised,Gym / Fitness,Gymfluence | Gymfluence Castle,False,4.0,The Castle Centre,SE1 6FG,Southwark,51.4935,-0.1024,11:00,12:00,Wednesday,1,False,https://southwarkleisure.co.uk/centres/the-castle-centre/
SLL_Southwark_1487,London Venue,SLL_Southwark,Lane Swim - Medium,Swimming,Swimming | Swimming Canada Water,True,0.0,Canada Water Leisure Cent,,Southwark,,,20:00,21:30,Sunday,1,False,
SLL_Southwark_1488,London Venue,SLL_Southwark,Gymfluence – Supervised,Gym / Fitness,Gymfluence | Gymfluence Canada Water,False,9.7,Canada Water Leisure Cent,,Southwark,,,20:00,21:00,Sunday,1,False,
SLL_Southwark_1489,London Venue,SLL_Southwark,Lane Swim - Med,Swimming,Swimming | Swimming Castle,True,0.0,The Castle Centre,SE1 6FG,Southwark,51.4935,-0.1024,07:30,08:55,Wednesday,1,False,https://southwarkleisure.co.uk/centres/the-castle-centre/
SLL_Southwark_1490,London Venue,SLL_Southwark,Lane Swim - Fast,Swimming,Swimming | Swimming Peckham,False,2.5,Peckham Pulse Leisure Centre,SE15 5QN,Southwark,51.474074,-0.070885,07:30,08:30,Wednesday,1,False,https://southwarkleisure.co.uk/centres/peckham-pulse-leisure-centre/
SLL_Southwark_1491,London Venue,SLL_Southwark,Lane Swim - Fast,Swimming,Swimming | Swimming Peckham,False,2.5,Peckham Pulse Leisure Centre,SE15 5QN,Southwark,51.474074,-0.070885,08:30,09:30,Wednesday,1,False,https://southwarkleisure.co.uk/centres/peckham-pulse-leisure-centre/
SLL_Southwark_1492,London Venue,SLL_Southwark,Lane Swim - Slow,Swimming,Swimming | Swimming Castle,True,0.0,The Castle Centre,SE1 6FG,Southwark,51.4935,-0.1024,20:00,20:55,Sunday,1,False,https://southwarkleisure.co.uk/centres/the-castle-centre/
SLL_Southwark_1493,London Venue,SLL_Southwark,Gymfluence – Supervised,Gym / Fitness,Gymfluence | Gymfluence Surrey Docks,False,4.0,Surrey Docks Fitness & Water Sports,SE16 7SX,Southwark,51.493796,-0.039449,20:00,21:00,Wednesday,1,False,https://southwarkleisure.co.uk/centres/surrey-docks-fitness-and-watersports-centre/
SLL_Southwark_1494,London Venue,SLL_Southwark,Lane Swim - Fast,Swimming,Swimming | Swimming Peckham,False,2.5,Peckham Pulse Leisure Centre,SE15 5QN,Southwark,51.474074,-0.070885,06:30,07:30,Thursday,1,False,https://southwarkleisure.co.uk/centres/peckham-pulse-leisure-centre/
SLL_Southwark_1495,London Venue,SLL_Southwark,Gymfluence – Supervised,Gym / Fitness,Gymfluence | Gymfluence Peckham,False,4.0,Peckham Pulse Leisure Centre,SE15 5QN,Southwark,51.474074,-0.070885,20:00,21:00,Tuesday,1,False,https://southwarkleisure.co.uk/centres/peckham-pulse-leisure-centre/
SLL_Southwark_1496,London Venue,SLL_Southwark,Gymfluence – Supervised,Gym / Fitness,Gymfluence | Gymfluence Castle,False,9.7,The Castle Centre,SE1 6FG,Southwark,51.4935,-0.1024,17:00,18:00,Sunday,1,False,https://southwarkleisure.co.uk/centres/the-castle-centre/
SLL_Southwark_1497,London Venue,SLL_Southwark,Lane Swim - Med,Swimming,Swimming | Swimming Castle,True,0.0,The Castle Centre,SE1 6FG,Southwark,51.4935,-0.1024,07:30,08:55,Thursday,1,False,https://southwarkleisure.co.uk/centres/the-castle-centre/
SLL_Southwark_1498,London Venue,SLL_Southwark,Gymfluence – Supervised,Gym / Fitness,Gymfluence | Gymfluence Canada Water,False,4.0,Canada Water Leisure Cent,,Southwark,,,21:00,22:00,Monday,1,False,
SLL_Southwark_1499,London Venue,SLL_Southwark,Lane Swim - Fast,Swimming,Swimming | Swimming Peckham,False,2.5,Peckham Pulse Leisure Centre,SE15 5QN,Southwark,51.474074,-0.070885,13:00,14:00,Saturday,1,False,https://southwarkleisure.co.uk/centres/peckham-pulse-leisure-centre/
SLL_Southwark_1500,London Venue,SLL_Southwark,Gymfluence – Supervised,Gym / Fitness,Gymfluence | Gymfluence Canada Water,False,4.0,Canada Water Leisure Cent,,Southwark,,,10:00,11:00,Saturday,1,False,
SLL_Southwark_1501,London Venue,SLL_Southwark,Gymfluence  - Instructor,Gym / Fitness,Gymfluence | Gymfluence Canada Water,False,4.0,Canada Water Leisure Cent,,Southwark,,,10:00,11:00,Saturday,1,False,
SLL_Southwark_1502,London Venue,SLL_Southwark,Junior Gym Circuits,Gym / Fitness,Gymfluence | Gymfluence Camberwell,False,9.7,Camberwell Leisure Centre,SE5 8TS,Southwark,51.47422,-0.09051,16:30,17:30,Friday,1,False,https://southwarkleisure.co.uk/centres/camberwell-leisure-centre/
SLL_Southwark_1503,London Venue,SLL_Southwark,Gymfluence – Supervised,Gym / Fitness,Gymfluence | Gymfluence Peckham,False,4.0,Peckham Pulse Leisure Centre,SE15 5QN,Southwark,51.474074,-0.070885,11:00,12:00,Friday,1,False,https://southwarkleisure.co.uk/centres/peckham-pulse-leisure-centre/
SLL_Southwark_1504,London Venue,SLL_Southwark,Gymfluence – Supervised,Gym / Fitness,Gymfluence | Gymfluence Peckham,False,4.0,Peckham Pulse Leisure Centre,SE15 5QN,Southwark,51.474074,-0.070885,12:00,13:00,Friday,1,False,https://southwarkleisure.co.uk/centres/peckham-pulse-leisure-centre/
SLL_Southwark_1505,London Venue,SLL_Southwark,Gymfluence – Supervised,Gym / Fitness,Gymfluence | Gymfluence Canada Water,False,4.0,Canada Water Leisure Cent,,Southwark,,,08:00,09:00,Sunday,1,False,
SLL_Southwark_1506,London Venue,SLL_Southwark,Gymfluence – Supervised,Gym / Fitness,Gymfluence | Gymfluence Canada Water,False,9.7,Canada Water Leisure Cent,,Southwark,,,06:30,07:00,Friday,1,False,
SLL_Southwark_1507,London Venue,SLL_Southwark,Lane Swim - Slow,Swimming,Swimming | Swimming Castle,True,0.0,The Castle Centre,SE1 6FG,Southwark,51.4935,-0.1024,07:30,08:55,Wednesday,1,False,https://southwarkleisure.co.uk/centres/the-castle-centre/
SLL_Southwark_1508,London Venue,SLL_Southwark,Track Visit,Walking / Running,Athletics | Athletics Track Casual,False,1.2000000000000002,Southwark Athletics Track,SE16 2PE,Southwark,51.4924,-0.0512,19:00,20:00,Friday,1,False,https://southwarkleisure.co.uk/centres/southwark-park-sports-and-athletics-centre/
SLL_Southwark_1509,London Venue,SLL_Southwark,Lane Swim - Fast,Swimming,Swimming | Swimming Dulwich,False,2.5,Dulwich Leisure Centre,SE22 9HB,Southwark,51.460601,-0.071419,07:30,09:00,Monday,1,False,https://southwarkleisure.co.uk/centres/dulwich-leisure-centre/
SLL_Southwark_1510,London Venue,SLL_Southwark,Gymfluence – Supervised,Gym / Fitness,Gymfluence | Gymfluence Camberwell,False,4.0,Camberwell Leisure Centre,SE5 8TS,Southwark,51.47422,-0.09051,08:00,09:00,Saturday,1,False,https://southwarkleisure.co.uk/centres/camberwell-leisure-centre/
SLL_Southwark_1511,London Venue,SLL_Southwark,Gymfluence – Supervised,Gym / Fitness,Gymfluence | Gymfluence Camberwell,False,4.0,Camberwell Leisure Centre,SE5 8TS,Southwark,51.47422,-0.09051,09:00,10:00,Saturday,1,False,https://southwarkleisure.co.uk/centres/camberwell-leisure-centre/
SLL_Southwark_1512,London Venue,SLL_Southwark,Gymfluence – Supervised,Gym / Fitness,Gymfluence | Gymfluence Camberwell,False,9.7,Camberwell Leisure Centre,SE5 8TS,Southwark,51.47422,-0.09051,06:30,07:00,Friday,1,False,https://southwarkleisure.co.uk/centres/camberwell-leisure-centre/
SLL_Southwark_1513,London Venue,SLL_Southwark,Lane Swim - Medium,Swimming,Swimming | Swimming Canada Water,True,0.0,Canada Water Leisure Cent,,Southwark,,,07:00,07:55,Sunday,1,False,
SLL_Southwark_1514,London Venue,SLL_Southwark,Lane Swim - Slow,Swimming,Swimming | Swimming Canada Water,True,0.0,Canada Water Leisure Cent,,Southwark,,,07:00,07:55,Sunday,1,False,
SLL_Southwark_1515,London Venue,SLL_Southwark,Lane Swim - Med - Fsg,Swimming,Swimming | Swimming Seven Islands,True,0.0,Seven Islands Leisure Centre,SE16 2TU,Southwark,51.496010000000005,-0.05255,20:30,21:30,Sunday,1,False,https://southwarkleisure.co.uk/centres/seven-islands-leisure-centre/
SLL_Southwark_1516,London Venue,SLL_Southwark,Gymfluence – Supervised,Gym / Fitness,Gymfluence | Gymfluence Surrey Docks,False,4.0,Surrey Docks Fitness & Water Sports,SE16 7SX,Southwark,51.493796,-0.039449,19:00,20:00,Monday,1,False,https://southwarkleisure.co.uk/centres/surrey-docks-fitness-and-watersports-centre/
SLL_Southwark_1517,London Venue,SLL_Southwark,Public Swim,Swimming,Swimming | Swimming Peckham,True,0.0,Peckham Pulse Leisure Centre,SE15 5QN,Southwark,51.474074,-0.070885,14:00,15:00,Saturday,1,False,https://southwarkleisure.co.uk/centres/peckham-pulse-leisure-centre/
SLL_Southwark_1518,London Venue,SLL_Southwark,Gymfluence  - Instructor,Gym / Fitness,Gymfluence | Gymfluence Dulwich,False,4.0,Dulwich Leisure Centre,SE22 9HB,Southwark,51.460601,-0.071419,16:30,17:30,Tuesday,1,False,https://southwarkleisure.co.uk/centres/dulwich-leisure-centre/
SLL_Southwark_1519,London Venue,SLL_Southwark,Gymfluence – Supervised,Gym / Fitness,Gymfluence | Gymfluence Surrey Docks,False,4.0,Surrey Docks Fitness & Water Sports,SE16 7SX,Southwark,51.493796,-0.039449,08:00,09:00,Thursday,1,False,https://southwarkleisure.co.uk/centres/surrey-docks-fitness-and-watersports-centre/
SLL_Southwark_1520,London Venue,SLL_Southwark,Gymfluence – Supervised,Gym / Fitness,Gymfluence | Gymfluence Canada Water,False,4.0,Canada Water Leisure Cent,,Southwark,,,08:00,09:00,Thursday,1,False,
SLL_Southwark_1521,London Venue,SLL_Southwark,Family Swim,Swimming,Swimming | Swimming Peckham,True,0.0,Peckham Pulse Leisure Centre,SE15 5QN,Southwark,51.474074,-0.070885,14:00,15:00,Sunday,1,False,https://southwarkleisure.co.uk/centres/peckham-pulse-leisure-centre/
SLL_Southwark_1522,London Venue,SLL_Southwark,Gym Session,Gym / Fitness,Gym | Gym Castle,False,9.7,The Castle Centre,SE1 6FG,Southwark,51.4935,-0.1024,11:00,12:00,Tuesday,1,False,https://southwarkleisure.co.uk/centres/the-castle-centre/
SLL_Southwark_1523,London Venue,SLL_Southwark,Lane Swim - Fast,Swimming,Swimming | Swimming Dulwich,False,2.5,Dulwich Leisure Centre,SE22 9HB,Southwark,51.460601,-0.071419,06:30,07:30,Tuesday,1,False,https://southwarkleisure.co.uk/centres/dulwich-leisure-centre/
SLL_Southwark_1524,London Venue,SLL_Southwark,Lane Swim - Med 45 Min,Swimming,Swimming | Swimming Dulwich,True,0.0,Dulwich Leisure Centre,SE22 9HB,Southwark,51.460601,-0.071419,21:00,21:45,Friday,1,False,https://southwarkleisure.co.uk/centres/dulwich-leisure-centre/
SLL_Southwark_1525,London Venue,SLL_Southwark,Lane Swim - Medium,Swimming,Swimming | Swimming Canada Water,True,0.0,Canada Water Leisure Cent,,Southwark,,,15:00,15:55,Wednesday,1,False,
SLL_Southwark_1526,London Venue,SLL_Southwark,Public Swim,Swimming,Swimming | Swimming Peckham,True,0.0,Peckham Pulse Leisure Centre,SE15 5QN,Southwark,51.474074,-0.070885,09:00,10:00,Friday,1,False,https://southwarkleisure.co.uk/centres/peckham-pulse-leisure-centre/
SLL_Southwark_1527,London Venue,SLL_Southwark,Lane Swim - Slow,Swimming,Swimming | Swimming Dulwich,False,2.5,Dulwich Leisure Centre,SE22 9HB,Southwark,51.460601,-0.071419,07:30,08:30,,1,False,https://southwarkleisure.co.uk/centres/dulwich-leisure-centre/
SLL_Southwark_1528,London Venue,SLL_Southwark,Lane Swim - Slow,Swimming,Swimming | Swimming Peckham,True,0.0,Peckham Pulse Leisure Centre,SE15 5QN,Southwark,51.474074,-0.070885,20:00,21:00,Sunday,1,False,https://southwarkleisure.co.uk/centres/peckham-pulse-leisure-centre/
SLL_Southwark_1529,London Venue,SLL_Southwark,Track Visit,Walking / Running,Athletics | Athletics Track Casual,False,1.2000000000000002,Southwark Athletics Track,SE16 2PE,Southwark,51.4924,-0.0512,16:00,17:00,"Monday, Tuesday, Wednesday, Thursday, Friday",1,False,https://southwarkleisure.co.uk/centres/southwark-park-sports-and-athletics-centre/
SLL_Southwark_1530,London Venue,SLL_Southwark,Gymfluence – Supervised,Gym / Fitness,Gymfluence | Gymfluence Peckham,False,4.0,Peckham Pulse Leisure Centre,SE15 5QN,Southwark,51.474074,-0.070885,08:00,09:00,Saturday,1,False,https://southwarkleisure.co.uk/centres/peckham-pulse-leisure-centre/
SLL_Southwark_1531,London Venue,SLL_Southwark,Lane Swim - Medium,Swimming,Swimming | Swimming Canada Water,True,0.0,Canada Water Leisure Cent,,Southwark,,,07:30,08:55,Monday,1,False,
SLL_Southwark_1532,London Venue,SLL_Southwark,Lane Swim - Fast,Swimming,Swimming | Swimming Canada Water,True,0.0,Canada Water Leisure Cent,,Southwark,,,06:30,07:25,Monday,1,False,
SLL_Southwark_1533,London Venue,SLL_Southwark,Gymfluence – Supervised,Gym / Fitness,Gymfluence | Gymfluence Peckham,False,9.7,Peckham Pulse Leisure Centre,SE15 5QN,Southwark,51.474074,-0.070885,15:00,16:00,Saturday,1,False,https://southwarkleisure.co.uk/centres/peckham-pulse-leisure-centre/
SLL_Southwark_1534,London Venue,SLL_Southwark,Gymfluence – Supervised,Gym / Fitness,Gymfluence | Gymfluence Canada Water,False,4.0,Canada Water Leisure Cent,,Southwark,,,07:00,08:00,Sunday,1,False,
SLL_Southwark_1535,London Venue,SLL_Southwark,U5 Fun Swim,Swimming,Swimming | Swimming Peckham,True,0.0,Peckham Pulse Leisure Centre,SE15 5QN,Southwark,51.474074,-0.070885,13:00,14:00,Saturday,1,False,https://southwarkleisure.co.uk/centres/peckham-pulse-leisure-centre/
SLL_Southwark_1536,London Venue,SLL_Southwark,Lane Swim - Medium,Swimming,Swimming | Swimming Canada Water,True,0.0,Canada Water Leisure Cent,,Southwark,,,12:00,13:25,Tuesday,1,False,
SLL_Southwark_1537,London Venue,SLL_Southwark,Lane Swim - Slow,Swimming,Swimming | Swimming Canada Water,True,0.0,Canada Water Leisure Cent,,Southwark,,,12:00,13:25,Tuesday,1,False,
SLL_Southwark_1538,London Venue,SLL_Southwark,Gymfluence – Supervised,Gym / Fitness,Gymfluence | Gymfluence Camberwell,False,4.0,Camberwell Leisure Centre,SE5 8TS,Southwark,51.47422,-0.09051,19:00,20:00,Monday,1,False,https://southwarkleisure.co.uk/centres/camberwell-leisure-centre/
SLL_Southwark_1539,London Venue,SLL_Southwark,Silver Gym Session,Gym / Fitness,Gym | Gym Camberwell,False,9.7,Camberwell Leisure Centre,SE5 8TS,Southwark,51.47422,-0.09051,14:00,15:00,Thursday,1,False,https://southwarkleisure.co.uk/centres/camberwell-leisure-centre/
SLL_Southwark_1540,London Venue,SLL_Southwark,Silver Gym Session,Gym / Fitness,Gym | Gym Canada Water,False,9.7,Canada Water Leisure Cent,,Southwark,,,14:00,15:00,Thursday,1,False,
SLL_Southwark_1541,London Venue,SLL_Southwark,Gymfluence – Supervised,Gym / Fitness,Gymfluence | Gymfluence Camberwell,False,4.0,Camberwell Leisure Centre,SE5 8TS,Southwark,51.47422,-0.09051,07:00,08:00,Monday,1,False,https://southwarkleisure.co.uk/centres/camberwell-leisure-centre/
SLL_Southwark_1542,London Venue,SLL_Southwark,Gymfluence – Supervised,Gym / Fitness,Gymfluence | Gymfluence Camberwell,False,4.0,Camberwell Leisure Centre,SE5 8TS,Southwark,51.47422,-0.09051,07:00,08:00,Thursday,1,False,https://southwarkleisure.co.uk/centres/camberwell-leisure-centre/
SLL_Southwark_1543,London Venue,SLL_Southwark,Gymfluence – Supervised,Gym / Fitness,Gymfluence | Gymfluence Camberwell,False,9.7,Camberwell Leisure Centre,SE5 8TS,Southwark,51.47422,-0.09051,16:00,17:00,Saturday,1,False,https://southwarkleisure.co.uk/centres/camberwell-leisure-centre/
SLL_Southwark_1544,London Venue,SLL_Southwark,Gymfluence – Supervised,Gym / Fitness,Gymfluence | Gymfluence Peckham,False,9.7,Peckham Pulse Leisure Centre,SE15 5QN,Southwark,51.474074,-0.070885,17:00,18:00,Saturday,1,False,https://southwarkleisure.co.uk/centres/peckham-pulse-leisure-centre/
SLL_Southwark_1545,London Venue,SLL_Southwark,Gymfluence – Supervised,Gym / Fitness,Gymfluence | Gymfluence Canada Water,False,4.0,Canada Water Leisure Cent,,Southwark,,,19:00,20:00,Wednesday,1,False,
SLL_Southwark_1546,London Venue,SLL_Southwark,Public Swim,Swimming,Swimming | Swimming Canada Water,True,0.0,Canada Water Leisure Cent,,Southwark,,,12:00,13:00,Saturday,1,False,
SLL_Southwark_1547,London Venue,SLL_Southwark,Gymfluence – Supervised,Gym / Fitness,Gymfluence | Gymfluence Canada Water,False,4.0,Canada Water Leisure Cent,,Southwark,,,18:00,19:00,Monday,1,False,
SLL_Southwark_1548,London Venue,SLL_Southwark,Gym Session + Silver,Gym / Fitness,Gym | Gym Peckham,False,9.7,Peckham Pulse Leisure Centre,SE15 5QN,Southwark,51.474074,-0.070885,15:00,16:00,Thursday,1,False,https://southwarkleisure.co.uk/centres/peckham-pulse-leisure-centre/
SLL_Southwark_1549,London Venue,SLL_Southwark,Gymfluence – Supervised,Gym / Fitness,Gymfluence | Gymfluence Canada Water,False,4.0,Canada Water Leisure Cent,,Southwark,,,13:00,14:00,Monday,1,False,
SLL_Southwark_1550,London Venue,SLL_Southwark,Gymfluence – Supervised,Gym / Fitness,Gymfluence | Gymfluence Camberwell,False,4.0,Camberwell Leisure Centre,SE5 8TS,Southwark,51.47422,-0.09051,10:00,11:00,Saturday,1,False,https://southwarkleisure.co.uk/centres/camberwell-leisure-centre/
SLL_Southwark_1551,London Venue,SLL_Southwark,Gymfluence – Supervised,Gym / Fitness,Gymfluence | Gymfluence Peckham,False,4.0,Peckham Pulse Leisure Centre,SE15 5QN,Southwark,51.474074,-0.070885,18:00,19:00,Thursday,1,False,https://southwarkleisure.co.uk/centres/peckham-pulse-leisure-centre/
SLL_Southwark_1552,London Venue,SLL_Southwark,Lap Swim - Slow,Swimming,Swimming | Swimming Peckham,False,2.5,Peckham Pulse Leisure Centre,SE15 5QN,Southwark,51.474074,-0.070885,21:00,21:45,Wednesday,1,False,https://southwarkleisure.co.uk/centres/peckham-pulse-leisure-centre/
SLL_Southwark_1553,London Venue,SLL_Southwark,Gymfluence – Supervised,Gym / Fitness,Gymfluence | Gymfluence Surrey Docks,False,4.0,Surrey Docks Fitness & Water Sports,SE16 7SX,Southwark,51.493796,-0.039449,20:00,21:00,Tuesday,1,False,https://southwarkleisure.co.uk/centres/surrey-docks-fitness-and-watersports-centre/
SLL_Southwark_1554,London Venue,SLL_Southwark,Gymfluence – Supervised,Gym / Fitness,Gymfluence | Gymfluence Peckham,False,4.0,Peckham Pulse Leisure Centre,SE15 5QN,Southwark,51.474074,-0.070885,15:00,16:00,Thursday,1,False,https://southwarkleisure.co.uk/centres/peckham-pulse-leisure-centre/
SLL_Southwark_1555,London Venue,SLL_Southwark,Lane Swim - Fast 45 Min,Swimming,Swimming | Swimming Dulwich,False,2.5,Dulwich Leisure Centre,SE22 9HB,Southwark,51.460601,-0.071419,21:00,21:45,Monday,1,False,https://southwarkleisure.co.uk/centres/dulwich-leisure-centre/
SLL_Southwark_1556,London Venue,SLL_Southwark,Public Swim,Swimming,Swimming | Swimming Canada Water,True,0.0,Canada Water Leisure Cent,,Southwark,,,18:00,18:55,Wednesday,1,False,
SLL_Southwark_1557,London Venue,SLL_Southwark,Public Swim,Swimming,Swimming | Swimming Castle,True,0.0,The Castle Centre,SE1 6FG,Southwark,51.4935,-0.1024,13:00,13:55,Sunday,1,False,https://southwarkleisure.co.uk/centres/the-castle-centre/
SLL_Southwark_1558,London Venue,SLL_Southwark,Gym Session,Gym / Fitness,Gym | Gym Dulwich,False,9.7,Dulwich Leisure Centre,SE22 9HB,Southwark,51.460601,-0.071419,11:00,12:00,Tuesday,1,False,https://southwarkleisure.co.uk/centres/dulwich-leisure-centre/
SLL_Southwark_1559,London Venue,SLL_Southwark,Family Disability Swim,Swimming,Swimming | Swimming Peckham,False,2.5,Peckham Pulse Leisure Centre,SE15 5QN,Southwark,51.474074,-0.070885,15:00,16:00,Thursday,1,False,https://southwarkleisure.co.uk/centres/peckham-pulse-leisure-centre/
SLL_Southwark_1560,London Venue,SLL_Southwark,Public Swim,Swimming,Swimming | Swimming Dulwich,True,0.0,Dulwich Leisure Centre,SE22 9HB,Southwark,51.460601,-0.071419,15:00,16:00,,1,False,https://southwarkleisure.co.uk/centres/dulwich-leisure-centre/
SLL_Southwark_1561,London Venue,SLL_Southwark,Lane Swim - Slow,Swimming,Swimming | Swimming Canada Water,True,0.0,Canada Water Leisure Cent,,Southwark,,,20:00,21:30,Sunday,1,False,
SLL_Southwark_1562,London Venue,SLL_Southwark,Public Swim,Swimming,Swimming | Swimming Canada Water,True,0.0,Canada Water Leisure Cent,,Southwark,,,16:00,16:55,Friday,1,False,
SLL_Southwark_1563,London Venue,SLL_Southwark,Gymfluence – Supervised,Gym / Fitness,Gymfluence | Gymfluence Castle,False,4.0,The Castle Centre,SE1 6FG,Southwark,51.4935,-0.1024,06:30,07:00,Thursday,1,False,https://southwarkleisure.co.uk/centres/the-castle-centre/
SLL_Southwark_1564,London Venue,SLL_Southwark,Gymfluence – Supervised,Gym / Fitness,Gymfluence | Gymfluence Camberwell,False,4.0,Camberwell Leisure Centre,SE5 8TS,Southwark,51.47422,-0.09051,06:30,07:00,Thursday,1,False,https://southwarkleisure.co.uk/centres/camberwell-leisure-centre/
SLL_Southwark_1565,London Venue,SLL_Southwark,Lane Swim - Fast,Swimming,Swimming | Swimming Dulwich,False,2.5,Dulwich Leisure Centre,SE22 9HB,Southwark,51.460601,-0.071419,06:30,07:30,Monday,1,False,https://southwarkleisure.co.uk/centres/dulwich-leisure-centre/
SLL_Southwark_1566,London Venue,SLL_Southwark,Lane Swim - Fast,Swimming,Swimming | Swimming Peckham,True,0.0,Peckham Pulse Leisure Centre,SE15 5QN,Southwark,51.474074,-0.070885,14:00,15:00,Sunday,1,False,https://southwarkleisure.co.uk/centres/peckham-pulse-leisure-centre/
SLL_Southwark_1567,London Venue,SLL_Southwark,Gymfluence – Supervised,Gym / Fitness,Gymfluence | Gymfluence Peckham,False,4.0,Peckham Pulse Leisure Centre,SE15 5QN,Southwark,51.474074,-0.070885,19:00,20:00,Wednesday,1,False,https://southwarkleisure.co.uk/centres/peckham-pulse-leisure-centre/
SLL_Southwark_1568,London Venue,SLL_Southwark,Gymfluence – Supervised,Gym / Fitness,Gymfluence | Gymfluence Peckham,False,4.0,Peckham Pulse Leisure Centre,SE15 5QN,Southwark,51.474074,-0.070885,15:00,16:00,Wednesday,1,False,https://southwarkleisure.co.uk/centres/peckham-pulse-leisure-centre/
SLL_Southwark_1569,London Venue,SLL_Southwark,Gymfluence – Supervised,Gym / Fitness,Gymfluence | Gymfluence Surrey Docks,False,4.0,Surrey Docks Fitness & Water Sports,SE16 7SX,Southwark,51.493796,-0.039449,16:00,17:00,Sunday,1,False,https://southwarkleisure.co.uk/centres/surrey-docks-fitness-and-watersports-centre/
SLL_Southwark_1570,London Venue,SLL_Southwark,Gymfluence – Supervised,Gym / Fitness,Gymfluence | Gymfluence Surrey Docks,False,4.0,Surrey Docks Fitness & Water Sports,SE16 7SX,Southwark,51.493796,-0.039449,17:00,18:00,Sunday,1,False,https://southwarkleisure.co.uk/centres/surrey-docks-fitness-and-watersports-centre/
SLL_Southwark_1571,London Venue,SLL_Southwark,Gym Session,Gym / Fitness,Gym | Gym Dulwich,False,9.7,Dulwich Leisure Centre,SE22 9HB,Southwark,51.460601,-0.071419,14:00,15:00,Thursday,1,False,https://southwarkleisure.co.uk/centres/dulwich-leisure-centre/
SLL_Southwark_1572,London Venue,SLL_Southwark,Public Swim,Swimming,Swimming | Swimming Canada Water,True,0.0,Canada Water Leisure Cent,,Southwark,,,13:30,15:00,Wednesday,1,False,
SLL_Southwark_1573,London Venue,SLL_Southwark,Gymfluence – Supervised,Gym / Fitness,Gymfluence | Gymfluence Canada Water,False,4.0,Canada Water Leisure Cent,,Southwark,,,14:00,15:00,Monday,1,False,
SLL_Southwark_1574,London Venue,SLL_Southwark,Gymfluence – Supervised,Gym / Fitness,Gymfluence | Gymfluence Peckham,False,4.0,Peckham Pulse Leisure Centre,SE15 5QN,Southwark,51.474074,-0.070885,07:00,08:00,Saturday,1,False,https://southwarkleisure.co.uk/centres/peckham-pulse-leisure-centre/
SLL_Southwark_1575,London Venue,SLL_Southwark,Gymfluence – Supervised,Gym / Fitness,Gymfluence | Gymfluence Surrey Docks,False,4.0,Surrey Docks Fitness & Water Sports,SE16 7SX,Southwark,51.493796,-0.039449,12:00,13:00,Sunday,1,False,https://southwarkleisure.co.uk/centres/surrey-docks-fitness-and-watersports-centre/
SLL_Southwark_1576,London Venue,SLL_Southwark,Gymfluence – Supervised,Gym / Fitness,Gymfluence | Gymfluence Camberwell,False,9.7,Camberwell Leisure Centre,SE5 8TS,Southwark,51.47422,-0.09051,17:00,18:00,Saturday,1,False,https://southwarkleisure.co.uk/centres/camberwell-leisure-centre/
SLL_Southwark_1577,London Venue,SLL_Southwark,Gymfluence – Supervised,Gym / Fitness,Gymfluence | Gymfluence Surrey Docks,False,4.0,Surrey Docks Fitness & Water Sports,SE16 7SX,Southwark,51.493796,-0.039449,11:00,12:00,Thursday,1,False,https://southwarkleisure.co.uk/centres/surrey-docks-fitness-and-watersports-centre/
SLL_Southwark_1578,London Venue,SLL_Southwark,Gymfluence – Supervised,Gym / Fitness,Gymfluence | Gymfluence Camberwell,False,4.0,Camberwell Leisure Centre,SE5 8TS,Southwark,51.47422,-0.09051,16:00,17:00,Tuesday,1,False,https://southwarkleisure.co.uk/centres/camberwell-leisure-centre/
SLL_Southwark_1579,London Venue,SLL_Southwark,Gymfluence – Supervised,Gym / Fitness,Gymfluence | Gymfluence Camberwell,False,4.0,Camberwell Leisure Centre,SE5 8TS,Southwark,51.47422,-0.09051,17:00,18:00,Tuesday,1,False,https://southwarkleisure.co.uk/centres/camberwell-leisure-centre/
SLL_Southwark_1580,London Venue,SLL_Southwark,Gymfluence – Supervised,Gym / Fitness,Gymfluence | Gymfluence Canada Water,False,4.0,Canada Water Leisure Cent,,Southwark,,,19:00,20:00,Monday,1,False,
SLL_Southwark_1581,London Venue,SLL_Southwark,Lane Swim - Fast,Swimming,Swimming | Swimming Castle,True,0.0,The Castle Centre,SE1 6FG,Southwark,51.4935,-0.1024,19:00,19:55,Wednesday,1,False,https://southwarkleisure.co.uk/centres/the-castle-centre/
SLL_Southwark_1582,London Venue,SLL_Southwark,Track Visit,Walking / Running,Athletics | Athletics Track Casual,False,1.2000000000000002,Southwark Athletics Track,SE16 2PE,Southwark,51.4924,-0.0512,13:00,14:00,Sunday,1,False,https://southwarkleisure.co.uk/centres/southwark-park-sports-and-athletics-centre/
SLL_Southwark_1583,London Venue,SLL_Southwark,Gym Session,Gym / Fitness,Gym | Gym Surrey Docks,False,9.7,Surrey Docks Fitness & Water Sports,SE16 7SX,Southwark,51.493796,-0.039449,12:00,13:00,Tuesday,1,False,https://southwarkleisure.co.uk/centres/surrey-docks-fitness-and-watersports-centre/
SLL_Southwark_1584,London Venue,SLL_Southwark,Lane Swim - Fast,Swimming,Swimming | Swimming Canada Water,True,0.0,Canada Water Leisure Cent,,Southwark,,,06:30,07:25,Wednesday,1,False,
SLL_Southwark_1585,London Venue,SLL_Southwark,Lane Swim - Medium,Swimming,Swimming | Swimming Canada Water,True,0.0,Canada Water Leisure Cent,,Southwark,,,06:30,07:25,Wednesday,1,False,
SLL_Southwark_1586,London Venue,SLL_Southwark,Gymfluence – Supervised,Gym / Fitness,Gymfluence | Gymfluence Peckham,False,4.0,Peckham Pulse Leisure Centre,SE15 5QN,Southwark,51.474074,-0.070885,11:00,12:00,Thursday,1,False,https://southwarkleisure.co.uk/centres/peckham-pulse-leisure-centre/
SLL_Southwark_1587,London Venue,SLL_Southwark,Lane Swim - Medium,Swimming,Swimming | Swimming Canada Water,True,0.0,Canada Water Leisure Cent,,Southwark,,,15:00,15:55,Wednesday,1,False,
SLL_Southwark_1588,London Venue,SLL_Southwark,Lane Swim - Fast,Swimming,Swimming | Swimming Seven Islands,False,2.5,Seven Islands Leisure Centre,SE16 2TU,Southwark,51.496010000000005,-0.05255,12:00,13:30,Thursday,1,False,https://southwarkleisure.co.uk/centres/seven-islands-leisure-centre/
SLL_Southwark_1589,London Venue,SLL_Southwark,Lane Swim - Slow,Swimming,Swimming | Swimming Dulwich,True,0.0,Dulwich Leisure Centre,SE22 9HB,Southwark,51.460601,-0.071419,18:00,19:00,,1,False,https://southwarkleisure.co.uk/centres/dulwich-leisure-centre/
SLL_Southwark_1590,London Venue,SLL_Southwark,Gymfluence – Supervised,Gym / Fitness,Gymfluence | Gymfluence Canada Water,False,4.0,Canada Water Leisure Cent,,Southwark,,,16:00,17:00,Monday,1,False,
SLL_Southwark_1591,London Venue,SLL_Southwark,Gymfluence Induction,Gym / Fitness,Gymfluence | Gymfluence Camberwell,True,0.0,Camberwell Leisure Centre,SE5 8TS,Southwark,51.47422,-0.09051,13:30,14:00,Saturday,1,False,https://southwarkleisure.co.uk/centres/camberwell-leisure-centre/
SLL_Southwark_1592,London Venue,SLL_Southwark,Gymfluence – Supervised,Gym / Fitness,Gymfluence | Gymfluence Camberwell,False,4.0,Camberwell Leisure Centre,SE5 8TS,Southwark,51.47422,-0.09051,09:00,10:00,Tuesday,1,False,https://southwarkleisure.co.uk/centres/camberwell-leisure-centre/
SLL_Southwark_1593,London Venue,SLL_Southwark,Gymfluence – Supervised,Gym / Fitness,Gymfluence | Gymfluence Camberwell,False,4.0,Camberwell Leisure Centre,SE5 8TS,Southwark,51.47422,-0.09051,10:00,11:00,Tuesday,1,False,https://southwarkleisure.co.uk/centres/camberwell-leisure-centre/
SLL_Southwark_1594,London Venue,SLL_Southwark,Lane Swim - Medium,Swimming,Swimming | Swimming Canada Water,True,0.0,Canada Water Leisure Cent,,Southwark,,,07:30,08:55,Friday,1,False,
SLL_Southwark_1595,London Venue,SLL_Southwark,Lane Swim - Fast,Swimming,Swimming | Swimming Peckham,False,2.5,Peckham Pulse Leisure Centre,SE15 5QN,Southwark,51.474074,-0.070885,15:00,16:00,Monday,1,False,https://southwarkleisure.co.uk/centres/peckham-pulse-leisure-centre/
SLL_Southwark_1596,London Venue,SLL_Southwark,Track Visit,Walking / Running,Athletics | Athletics Track Casual,False,1.2000000000000002,Southwark Athletics Track,SE16 2PE,Southwark,51.4924,-0.0512,07:00,08:00,"Monday, Tuesday, Wednesday, Thursday, Friday",1,False,https://southwarkleisure.co.uk/centres/southwark-park-sports-and-athletics-centre/
SLL_Southwark_1597,London Venue,SLL_Southwark,Lane Swim - Fast,Swimming,Swimming | Swimming Seven Islands,False,2.5,Seven Islands Leisure Centre,SE16 2TU,Southwark,51.496010000000005,-0.05255,06:30,07:30,Thursday,1,False,https://southwarkleisure.co.uk/centres/seven-islands-leisure-centre/
SLL_Southwark_1598,London Venue,SLL_Southwark,Public Swim,Swimming,Swimming | Swimming Peckham,True,0.0,Peckham Pulse Leisure Centre,SE15 5QN,Southwark,51.474074,-0.070885,16:00,17:00,Tuesday,1,False,https://southwarkleisure.co.uk/centres/peckham-pulse-leisure-centre/
SLL_Southwark_1599,London Venue,SLL_Southwark,Gymfluence – Supervised,Gym / Fitness,Gymfluence | Gymfluence Surrey Docks,False,4.0,Surrey Docks Fitness & Water Sports,SE16 7SX,Southwark,51.493796,-0.039449,09:00,10:00,Sunday,1,False,https://southwarkleisure.co.uk/centres/surrey-docks-fitness-and-watersports-centre/
SLL_Southwark_1600,London Venue,SLL_Southwark,Lane Swim - Fast 45 Min,Swimming,Swimming | Swimming Dulwich,False,2.5,Dulwich Leisure Centre,SE22 9HB,Southwark,51.460601,-0.071419,12:00,12:45,Thursday,1,False,https://southwarkleisure.co.uk/centres/dulwich-leisure-centre/
SLL_Southwark_1601,London Venue,SLL_Southwark,Gymfluence – Supervised,Gym / Fitness,Gymfluence | Gymfluence Castle,False,4.0,The Castle Centre,SE1 6FG,Southwark,51.4935,-0.1024,21:00,22:00,Wednesday,1,False,https://southwarkleisure.co.uk/centres/the-castle-centre/
SLL_Southwark_1602,London Venue,SLL_Southwark,Lane Swim - Medium,Swimming,Swimming | Swimming Canada Water,True,0.0,Canada Water Leisure Cent,,Southwark,,,07:00,07:55,Saturday,1,False,
SLL_Southwark_1603,London Venue,SLL_Southwark,Gymfluence – Supervised,Gym / Fitness,Gymfluence | Gymfluence Castle,False,4.0,The Castle Centre,SE1 6FG,Southwark,51.4935,-0.1024,07:00,08:00,Tuesday,1,False,https://southwarkleisure.co.uk/centres/the-castle-centre/
SLL_Southwark_1604,London Venue,SLL_Southwark,Lane Swim - Medium,Swimming,Swimming | Swimming Canada Water,True,0.0,Canada Water Leisure Cent,,Southwark,,,15:00,15:55,Tuesday,1,False,
SLL_Southwark_1605,London Venue,SLL_Southwark,Track Visit,Walking / Running,Athletics | Athletics Track Casual,False,1.2000000000000002,Southwark Athletics Track,SE16 2PE,Southwark,51.4924,-0.0512,10:00,11:00,Sunday,1,False,https://southwarkleisure.co.uk/centres/southwark-park-sports-and-athletics-centre/
SLL_Southwark_1606,London Venue,SLL_Southwark,Public Swim,Swimming,Swimming | Swimming Castle,True,0.0,The Castle Centre,SE1 6FG,Southwark,51.4935,-0.1024,16:00,17:00,,1,False,https://southwarkleisure.co.uk/centres/the-castle-centre/
SLL_Southwark_1607,London Venue,SLL_Southwark,Public Swim,Swimming,Swimming | Swimming Peckham,True,0.0,Peckham Pulse Leisure Centre,SE15 5QN,Southwark,51.474074,-0.070885,15:00,16:00,Sunday,1,False,https://southwarkleisure.co.uk/centres/peckham-pulse-leisure-centre/
SLL_Southwark_1608,London Venue,SLL_Southwark,Lane Swim - Fast,Swimming,Swimming | Swimming Castle,True,0.0,The Castle Centre,SE1 6FG,Southwark,51.4935,-0.1024,13:00,13:55,Thursday,1,False,https://southwarkleisure.co.uk/centres/the-castle-centre/
SLL_Southwark_1609,London Venue,SLL_Southwark,Good Boost Exercise,Swimming,Swimming | Swimming Peckham,False,4.3,Peckham Pulse Leisure Centre,SE15 5QN,Southwark,51.474074,-0.070885,19:00,19:45,Tuesday,1,False,https://southwarkleisure.co.uk/centres/peckham-pulse-leisure-centre/
SLL_Southwark_1610,London Venue,SLL_Southwark,Gymfluence – Supervised,Gym / Fitness,Gymfluence | Gymfluence Canada Water,False,9.7,Canada Water Leisure Cent,,Southwark,,,08:00,09:00,Friday,1,False,
SLL_Southwark_1611,London Venue,SLL_Southwark,Gym Session,Gym / Fitness,Gym | Gym Track,False,9.7,Southwark Athletics Track,SE16 2PE,Southwark,51.4924,-0.0512,08:00,09:00,,1,False,https://southwarkleisure.co.uk/centres/southwark-park-sports-and-athletics-centre/
SLL_Southwark_1612,London Venue,SLL_Southwark,Lane Swim - Medium,Swimming,Swimming | Swimming Canada Water,True,0.0,Canada Water Leisure Cent,,Southwark,,,21:00,21:45,Tuesday,1,False,
SLL_Southwark_1613,London Venue,SLL_Southwark,Family Fun Swim,Swimming,Swimming | Swimming Canada Water,True,0.0,Canada Water Leisure Cent,,Southwark,,,11:00,11:55,Sunday,1,False,
SLL_Southwark_1614,London Venue,SLL_Southwark,Lane Swim - Fast,Swimming,Swimming | Swimming Peckham,False,2.5,Peckham Pulse Leisure Centre,SE15 5QN,Southwark,51.474074,-0.070885,08:00,09:00,Sunday,1,False,https://southwarkleisure.co.uk/centres/peckham-pulse-leisure-centre/
SLL_Southwark_1615,London Venue,SLL_Southwark,Gymfluence – Supervised,Gym / Fitness,Gymfluence | Gymfluence Canada Water,False,4.0,Canada Water Leisure Cent,,Southwark,,,11:00,12:00,Wednesday,1,False,
SLL_Southwark_1616,London Venue,SLL_Southwark,Gymfluence – Supervised,Gym / Fitness,Gymfluence | Gymfluence Canada Water,False,4.0,Canada Water Leisure Cent,,Southwark,,,20:00,21:00,Tuesday,1,False,
SLL_Southwark_1617,London Venue,SLL_Southwark,Recreational Watersports,Other / Unspecified,Recreational | Recreational Watersports,False,34.800000000000004,Surrey Docks Fitness & Water Sports,SE16 7SX,Southwark,51.493796,-0.039449,10:00,12:30,Sunday,1,False,https://southwarkleisure.co.uk/centres/surrey-docks-fitness-and-watersports-centre/
SLL_Southwark_1618,London Venue,SLL_Southwark,Gymfluence – Supervised,Gym / Fitness,Gymfluence | Gymfluence Camberwell,False,4.0,Camberwell Leisure Centre,SE5 8TS,Southwark,51.47422,-0.09051,13:00,14:00,Wednesday,1,False,https://southwarkleisure.co.uk/centres/camberwell-leisure-centre/
SLL_Southwark_1619,London Venue,SLL_Southwark,Men Only Swim,Swimming,Swimming | Swimming Dulwich,True,0.0,Dulwich Leisure Centre,SE22 9HB,Southwark,51.460601,-0.071419,19:00,20:00,,1,False,https://southwarkleisure.co.uk/centres/dulwich-leisure-centre/
SLL_Southwark_1620,London Venue,SLL_Southwark,Gymfluence – Supervised,Gym / Fitness,Gymfluence | Gymfluence Surrey Docks,False,9.7,Surrey Docks Fitness & Water Sports,SE16 7SX,Southwark,51.493796,-0.039449,08:00,09:00,Friday,1,False,https://southwarkleisure.co.uk/centres/surrey-docks-fitness-and-watersports-centre/
SLL_Southwark_1621,London Venue,SLL_Southwark,Disability Swim,Swimming,Swimming | Swimming Dulwich,True,0.0,Dulwich Leisure Centre,SE22 9HB,Southwark,51.460601,-0.071419,14:00,15:00,Sunday,1,False,https://southwarkleisure.co.uk/centres/dulwich-leisure-centre/
SLL_Southwark_1622,London Venue,SLL_Southwark,Public Swim,Swimming,Swimming | Swimming Peckham,True,0.0,Peckham Pulse Leisure Centre,SE15 5QN,Southwark,51.474074,-0.070885,11:00,12:00,Tuesday,1,False,https://southwarkleisure.co.uk/centres/peckham-pulse-leisure-centre/
SLL_Southwark_1623,London Venue,SLL_Southwark,Gymfluence – Supervised,Gym / Fitness,Gymfluence | Gymfluence Seven Islands,False,9.7,Seven Islands Leisure Centre,SE16 2TU,Southwark,51.496010000000005,-0.05255,14:00,15:00,Friday,1,False,https://southwarkleisure.co.uk/centres/seven-islands-leisure-centre/
SLL_Southwark_1624,London Venue,SLL_Southwark,Adult Bubbles,Swimming,Swimming | Swimming Peckham,True,0.0,Peckham Pulse Leisure Centre,SE15 5QN,Southwark,51.474074,-0.070885,21:00,21:45,Monday,1,False,https://southwarkleisure.co.uk/centres/peckham-pulse-leisure-centre/
SLL_Southwark_1625,London Venue,SLL_Southwark,Gymfluence – Supervised,Gym / Fitness,Gymfluence | Gymfluence Camberwell,False,4.0,Camberwell Leisure Centre,SE5 8TS,Southwark,51.47422,-0.09051,15:00,16:00,Thursday,1,False,https://southwarkleisure.co.uk/centres/camberwell-leisure-centre/
SLL_Southwark_1626,London Venue,SLL_Southwark,Lane Swim - Slow,Swimming,Swimming | Swimming Peckham,False,2.5,Peckham Pulse Leisure Centre,SE15 5QN,Southwark,51.474074,-0.070885,21:00,21:45,Tuesday,1,False,https://southwarkleisure.co.uk/centres/peckham-pulse-leisure-centre/
SLL_Southwark_1627,London Venue,SLL_Southwark,Lane Swim - Fast,Swimming,Swimming | Swimming Peckham,True,0.0,Peckham Pulse Leisure Centre,SE15 5QN,Southwark,51.474074,-0.070885,06:30,07:30,Friday,1,False,https://southwarkleisure.co.uk/centres/peckham-pulse-leisure-centre/
SLL_Southwark_1628,London Venue,SLL_Southwark,Gymfluence – Supervised,Gym / Fitness,Gymfluence | Gymfluence Canada Water,False,4.0,Canada Water Leisure Cent,,Southwark,,,09:00,10:00,Tuesday,1,False,
SLL_Southwark_1629,London Venue,SLL_Southwark,Gymfluence – Supervised,Gym / Fitness,Gymfluence | Gymfluence Surrey Docks,False,4.0,Surrey Docks Fitness & Water Sports,SE16 7SX,Southwark,51.493796,-0.039449,20:00,21:00,Monday,1,False,https://southwarkleisure.co.uk/centres/surrey-docks-fitness-and-watersports-centre/
SLL_Southwark_1630,London Venue,SLL_Southwark,Lane Swim - Slow,Swimming,Swimming | Swimming Peckham,True,0.0,Peckham Pulse Leisure Centre,SE15 5QN,Southwark,51.474074,-0.070885,12:00,13:30,Friday,1,False,https://southwarkleisure.co.uk/centres/peckham-pulse-leisure-centre/
SLL_Southwark_1631,London Venue,SLL_Southwark,Gymfluence – Supervised,Gym / Fitness,Gymfluence | Gymfluence Surrey Docks,False,4.0,Surrey Docks Fitness & Water Sports,SE16 7SX,Southwark,51.493796,-0.039449,07:00,08:00,Saturday,1,False,https://southwarkleisure.co.uk/centres/surrey-docks-fitness-and-watersports-centre/
SLL_Southwark_1632,London Venue,SLL_Southwark,Lane Swim - Slow 45 Min,Swimming,Swimming | Swimming Dulwich,True,0.0,Dulwich Leisure Centre,SE22 9HB,Southwark,51.460601,-0.071419,21:00,21:45,Friday,1,False,https://southwarkleisure.co.uk/centres/dulwich-leisure-centre/
SLL_Southwark_1633,London Venue,SLL_Southwark,Lane Swim - Slow 45 Min,Swimming,Swimming | Swimming Dulwich,False,2.5,Dulwich Leisure Centre,SE22 9HB,Southwark,51.460601,-0.071419,21:00,21:45,Monday,1,False,https://southwarkleisure.co.uk/centres/dulwich-leisure-centre/
SLL_Southwark_1634,London Venue,SLL_Southwark,Lane Swim - Slow,Swimming,Swimming | Swimming Peckham,False,2.5,Peckham Pulse Leisure Centre,SE15 5QN,Southwark,51.474074,-0.070885,15:00,16:00,Wednesday,1,False,https://southwarkleisure.co.uk/centres/peckham-pulse-leisure-centre/
SLL_Southwark_1635,London Venue,SLL_Southwark,Gymfluence – Supervised,Gym / Fitness,Gymfluence | Gymfluence Surrey Docks,False,9.7,Surrey Docks Fitness & Water Sports,SE16 7SX,Southwark,51.493796,-0.039449,07:00,08:00,Friday,1,False,https://southwarkleisure.co.uk/centres/surrey-docks-fitness-and-watersports-centre/
SLL_Southwark_1636,London Venue,SLL_Southwark,Lane Swim - Slow,Swimming,Swimming | Swimming Peckham,False,2.5,Peckham Pulse Leisure Centre,SE15 5QN,Southwark,51.474074,-0.070885,12:00,13:30,Thursday,1,False,https://southwarkleisure.co.uk/centres/peckham-pulse-leisure-centre/
SLL_Southwark_1637,London Venue,SLL_Southwark,Gymfluence – Supervised,Gym / Fitness,Gymfluence | Gymfluence Canada Water,False,4.0,Canada Water Leisure Cent,,Southwark,,,14:00,15:00,Thursday,1,False,
SLL_Southwark_1638,London Venue,SLL_Southwark,Gym Session + Silver,Gym / Fitness,Gym | Gym Peckham,False,9.7,Peckham Pulse Leisure Centre,SE15 5QN,Southwark,51.474074,-0.070885,14:00,15:00,Thursday,1,False,https://southwarkleisure.co.uk/centres/peckham-pulse-leisure-centre/
SLL_Southwark_1639,London Venue,SLL_Southwark,Public Swim,Swimming,Swimming | Swimming Castle,True,0.0,The Castle Centre,SE1 6FG,Southwark,51.4935,-0.1024,15:00,15:50,Wednesday,1,False,https://southwarkleisure.co.uk/centres/the-castle-centre/
SLL_Southwark_1640,London Venue,SLL_Southwark,Lane Swim - Medium,Swimming,Swimming | Swimming Canada Water,True,0.0,Canada Water Leisure Cent,,Southwark,,,13:00,13:55,Saturday,1,False,
SLL_Southwark_1641,London Venue,SLL_Southwark,Lane Swim - Slow,Swimming,Swimming | Swimming Canada Water,True,0.0,Canada Water Leisure Cent,,Southwark,,,13:00,13:55,Saturday,1,False,
SLL_Southwark_1642,London Venue,SLL_Southwark,Gymfluence – Supervised,Gym / Fitness,Gymfluence | Gymfluence Surrey Docks,False,9.7,Surrey Docks Fitness & Water Sports,SE16 7SX,Southwark,51.493796,-0.039449,09:00,10:00,Friday,1,False,https://southwarkleisure.co.uk/centres/surrey-docks-fitness-and-watersports-centre/
SLL_Southwark_1643,London Venue,SLL_Southwark,Public Swim,Swimming,Swimming | Swimming Peckham,True,0.0,Peckham Pulse Leisure Centre,SE15 5QN,Southwark,51.474074,-0.070885,19:00,20:00,Monday,1,False,https://southwarkleisure.co.uk/centres/peckham-pulse-leisure-centre/
SLL_Southwark_1644,London Venue,SLL_Southwark,Lane Swim - Slow,Swimming,Swimming | Swimming Castle,True,0.0,The Castle Centre,SE1 6FG,Southwark,51.4935,-0.1024,08:00,08:55,Sunday,1,False,https://southwarkleisure.co.uk/centres/the-castle-centre/
SLL_Southwark_1645,London Venue,SLL_Southwark,Gymfluence – Supervised,Gym / Fitness,Gymfluence | Gymfluence Surrey Docks,False,4.0,Surrey Docks Fitness & Water Sports,SE16 7SX,Southwark,51.493796,-0.039449,08:00,09:00,Saturday,1,False,https://southwarkleisure.co.uk/centres/surrey-docks-fitness-and-watersports-centre/
SLL_Southwark_1646,London Venue,SLL_Southwark,Gymfluence – Supervised,Gym / Fitness,Gymfluence | Gymfluence Castle,False,4.0,The Castle Centre,SE1 6FG,Southwark,51.4935,-0.1024,15:00,16:00,Wednesday,1,False,https://southwarkleisure.co.uk/centres/the-castle-centre/
SLL_Southwark_1647,London Venue,SLL_Southwark,Family Swim,Swimming,Swimming | Swimming Castle,True,0.0,The Castle Centre,SE1 6FG,Southwark,51.4935,-0.1024,15:00,15:55,Sunday,1,False,https://southwarkleisure.co.uk/centres/the-castle-centre/
SLL_Southwark_1648,London Venue,SLL_Southwark,Adult Bubbles,Swimming,Swimming | Swimming Peckham,True,0.0,Peckham Pulse Leisure Centre,SE15 5QN,Southwark,51.474074,-0.070885,21:00,21:45,Friday,1,False,https://southwarkleisure.co.uk/centres/peckham-pulse-leisure-centre/
SLL_Southwark_1649,London Venue,SLL_Southwark,Gymfluence – Supervised,Gym / Fitness,Gymfluence | Gymfluence Surrey Docks,False,9.7,Surrey Docks Fitness & Water Sports,SE16 7SX,Southwark,51.493796,-0.039449,10:00,11:00,Friday,1,False,https://southwarkleisure.co.uk/centres/surrey-docks-fitness-and-watersports-centre/
SLL_Southwark_1650,London Venue,SLL_Southwark,Gymfluence – Supervised,Gym / Fitness,Gymfluence | Gymfluence Camberwell,False,9.7,Camberwell Leisure Centre,SE5 8TS,Southwark,51.47422,-0.09051,08:00,09:00,Friday,1,False,https://southwarkleisure.co.uk/centres/camberwell-leisure-centre/
SLL_Southwark_1651,London Venue,SLL_Southwark,Gymfluence  - Instructor,Gym / Fitness,Gymfluence | Gymfluence Dulwich,False,4.0,Dulwich Leisure Centre,SE22 9HB,Southwark,51.460601,-0.071419,16:30,17:30,Wednesday,1,False,https://southwarkleisure.co.uk/centres/dulwich-leisure-centre/
SLL_Southwark_1652,London Venue,SLL_Southwark,Group Gym Induction,Gym / Fitness,Gym | Gym Dulwich,True,0.0,Dulwich Leisure Centre,SE22 9HB,Southwark,51.460601,-0.071419,17:30,18:15,Wednesday,1,False,https://southwarkleisure.co.uk/centres/dulwich-leisure-centre/
SLL_Southwark_1653,London Venue,SLL_Southwark,Lane Swim - Slow,Swimming,Swimming | Swimming Dulwich,False,2.5,Dulwich Leisure Centre,SE22 9HB,Southwark,51.460601,-0.071419,06:30,07:30,Monday,1,False,https://southwarkleisure.co.uk/centres/dulwich-leisure-centre/
SLL_Southwark_1654,London Venue,SLL_Southwark,Lane Swim - Slow,Swimming,Swimming | Swimming Canada Water,True,0.0,Canada Water Leisure Cent,,Southwark,,,15:00,15:55,Tuesday,1,False,
SLL_Southwark_1655,London Venue,SLL_Southwark,Lane Swim - Fast,Swimming,Swimming | Swimming Canada Water,True,0.0,Canada Water Leisure Cent,,Southwark,,,21:00,21:45,Tuesday,1,False,
SLL_Southwark_1656,London Venue,SLL_Southwark,Lane Swim - Fast,Swimming,Swimming | Swimming Peckham,False,2.5,Peckham Pulse Leisure Centre,SE15 5QN,Southwark,51.474074,-0.070885,07:30,09:00,Tuesday,1,False,https://southwarkleisure.co.uk/centres/peckham-pulse-leisure-centre/
SLL_Southwark_1657,London Venue,SLL_Southwark,Lane Swim - Slow,Swimming,Swimming | Swimming Castle,True,0.0,The Castle Centre,SE1 6FG,Southwark,51.4935,-0.1024,19:00,19:55,Wednesday,1,False,https://southwarkleisure.co.uk/centres/the-castle-centre/
SLL_Southwark_1658,London Venue,SLL_Southwark,Gymfluence – Supervised,Gym / Fitness,Gymfluence | Gymfluence Surrey Docks,False,9.7,Surrey Docks Fitness & Water Sports,SE16 7SX,Southwark,51.493796,-0.039449,11:00,12:00,Friday,1,False,https://southwarkleisure.co.uk/centres/surrey-docks-fitness-and-watersports-centre/
SLL_Southwark_1659,London Venue,SLL_Southwark,Lane Swim - Medium,Swimming,Swimming | Swimming Canada Water,True,0.0,Canada Water Leisure Cent,,Southwark,,,17:00,17:45,Saturday,1,False,
SLL_Southwark_1660,London Venue,SLL_Southwark,Gymfluence – Supervised,Gym / Fitness,Gymfluence | Gymfluence Peckham,False,4.0,Peckham Pulse Leisure Centre,SE15 5QN,Southwark,51.474074,-0.070885,07:00,08:00,Thursday,1,False,https://southwarkleisure.co.uk/centres/peckham-pulse-leisure-centre/
SLL_Southwark_1661,London Venue,SLL_Southwark,Gymfluence  - Instructor,Gym / Fitness,Gymfluence | Gymfluence Dulwich,False,4.0,Dulwich Leisure Centre,SE22 9HB,Southwark,51.460601,-0.071419,15:30,16:30,Monday,1,False,https://southwarkleisure.co.uk/centres/dulwich-leisure-centre/
SLL_Southwark_1662,London Venue,SLL_Southwark,Gymfluence  - Instructor,Gym / Fitness,Gymfluence | Gymfluence Dulwich,False,4.0,Dulwich Leisure Centre,SE22 9HB,Southwark,51.460601,-0.071419,16:30,17:30,Monday,1,False,https://southwarkleisure.co.uk/centres/dulwich-leisure-centre/
SLL_Southwark_1663,London Venue,SLL_Southwark,Lane Swim - Med,Swimming,Swimming | Swimming Dulwich,False,2.5,Dulwich Leisure Centre,SE22 9HB,Southwark,51.460601,-0.071419,07:00,08:00,"Sunday, Saturday",1,False,https://southwarkleisure.co.uk/centres/dulwich-leisure-centre/
SLL_Southwark_1664,London Venue,SLL_Southwark,Gym Session,Gym / Fitness,Gym | Gym Castle,False,9.7,The Castle Centre,SE1 6FG,Southwark,51.4935,-0.1024,15:00,16:00,Wednesday,1,False,https://southwarkleisure.co.uk/centres/the-castle-centre/
SLL_Southwark_1665,London Venue,SLL_Southwark,Lane Swim - Med,Swimming,Swimming | Swimming Castle,True,0.0,The Castle Centre,SE1 6FG,Southwark,51.4935,-0.1024,13:00,13:55,Thursday,1,False,https://southwarkleisure.co.uk/centres/the-castle-centre/
SLL_Southwark_1666,London Venue,SLL_Southwark,Public Swim,Swimming,Swimming | Swimming Canada Water,True,0.0,Canada Water Leisure Cent,,Southwark,,,17:00,17:55,Wednesday,1,False,
SLL_Southwark_1667,London Venue,SLL_Southwark,Lane Swim - Fast,Swimming,Swimming | Swimming Canada Water,True,0.0,Canada Water Leisure Cent,,Southwark,,,15:00,15:55,Wednesday,1,False,
SLL_Southwark_1668,London Venue,SLL_Southwark,Gymfluence – Supervised,Gym / Fitness,Gymfluence | Gymfluence Surrey Docks,False,9.7,Surrey Docks Fitness & Water Sports,SE16 7SX,Southwark,51.493796,-0.039449,12:00,13:00,Friday,1,False,https://southwarkleisure.co.uk/centres/surrey-docks-fitness-and-watersports-centre/
SLL_Southwark_1669,London Venue,SLL_Southwark,Lane Swim - Slow,Swimming,Swimming | Swimming Peckham,False,2.5,Peckham Pulse Leisure Centre,SE15 5QN,Southwark,51.474074,-0.070885,06:30,07:30,Tuesday,1,False,https://southwarkleisure.co.uk/centres/peckham-pulse-leisure-centre/
SLL_Southwark_1670,London Venue,SLL_Southwark,Gymfluence – Supervised,Gym / Fitness,Gymfluence | Gymfluence Canada Water,False,9.7,Canada Water Leisure Cent,,Southwark,,,15:00,16:00,Saturday,1,False,
SLL_Southwark_1671,London Venue,SLL_Southwark,Gym Session,Gym / Fitness,Gym | Gym Dulwich,False,9.7,Dulwich Leisure Centre,SE22 9HB,Southwark,51.460601,-0.071419,15:00,16:00,Wednesday,1,False,https://southwarkleisure.co.uk/centres/dulwich-leisure-centre/
SLL_Southwark_1672,London Venue,SLL_Southwark,Gymfluence – Supervised,Gym / Fitness,Gymfluence | Gymfluence Castle,False,4.0,The Castle Centre,SE1 6FG,Southwark,51.4935,-0.1024,08:00,09:00,Tuesday,1,False,https://southwarkleisure.co.uk/centres/the-castle-centre/
SLL_Southwark_1673,London Venue,SLL_Southwark,Lane Swim - Medium,Swimming,Swimming | Swimming Canada Water,True,0.0,Canada Water Leisure Cent,,Southwark,,,21:00,21:45,Tuesday,1,False,
SLL_Southwark_1674,London Venue,SLL_Southwark,Lane Swim Slow,Swimming,Swimming | Swimming Peckham,False,2.5,Peckham Pulse Leisure Centre,SE15 5QN,Southwark,51.474074,-0.070885,20:00,21:00,,1,False,https://southwarkleisure.co.uk/centres/peckham-pulse-leisure-centre/
SLL_Southwark_1675,London Venue,SLL_Southwark,Lane Swim - Slow,Swimming,Swimming | Swimming Peckham,False,2.5,Peckham Pulse Leisure Centre,SE15 5QN,Southwark,51.474074,-0.070885,07:30,08:30,Wednesday,1,False,https://southwarkleisure.co.uk/centres/peckham-pulse-leisure-centre/
SLL_Southwark_1676,London Venue,SLL_Southwark,Gymfluence – Supervised,Gym / Fitness,Gymfluence | Gymfluence Surrey Docks,False,9.7,Surrey Docks Fitness & Water Sports,SE16 7SX,Southwark,51.493796,-0.039449,13:00,14:00,Friday,1,False,https://southwarkleisure.co.uk/centres/surrey-docks-fitness-and-watersports-centre/
SLL_Southwark_1677,London Venue,SLL_Southwark,Gymfluence – Supervised,Gym / Fitness,Gymfluence | Gymfluence Surrey Docks,False,4.0,Surrey Docks Fitness & Water Sports,SE16 7SX,Southwark,51.493796,-0.039449,15:00,16:00,Wednesday,1,False,https://southwarkleisure.co.uk/centres/surrey-docks-fitness-and-watersports-centre/
SLL_Southwark_1678,London Venue,SLL_Southwark,Lane Swim - Slow,Swimming,Swimming | Swimming Canada Water,True,0.0,Canada Water Leisure Cent,,Southwark,,,21:00,21:45,Tuesday,1,False,
SLL_Southwark_1679,London Venue,SLL_Southwark,Public Swim,Swimming,Swimming | Swimming Canada Water,True,0.0,Canada Water Leisure Cent,,Southwark,,,13:30,15:00,Tuesday,1,False,
SLL_Southwark_1680,London Venue,SLL_Southwark,Gym Session,Gym / Fitness,Gym | Gym Surrey Docks,False,9.7,Surrey Docks Fitness & Water Sports,SE16 7SX,Southwark,51.493796,-0.039449,11:00,12:00,Tuesday,1,False,https://southwarkleisure.co.uk/centres/surrey-docks-fitness-and-watersports-centre/
SLL_Southwark_1681,London Venue,SLL_Southwark,Gymfluence  - Instructor,Gym / Fitness,Gymfluence | Gymfluence Canada Water,False,4.0,Canada Water Leisure Cent,,Southwark,,,16:30,17:30,Tuesday,1,False,
SLL_Southwark_1682,London Venue,SLL_Southwark,Track Visit,Walking / Running,Athletics | Athletics Track Casual,False,1.2000000000000002,Southwark Athletics Track,SE16 2PE,Southwark,51.4924,-0.0512,14:00,15:00,Saturday,1,False,https://southwarkleisure.co.uk/centres/southwark-park-sports-and-athletics-centre/
SLL_Southwark_1683,London Venue,SLL_Southwark,Lane Swim - Fast,Swimming,Swimming | Swimming Dulwich,False,2.5,Dulwich Leisure Centre,SE22 9HB,Southwark,51.460601,-0.071419,07:30,08:30,,1,False,https://southwarkleisure.co.uk/centres/dulwich-leisure-centre/
SLL_Southwark_1684,London Venue,SLL_Southwark,Gymfluence – Supervised,Gym / Fitness,Gymfluence | Gymfluence Surrey Docks,False,4.0,Surrey Docks Fitness & Water Sports,SE16 7SX,Southwark,51.493796,-0.039449,11:00,12:00,Sunday,1,False,https://southwarkleisure.co.uk/centres/surrey-docks-fitness-and-watersports-centre/
SLL_Southwark_1685,London Venue,SLL_Southwark,Public Swim,Swimming,Swimming | Swimming Peckham,True,0.0,Peckham Pulse Leisure Centre,SE15 5QN,Southwark,51.474074,-0.070885,10:00,11:00,Saturday,1,False,https://southwarkleisure.co.uk/centres/peckham-pulse-leisure-centre/
SLL_Southwark_1686,London Venue,SLL_Southwark,Lane Swim - Med 45 Min,Swimming,Swimming | Swimming Dulwich,False,2.5,Dulwich Leisure Centre,SE22 9HB,Southwark,51.460601,-0.071419,12:45,13:30,Monday,1,False,https://southwarkleisure.co.uk/centres/dulwich-leisure-centre/
SLL_Southwark_1687,London Venue,SLL_Southwark,Silver Gym Session,Gym / Fitness,Gym | Gym Camberwell,False,9.7,Camberwell Leisure Centre,SE5 8TS,Southwark,51.47422,-0.09051,08:00,09:00,,1,False,https://southwarkleisure.co.uk/centres/camberwell-leisure-centre/
SLL_Southwark_1688,London Venue,SLL_Southwark,Gym Session,Gym / Fitness,Gym | Gym Track,False,9.7,Southwark Athletics Track,SE16 2PE,Southwark,51.4924,-0.0512,15:00,16:00,Wednesday,1,False,https://southwarkleisure.co.uk/centres/southwark-park-sports-and-athletics-centre/
SLL_Southwark_1689,London Venue,SLL_Southwark,Lane Swim - 45 Min Fast,Swimming,Swimming | Swimming Dulwich,False,2.5,Dulwich Leisure Centre,SE22 9HB,Southwark,51.460601,-0.071419,12:45,13:30,Thursday,1,False,https://southwarkleisure.co.uk/centres/dulwich-leisure-centre/
SLL_Southwark_1690,London Venue,SLL_Southwark,Gymfluence – Supervised,Gym / Fitness,Gymfluence | Gymfluence Surrey Docks,False,4.0,Surrey Docks Fitness & Water Sports,SE16 7SX,Southwark,51.493796,-0.039449,15:00,16:00,Saturday,1,False,https://southwarkleisure.co.uk/centres/surrey-docks-fitness-and-watersports-centre/
SLL_Southwark_1691,London Venue,SLL_Southwark,Lane Swim - Fast,Swimming,Swimming | Swimming Canada Water,True,0.0,Canada Water Leisure Cent,,Southwark,,,21:00,21:45,Thursday,1,False,
SLL_Southwark_1692,London Venue,SLL_Southwark,Lane Swim - Medium,Swimming,Swimming | Swimming Canada Water,True,0.0,Canada Water Leisure Cent,,Southwark,,,21:00,21:45,Thursday,1,False,
SLL_Southwark_1693,London Venue,SLL_Southwark,Gymfluence - Instructor,Gym / Fitness,Gymfluence | Gymfluence Castle,False,4.0,The Castle Centre,SE1 6FG,Southwark,51.4935,-0.1024,15:30,16:30,Monday,1,False,https://southwarkleisure.co.uk/centres/the-castle-centre/
SLL_Southwark_1694,London Venue,SLL_Southwark,Public Swim,Swimming,Swimming | Swimming Castle,True,0.0,The Castle Centre,SE1 6FG,Southwark,51.4935,-0.1024,19:00,19:50,"Sunday, Friday",1,False,https://southwarkleisure.co.uk/centres/the-castle-centre/
SLL_Southwark_1695,London Venue,SLL_Southwark,Gym Session,Gym / Fitness,Gym | Gym Track,False,9.7,Southwark Athletics Track,SE16 2PE,Southwark,51.4924,-0.0512,11:00,12:00,Tuesday,1,False,https://southwarkleisure.co.uk/centres/southwark-park-sports-and-athletics-centre/
SLL_Southwark_1696,London Venue,SLL_Southwark,Gymfluence – Supervised,Gym / Fitness,Gymfluence | Gymfluence Surrey Docks,False,4.0,Surrey Docks Fitness & Water Sports,SE16 7SX,Southwark,51.493796,-0.039449,07:00,08:00,Tuesday,1,False,https://southwarkleisure.co.uk/centres/surrey-docks-fitness-and-watersports-centre/
SLL_Southwark_1697,London Venue,SLL_Southwark,Public Swim,Swimming,Swimming | Swimming Castle,True,0.0,The Castle Centre,SE1 6FG,Southwark,51.4935,-0.1024,12:00,13:00,Monday,1,False,https://southwarkleisure.co.uk/centres/the-castle-centre/
SLL_Southwark_1698,London Venue,SLL_Southwark,Gymfluence – Supervised,Gym / Fitness,Gymfluence | Gymfluence Canada Water,False,4.0,Canada Water Leisure Cent,,Southwark,,,21:00,22:00,Wednesday,1,False,
SLL_Southwark_1699,London Venue,SLL_Southwark,Gymfluence – Supervised,Gym / Fitness,Gymfluence | Gymfluence Camberwell,False,4.0,Camberwell Leisure Centre,SE5 8TS,Southwark,51.47422,-0.09051,07:00,08:00,Wednesday,1,False,https://southwarkleisure.co.uk/centres/camberwell-leisure-centre/
SLL_Southwark_1700,London Venue,SLL_Southwark,Lane Swim - Fast,Swimming,Swimming | Swimming Peckham,True,0.0,Peckham Pulse Leisure Centre,SE15 5QN,Southwark,51.474074,-0.070885,12:00,13:30,Friday,1,False,https://southwarkleisure.co.uk/centres/peckham-pulse-leisure-centre/
SLL_Southwark_1701,London Venue,SLL_Southwark,Lane Swim - Med 45 Min,Swimming,Swimming | Swimming Dulwich,False,2.5,Dulwich Leisure Centre,SE22 9HB,Southwark,51.460601,-0.071419,12:45,13:30,Thursday,1,False,https://southwarkleisure.co.uk/centres/dulwich-leisure-centre/
SLL_Southwark_1702,London Venue,SLL_Southwark,Vulnerable Disability,Swimming,Swimming | Swimming Peckham,False,2.5,Peckham Pulse Leisure Centre,SE15 5QN,Southwark,51.474074,-0.070885,20:00,21:00,Friday,1,False,https://southwarkleisure.co.uk/centres/peckham-pulse-leisure-centre/
SLL_Southwark_1703,London Venue,SLL_Southwark,Lane Swim - Med,Swimming,Swimming | Swimming Seven Islands,False,2.5,Seven Islands Leisure Centre,SE16 2TU,Southwark,51.496010000000005,-0.05255,19:00,20:00,Wednesday,1,False,https://southwarkleisure.co.uk/centres/seven-islands-leisure-centre/
SLL_Southwark_1704,London Venue,SLL_Southwark,Public Swim,Swimming,Swimming | Swimming Castle,True,0.0,The Castle Centre,SE1 6FG,Southwark,51.4935,-0.1024,16:00,16:55,Sunday,1,False,https://southwarkleisure.co.uk/centres/the-castle-centre/
SLL_Southwark_1705,London Venue,SLL_Southwark,Lane Swim - Slow,Swimming,Swimming | Swimming Castle,True,0.0,The Castle Centre,SE1 6FG,Southwark,51.4935,-0.1024,13:00,13:55,Thursday,1,False,https://southwarkleisure.co.uk/centres/the-castle-centre/
SLL_Southwark_1706,London Venue,SLL_Southwark,Soft Play Session 0-8 Yr,Other / Unspecified,Soft | Soft Play Peckham,False,3.6,Peckham Pulse Leisure Centre,SE15 5QN,Southwark,51.474074,-0.070885,09:00,10:00,"Sunday, Monday, Tuesday, Wednesday, Thursday, Friday, Saturday",1,False,https://southwarkleisure.co.uk/centres/peckham-pulse-leisure-centre/
SLL_Southwark_1707,London Venue,SLL_Southwark,Egym Induction,Gym / Fitness,Gym | Gym Peckham,True,0.0,Peckham Pulse Leisure Centre,SE15 5QN,Southwark,51.474074,-0.070885,17:30,18:00,Wednesday,1,False,https://southwarkleisure.co.uk/centres/peckham-pulse-leisure-centre/
SLL_Southwark_1708,London Venue,SLL_Southwark,Gymfluence – Supervised,Gym / Fitness,Gymfluence | Gymfluence Canada Water,False,9.7,Canada Water Leisure Cent,,Southwark,,,15:00,16:00,Friday,1,False,
SLL_Southwark_1709,London Venue,SLL_Southwark,Egym Intro,Gym / Fitness,Gym | Gym Peckham,True,0.0,Peckham Pulse Leisure Centre,SE15 5QN,Southwark,51.474074,-0.070885,17:30,18:00,Monday,1,False,https://southwarkleisure.co.uk/centres/peckham-pulse-leisure-centre/
SLL_Southwark_1710,London Venue,SLL_Southwark,Gymfluence – Supervised,Gym / Fitness,Gymfluence | Gymfluence Castle,False,4.0,The Castle Centre,SE1 6FG,Southwark,51.4935,-0.1024,13:00,14:00,Tuesday,1,False,https://southwarkleisure.co.uk/centres/the-castle-centre/
SLL_Southwark_1711,London Venue,SLL_Southwark,Gymfluence - Instructor,Gym / Fitness,Gymfluence | Gymfluence Castle,False,4.0,The Castle Centre,SE1 6FG,Southwark,51.4935,-0.1024,16:30,17:30,Monday,1,False,https://southwarkleisure.co.uk/centres/the-castle-centre/
SLL_Southwark_1712,London Venue,SLL_Southwark,Gymfluence - Instructor,Gym / Fitness,Gymfluence | Gymfluence Castle,False,4.0,The Castle Centre,SE1 6FG,Southwark,51.4935,-0.1024,15:30,16:30,Tuesday,1,False,https://southwarkleisure.co.uk/centres/the-castle-centre/
SLL_Southwark_1713,London Venue,SLL_Southwark,Family Disability Swim,Swimming,Swimming | Swimming Peckham,False,2.5,Peckham Pulse Leisure Centre,SE15 5QN,Southwark,51.474074,-0.070885,15:00,16:00,Friday,1,False,https://southwarkleisure.co.uk/centres/peckham-pulse-leisure-centre/
SLL_Southwark_1714,London Venue,SLL_Southwark,Gymfluence – Supervised,Gym / Fitness,Gymfluence | Gymfluence Castle,False,9.7,The Castle Centre,SE1 6FG,Southwark,51.4935,-0.1024,14:00,15:00,Saturday,1,False,https://southwarkleisure.co.uk/centres/the-castle-centre/
SLL_Southwark_1715,London Venue,SLL_Southwark,Silver Gym Session,Gym / Fitness,Gym | Gym Canada Water,False,9.7,Canada Water Leisure Cent,,Southwark,,,15:00,16:00,Thursday,1,False,
SLL_Southwark_1716,London Venue,SLL_Southwark,Lane Swim - Med,Swimming,Swimming | Swimming Castle,True,0.0,The Castle Centre,SE1 6FG,Southwark,51.4935,-0.1024,13:00,13:55,Wednesday,1,False,https://southwarkleisure.co.uk/centres/the-castle-centre/
SLL_Southwark_1717,London Venue,SLL_Southwark,Gymfluence – Supervised,Gym / Fitness,Gymfluence | Gymfluence Canada Water,False,9.7,Canada Water Leisure Cent,,Southwark,,,18:00,19:00,Sunday,1,False,
SLL_Southwark_1718,London Venue,SLL_Southwark,Gym Session,Gym / Fitness,Gym | Gym Surrey Docks,False,9.7,Surrey Docks Fitness & Water Sports,SE16 7SX,Southwark,51.493796,-0.039449,08:00,09:00,,1,False,https://southwarkleisure.co.uk/centres/surrey-docks-fitness-and-watersports-centre/
SLL_Southwark_1719,London Venue,SLL_Southwark,Lane Swim - Slow,Swimming,Swimming | Swimming Peckham,False,2.5,Peckham Pulse Leisure Centre,SE15 5QN,Southwark,51.474074,-0.070885,13:00,14:00,Saturday,1,False,https://southwarkleisure.co.uk/centres/peckham-pulse-leisure-centre/
SLL_Southwark_1720,London Venue,SLL_Southwark,Lane Swim - Slow,Swimming,Swimming | Swimming Peckham,True,0.0,Peckham Pulse Leisure Centre,SE15 5QN,Southwark,51.474074,-0.070885,19:00,20:00,Sunday,1,False,https://southwarkleisure.co.uk/centres/peckham-pulse-leisure-centre/
SLL_Southwark_1721,London Venue,SLL_Southwark,Lane Swim - Medium,Swimming,Swimming | Swimming Canada Water,True,0.0,Canada Water Leisure Cent,,Southwark,,,06:30,07:25,Monday,1,False,
SLL_Southwark_1722,London Venue,SLL_Southwark,Lane Swim - Slow,Swimming,Swimming | Swimming Canada Water,True,0.0,Canada Water Leisure Cent,,Southwark,,,06:30,07:25,Monday,1,False,
SLL_Southwark_1723,London Venue,SLL_Southwark,Lane Swim - Medium,Swimming,Swimming | Swimming Canada Water,True,0.0,Canada Water Leisure Cent,,Southwark,,,19:00,19:55,Sunday,1,False,
SLL_Southwark_1724,London Venue,SLL_Southwark,Track Visit,Walking / Running,Athletics | Athletics Track Casual,False,1.2000000000000002,Southwark Athletics Track,SE16 2PE,Southwark,51.4924,-0.0512,14:00,15:00,Sunday,1,False,https://southwarkleisure.co.uk/centres/southwark-park-sports-and-athletics-centre/
SLL_Southwark_1725,London Venue,SLL_Southwark,Gymfluence – Supervised,Gym / Fitness,Gymfluence | Gymfluence Canada Water,False,4.0,Canada Water Leisure Cent,,Southwark,,,16:00,17:00,Wednesday,1,False,
SLL_Southwark_1726,London Venue,SLL_Southwark,Lane Swim - Slow,Swimming,Swimming | Swimming Peckham,False,2.5,Peckham Pulse Leisure Centre,SE15 5QN,Southwark,51.474074,-0.070885,15:00,16:00,Thursday,1,False,https://southwarkleisure.co.uk/centres/peckham-pulse-leisure-centre/
SLL_Southwark_1727,London Venue,SLL_Southwark,Gymfluence – Supervised,Gym / Fitness,Gymfluence | Gymfluence Surrey Docks,False,4.0,Surrey Docks Fitness & Water Sports,SE16 7SX,Southwark,51.493796,-0.039449,15:00,16:00,Monday,1,False,https://southwarkleisure.co.uk/centres/surrey-docks-fitness-and-watersports-centre/
SLL_Southwark_1728,London Venue,SLL_Southwark,U5 Fun Swim,Swimming,Swimming | Swimming Peckham,True,0.0,Peckham Pulse Leisure Centre,SE15 5QN,Southwark,51.474074,-0.070885,13:00,14:00,Sunday,1,False,https://southwarkleisure.co.uk/centres/peckham-pulse-leisure-centre/
SLL_Southwark_1729,London Venue,SLL_Southwark,Gymfluence – Supervised,Gym / Fitness,Gymfluence | Gymfluence Castle,False,4.0,The Castle Centre,SE1 6FG,Southwark,51.4935,-0.1024,07:00,08:00,Sunday,1,False,https://southwarkleisure.co.uk/centres/the-castle-centre/
SLL_Southwark_1730,London Venue,SLL_Southwark,Lane Swim - Fast,Swimming,Swimming | Swimming Canada Water,True,0.0,Canada Water Leisure Cent,,Southwark,,,19:00,19:55,Sunday,1,False,
SLL_Southwark_1731,London Venue,SLL_Southwark,Track Visit,Walking / Running,Athletics | Athletics Track Casual,False,1.2000000000000002,Southwark Athletics Track,SE16 2PE,Southwark,51.4924,-0.0512,16:00,17:00,Saturday,1,False,https://southwarkleisure.co.uk/centres/southwark-park-sports-and-athletics-centre/
SLL_Southwark_1732,London Venue,SLL_Southwark,Gymfluence – Supervised,Gym / Fitness,Gymfluence | Gymfluence Castle,False,4.0,The Castle Centre,SE1 6FG,Southwark,51.4935,-0.1024,06:30,07:00,Tuesday,1,False,https://southwarkleisure.co.uk/centres/the-castle-centre/
SLL_Southwark_1733,London Venue,SLL_Southwark,Gymfluence – Supervised,Gym / Fitness,Gymfluence | Gymfluence Castle,False,4.0,The Castle Centre,SE1 6FG,Southwark,51.4935,-0.1024,18:00,19:00,Friday,1,False,https://southwarkleisure.co.uk/centres/the-castle-centre/
SLL_Southwark_1734,London Venue,SLL_Southwark,Lane Swim - Fast,Swimming,Swimming | Swimming Canada Water,True,0.0,Canada Water Leisure Cent,,Southwark,,,21:00,21:45,Friday,1,False,
SLL_Southwark_1735,London Venue,SLL_Southwark,Lane Swim - Fast,Swimming,Swimming | Swimming Canada Water,True,0.0,Canada Water Leisure Cent,,Southwark,,,06:30,07:25,Friday,1,False,
SLL_Southwark_1736,London Venue,SLL_Southwark,Lane Swim - Fast,Swimming,Swimming | Swimming Canada Water,True,0.0,Canada Water Leisure Cent,,Southwark,,,06:30,07:25,Thursday,1,False,
SLL_Southwark_1737,London Venue,SLL_Southwark,Gymfluence – Supervised,Gym / Fitness,Gymfluence | Gymfluence Canada Water,False,4.0,Canada Water Leisure Cent,,Southwark,,,15:00,16:00,Thursday,1,False,
SLL_Southwark_1738,London Venue,SLL_Southwark,Gym Session,Gym / Fitness,Gym | Gym Surrey Docks,False,9.7,Surrey Docks Fitness & Water Sports,SE16 7SX,Southwark,51.493796,-0.039449,15:00,16:00,Thursday,1,False,https://southwarkleisure.co.uk/centres/surrey-docks-fitness-and-watersports-centre/
SLL_Southwark_1739,London Venue,SLL_Southwark,Women Only Swim,Swimming,Swimming | Swimming Peckham,True,0.0,Peckham Pulse Leisure Centre,SE15 5QN,Southwark,51.474074,-0.070885,11:00,12:00,Friday,1,False,https://southwarkleisure.co.uk/centres/peckham-pulse-leisure-centre/
SLL_Southwark_1740,London Venue,SLL_Southwark,Gymfluence – Supervised,Gym / Fitness,Gymfluence | Gymfluence Canada Water,False,9.7,Canada Water Leisure Cent,,Southwark,,,17:00,18:00,Saturday,1,False,
SLL_Southwark_1741,London Venue,SLL_Southwark,Lane Swim - Slow,Swimming,Swimming | Swimming Peckham,False,2.5,Peckham Pulse Leisure Centre,SE15 5QN,Southwark,51.474074,-0.070885,20:00,21:00,Tuesday,1,False,https://southwarkleisure.co.uk/centres/peckham-pulse-leisure-centre/
SLL_Southwark_1742,London Venue,SLL_Southwark,Gym Session,Gym / Fitness,Gym | Gym Track,False,9.7,Southwark Athletics Track,SE16 2PE,Southwark,51.4924,-0.0512,12:00,13:00,Tuesday,1,False,https://southwarkleisure.co.uk/centres/southwark-park-sports-and-athletics-centre/
SLL_Southwark_1743,London Venue,SLL_Southwark,Gymfluence – Supervised,Gym / Fitness,Gymfluence | Gymfluence Surrey Docks,False,4.0,Surrey Docks Fitness & Water Sports,SE16 7SX,Southwark,51.493796,-0.039449,15:00,16:00,Thursday,1,False,https://southwarkleisure.co.uk/centres/surrey-docks-fitness-and-watersports-centre/
SLL_Southwark_1744,London Venue,SLL_Southwark,Lane Swim - Fast,Swimming,Swimming | Swimming Peckham,False,2.5,Peckham Pulse Leisure Centre,SE15 5QN,Southwark,51.474074,-0.070885,12:00,13:30,Thursday,1,False,https://southwarkleisure.co.uk/centres/peckham-pulse-leisure-centre/
SLL_Southwark_1745,London Venue,SLL_Southwark,Gym Session,Gym / Fitness,Gym | Gym Track,False,9.7,Southwark Athletics Track,SE16 2PE,Southwark,51.4924,-0.0512,15:00,16:00,Thursday,1,False,https://southwarkleisure.co.uk/centres/southwark-park-sports-and-athletics-centre/
SLL_Southwark_1746,London Venue,SLL_Southwark,Egym Full Strength Intro,Gym / Fitness,Gym | Gym Peckham,True,0.0,Peckham Pulse Leisure Centre,SE15 5QN,Southwark,51.474074,-0.070885,08:00,08:30,Thursday,1,False,https://southwarkleisure.co.uk/centres/peckham-pulse-leisure-centre/
SLL_Southwark_1747,London Venue,SLL_Southwark,Gymfluence – Supervised,Gym / Fitness,Gymfluence | Gymfluence Peckham,False,4.0,Peckham Pulse Leisure Centre,SE15 5QN,Southwark,51.474074,-0.070885,14:00,15:00,Thursday,1,False,https://southwarkleisure.co.uk/centres/peckham-pulse-leisure-centre/
SLL_Southwark_1748,London Venue,SLL_Southwark,Gymfluence – Supervised,Gym / Fitness,Gymfluence | Gymfluence Camberwell,False,4.0,Camberwell Leisure Centre,SE5 8TS,Southwark,51.47422,-0.09051,14:00,15:00,Thursday,1,False,https://southwarkleisure.co.uk/centres/camberwell-leisure-centre/
SLL_Southwark_1749,London Venue,SLL_Southwark,Gymfluence – Supervised,Gym / Fitness,Gymfluence | Gymfluence Peckham,False,4.0,Peckham Pulse Leisure Centre,SE15 5QN,Southwark,51.474074,-0.070885,11:00,12:00,Wednesday,1,False,https://southwarkleisure.co.uk/centres/peckham-pulse-leisure-centre/
SLL_Southwark_1750,London Venue,SLL_Southwark,Gymfluence – Supervised,Gym / Fitness,Gymfluence | Gymfluence Camberwell,False,4.0,Camberwell Leisure Centre,SE5 8TS,Southwark,51.47422,-0.09051,11:00,12:00,Monday,1,False,https://southwarkleisure.co.uk/centres/camberwell-leisure-centre/
SLL_Southwark_1751,London Venue,SLL_Southwark,Gymfluence – Supervised,Gym / Fitness,Gymfluence | Gymfluence Camberwell,False,4.0,Camberwell Leisure Centre,SE5 8TS,Southwark,51.47422,-0.09051,12:00,13:00,Monday,1,False,https://southwarkleisure.co.uk/centres/camberwell-leisure-centre/
SLL_Southwark_1752,London Venue,SLL_Southwark,Gymfluence – Supervised,Gym / Fitness,Gymfluence | Gymfluence Camberwell,False,9.7,Camberwell Leisure Centre,SE5 8TS,Southwark,51.47422,-0.09051,09:00,10:00,Friday,1,False,https://southwarkleisure.co.uk/centres/camberwell-leisure-centre/
SLL_Southwark_1753,London Venue,SLL_Southwark,Gymfluence – Supervised,Gym / Fitness,Gymfluence | Gymfluence Castle,False,4.0,The Castle Centre,SE1 6FG,Southwark,51.4935,-0.1024,08:00,09:00,Friday,1,False,https://southwarkleisure.co.uk/centres/the-castle-centre/
SLL_Southwark_1754,London Venue,SLL_Southwark,Gymfluence – Supervised,Gym / Fitness,Gymfluence | Gymfluence Surrey Docks,False,4.0,Surrey Docks Fitness & Water Sports,SE16 7SX,Southwark,51.493796,-0.039449,10:00,11:00,Thursday,1,False,https://southwarkleisure.co.uk/centres/surrey-docks-fitness-and-watersports-centre/
SLL_Southwark_1755,London Venue,SLL_Southwark,Gymfluence – Supervised,Gym / Fitness,Gymfluence | Gymfluence Castle,False,4.0,The Castle Centre,SE1 6FG,Southwark,51.4935,-0.1024,13:00,14:00,Monday,1,False,https://southwarkleisure.co.uk/centres/the-castle-centre/
SLL_Southwark_1756,London Venue,SLL_Southwark,Lane Swim - Slow,Swimming,Swimming | Swimming Canada Water,True,0.0,Canada Water Leisure Cent,,Southwark,,,15:00,15:55,Wednesday,1,False,
SLL_Southwark_1757,London Venue,SLL_Southwark,Gymfluence - Instructor,Gym / Fitness,Gymfluence | Gymfluence Track,False,4.0,Southwark Athletics Track,SE16 2PE,Southwark,51.4924,-0.0512,16:30,17:30,Wednesday,1,False,https://southwarkleisure.co.uk/centres/southwark-park-sports-and-athletics-centre/
SLL_Southwark_1758,London Venue,SLL_Southwark,Gymfluence – Supervised,Gym / Fitness,Gymfluence | Gymfluence Peckham,False,4.0,Peckham Pulse Leisure Centre,SE15 5QN,Southwark,51.474074,-0.070885,08:00,09:00,Thursday,1,False,https://southwarkleisure.co.uk/centres/peckham-pulse-leisure-centre/
SLL_Southwark_1759,London Venue,SLL_Southwark,Gymfluence – Supervised,Gym / Fitness,Gymfluence | Gymfluence Canada Water,False,9.7,Canada Water Leisure Cent,,Southwark,,,13:00,14:00,Friday,1,False,
SLL_Southwark_1760,London Venue,SLL_Southwark,Silver Gym Session,Gym / Fitness,Gym | Gym Canada Water,False,9.7,Canada Water Leisure Cent,,Southwark,,,12:00,13:00,Tuesday,1,False,
SLL_Southwark_1761,London Venue,SLL_Southwark,Gymfluence – Supervised,Gym / Fitness,Gymfluence | Gymfluence Canada Water,False,4.0,Canada Water Leisure Cent,,Southwark,,,12:00,13:00,Tuesday,1,False,
SLL_Southwark_1762,London Venue,SLL_Southwark,Lane Swim - Fast,Swimming,Swimming | Swimming Canada Water,True,0.0,Canada Water Leisure Cent,,Southwark,,,15:00,15:55,Monday,1,False,
SLL_Southwark_1763,London Venue,SLL_Southwark,Gymfluence – Supervised,Gym / Fitness,Gymfluence | Gymfluence Surrey Docks,False,4.0,Surrey Docks Fitness & Water Sports,SE16 7SX,Southwark,51.493796,-0.039449,12:00,13:00,Saturday,1,False,https://southwarkleisure.co.uk/centres/surrey-docks-fitness-and-watersports-centre/
SLL_Southwark_1764,London Venue,SLL_Southwark,Lane Swim - Slow,Swimming,Swimming | Swimming Peckham,True,0.0,Peckham Pulse Leisure Centre,SE15 5QN,Southwark,51.474074,-0.070885,16:00,17:00,Saturday,1,False,https://southwarkleisure.co.uk/centres/peckham-pulse-leisure-centre/
SLL_Southwark_1765,London Venue,SLL_Southwark,Silver Gym Session,Gym / Fitness,Gym | Gym Canada Water,False,9.7,Canada Water Leisure Cent,,Southwark,,,11:00,12:00,Tuesday,1,False,
SLL_Southwark_1766,London Venue,SLL_Southwark,Gymfluence – Supervised,Gym / Fitness,Gymfluence | Gymfluence Canada Water,False,4.0,Canada Water Leisure Cent,,Southwark,,,11:00,12:00,Tuesday,1,False,
SLL_Southwark_1767,London Venue,SLL_Southwark,Track Visit,Walking / Running,Athletics | Athletics Track Casual,False,1.2000000000000002,Southwark Athletics Track,SE16 2PE,Southwark,51.4924,-0.0512,15:00,16:00,Saturday,1,False,https://southwarkleisure.co.uk/centres/southwark-park-sports-and-athletics-centre/
SLL_Southwark_1768,London Venue,SLL_Southwark,Family Fun Swim,Swimming,Swimming | Swimming Canada Water,True,0.0,Canada Water Leisure Cent,,Southwark,,,15:00,15:55,Thursday,1,False,
SLL_Southwark_1769,London Venue,SLL_Southwark,Public Swim,Swimming,Swimming | Swimming Canada Water,True,0.0,Canada Water Leisure Cent,,Southwark,,,16:00,16:55,Wednesday,1,False,
SLL_Southwark_1770,London Venue,SLL_Southwark,Public Swim,Swimming,Swimming | Swimming Seven Islands,True,0.0,Seven Islands Leisure Centre,SE16 2TU,Southwark,51.496010000000005,-0.05255,14:00,15:00,Wednesday,1,False,https://southwarkleisure.co.uk/centres/seven-islands-leisure-centre/
SLL_Southwark_1771,London Venue,SLL_Southwark,Gymfluence – Supervised,Gym / Fitness,Gymfluence | Gymfluence Camberwell,False,9.7,Camberwell Leisure Centre,SE5 8TS,Southwark,51.47422,-0.09051,07:00,08:00,Friday,1,False,https://southwarkleisure.co.uk/centres/camberwell-leisure-centre/
SLL_Southwark_1772,London Venue,SLL_Southwark,Gymfluence – Supervised,Gym / Fitness,Gymfluence | Gymfluence Castle,False,4.0,The Castle Centre,SE1 6FG,Southwark,51.4935,-0.1024,12:00,13:00,Wednesday,1,False,https://southwarkleisure.co.uk/centres/the-castle-centre/
SLL_Southwark_1773,London Venue,SLL_Southwark,Gymfluence – Supervised,Gym / Fitness,Gymfluence | Gymfluence Surrey Docks,False,4.0,Surrey Docks Fitness & Water Sports,SE16 7SX,Southwark,51.493796,-0.039449,17:00,18:00,Monday,1,False,https://southwarkleisure.co.uk/centres/surrey-docks-fitness-and-watersports-centre/
SLL_Southwark_1774,London Venue,SLL_Southwark,Lane Swim - Medium,Swimming,Swimming | Swimming Canada Water,True,0.0,Canada Water Leisure Cent,,Southwark,,,15:00,15:55,Monday,1,False,
SLL_Southwark_1775,London Venue,SLL_Southwark,Gymfluence – Supervised,Gym / Fitness,Gymfluence | Gymfluence Camberwell,False,4.0,Camberwell Leisure Centre,SE5 8TS,Southwark,51.47422,-0.09051,09:00,10:00,Sunday,1,False,https://southwarkleisure.co.uk/centres/camberwell-leisure-centre/
SLL_Southwark_1776,London Venue,SLL_Southwark,Gymfluence – Supervised,Gym / Fitness,Gymfluence | Gymfluence Camberwell,False,4.0,Camberwell Leisure Centre,SE5 8TS,Southwark,51.47422,-0.09051,17:00,18:00,Monday,1,False,https://southwarkleisure.co.uk/centres/camberwell-leisure-centre/
SLL_Southwark_1777,London Venue,SLL_Southwark,Gymfluence – Supervised,Gym / Fitness,Gymfluence | Gymfluence Castle,False,4.0,The Castle Centre,SE1 6FG,Southwark,51.4935,-0.1024,17:00,18:00,Monday,1,False,https://southwarkleisure.co.uk/centres/the-castle-centre/
SLL_Southwark_1778,London Venue,SLL_Southwark,Lane Swim - 45 Min Fast,Swimming,Swimming | Swimming Dulwich,False,2.5,Dulwich Leisure Centre,SE22 9HB,Southwark,51.460601,-0.071419,12:45,13:30,Wednesday,1,False,https://southwarkleisure.co.uk/centres/dulwich-leisure-centre/
SLL_Southwark_1779,London Venue,SLL_Southwark,Gymfluence – Supervised,Gym / Fitness,Gymfluence | Gymfluence Peckham,False,4.0,Peckham Pulse Leisure Centre,SE15 5QN,Southwark,51.474074,-0.070885,07:00,08:00,Wednesday,1,False,https://southwarkleisure.co.uk/centres/peckham-pulse-leisure-centre/
SLL_Southwark_1780,London Venue,SLL_Southwark,Lane Swim - Slow,Swimming,Swimming | Swimming Dulwich,False,2.5,Dulwich Leisure Centre,SE22 9HB,Southwark,51.460601,-0.071419,20:00,21:00,Thursday,1,False,https://southwarkleisure.co.uk/centres/dulwich-leisure-centre/
SLL_Southwark_1781,London Venue,SLL_Southwark,Lane Swim - Slow,Swimming,Swimming | Swimming Canada Water,True,0.0,Canada Water Leisure Cent,,Southwark,,,06:30,07:25,Wednesday,1,False,
SLL_Southwark_1782,London Venue,SLL_Southwark,Public Swim,Swimming,Swimming | Swimming Castle,True,0.0,The Castle Centre,SE1 6FG,Southwark,51.4935,-0.1024,10:00,10:55,Monday,1,False,https://southwarkleisure.co.uk/centres/the-castle-centre/
SLL_Southwark_1783,London Venue,SLL_Southwark,Lane Swim - Medium,Swimming,Swimming | Swimming Canada Water,True,0.0,Canada Water Leisure Cent,,Southwark,,,16:00,16:45,Saturday,1,False,
SLL_Southwark_1784,London Venue,SLL_Southwark,Gymfluence – Supervised,Gym / Fitness,Gymfluence | Gymfluence Canada Water,False,9.7,Canada Water Leisure Cent,,Southwark,,,14:00,15:00,Saturday,1,False,
SLL_Southwark_1785,London Venue,SLL_Southwark,Gym Session + Silver,Gym / Fitness,Gym | Gym Peckham,False,9.7,Peckham Pulse Leisure Centre,SE15 5QN,Southwark,51.474074,-0.070885,15:00,16:00,Wednesday,1,False,https://southwarkleisure.co.uk/centres/peckham-pulse-leisure-centre/
SLL_Southwark_1786,London Venue,SLL_Southwark,Lane Swim - Med,Swimming,Swimming | Swimming Dulwich,False,2.5,Dulwich Leisure Centre,SE22 9HB,Southwark,51.460601,-0.071419,07:30,08:30,,1,False,https://southwarkleisure.co.uk/centres/dulwich-leisure-centre/
SLL_Southwark_1787,London Venue,SLL_Southwark,Gymfluence – Supervised,Gym / Fitness,Gymfluence | Gymfluence Castle,False,4.0,The Castle Centre,SE1 6FG,Southwark,51.4935,-0.1024,10:00,11:00,Tuesday,1,False,https://southwarkleisure.co.uk/centres/the-castle-centre/
SLL_Southwark_1788,London Venue,SLL_Southwark,Family Swim,Swimming,Swimming | Swimming Castle,True,0.0,The Castle Centre,SE1 6FG,Southwark,51.4935,-0.1024,15:00,16:00,,1,False,https://southwarkleisure.co.uk/centres/the-castle-centre/
SLL_Southwark_1789,London Venue,SLL_Southwark,Gymfluence – Supervised,Gym / Fitness,Gymfluence | Gymfluence Castle,False,4.0,The Castle Centre,SE1 6FG,Southwark,51.4935,-0.1024,12:00,13:00,Sunday,1,False,https://southwarkleisure.co.uk/centres/the-castle-centre/
SLL_Southwark_1790,London Venue,SLL_Southwark,Gymfluence – Supervised,Gym / Fitness,Gymfluence | Gymfluence Canada Water,False,4.0,Canada Water Leisure Cent,,Southwark,,,10:00,11:00,Thursday,1,False,
SLL_Southwark_1791,London Venue,SLL_Southwark,Gymfluence – Supervised,Gym / Fitness,Gymfluence | Gymfluence Canada Water,False,4.0,Canada Water Leisure Cent,,Southwark,,,08:00,09:00,Tuesday,1,False,
SLL_Southwark_1792,London Venue,SLL_Southwark,Gymfluence – Supervised,Gym / Fitness,Gymfluence | Gymfluence Castle,False,4.0,The Castle Centre,SE1 6FG,Southwark,51.4935,-0.1024,16:00,17:00,Thursday,1,False,https://southwarkleisure.co.uk/centres/the-castle-centre/
SLL_Southwark_1793,London Venue,SLL_Southwark,Public Swim,Swimming,Swimming | Swimming Castle,True,0.0,The Castle Centre,SE1 6FG,Southwark,51.4935,-0.1024,14:00,14:50,Wednesday,1,False,https://southwarkleisure.co.uk/centres/the-castle-centre/
SLL_Southwark_1794,London Venue,SLL_Southwark,Gym Session,Gym / Fitness,Gym | Gym Dulwich,False,9.7,Dulwich Leisure Centre,SE22 9HB,Southwark,51.460601,-0.071419,12:00,13:00,Tuesday,1,False,https://southwarkleisure.co.uk/centres/dulwich-leisure-centre/
SLL_Southwark_1795,London Venue,SLL_Southwark,Gymfluence – Supervised,Gym / Fitness,Gymfluence | Gymfluence Camberwell,False,4.0,Camberwell Leisure Centre,SE5 8TS,Southwark,51.47422,-0.09051,21:00,22:00,Wednesday,1,False,https://southwarkleisure.co.uk/centres/camberwell-leisure-centre/
SLL_Southwark_1796,London Venue,SLL_Southwark,Public Swim,Swimming,Swimming | Swimming Castle,True,0.0,The Castle Centre,SE1 6FG,Southwark,51.4935,-0.1024,15:00,16:00,,1,False,https://southwarkleisure.co.uk/centres/the-castle-centre/
SLL_Southwark_1797,London Venue,SLL_Southwark,Gymfluence – Supervised,Gym / Fitness,Gymfluence | Gymfluence Canada Water,False,9.7,Canada Water Leisure Cent,,Southwark,,,19:00,20:00,Friday,1,False,
SLL_Southwark_1798,London Venue,SLL_Southwark,Gymfluence – Supervised,Gym / Fitness,Gymfluence | Gymfluence Surrey Docks,False,4.0,Surrey Docks Fitness & Water Sports,SE16 7SX,Southwark,51.493796,-0.039449,09:00,10:00,Monday,1,False,https://southwarkleisure.co.uk/centres/surrey-docks-fitness-and-watersports-centre/
SLL_Southwark_1799,London Venue,SLL_Southwark,Lane Swim - Med,Swimming,Swimming | Swimming Dulwich,False,2.5,Dulwich Leisure Centre,SE22 9HB,Southwark,51.460601,-0.071419,08:30,09:30,,1,False,https://southwarkleisure.co.uk/centres/dulwich-leisure-centre/
SLL_Southwark_1800,London Venue,SLL_Southwark,Gymfluence – Supervised,Gym / Fitness,Gymfluence | Gymfluence Surrey Docks,False,4.0,Surrey Docks Fitness & Water Sports,SE16 7SX,Southwark,51.493796,-0.039449,13:00,14:00,Saturday,1,False,https://southwarkleisure.co.uk/centres/surrey-docks-fitness-and-watersports-centre/
SLL_Southwark_1801,London Venue,SLL_Southwark,Gymfluence – Supervised,Gym / Fitness,Gymfluence | Gymfluence Surrey Docks,False,4.0,Surrey Docks Fitness & Water Sports,SE16 7SX,Southwark,51.493796,-0.039449,09:00,10:00,Thursday,1,False,https://southwarkleisure.co.uk/centres/surrey-docks-fitness-and-watersports-centre/
SLL_Southwark_1802,London Venue,SLL_Southwark,Gymfluence – Supervised,Gym / Fitness,Gymfluence | Gymfluence Camberwell,False,4.0,Camberwell Leisure Centre,SE5 8TS,Southwark,51.47422,-0.09051,20:00,21:00,Monday,1,False,https://southwarkleisure.co.uk/centres/camberwell-leisure-centre/
SLL_Southwark_1803,London Venue,SLL_Southwark,Lane Swim - Medium,Swimming,Swimming | Swimming Canada Water,True,0.0,Canada Water Leisure Cent,,Southwark,,,15:00,15:55,Monday,1,False,
SLL_Southwark_1804,London Venue,SLL_Southwark,Lane Swim - Slow,Swimming,Swimming | Swimming Canada Water,True,0.0,Canada Water Leisure Cent,,Southwark,,,15:00,15:55,Monday,1,False,
SLL_Southwark_1805,London Venue,SLL_Southwark,Track Visit,Walking / Running,Athletics | Athletics Track Casual,False,1.2000000000000002,Southwark Athletics Track,SE16 2PE,Southwark,51.4924,-0.0512,17:00,18:00,"Monday, Tuesday, Wednesday, Thursday, Friday",1,False,https://southwarkleisure.co.uk/centres/southwark-park-sports-and-athletics-centre/
SLL_Southwark_1806,London Venue,SLL_Southwark,Gymfluence  - Instructor,Gym / Fitness,Gymfluence | Gymfluence Canada Water,False,4.0,Canada Water Leisure Cent,,Southwark,,,15:30,16:30,Tuesday,1,False,
SLL_Southwark_1807,London Venue,SLL_Southwark,Lane Swim - Fast,Swimming,Swimming | Swimming Peckham,True,0.0,Peckham Pulse Leisure Centre,SE15 5QN,Southwark,51.474074,-0.070885,17:00,17:45,,1,False,https://southwarkleisure.co.uk/centres/peckham-pulse-leisure-centre/
SLL_Southwark_1808,London Venue,SLL_Southwark,U5 Swim,Swimming,Swimming | Swimming Canada Water,True,0.0,Canada Water Leisure Cent,,Southwark,,,15:00,15:55,Sunday,1,False,
SLL_Southwark_1809,London Venue,SLL_Southwark,U5 Fun Swim,Swimming,Swimming | Swimming Peckham,True,0.0,Peckham Pulse Leisure Centre,SE15 5QN,Southwark,51.474074,-0.070885,08:00,09:00,Sunday,1,False,https://southwarkleisure.co.uk/centres/peckham-pulse-leisure-centre/
SLL_Southwark_1810,London Venue,SLL_Southwark,Adult Swim,Swimming,Swimming | Swimming Peckham,True,0.0,Peckham Pulse Leisure Centre,SE15 5QN,Southwark,51.474074,-0.070885,07:30,09:00,"Monday, Tuesday, Wednesday, Thursday",1,False,https://southwarkleisure.co.uk/centres/peckham-pulse-leisure-centre/
SLL_Southwark_1811,London Venue,SLL_Southwark,Lane Swim - Slow 45 Min,Swimming,Swimming | Swimming Dulwich,False,2.5,Dulwich Leisure Centre,SE22 9HB,Southwark,51.460601,-0.071419,21:00,21:45,Thursday,1,False,https://southwarkleisure.co.uk/centres/dulwich-leisure-centre/
SLL_Southwark_1812,London Venue,SLL_Southwark,Gymfluence – Supervised,Gym / Fitness,Gymfluence | Gymfluence Surrey Docks,False,4.0,Surrey Docks Fitness & Water Sports,SE16 7SX,Southwark,51.493796,-0.039449,21:00,22:00,Wednesday,1,False,https://southwarkleisure.co.uk/centres/surrey-docks-fitness-and-watersports-centre/
SLL_Southwark_1813,London Venue,SLL_Southwark,Gymfluence - Instructor,Gym / Fitness,Gymfluence | Gymfluence Surrey Docks,False,4.0,Surrey Docks Fitness & Water Sports,SE16 7SX,Southwark,51.493796,-0.039449,15:30,16:30,Wednesday,1,False,https://southwarkleisure.co.uk/centres/surrey-docks-fitness-and-watersports-centre/
SLL_Southwark_1814,London Venue,SLL_Southwark,Public Swim,Swimming,Swimming | Swimming Dulwich,True,0.0,Dulwich Leisure Centre,SE22 9HB,Southwark,51.460601,-0.071419,19:00,20:00,,1,False,https://southwarkleisure.co.uk/centres/dulwich-leisure-centre/
SLL_Southwark_1815,London Venue,SLL_Southwark,U5 Fun Swim,Swimming,Swimming | Swimming Castle,True,0.0,The Castle Centre,SE1 6FG,Southwark,51.4935,-0.1024,13:00,14:00,,1,False,https://southwarkleisure.co.uk/centres/the-castle-centre/
SLL_Southwark_1816,London Venue,SLL_Southwark,Lane Swim - Medium,Swimming,Swimming | Swimming Canada Water,True,0.0,Canada Water Leisure Cent,,Southwark,,,07:30,08:55,Wednesday,1,False,
SLL_Southwark_1817,London Venue,SLL_Southwark,Gymfluence - Instructor,Gym / Fitness,Gymfluence | Gymfluence Peckham,False,4.0,Peckham Pulse Leisure Centre,SE15 5QN,Southwark,51.474074,-0.070885,15:30,16:30,Monday,1,False,https://southwarkleisure.co.uk/centres/peckham-pulse-leisure-centre/
SLL_Southwark_1818,London Venue,SLL_Southwark,Lane Swim - Fast,Swimming,Swimming | Swimming Peckham,False,2.5,Peckham Pulse Leisure Centre,SE15 5QN,Southwark,51.474074,-0.070885,12:00,13:30,Wednesday,1,False,https://southwarkleisure.co.uk/centres/peckham-pulse-leisure-centre/
SLL_Southwark_1819,London Venue,SLL_Southwark,Lane Swim - Fast,Swimming,Swimming | Swimming Peckham,False,2.5,Peckham Pulse Leisure Centre,SE15 5QN,Southwark,51.474074,-0.070885,20:00,21:00,Tuesday,1,False,https://southwarkleisure.co.uk/centres/peckham-pulse-leisure-centre/
SLL_Southwark_1820,London Venue,SLL_Southwark,Lane Swim - Slow,Swimming,Swimming | Swimming Castle,True,0.0,The Castle Centre,SE1 6FG,Southwark,51.4935,-0.1024,13:00,13:55,Wednesday,1,False,https://southwarkleisure.co.uk/centres/the-castle-centre/
SLL_Southwark_1821,London Venue,SLL_Southwark,Silver Gym Session,Gym / Fitness,Gym | Gym Camberwell,False,9.7,Camberwell Leisure Centre,SE5 8TS,Southwark,51.47422,-0.09051,15:00,16:00,Wednesday,1,False,https://southwarkleisure.co.uk/centres/camberwell-leisure-centre/
SLL_Southwark_1822,London Venue,SLL_Southwark,Gymfluence – Supervised,Gym / Fitness,Gymfluence | Gymfluence Canada Water,False,9.7,Canada Water Leisure Cent,,Southwark,,,16:00,17:00,Friday,1,False,
SLL_Southwark_1823,London Venue,SLL_Southwark,Gymfluence – Supervised,Gym / Fitness,Gymfluence | Gymfluence Castle,False,4.0,The Castle Centre,SE1 6FG,Southwark,51.4935,-0.1024,18:00,19:00,Monday,1,False,https://southwarkleisure.co.uk/centres/the-castle-centre/
SLL_Southwark_1824,London Venue,SLL_Southwark,Lane Swim - Medium,Swimming,Swimming | Swimming Canada Water,True,0.0,Canada Water Leisure Cent,,Southwark,,,06:30,07:25,Thursday,1,False,
SLL_Southwark_1825,London Venue,SLL_Southwark,Gymfluence – Supervised,Gym / Fitness,Gymfluence | Gymfluence Castle,False,4.0,The Castle Centre,SE1 6FG,Southwark,51.4935,-0.1024,12:00,13:00,Tuesday,1,False,https://southwarkleisure.co.uk/centres/the-castle-centre/
SLL_Southwark_1826,London Venue,SLL_Southwark,Lane Swim - Fast,Swimming,Swimming | Swimming Dulwich,False,2.5,Dulwich Leisure Centre,SE22 9HB,Southwark,51.460601,-0.071419,08:30,09:30,,1,False,https://southwarkleisure.co.uk/centres/dulwich-leisure-centre/
SLL_Southwark_1827,London Venue,SLL_Southwark,Lane Swim - Slow,Swimming,Swimming | Swimming Canada Water,True,0.0,Canada Water Leisure Cent,,Southwark,,,07:30,08:55,Friday,1,False,
SLL_Southwark_1828,London Venue,SLL_Southwark,Public Swim,Swimming,Swimming | Swimming Canada Water,True,0.0,Canada Water Leisure Cent,,Southwark,,,09:00,09:55,Friday,1,False,
SLL_Southwark_1829,London Venue,SLL_Southwark,Gymfluence – Supervised,Gym / Fitness,Gymfluence | Gymfluence Surrey Docks,False,4.0,Surrey Docks Fitness & Water Sports,SE16 7SX,Southwark,51.493796,-0.039449,14:00,15:00,Thursday,1,False,https://southwarkleisure.co.uk/centres/surrey-docks-fitness-and-watersports-centre/
SLL_Southwark_1830,London Venue,SLL_Southwark,Gymfluence – Supervised,Gym / Fitness,Gymfluence | Gymfluence Peckham,False,4.0,Peckham Pulse Leisure Centre,SE15 5QN,Southwark,51.474074,-0.070885,13:00,14:00,Saturday,1,False,https://southwarkleisure.co.uk/centres/peckham-pulse-leisure-centre/
SLL_Southwark_1831,London Venue,SLL_Southwark,Gymfluence – Supervised,Gym / Fitness,Gymfluence | Gymfluence Surrey Docks,False,4.0,Surrey Docks Fitness & Water Sports,SE16 7SX,Southwark,51.493796,-0.039449,14:00,15:00,Saturday,1,False,https://southwarkleisure.co.uk/centres/surrey-docks-fitness-and-watersports-centre/
SLL_Southwark_1832,London Venue,SLL_Southwark,Gymfluence – Supervised,Gym / Fitness,Gymfluence | Gymfluence Castle,False,4.0,The Castle Centre,SE1 6FG,Southwark,51.4935,-0.1024,06:30,07:00,Wednesday,1,False,https://southwarkleisure.co.uk/centres/the-castle-centre/
SLL_Southwark_1833,London Venue,SLL_Southwark,Lane Swim - Fast,Swimming,Swimming | Swimming Castle,True,0.0,The Castle Centre,SE1 6FG,Southwark,51.4935,-0.1024,12:00,12:55,Wednesday,1,False,https://southwarkleisure.co.uk/centres/the-castle-centre/
SLL_Southwark_1834,London Venue,SLL_Southwark,Gymfluence – Supervised,Gym / Fitness,Gymfluence | Gymfluence Peckham,False,4.0,Peckham Pulse Leisure Centre,SE15 5QN,Southwark,51.474074,-0.070885,17:00,18:00,Tuesday,1,False,https://southwarkleisure.co.uk/centres/peckham-pulse-leisure-centre/
SLL_Southwark_1835,London Venue,SLL_Southwark,Public Swim,Swimming,Swimming | Swimming Peckham,True,0.0,Peckham Pulse Leisure Centre,SE15 5QN,Southwark,51.474074,-0.070885,17:00,18:00,Friday,1,False,https://southwarkleisure.co.uk/centres/peckham-pulse-leisure-centre/
SLL_Southwark_1836,London Venue,SLL_Southwark,Public Swim,Swimming,Swimming | Swimming Castle,True,0.0,The Castle Centre,SE1 6FG,Southwark,51.4935,-0.1024,10:00,10:55,Wednesday,1,False,https://southwarkleisure.co.uk/centres/the-castle-centre/
SLL_Southwark_1837,London Venue,SLL_Southwark,Lane Swim - Slow,Swimming,Swimming | Swimming Dulwich,False,2.5,Dulwich Leisure Centre,SE22 9HB,Southwark,51.460601,-0.071419,08:30,09:30,,1,False,https://southwarkleisure.co.uk/centres/dulwich-leisure-centre/
SLL_Southwark_1838,London Venue,SLL_Southwark,Family Swim,Swimming,Swimming | Swimming Castle,True,0.0,The Castle Centre,SE1 6FG,Southwark,51.4935,-0.1024,11:00,12:00,,1,False,https://southwarkleisure.co.uk/centres/the-castle-centre/
SLL_Southwark_1839,London Venue,SLL_Southwark,Gym Session,Gym / Fitness,Gym | Gym Castle,False,9.7,The Castle Centre,SE1 6FG,Southwark,51.4935,-0.1024,09:00,10:00,Monday,1,False,https://southwarkleisure.co.uk/centres/the-castle-centre/
SLL_Southwark_1840,London Venue,SLL_Southwark,Gymfluence – Supervised,Gym / Fitness,Gymfluence | Gymfluence Surrey Docks,False,4.0,Surrey Docks Fitness & Water Sports,SE16 7SX,Southwark,51.493796,-0.039449,09:00,10:00,Tuesday,1,False,https://southwarkleisure.co.uk/centres/surrey-docks-fitness-and-watersports-centre/
SLL_Southwark_1841,London Venue,SLL_Southwark,Vulnerable Disability,Swimming,Swimming | Swimming Peckham,False,2.5,Peckham Pulse Leisure Centre,SE15 5QN,Southwark,51.474074,-0.070885,18:00,19:00,Sunday,1,False,https://southwarkleisure.co.uk/centres/peckham-pulse-leisure-centre/
SLL_Southwark_1842,London Venue,SLL_Southwark,Gymfluence – Supervised,Gym / Fitness,Gymfluence | Gymfluence Castle,False,4.0,The Castle Centre,SE1 6FG,Southwark,51.4935,-0.1024,15:00,16:00,Monday,1,False,https://southwarkleisure.co.uk/centres/the-castle-centre/
SLL_Southwark_1843,London Venue,SLL_Southwark,Lane Swim - Slow,Swimming,Swimming | Swimming Dulwich,False,2.5,Dulwich Leisure Centre,SE22 9HB,Southwark,51.460601,-0.071419,06:30,07:30,Thursday,1,False,https://southwarkleisure.co.uk/centres/dulwich-leisure-centre/
SLL_Southwark_1844,London Venue,SLL_Southwark,Gymfluence – Supervised,Gym / Fitness,Gymfluence | Gymfluence Peckham,False,4.0,Peckham Pulse Leisure Centre,SE15 5QN,Southwark,51.474074,-0.070885,09:00,10:00,Thursday,1,False,https://southwarkleisure.co.uk/centres/peckham-pulse-leisure-centre/
SLL_Southwark_1845,London Venue,SLL_Southwark,Gymfluence – Supervised,Gym / Fitness,Gymfluence | Gymfluence Camberwell,False,4.0,Camberwell Leisure Centre,SE5 8TS,Southwark,51.47422,-0.09051,12:00,13:00,Tuesday,1,False,https://southwarkleisure.co.uk/centres/camberwell-leisure-centre/
SLL_Southwark_1846,London Venue,SLL_Southwark,Gymfluence – Supervised,Gym / Fitness,Gymfluence | Gymfluence Surrey Docks,False,4.0,Surrey Docks Fitness & Water Sports,SE16 7SX,Southwark,51.493796,-0.039449,19:00,20:00,Sunday,1,False,https://southwarkleisure.co.uk/centres/surrey-docks-fitness-and-watersports-centre/
SLL_Southwark_1847,London Venue,SLL_Southwark,Gymfluence – Supervised,Gym / Fitness,Gymfluence | Gymfluence Surrey Docks,False,4.0,Surrey Docks Fitness & Water Sports,SE16 7SX,Southwark,51.493796,-0.039449,14:00,15:00,Sunday,1,False,https://southwarkleisure.co.uk/centres/surrey-docks-fitness-and-watersports-centre/
SLL_Southwark_1848,London Venue,SLL_Southwark,Lane Swim - Fast,Swimming,Swimming | Swimming Peckham,False,2.5,Peckham Pulse Leisure Centre,SE15 5QN,Southwark,51.474074,-0.070885,20:00,21:00,Thursday,1,False,https://southwarkleisure.co.uk/centres/peckham-pulse-leisure-centre/
SLL_Southwark_1849,London Venue,SLL_Southwark,Lane Swim - Fast,Swimming,Swimming | Swimming Peckham,False,2.5,Peckham Pulse Leisure Centre,SE15 5QN,Southwark,51.474074,-0.070885,06:30,07:30,Tuesday,1,False,https://southwarkleisure.co.uk/centres/peckham-pulse-leisure-centre/
SLL_Southwark_1850,London Venue,SLL_Southwark,Gymfluence – Supervised,Gym / Fitness,Gymfluence | Gymfluence Surrey Docks,False,4.0,Surrey Docks Fitness & Water Sports,SE16 7SX,Southwark,51.493796,-0.039449,08:00,09:00,Sunday,1,False,https://southwarkleisure.co.uk/centres/surrey-docks-fitness-and-watersports-centre/
SLL_Southwark_1851,London Venue,SLL_Southwark,Gymfluence – Supervised,Gym / Fitness,Gymfluence | Gymfluence Canada Water,False,4.0,Canada Water Leisure Cent,,Southwark,,,14:00,15:00,Tuesday,1,False,
SLL_Southwark_1852,London Venue,SLL_Southwark,Gymfluence – Supervised,Gym / Fitness,Gymfluence | Gymfluence Camberwell,False,4.0,Camberwell Leisure Centre,SE5 8TS,Southwark,51.47422,-0.09051,19:00,20:00,Thursday,1,False,https://southwarkleisure.co.uk/centres/camberwell-leisure-centre/
SLL_Southwark_1853,London Venue,SLL_Southwark,Gymfluence – Supervised,Gym / Fitness,Gymfluence | Gymfluence Castle,False,4.0,The Castle Centre,SE1 6FG,Southwark,51.4935,-0.1024,06:30,07:00,Monday,1,False,https://southwarkleisure.co.uk/centres/the-castle-centre/
SLL_Southwark_1854,London Venue,SLL_Southwark,Gymfluence – Supervised,Gym / Fitness,Gymfluence | Gymfluence Surrey Docks,False,4.0,Surrey Docks Fitness & Water Sports,SE16 7SX,Southwark,51.493796,-0.039449,06:30,07:00,Thursday,1,False,https://southwarkleisure.co.uk/centres/surrey-docks-fitness-and-watersports-centre/
SLL_Southwark_1855,London Venue,SLL_Southwark,Silver Gym Session,Gym / Fitness,Gym | Gym Canada Water,False,9.7,Canada Water Leisure Cent,,Southwark,,,15:00,16:00,Wednesday,1,False,
SLL_Southwark_1856,London Venue,SLL_Southwark,Lane Swim - Med,Swimming,Swimming | Swimming Castle,True,0.0,The Castle Centre,SE1 6FG,Southwark,51.4935,-0.1024,19:00,19:55,Wednesday,1,False,https://southwarkleisure.co.uk/centres/the-castle-centre/
SLL_Southwark_1857,London Venue,SLL_Southwark,Lane Swim - Slow,Swimming,Swimming | Swimming Peckham,True,0.0,Peckham Pulse Leisure Centre,SE15 5QN,Southwark,51.474074,-0.070885,20:00,21:00,Friday,1,False,https://southwarkleisure.co.uk/centres/peckham-pulse-leisure-centre/
SLL_Southwark_1858,London Venue,SLL_Southwark,Lane Swim - Medium,Swimming,Swimming | Swimming Canada Water,True,0.0,Canada Water Leisure Cent,,Southwark,,,07:30,08:55,Thursday,1,False,
SLL_Southwark_1859,London Venue,SLL_Southwark,Lane Swim - Slow,Swimming,Swimming | Swimming Canada Water,True,0.0,Canada Water Leisure Cent,,Southwark,,,07:30,08:55,Thursday,1,False,
SLL_Southwark_1860,London Venue,SLL_Southwark,Gymfluence – Supervised,Gym / Fitness,Gymfluence | Gymfluence Canada Water,False,4.0,Canada Water Leisure Cent,,Southwark,,,06:30,07:00,Tuesday,1,False,
SLL_Southwark_1861,London Venue,SLL_Southwark,Public Swim,Swimming,Swimming | Swimming Dulwich,True,0.0,Dulwich Leisure Centre,SE22 9HB,Southwark,51.460601,-0.071419,12:00,13:00,Sunday,1,False,https://southwarkleisure.co.uk/centres/dulwich-leisure-centre/
SLL_Southwark_1862,London Venue,SLL_Southwark,Lane Swim - Medium,Swimming,Swimming | Swimming Canada Water,True,0.0,Canada Water Leisure Cent,,Southwark,,,18:00,18:55,Sunday,1,False,
SLL_Southwark_1863,London Venue,SLL_Southwark,Lane Swim - Medium,Swimming,Swimming | Swimming Canada Water,True,0.0,Canada Water Leisure Cent,,Southwark,,,18:00,18:55,Sunday,1,False,
SLL_Southwark_1864,London Venue,SLL_Southwark,Gymfluence – Supervised,Gym / Fitness,Gymfluence | Gymfluence Canada Water,False,9.7,Canada Water Leisure Cent,,Southwark,,,16:00,17:00,Sunday,1,False,
SLL_Southwark_1865,London Venue,SLL_Southwark,Family Fun Swim,Swimming,Swimming | Swimming Canada Water,True,0.0,Canada Water Leisure Cent,,Southwark,,,16:00,16:55,Sunday,1,False,
SLL_Southwark_1866,London Venue,SLL_Southwark,Silver Gym Session,Gym / Fitness,Gym | Gym Camberwell,False,9.7,Camberwell Leisure Centre,SE5 8TS,Southwark,51.47422,-0.09051,14:00,15:00,Wednesday,1,False,https://southwarkleisure.co.uk/centres/camberwell-leisure-centre/
SLL_Southwark_1867,London Venue,SLL_Southwark,Public Swim,Swimming,Swimming | Swimming Peckham,True,0.0,Peckham Pulse Leisure Centre,SE15 5QN,Southwark,51.474074,-0.070885,10:30,12:00,Wednesday,1,False,https://southwarkleisure.co.uk/centres/peckham-pulse-leisure-centre/
SLL_Southwark_1868,London Venue,SLL_Southwark,Gymfluence - Instructor,Gym / Fitness,Gymfluence | Gymfluence Track,False,4.0,Southwark Athletics Track,SE16 2PE,Southwark,51.4924,-0.0512,15:30,16:30,Thursday,1,False,https://southwarkleisure.co.uk/centres/southwark-park-sports-and-athletics-centre/
SLL_Southwark_1869,London Venue,SLL_Southwark,Gymfluence – Supervised,Gym / Fitness,Gymfluence | Gymfluence Castle,False,4.0,The Castle Centre,SE1 6FG,Southwark,51.4935,-0.1024,17:00,18:00,Tuesday,1,False,https://southwarkleisure.co.uk/centres/the-castle-centre/
SLL_Southwark_1870,London Venue,SLL_Southwark,Lane Swim - Fast,Swimming,Swimming | Swimming Canada Water,True,0.0,Canada Water Leisure Cent,,Southwark,,,12:00,13:25,Monday,1,False,
SLL_Southwark_1871,London Venue,SLL_Southwark,Lane Swim - Medium,Swimming,Swimming | Swimming Canada Water,True,0.0,Canada Water Leisure Cent,,Southwark,,,12:00,13:25,Monday,1,False,
SLL_Southwark_1872,London Venue,SLL_Southwark,Lane Swim - Fast,Swimming,Swimming | Swimming Peckham,False,2.5,Peckham Pulse Leisure Centre,SE15 5QN,Southwark,51.474074,-0.070885,08:00,09:00,Saturday,1,False,https://southwarkleisure.co.uk/centres/peckham-pulse-leisure-centre/
SLL_Southwark_1873,London Venue,SLL_Southwark,Gymfluence – Supervised,Gym / Fitness,Gymfluence | Gymfluence Surrey Docks,False,4.0,Surrey Docks Fitness & Water Sports,SE16 7SX,Southwark,51.493796,-0.039449,11:00,12:00,Tuesday,1,False,https://southwarkleisure.co.uk/centres/surrey-docks-fitness-and-watersports-centre/
SLL_Southwark_1874,London Venue,SLL_Southwark,Family Swim,Swimming,Swimming | Swimming Peckham,True,0.0,Peckham Pulse Leisure Centre,SE15 5QN,Southwark,51.474074,-0.070885,14:00,15:00,Saturday,1,False,https://southwarkleisure.co.uk/centres/peckham-pulse-leisure-centre/
SLL_Southwark_1875,London Venue,SLL_Southwark,Lane Swim - Slow,Swimming,Swimming | Swimming Dulwich,True,0.0,Dulwich Leisure Centre,SE22 9HB,Southwark,51.460601,-0.071419,16:00,17:00,,1,False,https://southwarkleisure.co.uk/centres/dulwich-leisure-centre/
SLL_Southwark_1876,London Venue,SLL_Southwark,Silver Gym Session,Gym / Fitness,Gym | Gym Camberwell,False,9.7,Camberwell Leisure Centre,SE5 8TS,Southwark,51.47422,-0.09051,11:00,12:00,Tuesday,1,False,https://southwarkleisure.co.uk/centres/camberwell-leisure-centre/
SLL_Southwark_1877,London Venue,SLL_Southwark,Lane Swim - Medium,Swimming,Swimming | Swimming Canada Water,True,0.0,Canada Water Leisure Cent,,Southwark,,,07:30,08:55,Monday,1,False,
SLL_Southwark_1878,London Venue,SLL_Southwark,Lane Swim - Slow,Swimming,Swimming | Swimming Canada Water,True,0.0,Canada Water Leisure Cent,,Southwark,,,07:30,08:55,Monday,1,False,
SLL_Southwark_1879,London Venue,SLL_Southwark,Gymfluence – Supervised,Gym / Fitness,Gymfluence | Gymfluence Canada Water,False,9.7,Canada Water Leisure Cent,,Southwark,,,16:00,17:00,Saturday,1,False,
SLL_Southwark_1880,London Venue,SLL_Southwark,Gymfluence - Instructor,Gym / Fitness,Gymfluence | Gymfluence Castle,False,4.0,The Castle Centre,SE1 6FG,Southwark,51.4935,-0.1024,16:30,17:30,Tuesday,1,False,https://southwarkleisure.co.uk/centres/the-castle-centre/
SLL_Southwark_1881,London Venue,SLL_Southwark,Public Swim,Swimming,Swimming | Swimming Peckham,True,0.0,Peckham Pulse Leisure Centre,SE15 5QN,Southwark,51.474074,-0.070885,19:00,20:00,,1,False,https://southwarkleisure.co.uk/centres/peckham-pulse-leisure-centre/
SLL_Southwark_1882,London Venue,SLL_Southwark,Gymfluence – Supervised,Gym / Fitness,Gymfluence | Gymfluence Canada Water,False,4.0,Canada Water Leisure Cent,,Southwark,,,10:00,11:00,Tuesday,1,False,
SLL_Southwark_1883,London Venue,SLL_Southwark,Soft Play Session 0-8 Yr,Other / Unspecified,Soft | Soft Play Peckham,False,3.6,Peckham Pulse Leisure Centre,SE15 5QN,Southwark,51.474074,-0.070885,11:00,12:00,"Monday, Tuesday, Wednesday, Thursday, Friday, Saturday",1,False,https://southwarkleisure.co.uk/centres/peckham-pulse-leisure-centre/
SLL_Southwark_1884,London Venue,SLL_Southwark,Gymfluence - Instructor,Gym / Fitness,Gymfluence | Gymfluence Peckham,False,4.0,Peckham Pulse Leisure Centre,SE15 5QN,Southwark,51.474074,-0.070885,16:30,17:30,Tuesday,1,False,https://southwarkleisure.co.uk/centres/peckham-pulse-leisure-centre/
SLL_Southwark_1885,London Venue,SLL_Southwark,Gym Session,Gym / Fitness,Gym | Gym Surrey Docks,False,9.7,Surrey Docks Fitness & Water Sports,SE16 7SX,Southwark,51.493796,-0.039449,14:00,15:00,Thursday,1,False,https://southwarkleisure.co.uk/centres/surrey-docks-fitness-and-watersports-centre/
SLL_Southwark_1886,London Venue,SLL_Southwark,Lane Swim - Medium,Swimming,Swimming | Swimming Canada Water,True,0.0,Canada Water Leisure Cent,,Southwark,,,06:30,07:25,Thursday,1,False,
SLL_Southwark_1887,London Venue,SLL_Southwark,Lane Swim - Slow,Swimming,Swimming | Swimming Canada Water,True,0.0,Canada Water Leisure Cent,,Southwark,,,06:30,07:25,Thursday,1,False,
SLL_Southwark_1888,London Venue,SLL_Southwark,Track Visit,Gym / Fitness,Gym | Gym Track,False,1.2000000000000002,Southwark Athletics Track,SE16 2PE,Southwark,51.4924,-0.0512,10:00,11:00,Wednesday,1,False,https://southwarkleisure.co.uk/centres/southwark-park-sports-and-athletics-centre/
SLL_Southwark_1889,London Venue,SLL_Southwark,Lane Swim - Fast,Swimming,Swimming | Swimming Canada Water,True,0.0,Canada Water Leisure Cent,,Southwark,,,07:30,08:55,Tuesday,1,False,
SLL_Southwark_1890,London Venue,SLL_Southwark,Lane Swim - Medium,Swimming,Swimming | Swimming Canada Water,True,0.0,Canada Water Leisure Cent,,Southwark,,,07:30,08:55,Tuesday,1,False,
SLL_Southwark_1891,London Venue,SLL_Southwark,Family Fun Swim,Swimming,Swimming | Swimming Canada Water,True,0.0,Canada Water Leisure Cent,,Southwark,,,16:00,16:55,Saturday,1,False,
SLL_Southwark_1892,London Venue,SLL_Southwark,Lane Swim - Medium,Swimming,Swimming | Swimming Canada Water,True,0.0,Canada Water Leisure Cent,,Southwark,,,08:00,08:55,Sunday,1,False,
SLL_Southwark_1893,London Venue,SLL_Southwark,Gymfluence – Supervised,Gym / Fitness,Gymfluence | Gymfluence Surrey Docks,False,4.0,Surrey Docks Fitness & Water Sports,SE16 7SX,Southwark,51.493796,-0.039449,11:00,12:00,Saturday,1,False,https://southwarkleisure.co.uk/centres/surrey-docks-fitness-and-watersports-centre/
SLL_Southwark_1894,London Venue,SLL_Southwark,Gymfluence – Supervised,Gym / Fitness,Gymfluence | Gymfluence Camberwell,False,9.7,Camberwell Leisure Centre,SE5 8TS,Southwark,51.47422,-0.09051,18:00,19:00,Friday,1,False,https://southwarkleisure.co.uk/centres/camberwell-leisure-centre/
SLL_Southwark_1895,London Venue,SLL_Southwark,Lane Swim - Slow 45 Min,Swimming,Swimming | Swimming Dulwich,False,2.5,Dulwich Leisure Centre,SE22 9HB,Southwark,51.460601,-0.071419,12:45,13:30,Wednesday,1,False,https://southwarkleisure.co.uk/centres/dulwich-leisure-centre/
SLL_Southwark_1896,London Venue,SLL_Southwark,Gym Session + Silver,Gym / Fitness,Gym | Gym Peckham,False,9.7,Peckham Pulse Leisure Centre,SE15 5QN,Southwark,51.474074,-0.070885,14:00,15:00,Wednesday,1,False,https://southwarkleisure.co.uk/centres/peckham-pulse-leisure-centre/
SLL_Southwark_1897,London Venue,SLL_Southwark,Gym Session,Gym / Fitness,Gym | Gym Castle,False,9.7,The Castle Centre,SE1 6FG,Southwark,51.4935,-0.1024,08:00,09:00,,1,False,https://southwarkleisure.co.uk/centres/the-castle-centre/
SLL_Southwark_1898,London Venue,SLL_Southwark,Gymfluence – Supervised,Gym / Fitness,Gymfluence | Gymfluence Canada Water,False,4.0,Canada Water Leisure Cent,,Southwark,,,10:00,11:00,Monday,1,False,
SLL_Southwark_1899,London Venue,SLL_Southwark,Gymfluence – Supervised,Gym / Fitness,Gymfluence | Gymfluence Canada Water,False,4.0,Canada Water Leisure Cent,,Southwark,,,19:00,20:00,Thursday,1,False,
SLL_Southwark_1900,London Venue,SLL_Southwark,Gymfluence – Supervised,Gym / Fitness,Gymfluence | Gymfluence Peckham,False,4.0,Peckham Pulse Leisure Centre,SE15 5QN,Southwark,51.474074,-0.070885,13:00,14:00,Friday,1,False,https://southwarkleisure.co.uk/centres/peckham-pulse-leisure-centre/
SLL_Southwark_1901,London Venue,SLL_Southwark,Gym Session,Gym / Fitness,Gym | Gym Castle,False,9.7,The Castle Centre,SE1 6FG,Southwark,51.4935,-0.1024,15:00,16:00,Thursday,1,False,https://southwarkleisure.co.uk/centres/the-castle-centre/
SLL_Southwark_1902,London Venue,SLL_Southwark,Gymfluence – Supervised,Gym / Fitness,Gymfluence | Gymfluence Castle,False,9.7,The Castle Centre,SE1 6FG,Southwark,51.4935,-0.1024,20:00,21:00,Sunday,1,False,https://southwarkleisure.co.uk/centres/the-castle-centre/
SLL_Southwark_1903,London Venue,SLL_Southwark,Track Visit,Walking / Running,Athletics | Athletics Track Casual,False,1.2000000000000002,Southwark Athletics Track,SE16 2PE,Southwark,51.4924,-0.0512,09:00,10:00,"Monday, Tuesday, Wednesday, Thursday, Friday",1,False,https://southwarkleisure.co.uk/centres/southwark-park-sports-and-athletics-centre/
SLL_Southwark_1904,London Venue,SLL_Southwark,Gymfluence – Supervised,Gym / Fitness,Gymfluence | Gymfluence Surrey Docks,False,4.0,Surrey Docks Fitness & Water Sports,SE16 7SX,Southwark,51.493796,-0.039449,12:00,13:00,Tuesday,1,False,https://southwarkleisure.co.uk/centres/surrey-docks-fitness-and-watersports-centre/
SLL_Southwark_1905,London Venue,SLL_Southwark,Soft Play Session 0-8yr,Other / Unspecified,Soft | Soft Play Peckham,False,3.6,Peckham Pulse Leisure Centre,SE15 5QN,Southwark,51.474074,-0.070885,17:00,18:00,"Monday, Tuesday, Wednesday, Thursday, Saturday",1,False,https://southwarkleisure.co.uk/centres/peckham-pulse-leisure-centre/
SLL_Southwark_1906,London Venue,SLL_Southwark,Public Swim,Swimming,Swimming | Swimming Peckham,True,0.0,Peckham Pulse Leisure Centre,SE15 5QN,Southwark,51.474074,-0.070885,17:00,18:00,Thursday,1,False,https://southwarkleisure.co.uk/centres/peckham-pulse-leisure-centre/
SLL_Southwark_1907,London Venue,SLL_Southwark,Public Swim,Swimming,Swimming | Swimming Canada Water,True,0.0,Canada Water Leisure Cent,,Southwark,,,11:00,11:55,Friday,1,False,
SLL_Southwark_1908,London Venue,SLL_Southwark,Lane Swim - Fast,Swimming,Swimming | Swimming Canada Water,True,0.0,Canada Water Leisure Cent,,Southwark,,,12:00,13:25,Friday,1,False,
SLL_Southwark_1909,London Venue,SLL_Southwark,Lane Swim - Medium,Swimming,Swimming | Swimming Canada Water,True,0.0,Canada Water Leisure Cent,,Southwark,,,20:00,20:55,Monday,1,False,
SLL_Southwark_1910,London Venue,SLL_Southwark,Gymfluence – Supervised,Gym / Fitness,Gymfluence | Gymfluence Peckham,False,4.0,Peckham Pulse Leisure Centre,SE15 5QN,Southwark,51.474074,-0.070885,07:00,08:00,Tuesday,1,False,https://southwarkleisure.co.uk/centres/peckham-pulse-leisure-centre/
SLL_Southwark_1911,London Venue,SLL_Southwark,Gymfluence – Supervised,Gym / Fitness,Gymfluence | Gymfluence Peckham,False,4.0,Peckham Pulse Leisure Centre,SE15 5QN,Southwark,51.474074,-0.070885,08:00,09:00,Tuesday,1,False,https://southwarkleisure.co.uk/centres/peckham-pulse-leisure-centre/
SLL_Southwark_1912,London Venue,SLL_Southwark,Gymfluence – Supervised,Gym / Fitness,Gymfluence | Gymfluence Canada Water,False,4.0,Canada Water Leisure Cent,,Southwark,,,20:00,21:00,Monday,1,False,
SLL_Southwark_1913,London Venue,SLL_Southwark,Gymfluence – Supervised,Gym / Fitness,Gymfluence | Gymfluence Camberwell,False,4.0,Camberwell Leisure Centre,SE5 8TS,Southwark,51.47422,-0.09051,06:30,07:00,Tuesday,1,False,https://southwarkleisure.co.uk/centres/camberwell-leisure-centre/
SLL_Southwark_1914,London Venue,SLL_Southwark,Gymfluence Induction,Gym / Fitness,Gymfluence | Gymfluence Castle,True,0.0,The Castle Centre,SE1 6FG,Southwark,51.4935,-0.1024,15:30,16:00,Wednesday,1,False,https://southwarkleisure.co.uk/centres/the-castle-centre/
SLL_Southwark_1915,London Venue,SLL_Southwark,Public Swim,Swimming,Swimming | Swimming Peckham,True,0.0,Peckham Pulse Leisure Centre,SE15 5QN,Southwark,51.474074,-0.070885,15:00,16:00,Saturday,1,False,https://southwarkleisure.co.uk/centres/peckham-pulse-leisure-centre/
SLL_Southwark_1916,London Venue,SLL_Southwark,Gymfluence – Supervised,Gym / Fitness,Gymfluence | Gymfluence Surrey Docks,False,4.0,Surrey Docks Fitness & Water Sports,SE16 7SX,Southwark,51.493796,-0.039449,08:00,09:00,Tuesday,1,False,https://southwarkleisure.co.uk/centres/surrey-docks-fitness-and-watersports-centre/
SLL_Southwark_1917,London Venue,SLL_Southwark,Gymfluence – Supervised,Gym / Fitness,Gymfluence | Gymfluence Castle,False,4.0,The Castle Centre,SE1 6FG,Southwark,51.4935,-0.1024,15:00,16:00,Friday,1,False,https://southwarkleisure.co.uk/centres/the-castle-centre/
SLL_Southwark_1918,London Venue,SLL_Southwark,Gymfluence – Supervised,Gym / Fitness,Gymfluence | Gymfluence Castle,False,4.0,The Castle Centre,SE1 6FG,Southwark,51.4935,-0.1024,16:00,17:00,Friday,1,False,https://southwarkleisure.co.uk/centres/the-castle-centre/
SLL_Southwark_1919,London Venue,SLL_Southwark,Gymfluence – Supervised,Gym / Fitness,Gymfluence | Gymfluence Canada Water,False,9.7,Canada Water Leisure Cent,,Southwark,,,10:00,11:00,Friday,1,False,
SLL_Southwark_1920,London Venue,SLL_Southwark,Gymfluence - Instructor,Gym / Fitness,Gymfluence | Gymfluence Track,False,4.0,Southwark Athletics Track,SE16 2PE,Southwark,51.4924,-0.0512,16:30,17:30,Thursday,1,False,https://southwarkleisure.co.uk/centres/southwark-park-sports-and-athletics-centre/
SLL_Southwark_1921,London Venue,SLL_Southwark,Gymfluence  - Instructor,Gym / Fitness,Gymfluence | Gymfluence Canada Water,False,4.0,Canada Water Leisure Cent,,Southwark,,,16:30,17:30,Thursday,1,False,
SLL_Southwark_1922,London Venue,SLL_Southwark,Gymfluence – Supervised,Gym / Fitness,Gymfluence | Gymfluence Canada Water,False,4.0,Canada Water Leisure Cent,,Southwark,,,07:00,08:00,Monday,1,False,
SLL_Southwark_1923,London Venue,SLL_Southwark,Lane Swim - Med,Swimming,Swimming | Swimming Dulwich,False,2.5,Dulwich Leisure Centre,SE22 9HB,Southwark,51.460601,-0.071419,08:30,09:30,,1,False,https://southwarkleisure.co.uk/centres/dulwich-leisure-centre/
SLL_Southwark_1924,London Venue,SLL_Southwark,Gymfluence – Supervised,Gym / Fitness,Gymfluence | Gymfluence Castle,False,4.0,The Castle Centre,SE1 6FG,Southwark,51.4935,-0.1024,07:00,08:00,,1,False,https://southwarkleisure.co.uk/centres/the-castle-centre/
SLL_Southwark_1925,London Venue,SLL_Southwark,Lane Swim - Medium,Swimming,Swimming | Swimming Canada Water,True,0.0,Canada Water Leisure Cent,,Southwark,,,07:00,07:55,Sunday,1,False,
SLL_Southwark_1926,London Venue,SLL_Southwark,Recreational Watersports,Other / Unspecified,Recreational | Recreational Watersports,False,34.800000000000004,Surrey Docks Fitness & Water Sports,SE16 7SX,Southwark,51.493796,-0.039449,13:30,16:00,Saturday,1,False,https://southwarkleisure.co.uk/centres/surrey-docks-fitness-and-watersports-centre/
SLL_Southwark_1927,London Venue,SLL_Southwark,Gymfluence – Supervised,Gym / Fitness,Gymfluence | Gymfluence Camberwell,False,9.7,Camberwell Leisure Centre,SE5 8TS,Southwark,51.47422,-0.09051,10:00,11:00,Friday,1,False,https://southwarkleisure.co.uk/centres/camberwell-leisure-centre/
SLL_Southwark_1928,London Venue,SLL_Southwark,Adult Swim,Swimming,Swimming | Swimming Peckham,True,0.0,Peckham Pulse Leisure Centre,SE15 5QN,Southwark,51.474074,-0.070885,20:00,21:00,Tuesday,1,False,https://southwarkleisure.co.uk/centres/peckham-pulse-leisure-centre/
SLL_Southwark_1929,London Venue,SLL_Southwark,Lane Swim - Fast,Swimming,Swimming | Swimming Canada Water,True,0.0,Canada Water Leisure Cent,,Southwark,,,21:00,21:45,Monday,1,False,
SLL_Southwark_1930,London Venue,SLL_Southwark,Lane Swim - Medium,Swimming,Swimming | Swimming Canada Water,True,0.0,Canada Water Leisure Cent,,Southwark,,,21:00,21:45,Monday,1,False,
SLL_Southwark_1931,London Venue,SLL_Southwark,Gymfluence - Instructor,Gym / Fitness,Gymfluence | Gymfluence Track,False,4.0,Southwark Athletics Track,SE16 2PE,Southwark,51.4924,-0.0512,15:30,16:30,Wednesday,1,False,https://southwarkleisure.co.uk/centres/southwark-park-sports-and-athletics-centre/
SLL_Southwark_1932,London Venue,SLL_Southwark,Lane Swim - Fast,Swimming,Swimming | Swimming Dulwich,False,2.5,Dulwich Leisure Centre,SE22 9HB,Southwark,51.460601,-0.071419,07:30,08:30,,1,False,https://southwarkleisure.co.uk/centres/dulwich-leisure-centre/
SLL_Southwark_1933,London Venue,SLL_Southwark,Lane Swim - Slow,Swimming,Swimming | Swimming Dulwich,True,0.0,Dulwich Leisure Centre,SE22 9HB,Southwark,51.460601,-0.071419,06:30,07:30,,1,False,https://southwarkleisure.co.uk/centres/dulwich-leisure-centre/
SLL_Southwark_1934,London Venue,SLL_Southwark,Gymfluence - Instructor,Gym / Fitness,Gymfluence | Gymfluence Castle,False,4.0,The Castle Centre,SE1 6FG,Southwark,51.4935,-0.1024,16:30,17:30,Thursday,1,False,https://southwarkleisure.co.uk/centres/the-castle-centre/
SLL_Southwark_1935,London Venue,SLL_Southwark,Gymfluence – Supervised,Gym / Fitness,Gymfluence | Gymfluence Castle,False,4.0,The Castle Centre,SE1 6FG,Southwark,51.4935,-0.1024,11:00,12:00,Monday,1,False,https://southwarkleisure.co.uk/centres/the-castle-centre/
SLL_Southwark_1936,London Venue,SLL_Southwark,Gymfluence – Supervised,Gym / Fitness,Gymfluence | Gymfluence Peckham,False,4.0,Peckham Pulse Leisure Centre,SE15 5QN,Southwark,51.474074,-0.070885,06:30,07:00,Wednesday,1,False,https://southwarkleisure.co.uk/centres/peckham-pulse-leisure-centre/
SLL_Southwark_1937,London Venue,SLL_Southwark,Gymfluence  - Instructor,Gym / Fitness,Gymfluence | Gymfluence Dulwich,False,4.0,Dulwich Leisure Centre,SE22 9HB,Southwark,51.460601,-0.071419,10:00,11:00,Saturday,1,False,https://southwarkleisure.co.uk/centres/dulwich-leisure-centre/
SLL_Southwark_1938,London Venue,SLL_Southwark,Gymfluence - Instructor,Gym / Fitness,Gymfluence | Gymfluence Castle,False,4.0,The Castle Centre,SE1 6FG,Southwark,51.4935,-0.1024,10:00,11:00,Saturday,1,False,https://southwarkleisure.co.uk/centres/the-castle-centre/
SLL_Southwark_1939,London Venue,SLL_Southwark,Gymfluence – Supervised,Gym / Fitness,Gymfluence | Gymfluence Peckham,False,4.0,Peckham Pulse Leisure Centre,SE15 5QN,Southwark,51.474074,-0.070885,12:00,13:00,Wednesday,1,False,https://southwarkleisure.co.uk/centres/peckham-pulse-leisure-centre/
SLL_Southwark_1940,London Venue,SLL_Southwark,Lane Swim - Medium,Swimming,Swimming | Swimming Canada Water,True,0.0,Canada Water Leisure Cent,,Southwark,,,15:00,15:55,Friday,1,False,
SLL_Southwark_1941,London Venue,SLL_Southwark,Lane Swim - Slow,Swimming,Swimming | Swimming Canada Water,True,0.0,Canada Water Leisure Cent,,Southwark,,,15:00,15:55,Friday,1,False,
SLL_Southwark_1942,London Venue,SLL_Southwark,Gymfluence – Supervised,Gym / Fitness,Gymfluence | Gymfluence Peckham,False,4.0,Peckham Pulse Leisure Centre,SE15 5QN,Southwark,51.474074,-0.070885,16:00,17:00,Thursday,1,False,https://southwarkleisure.co.uk/centres/peckham-pulse-leisure-centre/
SLL_Southwark_1943,London Venue,SLL_Southwark,Gymfluence Induction,Gym / Fitness,Gymfluence | Gymfluence Castle,True,0.0,The Castle Centre,SE1 6FG,Southwark,51.4935,-0.1024,16:30,17:00,Wednesday,1,False,https://southwarkleisure.co.uk/centres/the-castle-centre/
SLL_Southwark_1944,London Venue,SLL_Southwark,Lane Swim - 45 Min Fast,Swimming,Swimming | Swimming Dulwich,False,2.5,Dulwich Leisure Centre,SE22 9HB,Southwark,51.460601,-0.071419,12:00,12:45,Monday,1,False,https://southwarkleisure.co.uk/centres/dulwich-leisure-centre/
SLL_Southwark_1945,London Venue,SLL_Southwark,Public Swim,Swimming,Swimming | Swimming Canada Water,True,0.0,Canada Water Leisure Cent,,Southwark,,,13:30,14:55,Thursday,1,False,
SLL_Southwark_1946,London Venue,SLL_Southwark,Lane Swim - Fast,Swimming,Swimming | Swimming Seven Islands,False,2.5,Seven Islands Leisure Centre,SE16 2TU,Southwark,51.496010000000005,-0.05255,09:00,10:00,Wednesday,1,False,https://southwarkleisure.co.uk/centres/seven-islands-leisure-centre/
SLL_Southwark_1947,London Venue,SLL_Southwark,Adult Swim,Swimming,Swimming | Swimming Peckham,True,0.0,Peckham Pulse Leisure Centre,SE15 5QN,Southwark,51.474074,-0.070885,06:30,07:30,"Monday, Tuesday, Wednesday, Thursday",1,False,https://southwarkleisure.co.uk/centres/peckham-pulse-leisure-centre/
SLL_Southwark_1948,London Venue,SLL_Southwark,Gymfluence – Supervised,Gym / Fitness,Gymfluence | Gymfluence Castle,False,4.0,The Castle Centre,SE1 6FG,Southwark,51.4935,-0.1024,16:00,17:00,Wednesday,1,False,https://southwarkleisure.co.uk/centres/the-castle-centre/
SLL_Southwark_1949,London Venue,SLL_Southwark,Track Visit,Walking / Running,Athletics | Athletics Track Casual,False,1.2000000000000002,Southwark Athletics Track,SE16 2PE,Southwark,51.4924,-0.0512,18:00,19:00,"Monday, Tuesday, Friday",1,False,https://southwarkleisure.co.uk/centres/southwark-park-sports-and-athletics-centre/
SLL_Southwark_1950,London Venue,SLL_Southwark,Lane Swim - Fast,Swimming,Swimming | Swimming Canada Water,True,0.0,Canada Water Leisure Cent,,Southwark,,,07:30,08:55,Thursday,1,False,
SLL_Southwark_1951,London Venue,SLL_Southwark,Gymfluence – Supervised,Gym / Fitness,Gymfluence | Gymfluence Canada Water,False,9.7,Canada Water Leisure Cent,,Southwark,,,20:00,21:00,Friday,1,False,
SLL_Southwark_1952,London Venue,SLL_Southwark,Gymfluence – Supervised,Gym / Fitness,Gymfluence | Gymfluence Surrey Docks,False,4.0,Surrey Docks Fitness & Water Sports,SE16 7SX,Southwark,51.493796,-0.039449,10:00,11:00,Monday,1,False,https://southwarkleisure.co.uk/centres/surrey-docks-fitness-and-watersports-centre/
SLL_Southwark_1953,London Venue,SLL_Southwark,Lane Swim - Med 45 Min,Swimming,Swimming | Swimming Dulwich,True,0.0,Dulwich Leisure Centre,SE22 9HB,Southwark,51.460601,-0.071419,17:00,17:45,Saturday,1,False,https://southwarkleisure.co.uk/centres/dulwich-leisure-centre/
SLL_Southwark_1954,London Venue,SLL_Southwark,Gymfluence Induction,Gym / Fitness,Gymfluence | Gymfluence Castle,True,0.0,The Castle Centre,SE1 6FG,Southwark,51.4935,-0.1024,15:30,16:00,Thursday,1,False,https://southwarkleisure.co.uk/centres/the-castle-centre/
SLL_Southwark_1955,London Venue,SLL_Southwark,Lane Swim - Slow,Swimming,Swimming | Swimming Peckham,False,2.5,Peckham Pulse Leisure Centre,SE15 5QN,Southwark,51.474074,-0.070885,20:00,21:00,Thursday,1,False,https://southwarkleisure.co.uk/centres/peckham-pulse-leisure-centre/
SLL_Southwark_1956,London Venue,SLL_Southwark,Track Visit,Walking / Running,Athletics | Athletics Track Casual,False,1.2000000000000002,Southwark Athletics Track,SE16 2PE,Southwark,51.4924,-0.0512,17:00,18:00,Thursday,1,False,https://southwarkleisure.co.uk/centres/southwark-park-sports-and-athletics-centre/
SLL_Southwark_1957,London Venue,SLL_Southwark,Soft Play Session 0-8 Yr,Other / Unspecified,Soft | Soft Play Peckham,False,3.6,Peckham Pulse Leisure Centre,SE15 5QN,Southwark,51.474074,-0.070885,10:00,11:00,"Monday, Tuesday, Wednesday, Thursday, Friday",1,False,https://southwarkleisure.co.uk/centres/peckham-pulse-leisure-centre/
SLL_Southwark_1958,London Venue,SLL_Southwark,Gymfluence  - Instructor,Gym / Fitness,Gymfluence | Gymfluence Dulwich,False,4.0,Dulwich Leisure Centre,SE22 9HB,Southwark,51.460601,-0.071419,15:30,16:30,Wednesday,1,False,https://southwarkleisure.co.uk/centres/dulwich-leisure-centre/
SLL_Southwark_1959,London Venue,SLL_Southwark,Women Only Swim 16+,Swimming,Swimming | Swimming Peckham,True,0.0,Peckham Pulse Leisure Centre,SE15 5QN,Southwark,51.474074,-0.070885,16:00,17:00,Sunday,1,False,https://southwarkleisure.co.uk/centres/peckham-pulse-leisure-centre/
SLL_Southwark_1960,London Venue,SLL_Southwark,Lane Swim - Fast,Swimming,Swimming | Swimming Dulwich,False,2.5,Dulwich Leisure Centre,SE22 9HB,Southwark,51.460601,-0.071419,08:30,09:30,,1,False,https://southwarkleisure.co.uk/centres/dulwich-leisure-centre/
SLL_Southwark_1961,London Venue,SLL_Southwark,Silver Gym Session,Gym / Fitness,Gym | Gym Camberwell,False,9.7,Camberwell Leisure Centre,SE5 8TS,Southwark,51.47422,-0.09051,12:00,13:00,Tuesday,1,False,https://southwarkleisure.co.uk/centres/camberwell-leisure-centre/
SLL_Southwark_1962,London Venue,SLL_Southwark,Lane Swim - Slow 45 Min,Swimming,Swimming | Swimming Dulwich,True,0.0,Dulwich Leisure Centre,SE22 9HB,Southwark,51.460601,-0.071419,17:00,17:45,Saturday,1,False,https://southwarkleisure.co.uk/centres/dulwich-leisure-centre/
SLL_Southwark_1963,London Venue,SLL_Southwark,Gymfluence – Supervised,Gym / Fitness,Gymfluence | Gymfluence Camberwell,False,4.0,Camberwell Leisure Centre,SE5 8TS,Southwark,51.47422,-0.09051,13:00,14:00,Monday,1,False,https://southwarkleisure.co.uk/centres/camberwell-leisure-centre/
SLL_Southwark_1964,London Venue,SLL_Southwark,Gymfluence – Supervised,Gym / Fitness,Gymfluence | Gymfluence Camberwell,False,4.0,Camberwell Leisure Centre,SE5 8TS,Southwark,51.47422,-0.09051,14:00,15:00,Monday,1,False,https://southwarkleisure.co.uk/centres/camberwell-leisure-centre/
SLL_Southwark_1965,London Venue,SLL_Southwark,Gymfluence – Supervised,Gym / Fitness,Gymfluence | Gymfluence Canada Water,False,9.7,Canada Water Leisure Cent,,Southwark,,,14:00,15:00,Sunday,1,False,
SLL_Southwark_1966,London Venue,SLL_Southwark,Lane Swim - Medium,Swimming,Swimming | Swimming Canada Water,True,0.0,Canada Water Leisure Cent,,Southwark,,,21:00,21:45,Thursday,1,False,
SLL_Southwark_1967,London Venue,SLL_Southwark,Lane Swim - Fast,Swimming,Swimming | Swimming Dulwich,True,0.0,Dulwich Leisure Centre,SE22 9HB,Southwark,51.460601,-0.071419,16:00,17:00,,1,False,https://southwarkleisure.co.uk/centres/dulwich-leisure-centre/
SLL_Southwark_1968,London Venue,SLL_Southwark,Gymfluence – Supervised,Gym / Fitness,Gymfluence | Gymfluence Camberwell,False,4.0,Camberwell Leisure Centre,SE5 8TS,Southwark,51.47422,-0.09051,14:00,15:00,Tuesday,1,False,https://southwarkleisure.co.uk/centres/camberwell-leisure-centre/
SLL_Southwark_1969,London Venue,SLL_Southwark,Gymfluence – Supervised,Gym / Fitness,Gymfluence | Gymfluence Camberwell,False,4.0,Camberwell Leisure Centre,SE5 8TS,Southwark,51.47422,-0.09051,15:00,16:00,Tuesday,1,False,https://southwarkleisure.co.uk/centres/camberwell-leisure-centre/
SLL_Southwark_1970,London Venue,SLL_Southwark,Family Fun Swim,Swimming,Swimming | Swimming Peckham,True,0.0,Peckham Pulse Leisure Centre,SE15 5QN,Southwark,51.474074,-0.070885,15:00,16:00,"Monday, Tuesday, Wednesday",1,False,https://southwarkleisure.co.uk/centres/peckham-pulse-leisure-centre/
SLL_Southwark_1971,London Venue,SLL_Southwark,Public Swim,Swimming,Swimming | Swimming Peckham,True,0.0,Peckham Pulse Leisure Centre,SE15 5QN,Southwark,51.474074,-0.070885,18:00,19:00,Wednesday,1,False,https://southwarkleisure.co.uk/centres/peckham-pulse-leisure-centre/
SLL_Southwark_1972,London Venue,SLL_Southwark,Gymfluence – Supervised,Gym / Fitness,Gymfluence | Gymfluence Castle,False,4.0,The Castle Centre,SE1 6FG,Southwark,51.4935,-0.1024,13:00,14:00,Sunday,1,False,https://southwarkleisure.co.uk/centres/the-castle-centre/
SLL_Southwark_1973,London Venue,SLL_Southwark,Lane Swim - Medium,Swimming,Swimming | Swimming Canada Water,True,0.0,Canada Water Leisure Cent,,Southwark,,,21:00,21:45,Friday,1,False,
SLL_Southwark_1974,London Venue,SLL_Southwark,Lane Swim - Fast,Swimming,Swimming | Swimming Canada Water,True,0.0,Canada Water Leisure Cent,,Southwark,,,07:00,07:55,Saturday,1,False,
SLL_Southwark_1975,London Venue,SLL_Southwark,Gymfluence  - Instructor,Gym / Fitness,Gymfluence | Gymfluence Canada Water,False,4.0,Canada Water Leisure Cent,,Southwark,,,16:30,17:30,Wednesday,1,False,
SLL_Southwark_1976,London Venue,SLL_Southwark,Gymfluence – Supervised,Gym / Fitness,Gymfluence | Gymfluence Surrey Docks,False,4.0,Surrey Docks Fitness & Water Sports,SE16 7SX,Southwark,51.493796,-0.039449,19:00,20:00,Tuesday,1,False,https://southwarkleisure.co.uk/centres/surrey-docks-fitness-and-watersports-centre/
SLL_Southwark_1977,London Venue,SLL_Southwark,Gymfluence – Supervised,Gym / Fitness,Gymfluence | Gymfluence Surrey Docks,False,4.0,Surrey Docks Fitness & Water Sports,SE16 7SX,Southwark,51.493796,-0.039449,13:00,14:00,Tuesday,1,False,https://southwarkleisure.co.uk/centres/surrey-docks-fitness-and-watersports-centre/
SLL_Southwark_1978,London Venue,SLL_Southwark,Lane Swim - Med,Swimming,Swimming | Swimming Dulwich,False,2.5,Dulwich Leisure Centre,SE22 9HB,Southwark,51.460601,-0.071419,06:30,07:30,Wednesday,1,False,https://southwarkleisure.co.uk/centres/dulwich-leisure-centre/
SLL_Southwark_1979,London Venue,SLL_Southwark,Gymfluence – Supervised,Gym / Fitness,Gymfluence | Gymfluence Camberwell,False,4.0,Camberwell Leisure Centre,SE5 8TS,Southwark,51.47422,-0.09051,11:00,12:00,Tuesday,1,False,https://southwarkleisure.co.uk/centres/camberwell-leisure-centre/
SLL_Southwark_1980,London Venue,SLL_Southwark,Track Visit,Walking / Running,Athletics | Athletics Track Casual,False,1.2000000000000002,Southwark Athletics Track,SE16 2PE,Southwark,51.4924,-0.0512,12:00,13:00,"Monday, Tuesday, Wednesday, Thursday, Friday",1,False,https://southwarkleisure.co.uk/centres/southwark-park-sports-and-athletics-centre/
SLL_Southwark_1981,London Venue,SLL_Southwark,Gymfluence – Supervised,Gym / Fitness,Gymfluence | Gymfluence Camberwell,False,4.0,Camberwell Leisure Centre,SE5 8TS,Southwark,51.47422,-0.09051,09:00,10:00,Wednesday,1,False,https://southwarkleisure.co.uk/centres/camberwell-leisure-centre/
SLL_Southwark_1982,London Venue,SLL_Southwark,Gymfluence – Supervised,Gym / Fitness,Gymfluence | Gymfluence Camberwell,False,4.0,Camberwell Leisure Centre,SE5 8TS,Southwark,51.47422,-0.09051,10:00,11:00,Wednesday,1,False,https://southwarkleisure.co.uk/centres/camberwell-leisure-centre/
SLL_Southwark_1983,London Venue,SLL_Southwark,Lane Swim - Fast,Swimming,Swimming | Swimming Peckham,False,2.5,Peckham Pulse Leisure Centre,SE15 5QN,Southwark,51.474074,-0.070885,15:00,16:00,Thursday,1,False,https://southwarkleisure.co.uk/centres/peckham-pulse-leisure-centre/
SLL_Southwark_1984,London Venue,SLL_Southwark,Lane Swim - Fast,Swimming,Swimming | Swimming Peckham,False,2.5,Peckham Pulse Leisure Centre,SE15 5QN,Southwark,51.474074,-0.070885,21:00,21:45,Monday,1,False,https://southwarkleisure.co.uk/centres/peckham-pulse-leisure-centre/
SLL_Southwark_1985,London Venue,SLL_Southwark,Gymfluence – Supervised,Gym / Fitness,Gymfluence | Gymfluence Canada Water,False,4.0,Canada Water Leisure Cent,,Southwark,,,17:00,18:00,Tuesday,1,False,
SLL_Southwark_1986,London Venue,SLL_Southwark,Public Swim,Swimming,Swimming | Swimming Dulwich,True,0.0,Dulwich Leisure Centre,SE22 9HB,Southwark,51.460601,-0.071419,17:00,18:00,,1,False,https://southwarkleisure.co.uk/centres/dulwich-leisure-centre/
SLL_Southwark_1987,London Venue,SLL_Southwark,Family Disability Swim,Swimming,Swimming | Swimming Peckham,False,2.5,Peckham Pulse Leisure Centre,SE15 5QN,Southwark,51.474074,-0.070885,15:00,16:00,Sunday,1,False,https://southwarkleisure.co.uk/centres/peckham-pulse-leisure-centre/
SLL_Southwark_1988,London Venue,SLL_Southwark,Track Visit,Walking / Running,Athletics | Athletics Track Casual,False,1.2000000000000002,Southwark Athletics Track,SE16 2PE,Southwark,51.4924,-0.0512,14:00,15:00,"Monday, Tuesday, Wednesday, Thursday, Friday",1,False,https://southwarkleisure.co.uk/centres/southwark-park-sports-and-athletics-centre/
SLL_Southwark_1989,London Venue,SLL_Southwark,Gymfluence – Supervised,Gym / Fitness,Gymfluence | Gymfluence Camberwell,False,4.0,Camberwell Leisure Centre,SE5 8TS,Southwark,51.47422,-0.09051,10:00,11:00,Sunday,1,False,https://southwarkleisure.co.uk/centres/camberwell-leisure-centre/
SLL_Southwark_1990,London Venue,SLL_Southwark,Gymfluence – Supervised,Gym / Fitness,Gymfluence | Gymfluence Camberwell,False,4.0,Camberwell Leisure Centre,SE5 8TS,Southwark,51.47422,-0.09051,11:00,12:00,Sunday,1,False,https://southwarkleisure.co.uk/centres/camberwell-leisure-centre/
SLL_Southwark_1991,London Venue,SLL_Southwark,Gymfluence – Supervised,Gym / Fitness,Gymfluence | Gymfluence Canada Water,False,4.0,Canada Water Leisure Cent,,Southwark,,,17:00,18:00,Wednesday,1,False,
SLL_Southwark_1992,London Venue,SLL_Southwark,Public Swim,Swimming,Swimming | Swimming Peckham,True,0.0,Peckham Pulse Leisure Centre,SE15 5QN,Southwark,51.474074,-0.070885,19:00,20:00,,1,False,https://southwarkleisure.co.uk/centres/peckham-pulse-leisure-centre/
SLL_Southwark_1993,London Venue,SLL_Southwark,Gymfluence – Supervised,Gym / Fitness,Gymfluence | Gymfluence Peckham,False,4.0,Peckham Pulse Leisure Centre,SE15 5QN,Southwark,51.474074,-0.070885,16:00,17:00,Tuesday,1,False,https://southwarkleisure.co.uk/centres/peckham-pulse-leisure-centre/
SLL_Southwark_1994,London Venue,SLL_Southwark,Gymfluence – Supervised,Gym / Fitness,Gymfluence | Gymfluence Canada Water,False,4.0,Canada Water Leisure Cent,,Southwark,,,21:00,22:00,Tuesday,1,False,
SLL_Southwark_1995,London Venue,SLL_Southwark,Gymfluence – Supervised,Gym / Fitness,Gymfluence | Gymfluence Camberwell,False,4.0,Camberwell Leisure Centre,SE5 8TS,Southwark,51.47422,-0.09051,21:00,22:00,Tuesday,1,False,https://southwarkleisure.co.uk/centres/camberwell-leisure-centre/
SLL_Southwark_1996,London Venue,SLL_Southwark,Lane Swim - Med,Swimming,Swimming | Swimming Peckham,False,2.5,Peckham Pulse Leisure Centre,SE15 5QN,Southwark,51.474074,-0.070885,06:30,07:30,Monday,1,False,https://southwarkleisure.co.uk/centres/peckham-pulse-leisure-centre/
SLL_Southwark_1997,London Venue,SLL_Southwark,Lane Swim - Fast,Swimming,Swimming | Swimming Canada Water,True,0.0,Canada Water Leisure Cent,,Southwark,,,06:30,07:25,Tuesday,1,False,
SLL_Southwark_1998,London Venue,SLL_Southwark,Lane Swim - Medium,Swimming,Swimming | Swimming Canada Water,True,0.0,Canada Water Leisure Cent,,Southwark,,,06:30,07:25,Tuesday,1,False,
SLL_Southwark_1999,London Venue,SLL_Southwark,Gymfluence – Supervised,Gym / Fitness,Gymfluence | Gymfluence Castle,False,4.0,The Castle Centre,SE1 6FG,Southwark,51.4935,-0.1024,13:00,14:00,Thursday,1,False,https://southwarkleisure.co.uk/centres/the-castle-centre/
SLL_Southwark_2000,London Venue,SLL_Southwark,Public Swim,Swimming,Swimming | Swimming Canada Water,True,0.0,Canada Water Leisure Cent,,Southwark,,,11:00,11:55,Sunday,1,False,
SLL_Southwark_2001,London Venue,SLL_Southwark,Lane Swim - Slow,Swimming,Swimming | Swimming Peckham,False,2.5,Peckham Pulse Leisure Centre,SE15 5QN,Southwark,51.474074,-0.070885,06:30,07:30,Monday,1,False,https://southwarkleisure.co.uk/centres/peckham-pulse-leisure-centre/
SLL_Southwark_2002,London Venue,SLL_Southwark,Gym Session,Gym / Fitness,Gym | Gym Track,False,9.7,Southwark Athletics Track,SE16 2PE,Southwark,51.4924,-0.0512,09:00,10:00,Monday,1,False,https://southwarkleisure.co.uk/centres/southwark-park-sports-and-athletics-centre/
SLL_Southwark_2003,London Venue,SLL_Southwark,Lane Swim - Slow,Swimming,Swimming | Swimming Dulwich,True,0.0,Dulwich Leisure Centre,SE22 9HB,Southwark,51.460601,-0.071419,07:30,08:30,,1,False,https://southwarkleisure.co.uk/centres/dulwich-leisure-centre/
SLL_Southwark_2004,London Venue,SLL_Southwark,Gymfluence – Supervised,Gym / Fitness,Gymfluence | Gymfluence Camberwell,False,9.7,Camberwell Leisure Centre,SE5 8TS,Southwark,51.47422,-0.09051,15:00,16:00,Friday,1,False,https://southwarkleisure.co.uk/centres/camberwell-leisure-centre/
SLL_Southwark_2005,London Venue,SLL_Southwark,Gymfluence – Supervised,Gym / Fitness,Gymfluence | Gymfluence Peckham,False,4.0,Peckham Pulse Leisure Centre,SE15 5QN,Southwark,51.474074,-0.070885,10:00,11:00,Sunday,1,False,https://southwarkleisure.co.uk/centres/peckham-pulse-leisure-centre/
SLL_Southwark_2006,London Venue,SLL_Southwark,Gymfluence – Supervised,Gym / Fitness,Gymfluence | Gymfluence Camberwell,False,9.7,Camberwell Leisure Centre,SE5 8TS,Southwark,51.47422,-0.09051,21:00,22:00,Sunday,1,False,https://southwarkleisure.co.uk/centres/camberwell-leisure-centre/
SLL_Southwark_2007,London Venue,SLL_Southwark,Lane Swim - Med,Swimming,Swimming | Swimming Dulwich,False,2.5,Dulwich Leisure Centre,SE22 9HB,Southwark,51.460601,-0.071419,06:30,07:30,Thursday,1,False,https://southwarkleisure.co.uk/centres/dulwich-leisure-centre/
SLL_Southwark_2008,London Venue,SLL_Southwark,Gymfluence – Supervised,Gym / Fitness,Gymfluence | Gymfluence Canada Water,False,9.7,Canada Water Leisure Cent,,Southwark,,,15:00,16:00,Sunday,1,False,
SLL_Southwark_2009,London Venue,SLL_Southwark,Lane Swim - Fast,Swimming,Swimming | Swimming Canada Water,True,0.0,Canada Water Leisure Cent,,Southwark,,,19:00,19:55,Monday,1,False,
SLL_Southwark_2010,London Venue,SLL_Southwark,Gym Session,Gym / Fitness,Gym | Gym Dulwich,False,9.7,Dulwich Leisure Centre,SE22 9HB,Southwark,51.460601,-0.071419,15:00,16:00,Thursday,1,False,https://southwarkleisure.co.uk/centres/dulwich-leisure-centre/
SLL_Southwark_2011,London Venue,SLL_Southwark,Gymfluence – Supervised,Gym / Fitness,Gymfluence | Gymfluence Camberwell,False,9.7,Camberwell Leisure Centre,SE5 8TS,Southwark,51.47422,-0.09051,19:00,20:00,Sunday,1,False,https://southwarkleisure.co.uk/centres/camberwell-leisure-centre/
SLL_Southwark_2012,London Venue,SLL_Southwark,Karate Class (children),Martial Arts,Club | Club Martial Art,False,7.7,Camberwell Leisure Centre,SE5 8TS,Southwark,51.47422,-0.09051,13:30,15:00,Saturday,1,False,https://southwarkleisure.co.uk/centres/camberwell-leisure-centre/
SLL_Southwark_2013,London Venue,SLL_Southwark,Gymfluence – Supervised,Gym / Fitness,Gymfluence | Gymfluence Camberwell,False,4.0,Camberwell Leisure Centre,SE5 8TS,Southwark,51.47422,-0.09051,06:30,07:00,Wednesday,1,False,https://southwarkleisure.co.uk/centres/camberwell-leisure-centre/
SLL_Southwark_2014,London Venue,SLL_Southwark,Gymfluence – Supervised,Gym / Fitness,Gymfluence | Gymfluence Canada Water,False,4.0,Canada Water Leisure Cent,,Southwark,,,06:30,07:00,Wednesday,1,False,
SLL_Southwark_2015,London Venue,SLL_Southwark,Lane Swim - Med,Swimming,Swimming | Swimming Dulwich,True,0.0,Dulwich Leisure Centre,SE22 9HB,Southwark,51.460601,-0.071419,19:00,20:00,,1,False,https://southwarkleisure.co.uk/centres/dulwich-leisure-centre/
SLL_Southwark_2016,London Venue,SLL_Southwark,Gymfluence – Supervised,Gym / Fitness,Gymfluence | Gymfluence Canada Water,False,4.0,Canada Water Leisure Cent,,Southwark,,,12:00,13:00,Monday,1,False,
SLL_Southwark_2017,London Venue,SLL_Southwark,Public Swim,Swimming,Swimming | Swimming Peckham,True,0.0,Peckham Pulse Leisure Centre,SE15 5QN,Southwark,51.474074,-0.070885,11:00,12:00,Saturday,1,False,https://southwarkleisure.co.uk/centres/peckham-pulse-leisure-centre/
SLL_Southwark_2018,London Venue,SLL_Southwark,Public Swim,Swimming,Swimming | Swimming Peckham,True,0.0,Peckham Pulse Leisure Centre,SE15 5QN,Southwark,51.474074,-0.070885,16:00,17:00,Thursday,1,False,https://southwarkleisure.co.uk/centres/peckham-pulse-leisure-centre/
SLL_Southwark_2019,London Venue,SLL_Southwark,Gymfluence – Supervised,Gym / Fitness,Gymfluence | Gymfluence Surrey Docks,False,4.0,Surrey Docks Fitness & Water Sports,SE16 7SX,Southwark,51.493796,-0.039449,13:00,14:00,Monday,1,False,https://southwarkleisure.co.uk/centres/surrey-docks-fitness-and-watersports-centre/
SLL_Southwark_2020,London Venue,SLL_Southwark,Recreational Watersports,Other / Unspecified,Recreational | Recreational Watersports,False,34.800000000000004,Surrey Docks Fitness & Water Sports,SE16 7SX,Southwark,51.493796,-0.039449,13:30,16:00,Sunday,1,False,https://southwarkleisure.co.uk/centres/surrey-docks-fitness-and-watersports-centre/
SLL_Southwark_2021,London Venue,SLL_Southwark,Adult Swim Bubbles,Swimming,Swimming | Swimming Peckham,True,0.0,Peckham Pulse Leisure Centre,SE15 5QN,Southwark,51.474074,-0.070885,16:00,17:00,Saturday,1,False,https://southwarkleisure.co.uk/centres/peckham-pulse-leisure-centre/
SLL_Southwark_2022,London Venue,SLL_Southwark,Lane Swim - Slow,Swimming,Swimming | Swimming Canada Water,True,0.0,Canada Water Leisure Cent,,Southwark,,,21:00,21:45,Thursday,1,False,
SLL_Southwark_2023,London Venue,SLL_Southwark,Public Swim,Swimming,Swimming | Swimming Peckham,True,0.0,Peckham Pulse Leisure Centre,SE15 5QN,Southwark,51.474074,-0.070885,16:00,17:00,Friday,1,False,https://southwarkleisure.co.uk/centres/peckham-pulse-leisure-centre/
SLL_Southwark_2024,London Venue,SLL_Southwark,Gymfluence – Supervised,Gym / Fitness,Gymfluence | Gymfluence Camberwell,False,4.0,Camberwell Leisure Centre,SE5 8TS,Southwark,51.47422,-0.09051,12:00,13:00,Sunday,1,False,https://southwarkleisure.co.uk/centres/camberwell-leisure-centre/
SLL_Southwark_2025,London Venue,SLL_Southwark,Gymfluence – Supervised,Gym / Fitness,Gymfluence | Gymfluence Surrey Docks,False,4.0,Surrey Docks Fitness & Water Sports,SE16 7SX,Southwark,51.493796,-0.039449,16:00,17:00,Monday,1,False,https://southwarkleisure.co.uk/centres/surrey-docks-fitness-and-watersports-centre/
SLL_Southwark_2026,London Venue,SLL_Southwark,Soft Play Session 0-8yr,Other / Unspecified,Soft | Soft Play Peckham,False,3.6,Peckham Pulse Leisure Centre,SE15 5QN,Southwark,51.474074,-0.070885,14:00,15:00,"Monday, Tuesday, Wednesday, Thursday, Friday",1,False,https://southwarkleisure.co.uk/centres/peckham-pulse-leisure-centre/
SLL_Southwark_2027,London Venue,SLL_Southwark,Gymfluence – Supervised,Gym / Fitness,Gymfluence | Gymfluence Camberwell,False,4.0,Camberwell Leisure Centre,SE5 8TS,Southwark,51.47422,-0.09051,13:00,14:00,Sunday,1,False,https://southwarkleisure.co.uk/centres/camberwell-leisure-centre/
SLL_Southwark_2028,London Venue,SLL_Southwark,Gymfluence – Supervised,Gym / Fitness,Gymfluence | Gymfluence Camberwell,False,9.7,Camberwell Leisure Centre,SE5 8TS,Southwark,51.47422,-0.09051,16:00,17:00,Sunday,1,False,https://southwarkleisure.co.uk/centres/camberwell-leisure-centre/
SLL_Southwark_2029,London Venue,SLL_Southwark,Gymfluence – Supervised,Gym / Fitness,Gymfluence | Gymfluence Surrey Docks,False,4.0,Surrey Docks Fitness & Water Sports,SE16 7SX,Southwark,51.493796,-0.039449,10:00,11:00,Tuesday,1,False,https://southwarkleisure.co.uk/centres/surrey-docks-fitness-and-watersports-centre/
SLL_Southwark_2030,London Venue,SLL_Southwark,Silver Gym Session,Gym / Fitness,Gym | Gym Canada Water,False,9.7,Canada Water Leisure Cent,,Southwark,,,08:00,09:00,Monday,1,False,
SLL_Southwark_2031,London Venue,SLL_Southwark,Gymfluence – Supervised,Gym / Fitness,Gymfluence | Gymfluence Canada Water,False,4.0,Canada Water Leisure Cent,,Southwark,,,08:00,09:00,Monday,1,False,
SLL_Southwark_2032,London Venue,SLL_Southwark,Gymfluence – Supervised,Gym / Fitness,Gymfluence | Gymfluence Surrey Docks,False,4.0,Surrey Docks Fitness & Water Sports,SE16 7SX,Southwark,51.493796,-0.039449,12:00,13:00,Monday,1,False,https://southwarkleisure.co.uk/centres/surrey-docks-fitness-and-watersports-centre/
SLL_Southwark_2033,London Venue,SLL_Southwark,Gymfluence – Supervised,Gym / Fitness,Gymfluence | Gymfluence Castle,False,4.0,The Castle Centre,SE1 6FG,Southwark,51.4935,-0.1024,08:00,09:00,Monday,1,False,https://southwarkleisure.co.uk/centres/the-castle-centre/
SLL_Southwark_2034,London Venue,SLL_Southwark,Lane Swim - Fast,Swimming,Swimming | Swimming Canada Water,True,0.0,Canada Water Leisure Cent,,Southwark,,,08:00,08:55,Saturday,1,False,
SLL_Southwark_2035,London Venue,SLL_Southwark,Gymfluence – Supervised,Gym / Fitness,Gymfluence | Gymfluence Peckham,False,4.0,Peckham Pulse Leisure Centre,SE15 5QN,Southwark,51.474074,-0.070885,07:00,08:00,Friday,1,False,https://southwarkleisure.co.uk/centres/peckham-pulse-leisure-centre/
SLL_Southwark_2036,London Venue,SLL_Southwark,Gymfluence – Supervised,Gym / Fitness,Gymfluence | Gymfluence Camberwell,False,4.0,Camberwell Leisure Centre,SE5 8TS,Southwark,51.47422,-0.09051,17:00,18:00,Thursday,1,False,https://southwarkleisure.co.uk/centres/camberwell-leisure-centre/
SLL_Southwark_2037,London Venue,SLL_Southwark,Lane Swim - Fast,Swimming,Swimming | Swimming Canada Water,True,0.0,Canada Water Leisure Cent,,Southwark,,,13:00,13:55,Sunday,1,False,
SLL_Southwark_2038,London Venue,SLL_Southwark,Lane Swim - Medium,Swimming,Swimming | Swimming Canada Water,True,0.0,Canada Water Leisure Cent,,Southwark,,,13:00,13:55,Sunday,1,False,
SLL_Southwark_2039,London Venue,SLL_Southwark,Gymfluence – Supervised,Gym / Fitness,Gymfluence | Gymfluence Surrey Docks,False,4.0,Surrey Docks Fitness & Water Sports,SE16 7SX,Southwark,51.493796,-0.039449,17:00,18:00,Tuesday,1,False,https://southwarkleisure.co.uk/centres/surrey-docks-fitness-and-watersports-centre/
SLL_Southwark_2040,London Venue,SLL_Southwark,Family Swim,Swimming,Swimming | Swimming Dulwich,True,0.0,Dulwich Leisure Centre,SE22 9HB,Southwark,51.460601,-0.071419,14:00,15:00,,1,False,https://southwarkleisure.co.uk/centres/dulwich-leisure-centre/
SLL_Southwark_2041,London Venue,SLL_Southwark,Gymfluence  - Instructor,Gym / Fitness,Gymfluence | Gymfluence Dulwich,False,4.0,Dulwich Leisure Centre,SE22 9HB,Southwark,51.460601,-0.071419,15:30,16:30,Thursday,1,False,https://southwarkleisure.co.uk/centres/dulwich-leisure-centre/
SLL_Southwark_2042,London Venue,SLL_Southwark,Gymfluence  - Instructor,Gym / Fitness,Gymfluence | Gymfluence Dulwich,False,4.0,Dulwich Leisure Centre,SE22 9HB,Southwark,51.460601,-0.071419,16:30,17:30,Thursday,1,False,https://southwarkleisure.co.uk/centres/dulwich-leisure-centre/
SLL_Southwark_2043,London Venue,SLL_Southwark,Lane Swim - Fast 45 Min,Swimming,Swimming | Swimming Dulwich,True,0.0,Dulwich Leisure Centre,SE22 9HB,Southwark,51.460601,-0.071419,21:00,21:45,Friday,1,False,https://southwarkleisure.co.uk/centres/dulwich-leisure-centre/
SLL_Southwark_2044,London Venue,SLL_Southwark,Lane Swim - Fast,Swimming,Swimming | Swimming Peckham,True,0.0,Peckham Pulse Leisure Centre,SE15 5QN,Southwark,51.474074,-0.070885,20:00,21:00,Friday,1,False,https://southwarkleisure.co.uk/centres/peckham-pulse-leisure-centre/
SLL_Southwark_2045,London Venue,SLL_Southwark,Public Swim,Swimming,Swimming | Swimming Peckham,True,0.0,Peckham Pulse Leisure Centre,SE15 5QN,Southwark,51.474074,-0.070885,12:00,13:00,Sunday,1,False,https://southwarkleisure.co.uk/centres/peckham-pulse-leisure-centre/
SLL_Southwark_2046,London Venue,SLL_Southwark,Lane Swim - Fast,Swimming,Swimming | Swimming Dulwich,True,0.0,Dulwich Leisure Centre,SE22 9HB,Southwark,51.460601,-0.071419,07:30,08:30,,1,False,https://southwarkleisure.co.uk/centres/dulwich-leisure-centre/
SLL_Southwark_2047,London Venue,SLL_Southwark,Gymfluence – Supervised,Gym / Fitness,Gymfluence | Gymfluence Surrey Docks,False,4.0,Surrey Docks Fitness & Water Sports,SE16 7SX,Southwark,51.493796,-0.039449,17:00,18:00,Thursday,1,False,https://southwarkleisure.co.uk/centres/surrey-docks-fitness-and-watersports-centre/
SLL_Southwark_2048,London Venue,SLL_Southwark,Gymfluence – Supervised,Gym / Fitness,Gymfluence | Gymfluence Surrey Docks,False,4.0,Surrey Docks Fitness & Water Sports,SE16 7SX,Southwark,51.493796,-0.039449,06:30,07:00,Wednesday,1,False,https://southwarkleisure.co.uk/centres/surrey-docks-fitness-and-watersports-centre/
SLL_Southwark_2049,London Venue,SLL_Southwark,Lane Swim - Medium,Swimming,Swimming | Swimming Canada Water,True,0.0,Canada Water Leisure Cent,,Southwark,,,07:30,08:55,Thursday,1,False,
SLL_Southwark_2050,London Venue,SLL_Southwark,Lane Swim - Medium,Swimming,Swimming | Swimming Canada Water,True,0.0,Canada Water Leisure Cent,,Southwark,,,12:00,13:25,Thursday,1,False,
SLL_Southwark_2051,London Venue,SLL_Southwark,Gymfluence – Supervised,Gym / Fitness,Gymfluence | Gymfluence Canada Water,False,4.0,Canada Water Leisure Cent,,Southwark,,,11:00,12:00,Thursday,1,False,
SLL_Southwark_2052,London Venue,SLL_Southwark,Adult Swimming,Swimming,Swimming | Swimming Canada Water,True,0.0,Canada Water Leisure Cent,,Southwark,,,17:00,17:45,Saturday,1,False,
SLL_Southwark_2053,London Venue,SLL_Southwark,Gymfluence – Supervised,Gym / Fitness,Gymfluence | Gymfluence Peckham,False,9.7,Peckham Pulse Leisure Centre,SE15 5QN,Southwark,51.474074,-0.070885,14:00,15:00,Friday,1,False,https://southwarkleisure.co.uk/centres/peckham-pulse-leisure-centre/
SLL_Southwark_2054,London Venue,SLL_Southwark,Lane Swim - Fast,Swimming,Swimming | Swimming Peckham,False,2.5,Peckham Pulse Leisure Centre,SE15 5QN,Southwark,51.474074,-0.070885,06:30,07:30,Wednesday,1,False,https://southwarkleisure.co.uk/centres/peckham-pulse-leisure-centre/
SLL_Southwark_2055,London Venue,SLL_Southwark,Lane Swim - Fast,Swimming,Swimming | Swimming Canada Water,True,0.0,Canada Water Leisure Cent,,Southwark,,,15:00,15:55,,1,False,
SLL_Southwark_2056,London Venue,SLL_Southwark,Lane Swim - Medium,Swimming,Swimming | Swimming Canada Water,True,0.0,Canada Water Leisure Cent,,Southwark,,,15:00,15:55,Thursday,1,False,
SLL_Southwark_2057,London Venue,SLL_Southwark,Gymfluence – Supervised,Gym / Fitness,Gymfluence | Gymfluence Surrey Docks,False,4.0,Surrey Docks Fitness & Water Sports,SE16 7SX,Southwark,51.493796,-0.039449,21:00,22:00,Monday,1,False,https://southwarkleisure.co.uk/centres/surrey-docks-fitness-and-watersports-centre/
SLL_Southwark_2058,London Venue,SLL_Southwark,Under 5 Swim,Swimming,Swimming | Swimming Dulwich,False,2.5,Dulwich Leisure Centre,SE22 9HB,Southwark,51.460601,-0.071419,09:00,10:00,Sunday,1,False,https://southwarkleisure.co.uk/centres/dulwich-leisure-centre/
SLL_Southwark_2059,London Venue,SLL_Southwark,Gymfluence – Supervised,Gym / Fitness,Gymfluence | Gymfluence Camberwell,False,9.7,Camberwell Leisure Centre,SE5 8TS,Southwark,51.47422,-0.09051,12:00,13:00,Friday,1,False,https://southwarkleisure.co.uk/centres/camberwell-leisure-centre/
SLL_Southwark_2060,London Venue,SLL_Southwark,Family Swim,Swimming,Swimming | Swimming Peckham,True,0.0,Peckham Pulse Leisure Centre,SE15 5QN,Southwark,51.474074,-0.070885,10:00,11:00,Sunday,1,False,https://southwarkleisure.co.uk/centres/peckham-pulse-leisure-centre/
SLL_Southwark_2061,London Venue,SLL_Southwark,Gymfluence – Supervised,Gym / Fitness,Gymfluence | Gymfluence Peckham,False,4.0,Peckham Pulse Leisure Centre,SE15 5QN,Southwark,51.474074,-0.070885,20:00,21:00,Wednesday,1,False,https://southwarkleisure.co.uk/centres/peckham-pulse-leisure-centre/
SLL_Southwark_2062,London Venue,SLL_Southwark,Lane Swim - Medium,Swimming,Swimming | Swimming Canada Water,True,0.0,Canada Water Leisure Cent,,Southwark,,,13:00,13:55,Sunday,1,False,
SLL_Southwark_2063,London Venue,SLL_Southwark,Gymfluence – Supervised,Gym / Fitness,Gymfluence | Gymfluence Canada Water,False,9.7,Canada Water Leisure Cent,,Southwark,,,07:00,08:00,Friday,1,False,
SLL_Southwark_2064,London Venue,SLL_Southwark,Women Only Swim,Swimming,Swimming | Swimming Canada Water,True,0.0,Canada Water Leisure Cent,,Southwark,,,10:00,10:55,Thursday,1,False,
SLL_Southwark_2065,London Venue,SLL_Southwark,Lane Swim - Medium,Swimming,Swimming | Swimming Canada Water,True,0.0,Canada Water Leisure Cent,,Southwark,,,08:00,08:55,Saturday,1,False,
SLL_Southwark_2066,London Venue,SLL_Southwark,Lane Swim - Medium,Swimming,Swimming | Swimming Canada Water,True,0.0,Canada Water Leisure Cent,,Southwark,,,08:00,08:55,Saturday,1,False,
SLL_Southwark_2067,London Venue,SLL_Southwark,Lane Swim - Med,Swimming,Swimming | Swimming Dulwich,True,0.0,Dulwich Leisure Centre,SE22 9HB,Southwark,51.460601,-0.071419,18:00,19:00,,1,False,https://southwarkleisure.co.uk/centres/dulwich-leisure-centre/
SLL_Southwark_2068,London Venue,SLL_Southwark,Family Swim,Swimming,Swimming | Swimming Castle,True,0.0,The Castle Centre,SE1 6FG,Southwark,51.4935,-0.1024,14:00,15:00,,1,False,https://southwarkleisure.co.uk/centres/the-castle-centre/
SLL_Southwark_2069,London Venue,SLL_Southwark,Track Visit,Walking / Running,Athletics | Athletics Track Casual,False,1.2000000000000002,Southwark Athletics Track,SE16 2PE,Southwark,51.4924,-0.0512,15:00,16:00,"Monday, Tuesday, Wednesday, Thursday, Friday",1,False,https://southwarkleisure.co.uk/centres/southwark-park-sports-and-athletics-centre/
SLL_Southwark_2070,London Venue,SLL_Southwark,Public Swim,Swimming,Swimming | Swimming Peckham,True,0.0,Peckham Pulse Leisure Centre,SE15 5QN,Southwark,51.474074,-0.070885,10:00,11:00,Tuesday,1,False,https://southwarkleisure.co.uk/centres/peckham-pulse-leisure-centre/
SLL_Southwark_2071,London Venue,SLL_Southwark,Gymfluence – Supervised,Gym / Fitness,Gymfluence | Gymfluence Canada Water,False,4.0,Canada Water Leisure Cent,,Southwark,,,08:00,09:00,Saturday,1,False,
SLL_Southwark_2072,London Venue,SLL_Southwark,Lane Swim - Slow 45 Min,Swimming,Swimming | Swimming Dulwich,False,2.5,Dulwich Leisure Centre,SE22 9HB,Southwark,51.460601,-0.071419,12:00,12:45,Thursday,1,False,https://southwarkleisure.co.uk/centres/dulwich-leisure-centre/
SLL_Southwark_2073,London Venue,SLL_Southwark,Gymfluence – Supervised,Gym / Fitness,Gymfluence | Gymfluence Peckham,False,9.7,Peckham Pulse Leisure Centre,SE15 5QN,Southwark,51.474074,-0.070885,16:00,17:00,Saturday,1,False,https://southwarkleisure.co.uk/centres/peckham-pulse-leisure-centre/
SLL_Southwark_2074,London Venue,SLL_Southwark,Recreational Watersports,Other / Unspecified,Recreational | Recreational Watersports,False,34.800000000000004,Surrey Docks Fitness & Water Sports,SE16 7SX,Southwark,51.493796,-0.039449,10:00,12:30,Saturday,1,False,https://southwarkleisure.co.uk/centres/surrey-docks-fitness-and-watersports-centre/
SLL_Southwark_2075,London Venue,SLL_Southwark,Gymfluence – Supervised,Gym / Fitness,Gymfluence | Gymfluence Castle,False,4.0,The Castle Centre,SE1 6FG,Southwark,51.4935,-0.1024,10:00,11:00,Monday,1,False,https://southwarkleisure.co.uk/centres/the-castle-centre/
SLL_Southwark_2076,London Venue,SLL_Southwark,Lane Swim - Fast,Swimming,Swimming | Swimming Canada Water,True,0.0,Canada Water Leisure Cent,,Southwark,,,08:00,08:55,Sunday,1,False,
SLL_Southwark_2077,London Venue,SLL_Southwark,Gymfluence – Supervised,Gym / Fitness,Gymfluence | Gymfluence Surrey Docks,False,4.0,Surrey Docks Fitness & Water Sports,SE16 7SX,Southwark,51.493796,-0.039449,18:00,19:00,Tuesday,1,False,https://southwarkleisure.co.uk/centres/surrey-docks-fitness-and-watersports-centre/
SLL_Southwark_2078,London Venue,SLL_Southwark,Lane Swim - Slow,Swimming,Swimming | Swimming Dulwich,False,2.5,Dulwich Leisure Centre,SE22 9HB,Southwark,51.460601,-0.071419,07:30,08:30,,1,False,https://southwarkleisure.co.uk/centres/dulwich-leisure-centre/
SLL_Southwark_2079,London Venue,SLL_Southwark,Gym Session,Gym / Fitness,Gym | Gym Surrey Docks,False,9.7,Surrey Docks Fitness & Water Sports,SE16 7SX,Southwark,51.493796,-0.039449,09:00,10:00,Monday,1,False,https://southwarkleisure.co.uk/centres/surrey-docks-fitness-and-watersports-centre/
SLL_Southwark_2080,London Venue,SLL_Southwark,Lane Swim - Fast,Swimming,Swimming | Swimming Canada Water,True,0.0,Canada Water Leisure Cent,,Southwark,,,13:00,13:55,Saturday,1,False,
SLL_Southwark_2081,London Venue,SLL_Southwark,Lane Swim - Medium,Swimming,Swimming | Swimming Canada Water,True,0.0,Canada Water Leisure Cent,,Southwark,,,13:00,13:55,Saturday,1,False,
SLL_Southwark_2082,London Venue,SLL_Southwark,Lane Swim - Slow,Swimming,Swimming | Swimming Peckham,False,2.5,Peckham Pulse Leisure Centre,SE15 5QN,Southwark,51.474074,-0.070885,07:30,09:00,Tuesday,1,False,https://southwarkleisure.co.uk/centres/peckham-pulse-leisure-centre/
SLL_Southwark_2083,London Venue,SLL_Southwark,Lane Swim - Med,Swimming,Swimming | Swimming Dulwich,True,0.0,Dulwich Leisure Centre,SE22 9HB,Southwark,51.460601,-0.071419,20:00,21:00,,1,False,https://southwarkleisure.co.uk/centres/dulwich-leisure-centre/
SLL_Southwark_2084,London Venue,SLL_Southwark,Women Only Swim 16+ Swim,Swimming,Swimming | Swimming Peckham,True,0.0,Peckham Pulse Leisure Centre,SE15 5QN,Southwark,51.474074,-0.070885,11:00,12:00,Monday,1,False,https://southwarkleisure.co.uk/centres/peckham-pulse-leisure-centre/
SLL_Southwark_2085,London Venue,SLL_Southwark,Gymfluence – Supervised,Gym / Fitness,Gymfluence | Gymfluence Surrey Docks,False,9.7,Surrey Docks Fitness & Water Sports,SE16 7SX,Southwark,51.493796,-0.039449,21:00,22:00,Friday,1,False,https://southwarkleisure.co.uk/centres/surrey-docks-fitness-and-watersports-centre/
SLL_Southwark_2086,London Venue,SLL_Southwark,Gym Session,Gym / Fitness,Gym | Gym Dulwich,False,9.7,Dulwich Leisure Centre,SE22 9HB,Southwark,51.460601,-0.071419,09:00,10:00,Monday,1,False,https://southwarkleisure.co.uk/centres/dulwich-leisure-centre/
SLL_Southwark_2087,London Venue,SLL_Southwark,Gymfluence – Supervised,Gym / Fitness,Gymfluence | Gymfluence Camberwell,False,4.0,Camberwell Leisure Centre,SE5 8TS,Southwark,51.47422,-0.09051,18:00,19:00,Wednesday,1,False,https://southwarkleisure.co.uk/centres/camberwell-leisure-centre/
SLL_Southwark_2088,London Venue,SLL_Southwark,Public Swim,Swimming,Swimming | Swimming Peckham,True,0.0,Peckham Pulse Leisure Centre,SE15 5QN,Southwark,51.474074,-0.070885,09:00,10:00,Saturday,1,False,https://southwarkleisure.co.uk/centres/peckham-pulse-leisure-centre/
SLL_Southwark_2089,London Venue,SLL_Southwark,Gymfluence – Supervised,Gym / Fitness,Gymfluence | Gymfluence Surrey Docks,False,4.0,Surrey Docks Fitness & Water Sports,SE16 7SX,Southwark,51.493796,-0.039449,21:00,22:00,Tuesday,1,False,https://southwarkleisure.co.uk/centres/surrey-docks-fitness-and-watersports-centre/
SLL_Southwark_2090,London Venue,SLL_Southwark,Gymfluence – Supervised,Gym / Fitness,Gymfluence | Gymfluence Surrey Docks,False,4.0,Surrey Docks Fitness & Water Sports,SE16 7SX,Southwark,51.493796,-0.039449,06:30,07:00,Monday,1,False,https://southwarkleisure.co.uk/centres/surrey-docks-fitness-and-watersports-centre/
SLL_Southwark_2091,London Venue,SLL_Southwark,Lane Swim - Slow,Swimming,Swimming | Swimming Canada Water,True,0.0,Canada Water Leisure Cent,,Southwark,,,19:00,19:55,Sunday,1,False,
SLL_Southwark_2092,London Venue,SLL_Southwark,Gymfluence – Supervised,Gym / Fitness,Gymfluence | Gymfluence Canada Water,False,4.0,Canada Water Leisure Cent,,Southwark,,,15:00,16:00,Wednesday,1,False,
SLL_Southwark_2093,London Venue,SLL_Southwark,Lane Swim - Fast,Swimming,Swimming | Swimming Canada Water,True,0.0,Canada Water Leisure Cent,,Southwark,,,20:00,21:30,Sunday,1,False,
SLL_Southwark_2094,London Venue,SLL_Southwark,Lane Swim - Med,Swimming,Swimming | Swimming Dulwich,False,2.5,Dulwich Leisure Centre,SE22 9HB,Southwark,51.460601,-0.071419,06:30,07:30,Monday,1,False,https://southwarkleisure.co.uk/centres/dulwich-leisure-centre/
SLL_Southwark_2095,London Venue,SLL_Southwark,Gymfluence – Supervised,Gym / Fitness,Gymfluence | Gymfluence Castle,False,4.0,The Castle Centre,SE1 6FG,Southwark,51.4935,-0.1024,17:00,18:00,Thursday,1,False,https://southwarkleisure.co.uk/centres/the-castle-centre/
SLL_Southwark_2096,London Venue,SLL_Southwark,Gymfluence – Supervised,Gym / Fitness,Gymfluence | Gymfluence Camberwell,False,4.0,Camberwell Leisure Centre,SE5 8TS,Southwark,51.47422,-0.09051,12:00,13:00,Thursday,1,False,https://southwarkleisure.co.uk/centres/camberwell-leisure-centre/
SLL_Southwark_2097,London Venue,SLL_Southwark,Gymfluence – Supervised,Gym / Fitness,Gymfluence | Gymfluence Peckham,False,4.0,Peckham Pulse Leisure Centre,SE15 5QN,Southwark,51.474074,-0.070885,12:00,13:00,Thursday,1,False,https://southwarkleisure.co.uk/centres/peckham-pulse-leisure-centre/
SLL_Southwark_2098,London Venue,SLL_Southwark,Gymfluence – Supervised,Gym / Fitness,Gymfluence | Gymfluence Castle,False,4.0,The Castle Centre,SE1 6FG,Southwark,51.4935,-0.1024,11:00,12:00,Saturday,1,False,https://southwarkleisure.co.uk/centres/the-castle-centre/
SLL_Southwark_2099,London Venue,SLL_Southwark,Women Only Swim,Swimming,Swimming | Swimming Canada Water,True,0.0,Canada Water Leisure Cent,,Southwark,,,19:00,19:55,Thursday,1,False,
SLL_Southwark_2100,London Venue,SLL_Southwark,Gymfluence – Supervised,Gym / Fitness,Gymfluence | Gymfluence Canada Water,False,4.0,Canada Water Leisure Cent,,Southwark,,,17:00,18:00,Thursday,1,False,
SLL_Southwark_2101,London Venue,SLL_Southwark,Lane Swim - Fast,Swimming,Swimming | Swimming Peckham,True,0.0,Peckham Pulse Leisure Centre,SE15 5QN,Southwark,51.474074,-0.070885,07:30,09:00,Friday,1,False,https://southwarkleisure.co.uk/centres/peckham-pulse-leisure-centre/
SLL_Southwark_2102,London Venue,SLL_Southwark,Gymfluence - Instructor,Gym / Fitness,Gymfluence | Gymfluence Track,False,4.0,Southwark Athletics Track,SE16 2PE,Southwark,51.4924,-0.0512,16:30,17:30,Tuesday,1,False,https://southwarkleisure.co.uk/centres/southwark-park-sports-and-athletics-centre/
SLL_Southwark_2103,London Venue,SLL_Southwark,Gymfluence - Instructor,Gym / Fitness,Gymfluence | Gymfluence Track,False,4.0,Southwark Athletics Track,SE16 2PE,Southwark,51.4924,-0.0512,15:30,16:30,Tuesday,1,False,https://southwarkleisure.co.uk/centres/southwark-park-sports-and-athletics-centre/
SLL_Southwark_2104,London Venue,SLL_Southwark,Lane Swim - Slow,Swimming,Swimming | Swimming Castle,True,0.0,The Castle Centre,SE1 6FG,Southwark,51.4935,-0.1024,12:00,12:55,Tuesday,1,False,https://southwarkleisure.co.uk/centres/the-castle-centre/
SLL_Southwark_2105,London Venue,SLL_Southwark,Gymfluence – Supervised,Gym / Fitness,Gymfluence | Gymfluence Castle,False,4.0,The Castle Centre,SE1 6FG,Southwark,51.4935,-0.1024,09:00,10:00,Thursday,1,False,https://southwarkleisure.co.uk/centres/the-castle-centre/
SLL_Southwark_2106,London Venue,SLL_Southwark,Gymfluence – Supervised,Gym / Fitness,Gymfluence | Gymfluence Camberwell,False,4.0,Camberwell Leisure Centre,SE5 8TS,Southwark,51.47422,-0.09051,07:00,08:00,Tuesday,1,False,https://southwarkleisure.co.uk/centres/camberwell-leisure-centre/
SLL_Southwark_2107,London Venue,SLL_Southwark,Gymfluence – Supervised,Gym / Fitness,Gymfluence | Gymfluence Camberwell,False,4.0,Camberwell Leisure Centre,SE5 8TS,Southwark,51.47422,-0.09051,08:00,09:00,Tuesday,1,False,https://southwarkleisure.co.uk/centres/camberwell-leisure-centre/
SLL_Southwark_2108,London Venue,SLL_Southwark,Lane Swim - Slow 45 Min,Swimming,Swimming | Swimming Dulwich,False,2.5,Dulwich Leisure Centre,SE22 9HB,Southwark,51.460601,-0.071419,12:00,12:45,Monday,1,False,https://southwarkleisure.co.uk/centres/dulwich-leisure-centre/
SLL_Southwark_2109,London Venue,SLL_Southwark,Gymfluence – Supervised,Gym / Fitness,Gymfluence | Gymfluence Camberwell,False,4.0,Camberwell Leisure Centre,SE5 8TS,Southwark,51.47422,-0.09051,15:00,16:00,Monday,1,False,https://southwarkleisure.co.uk/centres/camberwell-leisure-centre/
SLL_Southwark_2110,London Venue,SLL_Southwark,Gym Session + Silver,Gym / Fitness,Gym | Gym Peckham,False,9.7,Peckham Pulse Leisure Centre,SE15 5QN,Southwark,51.474074,-0.070885,08:00,09:00,Monday,1,False,https://southwarkleisure.co.uk/centres/peckham-pulse-leisure-centre/
SLL_Southwark_2111,London Venue,SLL_Southwark,Gymfluence – Supervised,Gym / Fitness,Gymfluence | Gymfluence Peckham,False,9.7,Peckham Pulse Leisure Centre,SE15 5QN,Southwark,51.474074,-0.070885,20:00,21:00,Friday,1,False,https://southwarkleisure.co.uk/centres/peckham-pulse-leisure-centre/
SLL_Southwark_2112,London Venue,SLL_Southwark,Public Swim,Swimming,Swimming | Swimming Peckham,True,0.0,Peckham Pulse Leisure Centre,SE15 5QN,Southwark,51.474074,-0.070885,09:00,10:00,,1,False,https://southwarkleisure.co.uk/centres/peckham-pulse-leisure-centre/
SLL_Southwark_2113,London Venue,SLL_Southwark,Lane Swim - Slow,Swimming,Swimming | Swimming Peckham,False,2.5,Peckham Pulse Leisure Centre,SE15 5QN,Southwark,51.474074,-0.070885,12:00,13:30,Wednesday,1,False,https://southwarkleisure.co.uk/centres/peckham-pulse-leisure-centre/
SLL_Southwark_2114,London Venue,SLL_Southwark,Gymfluence – Supervised,Gym / Fitness,Gymfluence | Gymfluence Camberwell,False,4.0,Camberwell Leisure Centre,SE5 8TS,Southwark,51.47422,-0.09051,16:00,17:00,Monday,1,False,https://southwarkleisure.co.uk/centres/camberwell-leisure-centre/
SLL_Southwark_2115,London Venue,SLL_Southwark,Gymfluence – Supervised,Gym / Fitness,Gymfluence | Gymfluence Camberwell,False,4.0,Camberwell Leisure Centre,SE5 8TS,Southwark,51.47422,-0.09051,08:00,09:00,Monday,1,False,https://southwarkleisure.co.uk/centres/camberwell-leisure-centre/
SLL_Southwark_2116,London Venue,SLL_Southwark,Gym Session + Silver,Gym / Fitness,Gym | Gym Peckham,False,9.7,Peckham Pulse Leisure Centre,SE15 5QN,Southwark,51.474074,-0.070885,09:00,10:00,Monday,1,False,https://southwarkleisure.co.uk/centres/peckham-pulse-leisure-centre/
SLL_Southwark_2117,London Venue,SLL_Southwark,Gymfluence – Supervised,Gym / Fitness,Gymfluence | Gymfluence Canada Water,False,9.7,Canada Water Leisure Cent,,Southwark,,,21:00,22:00,Friday,1,False,
SLL_Southwark_2118,London Venue,SLL_Southwark,Gymfluence – Supervised,Gym / Fitness,Gymfluence | Gymfluence Castle,False,4.0,The Castle Centre,SE1 6FG,Southwark,51.4935,-0.1024,10:00,11:00,Wednesday,1,False,https://southwarkleisure.co.uk/centres/the-castle-centre/
SLL_Southwark_2119,London Venue,SLL_Southwark,Public Swim,Swimming,Swimming | Swimming Canada Water,True,0.0,Canada Water Leisure Cent,,Southwark,,,14:00,14:55,Saturday,1,False,
SLL_Southwark_2120,London Venue,SLL_Southwark,Lane Swim - Med 45 Mon,Swimming,Swimming | Swimming Dulwich,False,2.5,Dulwich Leisure Centre,SE22 9HB,Southwark,51.460601,-0.071419,12:00,12:45,Thursday,1,False,https://southwarkleisure.co.uk/centres/dulwich-leisure-centre/
SLL_Southwark_2121,London Venue,SLL_Southwark,Adult Swim,Swimming,Swimming | Swimming Peckham,True,0.0,Peckham Pulse Leisure Centre,SE15 5QN,Southwark,51.474074,-0.070885,07:30,08:30,Friday,1,False,https://southwarkleisure.co.uk/centres/peckham-pulse-leisure-centre/
SLL_Southwark_2122,London Venue,SLL_Southwark,Gymfluence – Supervised,Gym / Fitness,Gymfluence | Gymfluence Camberwell,False,9.7,Camberwell Leisure Centre,SE5 8TS,Southwark,51.47422,-0.09051,18:00,19:00,Sunday,1,False,https://southwarkleisure.co.uk/centres/camberwell-leisure-centre/
SLL_Southwark_2123,London Venue,SLL_Southwark,Gymfluence - Instructor,Gym / Fitness,Gymfluence | Gymfluence Track,False,4.0,Southwark Athletics Track,SE16 2PE,Southwark,51.4924,-0.0512,10:00,11:00,Saturday,1,False,https://southwarkleisure.co.uk/centres/southwark-park-sports-and-athletics-centre/
SLL_Southwark_2124,London Venue,SLL_Southwark,Gymfluence - Instructor,Gym / Fitness,Gymfluence | Gymfluence Track,False,4.0,Southwark Athletics Track,SE16 2PE,Southwark,51.4924,-0.0512,11:00,12:00,Saturday,1,False,https://southwarkleisure.co.uk/centres/southwark-park-sports-and-athletics-centre/
SLL_Southwark_2125,London Venue,SLL_Southwark,Gym Session,Gym / Fitness,Gym | Gym Castle,False,9.7,The Castle Centre,SE1 6FG,Southwark,51.4935,-0.1024,14:00,15:00,Wednesday,1,False,https://southwarkleisure.co.uk/centres/the-castle-centre/
SLL_Southwark_2126,London Venue,SLL_Southwark,Lane Swim - Med,Swimming,Swimming | Swimming Dulwich,False,2.5,Dulwich Leisure Centre,SE22 9HB,Southwark,51.460601,-0.071419,08:30,09:30,,1,False,https://southwarkleisure.co.uk/centres/dulwich-leisure-centre/
SLL_Southwark_2127,London Venue,SLL_Southwark,Gymfluence – Supervised,Gym / Fitness,Gymfluence | Gymfluence Canada Water,False,4.0,Canada Water Leisure Cent,,Southwark,,,06:30,07:00,Thursday,1,False,
SLL_Southwark_2128,London Venue,SLL_Southwark,Gymfluence – Supervised,Gym / Fitness,Gymfluence | Gymfluence Camberwell,False,4.0,Camberwell Leisure Centre,SE5 8TS,Southwark,51.47422,-0.09051,11:00,12:00,Wednesday,1,False,https://southwarkleisure.co.uk/centres/camberwell-leisure-centre/
SLL_Southwark_2129,London Venue,SLL_Southwark,Gymfluence – Supervised,Gym / Fitness,Gymfluence | Gymfluence Camberwell,False,4.0,Camberwell Leisure Centre,SE5 8TS,Southwark,51.47422,-0.09051,12:00,13:00,Wednesday,1,False,https://southwarkleisure.co.uk/centres/camberwell-leisure-centre/
SLL_Southwark_2130,London Venue,SLL_Southwark,Lane Swim - Slow,Swimming,Swimming | Swimming Canada Water,True,0.0,Canada Water Leisure Cent,,Southwark,,,13:00,13:55,Sunday,1,False,
SLL_Southwark_2131,London Venue,SLL_Southwark,Public Swim,Swimming,Swimming | Swimming Canada Water,True,0.0,Canada Water Leisure Cent,,Southwark,,,14:00,14:55,Sunday,1,False,
SLL_Southwark_2132,London Venue,SLL_Southwark,Lane Swim - Slow,Swimming,Swimming | Swimming Peckham,True,0.0,Peckham Pulse Leisure Centre,SE15 5QN,Southwark,51.474074,-0.070885,06:30,07:30,Friday,1,False,https://southwarkleisure.co.uk/centres/peckham-pulse-leisure-centre/
SLL_Southwark_2133,London Venue,SLL_Southwark,Track Visit,Walking / Running,Athletics | Athletics Track Casual,False,1.2000000000000002,Southwark Athletics Track,SE16 2PE,Southwark,51.4924,-0.0512,16:00,17:00,Sunday,1,False,https://southwarkleisure.co.uk/centres/southwark-park-sports-and-athletics-centre/
SLL_Southwark_2134,London Venue,SLL_Southwark,Lane Swim - Fast,Swimming,Swimming | Swimming Dulwich,True,0.0,Dulwich Leisure Centre,SE22 9HB,Southwark,51.460601,-0.071419,06:30,07:30,,1,False,https://southwarkleisure.co.uk/centres/dulwich-leisure-centre/
SLL_Southwark_2135,London Venue,SLL_Southwark,Gymfluence – Supervised,Gym / Fitness,Gymfluence | Gymfluence Surrey Docks,False,4.0,Surrey Docks Fitness & Water Sports,SE16 7SX,Southwark,51.493796,-0.039449,14:00,15:00,Wednesday,1,False,https://southwarkleisure.co.uk/centres/surrey-docks-fitness-and-watersports-centre/
SLL_Southwark_2136,London Venue,SLL_Southwark,Gymfluence – Supervised,Gym / Fitness,Gymfluence | Gymfluence Surrey Docks,False,4.0,Surrey Docks Fitness & Water Sports,SE16 7SX,Southwark,51.493796,-0.039449,13:00,14:00,Thursday,1,False,https://southwarkleisure.co.uk/centres/surrey-docks-fitness-and-watersports-centre/
SLL_Southwark_2137,London Venue,SLL_Southwark,Gymfluence – Supervised,Gym / Fitness,Gymfluence | Gymfluence Surrey Docks,False,4.0,Surrey Docks Fitness & Water Sports,SE16 7SX,Southwark,51.493796,-0.039449,18:00,19:00,Wednesday,1,False,https://southwarkleisure.co.uk/centres/surrey-docks-fitness-and-watersports-centre/
SLL_Southwark_2138,London Venue,SLL_Southwark,Gymfluence – Supervised,Gym / Fitness,Gymfluence | Gymfluence Castle,False,4.0,The Castle Centre,SE1 6FG,Southwark,51.4935,-0.1024,14:00,15:00,Wednesday,1,False,https://southwarkleisure.co.uk/centres/the-castle-centre/
SLL_Southwark_2139,London Venue,SLL_Southwark,Public Swim,Swimming,Swimming | Swimming Canada Water,True,0.0,Canada Water Leisure Cent,,Southwark,,,15:00,15:55,Sunday,1,False,
SLL_Southwark_2140,London Venue,SLL_Southwark,Gymfluence – Supervised,Gym / Fitness,Gymfluence | Gymfluence Castle,False,9.7,The Castle Centre,SE1 6FG,Southwark,51.4935,-0.1024,21:00,22:00,Sunday,1,False,https://southwarkleisure.co.uk/centres/the-castle-centre/
SLL_Southwark_2141,London Venue,SLL_Southwark,Gymfluence – Supervised,Gym / Fitness,Gymfluence | Gymfluence Surrey Docks,False,4.0,Surrey Docks Fitness & Water Sports,SE16 7SX,Southwark,51.493796,-0.039449,09:00,10:00,Wednesday,1,False,https://southwarkleisure.co.uk/centres/surrey-docks-fitness-and-watersports-centre/
SLL_Southwark_2142,London Venue,SLL_Southwark,Adult Swim,Swimming,Swimming | Swimming Peckham,True,0.0,Peckham Pulse Leisure Centre,SE15 5QN,Southwark,51.474074,-0.070885,17:00,18:00,Sunday,1,False,https://southwarkleisure.co.uk/centres/peckham-pulse-leisure-centre/
SLL_Southwark_2143,London Venue,SLL_Southwark,Public Swim,Swimming,Swimming | Swimming Canada Water,True,0.0,Canada Water Leisure Cent,,Southwark,,,16:00,16:55,Sunday,1,False,
SLL_Southwark_2144,London Venue,SLL_Southwark,Lane Swim - Medium,Swimming,Swimming | Swimming Canada Water,True,0.0,Canada Water Leisure Cent,,Southwark,,,21:00,21:45,Monday,1,False,
SLL_Southwark_2145,London Venue,SLL_Southwark,Lane Swim - Slow,Swimming,Swimming | Swimming Canada Water,True,0.0,Canada Water Leisure Cent,,Southwark,,,21:00,21:45,Monday,1,False,
SLL_Southwark_2146,London Venue,SLL_Southwark,Public Swim,Swimming,Swimming | Swimming Peckham,True,0.0,Peckham Pulse Leisure Centre,SE15 5QN,Southwark,51.474074,-0.070885,15:00,16:00,Friday,1,False,https://southwarkleisure.co.uk/centres/peckham-pulse-leisure-centre/
SLL_Southwark_2147,London Venue,SLL_Southwark,Gymfluence – Supervised,Gym / Fitness,Gymfluence | Gymfluence Peckham,False,9.7,Peckham Pulse Leisure Centre,SE15 5QN,Southwark,51.474074,-0.070885,21:00,22:00,Friday,1,False,https://southwarkleisure.co.uk/centres/peckham-pulse-leisure-centre/
SLL_Southwark_2148,London Venue,SLL_Southwark,Gymfluence – Supervised,Gym / Fitness,Gymfluence | Gymfluence Surrey Docks,False,4.0,Surrey Docks Fitness & Water Sports,SE16 7SX,Southwark,51.493796,-0.039449,10:00,11:00,Wednesday,1,False,https://southwarkleisure.co.uk/centres/surrey-docks-fitness-and-watersports-centre/
SLL_Southwark_2149,London Venue,SLL_Southwark,Gymfluence – Supervised,Gym / Fitness,Gymfluence | Gymfluence Peckham,False,9.7,Peckham Pulse Leisure Centre,SE15 5QN,Southwark,51.474074,-0.070885,19:00,20:00,Friday,1,False,https://southwarkleisure.co.uk/centres/peckham-pulse-leisure-centre/
SLL_Southwark_2150,London Venue,SLL_Southwark,Gymfluence – Supervised,Gym / Fitness,Gymfluence | Gymfluence Peckham,False,4.0,Peckham Pulse Leisure Centre,SE15 5QN,Southwark,51.474074,-0.070885,17:00,18:00,Thursday,1,False,https://southwarkleisure.co.uk/centres/peckham-pulse-leisure-centre/
SLL_Southwark_2151,London Venue,SLL_Southwark,Lane Swim - Fast,Swimming,Swimming | Swimming Dulwich,False,2.5,Dulwich Leisure Centre,SE22 9HB,Southwark,51.460601,-0.071419,20:00,21:00,Monday,1,False,https://southwarkleisure.co.uk/centres/dulwich-leisure-centre/
SLL_Southwark_2152,London Venue,SLL_Southwark,Lane Swim - Slow,Swimming,Swimming | Swimming Peckham,False,2.5,Peckham Pulse Leisure Centre,SE15 5QN,Southwark,51.474074,-0.070885,07:00,08:00,Saturday,1,False,https://southwarkleisure.co.uk/centres/peckham-pulse-leisure-centre/
SLL_Southwark_2153,London Venue,SLL_Southwark,Track Visit,Walking / Running,Athletics | Athletics Track Casual,False,1.2000000000000002,Southwark Athletics Track,SE16 2PE,Southwark,51.4924,-0.0512,13:00,14:00,Saturday,1,False,https://southwarkleisure.co.uk/centres/southwark-park-sports-and-athletics-centre/
SLL_Southwark_2154,London Venue,SLL_Southwark,Lane Swim - Fast,Swimming,Swimming | Swimming Castle,True,0.0,The Castle Centre,SE1 6FG,Southwark,51.4935,-0.1024,06:30,07:25,Wednesday,1,False,https://southwarkleisure.co.uk/centres/the-castle-centre/
SLL_Southwark_2155,London Venue,SLL_Southwark,Gymfluence - Instructor,Gym / Fitness,Gymfluence | Gymfluence Surrey Docks,False,4.0,Surrey Docks Fitness & Water Sports,SE16 7SX,Southwark,51.493796,-0.039449,16:30,17:30,Wednesday,1,False,https://southwarkleisure.co.uk/centres/surrey-docks-fitness-and-watersports-centre/
SLL_Southwark_2156,London Venue,SLL_Southwark,Gymfluence Induction,Gym / Fitness,Gymfluence | Gymfluence Castle,True,0.0,The Castle Centre,SE1 6FG,Southwark,51.4935,-0.1024,12:00,12:30,Saturday,1,False,https://southwarkleisure.co.uk/centres/the-castle-centre/
SLL_Southwark_2157,London Venue,SLL_Southwark,Gymfluence – Supervised,Gym / Fitness,Gymfluence | Gymfluence Peckham,False,4.0,Peckham Pulse Leisure Centre,SE15 5QN,Southwark,51.474074,-0.070885,12:00,13:00,Monday,1,False,https://southwarkleisure.co.uk/centres/peckham-pulse-leisure-centre/
SLL_Southwark_2158,London Venue,SLL_Southwark,Public Swim,Swimming,Swimming | Swimming Canada Water,True,0.0,Canada Water Leisure Cent,,Southwark,,,17:00,17:55,Friday,1,False,
SLL_Southwark_2159,London Venue,SLL_Southwark,Public Swim,Swimming,Swimming | Swimming Canada Water,True,0.0,Canada Water Leisure Cent,,Southwark,,,18:00,18:55,Friday,1,False,
SLL_Southwark_2160,London Venue,SLL_Southwark,Lane Swim - Slow,Swimming,Swimming | Swimming Canada Water,True,0.0,Canada Water Leisure Cent,,Southwark,,,12:00,13:25,Thursday,1,False,
SLL_Southwark_2161,London Venue,SLL_Southwark,Gymfluence – Supervised,Gym / Fitness,Gymfluence | Gymfluence Castle,False,4.0,The Castle Centre,SE1 6FG,Southwark,51.4935,-0.1024,15:00,16:00,Thursday,1,False,https://southwarkleisure.co.uk/centres/the-castle-centre/
SLL_Southwark_2162,London Venue,SLL_Southwark,Gymfluence – Supervised,Gym / Fitness,Gymfluence | Gymfluence Surrey Docks,False,4.0,Surrey Docks Fitness & Water Sports,SE16 7SX,Southwark,51.493796,-0.039449,18:00,19:00,Thursday,1,False,https://southwarkleisure.co.uk/centres/surrey-docks-fitness-and-watersports-centre/
SLL_Southwark_2163,London Venue,SLL_Southwark,Gymfluence – Supervised,Gym / Fitness,Gymfluence | Gymfluence Castle,False,4.0,The Castle Centre,SE1 6FG,Southwark,51.4935,-0.1024,14:00,15:00,Monday,1,False,https://southwarkleisure.co.uk/centres/the-castle-centre/
SLL_Southwark_2164,London Venue,SLL_Southwark,Gymfluence – Supervised,Gym / Fitness,Gymfluence | Gymfluence Camberwell,False,4.0,Camberwell Leisure Centre,SE5 8TS,Southwark,51.47422,-0.09051,16:00,17:00,Wednesday,1,False,https://southwarkleisure.co.uk/centres/camberwell-leisure-centre/
SLL_Southwark_2165,London Venue,SLL_Southwark,Lane Swim - Slow,Swimming,Swimming | Swimming Peckham,False,2.5,Peckham Pulse Leisure Centre,SE15 5QN,Southwark,51.474074,-0.070885,15:00,16:00,Monday,1,False,https://southwarkleisure.co.uk/centres/peckham-pulse-leisure-centre/
SLL_Southwark_2166,London Venue,SLL_Southwark,Lane Swim - Fast,Swimming,Swimming | Swimming Castle,True,0.0,The Castle Centre,SE1 6FG,Southwark,51.4935,-0.1024,13:00,13:55,Tuesday,1,False,https://southwarkleisure.co.uk/centres/the-castle-centre/
SLL_Southwark_2167,London Venue,SLL_Southwark,Gymfluence – Supervised,Gym / Fitness,Gymfluence | Gymfluence Surrey Docks,False,4.0,Surrey Docks Fitness & Water Sports,SE16 7SX,Southwark,51.493796,-0.039449,15:00,16:00,Sunday,1,False,https://southwarkleisure.co.uk/centres/surrey-docks-fitness-and-watersports-centre/
SLL_Southwark_2168,London Venue,SLL_Southwark,Lane Swim - Medium,Swimming,Swimming | Swimming Canada Water,True,0.0,Canada Water Leisure Cent,,Southwark,,,06:30,07:25,Friday,1,False,
SLL_Southwark_2169,London Venue,SLL_Southwark,Lane Swim - Medium,Swimming,Swimming | Swimming Canada Water,True,0.0,Canada Water Leisure Cent,,Southwark,,,06:30,07:25,Friday,1,False,
SLL_Southwark_2170,London Venue,SLL_Southwark,Gymfluence – Supervised,Gym / Fitness,Gymfluence | Gymfluence Castle,False,4.0,The Castle Centre,SE1 6FG,Southwark,51.4935,-0.1024,14:00,15:00,Tuesday,1,False,https://southwarkleisure.co.uk/centres/the-castle-centre/
SLL_Southwark_2171,London Venue,SLL_Southwark,Gymfluence – Supervised,Gym / Fitness,Gymfluence | Gymfluence Castle,False,4.0,The Castle Centre,SE1 6FG,Southwark,51.4935,-0.1024,18:00,19:00,Tuesday,1,False,https://southwarkleisure.co.uk/centres/the-castle-centre/
SLL_Southwark_2172,London Venue,SLL_Southwark,Lane Swim - Slow,Swimming,Swimming | Swimming Canada Water,True,0.0,Canada Water Leisure Cent,,Southwark,,,18:00,18:55,Sunday,1,False,
SLL_Southwark_2173,London Venue,SLL_Southwark,Egym Induction,Gym / Fitness,Gym | Gym Peckham,True,0.0,Peckham Pulse Leisure Centre,SE15 5QN,Southwark,51.474074,-0.070885,08:00,08:30,Tuesday,1,False,https://southwarkleisure.co.uk/centres/peckham-pulse-leisure-centre/
SLL_Southwark_2174,London Venue,SLL_Southwark,Public Swim,Swimming,Swimming | Swimming Canada Water,True,0.0,Canada Water Leisure Cent,,Southwark,,,09:00,09:55,Monday,1,False,
SLL_Southwark_2175,London Venue,SLL_Southwark,Public Swim,Swimming,Swimming | Swimming Canada Water,True,0.0,Canada Water Leisure Cent,,Southwark,,,10:00,10:55,Monday,1,False,
SLL_Southwark_2176,London Venue,SLL_Southwark,Gymfluence – Supervised,Gym / Fitness,Gymfluence | Gymfluence Peckham,False,4.0,Peckham Pulse Leisure Centre,SE15 5QN,Southwark,51.474074,-0.070885,13:00,14:00,Monday,1,False,https://southwarkleisure.co.uk/centres/peckham-pulse-leisure-centre/
SLL_Southwark_2177,London Venue,SLL_Southwark,Gymfluence – Supervised,Gym / Fitness,Gymfluence | Gymfluence Peckham,False,4.0,Peckham Pulse Leisure Centre,SE15 5QN,Southwark,51.474074,-0.070885,21:00,22:00,Wednesday,1,False,https://southwarkleisure.co.uk/centres/peckham-pulse-leisure-centre/
SLL_Southwark_2178,London Venue,SLL_Southwark,Soft Play Session 0-8yr,Other / Unspecified,Soft | Soft Play Peckham,False,3.6,Peckham Pulse Leisure Centre,SE15 5QN,Southwark,51.474074,-0.070885,15:00,16:00,"Monday, Tuesday, Wednesday, Thursday, Friday, Saturday",1,False,https://southwarkleisure.co.uk/centres/peckham-pulse-leisure-centre/
SLL_Southwark_2179,London Venue,SLL_Southwark,Gymfluence – Supervised,Gym / Fitness,Gymfluence | Gymfluence Camberwell,False,9.7,Camberwell Leisure Centre,SE5 8TS,Southwark,51.47422,-0.09051,11:00,12:00,Friday,1,False,https://southwarkleisure.co.uk/centres/camberwell-leisure-centre/
SLL_Southwark_2180,London Venue,SLL_Southwark,Lane Swim - Slow,Swimming,Swimming | Swimming Canada Water,True,0.0,Canada Water Leisure Cent,,Southwark,,,16:00,16:45,Saturday,1,False,
SLL_Southwark_2181,London Venue,SLL_Southwark,Lane Swim - Fast,Swimming,Swimming | Swimming Canada Water,True,0.0,Canada Water Leisure Cent,,Southwark,,,17:00,17:45,Saturday,1,False,
SLL_Southwark_2182,London Venue,SLL_Southwark,Gymfluence – Supervised,Gym / Fitness,Gymfluence | Gymfluence Camberwell,False,4.0,Camberwell Leisure Centre,SE5 8TS,Southwark,51.47422,-0.09051,09:00,10:00,Thursday,1,False,https://southwarkleisure.co.uk/centres/camberwell-leisure-centre/
SLL_Southwark_2183,London Venue,SLL_Southwark,Gymfluence – Supervised,Gym / Fitness,Gymfluence | Gymfluence Camberwell,False,4.0,Camberwell Leisure Centre,SE5 8TS,Southwark,51.47422,-0.09051,13:00,14:00,Tuesday,1,False,https://southwarkleisure.co.uk/centres/camberwell-leisure-centre/
SLL_Southwark_2184,London Venue,SLL_Southwark,Gymfluence – Supervised,Gym / Fitness,Gymfluence | Gymfluence Camberwell,False,9.7,Camberwell Leisure Centre,SE5 8TS,Southwark,51.47422,-0.09051,19:00,20:00,Friday,1,False,https://southwarkleisure.co.uk/centres/camberwell-leisure-centre/
SLL_Southwark_2185,London Venue,SLL_Southwark,Gymfluence - Instructor,Gym / Fitness,Gymfluence | Gymfluence Surrey Docks,False,4.0,Surrey Docks Fitness & Water Sports,SE16 7SX,Southwark,51.493796,-0.039449,16:30,17:30,Tuesday,1,False,https://southwarkleisure.co.uk/centres/surrey-docks-fitness-and-watersports-centre/
SLL_Southwark_2186,London Venue,SLL_Southwark,Gymfluence - Instructor,Gym / Fitness,Gymfluence | Gymfluence Surrey Docks,False,4.0,Surrey Docks Fitness & Water Sports,SE16 7SX,Southwark,51.493796,-0.039449,10:00,11:00,Saturday,1,False,https://southwarkleisure.co.uk/centres/surrey-docks-fitness-and-watersports-centre/
SLL_Southwark_2187,London Venue,SLL_Southwark,Lane Swim - Fast,Swimming,Swimming | Swimming Peckham,True,0.0,Peckham Pulse Leisure Centre,SE15 5QN,Southwark,51.474074,-0.070885,21:00,21:45,,1,False,https://southwarkleisure.co.uk/centres/peckham-pulse-leisure-centre/
SLL_Southwark_2188,London Venue,SLL_Southwark,Public Swim,Swimming,Swimming | Swimming Castle,True,0.0,The Castle Centre,SE1 6FG,Southwark,51.4935,-0.1024,15:00,15:50,Thursday,1,False,https://southwarkleisure.co.uk/centres/the-castle-centre/
SLL_Southwark_2189,London Venue,SLL_Southwark,U5 Fun Swim,Swimming,Swimming | Swimming Peckham,True,0.0,Peckham Pulse Leisure Centre,SE15 5QN,Southwark,51.474074,-0.070885,11:00,12:00,Sunday,1,False,https://southwarkleisure.co.uk/centres/peckham-pulse-leisure-centre/
SLL_Southwark_2190,London Venue,SLL_Southwark,Silver Gym Session,Gym / Fitness,Gym | Gym Canada Water,False,9.7,Canada Water Leisure Cent,,Southwark,,,09:00,10:00,Monday,1,False,
SLL_Southwark_2191,London Venue,SLL_Southwark,Gymfluence – Supervised,Gym / Fitness,Gymfluence | Gymfluence Canada Water,False,4.0,Canada Water Leisure Cent,,Southwark,,,09:00,10:00,Monday,1,False,
SLL_Southwark_2192,London Venue,SLL_Southwark,Gymfluence – Supervised,Gym / Fitness,Gymfluence | Gymfluence Canada Water,False,4.0,Canada Water Leisure Cent,,Southwark,,,12:00,13:00,Wednesday,1,False,
SLL_Southwark_2193,London Venue,SLL_Southwark,Lane Swim - Slow,Swimming,Swimming | Swimming Canada Water,True,0.0,Canada Water Leisure Cent,,Southwark,,,21:00,21:45,Friday,1,False,
SLL_Southwark_2194,London Venue,SLL_Southwark,Lane Swim - Slow,Swimming,Swimming | Swimming Peckham,False,2.5,Peckham Pulse Leisure Centre,SE15 5QN,Southwark,51.474074,-0.070885,07:30,09:00,,1,False,https://southwarkleisure.co.uk/centres/peckham-pulse-leisure-centre/
SLL_Southwark_2195,London Venue,SLL_Southwark,Lane Swim - Med,Swimming,Swimming | Swimming Dulwich,True,0.0,Dulwich Leisure Centre,SE22 9HB,Southwark,51.460601,-0.071419,08:30,09:30,,1,False,https://southwarkleisure.co.uk/centres/dulwich-leisure-centre/
SLL_Southwark_2196,London Venue,SLL_Southwark,Gymfluence – Supervised,Gym / Fitness,Gymfluence | Gymfluence Surrey Docks,False,4.0,Surrey Docks Fitness & Water Sports,SE16 7SX,Southwark,51.493796,-0.039449,20:00,21:00,Thursday,1,False,https://southwarkleisure.co.uk/centres/surrey-docks-fitness-and-watersports-centre/
SLL_Southwark_2197,London Venue,SLL_Southwark,Public Swim,Swimming,Swimming | Swimming Peckham,True,0.0,Peckham Pulse Leisure Centre,SE15 5QN,Southwark,51.474074,-0.070885,16:00,17:00,Wednesday,1,False,https://southwarkleisure.co.uk/centres/peckham-pulse-leisure-centre/
SLL_Southwark_2198,London Venue,SLL_Southwark,Gymfluence – Supervised,Gym / Fitness,Gymfluence | Gymfluence Surrey Docks,False,9.7,Surrey Docks Fitness & Water Sports,SE16 7SX,Southwark,51.493796,-0.039449,15:00,16:00,Friday,1,False,https://southwarkleisure.co.uk/centres/surrey-docks-fitness-and-watersports-centre/
SLL_Southwark_2199,London Venue,SLL_Southwark,Lane Swim - Slow,Swimming,Swimming | Swimming Peckham,False,2.5,Peckham Pulse Leisure Centre,SE15 5QN,Southwark,51.474074,-0.070885,21:00,21:45,Monday,1,False,https://southwarkleisure.co.uk/centres/peckham-pulse-leisure-centre/
SLL_Southwark_2200,London Venue,SLL_Southwark,Lane Swim - Slow,Swimming,Swimming | Swimming Dulwich,True,0.0,Dulwich Leisure Centre,SE22 9HB,Southwark,51.460601,-0.071419,08:30,09:30,,1,False,https://southwarkleisure.co.uk/centres/dulwich-leisure-centre/
SLL_Southwark_2201,London Venue,SLL_Southwark,Gymfluence – Supervised,Gym / Fitness,Gymfluence | Gymfluence Canada Water,False,4.0,Canada Water Leisure Cent,,Southwark,,,12:00,13:00,Sunday,1,False,
SLL_Southwark_2202,London Venue,SLL_Southwark,Gymfluence – Supervised,Gym / Fitness,Gymfluence | Gymfluence Peckham,False,4.0,Peckham Pulse Leisure Centre,SE15 5QN,Southwark,51.474074,-0.070885,20:00,21:00,Thursday,1,False,https://southwarkleisure.co.uk/centres/peckham-pulse-leisure-centre/
SLL_Southwark_2203,London Venue,SLL_Southwark,Gymfluence – Supervised,Gym / Fitness,Gymfluence | Gymfluence Castle,False,9.7,The Castle Centre,SE1 6FG,Southwark,51.4935,-0.1024,17:00,18:00,Saturday,1,False,https://southwarkleisure.co.uk/centres/the-castle-centre/
SLL_Southwark_2204,London Venue,SLL_Southwark,Gymfluence – Supervised,Gym / Fitness,Gymfluence | Gymfluence Surrey Docks,False,9.7,Surrey Docks Fitness & Water Sports,SE16 7SX,Southwark,51.493796,-0.039449,16:00,17:00,Friday,1,False,https://southwarkleisure.co.uk/centres/surrey-docks-fitness-and-watersports-centre/
SLL_Southwark_2205,London Venue,SLL_Southwark,Lane Swim - Fast 45 Min,Swimming,Swimming | Swimming Dulwich,False,2.5,Dulwich Leisure Centre,SE22 9HB,Southwark,51.460601,-0.071419,21:00,21:45,Thursday,1,False,https://southwarkleisure.co.uk/centres/dulwich-leisure-centre/
SLL_Southwark_2206,London Venue,SLL_Southwark,Lane Swim - Fast,Swimming,Swimming | Swimming Canada Water,True,0.0,Canada Water Leisure Cent,,Southwark,,,12:00,13:25,Thursday,1,False,
SLL_Southwark_2207,London Venue,SLL_Southwark,Lane Swim - Medium,Swimming,Swimming | Swimming Canada Water,True,0.0,Canada Water Leisure Cent,,Southwark,,,12:00,13:25,Thursday,1,False,
SLL_Southwark_2208,London Venue,SLL_Southwark,Gymfluence – Supervised,Gym / Fitness,Gymfluence | Gymfluence Canada Water,False,4.0,Canada Water Leisure Cent,,Southwark,,,09:00,10:00,Sunday,1,False,
SLL_Southwark_2209,London Venue,SLL_Southwark,Gymfluence – Supervised,Gym / Fitness,Gymfluence | Gymfluence Surrey Docks,False,9.7,Surrey Docks Fitness & Water Sports,SE16 7SX,Southwark,51.493796,-0.039449,17:00,18:00,Friday,1,False,https://southwarkleisure.co.uk/centres/surrey-docks-fitness-and-watersports-centre/
SLL_Southwark_2210,London Venue,SLL_Southwark,Lane Swim - Fast 45 Min,Swimming,Swimming | Swimming Dulwich,True,0.0,Dulwich Leisure Centre,SE22 9HB,Southwark,51.460601,-0.071419,12:45,13:30,Friday,1,False,https://southwarkleisure.co.uk/centres/dulwich-leisure-centre/
SLL_Southwark_2211,London Venue,SLL_Southwark,Gymfluence – Supervised,Gym / Fitness,Gymfluence | Gymfluence Surrey Docks,False,9.7,Surrey Docks Fitness & Water Sports,SE16 7SX,Southwark,51.493796,-0.039449,20:00,21:00,Friday,1,False,https://southwarkleisure.co.uk/centres/surrey-docks-fitness-and-watersports-centre/
SLL_Southwark_2212,London Venue,SLL_Southwark,Gymfluence – Supervised,Gym / Fitness,Gymfluence | Gymfluence Peckham,False,4.0,Peckham Pulse Leisure Centre,SE15 5QN,Southwark,51.474074,-0.070885,09:00,10:00,Wednesday,1,False,https://southwarkleisure.co.uk/centres/peckham-pulse-leisure-centre/
SLL_Southwark_2213,London Venue,SLL_Southwark,Gymfluence – Supervised,Gym / Fitness,Gymfluence | Gymfluence Surrey Docks,False,9.7,Surrey Docks Fitness & Water Sports,SE16 7SX,Southwark,51.493796,-0.039449,18:00,19:00,Friday,1,False,https://southwarkleisure.co.uk/centres/surrey-docks-fitness-and-watersports-centre/
SLL_Southwark_2214,London Venue,SLL_Southwark,Lane Swim - Slow,Swimming,Swimming | Swimming Castle,True,0.0,The Castle Centre,SE1 6FG,Southwark,51.4935,-0.1024,06:30,07:25,Wednesday,1,False,https://southwarkleisure.co.uk/centres/the-castle-centre/
SLL_Southwark_2215,London Venue,SLL_Southwark,Gymfluence – Supervised,Gym / Fitness,Gymfluence | Gymfluence Castle,False,4.0,The Castle Centre,SE1 6FG,Southwark,51.4935,-0.1024,20:00,21:00,Tuesday,1,False,https://southwarkleisure.co.uk/centres/the-castle-centre/
SLL_Southwark_2216,London Venue,SLL_Southwark,Gymfluence - Instructor,Gym / Fitness,Gymfluence | Gymfluence Peckham,False,4.0,Peckham Pulse Leisure Centre,SE15 5QN,Southwark,51.474074,-0.070885,11:00,12:00,Sunday,1,False,https://southwarkleisure.co.uk/centres/peckham-pulse-leisure-centre/
SLL_Southwark_2217,London Venue,SLL_Southwark,Gymfluence - Instructor,Gym / Fitness,Gymfluence | Gymfluence Peckham,False,4.0,Peckham Pulse Leisure Centre,SE15 5QN,Southwark,51.474074,-0.070885,15:30,16:30,Thursday,1,False,https://southwarkleisure.co.uk/centres/peckham-pulse-leisure-centre/
SLL_Southwark_2218,London Venue,SLL_Southwark,Gym Session + Silver,Gym / Fitness,Gym | Gym Peckham,False,9.7,Peckham Pulse Leisure Centre,SE15 5QN,Southwark,51.474074,-0.070885,11:00,12:00,Tuesday,1,False,https://southwarkleisure.co.uk/centres/peckham-pulse-leisure-centre/
SLL_Southwark_2219,London Venue,SLL_Southwark,Gymfluence - Instructor,Gym / Fitness,Gymfluence | Gymfluence Track,False,4.0,Southwark Athletics Track,SE16 2PE,Southwark,51.4924,-0.0512,15:30,16:30,Monday,1,False,https://southwarkleisure.co.uk/centres/southwark-park-sports-and-athletics-centre/
SLL_Southwark_2220,London Venue,SLL_Southwark,Gymfluence - Instructor,Gym / Fitness,Gymfluence | Gymfluence Track,False,4.0,Southwark Athletics Track,SE16 2PE,Southwark,51.4924,-0.0512,16:30,17:30,Monday,1,False,https://southwarkleisure.co.uk/centres/southwark-park-sports-and-athletics-centre/
SLL_Southwark_2221,London Venue,SLL_Southwark,Gymfluence – Supervised,Gym / Fitness,Gymfluence | Gymfluence Castle,False,4.0,The Castle Centre,SE1 6FG,Southwark,51.4935,-0.1024,13:00,14:00,Friday,1,False,https://southwarkleisure.co.uk/centres/the-castle-centre/
SLL_Southwark_2222,London Venue,SLL_Southwark,Gymfluence – Supervised,Gym / Fitness,Gymfluence | Gymfluence Castle,False,4.0,The Castle Centre,SE1 6FG,Southwark,51.4935,-0.1024,14:00,15:00,Friday,1,False,https://southwarkleisure.co.uk/centres/the-castle-centre/
SLL_Southwark_2223,London Venue,SLL_Southwark,Lane Swim - Slow,Swimming,Swimming | Swimming Dulwich,True,0.0,Dulwich Leisure Centre,SE22 9HB,Southwark,51.460601,-0.071419,20:00,21:00,,1,False,https://southwarkleisure.co.uk/centres/dulwich-leisure-centre/
SLL_Southwark_2224,London Venue,SLL_Southwark,Gymfluence – Supervised,Gym / Fitness,Gymfluence | Gymfluence Castle,False,4.0,The Castle Centre,SE1 6FG,Southwark,51.4935,-0.1024,21:00,22:00,Monday,1,False,https://southwarkleisure.co.uk/centres/the-castle-centre/
SLL_Southwark_2225,London Venue,SLL_Southwark,Lane Swim - Fast,Swimming,Swimming | Swimming Peckham,False,2.5,Peckham Pulse Leisure Centre,SE15 5QN,Southwark,51.474074,-0.070885,15:00,16:00,Tuesday,1,False,https://southwarkleisure.co.uk/centres/peckham-pulse-leisure-centre/
SLL_Southwark_2226,London Venue,SLL_Southwark,Track Visit,Walking / Running,Athletics | Athletics Track Casual,False,1.2000000000000002,Southwark Athletics Track,SE16 2PE,Southwark,51.4924,-0.0512,10:00,11:00,Tuesday,1,False,https://southwarkleisure.co.uk/centres/southwark-park-sports-and-athletics-centre/
SLL_Southwark_2227,London Venue,SLL_Southwark,Gymfluence – Supervised,Gym / Fitness,Gymfluence | Gymfluence Peckham,False,4.0,Peckham Pulse Leisure Centre,SE15 5QN,Southwark,51.474074,-0.070885,07:00,08:00,Sunday,1,False,https://southwarkleisure.co.uk/centres/peckham-pulse-leisure-centre/
SLL_Southwark_2228,London Venue,SLL_Southwark,Gymfluence - Instructor,Gym / Fitness,Gymfluence | Gymfluence Track,False,4.0,Southwark Athletics Track,SE16 2PE,Southwark,51.4924,-0.0512,10:00,11:00,Sunday,1,False,https://southwarkleisure.co.uk/centres/southwark-park-sports-and-athletics-centre/
SLL_Southwark_2229,London Venue,SLL_Southwark,Gymfluence - Instructor,Gym / Fitness,Gymfluence | Gymfluence Track,False,4.0,Southwark Athletics Track,SE16 2PE,Southwark,51.4924,-0.0512,11:00,12:00,Sunday,1,False,https://southwarkleisure.co.uk/centres/southwark-park-sports-and-athletics-centre/
SLL_Southwark_2230,London Venue,SLL_Southwark,Silver Gym Session,Gym / Fitness,Gym | Gym Camberwell,False,9.7,Camberwell Leisure Centre,SE5 8TS,Southwark,51.47422,-0.09051,15:00,16:00,Thursday,1,False,https://southwarkleisure.co.uk/centres/camberwell-leisure-centre/
SLL_Southwark_2231,London Venue,SLL_Southwark,Gymfluence – Supervised,Gym / Fitness,Gymfluence | Gymfluence Castle,False,4.0,The Castle Centre,SE1 6FG,Southwark,51.4935,-0.1024,21:00,22:00,Tuesday,1,False,https://southwarkleisure.co.uk/centres/the-castle-centre/
SLL_Southwark_2232,London Venue,SLL_Southwark,Gymfluence – Supervised,Gym / Fitness,Gymfluence | Gymfluence Canada Water,False,4.0,Canada Water Leisure Cent,,Southwark,,,20:00,21:00,Thursday,1,False,
SLL_Southwark_2233,London Venue,SLL_Southwark,Lane Swim - Fast,Swimming,Swimming | Swimming Peckham,False,2.5,Peckham Pulse Leisure Centre,SE15 5QN,Southwark,51.474074,-0.070885,06:30,07:30,Monday,1,False,https://southwarkleisure.co.uk/centres/peckham-pulse-leisure-centre/
SLL_Southwark_2234,London Venue,SLL_Southwark,Lane Swim - Fast,Swimming,Swimming | Swimming Dulwich,False,2.5,Dulwich Leisure Centre,SE22 9HB,Southwark,51.460601,-0.071419,08:30,09:30,,1,False,https://southwarkleisure.co.uk/centres/dulwich-leisure-centre/
SLL_Southwark_2235,London Venue,SLL_Southwark,Gymfluence – Supervised,Gym / Fitness,Gymfluence | Gymfluence Canada Water,False,9.7,Canada Water Leisure Cent,,Southwark,,,14:00,15:00,Friday,1,False,
SLL_Southwark_2236,London Venue,SLL_Southwark,Adult Swim,Swimming,Swimming | Swimming Peckham,True,0.0,Peckham Pulse Leisure Centre,SE15 5QN,Southwark,51.474074,-0.070885,19:00,20:00,Sunday,1,False,https://southwarkleisure.co.uk/centres/peckham-pulse-leisure-centre/
SLL_Southwark_2237,London Venue,SLL_Southwark,Egym Induction,Gym / Fitness,Gym | Gym Peckham,True,0.0,Peckham Pulse Leisure Centre,SE15 5QN,Southwark,51.474074,-0.070885,17:30,18:00,Tuesday,1,False,https://southwarkleisure.co.uk/centres/peckham-pulse-leisure-centre/
SLL_Southwark_2238,London Venue,SLL_Southwark,Egym Induction,Gym / Fitness,Gym | Gym Peckham,True,0.0,Peckham Pulse Leisure Centre,SE15 5QN,Southwark,51.474074,-0.070885,08:00,08:30,Wednesday,1,False,https://southwarkleisure.co.uk/centres/peckham-pulse-leisure-centre/
SLL_Southwark_2239,London Venue,SLL_Southwark,Lane Swim - Fast,Swimming,Swimming | Swimming Peckham,False,2.5,Peckham Pulse Leisure Centre,SE15 5QN,Southwark,51.474074,-0.070885,20:00,21:00,,1,False,https://southwarkleisure.co.uk/centres/peckham-pulse-leisure-centre/
SLL_Southwark_2240,London Venue,SLL_Southwark,Gymfluence – Supervised,Gym / Fitness,Gymfluence | Gymfluence Peckham,False,4.0,Peckham Pulse Leisure Centre,SE15 5QN,Southwark,51.474074,-0.070885,11:00,12:00,Sunday,1,False,https://southwarkleisure.co.uk/centres/peckham-pulse-leisure-centre/
SLL_Southwark_2241,London Venue,SLL_Southwark,Gymfluence – Supervised,Gym / Fitness,Gymfluence | Gymfluence Peckham,False,4.0,Peckham Pulse Leisure Centre,SE15 5QN,Southwark,51.474074,-0.070885,12:00,13:00,Sunday,1,False,https://southwarkleisure.co.uk/centres/peckham-pulse-leisure-centre/
SLL_Southwark_2242,London Venue,SLL_Southwark,Gymfluence – Supervised,Gym / Fitness,Gymfluence | Gymfluence Castle,False,4.0,The Castle Centre,SE1 6FG,Southwark,51.4935,-0.1024,20:00,21:00,Wednesday,1,False,https://southwarkleisure.co.uk/centres/the-castle-centre/
SLL_Southwark_2243,London Venue,SLL_Southwark,Lane Swim - Medium,Swimming,Swimming | Swimming Canada Water,True,0.0,Canada Water Leisure Cent,,Southwark,,,06:30,07:25,Tuesday,1,False,
SLL_Southwark_2244,London Venue,SLL_Southwark,Gymfluence - Instructor,Gym / Fitness,Gymfluence | Gymfluence Castle,False,4.0,The Castle Centre,SE1 6FG,Southwark,51.4935,-0.1024,10:00,11:00,Sunday,1,False,https://southwarkleisure.co.uk/centres/the-castle-centre/
SLL_Southwark_2245,London Venue,SLL_Southwark,Gymfluence – Supervised,Gym / Fitness,Gymfluence | Gymfluence Surrey Docks,False,9.7,Surrey Docks Fitness & Water Sports,SE16 7SX,Southwark,51.493796,-0.039449,19:00,20:00,Friday,1,False,https://southwarkleisure.co.uk/centres/surrey-docks-fitness-and-watersports-centre/
SLL_Southwark_2246,London Venue,SLL_Southwark,Lane Swim - Medium,Swimming,Swimming | Swimming Canada Water,True,0.0,Canada Water Leisure Cent,,Southwark,,,07:30,08:55,Tuesday,1,False,
SLL_Southwark_2247,London Venue,SLL_Southwark,Soft Play Session 0-8 Yr,Other / Unspecified,Soft | Soft Play Peckham,False,3.6,Peckham Pulse Leisure Centre,SE15 5QN,Southwark,51.474074,-0.070885,13:00,14:00,"Monday, Tuesday, Wednesday, Thursday, Friday",1,False,https://southwarkleisure.co.uk/centres/peckham-pulse-leisure-centre/
SLL_Southwark_2248,London Venue,SLL_Southwark,Lane Swim - Med,Swimming,Swimming | Swimming Peckham,False,2.5,Peckham Pulse Leisure Centre,SE15 5QN,Southwark,51.474074,-0.070885,07:30,09:00,Monday,1,False,https://southwarkleisure.co.uk/centres/peckham-pulse-leisure-centre/
SLL_Southwark_2249,London Venue,SLL_Southwark,Gymfluence – Supervised,Gym / Fitness,Gymfluence | Gymfluence Canada Water,False,4.0,Canada Water Leisure Cent,,Southwark,,,18:00,19:00,Thursday,1,False,
SLL_Southwark_2250,London Venue,SLL_Southwark,Lane Swim - Medium,Swimming,Swimming | Swimming Canada Water,True,0.0,Canada Water Leisure Cent,,Southwark,,,15:00,15:55,Thursday,1,False,
SLL_Southwark_2251,London Venue,SLL_Southwark,Lane Swim - Slow,Swimming,Swimming | Swimming Peckham,True,0.0,Peckham Pulse Leisure Centre,SE15 5QN,Southwark,51.474074,-0.070885,21:00,21:45,,1,False,https://southwarkleisure.co.uk/centres/peckham-pulse-leisure-centre/
SLL_Southwark_2252,London Venue,SLL_Southwark,Junior Fsg,Gym / Fitness,Gymfluence | Gymfluence Peckham,False,9.7,Peckham Pulse Leisure Centre,SE15 5QN,Southwark,51.474074,-0.070885,17:00,18:00,Friday,1,False,https://southwarkleisure.co.uk/centres/peckham-pulse-leisure-centre/
SLL_Southwark_2253,London Venue,SLL_Southwark,Gymfluence – Supervised,Gym / Fitness,Gymfluence | Gymfluence Peckham,False,4.0,Peckham Pulse Leisure Centre,SE15 5QN,Southwark,51.474074,-0.070885,06:30,07:00,Tuesday,1,False,https://southwarkleisure.co.uk/centres/peckham-pulse-leisure-centre/
SLL_Southwark_2254,London Venue,SLL_Southwark,Gymfluence – Supervised,Gym / Fitness,Gymfluence | Gymfluence Surrey Docks,False,4.0,Surrey Docks Fitness & Water Sports,SE16 7SX,Southwark,51.493796,-0.039449,16:00,17:00,Wednesday,1,False,https://southwarkleisure.co.uk/centres/surrey-docks-fitness-and-watersports-centre/
SLL_Southwark_2255,London Venue,SLL_Southwark,Gymfluence – Supervised,Gym / Fitness,Gymfluence | Gymfluence Peckham,False,4.0,Peckham Pulse Leisure Centre,SE15 5QN,Southwark,51.474074,-0.070885,07:00,08:00,Monday,1,False,https://southwarkleisure.co.uk/centres/peckham-pulse-leisure-centre/
SLL_Southwark_2256,London Venue,SLL_Southwark,Gymfluence – Supervised,Gym / Fitness,Gymfluence | Gymfluence Camberwell,False,4.0,Camberwell Leisure Centre,SE5 8TS,Southwark,51.47422,-0.09051,10:00,11:00,Monday,1,False,https://southwarkleisure.co.uk/centres/camberwell-leisure-centre/
SLL_Southwark_2257,London Venue,SLL_Southwark,Gymfluence - Instructor,Gym / Fitness,Gymfluence | Gymfluence Surrey Docks,False,4.0,Surrey Docks Fitness & Water Sports,SE16 7SX,Southwark,51.493796,-0.039449,10:00,11:00,Sunday,1,False,https://southwarkleisure.co.uk/centres/surrey-docks-fitness-and-watersports-centre/
SLL_Southwark_2258,London Venue,SLL_Southwark,Gymfluence - Instructor,Gym / Fitness,Gymfluence | Gymfluence Surrey Docks,False,4.0,Surrey Docks Fitness & Water Sports,SE16 7SX,Southwark,51.493796,-0.039449,11:00,12:00,Sunday,1,False,https://southwarkleisure.co.uk/centres/surrey-docks-fitness-and-watersports-centre/
SLL_Southwark_2259,London Venue,SLL_Southwark,Lane Swim - Fast,Swimming,Swimming | Swimming Peckham,False,2.5,Peckham Pulse Leisure Centre,SE15 5QN,Southwark,51.474074,-0.070885,12:00,13:30,Tuesday,1,False,https://southwarkleisure.co.uk/centres/peckham-pulse-leisure-centre/
SLL_Southwark_2260,London Venue,SLL_Southwark,Gymfluence – Supervised,Gym / Fitness,Gymfluence | Gymfluence Castle,False,4.0,The Castle Centre,SE1 6FG,Southwark,51.4935,-0.1024,08:00,09:00,Sunday,1,False,https://southwarkleisure.co.uk/centres/the-castle-centre/
SLL_Southwark_2261,London Venue,SLL_Southwark,Lane Swim - Fast,Swimming,Swimming | Swimming Canada Water,True,0.0,Canada Water Leisure Cent,,Southwark,,,07:30,08:55,Wednesday,1,False,
SLL_Southwark_2262,London Venue,SLL_Southwark,Track Visit,Walking / Running,Athletics | Athletics Track Casual,False,1.2000000000000002,Southwark Athletics Track,SE16 2PE,Southwark,51.4924,-0.0512,12:00,13:00,Sunday,1,False,https://southwarkleisure.co.uk/centres/southwark-park-sports-and-athletics-centre/
SLL_Southwark_2263,London Venue,SLL_Southwark,Gym Session,Gym / Fitness,Gym | Gym Dulwich,False,9.7,Dulwich Leisure Centre,SE22 9HB,Southwark,51.460601,-0.071419,08:00,09:00,,1,False,https://southwarkleisure.co.uk/centres/dulwich-leisure-centre/
SLL_Southwark_2264,London Venue,SLL_Southwark,Lane Swim - Fast,Swimming,Swimming | Swimming Dulwich,True,0.0,Dulwich Leisure Centre,SE22 9HB,Southwark,51.460601,-0.071419,08:30,09:30,,1,False,https://southwarkleisure.co.uk/centres/dulwich-leisure-centre/
SLL_Southwark_2265,London Venue,SLL_Southwark,Gymfluence – Supervised,Gym / Fitness,Gymfluence | Gymfluence Peckham,False,4.0,Peckham Pulse Leisure Centre,SE15 5QN,Southwark,51.474074,-0.070885,18:00,19:00,Monday,1,False,https://southwarkleisure.co.uk/centres/peckham-pulse-leisure-centre/
SLL_Southwark_2266,London Venue,SLL_Southwark,Track Visit,Walking / Running,Athletics | Athletics Track Casual,False,1.2000000000000002,Southwark Athletics Track,SE16 2PE,Southwark,51.4924,-0.0512,20:00,21:00,"Wednesday, Friday",1,False,https://southwarkleisure.co.uk/centres/southwark-park-sports-and-athletics-centre/
SLL_Southwark_2267,London Venue,SLL_Southwark,Gymfluence - Instructor,Gym / Fitness,Gymfluence | Gymfluence Surrey Docks,False,4.0,Surrey Docks Fitness & Water Sports,SE16 7SX,Southwark,51.493796,-0.039449,16:30,17:30,Thursday,1,False,https://southwarkleisure.co.uk/centres/surrey-docks-fitness-and-watersports-centre/
SLL_Southwark_2268,London Venue,SLL_Southwark,Lane Swim - Fast,Swimming,Swimming | Swimming Castle,True,0.0,The Castle Centre,SE1 6FG,Southwark,51.4935,-0.1024,06:30,07:25,Thursday,1,False,https://southwarkleisure.co.uk/centres/the-castle-centre/
SLL_Southwark_2269,London Venue,SLL_Southwark,Gymfluence – Supervised,Gym / Fitness,Gymfluence | Gymfluence Peckham,False,9.7,Peckham Pulse Leisure Centre,SE15 5QN,Southwark,51.474074,-0.070885,18:00,19:00,Friday,1,False,https://southwarkleisure.co.uk/centres/peckham-pulse-leisure-centre/
SLL_Southwark_2270,London Venue,SLL_Southwark,Gymfluence – Supervised,Gym / Fitness,Gymfluence | Gymfluence Peckham,False,9.7,Peckham Pulse Leisure Centre,SE15 5QN,Southwark,51.474074,-0.070885,14:00,15:00,Sunday,1,False,https://southwarkleisure.co.uk/centres/peckham-pulse-leisure-centre/
SLL_Southwark_2271,London Venue,SLL_Southwark,Lane Swim - Fast,Swimming,Swimming | Swimming Peckham,True,0.0,Peckham Pulse Leisure Centre,SE15 5QN,Southwark,51.474074,-0.070885,20:00,21:00,Sunday,1,False,https://southwarkleisure.co.uk/centres/peckham-pulse-leisure-centre/
SLL_Southwark_2272,London Venue,SLL_Southwark,Gymfluence – Supervised,Gym / Fitness,Gymfluence | Gymfluence Surrey Docks,False,9.7,Surrey Docks Fitness & Water Sports,SE16 7SX,Southwark,51.493796,-0.039449,06:30,07:00,Friday,1,False,https://southwarkleisure.co.uk/centres/surrey-docks-fitness-and-watersports-centre/
SLL_Southwark_2273,London Venue,SLL_Southwark,Gymfluence – Supervised,Gym / Fitness,Gymfluence | Gymfluence Castle,False,4.0,The Castle Centre,SE1 6FG,Southwark,51.4935,-0.1024,10:00,11:00,Sunday,1,False,https://southwarkleisure.co.uk/centres/the-castle-centre/
SLL_Southwark_2274,London Venue,SLL_Southwark,Public Swim,Swimming,Swimming | Swimming Canada Water,True,0.0,Canada Water Leisure Cent,,Southwark,,,10:00,10:55,Wednesday,1,False,
SLL_Southwark_2275,London Venue,SLL_Southwark,Gymfluence - Instructor,Gym / Fitness,Gymfluence | Gymfluence Surrey Docks,False,4.0,Surrey Docks Fitness & Water Sports,SE16 7SX,Southwark,51.493796,-0.039449,15:30,16:30,Monday,1,False,https://southwarkleisure.co.uk/centres/surrey-docks-fitness-and-watersports-centre/
SLL_Southwark_2276,London Venue,SLL_Southwark,Gymfluence - Instructor,Gym / Fitness,Gymfluence | Gymfluence Surrey Docks,False,4.0,Surrey Docks Fitness & Water Sports,SE16 7SX,Southwark,51.493796,-0.039449,16:30,17:30,Monday,1,False,https://southwarkleisure.co.uk/centres/surrey-docks-fitness-and-watersports-centre/
SLL_Southwark_2277,London Venue,SLL_Southwark,Gymfluence – Supervised,Gym / Fitness,Gymfluence | Gymfluence Castle,False,4.0,The Castle Centre,SE1 6FG,Southwark,51.4935,-0.1024,17:00,18:00,Wednesday,1,False,https://southwarkleisure.co.uk/centres/the-castle-centre/
SLL_Southwark_2278,London Venue,SLL_Southwark,Adult Swim Bubbles,Swimming,Swimming | Swimming Peckham,True,0.0,Peckham Pulse Leisure Centre,SE15 5QN,Southwark,51.474074,-0.070885,21:00,21:45,Sunday,1,False,https://southwarkleisure.co.uk/centres/peckham-pulse-leisure-centre/
SLL_Southwark_2279,London Venue,SLL_Southwark,Gymfluence – Supervised,Gym / Fitness,Gymfluence | Gymfluence Camberwell,False,4.0,Camberwell Leisure Centre,SE5 8TS,Southwark,51.47422,-0.09051,18:00,19:00,Thursday,1,False,https://southwarkleisure.co.uk/centres/camberwell-leisure-centre/
SLL_Southwark_2280,London Venue,SLL_Southwark,Gymfluence – Supervised,Gym / Fitness,Gymfluence | Gymfluence Peckham,False,4.0,Peckham Pulse Leisure Centre,SE15 5QN,Southwark,51.474074,-0.070885,13:00,14:00,Wednesday,1,False,https://southwarkleisure.co.uk/centres/peckham-pulse-leisure-centre/
SLL_Southwark_2281,London Venue,SLL_Southwark,Lane Swim - Slow,Swimming,Swimming | Swimming Peckham,True,0.0,Peckham Pulse Leisure Centre,SE15 5QN,Southwark,51.474074,-0.070885,21:00,21:45,,1,False,https://southwarkleisure.co.uk/centres/peckham-pulse-leisure-centre/
SLL_Southwark_2282,London Venue,SLL_Southwark,Lane Swim - Slow 75 Min,Swimming,Swimming | Swimming Dulwich,False,2.5,Dulwich Leisure Centre,SE22 9HB,Southwark,51.460601,-0.071419,20:30,21:45,Wednesday,1,False,https://southwarkleisure.co.uk/centres/dulwich-leisure-centre/
SLL_Southwark_2283,London Venue,SLL_Southwark,Lane Swim - Fast,Swimming,Swimming | Swimming Peckham,False,2.5,Peckham Pulse Leisure Centre,SE15 5QN,Southwark,51.474074,-0.070885,12:00,13:30,Monday,1,False,https://southwarkleisure.co.uk/centres/peckham-pulse-leisure-centre/
SLL_Southwark_2284,London Venue,SLL_Southwark,Gymfluence – Supervised,Gym / Fitness,Gymfluence | Gymfluence Peckham,False,4.0,Peckham Pulse Leisure Centre,SE15 5QN,Southwark,51.474074,-0.070885,16:00,17:00,Wednesday,1,False,https://southwarkleisure.co.uk/centres/peckham-pulse-leisure-centre/
SLL_Southwark_2285,London Venue,SLL_Southwark,Lane Swim - Med,Swimming,Swimming | Swimming Castle,True,0.0,The Castle Centre,SE1 6FG,Southwark,51.4935,-0.1024,06:30,07:25,Wednesday,1,False,https://southwarkleisure.co.uk/centres/the-castle-centre/
SLL_Southwark_2286,London Venue,SLL_Southwark,Public Swim,Swimming,Swimming | Swimming Peckham,True,0.0,Peckham Pulse Leisure Centre,SE15 5QN,Southwark,51.474074,-0.070885,18:00,19:00,Monday,1,False,https://southwarkleisure.co.uk/centres/peckham-pulse-leisure-centre/
SLL_Southwark_2287,London Venue,SLL_Southwark,Gymfluence - Instructor,Gym / Fitness,Gymfluence | Gymfluence Surrey Docks,False,4.0,Surrey Docks Fitness & Water Sports,SE16 7SX,Southwark,51.493796,-0.039449,11:00,12:00,Saturday,1,False,https://southwarkleisure.co.uk/centres/surrey-docks-fitness-and-watersports-centre/
SLL_Southwark_2288,London Venue,SLL_Southwark,Gymfluence - Instructor,Gym / Fitness,Gymfluence | Gymfluence Surrey Docks,False,4.0,Surrey Docks Fitness & Water Sports,SE16 7SX,Southwark,51.493796,-0.039449,15:30,16:30,Tuesday,1,False,https://southwarkleisure.co.uk/centres/surrey-docks-fitness-and-watersports-centre/
SLL_Southwark_2289,London Venue,SLL_Southwark,Track Visit,Walking / Running,Athletics | Athletics Track Casual,False,1.2000000000000002,Southwark Athletics Track,SE16 2PE,Southwark,51.4924,-0.0512,08:00,09:00,Monday,1,False,https://southwarkleisure.co.uk/centres/southwark-park-sports-and-athletics-centre/
SLL_Southwark_2290,London Venue,SLL_Southwark,Public Swim,Swimming,Swimming | Swimming Dulwich,True,0.0,Dulwich Leisure Centre,SE22 9HB,Southwark,51.460601,-0.071419,15:00,16:00,,1,False,https://southwarkleisure.co.uk/centres/dulwich-leisure-centre/
SLL_Southwark_2291,London Venue,SLL_Southwark,Gymfluence – Supervised,Gym / Fitness,Gymfluence | Gymfluence Canada Water,False,9.7,Canada Water Leisure Cent,,Southwark,,,11:00,12:00,Friday,1,False,
SLL_Southwark_2292,London Venue,SLL_Southwark,Lane Swim - Fast,Swimming,Swimming | Swimming Castle,True,0.0,The Castle Centre,SE1 6FG,Southwark,51.4935,-0.1024,07:30,08:55,Thursday,1,False,https://southwarkleisure.co.uk/centres/the-castle-centre/
SLL_Southwark_2293,London Venue,SLL_Southwark,Gymfluence – Supervised,Gym / Fitness,Gymfluence | Gymfluence Peckham,False,4.0,Peckham Pulse Leisure Centre,SE15 5QN,Southwark,51.474074,-0.070885,12:00,13:00,Saturday,1,False,https://southwarkleisure.co.uk/centres/peckham-pulse-leisure-centre/
SLL_Southwark_2294,London Venue,SLL_Southwark,Gymfluence – Supervised,Gym / Fitness,Gymfluence | Gymfluence Camberwell,False,9.7,Camberwell Leisure Centre,SE5 8TS,Southwark,51.47422,-0.09051,17:00,18:00,Sunday,1,False,https://southwarkleisure.co.uk/centres/camberwell-leisure-centre/
SLL_Southwark_2295,London Venue,SLL_Southwark,Gym Session,Gym / Fitness,Gym | Gym Castle,False,9.7,The Castle Centre,SE1 6FG,Southwark,51.4935,-0.1024,12:00,13:00,Tuesday,1,False,https://southwarkleisure.co.uk/centres/the-castle-centre/
SLL_Southwark_2296,London Venue,SLL_Southwark,Lane Swim - Slow,Swimming,Swimming | Swimming Peckham,True,0.0,Peckham Pulse Leisure Centre,SE15 5QN,Southwark,51.474074,-0.070885,07:30,09:00,Friday,1,False,https://southwarkleisure.co.uk/centres/peckham-pulse-leisure-centre/
SLL_Southwark_2297,London Venue,SLL_Southwark,Gymfluence – Supervised,Gym / Fitness,Gymfluence | Gymfluence Camberwell,False,4.0,Camberwell Leisure Centre,SE5 8TS,Southwark,51.47422,-0.09051,17:00,18:00,Wednesday,1,False,https://southwarkleisure.co.uk/centres/camberwell-leisure-centre/
SLL_Southwark_2298,London Venue,SLL_Southwark,Lane Swim - Med,Swimming,Swimming | Swimming Peckham,False,2.5,Peckham Pulse Leisure Centre,SE15 5QN,Southwark,51.474074,-0.070885,15:00,16:00,Monday,1,False,https://southwarkleisure.co.uk/centres/peckham-pulse-leisure-centre/
SLL_Southwark_2299,London Venue,SLL_Southwark,Gymfluence – Supervised,Gym / Fitness,Gymfluence | Gymfluence Castle,False,9.7,The Castle Centre,SE1 6FG,Southwark,51.4935,-0.1024,16:00,17:00,Sunday,1,False,https://southwarkleisure.co.uk/centres/the-castle-centre/
SLL_Southwark_2300,London Venue,SLL_Southwark,Silver Gym Session,Gym / Fitness,Gym | Gym Camberwell,False,9.7,Camberwell Leisure Centre,SE5 8TS,Southwark,51.47422,-0.09051,09:00,10:00,Monday,1,False,https://southwarkleisure.co.uk/centres/camberwell-leisure-centre/
SLL_Southwark_2301,London Venue,SLL_Southwark,Gymfluence – Supervised,Gym / Fitness,Gymfluence | Gymfluence Peckham,False,4.0,Peckham Pulse Leisure Centre,SE15 5QN,Southwark,51.474074,-0.070885,08:00,09:00,Monday,1,False,https://southwarkleisure.co.uk/centres/peckham-pulse-leisure-centre/
SLL_Southwark_2302,London Venue,SLL_Southwark,Gymfluence – Supervised,Gym / Fitness,Gymfluence | Gymfluence Surrey Docks,False,4.0,Surrey Docks Fitness & Water Sports,SE16 7SX,Southwark,51.493796,-0.039449,13:00,14:00,Wednesday,1,False,https://southwarkleisure.co.uk/centres/surrey-docks-fitness-and-watersports-centre/
SLL_Southwark_2303,London Venue,SLL_Southwark,Gymfluence – Supervised,Gym / Fitness,Gymfluence | Gymfluence Camberwell,False,9.7,Camberwell Leisure Centre,SE5 8TS,Southwark,51.47422,-0.09051,20:00,21:00,Friday,1,False,https://southwarkleisure.co.uk/centres/camberwell-leisure-centre/
SLL_Southwark_2304,London Venue,SLL_Southwark,Lane Swim - Fast,Swimming,Swimming | Swimming Dulwich,True,0.0,Dulwich Leisure Centre,SE22 9HB,Southwark,51.460601,-0.071419,20:00,21:00,,1,False,https://southwarkleisure.co.uk/centres/dulwich-leisure-centre/
SLL_Southwark_2305,London Venue,SLL_Southwark,Gymfluence – Supervised,Gym / Fitness,Gymfluence | Gymfluence Peckham,False,9.7,Peckham Pulse Leisure Centre,SE15 5QN,Southwark,51.474074,-0.070885,14:00,15:00,Saturday,1,False,https://southwarkleisure.co.uk/centres/peckham-pulse-leisure-centre/
SLL_Southwark_2306,London Venue,SLL_Southwark,Public Swim,Swimming,Swimming | Swimming Canada Water,True,0.0,Canada Water Leisure Cent,,Southwark,,,11:00,11:55,Monday,1,False,
SLL_Southwark_2307,London Venue,SLL_Southwark,Lane Swim - Fast,Swimming,Swimming | Swimming Canada Water,True,0.0,Canada Water Leisure Cent,,Southwark,,,07:30,08:55,Monday,1,False,
SLL_Southwark_2308,London Venue,SLL_Southwark,Women Only Swim,Swimming,Swimming | Swimming Dulwich,False,2.5,Dulwich Leisure Centre,SE22 9HB,Southwark,51.460601,-0.071419,10:30,11:30,,1,False,https://southwarkleisure.co.uk/centres/dulwich-leisure-centre/
SLL_Southwark_2309,London Venue,SLL_Southwark,Group Gym Induction,Gym / Fitness,Gym | Gym Dulwich,True,0.0,Dulwich Leisure Centre,SE22 9HB,Southwark,51.460601,-0.071419,10:00,10:45,Monday,1,False,https://southwarkleisure.co.uk/centres/dulwich-leisure-centre/
SLL_Southwark_2310,London Venue,SLL_Southwark,Lane Swim - Slow,Swimming,Swimming | Swimming Peckham,False,2.5,Peckham Pulse Leisure Centre,SE15 5QN,Southwark,51.474074,-0.070885,08:00,09:00,Sunday,1,False,https://southwarkleisure.co.uk/centres/peckham-pulse-leisure-centre/
SLL_Southwark_2311,London Venue,SLL_Southwark,Gymfluence – Supervised,Gym / Fitness,Gymfluence | Gymfluence Castle,False,4.0,The Castle Centre,SE1 6FG,Southwark,51.4935,-0.1024,07:00,08:00,Wednesday,1,False,https://southwarkleisure.co.uk/centres/the-castle-centre/
SLL_Southwark_2312,London Venue,SLL_Southwark,Lane Swim - Medium,Swimming,Swimming | Swimming Canada Water,True,0.0,Canada Water Leisure Cent,,Southwark,,,19:00,19:55,Sunday,1,False,
SLL_Southwark_2313,London Venue,SLL_Southwark,Gymfluence – Supervised,Gym / Fitness,Gymfluence | Gymfluence Castle,False,9.7,The Castle Centre,SE1 6FG,Southwark,51.4935,-0.1024,18:00,19:00,Sunday,1,False,https://southwarkleisure.co.uk/centres/the-castle-centre/
SLL_Southwark_2314,London Venue,SLL_Southwark,Lane Swim - Slow,Swimming,Swimming | Swimming Peckham,False,2.5,Peckham Pulse Leisure Centre,SE15 5QN,Southwark,51.474074,-0.070885,06:30,07:30,Wednesday,1,False,https://southwarkleisure.co.uk/centres/peckham-pulse-leisure-centre/
SLL_Southwark_2315,London Venue,SLL_Southwark,Adult Swim Bubbles,Swimming,Swimming | Swimming Peckham,True,0.0,Peckham Pulse Leisure Centre,SE15 5QN,Southwark,51.474074,-0.070885,20:00,21:00,Thursday,1,False,https://southwarkleisure.co.uk/centres/peckham-pulse-leisure-centre/
SLL_Southwark_2316,London Venue,SLL_Southwark,Lane Swim - Fast,Swimming,Swimming | Swimming Peckham,False,2.5,Peckham Pulse Leisure Centre,SE15 5QN,Southwark,51.474074,-0.070885,07:00,08:00,Saturday,1,False,https://southwarkleisure.co.uk/centres/peckham-pulse-leisure-centre/
SLL_Southwark_2317,London Venue,SLL_Southwark,Lane Swim - Slow,Swimming,Swimming | Swimming Peckham,False,2.5,Peckham Pulse Leisure Centre,SE15 5QN,Southwark,51.474074,-0.070885,15:00,16:00,Tuesday,1,False,https://southwarkleisure.co.uk/centres/peckham-pulse-leisure-centre/
SLL_Southwark_2318,London Venue,SLL_Southwark,Lane Swim - Medium,Swimming,Swimming | Swimming Canada Water,True,0.0,Canada Water Leisure Cent,,Southwark,,,06:30,07:25,Wednesday,1,False,
SLL_Southwark_2319,London Venue,SLL_Southwark,Gymfluence - Instructor,Gym / Fitness,Gymfluence | Gymfluence Peckham,False,4.0,Peckham Pulse Leisure Centre,SE15 5QN,Southwark,51.474074,-0.070885,15:30,16:30,Tuesday,1,False,https://southwarkleisure.co.uk/centres/peckham-pulse-leisure-centre/
SLL_Southwark_2320,London Venue,SLL_Southwark,Public Swim,Swimming,Swimming | Swimming Castle,True,0.0,The Castle Centre,SE1 6FG,Southwark,51.4935,-0.1024,11:00,11:50,Wednesday,1,False,https://southwarkleisure.co.uk/centres/the-castle-centre/
SLL_Southwark_2321,London Venue,SLL_Southwark,Lane Swim - Medium,Swimming,Swimming | Swimming Canada Water,True,0.0,Canada Water Leisure Cent,,Southwark,,,08:00,08:55,Sunday,1,False,
SLL_Southwark_2322,London Venue,SLL_Southwark,Gymfluence – Supervised,Gym / Fitness,Gymfluence | Gymfluence Camberwell,False,4.0,Camberwell Leisure Centre,SE5 8TS,Southwark,51.47422,-0.09051,20:00,21:00,Thursday,1,False,https://southwarkleisure.co.uk/centres/camberwell-leisure-centre/
SLL_Southwark_2323,London Venue,SLL_Southwark,U5 Swim,Swimming,Swimming | Swimming Canada Water,True,0.0,Canada Water Leisure Cent,,Southwark,,,14:00,14:55,Sunday,1,False,
SLL_Southwark_2324,London Venue,SLL_Southwark,Gymfluence – Supervised,Gym / Fitness,Gymfluence | Gymfluence Canada Water,False,9.7,Canada Water Leisure Cent,,Southwark,,,12:00,13:00,Friday,1,False,
SLL_Southwark_2325,London Venue,SLL_Southwark,Gymfluence – Supervised,Gym / Fitness,Gymfluence | Gymfluence Canada Water,False,4.0,Canada Water Leisure Cent,,Southwark,,,11:00,12:00,Saturday,1,False,
SLL_Southwark_2326,London Venue,SLL_Southwark,Gymfluence  - Instructor,Gym / Fitness,Gymfluence | Gymfluence Canada Water,False,4.0,Canada Water Leisure Cent,,Southwark,,,11:00,12:00,Saturday,1,False,
SLL_Southwark_2327,London Venue,SLL_Southwark,Public Swim,Swimming,Swimming | Swimming Dulwich,True,0.0,Dulwich Leisure Centre,SE22 9HB,Southwark,51.460601,-0.071419,15:00,16:00,,1,False,https://southwarkleisure.co.uk/centres/dulwich-leisure-centre/
SLL_Southwark_2328,London Venue,SLL_Southwark,Gymfluence – Supervised,Gym / Fitness,Gymfluence | Gymfluence Surrey Docks,False,4.0,Surrey Docks Fitness & Water Sports,SE16 7SX,Southwark,51.493796,-0.039449,12:00,13:00,Wednesday,1,False,https://southwarkleisure.co.uk/centres/surrey-docks-fitness-and-watersports-centre/
SLL_Southwark_2329,London Venue,SLL_Southwark,Lane Swim - 45 Min Fast,Swimming,Swimming | Swimming Dulwich,False,2.5,Dulwich Leisure Centre,SE22 9HB,Southwark,51.460601,-0.071419,12:00,12:45,Wednesday,1,False,https://southwarkleisure.co.uk/centres/dulwich-leisure-centre/
SLL_Southwark_2330,London Venue,SLL_Southwark,Gym Session,Gym / Fitness,Gym | Gym Castle,False,9.7,The Castle Centre,SE1 6FG,Southwark,51.4935,-0.1024,10:00,11:00,"Monday, Tuesday, Wednesday, Thursday",1,False,https://southwarkleisure.co.uk/centres/the-castle-centre/
SLL_Southwark_2331,London Venue,SLL_Southwark,Gymfluence – Supervised,Gym / Fitness,Gymfluence | Gymfluence Camberwell,False,4.0,Camberwell Leisure Centre,SE5 8TS,Southwark,51.47422,-0.09051,09:00,10:00,Monday,1,False,https://southwarkleisure.co.uk/centres/camberwell-leisure-centre/
SLL_Southwark_2332,London Venue,SLL_Southwark,Gymfluence – Supervised,Gym / Fitness,Gymfluence | Gymfluence Canada Water,False,4.0,Canada Water Leisure Cent,,Southwark,,,08:00,09:00,Wednesday,1,False,
SLL_Southwark_2333,London Venue,SLL_Southwark,Gym Session + Silver,Gym / Fitness,Gym | Gym Peckham,False,9.7,Peckham Pulse Leisure Centre,SE15 5QN,Southwark,51.474074,-0.070885,12:00,13:00,Tuesday,1,False,https://southwarkleisure.co.uk/centres/peckham-pulse-leisure-centre/
SLL_Southwark_2334,London Venue,SLL_Southwark,Gymfluence  - Instructor,Gym / Fitness,Gymfluence | Gymfluence Canada Water,False,4.0,Canada Water Leisure Cent,,Southwark,,,15:30,16:30,Wednesday,1,False,
SLL_Southwark_2335,London Venue,SLL_Southwark,Gymfluence – Supervised,Gym / Fitness,Gymfluence | Gymfluence Canada Water,False,4.0,Canada Water Leisure Cent,,Southwark,,,12:00,13:00,Saturday,1,False,
SLL_Southwark_2336,London Venue,SLL_Southwark,Gymfluence – Supervised,Gym / Fitness,Gymfluence | Gymfluence Peckham,False,4.0,Peckham Pulse Leisure Centre,SE15 5QN,Southwark,51.474074,-0.070885,08:00,09:00,Wednesday,1,False,https://southwarkleisure.co.uk/centres/peckham-pulse-leisure-centre/
SLL_Southwark_2337,London Venue,SLL_Southwark,Gymfluence – Supervised,Gym / Fitness,Gymfluence | Gymfluence Camberwell,False,9.7,Camberwell Leisure Centre,SE5 8TS,Southwark,51.47422,-0.09051,14:00,15:00,Friday,1,False,https://southwarkleisure.co.uk/centres/camberwell-leisure-centre/
SLL_Southwark_2338,London Venue,SLL_Southwark,Gymfluence – Supervised,Gym / Fitness,Gymfluence | Gymfluence Surrey Docks,False,4.0,Surrey Docks Fitness & Water Sports,SE16 7SX,Southwark,51.493796,-0.039449,07:00,08:00,Monday,1,False,https://southwarkleisure.co.uk/centres/surrey-docks-fitness-and-watersports-centre/
SLL_Southwark_2339,London Venue,SLL_Southwark,Junior Kayaking Club,Other / Unspecified,Watersports | Watersports Courses,False,5.0,Surrey Docks Fitness & Water Sports,SE16 7SX,Southwark,51.493796,-0.039449,14:00,15:30,Saturday,1,False,https://southwarkleisure.co.uk/centres/surrey-docks-fitness-and-watersports-centre/
SLL_Southwark_2340,London Venue,SLL_Southwark,Lane Swim - Fast,Swimming,Swimming | Swimming Dulwich,True,0.0,Dulwich Leisure Centre,SE22 9HB,Southwark,51.460601,-0.071419,20:00,21:00,,1,False,https://southwarkleisure.co.uk/centres/dulwich-leisure-centre/
SLL_Southwark_2341,London Venue,SLL_Southwark,Lane Swim - Slow,Swimming,Swimming | Swimming Canada Water,True,0.0,Canada Water Leisure Cent,,Southwark,,,15:00,15:55,Thursday,1,False,
SLL_Southwark_2342,London Venue,SLL_Southwark,Lane Swim - Med 45 Min,Swimming,Swimming | Swimming Dulwich,False,2.5,Dulwich Leisure Centre,SE22 9HB,Southwark,51.460601,-0.071419,21:00,21:45,Thursday,1,False,https://southwarkleisure.co.uk/centres/dulwich-leisure-centre/
SLL_Southwark_2343,London Venue,SLL_Southwark,Lane Swim - Slow 45 Min,Swimming,Swimming | Swimming Dulwich,True,0.0,Dulwich Leisure Centre,SE22 9HB,Southwark,51.460601,-0.071419,12:45,13:30,Friday,1,False,https://southwarkleisure.co.uk/centres/dulwich-leisure-centre/
SLL_Southwark_2344,London Venue,SLL_Southwark,Gymfluence – Supervised,Gym / Fitness,Gymfluence | Gymfluence Canada Water,False,4.0,Canada Water Leisure Cent,,Southwark,,,06:30,07:00,Monday,1,False,
SLL_Southwark_2345,London Venue,SLL_Southwark,Gym Session,Gym / Fitness,Gym | Gym Surrey Docks,False,9.7,Surrey Docks Fitness & Water Sports,SE16 7SX,Southwark,51.493796,-0.039449,15:00,16:00,Wednesday,1,False,https://southwarkleisure.co.uk/centres/surrey-docks-fitness-and-watersports-centre/
SLL_Southwark_2346,London Venue,SLL_Southwark,Gymfluence – Supervised,Gym / Fitness,Gymfluence | Gymfluence Castle,False,4.0,The Castle Centre,SE1 6FG,Southwark,51.4935,-0.1024,11:00,12:00,Thursday,1,False,https://southwarkleisure.co.uk/centres/the-castle-centre/
SLL_Southwark_2347,London Venue,SLL_Southwark,Family Disability,Swimming,Swimming | Swimming Peckham,False,2.5,Peckham Pulse Leisure Centre,SE15 5QN,Southwark,51.474074,-0.070885,15:00,16:00,Saturday,1,False,https://southwarkleisure.co.uk/centres/peckham-pulse-leisure-centre/
SLL_Southwark_2348,London Venue,SLL_Southwark,Public Swim,Swimming,Swimming | Swimming Canada Water,True,0.0,Canada Water Leisure Cent,,Southwark,,,20:00,20:55,Thursday,1,False,
SLL_Southwark_2349,London Venue,SLL_Southwark,Lane Swim - Fast,Swimming,Swimming | Swimming Dulwich,False,2.5,Dulwich Leisure Centre,SE22 9HB,Southwark,51.460601,-0.071419,12:30,13:30,,1,False,https://southwarkleisure.co.uk/centres/dulwich-leisure-centre/
SLL_Southwark_2350,London Venue,SLL_Southwark,Lane Swim - Medium,Swimming,Swimming | Swimming Canada Water,True,0.0,Canada Water Leisure Cent,,Southwark,,,19:00,19:55,Monday,1,False,
SLL_Southwark_2351,London Venue,SLL_Southwark,Lane Swim - Fast,Swimming,Swimming | Swimming Canada Water,True,0.0,Canada Water Leisure Cent,,Southwark,,,20:00,20:55,Monday,1,False,
SLL_Southwark_2352,London Venue,SLL_Southwark,Lane Swim - Med,Swimming,Swimming | Swimming Castle,True,0.0,The Castle Centre,SE1 6FG,Southwark,51.4935,-0.1024,06:30,07:25,Thursday,1,False,https://southwarkleisure.co.uk/centres/the-castle-centre/
SLL_Southwark_2353,London Venue,SLL_Southwark,Gymfluence - Instructor,Gym / Fitness,Gymfluence | Gymfluence Peckham,False,4.0,Peckham Pulse Leisure Centre,SE15 5QN,Southwark,51.474074,-0.070885,16:30,17:30,Thursday,1,False,https://southwarkleisure.co.uk/centres/peckham-pulse-leisure-centre/
SLL_Southwark_2354,London Venue,SLL_Southwark,Gymfluence – Supervised,Gym / Fitness,Gymfluence | Gymfluence Peckham,False,4.0,Peckham Pulse Leisure Centre,SE15 5QN,Southwark,51.474074,-0.070885,08:00,09:00,Friday,1,False,https://southwarkleisure.co.uk/centres/peckham-pulse-leisure-centre/
SLL_Southwark_2355,London Venue,SLL_Southwark,Gymfluence - Instructor,Gym / Fitness,Gymfluence | Gymfluence Peckham,False,4.0,Peckham Pulse Leisure Centre,SE15 5QN,Southwark,51.474074,-0.070885,11:00,12:00,Saturday,1,False,https://southwarkleisure.co.uk/centres/peckham-pulse-leisure-centre/
SLL_Southwark_2356,London Venue,SLL_Southwark,Public Swim,Swimming,Swimming | Swimming Peckham,True,0.0,Peckham Pulse Leisure Centre,SE15 5QN,Southwark,51.474074,-0.070885,09:00,09:55,,1,False,https://southwarkleisure.co.uk/centres/peckham-pulse-leisure-centre/
SLL_Southwark_2357,London Venue,SLL_Southwark,Public Swim,Swimming,Swimming | Swimming Peckham,True,0.0,Peckham Pulse Leisure Centre,SE15 5QN,Southwark,51.474074,-0.070885,18:00,19:00,Thursday,1,False,https://southwarkleisure.co.uk/centres/peckham-pulse-leisure-centre/
SLL_Southwark_2358,London Venue,SLL_Southwark,Public Swim,Swimming,Swimming | Swimming Peckham,True,0.0,Peckham Pulse Leisure Centre,SE15 5QN,Southwark,51.474074,-0.070885,10:00,11:00,,1,False,https://southwarkleisure.co.uk/centres/peckham-pulse-leisure-centre/
SLL_Southwark_2359,London Venue,SLL_Southwark,Gymfluence – Supervised,Gym / Fitness,Gymfluence | Gymfluence Castle,False,4.0,The Castle Centre,SE1 6FG,Southwark,51.4935,-0.1024,12:00,13:00,Friday,1,False,https://southwarkleisure.co.uk/centres/the-castle-centre/
SLL_Southwark_2360,London Venue,SLL_Southwark,Gymfluence – Supervised,Gym / Fitness,Gymfluence | Gymfluence Surrey Docks,False,4.0,Surrey Docks Fitness & Water Sports,SE16 7SX,Southwark,51.493796,-0.039449,09:00,10:00,Saturday,1,False,https://southwarkleisure.co.uk/centres/surrey-docks-fitness-and-watersports-centre/
SLL_Southwark_2361,London Venue,SLL_Southwark,Track Visit,Walking / Running,Athletics | Athletics Track Casual,False,1.2000000000000002,Southwark Athletics Track,SE16 2PE,Southwark,51.4924,-0.0512,15:00,16:00,Sunday,1,False,https://southwarkleisure.co.uk/centres/southwark-park-sports-and-athletics-centre/
SLL_Southwark_2362,London Venue,SLL_Southwark,Gymfluence – Supervised,Gym / Fitness,Gymfluence | Gymfluence Peckham,False,4.0,Peckham Pulse Leisure Centre,SE15 5QN,Southwark,51.474074,-0.070885,17:00,18:00,Wednesday,1,False,https://southwarkleisure.co.uk/centres/peckham-pulse-leisure-centre/
SLL_Southwark_2363,London Venue,SLL_Southwark,Lane Swim - Med,Swimming,Swimming | Swimming Dulwich,True,0.0,Dulwich Leisure Centre,SE22 9HB,Southwark,51.460601,-0.071419,07:30,08:30,,1,False,https://southwarkleisure.co.uk/centres/dulwich-leisure-centre/
SLL_Southwark_2364,London Venue,SLL_Southwark,Lane Swim - Fast,Swimming,Swimming | Swimming Dulwich,False,2.5,Dulwich Leisure Centre,SE22 9HB,Southwark,51.460601,-0.071419,06:30,07:30,Thursday,1,False,https://southwarkleisure.co.uk/centres/dulwich-leisure-centre/
SLL_Southwark_2365,London Venue,SLL_Southwark,Gymfluence – Supervised,Gym / Fitness,Gymfluence | Gymfluence Camberwell,False,4.0,Camberwell Leisure Centre,SE5 8TS,Southwark,51.47422,-0.09051,08:00,09:00,Wednesday,1,False,https://southwarkleisure.co.uk/centres/camberwell-leisure-centre/
SLL_Southwark_2366,London Venue,SLL_Southwark,Lane Swim - Med,Swimming,Swimming | Swimming Peckham,False,2.5,Peckham Pulse Leisure Centre,SE15 5QN,Southwark,51.474074,-0.070885,12:00,13:30,Monday,1,False,https://southwarkleisure.co.uk/centres/peckham-pulse-leisure-centre/
SLL_Southwark_2367,London Venue,SLL_Southwark,Lane Swim - Slow,Swimming,Swimming | Swimming Dulwich,True,0.0,Dulwich Leisure Centre,SE22 9HB,Southwark,51.460601,-0.071419,20:00,21:00,,1,False,https://southwarkleisure.co.uk/centres/dulwich-leisure-centre/
SLL_Southwark_2368,London Venue,SLL_Southwark,Family Swim,Swimming,Swimming | Swimming Dulwich,True,0.0,Dulwich Leisure Centre,SE22 9HB,Southwark,51.460601,-0.071419,09:30,10:30,,1,False,https://southwarkleisure.co.uk/centres/dulwich-leisure-centre/
SLL_Southwark_2369,London Venue,SLL_Southwark,Gymfluence – Supervised,Gym / Fitness,Gymfluence | Gymfluence Camberwell,False,4.0,Camberwell Leisure Centre,SE5 8TS,Southwark,51.47422,-0.09051,20:00,21:00,Wednesday,1,False,https://southwarkleisure.co.uk/centres/camberwell-leisure-centre/
SLL_Southwark_2370,London Venue,SLL_Southwark,Gymfluence – Supervised,Gym / Fitness,Gymfluence | Gymfluence Canada Water,False,4.0,Canada Water Leisure Cent,,Southwark,,,20:00,21:00,Wednesday,1,False,
SLL_Southwark_2371,London Venue,SLL_Southwark,Lane Swim - Slow,Swimming,Swimming | Swimming Dulwich,False,2.5,Dulwich Leisure Centre,SE22 9HB,Southwark,51.460601,-0.071419,06:30,07:30,Wednesday,1,False,https://southwarkleisure.co.uk/centres/dulwich-leisure-centre/
SLL_Southwark_2372,London Venue,SLL_Southwark,Lane Swim - Slow,Swimming,Swimming | Swimming Canada Water,True,0.0,Canada Water Leisure Cent,,Southwark,,,08:00,08:55,Saturday,1,False,
SLL_Southwark_2373,London Venue,SLL_Southwark,Gymfluence – Supervised,Gym / Fitness,Gymfluence | Gymfluence Camberwell,False,4.0,Camberwell Leisure Centre,SE5 8TS,Southwark,51.47422,-0.09051,08:00,09:00,Thursday,1,False,https://southwarkleisure.co.uk/centres/camberwell-leisure-centre/
SLL_Southwark_2374,London Venue,SLL_Southwark,Gymfluence – Supervised,Gym / Fitness,Gymfluence | Gymfluence Castle,False,4.0,The Castle Centre,SE1 6FG,Southwark,51.4935,-0.1024,18:00,19:00,Thursday,1,False,https://southwarkleisure.co.uk/centres/the-castle-centre/
SLL_Southwark_2375,London Venue,SLL_Southwark,Lane Swim - Medium,Swimming,Swimming | Swimming Canada Water,True,0.0,Canada Water Leisure Cent,,Southwark,,,12:00,13:25,Monday,1,False,
SLL_Southwark_2376,London Venue,SLL_Southwark,Lane Swim - Slow,Swimming,Swimming | Swimming Peckham,False,2.5,Peckham Pulse Leisure Centre,SE15 5QN,Southwark,51.474074,-0.070885,12:00,13:30,Tuesday,1,False,https://southwarkleisure.co.uk/centres/peckham-pulse-leisure-centre/
SLL_Southwark_2377,London Venue,SLL_Southwark,Public Swim,Swimming,Swimming | Swimming Peckham,True,0.0,Peckham Pulse Leisure Centre,SE15 5QN,Southwark,51.474074,-0.070885,17:00,18:00,Monday,1,False,https://southwarkleisure.co.uk/centres/peckham-pulse-leisure-centre/
SLL_Southwark_2378,London Venue,SLL_Southwark,Gym Session,Gym / Fitness,Gym | Gym Surrey Docks,False,9.7,Surrey Docks Fitness & Water Sports,SE16 7SX,Southwark,51.493796,-0.039449,14:00,15:00,Wednesday,1,False,https://southwarkleisure.co.uk/centres/surrey-docks-fitness-and-watersports-centre/
SLL_Southwark_2379,London Venue,SLL_Southwark,Gymfluence – Supervised,Gym / Fitness,Gymfluence | Gymfluence Peckham,False,4.0,Peckham Pulse Leisure Centre,SE15 5QN,Southwark,51.474074,-0.070885,13:00,14:00,Thursday,1,False,https://southwarkleisure.co.uk/centres/peckham-pulse-leisure-centre/
SLL_Southwark_2380,London Venue,SLL_Southwark,Public Swim,Swimming,Swimming | Swimming Peckham,True,0.0,Peckham Pulse Leisure Centre,SE15 5QN,Southwark,51.474074,-0.070885,12:00,13:00,Saturday,1,False,https://southwarkleisure.co.uk/centres/peckham-pulse-leisure-centre/
SLL_Southwark_2381,London Venue,SLL_Southwark,Gymfluence – Supervised,Gym / Fitness,Gymfluence | Gymfluence Peckham,False,9.7,Peckham Pulse Leisure Centre,SE15 5QN,Southwark,51.474074,-0.070885,15:00,16:00,Sunday,1,False,https://southwarkleisure.co.uk/centres/peckham-pulse-leisure-centre/
SLL_Southwark_2382,London Venue,SLL_Southwark,Public Swim,Swimming,Swimming | Swimming Canada Water,True,0.0,Canada Water Leisure Cent,,Southwark,,,15:00,15:55,Saturday,1,False,
SLL_Southwark_2383,London Venue,SLL_Southwark,Public Swim,Swimming,Swimming | Swimming Peckham,True,0.0,Peckham Pulse Leisure Centre,SE15 5QN,Southwark,51.474074,-0.070885,09:00,10:00,Sunday,1,False,https://southwarkleisure.co.uk/centres/peckham-pulse-leisure-centre/
SLL_Southwark_2384,London Venue,SLL_Southwark,Gym Session,Gym / Fitness,Gym | Gym Castle,False,9.7,The Castle Centre,SE1 6FG,Southwark,51.4935,-0.1024,14:00,15:00,Thursday,1,False,https://southwarkleisure.co.uk/centres/the-castle-centre/
SLL_Southwark_2385,London Venue,SLL_Southwark,Lane Swim - Med,Swimming,Swimming | Swimming Dulwich,True,0.0,Dulwich Leisure Centre,SE22 9HB,Southwark,51.460601,-0.071419,20:00,21:00,,1,False,https://southwarkleisure.co.uk/centres/dulwich-leisure-centre/
SLL_Southwark_2386,London Venue,SLL_Southwark,Gymfluence – Supervised,Gym / Fitness,Gymfluence | Gymfluence Peckham,False,4.0,Peckham Pulse Leisure Centre,SE15 5QN,Southwark,51.474074,-0.070885,10:00,11:00,Monday,1,False,https://southwarkleisure.co.uk/centres/peckham-pulse-leisure-centre/
SLL_Southwark_2387,London Venue,SLL_Southwark,Lane Swim - Med,Swimming,Swimming | Swimming Dulwich,True,0.0,Dulwich Leisure Centre,SE22 9HB,Southwark,51.460601,-0.071419,06:30,07:30,,1,False,https://southwarkleisure.co.uk/centres/dulwich-leisure-centre/
SLL_Southwark_2388,London Venue,SLL_Southwark,Lane Swim - Slow,Swimming,Swimming | Swimming Peckham,False,2.5,Peckham Pulse Leisure Centre,SE15 5QN,Southwark,51.474074,-0.070885,07:30,09:00,Monday,1,False,https://southwarkleisure.co.uk/centres/peckham-pulse-leisure-centre/
SLL_Southwark_2389,London Venue,SLL_Southwark,Lane Swim - Med,Swimming,Swimming | Swimming Dulwich,False,2.5,Dulwich Leisure Centre,SE22 9HB,Southwark,51.460601,-0.071419,06:30,07:30,Tuesday,1,False,https://southwarkleisure.co.uk/centres/dulwich-leisure-centre/
SLL_Southwark_2390,London Venue,SLL_Southwark,Track Visit,Walking / Running,Athletics | Athletics Track Casual,False,1.2000000000000002,Southwark Athletics Track,SE16 2PE,Southwark,51.4924,-0.0512,07:00,08:00,Monday,1,False,https://southwarkleisure.co.uk/centres/southwark-park-sports-and-athletics-centre/
SLL_Southwark_2391,London Venue,SLL_Southwark,Track Visit,Walking / Running,Athletics | Athletics Track Casual,False,1.2000000000000002,Southwark Athletics Track,SE16 2PE,Southwark,51.4924,-0.0512,09:00,10:00,Sunday,1,False,https://southwarkleisure.co.uk/centres/southwark-park-sports-and-athletics-centre/
SLL_Southwark_2392,London Venue,SLL_Southwark,Gymfluence – Supervised,Gym / Fitness,Gymfluence | Gymfluence Canada Water,False,4.0,Canada Water Leisure Cent,,Southwark,,,10:00,11:00,Sunday,1,False,
SLL_Southwark_2393,London Venue,SLL_Southwark,Gymfluence  - Instructor,Gym / Fitness,Gymfluence | Gymfluence Canada Water,False,4.0,Canada Water Leisure Cent,,Southwark,,,10:00,11:00,Sunday,1,False,
SLL_Southwark_2394,London Venue,SLL_Southwark,Gymfluence – Supervised,Gym / Fitness,Gymfluence | Gymfluence Surrey Docks,False,4.0,Surrey Docks Fitness & Water Sports,SE16 7SX,Southwark,51.493796,-0.039449,10:00,11:00,Saturday,1,False,https://southwarkleisure.co.uk/centres/surrey-docks-fitness-and-watersports-centre/
SLL_Southwark_2395,London Venue,SLL_Southwark,Gymfluence – Supervised,Gym / Fitness,Gymfluence | Gymfluence Camberwell,False,4.0,Camberwell Leisure Centre,SE5 8TS,Southwark,51.47422,-0.09051,06:30,07:00,Monday,1,False,https://southwarkleisure.co.uk/centres/camberwell-leisure-centre/
SLL_Southwark_2396,London Venue,SLL_Southwark,Lane Swim - Slow,Swimming,Swimming | Swimming Dulwich,False,2.5,Dulwich Leisure Centre,SE22 9HB,Southwark,51.460601,-0.071419,06:30,07:30,Tuesday,1,False,https://southwarkleisure.co.uk/centres/dulwich-leisure-centre/
SLL_Southwark_2397,London Venue,SLL_Southwark,Lane Swim - Med,Swimming,Swimming | Swimming Dulwich,False,2.5,Dulwich Leisure Centre,SE22 9HB,Southwark,51.460601,-0.071419,07:30,08:30,,1,False,https://southwarkleisure.co.uk/centres/dulwich-leisure-centre/
SLL_Southwark_2398,London Venue,SLL_Southwark,Lane Swim - Slow 45 Min,Swimming,Swimming | Swimming Dulwich,False,2.5,Dulwich Leisure Centre,SE22 9HB,Southwark,51.460601,-0.071419,12:45,13:30,Thursday,1,False,https://southwarkleisure.co.uk/centres/dulwich-leisure-centre/
SLL_Southwark_2399,London Venue,SLL_Southwark,Family Fun Swim,Swimming,Swimming | Swimming Canada Water,True,0.0,Canada Water Leisure Cent,,Southwark,,,17:00,17:55,Sunday,1,False,
SLL_Southwark_2400,London Venue,SLL_Southwark,Gymfluence - Instructor,Gym / Fitness,Gymfluence | Gymfluence Peckham,False,4.0,Peckham Pulse Leisure Centre,SE15 5QN,Southwark,51.474074,-0.070885,10:00,11:00,Sunday,1,False,https://southwarkleisure.co.uk/centres/peckham-pulse-leisure-centre/
SLL_Southwark_2401,London Venue,SLL_Southwark,Gymfluence - Instructor,Gym / Fitness,Gymfluence | Gymfluence Peckham,False,4.0,Peckham Pulse Leisure Centre,SE15 5QN,Southwark,51.474074,-0.070885,10:00,11:00,Saturday,1,False,https://southwarkleisure.co.uk/centres/peckham-pulse-leisure-centre/
SLL_Southwark_2402,London Venue,SLL_Southwark,Gymfluence – Supervised,Gym / Fitness,Gymfluence | Gymfluence Castle,False,4.0,The Castle Centre,SE1 6FG,Southwark,51.4935,-0.1024,11:00,12:00,Friday,1,False,https://southwarkleisure.co.uk/centres/the-castle-centre/
SLL_Southwark_2403,London Venue,SLL_Southwark,Lane Swim - Med,Swimming,Swimming | Swimming Dulwich,False,2.5,Dulwich Leisure Centre,SE22 9HB,Southwark,51.460601,-0.071419,20:00,21:00,Thursday,1,False,https://southwarkleisure.co.uk/centres/dulwich-leisure-centre/
SLL_Southwark_2404,London Venue,SLL_Southwark,U5 Swim,Swimming,Swimming | Swimming Canada Water,True,0.0,Canada Water Leisure Cent,,Southwark,,,15:00,15:55,Friday,1,False,
SLL_Southwark_2405,London Venue,SLL_Southwark,Junior Kayaking Club,Other / Unspecified,Watersports | Watersports Courses,False,5.0,Surrey Docks Fitness & Water Sports,SE16 7SX,Southwark,51.493796,-0.039449,10:30,12:00,Saturday,1,False,https://southwarkleisure.co.uk/centres/surrey-docks-fitness-and-watersports-centre/
SLL_Southwark_2406,London Venue,SLL_Southwark,Gymfluence – Supervised,Gym / Fitness,Gymfluence | Gymfluence Peckham,False,4.0,Peckham Pulse Leisure Centre,SE15 5QN,Southwark,51.474074,-0.070885,20:00,21:00,Monday,1,False,https://southwarkleisure.co.uk/centres/peckham-pulse-leisure-centre/
SLL_Southwark_2407,London Venue,SLL_Southwark,U5 Fun Swim,Swimming,Swimming | Swimming Castle,True,0.0,The Castle Centre,SE1 6FG,Southwark,51.4935,-0.1024,10:00,11:00,,1,False,https://southwarkleisure.co.uk/centres/the-castle-centre/
SLL_Southwark_2408,London Venue,SLL_Southwark,Lane Swim - Slow,Swimming,Swimming | Swimming Dulwich,False,2.5,Dulwich Leisure Centre,SE22 9HB,Southwark,51.460601,-0.071419,08:30,09:30,,1,False,https://southwarkleisure.co.uk/centres/dulwich-leisure-centre/
SLL_Southwark_2409,London Venue,SLL_Southwark,Lane Swim - Fast,Swimming,Swimming | Swimming Peckham,False,2.5,Peckham Pulse Leisure Centre,SE15 5QN,Southwark,51.474074,-0.070885,07:00,08:00,Sunday,1,False,https://southwarkleisure.co.uk/centres/peckham-pulse-leisure-centre/
SLL_Southwark_2410,London Venue,SLL_Southwark,Gymfluence – Supervised,Gym / Fitness,Gymfluence | Gymfluence Surrey Docks,False,4.0,Surrey Docks Fitness & Water Sports,SE16 7SX,Southwark,51.493796,-0.039449,19:00,20:00,Wednesday,1,False,https://southwarkleisure.co.uk/centres/surrey-docks-fitness-and-watersports-centre/
SLL_Southwark_2411,London Venue,SLL_Southwark,Gymfluence – Supervised,Gym / Fitness,Gymfluence | Gymfluence Peckham,False,4.0,Peckham Pulse Leisure Centre,SE15 5QN,Southwark,51.474074,-0.070885,11:00,12:00,Monday,1,False,https://southwarkleisure.co.uk/centres/peckham-pulse-leisure-centre/
SLL_Southwark_2412,London Venue,SLL_Southwark,Gymfluence – Supervised,Gym / Fitness,Gymfluence | Gymfluence Peckham,False,4.0,Peckham Pulse Leisure Centre,SE15 5QN,Southwark,51.474074,-0.070885,14:00,15:00,Monday,1,False,https://southwarkleisure.co.uk/centres/peckham-pulse-leisure-centre/
SLL_Southwark_2413,London Venue,SLL_Southwark,Lane Swim - Fast,Swimming,Swimming | Swimming Peckham,False,2.5,Peckham Pulse Leisure Centre,SE15 5QN,Southwark,51.474074,-0.070885,21:00,21:45,Tuesday,1,False,https://southwarkleisure.co.uk/centres/peckham-pulse-leisure-centre/
SLL_Southwark_2414,London Venue,SLL_Southwark,Lane Swim - Med,Swimming,Swimming | Swimming Dulwich,False,2.5,Dulwich Leisure Centre,SE22 9HB,Southwark,51.460601,-0.071419,07:30,08:30,,1,False,https://southwarkleisure.co.uk/centres/dulwich-leisure-centre/
SLL_Southwark_2415,London Venue,SLL_Southwark,Gymfluence – Supervised,Gym / Fitness,Gymfluence | Gymfluence Canada Water,False,4.0,Canada Water Leisure Cent,,Southwark,,,21:00,22:00,Thursday,1,False,
SLL_Southwark_2416,London Venue,SLL_Southwark,Gymfluence – Supervised,Gym / Fitness,Gymfluence | Gymfluence Camberwell,False,4.0,Camberwell Leisure Centre,SE5 8TS,Southwark,51.47422,-0.09051,18:00,19:00,Monday,1,False,https://southwarkleisure.co.uk/centres/camberwell-leisure-centre/
SLL_Southwark_2417,London Venue,SLL_Southwark,Gymfluence – Supervised,Gym / Fitness,Gymfluence | Gymfluence Castle,False,4.0,The Castle Centre,SE1 6FG,Southwark,51.4935,-0.1024,19:00,20:00,Tuesday,1,False,https://southwarkleisure.co.uk/centres/the-castle-centre/
SLL_Southwark_2418,London Venue,SLL_Southwark,Gymfluence  - Instructor,Gym / Fitness,Gymfluence | Gymfluence Dulwich,False,4.0,Dulwich Leisure Centre,SE22 9HB,Southwark,51.460601,-0.071419,10:00,11:00,Sunday,1,False,https://southwarkleisure.co.uk/centres/dulwich-leisure-centre/
SLL_Southwark_2419,London Venue,SLL_Southwark,Gymfluence – Supervised,Gym / Fitness,Gymfluence | Gymfluence Castle,False,4.0,The Castle Centre,SE1 6FG,Southwark,51.4935,-0.1024,10:00,11:00,Thursday,1,False,https://southwarkleisure.co.uk/centres/the-castle-centre/
SLL_Southwark_2420,London Venue,SLL_Southwark,Lane Swim - Med,Swimming,Swimming | Swimming Dulwich,False,2.5,Dulwich Leisure Centre,SE22 9HB,Southwark,51.460601,-0.071419,07:30,09:00,Monday,1,False,https://southwarkleisure.co.uk/centres/dulwich-leisure-centre/
SLL_Southwark_2421,London Venue,SLL_Southwark,Gymfluence – Supervised,Gym / Fitness,Gymfluence | Gymfluence Castle,False,4.0,The Castle Centre,SE1 6FG,Southwark,51.4935,-0.1024,19:00,20:00,Wednesday,1,False,https://southwarkleisure.co.uk/centres/the-castle-centre/
SLL_Southwark_2422,London Venue,SLL_Southwark,Lane Swim - Slow,Swimming,Swimming | Swimming Dulwich,False,2.5,Dulwich Leisure Centre,SE22 9HB,Southwark,51.460601,-0.071419,08:30,09:30,,1,False,https://southwarkleisure.co.uk/centres/dulwich-leisure-centre/
SLL_Southwark_2423,London Venue,SLL_Southwark,Gymfluence – Supervised,Gym / Fitness,Gymfluence | Gymfluence Surrey Docks,False,4.0,Surrey Docks Fitness & Water Sports,SE16 7SX,Southwark,51.493796,-0.039449,12:00,13:00,Thursday,1,False,https://southwarkleisure.co.uk/centres/surrey-docks-fitness-and-watersports-centre/
SLL_Southwark_2424,London Venue,SLL_Southwark,Gymfluence – Supervised,Gym / Fitness,Gymfluence | Gymfluence Castle,False,4.0,The Castle Centre,SE1 6FG,Southwark,51.4935,-0.1024,14:00,15:00,Thursday,1,False,https://southwarkleisure.co.uk/centres/the-castle-centre/
SLL_Southwark_2425,London Venue,SLL_Southwark,Public Swim,Swimming,Swimming | Swimming Canada Water,True,0.0,Canada Water Leisure Cent,,Southwark,,,09:00,09:55,Wednesday,1,False,
SLL_Southwark_2426,London Venue,SLL_Southwark,Lane Swim - Fast,Swimming,Swimming | Swimming Peckham,False,2.5,Peckham Pulse Leisure Centre,SE15 5QN,Southwark,51.474074,-0.070885,07:30,09:00,Monday,1,False,https://southwarkleisure.co.uk/centres/peckham-pulse-leisure-centre/
SLL_Southwark_2427,London Venue,SLL_Southwark,Lane Swim - Med,Swimming,Swimming | Swimming Castle,True,0.0,The Castle Centre,SE1 6FG,Southwark,51.4935,-0.1024,13:00,13:55,Tuesday,1,False,https://southwarkleisure.co.uk/centres/the-castle-centre/
SLL_Southwark_2428,London Venue,SLL_Southwark,Bodycombat,Group Exercise,Group | Group Exercise Canada,False,11.3,Canada Water Leisure Cent,,Southwark,,,09:30,10:30,Monday,1,False,
SLL_Southwark_2429,London Venue,SLL_Southwark,Zumba,Group Exercise,Group | Group Exercise Peckham,False,12.5,Peckham Pulse Leisure Centre,SE15 5QN,Southwark,51.474074,-0.070885,09:00,10:00,,1,False,https://southwarkleisure.co.uk/centres/peckham-pulse-leisure-centre/
SLL_Southwark_2430,London Venue,SLL_Southwark,Hiit,Group Exercise,Group | Group Exercise Camberwell,False,12.5,Camberwell Leisure Centre,SE5 8TS,Southwark,51.47422,-0.09051,09:30,10:30,Saturday,1,False,https://southwarkleisure.co.uk/centres/camberwell-leisure-centre/
SLL_Southwark_2431,London Venue,SLL_Southwark,Hyrox,Group Exercise,Group | Group Exercise Tracks,False,12.5,Southwark Athletics Track,SE16 2PE,Southwark,51.4924,-0.0512,18:00,19:00,Monday,1,False,https://southwarkleisure.co.uk/centres/southwark-park-sports-and-athletics-centre/
SLL_Southwark_2432,London Venue,SLL_Southwark,Disability Swim,Swimming,Swimming | Swimming Peckham,False,2.5,Peckham Pulse Leisure Centre,SE15 5QN,Southwark,51.474074,-0.070885,20:00,21:00,Wednesday,1,False,https://southwarkleisure.co.uk/centres/peckham-pulse-leisure-centre/
SLL_Southwark_2433,London Venue,SLL_Southwark,Aqua Aerobics,Group Exercise,Group | Group Exercise Peckham,False,12.5,Peckham Pulse Leisure Centre,SE15 5QN,Southwark,51.474074,-0.070885,19:00,20:00,,1,False,https://southwarkleisure.co.uk/centres/peckham-pulse-leisure-centre/
SLL_Southwark_2434,London Venue,SLL_Southwark,Bodypump,Group Exercise,Group | Group Exercise Docks,False,12.5,Surrey Docks Fitness & Water Sports,SE16 7SX,Southwark,51.493796,-0.039449,12:00,13:00,Sunday,1,False,https://southwarkleisure.co.uk/centres/surrey-docks-fitness-and-watersports-centre/
SLL_Southwark_2435,London Venue,SLL_Southwark,Zumba,Group Exercise,Group | Group Exercise Dulwich,False,12.5,Dulwich Leisure Centre,SE22 9HB,Southwark,51.460601,-0.071419,18:00,19:00,,1,False,https://southwarkleisure.co.uk/centres/dulwich-leisure-centre/
SLL_Southwark_2436,London Venue,SLL_Southwark,Track Visit,Walking / Running,Athletics | Athletics Track Casual,False,1.2000000000000002,Southwark Athletics Track,SE16 2PE,Southwark,51.4924,-0.0512,20:00,21:00,"Monday, Tuesday, Friday",1,False,https://southwarkleisure.co.uk/centres/southwark-park-sports-and-athletics-centre/
SLL_Southwark_2437,London Venue,SLL_Southwark,Yogalates Mon 18.00,Group Exercise,Group | Group Exercise Camberwell,False,9.7,Camberwell Leisure Centre,SE5 8TS,Southwark,51.47422,-0.09051,18:00,19:00,Monday,1,False,https://southwarkleisure.co.uk/centres/camberwell-leisure-centre/
SLL_Southwark_2438,London Venue,SLL_Southwark,Hiit Class,Group Exercise,Group | Group Exercise Dulwich,False,12.5,Dulwich Leisure Centre,SE22 9HB,Southwark,51.460601,-0.071419,13:15,14:00,Friday,1,False,https://southwarkleisure.co.uk/centres/dulwich-leisure-centre/
SLL_Southwark_2439,London Venue,SLL_Southwark,Silver Aqua,Group Exercise,Group | Group Exercise Canada,True,0.0,Canada Water Leisure Cent,,Southwark,,,11:30,12:30,Monday,1,False,
SLL_Southwark_2440,London Venue,SLL_Southwark,Family Swim,Swimming,Swimming | Swimming Peckham,True,0.0,Peckham Pulse Leisure Centre,SE15 5QN,Southwark,51.474074,-0.070885,12:00,13:00,Sunday,1,False,https://southwarkleisure.co.uk/centres/peckham-pulse-leisure-centre/
SLL_Southwark_2441,London Venue,SLL_Southwark,Cycl`H2o,Group Exercise,Group | Group Exercise Castle,False,12.5,The Castle Centre,SE1 6FG,Southwark,51.4935,-0.1024,19:45,20:30,Monday,1,False,https://southwarkleisure.co.uk/centres/the-castle-centre/
SLL_Southwark_2442,London Venue,SLL_Southwark,Junior Induction,Gym / Fitness,Gymfluence | Gymfluence Peckham,True,0.0,Peckham Pulse Leisure Centre,SE15 5QN,Southwark,51.474074,-0.070885,16:00,17:00,Friday,1,False,https://southwarkleisure.co.uk/centres/peckham-pulse-leisure-centre/
SLL_Southwark_2443,London Venue,SLL_Southwark,Boxercise,Group Exercise,Group | Group Exercise Dulwich,False,12.5,Dulwich Leisure Centre,SE22 9HB,Southwark,51.460601,-0.071419,09:45,10:45,,1,False,https://southwarkleisure.co.uk/centres/dulwich-leisure-centre/
SLL_Southwark_2444,London Venue,SLL_Southwark,Group Cycle,Group Exercise,Group | Group Exercise Dulwich,False,12.5,Dulwich Leisure Centre,SE22 9HB,Southwark,51.460601,-0.071419,09:00,09:45,Saturday,1,False,https://southwarkleisure.co.uk/centres/dulwich-leisure-centre/
SLL_Southwark_2445,London Venue,SLL_Southwark,Group Cycle,Group Exercise,Group | Group Exercise Dulwich,False,12.5,Dulwich Leisure Centre,SE22 9HB,Southwark,51.460601,-0.071419,11:00,11:45,Saturday,1,False,https://southwarkleisure.co.uk/centres/dulwich-leisure-centre/
SLL_Southwark_2446,London Venue,SLL_Southwark,Double Impact,Group Exercise,Group | Group Exercise Castle,False,12.5,The Castle Centre,SE1 6FG,Southwark,51.4935,-0.1024,19:00,19:45,Monday,1,False,https://southwarkleisure.co.uk/centres/the-castle-centre/
SLL_Southwark_2447,London Venue,SLL_Southwark,Group Cycle,Group Exercise,Group | Group Exercise Castle,False,12.5,The Castle Centre,SE1 6FG,Southwark,51.4935,-0.1024,09:45,10:30,,1,False,https://southwarkleisure.co.uk/centres/the-castle-centre/
SLL_Southwark_2448,London Venue,SLL_Southwark,Yin Yoga Class,Group Exercise,Group | Group Exercise Camberwell,False,9.7,Camberwell Leisure Centre,SE5 8TS,Southwark,51.47422,-0.09051,19:30,20:30,,1,False,https://southwarkleisure.co.uk/centres/camberwell-leisure-centre/
SLL_Southwark_2449,London Venue,SLL_Southwark,Aqua Aerobics,Group Exercise,Group | Group Exercise Castle,False,12.5,The Castle Centre,SE1 6FG,Southwark,51.4935,-0.1024,19:15,20:00,Tuesday,1,False,https://southwarkleisure.co.uk/centres/the-castle-centre/
SLL_Southwark_2450,London Venue,SLL_Southwark,Aqua Aerobics,Group Exercise,Group | Group Exercise Castle,False,12.5,The Castle Centre,SE1 6FG,Southwark,51.4935,-0.1024,15:00,16:00,Wednesday,1,False,https://southwarkleisure.co.uk/centres/the-castle-centre/
SLL_Southwark_2451,London Venue,SLL_Southwark,Compound Lifting Club,Group Exercise,Group | Group Exercise Peckham,False,12.5,Peckham Pulse Leisure Centre,SE15 5QN,Southwark,51.474074,-0.070885,18:15,19:00,Wednesday,1,False,https://southwarkleisure.co.uk/centres/peckham-pulse-leisure-centre/
SLL_Southwark_2452,London Venue,SLL_Southwark,Adult Bubbles,Swimming,Swimming | Swimming Peckham,True,0.0,Peckham Pulse Leisure Centre,SE15 5QN,Southwark,51.474074,-0.070885,21:00,21:45,Wednesday,1,False,https://southwarkleisure.co.uk/centres/peckham-pulse-leisure-centre/
SLL_Southwark_2453,London Venue,SLL_Southwark,Bodypump,Group Exercise,Group | Group Exercise Dulwich,False,12.5,Dulwich Leisure Centre,SE22 9HB,Southwark,51.460601,-0.071419,06:45,07:45,,1,False,https://southwarkleisure.co.uk/centres/dulwich-leisure-centre/
SLL_Southwark_2454,London Venue,SLL_Southwark,Induction/programme,Gym / Fitness,Gym | Gym Peckham,False,12.5,Peckham Pulse Leisure Centre,SE15 5QN,Southwark,51.474074,-0.070885,10:00,10:30,"Tuesday, Wednesday, Thursday",1,False,https://southwarkleisure.co.uk/centres/peckham-pulse-leisure-centre/
SLL_Southwark_2455,London Venue,SLL_Southwark,Yang To Yin Yoga,Group Exercise,Group | Group Exercise Camberwell,False,9.7,Camberwell Leisure Centre,SE5 8TS,Southwark,51.47422,-0.09051,10:30,11:30,Sunday,1,False,https://southwarkleisure.co.uk/centres/camberwell-leisure-centre/
SLL_Southwark_2456,London Venue,SLL_Southwark,Mindful Flow Yoga,Group Exercise,Group | Group Exercise Camberwell,False,9.7,Camberwell Leisure Centre,SE5 8TS,Southwark,51.47422,-0.09051,10:45,11:45,Saturday,1,False,https://southwarkleisure.co.uk/centres/camberwell-leisure-centre/
SLL_Southwark_2457,London Venue,SLL_Southwark,Road To 4 Plates,Group Exercise,Group | Group Exercise Docks,True,0.0,Surrey Docks Fitness & Water Sports,SE16 7SX,Southwark,51.493796,-0.039449,18:30,19:15,Friday,1,False,https://southwarkleisure.co.uk/centres/surrey-docks-fitness-and-watersports-centre/
SLL_Southwark_2458,London Venue,SLL_Southwark,Road To 4 Plates,Group Exercise,Group | Group Exercise Docks,True,0.0,Surrey Docks Fitness & Water Sports,SE16 7SX,Southwark,51.493796,-0.039449,19:30,20:15,Friday,1,False,https://southwarkleisure.co.uk/centres/surrey-docks-fitness-and-watersports-centre/
SLL_Southwark_2459,London Venue,SLL_Southwark,Silver Mobility & Balance,Group Exercise,Group | Group Exercise Docks,True,0.0,Surrey Docks Fitness & Water Sports,SE16 7SX,Southwark,51.493796,-0.039449,13:30,14:30,Saturday,1,False,https://southwarkleisure.co.uk/centres/surrey-docks-fitness-and-watersports-centre/
SLL_Southwark_2460,London Venue,SLL_Southwark,Tai Chi,Group Exercise,Group | Group Exercise Dulwich,False,12.5,Dulwich Leisure Centre,SE22 9HB,Southwark,51.460601,-0.071419,14:45,15:45,Sunday,1,False,https://southwarkleisure.co.uk/centres/dulwich-leisure-centre/
SLL_Southwark_2461,London Venue,SLL_Southwark,H I I T,Group Exercise,Group | Group Exercise Camberwell,False,12.5,Camberwell Leisure Centre,SE5 8TS,Southwark,51.47422,-0.09051,18:15,19:15,Monday,1,False,https://southwarkleisure.co.uk/centres/camberwell-leisure-centre/
SLL_Southwark_2462,London Venue,SLL_Southwark,Stretch & Tone,Group Exercise,Group | Group Exercise Castle,False,12.5,The Castle Centre,SE1 6FG,Southwark,51.4935,-0.1024,07:00,07:45,Monday,1,False,https://southwarkleisure.co.uk/centres/the-castle-centre/
SLL_Southwark_2463,London Venue,SLL_Southwark,Lane Swim - Fast,Swimming,Swimming | Swimming Castle,True,0.0,The Castle Centre,SE1 6FG,Southwark,51.4935,-0.1024,19:00,19:55,Tuesday,1,False,https://southwarkleisure.co.uk/centres/the-castle-centre/
SLL_Southwark_2464,London Venue,SLL_Southwark,Lane Swim-Slow,Swimming,Swimming | Swimming Castle,,,The Castle Centre,SE1 6FG,Southwark,51.4935,-0.1024,21:00,21:55,Wednesday,1,False,https://southwarkleisure.co.uk/centres/the-castle-centre/
SLL_Southwark_2465,London Venue,SLL_Southwark,Public Swimm,Swimming,Swimming | Swimming Castle,,,The Castle Centre,SE1 6FG,Southwark,51.4935,-0.1024,08:00,08:55,Saturday,1,False,https://southwarkleisure.co.uk/centres/the-castle-centre/
SLL_Southwark_2466,London Venue,SLL_Southwark,Lane Swim-Med,Swimming,Swimming | Swimming Castle,,,The Castle Centre,SE1 6FG,Southwark,51.4935,-0.1024,21:00,21:55,Wednesday,1,False,https://southwarkleisure.co.uk/centres/the-castle-centre/
SLL_Southwark_2467,London Venue,SLL_Southwark,Lane Swim-Fast,Swimming,Swimming | Swimming Castle,,,The Castle Centre,SE1 6FG,Southwark,51.4935,-0.1024,21:00,21:55,Wednesday,1,False,https://southwarkleisure.co.uk/centres/the-castle-centre/
SLL_Southwark_2468,London Venue,SLL_Southwark,Group Cycle,Group Exercise,Group | Group Exercise Dulwich,False,12.5,Dulwich Leisure Centre,SE22 9HB,Southwark,51.460601,-0.071419,18:30,19:15,,1,False,https://southwarkleisure.co.uk/centres/dulwich-leisure-centre/
SLL_Southwark_2469,London Venue,SLL_Southwark,Women Only Swim,Swimming,Swimming | Swimming Castle,True,0.0,The Castle Centre,SE1 6FG,Southwark,51.4935,-0.1024,10:00,10:55,Thursday,1,False,https://southwarkleisure.co.uk/centres/the-castle-centre/
SLL_Southwark_2470,London Venue,SLL_Southwark,Public Swim,Swimming,Swimming | Swimming Castle,True,0.0,The Castle Centre,SE1 6FG,Southwark,51.4935,-0.1024,14:00,14:55,Saturday,1,False,https://southwarkleisure.co.uk/centres/the-castle-centre/
SLL_Southwark_2471,London Venue,SLL_Southwark,Public Swim,Swimming,Swimming | Swimming Castle,True,0.0,The Castle Centre,SE1 6FG,Southwark,51.4935,-0.1024,15:00,15:55,Saturday,1,False,https://southwarkleisure.co.uk/centres/the-castle-centre/
SLL_Southwark_2472,London Venue,SLL_Southwark,Public Swim,Swimming,Swimming | Swimming Castle,True,0.0,The Castle Centre,SE1 6FG,Southwark,51.4935,-0.1024,16:00,16:50,Saturday,1,False,https://southwarkleisure.co.uk/centres/the-castle-centre/
SLL_Southwark_2473,London Venue,SLL_Southwark,Lane Swim - Fast,Swimming,Swimming | Swimming Castle,True,0.0,The Castle Centre,SE1 6FG,Southwark,51.4935,-0.1024,17:00,17:50,Saturday,1,False,https://southwarkleisure.co.uk/centres/the-castle-centre/
SLL_Southwark_2474,London Venue,SLL_Southwark,Lane Swim - Med,Swimming,Swimming | Swimming Castle,True,0.0,The Castle Centre,SE1 6FG,Southwark,51.4935,-0.1024,17:00,17:50,Saturday,1,False,https://southwarkleisure.co.uk/centres/the-castle-centre/
SLL_Southwark_2475,London Venue,SLL_Southwark,Public Swim,Swimming,Swimming | Swimming Castle,True,0.0,The Castle Centre,SE1 6FG,Southwark,51.4935,-0.1024,09:00,09:55,Sunday,1,False,https://southwarkleisure.co.uk/centres/the-castle-centre/
SLL_Southwark_2476,London Venue,SLL_Southwark,Public Swim,Swimming,Swimming | Swimming Castle,True,0.0,The Castle Centre,SE1 6FG,Southwark,51.4935,-0.1024,10:00,10:55,Sunday,1,False,https://southwarkleisure.co.uk/centres/the-castle-centre/
SLL_Southwark_2477,London Venue,SLL_Southwark,Family Swim,Swimming,Swimming | Swimming Castle,True,0.0,The Castle Centre,SE1 6FG,Southwark,51.4935,-0.1024,11:00,11:55,Sunday,1,False,https://southwarkleisure.co.uk/centres/the-castle-centre/
SLL_Southwark_2478,London Venue,SLL_Southwark,Lane Swim - Slow,Swimming,Swimming | Swimming Castle,True,0.0,The Castle Centre,SE1 6FG,Southwark,51.4935,-0.1024,12:00,12:55,Sunday,1,False,https://southwarkleisure.co.uk/centres/the-castle-centre/
SLL_Southwark_2479,London Venue,SLL_Southwark,Lane Swim - Slow,Swimming,Swimming | Swimming Castle,True,0.0,The Castle Centre,SE1 6FG,Southwark,51.4935,-0.1024,12:00,12:55,Thursday,1,False,https://southwarkleisure.co.uk/centres/the-castle-centre/
SLL_Southwark_2480,London Venue,SLL_Southwark,Public Swim,Swimming,Swimming | Swimming Castle,True,0.0,The Castle Centre,SE1 6FG,Southwark,51.4935,-0.1024,14:00,14:55,Thursday,1,False,https://southwarkleisure.co.uk/centres/the-castle-centre/
SLL_Southwark_2481,London Venue,SLL_Southwark,Public Swim,Swimming,Swimming | Swimming Castle,True,0.0,The Castle Centre,SE1 6FG,Southwark,51.4935,-0.1024,15:00,15:50,Thursday,1,False,https://southwarkleisure.co.uk/centres/the-castle-centre/
SLL_Southwark_2482,London Venue,SLL_Southwark,Lane Swim - Fast,Swimming,Swimming | Swimming Castle,True,0.0,The Castle Centre,SE1 6FG,Southwark,51.4935,-0.1024,20:00,21:00,,1,False,https://southwarkleisure.co.uk/centres/the-castle-centre/
SLL_Southwark_2483,London Venue,SLL_Southwark,Lane Swim - Med,Swimming,Swimming | Swimming Castle,True,0.0,The Castle Centre,SE1 6FG,Southwark,51.4935,-0.1024,20:00,21:00,,1,False,https://southwarkleisure.co.uk/centres/the-castle-centre/
SLL_Southwark_2484,London Venue,SLL_Southwark,Lane Swim - Slow,Swimming,Swimming | Swimming Castle,True,0.0,The Castle Centre,SE1 6FG,Southwark,51.4935,-0.1024,13:00,13:55,Friday,1,False,https://southwarkleisure.co.uk/centres/the-castle-centre/
SLL_Southwark_2485,London Venue,SLL_Southwark,Disability Swim,Swimming,Swimming | Swimming Castle,True,0.0,The Castle Centre,SE1 6FG,Southwark,51.4935,-0.1024,14:00,14:55,Friday,1,False,https://southwarkleisure.co.uk/centres/the-castle-centre/
SLL_Southwark_2486,London Venue,SLL_Southwark,Public Swim,Swimming,Swimming | Swimming Castle,True,0.0,The Castle Centre,SE1 6FG,Southwark,51.4935,-0.1024,15:00,15:50,Friday,1,False,https://southwarkleisure.co.uk/centres/the-castle-centre/
SLL_Southwark_2487,London Venue,SLL_Southwark,Family Swim,Swimming,Swimming | Swimming Castle,True,0.0,The Castle Centre,SE1 6FG,Southwark,51.4935,-0.1024,16:00,16:55,Friday,1,False,https://southwarkleisure.co.uk/centres/the-castle-centre/
SLL_Southwark_2488,London Venue,SLL_Southwark,Family Swim,Swimming,Swimming | Swimming Castle,True,0.0,The Castle Centre,SE1 6FG,Southwark,51.4935,-0.1024,17:00,17:55,Friday,1,False,https://southwarkleisure.co.uk/centres/the-castle-centre/
SLL_Southwark_2489,London Venue,SLL_Southwark,Public Swim,Swimming,Swimming | Swimming Castle,True,0.0,The Castle Centre,SE1 6FG,Southwark,51.4935,-0.1024,18:00,18:55,"Sunday, Friday",1,False,https://southwarkleisure.co.uk/centres/the-castle-centre/
SLL_Southwark_2490,London Venue,SLL_Southwark,Lane Swim - Slow,Swimming,Swimming | Swimming Castle,True,0.0,The Castle Centre,SE1 6FG,Southwark,51.4935,-0.1024,06:30,07:25,Monday,1,False,https://southwarkleisure.co.uk/centres/the-castle-centre/
SLL_Southwark_2491,London Venue,SLL_Southwark,Lane Swim - Fast,Swimming,Swimming | Swimming Castle,True,0.0,The Castle Centre,SE1 6FG,Southwark,51.4935,-0.1024,07:30,08:55,Monday,1,False,https://southwarkleisure.co.uk/centres/the-castle-centre/
SLL_Southwark_2492,London Venue,SLL_Southwark,Lane Swim - Med,Swimming,Swimming | Swimming Castle,True,0.0,The Castle Centre,SE1 6FG,Southwark,51.4935,-0.1024,07:30,08:55,Monday,1,False,https://southwarkleisure.co.uk/centres/the-castle-centre/
SLL_Southwark_2493,London Venue,SLL_Southwark,Lane Swim - Slow,Swimming,Swimming | Swimming Castle,True,0.0,The Castle Centre,SE1 6FG,Southwark,51.4935,-0.1024,07:30,08:55,Monday,1,False,https://southwarkleisure.co.uk/centres/the-castle-centre/
SLL_Southwark_2494,London Venue,SLL_Southwark,Public Swim,Swimming,Swimming | Swimming Castle,True,0.0,The Castle Centre,SE1 6FG,Southwark,51.4935,-0.1024,09:00,09:55,Monday,1,False,https://southwarkleisure.co.uk/centres/the-castle-centre/
SLL_Southwark_2495,London Venue,SLL_Southwark,Lane Swim - Fast,Swimming,Swimming | Swimming Castle,True,0.0,The Castle Centre,SE1 6FG,Southwark,51.4935,-0.1024,20:00,20:55,"Sunday, Friday",1,False,https://southwarkleisure.co.uk/centres/the-castle-centre/
SLL_Southwark_2496,London Venue,SLL_Southwark,Lane Swim - Med,Swimming,Swimming | Swimming Castle,True,0.0,The Castle Centre,SE1 6FG,Southwark,51.4935,-0.1024,20:00,20:55,"Sunday, Friday",1,False,https://southwarkleisure.co.uk/centres/the-castle-centre/
SLL_Southwark_2497,London Venue,SLL_Southwark,Lane Swim - Slow,Swimming,Swimming | Swimming Castle,True,0.0,The Castle Centre,SE1 6FG,Southwark,51.4935,-0.1024,20:00,20:55,Friday,1,False,https://southwarkleisure.co.uk/centres/the-castle-centre/
SLL_Southwark_2498,London Venue,SLL_Southwark,Lane Swim - Fast,Swimming,Swimming | Swimming Castle,True,0.0,The Castle Centre,SE1 6FG,Southwark,51.4935,-0.1024,21:00,21:50,"Sunday, Friday",1,False,https://southwarkleisure.co.uk/centres/the-castle-centre/
SLL_Southwark_2499,London Venue,SLL_Southwark,Lane Swim - Med,Swimming,Swimming | Swimming Castle,True,0.0,The Castle Centre,SE1 6FG,Southwark,51.4935,-0.1024,21:00,21:50,"Sunday, Friday",1,False,https://southwarkleisure.co.uk/centres/the-castle-centre/
SLL_Southwark_2500,London Venue,SLL_Southwark,Lane Swim - Slow,Swimming,Swimming | Swimming Castle,True,0.0,The Castle Centre,SE1 6FG,Southwark,51.4935,-0.1024,21:00,21:50,"Sunday, Friday",1,False,https://southwarkleisure.co.uk/centres/the-castle-centre/
SLL_Southwark_2501,London Venue,SLL_Southwark,Lane Swim - Fast,Swimming,Swimming | Swimming Castle,True,0.0,The Castle Centre,SE1 6FG,Southwark,51.4935,-0.1024,12:00,12:55,Thursday,1,False,https://southwarkleisure.co.uk/centres/the-castle-centre/
SLL_Southwark_2502,London Venue,SLL_Southwark,Lane Swim - Med,Swimming,Swimming | Swimming Castle,True,0.0,The Castle Centre,SE1 6FG,Southwark,51.4935,-0.1024,12:00,12:55,Thursday,1,False,https://southwarkleisure.co.uk/centres/the-castle-centre/
SLL_Southwark_2503,London Venue,SLL_Southwark,Public Swim,Swimming,Swimming | Swimming Castle,True,0.0,The Castle Centre,SE1 6FG,Southwark,51.4935,-0.1024,10:00,10:55,Friday,1,False,https://southwarkleisure.co.uk/centres/the-castle-centre/
SLL_Southwark_2504,London Venue,SLL_Southwark,Public Swim,Swimming,Swimming | Swimming Castle,True,0.0,The Castle Centre,SE1 6FG,Southwark,51.4935,-0.1024,11:00,11:50,Friday,1,False,https://southwarkleisure.co.uk/centres/the-castle-centre/
SLL_Southwark_2505,London Venue,SLL_Southwark,Lane Swim - Fast,Swimming,Swimming | Swimming Castle,True,0.0,The Castle Centre,SE1 6FG,Southwark,51.4935,-0.1024,12:00,12:55,Sunday,1,False,https://southwarkleisure.co.uk/centres/the-castle-centre/
SLL_Southwark_2506,London Venue,SLL_Southwark,Lane Swim - Fast,Swimming,Swimming | Swimming Castle,True,0.0,The Castle Centre,SE1 6FG,Southwark,51.4935,-0.1024,12:00,12:55,Friday,1,False,https://southwarkleisure.co.uk/centres/the-castle-centre/
SLL_Southwark_2507,London Venue,SLL_Southwark,Lane Swim - Med,Swimming,Swimming | Swimming Castle,True,0.0,The Castle Centre,SE1 6FG,Southwark,51.4935,-0.1024,12:00,12:55,Sunday,1,False,https://southwarkleisure.co.uk/centres/the-castle-centre/
SLL_Southwark_2508,London Venue,SLL_Southwark,Lane Swim - Med,Swimming,Swimming | Swimming Castle,True,0.0,The Castle Centre,SE1 6FG,Southwark,51.4935,-0.1024,12:00,12:55,Friday,1,False,https://southwarkleisure.co.uk/centres/the-castle-centre/
SLL_Southwark_2509,London Venue,SLL_Southwark,Lane Swim - Slow,Swimming,Swimming | Swimming Castle,True,0.0,The Castle Centre,SE1 6FG,Southwark,51.4935,-0.1024,12:00,12:55,Friday,1,False,https://southwarkleisure.co.uk/centres/the-castle-centre/
SLL_Southwark_2510,London Venue,SLL_Southwark,Lane Swim - Fast,Swimming,Swimming | Swimming Castle,True,0.0,The Castle Centre,SE1 6FG,Southwark,51.4935,-0.1024,13:00,13:55,Friday,1,False,https://southwarkleisure.co.uk/centres/the-castle-centre/
SLL_Southwark_2511,London Venue,SLL_Southwark,Lane Swim - Med,Swimming,Swimming | Swimming Castle,True,0.0,The Castle Centre,SE1 6FG,Southwark,51.4935,-0.1024,21:00,21:50,Tuesday,1,False,https://southwarkleisure.co.uk/centres/the-castle-centre/
SLL_Southwark_2512,London Venue,SLL_Southwark,Lane Swim - Slow,Swimming,Swimming | Swimming Castle,True,0.0,The Castle Centre,SE1 6FG,Southwark,51.4935,-0.1024,21:00,21:50,Tuesday,1,False,https://southwarkleisure.co.uk/centres/the-castle-centre/
SLL_Southwark_2513,London Venue,SLL_Southwark,Lane Swim - Slow,Swimming,Swimming | Swimming Castle,True,0.0,The Castle Centre,SE1 6FG,Southwark,51.4935,-0.1024,17:00,17:50,Saturday,1,False,https://southwarkleisure.co.uk/centres/the-castle-centre/
SLL_Southwark_2514,London Venue,SLL_Southwark,Lane Swim - Med,Swimming,Swimming | Swimming Castle,True,0.0,The Castle Centre,SE1 6FG,Southwark,51.4935,-0.1024,07:00,07:55,Sunday,1,False,https://southwarkleisure.co.uk/centres/the-castle-centre/
SLL_Southwark_2515,London Venue,SLL_Southwark,Lane Swim - Med,Swimming,Swimming | Swimming Castle,True,0.0,The Castle Centre,SE1 6FG,Southwark,51.4935,-0.1024,08:00,08:55,Sunday,1,False,https://southwarkleisure.co.uk/centres/the-castle-centre/
SLL_Southwark_2516,London Venue,SLL_Southwark,Lane Swim - Fast,Swimming,Swimming | Swimming Castle,True,0.0,The Castle Centre,SE1 6FG,Southwark,51.4935,-0.1024,06:30,07:25,Monday,1,False,https://southwarkleisure.co.uk/centres/the-castle-centre/
SLL_Southwark_2517,London Venue,SLL_Southwark,Lane Swim - Med,Swimming,Swimming | Swimming Castle,True,0.0,The Castle Centre,SE1 6FG,Southwark,51.4935,-0.1024,06:30,07:25,Monday,1,False,https://southwarkleisure.co.uk/centres/the-castle-centre/
SLL_Southwark_2518,London Venue,SLL_Southwark,Lane Swim - Fast,Swimming,Swimming | Swimming Castle,True,0.0,The Castle Centre,SE1 6FG,Southwark,51.4935,-0.1024,06:30,07:25,Friday,1,False,https://southwarkleisure.co.uk/centres/the-castle-centre/
SLL_Southwark_2519,London Venue,SLL_Southwark,Lane Swim - Med,Swimming,Swimming | Swimming Castle,True,0.0,The Castle Centre,SE1 6FG,Southwark,51.4935,-0.1024,06:30,07:25,Friday,1,False,https://southwarkleisure.co.uk/centres/the-castle-centre/
SLL_Southwark_2520,London Venue,SLL_Southwark,Lane Swim - Slow,Swimming,Swimming | Swimming Castle,True,0.0,The Castle Centre,SE1 6FG,Southwark,51.4935,-0.1024,06:30,07:25,Friday,1,False,https://southwarkleisure.co.uk/centres/the-castle-centre/
SLL_Southwark_2521,London Venue,SLL_Southwark,Lane Swim - Fast,Swimming,Swimming | Swimming Castle,True,0.0,The Castle Centre,SE1 6FG,Southwark,51.4935,-0.1024,07:30,08:55,Friday,1,False,https://southwarkleisure.co.uk/centres/the-castle-centre/
SLL_Southwark_2522,London Venue,SLL_Southwark,Lane Swim - Med,Swimming,Swimming | Swimming Castle,True,0.0,The Castle Centre,SE1 6FG,Southwark,51.4935,-0.1024,07:30,08:55,Friday,1,False,https://southwarkleisure.co.uk/centres/the-castle-centre/
SLL_Southwark_2523,London Venue,SLL_Southwark,Lane Swim - Slow,Swimming,Swimming | Swimming Castle,True,0.0,The Castle Centre,SE1 6FG,Southwark,51.4935,-0.1024,07:30,08:55,Friday,1,False,https://southwarkleisure.co.uk/centres/the-castle-centre/
SLL_Southwark_2524,London Venue,SLL_Southwark,Public Swim,Swimming,Swimming | Swimming Castle,True,0.0,The Castle Centre,SE1 6FG,Southwark,51.4935,-0.1024,09:00,09:55,Friday,1,False,https://southwarkleisure.co.uk/centres/the-castle-centre/
SLL_Southwark_2525,London Venue,SLL_Southwark,Lane Swim - Med,Swimming,Swimming | Swimming Castle,True,0.0,The Castle Centre,SE1 6FG,Southwark,51.4935,-0.1024,13:00,13:55,Friday,1,False,https://southwarkleisure.co.uk/centres/the-castle-centre/
SLL_Southwark_2526,London Venue,SLL_Southwark,Lane Swim - Med,Swimming,Swimming | Swimming Castle,True,0.0,The Castle Centre,SE1 6FG,Southwark,51.4935,-0.1024,19:00,19:55,Tuesday,1,False,https://southwarkleisure.co.uk/centres/the-castle-centre/
SLL_Southwark_2527,London Venue,SLL_Southwark,Lane Swim - Slow,Swimming,Swimming | Swimming Castle,True,0.0,The Castle Centre,SE1 6FG,Southwark,51.4935,-0.1024,19:00,19:55,Tuesday,1,False,https://southwarkleisure.co.uk/centres/the-castle-centre/
SLL_Southwark_2528,London Venue,SLL_Southwark,Lane Swim - Fast,Swimming,Swimming | Swimming Castle,True,0.0,The Castle Centre,SE1 6FG,Southwark,51.4935,-0.1024,07:00,07:55,"Sunday, Saturday",1,False,https://southwarkleisure.co.uk/centres/the-castle-centre/
SLL_Southwark_2529,London Venue,SLL_Southwark,Lane Swim - Med,Swimming,Swimming | Swimming Castle,True,0.0,The Castle Centre,SE1 6FG,Southwark,51.4935,-0.1024,07:00,07:55,Saturday,1,False,https://southwarkleisure.co.uk/centres/the-castle-centre/
SLL_Southwark_2530,London Venue,SLL_Southwark,Lane Swim - Slow,Swimming,Swimming | Swimming Castle,True,0.0,The Castle Centre,SE1 6FG,Southwark,51.4935,-0.1024,07:00,07:55,"Sunday, Saturday",1,False,https://southwarkleisure.co.uk/centres/the-castle-centre/
SLL_Southwark_2531,London Venue,SLL_Southwark,Lane Swim - Fast,Swimming,Swimming | Swimming Castle,True,0.0,The Castle Centre,SE1 6FG,Southwark,51.4935,-0.1024,08:00,08:55,Sunday,1,False,https://southwarkleisure.co.uk/centres/the-castle-centre/
SLL_Southwark_2532,London Venue,SLL_Southwark,Lane Swim - Slow,Swimming,Swimming | Swimming Castle,True,0.0,The Castle Centre,SE1 6FG,Southwark,51.4935,-0.1024,07:30,08:55,Tuesday,1,False,https://southwarkleisure.co.uk/centres/the-castle-centre/
SLL_Southwark_2533,London Venue,SLL_Southwark,Public Swim,Swimming,Swimming | Swimming Castle,True,0.0,The Castle Centre,SE1 6FG,Southwark,51.4935,-0.1024,09:00,09:55,Tuesday,1,False,https://southwarkleisure.co.uk/centres/the-castle-centre/
SLL_Southwark_2534,London Venue,SLL_Southwark,Lane Swim - Slow,Swimming,Swimming | Swimming Castle,True,0.0,The Castle Centre,SE1 6FG,Southwark,51.4935,-0.1024,13:00,13:55,Tuesday,1,False,https://southwarkleisure.co.uk/centres/the-castle-centre/
SLL_Southwark_2535,London Venue,SLL_Southwark,Public Swim,Swimming,Swimming | Swimming Castle,True,0.0,The Castle Centre,SE1 6FG,Southwark,51.4935,-0.1024,14:00,14:55,Tuesday,1,False,https://southwarkleisure.co.uk/centres/the-castle-centre/
SLL_Southwark_2536,London Venue,SLL_Southwark,Lane Swim - Med,Swimming,Swimming | Swimming Castle,True,0.0,The Castle Centre,SE1 6FG,Southwark,51.4935,-0.1024,18:00,18:55,Monday,1,False,https://southwarkleisure.co.uk/centres/the-castle-centre/
SLL_Southwark_2537,London Venue,SLL_Southwark,Women Only Swim,Swimming,Swimming | Swimming Castle,True,0.0,The Castle Centre,SE1 6FG,Southwark,51.4935,-0.1024,19:00,20:00,Monday,1,False,https://southwarkleisure.co.uk/centres/the-castle-centre/
SLL_Southwark_2538,London Venue,SLL_Southwark,Women Only Session,Swimming,Swimming | Swimming Castle,True,0.0,The Castle Centre,SE1 6FG,Southwark,51.4935,-0.1024,20:00,20:50,Monday,1,False,https://southwarkleisure.co.uk/centres/the-castle-centre/
SLL_Southwark_2539,London Venue,SLL_Southwark,Lane Swim - Fast,Swimming,Swimming | Swimming Castle,True,0.0,The Castle Centre,SE1 6FG,Southwark,51.4935,-0.1024,21:00,21:50,Monday,1,False,https://southwarkleisure.co.uk/centres/the-castle-centre/
SLL_Southwark_2540,London Venue,SLL_Southwark,Lane Swim - Med,Swimming,Swimming | Swimming Castle,True,0.0,The Castle Centre,SE1 6FG,Southwark,51.4935,-0.1024,21:00,21:50,Monday,1,False,https://southwarkleisure.co.uk/centres/the-castle-centre/
SLL_Southwark_2541,London Venue,SLL_Southwark,Lane Swim - Slow,Swimming,Swimming | Swimming Castle,True,0.0,The Castle Centre,SE1 6FG,Southwark,51.4935,-0.1024,21:00,21:50,Monday,1,False,https://southwarkleisure.co.uk/centres/the-castle-centre/
SLL_Southwark_2542,London Venue,SLL_Southwark,Public Swim,Swimming,Swimming | Swimming Castle,True,0.0,The Castle Centre,SE1 6FG,Southwark,51.4935,-0.1024,14:00,14:55,Monday,1,False,https://southwarkleisure.co.uk/centres/the-castle-centre/
SLL_Southwark_2543,London Venue,SLL_Southwark,Lane Swim-Med,Swimming,Swimming | Swimming Castle,,,The Castle Centre,SE1 6FG,Southwark,51.4935,-0.1024,21:00,21:55,Thursday,1,False,https://southwarkleisure.co.uk/centres/the-castle-centre/
SLL_Southwark_2544,London Venue,SLL_Southwark,Lane Swim -Slow,Swimming,Swimming | Swimming Castle,,,The Castle Centre,SE1 6FG,Southwark,51.4935,-0.1024,21:00,21:55,Thursday,1,False,https://southwarkleisure.co.uk/centres/the-castle-centre/
SLL_Southwark_2545,London Venue,SLL_Southwark,Lane Swim-Fast,Swimming,Swimming | Swimming Castle,,,The Castle Centre,SE1 6FG,Southwark,51.4935,-0.1024,21:00,21:55,Thursday,1,False,https://southwarkleisure.co.uk/centres/the-castle-centre/
SLL_Southwark_2546,London Venue,SLL_Southwark,Public Swim,Swimming,Swimming | Swimming Castle,True,0.0,The Castle Centre,SE1 6FG,Southwark,51.4935,-0.1024,11:00,11:50,Monday,1,False,https://southwarkleisure.co.uk/centres/the-castle-centre/
SLL_Southwark_2547,London Venue,SLL_Southwark,Lane Swim - Fast,Swimming,Swimming | Swimming Castle,True,0.0,The Castle Centre,SE1 6FG,Southwark,51.4935,-0.1024,12:00,12:55,Monday,1,False,https://southwarkleisure.co.uk/centres/the-castle-centre/
SLL_Southwark_2548,London Venue,SLL_Southwark,Lane Swim - Fast,Swimming,Swimming | Swimming Castle,True,0.0,The Castle Centre,SE1 6FG,Southwark,51.4935,-0.1024,06:30,07:25,Tuesday,1,False,https://southwarkleisure.co.uk/centres/the-castle-centre/
SLL_Southwark_2549,London Venue,SLL_Southwark,Lane Swim - Med,Swimming,Swimming | Swimming Castle,True,0.0,The Castle Centre,SE1 6FG,Southwark,51.4935,-0.1024,06:30,07:25,Tuesday,1,False,https://southwarkleisure.co.uk/centres/the-castle-centre/
SLL_Southwark_2550,London Venue,SLL_Southwark,Lane Swim - Slow,Swimming,Swimming | Swimming Castle,True,0.0,The Castle Centre,SE1 6FG,Southwark,51.4935,-0.1024,06:30,07:25,Tuesday,1,False,https://southwarkleisure.co.uk/centres/the-castle-centre/
SLL_Southwark_2551,London Venue,SLL_Southwark,Lane Swim - Fast,Swimming,Swimming | Swimming Castle,True,0.0,The Castle Centre,SE1 6FG,Southwark,51.4935,-0.1024,07:30,08:55,Tuesday,1,False,https://southwarkleisure.co.uk/centres/the-castle-centre/
SLL_Southwark_2552,London Venue,SLL_Southwark,Lane Swim - Med,Swimming,Swimming | Swimming Castle,True,0.0,The Castle Centre,SE1 6FG,Southwark,51.4935,-0.1024,07:30,08:55,Tuesday,1,False,https://southwarkleisure.co.uk/centres/the-castle-centre/
SLL_Southwark_2553,London Venue,SLL_Southwark,Lane Swim - Fast,Swimming,Swimming | Swimming Castle,True,0.0,The Castle Centre,SE1 6FG,Southwark,51.4935,-0.1024,13:00,13:55,Monday,1,False,https://southwarkleisure.co.uk/centres/the-castle-centre/
SLL_Southwark_2554,London Venue,SLL_Southwark,Lane Swim - Med,Swimming,Swimming | Swimming Castle,True,0.0,The Castle Centre,SE1 6FG,Southwark,51.4935,-0.1024,13:00,13:55,Monday,1,False,https://southwarkleisure.co.uk/centres/the-castle-centre/
SLL_Southwark_2555,London Venue,SLL_Southwark,Lane Swim - Slow,Swimming,Swimming | Swimming Castle,True,0.0,The Castle Centre,SE1 6FG,Southwark,51.4935,-0.1024,13:00,13:55,Monday,1,False,https://southwarkleisure.co.uk/centres/the-castle-centre/
SLL_Southwark_2556,London Venue,SLL_Southwark,Public Swim,Swimming,Swimming | Swimming Castle,True,0.0,The Castle Centre,SE1 6FG,Southwark,51.4935,-0.1024,15:00,15:50,Monday,1,False,https://southwarkleisure.co.uk/centres/the-castle-centre/
SLL_Southwark_2557,London Venue,SLL_Southwark,Lane Swim - Med,Swimming,Swimming | Swimming Castle,True,0.0,The Castle Centre,SE1 6FG,Southwark,51.4935,-0.1024,12:00,12:55,Monday,1,False,https://southwarkleisure.co.uk/centres/the-castle-centre/
SLL_Southwark_2558,London Venue,SLL_Southwark,Lane Swim - Slow,Swimming,Swimming | Swimming Castle,True,0.0,The Castle Centre,SE1 6FG,Southwark,51.4935,-0.1024,12:00,12:55,Monday,1,False,https://southwarkleisure.co.uk/centres/the-castle-centre/
SLL_Southwark_2559,London Venue,SLL_Southwark,Group Cycle,Group Exercise,Group | Group Exercise Peckham,False,12.5,Peckham Pulse Leisure Centre,SE15 5QN,Southwark,51.474074,-0.070885,18:00,18:45,Tuesday,1,False,https://southwarkleisure.co.uk/centres/peckham-pulse-leisure-centre/
SLL_Southwark_2560,London Venue,SLL_Southwark,Lane Swim-Fast,Swimming,Swimming | Swimming Castle,True,0.0,The Castle Centre,SE1 6FG,Southwark,51.4935,-0.1024,21:00,21:50,Wednesday,1,False,https://southwarkleisure.co.uk/centres/the-castle-centre/
SLL_Southwark_2561,London Venue,SLL_Southwark,Lane Swim-Slow,Swimming,Swimming | Swimming Castle,True,0.0,The Castle Centre,SE1 6FG,Southwark,51.4935,-0.1024,21:00,21:50,Wednesday,1,False,https://southwarkleisure.co.uk/centres/the-castle-centre/
SLL_Southwark_2562,London Venue,SLL_Southwark,Lane Swim-Med,Swimming,Swimming | Swimming Castle,True,0.0,The Castle Centre,SE1 6FG,Southwark,51.4935,-0.1024,21:00,21:50,Wednesday,1,False,https://southwarkleisure.co.uk/centres/the-castle-centre/
SLL_Southwark_2563,London Venue,SLL_Southwark,Gymfluence - Instructor,Gym / Fitness,Gymfluence | Gymfluence Camberwell,False,4.0,Camberwell Leisure Centre,SE5 8TS,Southwark,51.47422,-0.09051,15:30,16:30,"Monday, Tuesday, Wednesday, Thursday",1,False,https://southwarkleisure.co.uk/centres/camberwell-leisure-centre/
SLL_Southwark_2564,London Venue,SLL_Southwark,Gymfluence - Instructor,Gym / Fitness,Gymfluence | Gymfluence Camberwell,False,4.0,Camberwell Leisure Centre,SE5 8TS,Southwark,51.47422,-0.09051,16:30,17:30,"Monday, Tuesday, Wednesday, Thursday",1,False,https://southwarkleisure.co.uk/centres/camberwell-leisure-centre/
SLL_Southwark_2565,London Venue,SLL_Southwark,Gymfluence - Instructor,Gym / Fitness,Gymfluence | Gymfluence Camberwell,False,4.0,Camberwell Leisure Centre,SE5 8TS,Southwark,51.47422,-0.09051,10:00,11:00,"Sunday, Saturday",1,False,https://southwarkleisure.co.uk/centres/camberwell-leisure-centre/
SLL_Southwark_2566,London Venue,SLL_Southwark,Gymfluence - Instructor,Gym / Fitness,Gymfluence | Gymfluence Camberwell,False,9.7,Camberwell Leisure Centre,SE5 8TS,Southwark,51.47422,-0.09051,15:00,16:00,"Sunday, Saturday",1,False,https://southwarkleisure.co.uk/centres/camberwell-leisure-centre/
SLL_Southwark_2567,London Venue,SLL_Southwark,Gymfluence - Instructor,Gym / Fitness,Gymfluence | Gymfluence Camberwell,False,4.0,Camberwell Leisure Centre,SE5 8TS,Southwark,51.47422,-0.09051,11:00,12:00,"Sunday, Saturday",1,False,https://southwarkleisure.co.uk/centres/camberwell-leisure-centre/
SLL_Southwark_2568,London Venue,SLL_Southwark,Gymfluence - Instructor,Gym / Fitness,Gymfluence | Gymfluence Camberwell,False,9.7,Camberwell Leisure Centre,SE5 8TS,Southwark,51.47422,-0.09051,14:00,15:00,"Sunday, Saturday",1,False,https://southwarkleisure.co.uk/centres/camberwell-leisure-centre/
SLL_Southwark_2569,London Venue,SLL_Southwark,Gymfluence - Instructor,Gym / Fitness,Gymfluence | Gymfluence Camberwell,False,9.7,Camberwell Leisure Centre,SE5 8TS,Southwark,51.47422,-0.09051,17:00,18:00,Friday,1,False,https://southwarkleisure.co.uk/centres/camberwell-leisure-centre/
SLL_Southwark_2570,London Venue,SLL_Southwark,Gymfluence - Instructor,Gym / Fitness,Gymfluence | Gymfluence Camberwell,False,9.7,Camberwell Leisure Centre,SE5 8TS,Southwark,51.47422,-0.09051,16:00,17:00,Friday,1,False,https://southwarkleisure.co.uk/centres/camberwell-leisure-centre/
SLL_Southwark_2571,London Venue,SLL_Southwark,Gymfluence – Supervised,Gym / Fitness,Gymfluence | Gymfluence Camberwell,False,9.7,Camberwell Leisure Centre,SE5 8TS,Southwark,51.47422,-0.09051,17:00,18:00,Friday,1,False,https://southwarkleisure.co.uk/centres/camberwell-leisure-centre/
SLL_Southwark_2572,London Venue,SLL_Southwark,Gymfluence – Supervised,Gym / Fitness,Gymfluence | Gymfluence Camberwell,False,9.7,Camberwell Leisure Centre,SE5 8TS,Southwark,51.47422,-0.09051,16:00,17:00,Friday,1,False,https://southwarkleisure.co.uk/centres/camberwell-leisure-centre/
SLL_Southwark_2573,London Venue,SLL_Southwark,Gymfluence – Supervised,Gym / Fitness,Gymfluence | Gymfluence Camberwell,False,4.0,Camberwell Leisure Centre,SE5 8TS,Southwark,51.47422,-0.09051,15:00,16:00,"Sunday, Saturday",1,False,https://southwarkleisure.co.uk/centres/camberwell-leisure-centre/
SLL_Southwark_2574,London Venue,SLL_Southwark,Gymfluence – Supervised,Gym / Fitness,Gymfluence | Gymfluence Camberwell,False,4.0,Camberwell Leisure Centre,SE5 8TS,Southwark,51.47422,-0.09051,14:00,15:00,"Sunday, Saturday",1,False,https://southwarkleisure.co.uk/centres/camberwell-leisure-centre/
SLL_Southwark_2575,London Venue,SLL_Southwark,Women Only Swim,Swimming,Swimming | Swimming Castle,True,0.0,The Castle Centre,SE1 6FG,Southwark,51.4935,-0.1024,10:00,10:55,Tuesday,1,False,https://southwarkleisure.co.uk/centres/the-castle-centre/
SLL_Southwark_2576,London Venue,SLL_Southwark,Silver Swim,Swimming,Swimming | Swimming Castle,True,0.0,The Castle Centre,SE1 6FG,Southwark,51.4935,-0.1024,11:00,11:50,Tuesday,1,False,https://southwarkleisure.co.uk/centres/the-castle-centre/
SLL_Southwark_2577,London Venue,SLL_Southwark,Lane Swim - Fast,Swimming,Swimming | Swimming Castle,True,0.0,The Castle Centre,SE1 6FG,Southwark,51.4935,-0.1024,12:00,12:55,Tuesday,1,False,https://southwarkleisure.co.uk/centres/the-castle-centre/
SLL_Southwark_2578,London Venue,SLL_Southwark,Lane Swim - Med,Swimming,Swimming | Swimming Castle,True,0.0,The Castle Centre,SE1 6FG,Southwark,51.4935,-0.1024,12:00,12:55,Tuesday,1,False,https://southwarkleisure.co.uk/centres/the-castle-centre/
SLL_Southwark_2579,London Venue,SLL_Southwark,Public Swim,Swimming,Swimming | Swimming Castle,True,0.0,The Castle Centre,SE1 6FG,Southwark,51.4935,-0.1024,15:00,15:50,Tuesday,1,False,https://southwarkleisure.co.uk/centres/the-castle-centre/
SLL_Southwark_2580,London Venue,SLL_Southwark,Body Conditioning,Group Exercise,Group | Group Exercise Docks,False,12.5,Surrey Docks Fitness & Water Sports,SE16 7SX,Southwark,51.493796,-0.039449,19:10,20:10,Thursday,1,False,https://southwarkleisure.co.uk/centres/surrey-docks-fitness-and-watersports-centre/
SLL_Southwark_2581,London Venue,SLL_Southwark,Silver Aqua Zumba,Group Exercise,Group | Group Exercise Peckham,False,10.0,Peckham Pulse Leisure Centre,SE15 5QN,Southwark,51.474074,-0.070885,11:00,12:00,,1,False,https://southwarkleisure.co.uk/centres/peckham-pulse-leisure-centre/
SLL_Southwark_2582,London Venue,SLL_Southwark,Silver Aqua Zumba,Group Exercise,Group | Group Exercise Peckham,False,10.0,Peckham Pulse Leisure Centre,SE15 5QN,Southwark,51.474074,-0.070885,12:00,13:00,,1,False,https://southwarkleisure.co.uk/centres/peckham-pulse-leisure-centre/
SLL_Southwark_2583,London Venue,SLL_Southwark,Group Gym Induction,Gym / Fitness,Gym | Gym Dulwich,True,0.0,Dulwich Leisure Centre,SE22 9HB,Southwark,51.460601,-0.071419,11:00,11:45,Friday,1,False,https://southwarkleisure.co.uk/centres/dulwich-leisure-centre/
SLL_Southwark_2584,London Venue,SLL_Southwark,Hatha Yoga,Group Exercise,Group | Group Exercise Tracks,False,9.7,Southwark Athletics Track,SE16 2PE,Southwark,51.4924,-0.0512,17:45,19:15,Friday,1,False,https://southwarkleisure.co.uk/centres/southwark-park-sports-and-athletics-centre/
SLL_Southwark_2585,London Venue,SLL_Southwark,Egym Intro,Gym / Fitness,Egym | Egym Camberwell,True,0.0,Camberwell Leisure Centre,SE5 8TS,Southwark,51.47422,-0.09051,07:00,08:00,Monday,1,False,https://southwarkleisure.co.uk/centres/camberwell-leisure-centre/
SLL_Southwark_2586,London Venue,SLL_Southwark,Egym Intro,Gym / Fitness,Egym | Egym Camberwell,True,0.0,Camberwell Leisure Centre,SE5 8TS,Southwark,51.47422,-0.09051,14:00,15:00,Thursday,1,False,https://southwarkleisure.co.uk/centres/camberwell-leisure-centre/
SLL_Southwark_2587,London Venue,SLL_Southwark,Egym Intro,Gym / Fitness,Egym | Egym Camberwell,True,0.0,Camberwell Leisure Centre,SE5 8TS,Southwark,51.47422,-0.09051,18:00,19:00,Thursday,1,False,https://southwarkleisure.co.uk/centres/camberwell-leisure-centre/
SLL_Southwark_2588,London Venue,SLL_Southwark,Egym Intro,Gym / Fitness,Egym | Egym Camberwell,True,0.0,Camberwell Leisure Centre,SE5 8TS,Southwark,51.47422,-0.09051,18:00,19:00,Monday,1,False,https://southwarkleisure.co.uk/centres/camberwell-leisure-centre/
SLL_Southwark_2589,London Venue,SLL_Southwark,Egym Intro,Gym / Fitness,Egym | Egym Camberwell,True,0.0,Camberwell Leisure Centre,SE5 8TS,Southwark,51.47422,-0.09051,14:30,15:30,Tuesday,1,False,https://southwarkleisure.co.uk/centres/camberwell-leisure-centre/
SLL_Southwark_2590,London Venue,SLL_Southwark,Egym Intro,Gym / Fitness,Egym | Egym Camberwell,True,0.0,Camberwell Leisure Centre,SE5 8TS,Southwark,51.47422,-0.09051,10:30,11:30,Friday,1,False,https://southwarkleisure.co.uk/centres/camberwell-leisure-centre/
SLL_Southwark_2591,London Venue,SLL_Southwark,Egym Intro,Gym / Fitness,Egym | Egym Camberwell,True,0.0,Camberwell Leisure Centre,SE5 8TS,Southwark,51.47422,-0.09051,14:00,15:00,Monday,1,False,https://southwarkleisure.co.uk/centres/camberwell-leisure-centre/
SLL_Southwark_2592,London Venue,SLL_Southwark,Egym Intro,Gym / Fitness,Egym | Egym Camberwell,True,0.0,Camberwell Leisure Centre,SE5 8TS,Southwark,51.47422,-0.09051,10:30,11:30,Monday,1,False,https://southwarkleisure.co.uk/centres/camberwell-leisure-centre/
SLL_Southwark_2593,London Venue,SLL_Southwark,Egym Intro,Gym / Fitness,Egym | Egym Camberwell,True,0.0,Camberwell Leisure Centre,SE5 8TS,Southwark,51.47422,-0.09051,14:30,15:30,Friday,1,False,https://southwarkleisure.co.uk/centres/camberwell-leisure-centre/
SLL_Southwark_2594,London Venue,SLL_Southwark,Egym Intro,Gym / Fitness,Egym | Egym Camberwell,True,0.0,Camberwell Leisure Centre,SE5 8TS,Southwark,51.47422,-0.09051,18:00,19:00,Wednesday,1,False,https://southwarkleisure.co.uk/centres/camberwell-leisure-centre/
SLL_Southwark_2595,London Venue,SLL_Southwark,Egym Intro,Gym / Fitness,Egym | Egym Camberwell,True,0.0,Camberwell Leisure Centre,SE5 8TS,Southwark,51.47422,-0.09051,06:30,07:30,Friday,1,False,https://southwarkleisure.co.uk/centres/camberwell-leisure-centre/
SLL_Southwark_2596,London Venue,SLL_Southwark,Egym Intro,Gym / Fitness,Egym | Egym Camberwell,True,0.0,Camberwell Leisure Centre,SE5 8TS,Southwark,51.47422,-0.09051,06:30,07:30,Tuesday,1,False,https://southwarkleisure.co.uk/centres/camberwell-leisure-centre/
SLL_Southwark_2597,London Venue,SLL_Southwark,Egym Intro,Gym / Fitness,Egym | Egym Camberwell,True,0.0,Camberwell Leisure Centre,SE5 8TS,Southwark,51.47422,-0.09051,07:00,08:00,Wednesday,1,False,https://southwarkleisure.co.uk/centres/camberwell-leisure-centre/
SLL_Southwark_2598,London Venue,SLL_Southwark,Egym Intro,Gym / Fitness,Egym | Egym Camberwell,True,0.0,Camberwell Leisure Centre,SE5 8TS,Southwark,51.47422,-0.09051,10:00,11:00,Wednesday,1,False,https://southwarkleisure.co.uk/centres/camberwell-leisure-centre/
SLL_Southwark_2599,London Venue,SLL_Southwark,Egym Intro,Gym / Fitness,Egym | Egym Camberwell,True,0.0,Camberwell Leisure Centre,SE5 8TS,Southwark,51.47422,-0.09051,10:30,11:30,Tuesday,1,False,https://southwarkleisure.co.uk/centres/camberwell-leisure-centre/
SLL_Southwark_2600,London Venue,SLL_Southwark,Egym Intro,Gym / Fitness,Egym | Egym Camberwell,True,0.0,Camberwell Leisure Centre,SE5 8TS,Southwark,51.47422,-0.09051,18:30,19:30,Tuesday,1,False,https://southwarkleisure.co.uk/centres/camberwell-leisure-centre/
SLL_Southwark_2601,London Venue,SLL_Southwark,Egym Intro,Gym / Fitness,Egym | Egym Camberwell,True,0.0,Camberwell Leisure Centre,SE5 8TS,Southwark,51.47422,-0.09051,14:00,15:00,Wednesday,1,False,https://southwarkleisure.co.uk/centres/camberwell-leisure-centre/
SLL_Southwark_2602,London Venue,SLL_Southwark,Egym Intro,Gym / Fitness,Egym | Egym Camberwell,True,0.0,Camberwell Leisure Centre,SE5 8TS,Southwark,51.47422,-0.09051,07:00,08:00,Thursday,1,False,https://southwarkleisure.co.uk/centres/camberwell-leisure-centre/
SLL_Southwark_2603,London Venue,SLL_Southwark,Egym Intro,Gym / Fitness,Egym | Egym Camberwell,True,0.0,Camberwell Leisure Centre,SE5 8TS,Southwark,51.47422,-0.09051,10:30,11:30,Thursday,1,False,https://southwarkleisure.co.uk/centres/camberwell-leisure-centre/
SLL_Southwark_2604,London Venue,SLL_Southwark,Soft Play Session 0-8 Yr,Other / Unspecified,Soft | Soft Play Peckham,False,3.6,Peckham Pulse Leisure Centre,SE15 5QN,Southwark,51.474074,-0.070885,12:00,13:00,"Monday, Tuesday, Wednesday, Thursday, Friday",1,False,https://southwarkleisure.co.uk/centres/peckham-pulse-leisure-centre/
SLL_Southwark_2605,London Venue,SLL_Southwark,Body Attack,Group Exercise,Group | Group Exercise Castle,False,12.5,The Castle Centre,SE1 6FG,Southwark,51.4935,-0.1024,17:45,18:45,,1,False,https://southwarkleisure.co.uk/centres/the-castle-centre/
SLL_Southwark_2606,London Venue,SLL_Southwark,Egym Intro,Gym / Fitness,Egym | Egym Camberwell,True,0.0,Camberwell Leisure Centre,SE5 8TS,Southwark,51.47422,-0.09051,18:30,19:30,Friday,1,False,https://southwarkleisure.co.uk/centres/camberwell-leisure-centre/
SLL_Southwark_2607,London Venue,SLL_Southwark,Egym Intro,Gym / Fitness,Egym | Egym Camberwell,True,0.0,Camberwell Leisure Centre,SE5 8TS,Southwark,51.47422,-0.09051,08:00,09:00,Saturday,1,False,https://southwarkleisure.co.uk/centres/camberwell-leisure-centre/
SLL_Southwark_2608,London Venue,SLL_Southwark,Egym Intro,Gym / Fitness,Egym | Egym Camberwell,True,0.0,Camberwell Leisure Centre,SE5 8TS,Southwark,51.47422,-0.09051,13:00,14:00,Saturday,1,False,https://southwarkleisure.co.uk/centres/camberwell-leisure-centre/
SLL_Southwark_2609,London Venue,SLL_Southwark,Egym Intro,Gym / Fitness,Egym | Egym Camberwell,True,0.0,Camberwell Leisure Centre,SE5 8TS,Southwark,51.47422,-0.09051,16:00,17:00,Saturday,1,False,https://southwarkleisure.co.uk/centres/camberwell-leisure-centre/
SLL_Southwark_2610,London Venue,SLL_Southwark,Egym Intro,Gym / Fitness,Egym | Egym Camberwell,True,0.0,Camberwell Leisure Centre,SE5 8TS,Southwark,51.47422,-0.09051,08:00,09:00,Sunday,1,False,https://southwarkleisure.co.uk/centres/camberwell-leisure-centre/
SLL_Southwark_2611,London Venue,SLL_Southwark,Egym Intro,Gym / Fitness,Egym | Egym Camberwell,True,0.0,Camberwell Leisure Centre,SE5 8TS,Southwark,51.47422,-0.09051,13:00,14:00,Sunday,1,False,https://southwarkleisure.co.uk/centres/camberwell-leisure-centre/
SLL_Southwark_2612,London Venue,SLL_Southwark,Egym Intro,Gym / Fitness,Egym | Egym Camberwell,True,0.0,Camberwell Leisure Centre,SE5 8TS,Southwark,51.47422,-0.09051,16:00,17:00,Sunday,1,False,https://southwarkleisure.co.uk/centres/camberwell-leisure-centre/
SLL_Southwark_2613,London Venue,SLL_Southwark,Egym Intro,Gym / Fitness,Egym | Egym Camberwell,True,0.0,Camberwell Leisure Centre,SE5 8TS,Southwark,51.47422,-0.09051,19:00,20:00,Sunday,1,False,https://southwarkleisure.co.uk/centres/camberwell-leisure-centre/
SLL_Southwark_2614,London Venue,SLL_Southwark,Egym Intro,Gym / Fitness,Gym | Gym Peckham,True,0.0,Peckham Pulse Leisure Centre,SE15 5QN,Southwark,51.474074,-0.070885,08:00,08:30,Monday,1,False,https://southwarkleisure.co.uk/centres/peckham-pulse-leisure-centre/
SLL_Southwark_2615,London Venue,SLL_Southwark,Silver Badminton,Other / Unspecified,Sport | Sport Hall - Castle,False,4.800000000000001,The Castle Centre,SE1 6FG,Southwark,51.4935,-0.1024,09:00,11:00,Wednesday,1,False,https://southwarkleisure.co.uk/centres/the-castle-centre/
SLL_Southwark_2616,London Venue,SLL_Southwark,Open Water Swimming,Other / Unspecified,Recreational | Recreational Watersports,False,9.0,Surrey Docks Fitness & Water Sports,SE16 7SX,Southwark,51.493796,-0.039449,07:00,08:00,Friday,1,False,https://southwarkleisure.co.uk/centres/surrey-docks-fitness-and-watersports-centre/
SLL_Southwark_2617,London Venue,SLL_Southwark,Open Water Swimming,Other / Unspecified,Recreational | Recreational Watersports,False,9.0,Surrey Docks Fitness & Water Sports,SE16 7SX,Southwark,51.493796,-0.039449,08:00,09:00,Friday,1,False,https://southwarkleisure.co.uk/centres/surrey-docks-fitness-and-watersports-centre/
SLL_Southwark_2618,London Venue,SLL_Southwark,Lane Swim - Medium,Swimming,Swimming | Swimming Peckham,False,2.5,Peckham Pulse Leisure Centre,SE15 5QN,Southwark,51.474074,-0.070885,06:30,07:30,Thursday,1,False,https://southwarkleisure.co.uk/centres/peckham-pulse-leisure-centre/
SLL_Southwark_2619,London Venue,SLL_Southwark,Lane Swim - Medium,Swimming,Swimming | Swimming Peckham,False,2.5,Peckham Pulse Leisure Centre,SE15 5QN,Southwark,51.474074,-0.070885,07:00,08:00,Sunday,1,False,https://southwarkleisure.co.uk/centres/peckham-pulse-leisure-centre/
SLL_Southwark_2620,London Venue,SLL_Southwark,Lane Swim - Medium,Swimming,Swimming | Swimming Peckham,False,2.5,Peckham Pulse Leisure Centre,SE15 5QN,Southwark,51.474074,-0.070885,08:00,09:00,Saturday,1,False,https://southwarkleisure.co.uk/centres/peckham-pulse-leisure-centre/
SLL_Southwark_2621,London Venue,SLL_Southwark,Lane Swim - Medium,Swimming,Swimming | Swimming Peckham,False,2.5,Peckham Pulse Leisure Centre,SE15 5QN,Southwark,51.474074,-0.070885,06:30,07:30,Wednesday,1,False,https://southwarkleisure.co.uk/centres/peckham-pulse-leisure-centre/
SLL_Southwark_2622,London Venue,SLL_Southwark,Lane Swim - Medium,Swimming,Swimming | Swimming Peckham,False,2.5,Peckham Pulse Leisure Centre,SE15 5QN,Southwark,51.474074,-0.070885,08:30,09:30,,1,False,https://southwarkleisure.co.uk/centres/peckham-pulse-leisure-centre/
SLL_Southwark_2623,London Venue,SLL_Southwark,Lane Swim - Medium,Swimming,Swimming | Swimming Peckham,False,2.5,Peckham Pulse Leisure Centre,SE15 5QN,Southwark,51.474074,-0.070885,06:30,07:30,Tuesday,1,False,https://southwarkleisure.co.uk/centres/peckham-pulse-leisure-centre/
SLL_Southwark_2624,London Venue,SLL_Southwark,Lane Swim Medium,Swimming,Swimming | Swimming Peckham,False,2.5,Peckham Pulse Leisure Centre,SE15 5QN,Southwark,51.474074,-0.070885,20:00,21:00,,1,False,https://southwarkleisure.co.uk/centres/peckham-pulse-leisure-centre/
SLL_Southwark_2625,London Venue,SLL_Southwark,Lane Swim - Medium,Swimming,Swimming | Swimming Peckham,False,2.5,Peckham Pulse Leisure Centre,SE15 5QN,Southwark,51.474074,-0.070885,07:30,09:00,,1,False,https://southwarkleisure.co.uk/centres/peckham-pulse-leisure-centre/
SLL_Southwark_2626,London Venue,SLL_Southwark,Lane Swim - Medium,Swimming,Swimming | Swimming Peckham,False,2.5,Peckham Pulse Leisure Centre,SE15 5QN,Southwark,51.474074,-0.070885,21:00,21:45,Wednesday,1,False,https://southwarkleisure.co.uk/centres/peckham-pulse-leisure-centre/
SLL_Southwark_2627,London Venue,SLL_Southwark,Lane Swim - Medium,Swimming,Swimming | Swimming Peckham,False,2.5,Peckham Pulse Leisure Centre,SE15 5QN,Southwark,51.474074,-0.070885,20:00,21:00,Tuesday,1,False,https://southwarkleisure.co.uk/centres/peckham-pulse-leisure-centre/
SLL_Southwark_2628,London Venue,SLL_Southwark,Lane Swim - Medium,Swimming,Swimming | Swimming Peckham,False,2.5,Peckham Pulse Leisure Centre,SE15 5QN,Southwark,51.474074,-0.070885,08:00,09:00,Sunday,1,False,https://southwarkleisure.co.uk/centres/peckham-pulse-leisure-centre/
SLL_Southwark_2629,London Venue,SLL_Southwark,Lane Swim - Medium,Swimming,Swimming | Swimming Peckham,True,0.0,Peckham Pulse Leisure Centre,SE15 5QN,Southwark,51.474074,-0.070885,20:00,21:00,Sunday,1,False,https://southwarkleisure.co.uk/centres/peckham-pulse-leisure-centre/
SLL_Southwark_2630,London Venue,SLL_Southwark,Lane Swim - Medium,Swimming,Swimming | Swimming Peckham,False,2.5,Peckham Pulse Leisure Centre,SE15 5QN,Southwark,51.474074,-0.070885,13:00,14:00,Saturday,1,False,https://southwarkleisure.co.uk/centres/peckham-pulse-leisure-centre/
SLL_Southwark_2631,London Venue,SLL_Southwark,Lane Swim - Medium,Swimming,Swimming | Swimming Peckham,True,0.0,Peckham Pulse Leisure Centre,SE15 5QN,Southwark,51.474074,-0.070885,06:30,07:30,Friday,1,False,https://southwarkleisure.co.uk/centres/peckham-pulse-leisure-centre/
SLL_Southwark_2632,London Venue,SLL_Southwark,Lane Swim - Medium,Swimming,Swimming | Swimming Peckham,True,0.0,Peckham Pulse Leisure Centre,SE15 5QN,Southwark,51.474074,-0.070885,12:00,13:30,Friday,1,False,https://southwarkleisure.co.uk/centres/peckham-pulse-leisure-centre/
SLL_Southwark_2633,London Venue,SLL_Southwark,Lane Swim - Medium,Swimming,Swimming | Swimming Peckham,False,2.5,Peckham Pulse Leisure Centre,SE15 5QN,Southwark,51.474074,-0.070885,12:00,13:30,Wednesday,1,False,https://southwarkleisure.co.uk/centres/peckham-pulse-leisure-centre/
SLL_Southwark_2634,London Venue,SLL_Southwark,Lane Swim - Medium,Swimming,Swimming | Swimming Peckham,True,0.0,Peckham Pulse Leisure Centre,SE15 5QN,Southwark,51.474074,-0.070885,19:00,20:00,Sunday,1,False,https://southwarkleisure.co.uk/centres/peckham-pulse-leisure-centre/
SLL_Southwark_2635,London Venue,SLL_Southwark,Lane Swim - Medium,Swimming,Swimming | Swimming Peckham,False,2.5,Peckham Pulse Leisure Centre,SE15 5QN,Southwark,51.474074,-0.070885,07:30,08:30,Wednesday,1,False,https://southwarkleisure.co.uk/centres/peckham-pulse-leisure-centre/
SLL_Southwark_2636,London Venue,SLL_Southwark,Lane Swim - Medium,Swimming,Swimming | Swimming Peckham,True,0.0,Peckham Pulse Leisure Centre,SE15 5QN,Southwark,51.474074,-0.070885,14:00,15:00,Sunday,1,False,https://southwarkleisure.co.uk/centres/peckham-pulse-leisure-centre/
SLL_Southwark_2637,London Venue,SLL_Southwark,Lane Swim - Medium,Swimming,Swimming | Swimming Peckham,False,2.5,Peckham Pulse Leisure Centre,SE15 5QN,Southwark,51.474074,-0.070885,07:30,09:00,Tuesday,1,False,https://southwarkleisure.co.uk/centres/peckham-pulse-leisure-centre/
SLL_Southwark_2638,London Venue,SLL_Southwark,Lane Swim - Medium,Swimming,Swimming | Swimming Peckham,True,0.0,Peckham Pulse Leisure Centre,SE15 5QN,Southwark,51.474074,-0.070885,21:00,21:45,,1,False,https://southwarkleisure.co.uk/centres/peckham-pulse-leisure-centre/
SLL_Southwark_2639,London Venue,SLL_Southwark,Lane Swim - Medium,Swimming,Swimming | Swimming Peckham,True,0.0,Peckham Pulse Leisure Centre,SE15 5QN,Southwark,51.474074,-0.070885,16:00,17:00,Saturday,1,False,https://southwarkleisure.co.uk/centres/peckham-pulse-leisure-centre/
SLL_Southwark_2640,London Venue,SLL_Southwark,Lane Swim - Medium,Swimming,Swimming | Swimming Peckham,False,2.5,Peckham Pulse Leisure Centre,SE15 5QN,Southwark,51.474074,-0.070885,15:00,16:00,Thursday,1,False,https://southwarkleisure.co.uk/centres/peckham-pulse-leisure-centre/
SLL_Southwark_2641,London Venue,SLL_Southwark,Lane Swim - Medium,Swimming,Swimming | Swimming Peckham,False,2.5,Peckham Pulse Leisure Centre,SE15 5QN,Southwark,51.474074,-0.070885,07:00,08:00,Saturday,1,False,https://southwarkleisure.co.uk/centres/peckham-pulse-leisure-centre/
SLL_Southwark_2642,London Venue,SLL_Southwark,Lane Swim - Medium,Swimming,Swimming | Swimming Peckham,False,2.5,Peckham Pulse Leisure Centre,SE15 5QN,Southwark,51.474074,-0.070885,15:00,16:00,Tuesday,1,False,https://southwarkleisure.co.uk/centres/peckham-pulse-leisure-centre/
SLL_Southwark_2643,London Venue,SLL_Southwark,Lane Swim - Medium,Swimming,Swimming | Swimming Peckham,True,0.0,Peckham Pulse Leisure Centre,SE15 5QN,Southwark,51.474074,-0.070885,07:30,09:00,Friday,1,False,https://southwarkleisure.co.uk/centres/peckham-pulse-leisure-centre/
SLL_Southwark_2644,London Venue,SLL_Southwark,Lane Swim - Medium,Swimming,Swimming | Swimming Peckham,False,2.5,Peckham Pulse Leisure Centre,SE15 5QN,Southwark,51.474074,-0.070885,20:00,21:00,Thursday,1,False,https://southwarkleisure.co.uk/centres/peckham-pulse-leisure-centre/
SLL_Southwark_2645,London Venue,SLL_Southwark,Lane Swim - Medium,Swimming,Swimming | Swimming Peckham,True,0.0,Peckham Pulse Leisure Centre,SE15 5QN,Southwark,51.474074,-0.070885,21:00,21:45,,1,False,https://southwarkleisure.co.uk/centres/peckham-pulse-leisure-centre/
SLL_Southwark_2646,London Venue,SLL_Southwark,Lane Swim - Medium,Swimming,Swimming | Swimming Peckham,True,0.0,Peckham Pulse Leisure Centre,SE15 5QN,Southwark,51.474074,-0.070885,17:00,17:45,,1,False,https://southwarkleisure.co.uk/centres/peckham-pulse-leisure-centre/
SLL_Southwark_2647,London Venue,SLL_Southwark,Lane Swim - Medium,Swimming,Swimming | Swimming Peckham,False,2.5,Peckham Pulse Leisure Centre,SE15 5QN,Southwark,51.474074,-0.070885,15:00,16:00,Wednesday,1,False,https://southwarkleisure.co.uk/centres/peckham-pulse-leisure-centre/
SLL_Southwark_2648,London Venue,SLL_Southwark,Lane Swim - Medium,Swimming,Swimming | Swimming Peckham,False,2.5,Peckham Pulse Leisure Centre,SE15 5QN,Southwark,51.474074,-0.070885,21:00,21:45,Tuesday,1,False,https://southwarkleisure.co.uk/centres/peckham-pulse-leisure-centre/
SLL_Southwark_2649,London Venue,SLL_Southwark,Lane Swim - Medium,Swimming,Swimming | Swimming Peckham,True,0.0,Peckham Pulse Leisure Centre,SE15 5QN,Southwark,51.474074,-0.070885,20:00,21:00,Friday,1,False,https://southwarkleisure.co.uk/centres/peckham-pulse-leisure-centre/
SLL_Southwark_2650,London Venue,SLL_Southwark,Lane Swim - Medium,Swimming,Swimming | Swimming Peckham,False,2.5,Peckham Pulse Leisure Centre,SE15 5QN,Southwark,51.474074,-0.070885,21:00,21:45,,1,False,https://southwarkleisure.co.uk/centres/peckham-pulse-leisure-centre/
SLL_Southwark_2651,London Venue,SLL_Southwark,Group Cycle,Group Exercise,Group | Group Exercise Dulwich,False,12.5,Dulwich Leisure Centre,SE22 9HB,Southwark,51.460601,-0.071419,19:30,20:15,,1,False,https://southwarkleisure.co.uk/centres/dulwich-leisure-centre/
Lampton_2652,London Venue,Lampton,Junior Gym 15:30,Other / Unspecified,Junior | Junior Activities,,,Brentford Fountain,TW8 0HJ,Hounslow,,,15:30,16:30,"Monday, Tuesday, Wednesday, Thursday, Friday",1,False,https://www.lamptonleisure.co.uk/centre/brentford-fountain-leisure-centre
Lampton_2653,London Venue,Lampton,Junior Gym,Other / Unspecified,Junior | Junior Activities,,,Brentford Fountain,TW8 0HJ,Hounslow,,,16:30,17:30,"Monday, Tuesday, Wednesday, Thursday, Friday",1,False,https://www.lamptonleisure.co.uk/centre/brentford-fountain-leisure-centre
Lampton_2654,London Venue,Lampton,Junior Gym Session 10:00,Other / Unspecified,Junior | Junior Activities,,,Heston Pools And Fitness,TW5 0LW,Hounslow,,,10:00,11:00,"Sunday, Saturday",1,False,https://www.lamptonleisure.co.uk/centre/heston-pools-and-fitness
Lampton_2655,London Venue,Lampton,Junior Gym Session 11:00,Other / Unspecified,Junior | Junior Activities,,,Heston Pools And Fitness,TW5 0LW,Hounslow,,,11:00,12:00,"Sunday, Saturday",1,False,https://www.lamptonleisure.co.uk/centre/heston-pools-and-fitness
Lampton_2656,London Venue,Lampton,Junior Gym Session 14:00,Other / Unspecified,Junior | Junior Activities,,,Heston Pools And Fitness,TW5 0LW,Hounslow,,,14:00,15:00,"Sunday, Saturday",1,False,https://www.lamptonleisure.co.uk/centre/heston-pools-and-fitness
Lampton_2657,London Venue,Lampton,Junior Gym Session 15:00,Other / Unspecified,Junior | Junior Activities,,,Heston Pools And Fitness,TW5 0LW,Hounslow,,,15:00,16:00,"Sunday, Saturday",1,False,https://www.lamptonleisure.co.uk/centre/heston-pools-and-fitness
Lampton_2658,London Venue,Lampton,Junior Gym 15:30 To 16:30,Other / Unspecified,Junior | Junior Activities,,,Isleworth Leisure Centre,TW7 7EU,Hounslow,,,15:30,16:30,"Monday, Tuesday, Wednesday, Thursday, Friday",1,False,https://www.lamptonleisure.co.uk/centre/isleworth-leisure-centre-and-library
Lampton_2659,London Venue,Lampton,Junior Gym 16:30 To 17:30,Other / Unspecified,Junior | Junior Activities,,,Isleworth Leisure Centre,TW7 7EU,Hounslow,,,16:30,17:30,"Monday, Tuesday, Wednesday, Thursday, Friday",1,False,https://www.lamptonleisure.co.uk/centre/isleworth-leisure-centre-and-library
Lampton_2660,London Venue,Lampton,Junior Gym Session 16:30,Other / Unspecified,Junior | Junior Activities,,,Heston Pools And Fitness,TW5 0LW,Hounslow,,,16:30,17:30,"Monday, Tuesday, Wednesday, Thursday",1,False,https://www.lamptonleisure.co.uk/centre/heston-pools-and-fitness
Lampton_2661,London Venue,Lampton,Junior Gym Session 15:30,Other / Unspecified,Junior | Junior Activities,,,Heston Pools And Fitness,TW5 0LW,Hounslow,,,15:30,16:30,"Monday, Tuesday, Wednesday, Thursday, Friday",1,False,https://www.lamptonleisure.co.uk/centre/heston-pools-and-fitness
Lampton_2662,London Venue,Lampton,Junior Gym 16:00 To 17:00,Other / Unspecified,Junior | Junior Activities,,,Isleworth Leisure Centre,TW7 7EU,Hounslow,,,16:00,17:00,"Sunday, Saturday",1,False,https://www.lamptonleisure.co.uk/centre/isleworth-leisure-centre-and-library
Lampton_2663,London Venue,Lampton,Junior Gym 17:00 To 18:00,Other / Unspecified,Junior | Junior Activities,,,Isleworth Leisure Centre,TW7 7EU,Hounslow,,,17:00,18:00,"Sunday, Saturday",1,False,https://www.lamptonleisure.co.uk/centre/isleworth-leisure-centre-and-library
Lampton_2664,London Venue,Lampton,Junior Gym 16:00,Other / Unspecified,Junior | Junior Activities,,,Hanworth Air Park,TW13 5EG,Hounslow,,,16:00,17:00,"Monday, Wednesday, Thursday, Friday",1,False,https://www.lamptonleisure.co.uk/centre/hanworth-air-park-leisure-centre
Lampton_2665,London Venue,Lampton,Junior Gym 16:00,Other / Unspecified,Junior | Junior Activities,,,Hanworth Air Park,TW13 5EG,Hounslow,,,16:00,17:00,Tuesday,1,False,https://www.lamptonleisure.co.uk/centre/hanworth-air-park-leisure-centre
Lampton_2666,London Venue,Lampton,Swim School,Swimming,Pool | Pool Activities,,,New Chiswick Pool,W4 2RG,Hounslow,,,15:30,19:15,,1,False,https://www.lamptonleisure.co.uk/centre/new-chiswick-pool
Lampton_2667,London Venue,Lampton,Junior Gym,Gym / Fitness,Gym | Gym Activities,,,New Chiswick Pool,W4 2RG,Hounslow,,,16:30,17:30,Tuesday,1,False,https://www.lamptonleisure.co.uk/centre/new-chiswick-pool
Lampton_2668,London Venue,Lampton,Swim School,Swimming,Pool | Pool Activities,,,New Chiswick Pool,W4 2RG,Hounslow,,,15:30,19:15,,1,False,https://www.lamptonleisure.co.uk/centre/new-chiswick-pool
Lampton_2669,London Venue,Lampton,Swim School,Swimming,Pool | Pool Activities,,,New Chiswick Pool,W4 2RG,Hounslow,,,15:45,19:15,,1,False,https://www.lamptonleisure.co.uk/centre/new-chiswick-pool
Lampton_2670,London Venue,Lampton,Swim School,Swimming,Pool | Pool Activities,,,New Chiswick Pool,W4 2RG,Hounslow,,,15:45,19:15,,1,False,https://www.lamptonleisure.co.uk/centre/new-chiswick-pool
Lampton_2671,London Venue,Lampton,Junior Gym,Gym / Fitness,Gym | Gym Activities,,,New Chiswick Pool,W4 2RG,Hounslow,,,15:30,16:30,"Monday, Tuesday",1,False,https://www.lamptonleisure.co.uk/centre/new-chiswick-pool
Lampton_2672,London Venue,Lampton,Junior Gym 17:30,Other / Unspecified,Junior | Junior Activities,,,Hanworth Air Park,TW13 5EG,Hounslow,,,17:30,18:30,,1,False,https://www.lamptonleisure.co.uk/centre/hanworth-air-park-leisure-centre
Lampton_2673,London Venue,Lampton,Junior Gym 10:30,Other / Unspecified,Junior | Junior Activities,,,Hanworth Air Park,TW13 5EG,Hounslow,,,10:30,11:30,,1,False,https://www.lamptonleisure.co.uk/centre/hanworth-air-park-leisure-centre
Lampton_2674,London Venue,Lampton,Junior Gym 12:00,Other / Unspecified,Junior | Junior Activities,,,Hanworth Air Park,TW13 5EG,Hounslow,,,12:00,13:00,,1,False,https://www.lamptonleisure.co.uk/centre/hanworth-air-park-leisure-centre
Lampton_2675,London Venue,Lampton,Junior Gym 12:00,Other / Unspecified,Junior | Junior Activities,,,Hanworth Air Park,TW13 5EG,Hounslow,,,12:00,13:00,,1,False,https://www.lamptonleisure.co.uk/centre/hanworth-air-park-leisure-centre
Lampton_2676,London Venue,Lampton,Junior Gym 11:00 To 12:00,Other / Unspecified,Junior | Junior Activities,,,Isleworth Leisure Centre,TW7 7EU,Hounslow,,,11:00,12:00,"Sunday, Saturday",1,False,https://www.lamptonleisure.co.uk/centre/isleworth-leisure-centre-and-library
Lampton_2677,London Venue,Lampton,Junior Gym 10:30,Other / Unspecified,Junior | Junior Activities,,,Hanworth Air Park,TW13 5EG,Hounslow,,,10:30,11:30,,1,False,https://www.lamptonleisure.co.uk/centre/hanworth-air-park-leisure-centre
Lampton_2678,London Venue,Lampton,Junior Gym 10:00 To 11:00,Other / Unspecified,Junior | Junior Activities,,,Isleworth Leisure Centre,TW7 7EU,Hounslow,,,10:00,11:00,"Sunday, Saturday",1,False,https://www.lamptonleisure.co.uk/centre/isleworth-leisure-centre-and-library
Lampton_2679,London Venue,Lampton,Junior Boxing Club,Other / Unspecified,Junior | Junior Activities,,,Hanworth Air Park,TW13 5EG,Hounslow,,,17:00,18:00,,1,False,https://www.lamptonleisure.co.uk/centre/hanworth-air-park-leisure-centre
Lampton_2680,London Venue,Lampton,Swim School,Swimming,Pool | Pool Activities,,,New Chiswick Pool,W4 2RG,Hounslow,,,15:45,19:15,,1,False,https://www.lamptonleisure.co.uk/centre/new-chiswick-pool
Lampton_2681,London Venue,Lampton,Junior Gym,Gym / Fitness,Gym | Gym Activities,,,New Chiswick Pool,W4 2RG,Hounslow,,,16:15,16:45,Monday,1,False,https://www.lamptonleisure.co.uk/centre/new-chiswick-pool
Lampton_2682,London Venue,Lampton,Junior Gym,Gym / Fitness,Gym | Gym Activities,,,New Chiswick Pool,W4 2RG,Hounslow,,,15:30,16:15,Monday,1,False,https://www.lamptonleisure.co.uk/centre/new-chiswick-pool
Lampton_2683,London Venue,Lampton,Les Mills Body Attack Fri,Group Exercise,Group | Group Exercise Classes,False,5.9,Brentford Fountain,TW8 0HJ,Hounslow,,,09:45,10:15,,1,False,https://www.lamptonleisure.co.uk/centre/brentford-fountain-leisure-centre
Lampton_2684,London Venue,Lampton,Lane Swim 20:45,Swimming,Swimming | Swimming,False,6.55,Brentford Fountain,TW8 0HJ,Hounslow,,,20:45,21:45,,1,False,https://www.lamptonleisure.co.uk/centre/brentford-fountain-leisure-centre
Lampton_2685,London Venue,Lampton,Lane Swim 14:30,Swimming,Swimming | Swimming,False,6.55,Brentford Fountain,TW8 0HJ,Hounslow,,,14:30,15:30,,1,False,https://www.lamptonleisure.co.uk/centre/brentford-fountain-leisure-centre
Lampton_2686,London Venue,Lampton,Eor Group Gym Session,Group Exercise,Group | Group Exercise Classes,False,4.800000000000001,Isleworth Leisure Centre,TW7 7EU,Hounslow,,,15:00,16:00,,1,False,https://www.lamptonleisure.co.uk/centre/isleworth-leisure-centre-and-library
Lampton_2687,London Venue,Lampton,A B S Mon 11:15,Group Exercise,Group | Group Exercise Classes,False,5.9,Brentford Fountain,TW8 0HJ,Hounslow,,,11:15,11:45,,1,False,https://www.lamptonleisure.co.uk/centre/brentford-fountain-leisure-centre
Lampton_2688,London Venue,Lampton,Freestyle Pump Mon 18:00,Group Exercise,Group | Group Exercise Classes,False,8.0,Hanworth Air Park,TW13 5EG,Hounslow,,,18:00,18:45,,1,False,https://www.lamptonleisure.co.uk/centre/hanworth-air-park-leisure-centre
Lampton_2689,London Venue,Lampton,Lane Swim 10:30,Swimming,Swimming | Swimming,False,6.55,Heston Pools And Fitness,TW5 0LW,Hounslow,,,10:30,11:30,Thursday,1,False,https://www.lamptonleisure.co.uk/centre/heston-pools-and-fitness
Lampton_2690,London Venue,Lampton,Lane Swim 19:00,Swimming,Swimming | Swimming,False,6.55,Heston Pools And Fitness,TW5 0LW,Hounslow,,,19:00,20:00,Thursday,1,False,https://www.lamptonleisure.co.uk/centre/heston-pools-and-fitness
Lampton_2691,London Venue,Lampton,Eor Group Gym Session,Gym / Fitness,Gym | Gym Activities,False,4.800000000000001,Heston Pools And Fitness,TW5 0LW,Hounslow,,,09:00,10:00,,1,False,https://www.lamptonleisure.co.uk/centre/heston-pools-and-fitness
Lampton_2692,London Venue,Lampton,Hiit & Box Sat 10:00,Group Exercise,Group | Group Exercise Classes,False,5.9,Hanworth Air Park,TW13 5EG,Hounslow,,,10:00,10:30,,1,False,https://www.lamptonleisure.co.uk/centre/hanworth-air-park-leisure-centre
Lampton_2693,London Venue,Lampton,Lane Swim 11:30,Swimming,Swimming | Swimming,False,6.55,Heston Pools And Fitness,TW5 0LW,Hounslow,,,11:30,12:30,Thursday,1,False,https://www.lamptonleisure.co.uk/centre/heston-pools-and-fitness
Lampton_2694,London Venue,Lampton,Eor Group Gym Session,Group Exercise,Group | Group Exercise Classes,False,4.800000000000001,Hanworth Air Park,TW13 5EG,Hounslow,,,15:00,16:00,,1,False,https://www.lamptonleisure.co.uk/centre/hanworth-air-park-leisure-centre
Lampton_2695,London Venue,Lampton,Yoga Tue 11:15,Group Exercise,Group | Group Exercise Classes,False,12.65,Isleworth Leisure Centre,TW7 7EU,Hounslow,,,11:15,12:45,,1,False,https://www.lamptonleisure.co.uk/centre/isleworth-leisure-centre-and-library
Lampton_2696,London Venue,Lampton,Raquetball Thurs 18:00,Group Exercise,Group | Group Exercise Classes,False,10.55,Hanworth Air Park,TW13 5EG,Hounslow,,,18:00,19:00,,1,False,https://www.lamptonleisure.co.uk/centre/hanworth-air-park-leisure-centre
Lampton_2697,London Venue,Lampton,General Swim 15:00,Swimming,Swimming | Swimming,False,6.55,Brentford Fountain,TW8 0HJ,Hounslow,,,15:00,16:00,"Monday, Tuesday, Wednesday, Thursday, Friday",1,False,https://www.lamptonleisure.co.uk/centre/brentford-fountain-leisure-centre
Lampton_2698,London Venue,Lampton,Family Swim 11:30,Swimming,Swimming | Swimming,False,6.55,Isleworth Leisure Centre,TW7 7EU,Hounslow,,,11:30,12:00,,1,False,https://www.lamptonleisure.co.uk/centre/isleworth-leisure-centre-and-library
Lampton_2699,London Venue,Lampton,General Swim 20:00,Swimming,Swimming | Swimming,False,6.55,Isleworth Leisure Centre,TW7 7EU,Hounslow,,,20:00,21:00,,1,False,https://www.lamptonleisure.co.uk/centre/isleworth-leisure-centre-and-library
Lampton_2700,London Venue,Lampton,Lane Swim 12:00,Swimming,Swimming | Swimming,False,6.55,Isleworth Leisure Centre,TW7 7EU,Hounslow,,,12:00,13:00,"Wednesday, Friday",1,False,https://www.lamptonleisure.co.uk/centre/isleworth-leisure-centre-and-library
Lampton_2701,London Venue,Lampton,Lane Swim 14:30,Swimming,Swimming | Swimming,False,6.55,Isleworth Leisure Centre,TW7 7EU,Hounslow,,,14:30,15:30,"Wednesday, Friday",1,False,https://www.lamptonleisure.co.uk/centre/isleworth-leisure-centre-and-library
Lampton_2702,London Venue,Lampton,Lane Swim Wed 19:15,Swimming,Swimming | Swimming,False,6.55,New Chiswick Pool,W4 2RG,Hounslow,,,19:15,20:00,,1,False,https://www.lamptonleisure.co.uk/centre/new-chiswick-pool
Lampton_2703,London Venue,Lampton,Pilates  12:45,Group Exercise,Group | Group Exercise Classes,False,11.6,Osterley Sports Centre,TW7 5FF,Hounslow,,,12:45,13:45,,1,False,https://www.lamptonleisure.co.uk/centre/osterley-sports-and-athletic-centre
Lampton_2704,London Venue,Lampton,Lane Swim 13:00,Swimming,Swimming | Swimming,False,6.55,Heston Pools And Fitness,TW5 0LW,Hounslow,,,13:00,14:00,"Sunday, Saturday",1,False,https://www.lamptonleisure.co.uk/centre/heston-pools-and-fitness
Lampton_2705,London Venue,Lampton,Yin Yoga Tues 10:00,Group Exercise,Group | Group Exercise Classes,False,12.65,Hanworth Air Park,TW13 5EG,Hounslow,,,10:00,11:00,,1,False,https://www.lamptonleisure.co.uk/centre/hanworth-air-park-leisure-centre
Lampton_2706,London Venue,Lampton,General Swim 16:00,Swimming,Swimming | Swimming,False,6.55,Hanworth Air Park,TW13 5EG,Hounslow,,,16:00,17:00,"Monday, Wednesday",1,False,https://www.lamptonleisure.co.uk/centre/hanworth-air-park-leisure-centre
Lampton_2707,London Venue,Lampton,Lane Swim 08:30,Swimming,Swimming | Swimming,False,6.55,Heston Pools And Fitness,TW5 0LW,Hounslow,,,08:30,09:30,Friday,1,False,https://www.lamptonleisure.co.uk/centre/heston-pools-and-fitness
Lampton_2708,London Venue,Lampton,Hydrohex Beat Thu 10:00,Group Exercise,Group | Group Exercise Classes,False,8.0,Isleworth Leisure Centre,TW7 7EU,Hounslow,,,10:00,10:45,,1,False,https://www.lamptonleisure.co.uk/centre/isleworth-leisure-centre-and-library
Lampton_2709,London Venue,Lampton,Pilates Strong 13:45,Group Exercise,Group | Group Exercise Classes,False,10.55,Osterley Sports Centre,TW7 5FF,Hounslow,,,13:45,14:45,,1,False,https://www.lamptonleisure.co.uk/centre/osterley-sports-and-athletic-centre
Lampton_2710,London Venue,Lampton,Lane Swim 14:30,Swimming,Swimming | Swimming,False,6.55,Heston Pools And Fitness,TW5 0LW,Hounslow,,,14:30,15:45,Monday,1,False,https://www.lamptonleisure.co.uk/centre/heston-pools-and-fitness
Lampton_2711,London Venue,Lampton,Body Blast Fri 10:00,Group Exercise,Group | Group Exercise Classes,False,10.55,Isleworth Leisure Centre,TW7 7EU,Hounslow,,,10:00,10:55,,1,False,https://www.lamptonleisure.co.uk/centre/isleworth-leisure-centre-and-library
Lampton_2712,London Venue,Lampton,Indoor Cyciling Mon 19:00,Group Exercise,Group | Group Exercise Classes,False,8.0,Isleworth Leisure Centre,TW7 7EU,Hounslow,,,19:00,19:45,,1,False,https://www.lamptonleisure.co.uk/centre/isleworth-leisure-centre-and-library
Lampton_2713,London Venue,Lampton,Eor Group Gym Session,Group Exercise,Group | Group Exercise Classes,False,4.800000000000001,Hanworth Air Park,TW13 5EG,Hounslow,,,10:00,11:00,,1,False,https://www.lamptonleisure.co.uk/centre/hanworth-air-park-leisure-centre
Lampton_2714,London Venue,Lampton,Lane Swim,Swimming,Swimming | Swimming,False,6.55,New Chiswick Pool,W4 2RG,Hounslow,,,13:00,13:30,,1,False,https://www.lamptonleisure.co.uk/centre/new-chiswick-pool
Lampton_2715,London Venue,Lampton,Adult Lane Swim 09:00,Swimming,Swimming | Swimming,False,6.55,Isleworth Leisure Centre,TW7 7EU,Hounslow,,,09:00,10:00,,1,False,https://www.lamptonleisure.co.uk/centre/isleworth-leisure-centre-and-library
Lampton_2716,London Venue,Lampton,Lane Swim 13:00,Swimming,Swimming | Swimming,False,6.55,Isleworth Leisure Centre,TW7 7EU,Hounslow,,,13:00,14:00,,1,False,https://www.lamptonleisure.co.uk/centre/isleworth-leisure-centre-and-library
Lampton_2717,London Venue,Lampton,Lane Swim,Swimming,Swimming | Swimming,False,6.55,New Chiswick Pool,W4 2RG,Hounslow,,,17:00,18:00,,1,False,https://www.lamptonleisure.co.uk/centre/new-chiswick-pool
Lampton_2718,London Venue,Lampton,Family Swim 14:30,Swimming,Swimming | Swimming,False,6.55,Isleworth Leisure Centre,TW7 7EU,Hounslow,,,14:30,15:30,,1,False,https://www.lamptonleisure.co.uk/centre/isleworth-leisure-centre-and-library
Lampton_2719,London Venue,Lampton,Family Swim 15:30,Swimming,Swimming | Swimming,False,6.55,Isleworth Leisure Centre,TW7 7EU,Hounslow,,,15:30,16:30,,1,False,https://www.lamptonleisure.co.uk/centre/isleworth-leisure-centre-and-library
Lampton_2720,London Venue,Lampton,Family Swim 16:30,Swimming,Swimming | Swimming,False,6.55,Isleworth Leisure Centre,TW7 7EU,Hounslow,,,16:30,17:30,,1,False,https://www.lamptonleisure.co.uk/centre/isleworth-leisure-centre-and-library
Lampton_2721,London Venue,Lampton,General Swim 09:15,Swimming,Swimming | Swimming,False,6.55,Isleworth Leisure Centre,TW7 7EU,Hounslow,,,09:15,10:00,,1,False,https://www.lamptonleisure.co.uk/centre/isleworth-leisure-centre-and-library
Lampton_2722,London Venue,Lampton,Eor Group Gym Session,Group Exercise,Group | Group Exercise Classes,False,4.800000000000001,Heston Pools And Fitness,TW5 0LW,Hounslow,,,20:00,21:00,,1,False,https://www.lamptonleisure.co.uk/centre/heston-pools-and-fitness
Lampton_2723,London Venue,Lampton,Zumba Tone Sat 10:00,Group Exercise,Group | Group Exercise Classes,False,10.55,Isleworth Leisure Centre,TW7 7EU,Hounslow,,,10:00,10:55,,1,False,https://www.lamptonleisure.co.uk/centre/isleworth-leisure-centre-and-library
Lampton_2724,London Venue,Lampton,General Swim 10:00,Swimming,Swimming | Swimming,False,6.55,Isleworth Leisure Centre,TW7 7EU,Hounslow,,,10:00,11:00,,1,False,https://www.lamptonleisure.co.uk/centre/isleworth-leisure-centre-and-library
Lampton_2725,London Venue,Lampton,General Swim 11:00,Swimming,Swimming | Swimming,False,6.55,Isleworth Leisure Centre,TW7 7EU,Hounslow,,,11:00,12:00,,1,False,https://www.lamptonleisure.co.uk/centre/isleworth-leisure-centre-and-library
Lampton_2726,London Venue,Lampton,General Swim 13:00,Swimming,Swimming | Swimming,False,6.55,Isleworth Leisure Centre,TW7 7EU,Hounslow,,,13:00,14:00,,1,False,https://www.lamptonleisure.co.uk/centre/isleworth-leisure-centre-and-library
Lampton_2727,London Venue,Lampton,General Swim 14:00,Swimming,Swimming | Swimming,False,6.55,Isleworth Leisure Centre,TW7 7EU,Hounslow,,,14:00,15:00,,1,False,https://www.lamptonleisure.co.uk/centre/isleworth-leisure-centre-and-library
Lampton_2728,London Venue,Lampton,General Swim 15:00,Swimming,Swimming | Swimming,False,6.55,Isleworth Leisure Centre,TW7 7EU,Hounslow,,,15:00,16:00,,1,False,https://www.lamptonleisure.co.uk/centre/isleworth-leisure-centre-and-library
Lampton_2729,London Venue,Lampton,General Swim 16:00,Swimming,Swimming | Swimming,False,6.55,Isleworth Leisure Centre,TW7 7EU,Hounslow,,,16:00,17:00,,1,False,https://www.lamptonleisure.co.uk/centre/isleworth-leisure-centre-and-library
Lampton_2730,London Venue,Lampton,Lane Swim 08:00,Swimming,Swimming | Swimming,False,6.55,Isleworth Leisure Centre,TW7 7EU,Hounslow,,,08:00,09:15,,1,False,https://www.lamptonleisure.co.uk/centre/isleworth-leisure-centre-and-library
Lampton_2731,London Venue,Lampton,Pilates Tues 11:15,Group Exercise,Group | Group Exercise Classes,False,11.6,Hanworth Air Park,TW13 5EG,Hounslow,,,11:15,12:15,,1,False,https://www.lamptonleisure.co.uk/centre/hanworth-air-park-leisure-centre
Lampton_2732,London Venue,Lampton,Sculpt Bands Mon 18:00,Group Exercise,Group | Group Exercise Classes,False,10.55,Isleworth Leisure Centre,TW7 7EU,Hounslow,,,18:00,18:55,,1,False,https://www.lamptonleisure.co.uk/centre/isleworth-leisure-centre-and-library
Lampton_2733,London Venue,Lampton,Bokwa Wed 10:20,Group Exercise,Group | Group Exercise Classes,False,10.55,Heston Pools And Fitness,TW5 0LW,Hounslow,,,10:20,11:20,,1,False,https://www.lamptonleisure.co.uk/centre/heston-pools-and-fitness
Lampton_2734,London Venue,Lampton,Body Con Wed 18:45,Group Exercise,Group | Group Exercise Classes,False,8.0,Hanworth Air Park,TW13 5EG,Hounslow,,,18:45,19:30,,1,False,https://www.lamptonleisure.co.uk/centre/hanworth-air-park-leisure-centre
Lampton_2735,London Venue,Lampton,E O R Aqua For Health,Group Exercise,Group | Group Exercise Classes,False,4.800000000000001,Hanworth Air Park,TW13 5EG,Hounslow,,,09:00,10:00,,1,False,https://www.lamptonleisure.co.uk/centre/hanworth-air-park-leisure-centre
Lampton_2736,London Venue,Lampton,60+ Chair Fitness Class,Group Exercise,Group | Group Exercise Classes,False,5.25,New Chiswick Pool,W4 2RG,Hounslow,,,11:00,12:00,,1,False,https://www.lamptonleisure.co.uk/centre/new-chiswick-pool
Lampton_2737,London Venue,Lampton,Hatha Yoga Thursday 17:00,Group Exercise,Group | Group Exercise Classes,False,12.65,Heston Pools And Fitness,TW5 0LW,Hounslow,,,17:00,18:00,,1,False,https://www.lamptonleisure.co.uk/centre/heston-pools-and-fitness
Lampton_2738,London Venue,Lampton,Tone & Stretch Tue 18:30,Group Exercise,Group | Group Exercise Classes,False,8.0,Hanworth Air Park,TW13 5EG,Hounslow,,,18:30,19:15,Tuesday,1,False,https://www.lamptonleisure.co.uk/centre/hanworth-air-park-leisure-centre
Lampton_2739,London Venue,Lampton,Pilates Mon 10:00,Group Exercise,Group | Group Exercise Classes,False,11.6,Hanworth Air Park,TW13 5EG,Hounslow,,,10:00,10:45,,1,False,https://www.lamptonleisure.co.uk/centre/hanworth-air-park-leisure-centre
Lampton_2740,London Venue,Lampton,Les Mills Body Pump,Group Exercise,Group | Group Exercise Classes,False,10.55,New Chiswick Pool,W4 2RG,Hounslow,,,09:15,10:15,,1,False,https://www.lamptonleisure.co.uk/centre/new-chiswick-pool
Lampton_2741,London Venue,Lampton,Eor Group Gym Session,Group Exercise,Group | Group Exercise Classes,False,4.800000000000001,Isleworth Leisure Centre,TW7 7EU,Hounslow,,,11:00,12:00,,1,False,https://www.lamptonleisure.co.uk/centre/isleworth-leisure-centre-and-library
Lampton_2742,London Venue,Lampton,Zumba Sat 09:00,Group Exercise,Group | Group Exercise Classes,False,10.55,Osterley Sports Centre,TW7 5FF,Hounslow,,,09:00,10:00,,1,False,https://www.lamptonleisure.co.uk/centre/osterley-sports-and-athletic-centre
Lampton_2743,London Venue,Lampton,Zumba Tone Mon 10:15,Group Exercise,Group | Group Exercise Classes,False,10.55,Isleworth Leisure Centre,TW7 7EU,Hounslow,,,10:15,11:15,,1,False,https://www.lamptonleisure.co.uk/centre/isleworth-leisure-centre-and-library
Lampton_2744,London Venue,Lampton,Accessible Swim Wed 10:00,Swimming,Swimming | Swimming,False,6.55,New Chiswick Pool,W4 2RG,Hounslow,,,10:00,11:00,,1,False,https://www.lamptonleisure.co.uk/centre/new-chiswick-pool
Lampton_2745,London Venue,Lampton,Lane Swim 20:45,Swimming,Swimming | Swimming,False,6.55,Brentford Fountain,TW8 0HJ,Hounslow,,,20:45,21:45,,1,False,https://www.lamptonleisure.co.uk/centre/brentford-fountain-leisure-centre
Lampton_2746,London Venue,Lampton,Family Swim,Swimming,Swimming | Swimming,False,6.55,New Chiswick Pool,W4 2RG,Hounslow,,,12:15,13:15,,1,False,https://www.lamptonleisure.co.uk/centre/new-chiswick-pool
Lampton_2747,London Venue,Lampton,Bolly Bhangra Thu 20:00,Group Exercise,Group | Group Exercise Classes,False,10.55,Heston Pools And Fitness,TW5 0LW,Hounslow,,,20:00,21:00,,1,False,https://www.lamptonleisure.co.uk/centre/heston-pools-and-fitness
Lampton_2748,London Venue,Lampton,Pilates/yogalates 09:00,Group Exercise,Group | Group Exercise Classes,False,11.6,Brentford Fountain,TW8 0HJ,Hounslow,,,09:00,10:00,,1,False,https://www.lamptonleisure.co.uk/centre/brentford-fountain-leisure-centre
Lampton_2749,London Venue,Lampton,Lane Swim,Swimming,Swimming | Swimming,False,6.55,New Chiswick Pool,W4 2RG,Hounslow,,,09:15,10:00,,1,False,https://www.lamptonleisure.co.uk/centre/new-chiswick-pool
Lampton_2750,London Venue,Lampton,Lane Swim Fri 08:30,Swimming,Swimming | Swimming,False,6.55,New Chiswick Pool,W4 2RG,Hounslow,,,08:30,09:30,,1,False,https://www.lamptonleisure.co.uk/centre/new-chiswick-pool
Lampton_2751,London Venue,Lampton,Chair Yoga Thu 16:00,Group Exercise,Group | Group Exercise Classes,False,12.65,Heston Pools And Fitness,TW5 0LW,Hounslow,,,16:00,17:00,,1,False,https://www.lamptonleisure.co.uk/centre/heston-pools-and-fitness
Lampton_2752,London Venue,Lampton,Patanjali Yoga Mon 08:00,Group Exercise,Group | Group Exercise Classes,False,12.65,Heston Pools And Fitness,TW5 0LW,Hounslow,,,08:00,09:00,,1,False,https://www.lamptonleisure.co.uk/centre/heston-pools-and-fitness
Lampton_2753,London Venue,Lampton,Squash Club,Group Exercise,Group | Group Exercise Classes,False,10.55,Hanworth Air Park,TW13 5EG,Hounslow,,,19:00,20:00,,1,False,https://www.lamptonleisure.co.uk/centre/hanworth-air-park-leisure-centre
Lampton_2754,London Venue,Lampton,H I I T & Abs Tues 10:35,Group Exercise,Group | Group Exercise Classes,False,10.55,Hanworth Air Park,TW13 5EG,Hounslow,,,10:35,11:35,Tuesday,1,False,https://www.lamptonleisure.co.uk/centre/hanworth-air-park-leisure-centre
Lampton_2755,London Venue,Lampton,General Swim 17:00,Swimming,Swimming | Swimming,False,6.55,Hanworth Air Park,TW13 5EG,Hounslow,,,17:00,18:00,"Monday, Wednesday",1,False,https://www.lamptonleisure.co.uk/centre/hanworth-air-park-leisure-centre
Lampton_2756,London Venue,Lampton,General Swim,Swimming,Swimming | Swimming,False,6.55,New Chiswick Pool,W4 2RG,Hounslow,,,14:30,15:30,,1,False,https://www.lamptonleisure.co.uk/centre/new-chiswick-pool
Lampton_2757,London Venue,Lampton,Eor Group Gym Session,Gym / Fitness,Gym | Gym Activities,False,4.800000000000001,Brentford Fountain,TW8 0HJ,Hounslow,,,10:00,11:00,,1,False,https://www.lamptonleisure.co.uk/centre/brentford-fountain-leisure-centre
Lampton_2758,London Venue,Lampton,Yoga Sun 09:25,Group Exercise,Group | Group Exercise Classes,False,10.55,Isleworth Leisure Centre,TW7 7EU,Hounslow,,,09:25,10:55,Sunday,1,False,https://www.lamptonleisure.co.uk/centre/isleworth-leisure-centre-and-library
Lampton_2759,London Venue,Lampton,60+ Chair Fitness Class,Group Exercise,Group | Group Exercise Classes,False,5.25,New Chiswick Pool,W4 2RG,Hounslow,,,11:00,12:00,,1,False,https://www.lamptonleisure.co.uk/centre/new-chiswick-pool
Lampton_2760,London Venue,Lampton,Lane Swim Fri 12:15,Swimming,Swimming | Swimming,False,6.55,New Chiswick Pool,W4 2RG,Hounslow,,,12:15,13:00,,1,False,https://www.lamptonleisure.co.uk/centre/new-chiswick-pool
Lampton_2761,London Venue,Lampton,Lane Swim 12:00,Swimming,Swimming | Swimming,False,6.55,Brentford Fountain,TW8 0HJ,Hounslow,,,12:00,13:00,"Monday, Tuesday, Wednesday, Thursday",1,False,https://www.lamptonleisure.co.uk/centre/brentford-fountain-leisure-centre
Lampton_2762,London Venue,Lampton,Hydrohex Power Wed 12:30,Group Exercise,Group | Group Exercise Classes,False,5.9,Isleworth Leisure Centre,TW7 7EU,Hounslow,,,12:30,13:00,,1,False,https://www.lamptonleisure.co.uk/centre/isleworth-leisure-centre-and-library
Lampton_2763,London Venue,Lampton,Lane Swim 10:30,Swimming,Swimming | Swimming,False,6.55,Heston Pools And Fitness,TW5 0LW,Hounslow,,,10:30,11:30,Tuesday,1,False,https://www.lamptonleisure.co.uk/centre/heston-pools-and-fitness
Lampton_2764,London Venue,Lampton,Eor Group Gym Session,Gym / Fitness,Gym | Gym Activities,False,4.800000000000001,Brentford Fountain,TW8 0HJ,Hounslow,,,11:00,12:00,,1,False,https://www.lamptonleisure.co.uk/centre/brentford-fountain-leisure-centre
Lampton_2765,London Venue,Lampton,Les Mills Bodypump Fri,Group Exercise,Group | Group Exercise Classes,False,8.0,Brentford Fountain,TW8 0HJ,Hounslow,,,10:15,11:00,,1,False,https://www.lamptonleisure.co.uk/centre/brentford-fountain-leisure-centre
Lampton_2766,London Venue,Lampton,Lane Swim 10:00,Swimming,Swimming | Swimming,False,6.55,Heston Pools And Fitness,TW5 0LW,Hounslow,,,10:00,11:00,Saturday,1,False,https://www.lamptonleisure.co.uk/centre/heston-pools-and-fitness
Lampton_2767,London Venue,Lampton,Cardio + Lbt 09:30,Group Exercise,Group | Group Exercise Classes,False,10.55,Heston Pools And Fitness,TW5 0LW,Hounslow,,,09:30,10:30,,1,False,https://www.lamptonleisure.co.uk/centre/heston-pools-and-fitness
Lampton_2768,London Venue,Lampton,Family Swim,Swimming,Swimming | Swimming,False,6.55,New Chiswick Pool,W4 2RG,Hounslow,,,12:30,13:15,,1,False,https://www.lamptonleisure.co.uk/centre/new-chiswick-pool
Lampton_2769,London Venue,Lampton,Lane Swim 07:15,Swimming,Swimming | Swimming,False,6.55,Brentford Fountain,TW8 0HJ,Hounslow,,,07:15,08:00,"Monday, Tuesday, Wednesday, Friday",1,False,https://www.lamptonleisure.co.uk/centre/brentford-fountain-leisure-centre
Lampton_2770,London Venue,Lampton,H I I I T & Abs Wed 06:35,Group Exercise,Group | Group Exercise Classes,False,8.0,Hanworth Air Park,TW13 5EG,Hounslow,,,06:35,07:20,Wednesday,1,False,https://www.lamptonleisure.co.uk/centre/hanworth-air-park-leisure-centre
Lampton_2771,London Venue,Lampton,Eor Group Gym Session,Group Exercise,Group | Group Exercise Classes,False,4.800000000000001,Hanworth Air Park,TW13 5EG,Hounslow,,,15:00,16:00,,1,False,https://www.lamptonleisure.co.uk/centre/hanworth-air-park-leisure-centre
Lampton_2772,London Venue,Lampton,Body Con Wed 11:00,Group Exercise,Group | Group Exercise Classes,False,8.0,Hanworth Air Park,TW13 5EG,Hounslow,,,11:00,11:45,,1,False,https://www.lamptonleisure.co.uk/centre/hanworth-air-park-leisure-centre
Lampton_2773,London Venue,Lampton,Squash Thurs 19:00,Group Exercise,Group | Group Exercise Classes,False,10.55,Hanworth Air Park,TW13 5EG,Hounslow,,,19:00,20:00,,1,False,https://www.lamptonleisure.co.uk/centre/hanworth-air-park-leisure-centre
Lampton_2774,London Venue,Lampton,Balance Yoga Mon 09:30,Group Exercise,Group | Group Exercise Classes,False,12.65,Osterley Sports Centre,TW7 5FF,Hounslow,,,09:30,10:30,,1,False,https://www.lamptonleisure.co.uk/centre/osterley-sports-and-athletic-centre
Lampton_2775,London Venue,Lampton,General Swim 11:00,Swimming,Swimming | Swimming,False,6.55,Brentford Fountain,TW8 0HJ,Hounslow,,,11:00,12:00,"Monday, Wednesday, Friday",1,False,https://www.lamptonleisure.co.uk/centre/brentford-fountain-leisure-centre
Lampton_2776,London Venue,Lampton,Circuit Blast Sat 08:30,Group Exercise,Group | Group Exercise Classes,False,8.0,Hanworth Air Park,TW13 5EG,Hounslow,,,08:30,09:15,Saturday,1,False,https://www.lamptonleisure.co.uk/centre/hanworth-air-park-leisure-centre
Lampton_2777,London Venue,Lampton,Pilates Thu 10:30,Group Exercise,Group | Group Exercise Classes,False,11.6,Isleworth Leisure Centre,TW7 7EU,Hounslow,,,10:30,11:10,,1,False,https://www.lamptonleisure.co.uk/centre/isleworth-leisure-centre-and-library
Lampton_2778,London Venue,Lampton,Hydrohex Move Wed 11:45,Group Exercise,Group | Group Exercise Classes,False,8.0,Isleworth Leisure Centre,TW7 7EU,Hounslow,,,11:45,12:30,,1,False,https://www.lamptonleisure.co.uk/centre/isleworth-leisure-centre-and-library
Lampton_2779,London Venue,Lampton,Lane Swim Wed 15:00,Swimming,Swimming | Swimming,False,6.55,New Chiswick Pool,W4 2RG,Hounslow,,,15:00,15:45,,1,False,https://www.lamptonleisure.co.uk/centre/new-chiswick-pool
Lampton_2780,London Venue,Lampton,Yogapilates Flow,Group Exercise,Group | Group Exercise Classes,False,12.65,Brentford Fountain,TW8 0HJ,Hounslow,,,20:00,21:30,,1,False,https://www.lamptonleisure.co.uk/centre/brentford-fountain-leisure-centre
Lampton_2781,London Venue,Lampton,Lane Swim 08:30,Swimming,Swimming | Swimming,False,6.55,Heston Pools And Fitness,TW5 0LW,Hounslow,,,08:30,09:30,Wednesday,1,False,https://www.lamptonleisure.co.uk/centre/heston-pools-and-fitness
Lampton_2782,London Venue,Lampton,Lane Swim 20:00,Swimming,Swimming | Swimming,False,6.55,Brentford Fountain,TW8 0HJ,Hounslow,,,20:00,20:45,,1,False,https://www.lamptonleisure.co.uk/centre/brentford-fountain-leisure-centre
Lampton_2783,London Venue,Lampton,Lane Swim 10:30,Swimming,Swimming | Swimming,False,6.55,Heston Pools And Fitness,TW5 0LW,Hounslow,,,10:30,11:30,Wednesday,1,False,https://www.lamptonleisure.co.uk/centre/heston-pools-and-fitness
Lampton_2784,London Venue,Lampton,General Swim,Swimming,Swimming | Swimming,False,6.55,New Chiswick Pool,W4 2RG,Hounslow,,,14:45,15:45,,1,False,https://www.lamptonleisure.co.uk/centre/new-chiswick-pool
Lampton_2785,London Venue,Lampton,Eor Group Gym Session,Group Exercise,Group | Group Exercise Classes,False,4.800000000000001,Heston Pools And Fitness,TW5 0LW,Hounslow,,,18:00,19:00,,1,False,https://www.lamptonleisure.co.uk/centre/heston-pools-and-fitness
Lampton_2786,London Venue,Lampton,Lane Swim 11:30,Swimming,Swimming | Swimming,False,6.55,Heston Pools And Fitness,TW5 0LW,Hounslow,,,11:30,12:30,Monday,1,False,https://www.lamptonleisure.co.uk/centre/heston-pools-and-fitness
Lampton_2787,London Venue,Lampton,Full Body Burn Wed 09:05,Group Exercise,Group | Group Exercise Classes,False,8.0,Hanworth Air Park,TW13 5EG,Hounslow,,,09:05,09:50,,1,False,https://www.lamptonleisure.co.uk/centre/hanworth-air-park-leisure-centre
Lampton_2788,London Venue,Lampton,E O R Chair Based Class,Group Exercise,Group | Group Exercise Classes,False,4.800000000000001,Hanworth Air Park,TW13 5EG,Hounslow,,,10:00,11:00,,1,False,https://www.lamptonleisure.co.uk/centre/hanworth-air-park-leisure-centre
Lampton_2789,London Venue,Lampton,Lane Swim 19:00,Swimming,Swimming | Swimming,False,6.55,Brentford Fountain,TW8 0HJ,Hounslow,,,19:00,20:00,,1,False,https://www.lamptonleisure.co.uk/centre/brentford-fountain-leisure-centre
Lampton_2790,London Venue,Lampton,Lane Swim,Swimming,Swimming | Swimming,False,6.55,New Chiswick Pool,W4 2RG,Hounslow,,,14:00,14:45,,1,False,https://www.lamptonleisure.co.uk/centre/new-chiswick-pool
Lampton_2791,London Venue,Lampton,General Swim 10:30,Swimming,Swimming | Swimming,False,6.55,Brentford Fountain,TW8 0HJ,Hounslow,,,10:30,11:15,,1,False,https://www.lamptonleisure.co.uk/centre/brentford-fountain-leisure-centre
Lampton_2792,London Venue,Lampton,Circuit Thur 10:30,Group Exercise,Group | Group Exercise Classes,False,10.55,Heston Pools And Fitness,TW5 0LW,Hounslow,,,10:30,11:30,,1,False,https://www.lamptonleisure.co.uk/centre/heston-pools-and-fitness
Lampton_2793,London Venue,Lampton,Hatha Yoga Wed 11:30,Group Exercise,Group | Group Exercise Classes,False,12.65,New Chiswick Pool,W4 2RG,Hounslow,,,11:30,13:00,,1,False,https://www.lamptonleisure.co.uk/centre/new-chiswick-pool
Lampton_2794,London Venue,Lampton,Boxercise Thu 18:00,Group Exercise,Group | Group Exercise Classes,False,8.0,Hanworth Air Park,TW13 5EG,Hounslow,,,18:00,18:45,,1,False,https://www.lamptonleisure.co.uk/centre/hanworth-air-park-leisure-centre
Lampton_2795,London Venue,Lampton,Body Pump Wed 09:00,Group Exercise,Group | Group Exercise Classes,False,10.55,Isleworth Leisure Centre,TW7 7EU,Hounslow,,,09:00,10:00,,1,False,https://www.lamptonleisure.co.uk/centre/isleworth-leisure-centre-and-library
Lampton_2796,London Venue,Lampton,Zumba Wed 19:15,Group Exercise,Group | Group Exercise Classes,False,8.0,Hanworth Air Park,TW13 5EG,Hounslow,,,19:15,20:00,,1,False,https://www.lamptonleisure.co.uk/centre/hanworth-air-park-leisure-centre
Lampton_2797,London Venue,Lampton,Eor Group Gym Session,Gym / Fitness,Gym | Gym Activities,False,4.800000000000001,Brentford Fountain,TW8 0HJ,Hounslow,,,13:00,14:00,,1,False,https://www.lamptonleisure.co.uk/centre/brentford-fountain-leisure-centre
Lampton_2798,London Venue,Lampton,Eor Group Gym Session,Group Exercise,Group | Group Exercise Classes,False,4.800000000000001,Heston Pools And Fitness,TW5 0LW,Hounslow,,,09:00,10:00,,1,False,https://www.lamptonleisure.co.uk/centre/heston-pools-and-fitness
Lampton_2799,London Venue,Lampton,Lane Swim 08:30,Swimming,Swimming | Swimming,False,6.55,New Chiswick Pool,W4 2RG,Hounslow,,,08:30,09:15,,1,False,https://www.lamptonleisure.co.uk/centre/new-chiswick-pool
Lampton_2800,London Venue,Lampton,Zumba Wed 20:00,Group Exercise,Group | Group Exercise Classes,False,8.0,Hanworth Air Park,TW13 5EG,Hounslow,,,20:00,20:45,,1,False,https://www.lamptonleisure.co.uk/centre/hanworth-air-park-leisure-centre
Lampton_2801,London Venue,Lampton,General Swim 18:00,Swimming,Swimming | Swimming,False,6.55,Hanworth Air Park,TW13 5EG,Hounslow,,,18:00,19:00,"Monday, Wednesday",1,False,https://www.lamptonleisure.co.uk/centre/hanworth-air-park-leisure-centre
Lampton_2802,London Venue,Lampton,Indoor Cycling Thu 18:30,Group Exercise,Group | Group Exercise Classes,False,8.0,Isleworth Leisure Centre,TW7 7EU,Hounslow,,,18:30,19:15,,1,False,https://www.lamptonleisure.co.uk/centre/isleworth-leisure-centre-and-library
Lampton_2803,London Venue,Lampton,H I I T 07:00,Group Exercise,Group | Group Exercise Classes,False,5.9,Isleworth Leisure Centre,TW7 7EU,Hounslow,,,07:00,07:30,,1,False,https://www.lamptonleisure.co.uk/centre/isleworth-leisure-centre-and-library
Lampton_2804,London Venue,Lampton,Aquafit Wed 19:00,Group Exercise,Group | Group Exercise Classes,False,8.0,Isleworth Leisure Centre,TW7 7EU,Hounslow,,,19:00,19:45,,1,False,https://www.lamptonleisure.co.uk/centre/isleworth-leisure-centre-and-library
Lampton_2805,London Venue,Lampton,Lane Swim Wed 14:00,Swimming,Swimming | Swimming,False,6.55,New Chiswick Pool,W4 2RG,Hounslow,,,14:00,15:00,,1,False,https://www.lamptonleisure.co.uk/centre/new-chiswick-pool
Lampton_2806,London Venue,Lampton,Stretch & Mobility Tue,Group Exercise,Group | Group Exercise Classes,False,5.9,Heston Pools And Fitness,TW5 0LW,Hounslow,,,10:30,11:00,,1,False,https://www.lamptonleisure.co.uk/centre/heston-pools-and-fitness
Lampton_2807,London Venue,Lampton,Lane Swim,Swimming,Swimming | Swimming,False,6.55,New Chiswick Pool,W4 2RG,Hounslow,,,21:15,21:45,,1,False,https://www.lamptonleisure.co.uk/centre/new-chiswick-pool
Lampton_2808,London Venue,Lampton,General Swim 14:45,Swimming,Swimming | Swimming,False,6.55,Hanworth Air Park,TW13 5EG,Hounslow,,,14:45,15:45,,1,False,https://www.lamptonleisure.co.uk/centre/hanworth-air-park-leisure-centre
Lampton_2809,London Venue,Lampton,Pilates Wed 12:15,Group Exercise,Group | Group Exercise Classes,False,11.6,Hanworth Air Park,TW13 5EG,Hounslow,,,12:15,13:15,,1,False,https://www.lamptonleisure.co.uk/centre/hanworth-air-park-leisure-centre
Lampton_2810,London Venue,Lampton,Pilates Thu 18:00,Group Exercise,Group | Group Exercise Classes,False,11.6,New Chiswick Pool,W4 2RG,Hounslow,,,18:00,19:00,,1,False,https://www.lamptonleisure.co.uk/centre/new-chiswick-pool
Lampton_2811,London Venue,Lampton,Hydrohex Cardio Mon 11:30,Group Exercise,Group | Group Exercise Classes,False,8.0,Isleworth Leisure Centre,TW7 7EU,Hounslow,,,11:30,12:15,,1,False,https://www.lamptonleisure.co.uk/centre/isleworth-leisure-centre-and-library
Lampton_2812,London Venue,Lampton,Lane Swim 11:30,Swimming,Swimming | Swimming,False,6.55,Heston Pools And Fitness,TW5 0LW,Hounslow,,,11:30,12:30,Wednesday,1,False,https://www.lamptonleisure.co.uk/centre/heston-pools-and-fitness
Lampton_2813,London Venue,Lampton,H I I T Tues 09:50,Group Exercise,Group | Group Exercise Classes,False,8.0,Hanworth Air Park,TW13 5EG,Hounslow,,,09:50,10:35,Tuesday,1,False,https://www.lamptonleisure.co.uk/centre/hanworth-air-park-leisure-centre
Lampton_2814,London Venue,Lampton,Let`s Lift Thursday 19:30,Group Exercise,Group | Group Exercise Classes,False,10.55,Isleworth Leisure Centre,TW7 7EU,Hounslow,,,19:30,20:30,Thursday,1,False,https://www.lamptonleisure.co.uk/centre/isleworth-leisure-centre-and-library
Lampton_2815,London Venue,Lampton,Indoor Cycling Mon 18:00,Group Exercise,Group | Group Exercise Classes,False,8.0,Hanworth Air Park,TW13 5EG,Hounslow,,,18:00,18:45,,1,False,https://www.lamptonleisure.co.uk/centre/hanworth-air-park-leisure-centre
Lampton_2816,London Venue,Lampton,Hydrohex Power Fri 12:45,Group Exercise,Group | Group Exercise Classes,False,8.0,Isleworth Leisure Centre,TW7 7EU,Hounslow,,,12:45,13:30,,1,False,https://www.lamptonleisure.co.uk/centre/isleworth-leisure-centre-and-library
Lampton_2817,London Venue,Lampton,Lane Swim 11:00,Swimming,Swimming | Swimming,False,6.55,Brentford Fountain,TW8 0HJ,Hounslow,,,11:00,12:00,,1,False,https://www.lamptonleisure.co.uk/centre/brentford-fountain-leisure-centre
Lampton_2818,London Venue,Lampton,50+ And Parent & Toddler,Swimming,Swimming | Swimming,False,6.55,Brentford Fountain,TW8 0HJ,Hounslow,,,09:00,09:45,"Tuesday, Thursday",1,False,https://www.lamptonleisure.co.uk/centre/brentford-fountain-leisure-centre
Lampton_2819,London Venue,Lampton,Lane Swim 14:30,Swimming,Swimming | Swimming,False,6.55,Heston Pools And Fitness,TW5 0LW,Hounslow,,,14:30,15:45,Tuesday,1,False,https://www.lamptonleisure.co.uk/centre/heston-pools-and-fitness
Lampton_2820,London Venue,Lampton,Full Body Burn Tues 09:05,Group Exercise,Group | Group Exercise Classes,False,8.0,Hanworth Air Park,TW13 5EG,Hounslow,,,09:05,09:50,Tuesday,1,False,https://www.lamptonleisure.co.uk/centre/hanworth-air-park-leisure-centre
Lampton_2821,London Venue,Lampton,General Swim 18:00,Swimming,Swimming | Swimming,False,6.55,Brentford Fountain,TW8 0HJ,Hounslow,,,18:00,19:00,"Tuesday, Thursday, Friday",1,False,https://www.lamptonleisure.co.uk/centre/brentford-fountain-leisure-centre
Lampton_2822,London Venue,Lampton,Bootcamp Sat 11:00,Group Exercise,Group | Group Exercise Classes,False,10.55,Brentford Fountain,TW8 0HJ,Hounslow,,,11:00,12:00,,1,False,https://www.lamptonleisure.co.uk/centre/brentford-fountain-leisure-centre
Lampton_2823,London Venue,Lampton,H I I T & Abs Tues 06:35,Group Exercise,Group | Group Exercise Classes,False,8.0,Hanworth Air Park,TW13 5EG,Hounslow,,,06:35,07:20,Tuesday,1,False,https://www.lamptonleisure.co.uk/centre/hanworth-air-park-leisure-centre
Lampton_2824,London Venue,Lampton,Pilates Thu 11:30,Group Exercise,Group | Group Exercise Classes,False,11.6,Heston Pools And Fitness,TW5 0LW,Hounslow,,,11:30,12:15,,1,False,https://www.lamptonleisure.co.uk/centre/heston-pools-and-fitness
Lampton_2825,London Venue,Lampton,Eor Group Gym Session,Gym / Fitness,Gym | Gym Activities,False,4.800000000000001,Brentford Fountain,TW8 0HJ,Hounslow,,,11:00,12:00,,1,False,https://www.lamptonleisure.co.uk/centre/brentford-fountain-leisure-centre
Lampton_2826,London Venue,Lampton,Boxercise Wed 11:25,Group Exercise,Group | Group Exercise Classes,False,10.55,Heston Pools And Fitness,TW5 0LW,Hounslow,,,11:25,12:25,,1,False,https://www.lamptonleisure.co.uk/centre/heston-pools-and-fitness
Lampton_2827,London Venue,Lampton,Box Fit Tues 20:15,Group Exercise,Group | Group Exercise Classes,False,10.55,Heston Pools And Fitness,TW5 0LW,Hounslow,,,20:15,21:15,,1,False,https://www.lamptonleisure.co.uk/centre/heston-pools-and-fitness
Lampton_2828,London Venue,Lampton,Deep Aquafit Wed 20:30,Group Exercise,Group | Group Exercise Classes,False,8.0,Hanworth Air Park,TW13 5EG,Hounslow,,,20:30,21:15,,1,False,https://www.lamptonleisure.co.uk/centre/hanworth-air-park-leisure-centre
Lampton_2829,London Venue,Lampton,Circuit Training 07:00,Group Exercise,Group | Group Exercise Classes,False,5.9,Isleworth Leisure Centre,TW7 7EU,Hounslow,,,07:00,07:30,,1,False,https://www.lamptonleisure.co.uk/centre/isleworth-leisure-centre-and-library
Lampton_2830,London Venue,Lampton,E O R Aqua For Health,Group Exercise,Group | Group Exercise Classes,False,4.800000000000001,Heston Pools And Fitness,TW5 0LW,Hounslow,,,15:00,15:45,,1,False,https://www.lamptonleisure.co.uk/centre/heston-pools-and-fitness
Lampton_2831,London Venue,Lampton,Tone & Stretch Wed 10:15,Group Exercise,Group | Group Exercise Classes,False,8.0,Hanworth Air Park,TW13 5EG,Hounslow,,,10:15,11:00,,1,False,https://www.lamptonleisure.co.uk/centre/hanworth-air-park-leisure-centre
Lampton_2832,London Venue,Lampton,Bootcamp Mon 18:00,Group Exercise,Group | Group Exercise Classes,False,8.0,Brentford Fountain,TW8 0HJ,Hounslow,,,18:00,18:45,,1,False,https://www.lamptonleisure.co.uk/centre/brentford-fountain-leisure-centre
Lampton_2833,London Venue,Lampton,Pilates Mon 20:15,Group Exercise,Group | Group Exercise Classes,False,11.6,Brentford Fountain,TW8 0HJ,Hounslow,,,20:15,21:15,,1,False,https://www.lamptonleisure.co.uk/centre/brentford-fountain-leisure-centre
Lampton_2834,London Venue,Lampton,Spin Monday 19:00,Group Exercise,Group | Group Exercise Classes,False,8.0,Brentford Fountain,TW8 0HJ,Hounslow,,,19:00,19:45,,1,False,https://www.lamptonleisure.co.uk/centre/brentford-fountain-leisure-centre
Lampton_2835,London Venue,Lampton,Stretch And Flex 10:15,Group Exercise,Group | Group Exercise Classes,False,8.0,Hanworth Air Park,TW13 5EG,Hounslow,,,10:15,11:00,,1,False,https://www.lamptonleisure.co.uk/centre/hanworth-air-park-leisure-centre
Lampton_2836,London Venue,Lampton,H I I T Mon 09:50,Group Exercise,Group | Group Exercise Classes,False,8.0,Hanworth Air Park,TW13 5EG,Hounslow,,,09:50,10:35,Monday,1,False,https://www.lamptonleisure.co.uk/centre/hanworth-air-park-leisure-centre
Lampton_2837,London Venue,Lampton,Pilates Fri 09:30,Group Exercise,Group | Group Exercise Classes,False,11.6,Hanworth Air Park,TW13 5EG,Hounslow,,,09:30,10:15,,1,False,https://www.lamptonleisure.co.uk/centre/hanworth-air-park-leisure-centre
Lampton_2838,London Venue,Lampton,Spin Thu 19:20,Group Exercise,Group | Group Exercise Classes,False,8.0,Heston Pools And Fitness,TW5 0LW,Hounslow,,,19:20,20:05,,1,False,https://www.lamptonleisure.co.uk/centre/heston-pools-and-fitness
Lampton_2839,London Venue,Lampton,Hatha Yoga Fri 8:00,Group Exercise,Group | Group Exercise Classes,False,12.65,Brentford Fountain,TW8 0HJ,Hounslow,,,08:00,09:30,,1,False,https://www.lamptonleisure.co.uk/centre/brentford-fountain-leisure-centre
Lampton_2840,London Venue,Lampton,Zumba Fri 18:30,Group Exercise,Group | Group Exercise Classes,False,10.55,Brentford Fountain,TW8 0HJ,Hounslow,,,18:30,19:30,,1,False,https://www.lamptonleisure.co.uk/centre/brentford-fountain-leisure-centre
Lampton_2841,London Venue,Lampton,Les Mills Bodyattack 8:45,Group Exercise,Group | Group Exercise Classes,False,8.0,Brentford Fountain,TW8 0HJ,Hounslow,,,08:45,09:30,,1,False,https://www.lamptonleisure.co.uk/centre/brentford-fountain-leisure-centre
Lampton_2842,London Venue,Lampton,Hatha Yoga Sun 08:10,Group Exercise,Group | Group Exercise Classes,False,12.65,Brentford Fountain,TW8 0HJ,Hounslow,,,08:10,09:25,,1,False,https://www.lamptonleisure.co.uk/centre/brentford-fountain-leisure-centre
Lampton_2843,London Venue,Lampton,Hatha Yoga Sun 09:25,Group Exercise,Group | Group Exercise Classes,False,12.65,Brentford Fountain,TW8 0HJ,Hounslow,,,09:25,10:40,,1,False,https://www.lamptonleisure.co.uk/centre/brentford-fountain-leisure-centre
Lampton_2844,London Venue,Lampton,Zumba Sun 10:40,Group Exercise,Group | Group Exercise Classes,False,8.0,Brentford Fountain,TW8 0HJ,Hounslow,,,10:40,11:25,,1,False,https://www.lamptonleisure.co.uk/centre/brentford-fountain-leisure-centre
Lampton_2845,London Venue,Lampton,Zumba Sun 11:25,Group Exercise,Group | Group Exercise Classes,False,8.0,Brentford Fountain,TW8 0HJ,Hounslow,,,11:25,12:10,,1,False,https://www.lamptonleisure.co.uk/centre/brentford-fountain-leisure-centre
Lampton_2846,London Venue,Lampton,Box Fit Mon 10:30,Group Exercise,Group | Group Exercise Classes,False,8.0,Brentford Fountain,TW8 0HJ,Hounslow,,,10:30,11:15,,1,False,https://www.lamptonleisure.co.uk/centre/brentford-fountain-leisure-centre
Lampton_2847,London Venue,Lampton,Patanjali Yoga 08:00,Group Exercise,Group | Group Exercise Classes,False,12.65,Heston Pools And Fitness,TW5 0LW,Hounslow,,,08:00,09:00,,1,False,https://www.lamptonleisure.co.uk/centre/heston-pools-and-fitness
Lampton_2848,London Venue,Lampton,Pilates 11:00,Group Exercise,Group | Group Exercise Classes,False,11.6,Hanworth Air Park,TW13 5EG,Hounslow,,,11:00,11:45,,1,False,https://www.lamptonleisure.co.uk/centre/hanworth-air-park-leisure-centre
Lampton_2849,London Venue,Lampton,Accessible Swim Wed 11:00,Swimming,Swimming | Swimming,False,6.55,New Chiswick Pool,W4 2RG,Hounslow,,,11:00,11:45,,1,False,https://www.lamptonleisure.co.uk/centre/new-chiswick-pool
Lampton_2850,London Venue,Lampton,Eor Group Gym Session,Group Exercise,Group | Group Exercise Classes,False,4.800000000000001,Isleworth Leisure Centre,TW7 7EU,Hounslow,,,18:00,19:00,,1,False,https://www.lamptonleisure.co.uk/centre/isleworth-leisure-centre-and-library
Lampton_2851,London Venue,Lampton,Lane Swim 08:00,Swimming,Swimming | Swimming,False,6.55,Brentford Fountain,TW8 0HJ,Hounslow,,,08:00,08:45,,1,False,https://www.lamptonleisure.co.uk/centre/brentford-fountain-leisure-centre
Lampton_2852,London Venue,Lampton,Lane Swim 21:00,Swimming,Swimming | Swimming,False,6.55,Brentford Fountain,TW8 0HJ,Hounslow,,,21:00,21:45,,1,False,https://www.lamptonleisure.co.uk/centre/brentford-fountain-leisure-centre
Lampton_2853,London Venue,Lampton,60+ Chair Fitness Class,Group Exercise,Group | Group Exercise Classes,False,5.25,Hanworth Air Park,TW13 5EG,Hounslow,,,12:00,13:00,,1,False,https://www.lamptonleisure.co.uk/centre/hanworth-air-park-leisure-centre
Lampton_2854,London Venue,Lampton,E O R Spin And Core,Group Exercise,Group | Group Exercise Classes,False,4.800000000000001,Heston Pools And Fitness,TW5 0LW,Hounslow,,,11:15,12:00,,1,False,https://www.lamptonleisure.co.uk/centre/heston-pools-and-fitness
Lampton_2855,London Venue,Lampton,Japanese Tabata 08:30,Group Exercise,Group | Group Exercise Classes,False,5.9,Isleworth Leisure Centre,TW7 7EU,Hounslow,,,08:30,09:00,,1,False,https://www.lamptonleisure.co.uk/centre/isleworth-leisure-centre-and-library
Lampton_2856,London Venue,Lampton,Indoor Cycling Fri 18:00,Group Exercise,Group | Group Exercise Classes,False,8.0,Hanworth Air Park,TW13 5EG,Hounslow,,,18:00,18:45,,1,False,https://www.lamptonleisure.co.uk/centre/hanworth-air-park-leisure-centre
Lampton_2857,London Venue,Lampton,Raquetball Tues 18:00,Group Exercise,Group | Group Exercise Classes,False,10.55,Hanworth Air Park,TW13 5EG,Hounslow,,,18:00,19:00,,1,False,https://www.lamptonleisure.co.uk/centre/hanworth-air-park-leisure-centre
Lampton_2858,London Venue,Lampton,Inflatable Fun Splash,Swimming,Swimming | Swimming,False,8.15,Isleworth Leisure Centre,TW7 7EU,Hounslow,,,15:20,16:15,,1,False,https://www.lamptonleisure.co.uk/centre/isleworth-leisure-centre-and-library
Lampton_2859,London Venue,Lampton,Eor Group Gym Session,Group Exercise,Group | Group Exercise Classes,False,4.800000000000001,Isleworth Leisure Centre,TW7 7EU,Hounslow,,,10:00,11:00,,1,False,https://www.lamptonleisure.co.uk/centre/isleworth-leisure-centre-and-library
Lampton_2860,London Venue,Lampton,Spin Thu 18:45,Group Exercise,Group | Group Exercise Classes,False,8.0,Brentford Fountain,TW8 0HJ,Hounslow,,,18:45,19:45,,1,False,https://www.lamptonleisure.co.uk/centre/brentford-fountain-leisure-centre
Lampton_2861,London Venue,Lampton,Eor Group Gym Session,Group Exercise,Group | Group Exercise Classes,False,4.800000000000001,Hanworth Air Park,TW13 5EG,Hounslow,,,17:00,18:00,,1,False,https://www.lamptonleisure.co.uk/centre/hanworth-air-park-leisure-centre
Lampton_2862,London Venue,Lampton,Zumba Wed 10:00,Group Exercise,Group | Group Exercise Classes,False,10.55,Isleworth Leisure Centre,TW7 7EU,Hounslow,,,10:00,10:55,,1,False,https://www.lamptonleisure.co.uk/centre/isleworth-leisure-centre-and-library
Lampton_2863,London Venue,Lampton,Hatha Yoga Sub 11:30,Group Exercise,Group | Group Exercise Classes,False,12.65,New Chiswick Pool,W4 2RG,Hounslow,,,11:30,13:00,,1,False,https://www.lamptonleisure.co.uk/centre/new-chiswick-pool
Lampton_2864,London Venue,Lampton,Lane Swim 09:30,Swimming,Swimming | Swimming,False,6.55,Heston Pools And Fitness,TW5 0LW,Hounslow,,,09:30,10:30,Thursday,1,False,https://www.lamptonleisure.co.uk/centre/heston-pools-and-fitness
Lampton_2865,London Venue,Lampton,Lane Swim 15:30,Swimming,Swimming | Swimming,False,6.55,Brentford Fountain,TW8 0HJ,Hounslow,,,15:30,16:30,,1,False,https://www.lamptonleisure.co.uk/centre/brentford-fountain-leisure-centre
Lampton_2866,London Venue,Lampton,50+ And Parent & Toddler,Swimming,Swimming | Swimming,False,6.55,Brentford Fountain,TW8 0HJ,Hounslow,,,09:45,10:30,"Tuesday, Thursday",1,False,https://www.lamptonleisure.co.uk/centre/brentford-fountain-leisure-centre
Lampton_2867,London Venue,Lampton,Lane Swim,Swimming,Swimming | Swimming,False,6.55,New Chiswick Pool,W4 2RG,Hounslow,,,16:00,17:00,,1,False,https://www.lamptonleisure.co.uk/centre/new-chiswick-pool
Lampton_2868,London Venue,Lampton,Les Mills Body Pump Heavy,Group Exercise,Group | Group Exercise Classes,False,8.0,Hanworth Air Park,TW13 5EG,Hounslow,,,17:45,18:30,Friday,1,False,https://www.lamptonleisure.co.uk/centre/hanworth-air-park-leisure-centre
Lampton_2869,London Venue,Lampton,General Swim 20:00,Swimming,Swimming | Swimming,False,6.55,Isleworth Leisure Centre,TW7 7EU,Hounslow,,,20:00,21:00,,1,False,https://www.lamptonleisure.co.uk/centre/isleworth-leisure-centre-and-library
Lampton_2870,London Venue,Lampton,Lane Swim Thu 06:30,Swimming,Swimming | Swimming,False,6.55,New Chiswick Pool,W4 2RG,Hounslow,,,06:30,07:15,,1,False,https://www.lamptonleisure.co.uk/centre/new-chiswick-pool
Lampton_2871,London Venue,Lampton,Lane Swim 07:15,Swimming,Swimming | Swimming,False,6.55,New Chiswick Pool,W4 2RG,Hounslow,,,07:15,08:00,,1,False,https://www.lamptonleisure.co.uk/centre/new-chiswick-pool
Lampton_2872,London Venue,Lampton,Lane Swim 19:15,Swimming,Swimming | Swimming,False,6.55,New Chiswick Pool,W4 2RG,Hounslow,,,19:15,20:00,,1,False,https://www.lamptonleisure.co.uk/centre/new-chiswick-pool
Lampton_2873,London Venue,Lampton,Lane Swim 20:00,Swimming,Swimming | Swimming,False,6.55,New Chiswick Pool,W4 2RG,Hounslow,,,20:00,21:00,,1,False,https://www.lamptonleisure.co.uk/centre/new-chiswick-pool
Lampton_2874,London Venue,Lampton,Lane Swim Fri 06:30,Swimming,Swimming | Swimming,False,6.55,New Chiswick Pool,W4 2RG,Hounslow,,,06:30,07:30,,1,False,https://www.lamptonleisure.co.uk/centre/new-chiswick-pool
Lampton_2875,London Venue,Lampton,Lane Swim 08:00,Swimming,Swimming | Swimming,False,6.55,New Chiswick Pool,W4 2RG,Hounslow,,,08:00,09:00,,1,False,https://www.lamptonleisure.co.uk/centre/new-chiswick-pool
Lampton_2876,London Venue,Lampton,Les Mills Body Pump Sun,Group Exercise,Group | Group Exercise Classes,False,10.55,New Chiswick Pool,W4 2RG,Hounslow,,,08:30,09:30,,1,False,https://www.lamptonleisure.co.uk/centre/new-chiswick-pool
Lampton_2877,London Venue,Lampton,Lane Swim 8:00,Swimming,Swimming | Swimming,False,6.55,New Chiswick Pool,W4 2RG,Hounslow,,,08:00,09:00,,1,False,https://www.lamptonleisure.co.uk/centre/new-chiswick-pool
Lampton_2878,London Venue,Lampton,Casual Track Wed 19:00,Walking / Running,Running | Running Track,False,6.05,Osterley Sports Centre,TW7 5FF,Hounslow,,,19:00,20:00,,1,False,https://www.lamptonleisure.co.uk/centre/osterley-sports-and-athletic-centre
Lampton_2879,London Venue,Lampton,Disability Swim,Swimming,Swimming | Swimming,False,6.55,Hanworth Air Park,TW13 5EG,Hounslow,,,19:15,20:00,,1,False,https://www.lamptonleisure.co.uk/centre/hanworth-air-park-leisure-centre
Lampton_2880,London Venue,Lampton,Casual Track 15:00-16:00,Walking / Running,Running | Running Track,False,6.05,Osterley Sports Centre,TW7 5FF,Hounslow,,,15:00,16:00,"Monday, Tuesday, Wednesday, Thursday, Friday",1,False,https://www.lamptonleisure.co.uk/centre/osterley-sports-and-athletic-centre
Lampton_2881,London Venue,Lampton,Running Class Mon 18:00,Walking / Running,Running | Running Track,False,6.05,Osterley Sports Centre,TW7 5FF,Hounslow,,,18:00,19:00,,1,False,https://www.lamptonleisure.co.uk/centre/osterley-sports-and-athletic-centre
Lampton_2882,London Venue,Lampton,Casual Track Mon 12:00,Walking / Running,Running | Running Track,False,6.05,Osterley Sports Centre,TW7 5FF,Hounslow,,,12:00,13:00,,1,False,https://www.lamptonleisure.co.uk/centre/osterley-sports-and-athletic-centre
Lampton_2883,London Venue,Lampton,Casual Track Mon 19:00,Walking / Running,Running | Running Track,False,6.05,Osterley Sports Centre,TW7 5FF,Hounslow,,,19:00,20:00,,1,False,https://www.lamptonleisure.co.uk/centre/osterley-sports-and-athletic-centre
Lampton_2884,London Venue,Lampton,Casual Track Tue 16:00,Walking / Running,Running | Running Track,False,6.05,Osterley Sports Centre,TW7 5FF,Hounslow,,,16:00,17:00,,1,False,https://www.lamptonleisure.co.uk/centre/osterley-sports-and-athletic-centre
Lampton_2885,London Venue,Lampton,E O R Circuit,Group Exercise,Group | Group Exercise Classes,False,4.800000000000001,Hanworth Air Park,TW13 5EG,Hounslow,,,12:00,12:45,,1,False,https://www.lamptonleisure.co.uk/centre/hanworth-air-park-leisure-centre
Lampton_2886,London Venue,Lampton,Women Aquafit Wed 19:00,Group Exercise,Group | Group Exercise Classes,False,10.55,Brentford Fountain,TW8 0HJ,Hounslow,,,19:00,20:00,,1,False,https://www.lamptonleisure.co.uk/centre/brentford-fountain-leisure-centre
Lampton_2887,London Venue,Lampton,Lane Swim 12:30,Swimming,Swimming | Swimming,False,6.55,Heston Pools And Fitness,TW5 0LW,Hounslow,,,12:30,13:30,Friday,1,False,https://www.lamptonleisure.co.uk/centre/heston-pools-and-fitness
Lampton_2888,London Venue,Lampton,Lane Swim Thu 21:00,Swimming,Swimming | Swimming,False,6.55,New Chiswick Pool,W4 2RG,Hounslow,,,21:00,21:45,,1,False,https://www.lamptonleisure.co.uk/centre/new-chiswick-pool
Lampton_2889,London Venue,Lampton,Zumba- 19:00 - Simona,Group Exercise,Group | Group Exercise Classes,False,10.55,Heston Pools And Fitness,TW5 0LW,Hounslow,,,19:00,20:00,Monday,1,False,https://www.lamptonleisure.co.uk/centre/heston-pools-and-fitness
Lampton_2890,London Venue,Lampton,Dance Wed 09:45,Group Exercise,Group | Group Exercise Classes,False,10.55,New Chiswick Pool,W4 2RG,Hounslow,,,09:45,10:45,Wednesday,1,False,https://www.lamptonleisure.co.uk/centre/new-chiswick-pool
Lampton_2891,London Venue,Lampton,Zumba Sat 10:15- Simona,Group Exercise,Group | Group Exercise Classes,False,10.55,Heston Pools And Fitness,TW5 0LW,Hounslow,,,10:15,11:15,Saturday,1,False,https://www.lamptonleisure.co.uk/centre/heston-pools-and-fitness
Lampton_2892,London Venue,Lampton,H I I T Wed 09:50,Group Exercise,Group | Group Exercise Classes,False,8.0,Hanworth Air Park,TW13 5EG,Hounslow,,,09:50,10:35,Wednesday,1,False,https://www.lamptonleisure.co.uk/centre/hanworth-air-park-leisure-centre
Lampton_2893,London Venue,Lampton,Lane Swim 12:30,Swimming,Swimming | Swimming,False,6.55,Heston Pools And Fitness,TW5 0LW,Hounslow,,,12:30,13:30,Thursday,1,False,https://www.lamptonleisure.co.uk/centre/heston-pools-and-fitness
Lampton_2894,London Venue,Lampton,General Swim 09:00,Swimming,Swimming | Swimming,False,6.55,Brentford Fountain,TW8 0HJ,Hounslow,,,09:00,10:00,"Monday, Wednesday, Friday",1,False,https://www.lamptonleisure.co.uk/centre/brentford-fountain-leisure-centre
Lampton_2895,London Venue,Lampton,"Strength, Core, Balance",Group Exercise,Group | Group Exercise Classes,False,10.55,Isleworth Leisure Centre,TW7 7EU,Hounslow,,,18:00,19:00,,1,False,https://www.lamptonleisure.co.uk/centre/isleworth-leisure-centre-and-library
Lampton_2896,London Venue,Lampton,Eor Group Gym Session,Gym / Fitness,Gym | Gym Activities,False,4.800000000000001,Brentford Fountain,TW8 0HJ,Hounslow,,,12:00,13:00,,1,False,https://www.lamptonleisure.co.uk/centre/brentford-fountain-leisure-centre
Lampton_2897,London Venue,Lampton,Step & Tone Wed 18:45,Group Exercise,Group | Group Exercise Classes,False,10.55,Brentford Fountain,TW8 0HJ,Hounslow,,,18:45,19:45,,1,False,https://www.lamptonleisure.co.uk/centre/brentford-fountain-leisure-centre
Lampton_2898,London Venue,Lampton,Eor Group Gym Session,Gym / Fitness,Gym | Gym Activities,False,4.800000000000001,Brentford Fountain,TW8 0HJ,Hounslow,,,17:00,18:00,,1,False,https://www.lamptonleisure.co.uk/centre/brentford-fountain-leisure-centre
Lampton_2899,London Venue,Lampton,Lane Swim 13:00,Swimming,Swimming | Swimming,False,6.55,Brentford Fountain,TW8 0HJ,Hounslow,,,13:00,14:00,"Monday, Tuesday, Wednesday, Thursday, Friday",1,False,https://www.lamptonleisure.co.uk/centre/brentford-fountain-leisure-centre
Lampton_2900,London Venue,Lampton,Shred & Burn Wed 11:00,Group Exercise,Group | Group Exercise Classes,False,10.55,Brentford Fountain,TW8 0HJ,Hounslow,,,11:00,12:00,,1,False,https://www.lamptonleisure.co.uk/centre/brentford-fountain-leisure-centre
Lampton_2901,London Venue,Lampton,Aquafit Thu 12:00,Group Exercise,Group | Group Exercise Classes,False,10.55,Brentford Fountain,TW8 0HJ,Hounslow,,,12:00,13:00,,1,False,https://www.lamptonleisure.co.uk/centre/brentford-fountain-leisure-centre
Lampton_2902,London Venue,Lampton,Eor Group Gym Session,Group Exercise,Group | Group Exercise Classes,False,4.800000000000001,Isleworth Leisure Centre,TW7 7EU,Hounslow,,,13:00,14:00,,1,False,https://www.lamptonleisure.co.uk/centre/isleworth-leisure-centre-and-library
Lampton_2903,London Venue,Lampton,Lane Swim,Swimming,Swimming | Swimming,False,6.55,New Chiswick Pool,W4 2RG,Hounslow,,,18:00,19:00,,1,False,https://www.lamptonleisure.co.uk/centre/new-chiswick-pool
Lampton_2904,London Venue,Lampton,50+ Aqua Tue 12:00,Group Exercise,Group | Group Exercise Classes,False,8.0,Isleworth Leisure Centre,TW7 7EU,Hounslow,,,12:00,12:45,,1,False,https://www.lamptonleisure.co.uk/centre/isleworth-leisure-centre-and-library
Lampton_2905,London Venue,Lampton,L B T Thu 09:00,Group Exercise,Group | Group Exercise Classes,False,8.0,Isleworth Leisure Centre,TW7 7EU,Hounslow,,,09:00,09:45,,1,False,https://www.lamptonleisure.co.uk/centre/isleworth-leisure-centre-and-library
Lampton_2906,London Venue,Lampton,Inflatable Session 8yrs+,Swimming,Swimming | Swimming,False,8.15,Isleworth Leisure Centre,TW7 7EU,Hounslow,,,14:00,14:55,,1,False,https://www.lamptonleisure.co.uk/centre/isleworth-leisure-centre-and-library
Lampton_2907,London Venue,Lampton,H I I T & Abs Wed 10:35,Group Exercise,Group | Group Exercise Classes,False,10.55,Hanworth Air Park,TW13 5EG,Hounslow,,,10:35,11:35,Wednesday,1,False,https://www.lamptonleisure.co.uk/centre/hanworth-air-park-leisure-centre
Lampton_2908,London Venue,Lampton,Total Conditioning 09:30,Group Exercise,Group | Group Exercise Classes,False,8.0,Heston Pools And Fitness,TW5 0LW,Hounslow,,,09:30,10:15,,1,False,https://www.lamptonleisure.co.uk/centre/heston-pools-and-fitness
Lampton_2909,London Venue,Lampton,Lane Swim 12:30,Swimming,Swimming | Swimming,False,6.55,Heston Pools And Fitness,TW5 0LW,Hounslow,,,12:30,13:30,Tuesday,1,False,https://www.lamptonleisure.co.uk/centre/heston-pools-and-fitness
Lampton_2910,London Venue,Lampton,Body Conditioning 11:15,Group Exercise,Group | Group Exercise Classes,False,8.0,Heston Pools And Fitness,TW5 0LW,Hounslow,,,11:15,12:00,,1,False,https://www.lamptonleisure.co.uk/centre/heston-pools-and-fitness
Lampton_2911,London Venue,Lampton,Full Body Burn Mon 09:05,Group Exercise,Group | Group Exercise Classes,False,8.0,Hanworth Air Park,TW13 5EG,Hounslow,,,09:05,09:50,,1,False,https://www.lamptonleisure.co.uk/centre/hanworth-air-park-leisure-centre
Lampton_2912,London Venue,Lampton,Lane Swim Tue 07:30,Swimming,Swimming | Swimming,False,6.55,New Chiswick Pool,W4 2RG,Hounslow,,,07:30,08:30,,1,False,https://www.lamptonleisure.co.uk/centre/new-chiswick-pool
Lampton_2913,London Venue,Lampton,General Swim 16:00,Swimming,Swimming | Swimming,False,6.55,Brentford Fountain,TW8 0HJ,Hounslow,,,16:00,17:00,"Monday, Tuesday, Wednesday, Thursday, Friday",1,False,https://www.lamptonleisure.co.uk/centre/brentford-fountain-leisure-centre
Lampton_2914,London Venue,Lampton,H I I T Class Mon 07:00,Group Exercise,Group | Group Exercise Classes,False,5.9,Brentford Fountain,TW8 0HJ,Hounslow,,,07:00,07:30,,1,False,https://www.lamptonleisure.co.uk/centre/brentford-fountain-leisure-centre
Lampton_2915,London Venue,Lampton,Family Swim,Swimming,Swimming | Swimming,False,6.55,New Chiswick Pool,W4 2RG,Hounslow,,,13:15,14:30,,1,False,https://www.lamptonleisure.co.uk/centre/new-chiswick-pool
Lampton_2916,London Venue,Lampton,Lane Swim 08:30,Swimming,Swimming | Swimming,False,6.55,Heston Pools And Fitness,TW5 0LW,Hounslow,,,08:30,09:30,Thursday,1,False,https://www.lamptonleisure.co.uk/centre/heston-pools-and-fitness
Lampton_2917,London Venue,Lampton,H I I T & Abs Mon 10:35,Group Exercise,Group | Group Exercise Classes,False,10.55,Hanworth Air Park,TW13 5EG,Hounslow,,,10:35,11:35,Monday,1,False,https://www.lamptonleisure.co.uk/centre/hanworth-air-park-leisure-centre
Lampton_2918,London Venue,Lampton,Lane Swim 06:30,Swimming,Swimming | Swimming,False,6.55,Brentford Fountain,TW8 0HJ,Hounslow,,,06:30,07:15,"Monday, Tuesday, Wednesday, Friday",1,False,https://www.lamptonleisure.co.uk/centre/brentford-fountain-leisure-centre
Lampton_2919,London Venue,Lampton,Lane Swim 09:30,Swimming,Swimming | Swimming,False,6.55,Heston Pools And Fitness,TW5 0LW,Hounslow,,,09:30,10:30,Friday,1,False,https://www.lamptonleisure.co.uk/centre/heston-pools-and-fitness
Lampton_2920,London Venue,Lampton,L B T Mon 10:15,Group Exercise,Group | Group Exercise Classes,False,8.0,Hanworth Air Park,TW13 5EG,Hounslow,,,10:15,11:00,,1,False,https://www.lamptonleisure.co.uk/centre/hanworth-air-park-leisure-centre
Lampton_2921,London Venue,Lampton,Lane Swim 09:00,Swimming,Swimming | Swimming,False,6.55,Heston Pools And Fitness,TW5 0LW,Hounslow,,,09:00,10:00,Saturday,1,False,https://www.lamptonleisure.co.uk/centre/heston-pools-and-fitness
Lampton_2922,London Venue,Lampton,Lane Swim Thu 08:00,Swimming,Swimming | Swimming,False,6.55,New Chiswick Pool,W4 2RG,Hounslow,,,08:00,09:00,,1,False,https://www.lamptonleisure.co.uk/centre/new-chiswick-pool
Lampton_2923,London Venue,Lampton,E O R Joint Pain Class,Group Exercise,Group | Group Exercise Classes,False,4.800000000000001,Hanworth Air Park,TW13 5EG,Hounslow,,,14:00,15:00,,1,False,https://www.lamptonleisure.co.uk/centre/hanworth-air-park-leisure-centre
Lampton_2924,London Venue,Lampton,Poweryogalvl1 Mon19:00,Group Exercise,Group | Group Exercise Classes,False,12.65,Isleworth Leisure Centre,TW7 7EU,Hounslow,,,19:00,20:00,,1,False,https://www.lamptonleisure.co.uk/centre/isleworth-leisure-centre-and-library
Lampton_2925,London Venue,Lampton,Lane Swim 16:30,Swimming,Swimming | Swimming,False,6.55,Brentford Fountain,TW8 0HJ,Hounslow,,,16:30,17:30,,1,False,https://www.lamptonleisure.co.uk/centre/brentford-fountain-leisure-centre
Lampton_2926,London Venue,Lampton,Lane Swim 11:30,Swimming,Swimming | Swimming,False,6.55,Heston Pools And Fitness,TW5 0LW,Hounslow,,,11:30,12:30,Tuesday,1,False,https://www.lamptonleisure.co.uk/centre/heston-pools-and-fitness
Lampton_2927,London Venue,Lampton,Eor Group Gym Session,Group Exercise,Group | Group Exercise Classes,False,4.800000000000001,New Chiswick Pool,W4 2RG,Hounslow,,,10:00,11:00,,1,False,https://www.lamptonleisure.co.uk/centre/new-chiswick-pool
Lampton_2928,London Venue,Lampton,Beginners Hiit Thur 09:15,Group Exercise,Group | Group Exercise Classes,False,8.0,Hanworth Air Park,TW13 5EG,Hounslow,,,09:15,10:00,,1,False,https://www.lamptonleisure.co.uk/centre/hanworth-air-park-leisure-centre
Lampton_2929,London Venue,Lampton,Eor Group Gym Session,Group Exercise,Group | Group Exercise Classes,False,4.800000000000001,Isleworth Leisure Centre,TW7 7EU,Hounslow,,,09:00,10:00,,1,False,https://www.lamptonleisure.co.uk/centre/isleworth-leisure-centre-and-library
Lampton_2930,London Venue,Lampton,H I I T & Abs Mon 06:35,Group Exercise,Group | Group Exercise Classes,False,8.0,Hanworth Air Park,TW13 5EG,Hounslow,,,06:35,07:20,Monday,1,False,https://www.lamptonleisure.co.uk/centre/hanworth-air-park-leisure-centre
Lampton_2931,London Venue,Lampton,Les Mills Body Pump Thu,Group Exercise,Group | Group Exercise Classes,False,10.55,Brentford Fountain,TW8 0HJ,Hounslow,,,09:30,10:30,,1,False,https://www.lamptonleisure.co.uk/centre/brentford-fountain-leisure-centre
Lampton_2932,London Venue,Lampton,Lane Swim 12:00,Swimming,Swimming | Swimming,False,6.55,Heston Pools And Fitness,TW5 0LW,Hounslow,,,12:00,13:00,Saturday,1,False,https://www.lamptonleisure.co.uk/centre/heston-pools-and-fitness
Lampton_2933,London Venue,Lampton,L B T Thur 10:05,Group Exercise,Group | Group Exercise Classes,False,5.9,Hanworth Air Park,TW13 5EG,Hounslow,,,10:05,10:35,,1,False,https://www.lamptonleisure.co.uk/centre/hanworth-air-park-leisure-centre
Lampton_2934,London Venue,Lampton,Aerobics 50+,Group Exercise,Group | Group Exercise Classes,False,5.9,Hanworth Air Park,TW13 5EG,Hounslow,,,13:45,14:30,,1,False,https://www.lamptonleisure.co.uk/centre/hanworth-air-park-leisure-centre
Lampton_2935,London Venue,Lampton,Eor Group Gym Session,Group Exercise,Group | Group Exercise Classes,False,4.800000000000001,Hanworth Air Park,TW13 5EG,Hounslow,,,13:30,14:30,,1,False,https://www.lamptonleisure.co.uk/centre/hanworth-air-park-leisure-centre
Lampton_2936,London Venue,Lampton,General Swim 14:00,Swimming,Swimming | Swimming,False,6.55,Brentford Fountain,TW8 0HJ,Hounslow,,,14:00,15:00,"Monday, Tuesday, Wednesday, Thursday, Friday",1,False,https://www.lamptonleisure.co.uk/centre/brentford-fountain-leisure-centre
Lampton_2937,London Venue,Lampton,Hiit  Strength Thu 18:30,Group Exercise,Group | Group Exercise Classes,False,8.0,Heston Pools And Fitness,TW5 0LW,Hounslow,,,18:30,19:15,,1,False,https://www.lamptonleisure.co.uk/centre/heston-pools-and-fitness
Lampton_2938,London Venue,Lampton,Zumba Thur 09:15,Group Exercise,Group | Group Exercise Classes,False,8.0,Hanworth Air Park,TW13 5EG,Hounslow,,,09:15,10:00,,1,False,https://www.lamptonleisure.co.uk/centre/hanworth-air-park-leisure-centre
Lampton_2939,London Venue,Lampton,General Swim,Swimming,Swimming | Swimming,False,6.55,New Chiswick Pool,W4 2RG,Hounslow,,,12:00,13:15,,1,False,https://www.lamptonleisure.co.uk/centre/new-chiswick-pool
Lampton_2940,London Venue,Lampton,Eor Group Gym Session,Group Exercise,Group | Group Exercise Classes,False,4.800000000000001,Hanworth Air Park,TW13 5EG,Hounslow,,,18:00,19:00,,1,False,https://www.lamptonleisure.co.uk/centre/hanworth-air-park-leisure-centre
Lampton_2941,London Venue,Lampton,Lane Swim 09:30,Swimming,Swimming | Swimming,False,6.55,Heston Pools And Fitness,TW5 0LW,Hounslow,,,09:30,10:30,Wednesday,1,False,https://www.lamptonleisure.co.uk/centre/heston-pools-and-fitness
Lampton_2942,London Venue,Lampton,Lane Swim,Swimming,Swimming | Swimming,False,6.55,New Chiswick Pool,W4 2RG,Hounslow,,,13:15,14:00,,1,False,https://www.lamptonleisure.co.uk/centre/new-chiswick-pool
Lampton_2943,London Venue,Lampton,Vinyasa Yoga Wed 9:15,Group Exercise,Group | Group Exercise Classes,False,12.65,Hanworth Air Park,TW13 5EG,Hounslow,,,09:15,10:00,,1,False,https://www.lamptonleisure.co.uk/centre/hanworth-air-park-leisure-centre
Lampton_2944,London Venue,Lampton,Inflatable Fun Splash,Swimming,Swimming | Swimming,False,8.15,Isleworth Leisure Centre,TW7 7EU,Hounslow,,,15:15,16:10,,1,False,https://www.lamptonleisure.co.uk/centre/isleworth-leisure-centre-and-library
Lampton_2945,London Venue,Lampton,Pilates Wed 10:15,Group Exercise,Group | Group Exercise Classes,False,11.6,Hanworth Air Park,TW13 5EG,Hounslow,,,10:15,11:00,,1,False,https://www.lamptonleisure.co.uk/centre/hanworth-air-park-leisure-centre
Lampton_2946,London Venue,Lampton,Patanjali Yoga 14:00,Group Exercise,Group | Group Exercise Classes,False,10.55,Heston Pools And Fitness,TW5 0LW,Hounslow,,,14:00,15:00,,1,False,https://www.lamptonleisure.co.uk/centre/heston-pools-and-fitness
Lampton_2947,London Venue,Lampton,Eor Group Gym Session,Gym / Fitness,Gym | Gym Activities,False,4.800000000000001,Brentford Fountain,TW8 0HJ,Hounslow,,,12:00,13:00,,1,False,https://www.lamptonleisure.co.uk/centre/brentford-fountain-leisure-centre
Lampton_2948,London Venue,Lampton,Mixed Aqua Wed 11:45,Group Exercise,Group | Group Exercise Classes,False,10.55,New Chiswick Pool,W4 2RG,Hounslow,,,11:45,12:45,,1,False,https://www.lamptonleisure.co.uk/centre/new-chiswick-pool
Lampton_2949,London Venue,Lampton,Eor Group Gym,Gym / Fitness,Gym | Gym Activities,False,4.800000000000001,Brentford Fountain,TW8 0HJ,Hounslow,,,12:00,13:00,,1,False,https://www.lamptonleisure.co.uk/centre/brentford-fountain-leisure-centre
Lampton_2950,London Venue,Lampton,General Swim 12:00,Swimming,Swimming | Swimming,False,6.55,Brentford Fountain,TW8 0HJ,Hounslow,,,12:00,13:00,"Tuesday, Wednesday, Friday",1,False,https://www.lamptonleisure.co.uk/centre/brentford-fountain-leisure-centre
Lampton_2951,London Venue,Lampton,Casual Track Fri 16:00,Walking / Running,Running | Running Track,False,6.05,Osterley Sports Centre,TW7 5FF,Hounslow,,,16:00,17:00,,1,False,https://www.lamptonleisure.co.uk/centre/osterley-sports-and-athletic-centre
Lampton_2952,London Venue,Lampton,Casual Track Fri 17:00,Walking / Running,Running | Running Track,False,6.05,Osterley Sports Centre,TW7 5FF,Hounslow,,,17:00,18:00,,1,False,https://www.lamptonleisure.co.uk/centre/osterley-sports-and-athletic-centre
Lampton_2953,London Venue,Lampton,Casual Track Fri 19:00,Walking / Running,Running | Running Track,False,6.05,Osterley Sports Centre,TW7 5FF,Hounslow,,,19:00,20:00,,1,False,https://www.lamptonleisure.co.uk/centre/osterley-sports-and-athletic-centre
Lampton_2954,London Venue,Lampton,Casual Track 11:00-12:00,Walking / Running,Running | Running Track,False,6.05,Osterley Sports Centre,TW7 5FF,Hounslow,,,11:00,12:00,"Sunday, Saturday",1,False,https://www.lamptonleisure.co.uk/centre/osterley-sports-and-athletic-centre
Lampton_2955,London Venue,Lampton,Lane Swim 20:00,Swimming,Swimming | Swimming,False,6.55,Hanworth Air Park,TW13 5EG,Hounslow,,,20:00,21:00,Tuesday,1,False,https://www.lamptonleisure.co.uk/centre/hanworth-air-park-leisure-centre
Lampton_2956,London Venue,Lampton,Lane Swim 08:45,Swimming,Swimming | Swimming,False,6.55,Brentford Fountain,TW8 0HJ,Hounslow,,,08:45,09:30,,1,False,https://www.lamptonleisure.co.uk/centre/brentford-fountain-leisure-centre
Lampton_2957,London Venue,Lampton,Casual Track 12:00-13:00,Walking / Running,Running | Running Track,False,6.05,Osterley Sports Centre,TW7 5FF,Hounslow,,,12:00,13:00,"Sunday, Saturday",1,False,https://www.lamptonleisure.co.uk/centre/osterley-sports-and-athletic-centre
Lampton_2958,London Venue,Lampton,Casual Track 13:00-14:00,Walking / Running,Running | Running Track,False,6.05,Osterley Sports Centre,TW7 5FF,Hounslow,,,13:00,14:00,"Sunday, Saturday",1,False,https://www.lamptonleisure.co.uk/centre/osterley-sports-and-athletic-centre
Lampton_2959,London Venue,Lampton,Casual Track 14:00-15:00,Walking / Running,Running | Running Track,False,6.05,Osterley Sports Centre,TW7 5FF,Hounslow,,,14:00,15:00,"Sunday, Saturday",1,False,https://www.lamptonleisure.co.uk/centre/osterley-sports-and-athletic-centre
Lampton_2960,London Venue,Lampton,Casual Track 15:00-16:00,Walking / Running,Running | Running Track,False,6.05,Osterley Sports Centre,TW7 5FF,Hounslow,,,15:00,16:00,"Sunday, Saturday",1,False,https://www.lamptonleisure.co.uk/centre/osterley-sports-and-athletic-centre
Lampton_2961,London Venue,Lampton,Casual Track 09:00-10:00,Walking / Running,Running | Running Track,False,6.05,Osterley Sports Centre,TW7 5FF,Hounslow,,,09:00,10:00,,1,False,https://www.lamptonleisure.co.uk/centre/osterley-sports-and-athletic-centre
Lampton_2962,London Venue,Lampton,Casual Track Sun 10:00,Walking / Running,Running | Running Track,False,6.05,Osterley Sports Centre,TW7 5FF,Hounslow,,,10:00,11:00,,1,False,https://www.lamptonleisure.co.uk/centre/osterley-sports-and-athletic-centre
Lampton_2963,London Venue,Lampton,General Swim,Swimming,Swimming | Swimming,False,6.55,New Chiswick Pool,W4 2RG,Hounslow,,,11:00,12:15,,1,False,https://www.lamptonleisure.co.uk/centre/new-chiswick-pool
Lampton_2964,London Venue,Lampton,Lane Swim 9:30,Swimming,Swimming | Swimming,False,6.55,Heston Pools And Fitness,TW5 0LW,Hounslow,,,09:30,10:30,Monday,1,False,https://www.lamptonleisure.co.uk/centre/heston-pools-and-fitness
Lampton_2965,London Venue,Lampton,Pilates Mon 19:30,Group Exercise,Group | Group Exercise Classes,False,11.6,Hanworth Air Park,TW13 5EG,Hounslow,,,19:30,20:30,,1,False,https://www.lamptonleisure.co.uk/centre/hanworth-air-park-leisure-centre
Lampton_2966,London Venue,Lampton,Lane Swim 15:30,Swimming,Swimming | Swimming,False,6.55,Hanworth Air Park,TW13 5EG,Hounslow,,,15:30,16:00,,1,False,https://www.lamptonleisure.co.uk/centre/hanworth-air-park-leisure-centre
Lampton_2967,London Venue,Lampton,Lane Swim 20:45,Swimming,Swimming | Swimming,False,6.55,Brentford Fountain,TW8 0HJ,Hounslow,,,20:45,21:45,,1,False,https://www.lamptonleisure.co.uk/centre/brentford-fountain-leisure-centre
Lampton_2968,London Venue,Lampton,Lane Swim 10:30,Swimming,Swimming | Swimming,False,6.55,Heston Pools And Fitness,TW5 0LW,Hounslow,,,10:30,11:30,Monday,1,False,https://www.lamptonleisure.co.uk/centre/heston-pools-and-fitness
Lampton_2969,London Venue,Lampton,Body Attack 19:00,Group Exercise,Group | Group Exercise Classes,False,10.55,Brentford Fountain,TW8 0HJ,Hounslow,,,19:00,20:00,,1,False,https://www.lamptonleisure.co.uk/centre/brentford-fountain-leisure-centre
Lampton_2970,London Venue,Lampton,Lane Swim 19:00,Swimming,Swimming | Swimming,False,6.55,Hanworth Air Park,TW13 5EG,Hounslow,,,19:00,19:45,,1,False,https://www.lamptonleisure.co.uk/centre/hanworth-air-park-leisure-centre
Lampton_2971,London Venue,Lampton,Lane Swim 19:45,Swimming,Swimming | Swimming,False,6.55,Hanworth Air Park,TW13 5EG,Hounslow,,,19:45,20:30,,1,False,https://www.lamptonleisure.co.uk/centre/hanworth-air-park-leisure-centre
Lampton_2972,London Venue,Lampton,General Swim 19:00,Swimming,Swimming | Swimming,False,6.55,Brentford Fountain,TW8 0HJ,Hounslow,,,19:00,20:00,"Tuesday, Thursday, Friday",1,False,https://www.lamptonleisure.co.uk/centre/brentford-fountain-leisure-centre
Lampton_2973,London Venue,Lampton,Yoga Mon 11:30,Group Exercise,Group | Group Exercise Classes,False,12.65,Hanworth Air Park,TW13 5EG,Hounslow,,,11:30,12:30,,1,False,https://www.lamptonleisure.co.uk/centre/hanworth-air-park-leisure-centre
Lampton_2974,London Venue,Lampton,Lane Swim 20:00,Swimming,Swimming | Swimming,False,6.55,Brentford Fountain,TW8 0HJ,Hounslow,,,20:00,20:45,,1,False,https://www.lamptonleisure.co.uk/centre/brentford-fountain-leisure-centre
Lampton_2975,London Venue,Lampton,Women Lane Swim 19:00,Swimming,Swimming | Swimming,False,6.55,Brentford Fountain,TW8 0HJ,Hounslow,,,19:00,20:00,,1,False,https://www.lamptonleisure.co.uk/centre/brentford-fountain-leisure-centre
Lampton_2976,London Venue,Lampton,Interval Training 18:45,Group Exercise,Group | Group Exercise Classes,False,8.0,Hanworth Air Park,TW13 5EG,Hounslow,,,18:45,19:30,,1,False,https://www.lamptonleisure.co.uk/centre/hanworth-air-park-leisure-centre
Lampton_2977,London Venue,Lampton,Aqua Mon 12:15,Group Exercise,Group | Group Exercise Classes,False,10.55,Heston Pools And Fitness,TW5 0LW,Hounslow,,,12:00,13:00,,1,False,https://www.lamptonleisure.co.uk/centre/heston-pools-and-fitness
Lampton_2978,London Venue,Lampton,Hatha Yoga Sat 12:00,Group Exercise,Group | Group Exercise Classes,False,12.65,Brentford Fountain,TW8 0HJ,Hounslow,,,12:00,13:30,,1,False,https://www.lamptonleisure.co.uk/centre/brentford-fountain-leisure-centre
Lampton_2979,London Venue,Lampton,Lane Swim 06:30,Swimming,Swimming | Swimming,False,6.55,Hanworth Air Park,TW13 5EG,Hounslow,,,06:30,07:30,"Monday, Tuesday, Wednesday, Thursday, Friday",1,False,https://www.lamptonleisure.co.uk/centre/hanworth-air-park-leisure-centre
Lampton_2980,London Venue,Lampton,Lane Swim 07:30,Swimming,Swimming | Swimming,False,6.55,Hanworth Air Park,TW13 5EG,Hounslow,,,07:30,08:30,"Monday, Tuesday, Wednesday, Thursday, Friday",1,False,https://www.lamptonleisure.co.uk/centre/hanworth-air-park-leisure-centre
Lampton_2981,London Venue,Lampton,Lane Swim 08:30,Swimming,Swimming | Swimming,False,6.55,Hanworth Air Park,TW13 5EG,Hounslow,,,08:30,09:30,"Monday, Tuesday, Wednesday, Thursday, Friday",1,False,https://www.lamptonleisure.co.uk/centre/hanworth-air-park-leisure-centre
Lampton_2982,London Venue,Lampton,Lane Swim 09:30,Swimming,Swimming | Swimming,False,6.55,Hanworth Air Park,TW13 5EG,Hounslow,,,09:30,10:30,"Monday, Tuesday, Wednesday, Thursday, Friday",1,False,https://www.lamptonleisure.co.uk/centre/hanworth-air-park-leisure-centre
Lampton_2983,London Venue,Lampton,Lbt Step Thu 18:45,Group Exercise,Group | Group Exercise Classes,False,8.0,Hanworth Air Park,TW13 5EG,Hounslow,,,18:45,19:30,,1,False,https://www.lamptonleisure.co.uk/centre/hanworth-air-park-leisure-centre
Lampton_2984,London Venue,Lampton,Lane Swim 10:30,Swimming,Swimming | Swimming,False,6.55,Hanworth Air Park,TW13 5EG,Hounslow,,,10:30,11:30,"Monday, Tuesday, Wednesday, Thursday, Friday",1,False,https://www.lamptonleisure.co.uk/centre/hanworth-air-park-leisure-centre
Lampton_2985,London Venue,Lampton,Lane Swim 11:30,Swimming,Swimming | Swimming,False,6.55,Hanworth Air Park,TW13 5EG,Hounslow,,,11:30,12:30,"Monday, Tuesday, Wednesday, Thursday, Friday",1,False,https://www.lamptonleisure.co.uk/centre/hanworth-air-park-leisure-centre
Lampton_2986,London Venue,Lampton,Lane Swim 12:30,Swimming,Swimming | Swimming,False,6.55,Hanworth Air Park,TW13 5EG,Hounslow,,,12:30,13:30,"Monday, Tuesday, Wednesday, Thursday, Friday",1,False,https://www.lamptonleisure.co.uk/centre/hanworth-air-park-leisure-centre
Lampton_2987,London Venue,Lampton,Lane Swim 13:30,Swimming,Swimming | Swimming,False,6.55,Hanworth Air Park,TW13 5EG,Hounslow,,,13:30,14:30,"Monday, Tuesday, Wednesday, Thursday, Friday",1,False,https://www.lamptonleisure.co.uk/centre/hanworth-air-park-leisure-centre
Lampton_2988,London Venue,Lampton,Lane Swim 14:30,Swimming,Swimming | Swimming,False,6.55,Hanworth Air Park,TW13 5EG,Hounslow,,,14:30,15:30,"Monday, Tuesday, Wednesday, Thursday, Friday",1,False,https://www.lamptonleisure.co.uk/centre/hanworth-air-park-leisure-centre
Lampton_2989,London Venue,Lampton,Lane Swim 20:00,Swimming,Swimming | Swimming,False,6.55,Hanworth Air Park,TW13 5EG,Hounslow,,,20:00,21:00,,1,False,https://www.lamptonleisure.co.uk/centre/hanworth-air-park-leisure-centre
Lampton_2990,London Venue,Lampton,50+ L B T Tue 11:00,Group Exercise,Group | Group Exercise Classes,False,8.0,Hanworth Air Park,TW13 5EG,Hounslow,,,11:00,11:45,,1,False,https://www.lamptonleisure.co.uk/centre/hanworth-air-park-leisure-centre
Lampton_2991,London Venue,Lampton,E O R Chair Fitness Class,Group Exercise,Group | Group Exercise Classes,False,4.800000000000001,Heston Pools And Fitness,TW5 0LW,Hounslow,,,12:15,13:00,,1,False,https://www.lamptonleisure.co.uk/centre/heston-pools-and-fitness
Lampton_2992,London Venue,Lampton,Les Mills Bodybalance,Group Exercise,Group | Group Exercise Classes,False,10.55,Brentford Fountain,TW8 0HJ,Hounslow,,,10:30,11:30,,1,False,https://www.lamptonleisure.co.uk/centre/brentford-fountain-leisure-centre
Lampton_2993,London Venue,Lampton,Lane Swim 15:30,Swimming,Swimming | Swimming,False,6.55,Hanworth Air Park,TW13 5EG,Hounslow,,,15:30,16:30,,1,False,https://www.lamptonleisure.co.uk/centre/hanworth-air-park-leisure-centre
Lampton_2994,London Venue,Lampton,Lane Swim 16:30,Swimming,Swimming | Swimming,False,6.55,Hanworth Air Park,TW13 5EG,Hounslow,,,16:30,17:30,,1,False,https://www.lamptonleisure.co.uk/centre/hanworth-air-park-leisure-centre
Lampton_2995,London Venue,Lampton,Lane Swim 17:30,Swimming,Swimming | Swimming,False,6.55,Hanworth Air Park,TW13 5EG,Hounslow,,,17:30,18:30,,1,False,https://www.lamptonleisure.co.uk/centre/hanworth-air-park-leisure-centre
Lampton_2996,London Venue,Lampton,Lane Swim 18:30,Swimming,Swimming | Swimming,False,6.55,Hanworth Air Park,TW13 5EG,Hounslow,,,18:30,19:30,,1,False,https://www.lamptonleisure.co.uk/centre/hanworth-air-park-leisure-centre
Lampton_2997,London Venue,Lampton,Lane Swim 19:30,Swimming,Swimming | Swimming,False,6.55,Hanworth Air Park,TW13 5EG,Hounslow,,,19:30,20:00,,1,False,https://www.lamptonleisure.co.uk/centre/hanworth-air-park-leisure-centre
Lampton_2998,London Venue,Lampton,Lane Swim 20:00,Swimming,Swimming | Swimming,False,6.55,Heston Pools And Fitness,TW5 0LW,Hounslow,,,20:00,21:00,"Tuesday, Thursday",1,False,https://www.lamptonleisure.co.uk/centre/heston-pools-and-fitness
Lampton_2999,London Venue,Lampton,Lane Swim 19:00,Swimming,Swimming | Swimming,False,6.55,Hanworth Air Park,TW13 5EG,Hounslow,,,19:00,20:00,,1,False,https://www.lamptonleisure.co.uk/centre/hanworth-air-park-leisure-centre
Lampton_3000,London Venue,Lampton,E O R Pilates Tue,Group Exercise,Group | Group Exercise Classes,False,4.800000000000001,Brentford Fountain,TW8 0HJ,Hounslow,,,13:00,14:00,,1,False,https://www.lamptonleisure.co.uk/centre/brentford-fountain-leisure-centre
Lampton_3001,London Venue,Lampton,Beginners Hiit Fri 10:30,Group Exercise,Group | Group Exercise Classes,False,8.0,Hanworth Air Park,TW13 5EG,Hounslow,,,10:30,11:15,,1,False,https://www.lamptonleisure.co.uk/centre/hanworth-air-park-leisure-centre
Lampton_3002,London Venue,Lampton,Hiit 20:15,Group Exercise,Group | Group Exercise Classes,False,8.0,Isleworth Leisure Centre,TW7 7EU,Hounslow,,,20:15,21:00,,1,False,https://www.lamptonleisure.co.uk/centre/isleworth-leisure-centre-and-library
Lampton_3003,London Venue,Lampton,Lane Swim 08:00,Swimming,Swimming | Swimming,False,6.55,Hanworth Air Park,TW13 5EG,Hounslow,,,08:00,09:00,"Sunday, Saturday",1,False,https://www.lamptonleisure.co.uk/centre/hanworth-air-park-leisure-centre
Lampton_3004,London Venue,Lampton,Lane Swim 09:00,Swimming,Swimming | Swimming,False,6.55,Hanworth Air Park,TW13 5EG,Hounslow,,,09:00,10:00,"Sunday, Saturday",1,False,https://www.lamptonleisure.co.uk/centre/hanworth-air-park-leisure-centre
Lampton_3005,London Venue,Lampton,Lane Swim 14:00,Swimming,Swimming | Swimming,False,6.55,Hanworth Air Park,TW13 5EG,Hounslow,,,14:00,15:00,"Sunday, Saturday",1,False,https://www.lamptonleisure.co.uk/centre/hanworth-air-park-leisure-centre
Lampton_3006,London Venue,Lampton,Lane Swim 15:00,Swimming,Swimming | Swimming,False,6.55,Hanworth Air Park,TW13 5EG,Hounslow,,,15:00,16:00,"Sunday, Saturday",1,False,https://www.lamptonleisure.co.uk/centre/hanworth-air-park-leisure-centre
Lampton_3007,London Venue,Lampton,General Swim 15:00,Swimming,Swimming | Swimming,False,6.55,Hanworth Air Park,TW13 5EG,Hounslow,,,15:00,16:00,,1,False,https://www.lamptonleisure.co.uk/centre/hanworth-air-park-leisure-centre
Lampton_3008,London Venue,Lampton,Pilates Thur 20:15,Group Exercise,Group | Group Exercise Classes,False,11.6,Hanworth Air Park,TW13 5EG,Hounslow,,,20:15,21:15,,1,False,https://www.lamptonleisure.co.uk/centre/hanworth-air-park-leisure-centre
Lampton_3009,London Venue,Lampton,Total Body Cond Mon 20:00,Group Exercise,Group | Group Exercise Classes,False,10.55,Isleworth Leisure Centre,TW7 7EU,Hounslow,,,20:00,21:00,,1,False,https://www.lamptonleisure.co.uk/centre/isleworth-leisure-centre-and-library
Lampton_3010,London Venue,Lampton,Spin 06:45,Group Exercise,Group | Group Exercise Classes,False,8.0,Isleworth Leisure Centre,TW7 7EU,Hounslow,,,06:45,07:30,,1,False,https://www.lamptonleisure.co.uk/centre/isleworth-leisure-centre-and-library
Lampton_3011,London Venue,Lampton,Women Only Aqua Wed 20:00,Group Exercise,Group | Group Exercise Classes,False,10.55,Heston Pools And Fitness,TW5 0LW,Hounslow,,,20:00,21:00,,1,False,https://www.lamptonleisure.co.uk/centre/heston-pools-and-fitness
Lampton_3012,London Venue,Lampton,Lane Swim,Swimming,Swimming | Swimming,False,6.55,New Chiswick Pool,W4 2RG,Hounslow,,,14:45,15:30,,1,False,https://www.lamptonleisure.co.uk/centre/new-chiswick-pool
Lampton_3013,London Venue,Lampton,Spin Tue 18:15,Group Exercise,Group | Group Exercise Classes,False,8.0,Heston Pools And Fitness,TW5 0LW,Hounslow,,,18:15,19:00,Tuesday,1,False,https://www.lamptonleisure.co.uk/centre/heston-pools-and-fitness
Lampton_3014,London Venue,Lampton,Boxercise Wed 18:15,Group Exercise,Group | Group Exercise Classes,False,8.0,Hanworth Air Park,TW13 5EG,Hounslow,,,18:15,19:00,,1,False,https://www.lamptonleisure.co.uk/centre/hanworth-air-park-leisure-centre
Lampton_3015,London Venue,Lampton,Power Yoga Wed 18:00,Group Exercise,Group | Group Exercise Classes,False,10.55,Heston Pools And Fitness,TW5 0LW,Hounslow,,,18:00,19:00,,1,False,https://www.lamptonleisure.co.uk/centre/heston-pools-and-fitness
Lampton_3016,London Venue,Lampton,Lane Swim 08:30,Swimming,Swimming | Swimming,False,6.55,Heston Pools And Fitness,TW5 0LW,Hounslow,,,08:30,09:30,Tuesday,1,False,https://www.lamptonleisure.co.uk/centre/heston-pools-and-fitness
Lampton_3017,London Venue,Lampton,Les Mills Body Balance,Group Exercise,Group | Group Exercise Classes,False,10.55,Brentford Fountain,TW8 0HJ,Hounslow,,,10:45,11:45,,1,False,https://www.lamptonleisure.co.uk/centre/brentford-fountain-leisure-centre
Lampton_3018,London Venue,Lampton,Lane Swim 20:00,Swimming,Swimming | Swimming,False,6.55,Heston Pools And Fitness,TW5 0LW,Hounslow,,,20:00,21:00,Monday,1,False,https://www.lamptonleisure.co.uk/centre/heston-pools-and-fitness
Lampton_3019,London Venue,Lampton,E O R Circuit Tue,Group Exercise,Group | Group Exercise Classes,False,4.800000000000001,Hanworth Air Park,TW13 5EG,Hounslow,,,12:30,13:30,,1,False,https://www.lamptonleisure.co.uk/centre/hanworth-air-park-leisure-centre
Lampton_3020,London Venue,Lampton,Mobility Workshop,Group Exercise,Group | Group Exercise Classes,False,10.55,Heston Pools And Fitness,TW5 0LW,Hounslow,,,10:30,11:30,Monday,1,False,https://www.lamptonleisure.co.uk/centre/heston-pools-and-fitness
Lampton_3021,London Venue,Lampton,General Swim,Swimming,Swimming | Swimming,False,6.55,New Chiswick Pool,W4 2RG,Hounslow,,,10:00,11:00,,1,False,https://www.lamptonleisure.co.uk/centre/new-chiswick-pool
Lampton_3022,London Venue,Lampton,Pilates Wed 09:20,Group Exercise,Group | Group Exercise Classes,False,11.6,Isleworth Leisure Centre,TW7 7EU,Hounslow,,,09:20,10:20,,1,False,https://www.lamptonleisure.co.uk/centre/isleworth-leisure-centre-and-library
Lampton_3023,London Venue,Lampton,Lane Swim 13:30,Swimming,Swimming | Swimming,False,6.55,Heston Pools And Fitness,TW5 0LW,Hounslow,,,13:30,14:30,"Monday, Tuesday, Wednesday, Thursday, Friday",1,False,https://www.lamptonleisure.co.uk/centre/heston-pools-and-fitness
Lampton_3024,London Venue,Lampton,Eor Group Gym,Group Exercise,Group | Group Exercise Classes,False,4.800000000000001,Heston Pools And Fitness,TW5 0LW,Hounslow,,,13:00,14:00,,1,False,https://www.lamptonleisure.co.uk/centre/heston-pools-and-fitness
Lampton_3025,London Venue,Lampton,Inflatable Fun Splash,Swimming,Swimming | Swimming,False,8.15,Isleworth Leisure Centre,TW7 7EU,Hounslow,,,14:15,15:10,,1,False,https://www.lamptonleisure.co.uk/centre/isleworth-leisure-centre-and-library
Lampton_3026,London Venue,Lampton,Lane Swim 19:00,Swimming,Swimming | Swimming,False,6.55,Heston Pools And Fitness,TW5 0LW,Hounslow,,,19:00,20:00,Friday,1,False,https://www.lamptonleisure.co.uk/centre/heston-pools-and-fitness
Lampton_3027,London Venue,Lampton,Eor Group Gym Session,Group Exercise,Group | Group Exercise Classes,False,4.800000000000001,Heston Pools And Fitness,TW5 0LW,Hounslow,,,16:00,17:00,,1,False,https://www.lamptonleisure.co.uk/centre/heston-pools-and-fitness
Lampton_3028,London Venue,Lampton,Lane Swim 12:30,Swimming,Swimming | Swimming,False,6.55,Heston Pools And Fitness,TW5 0LW,Hounslow,,,12:30,13:30,Wednesday,1,False,https://www.lamptonleisure.co.uk/centre/heston-pools-and-fitness
Lampton_3029,London Venue,Lampton,Step Dance Sun 11:00,Group Exercise,Group | Group Exercise Classes,False,10.55,Heston Pools And Fitness,TW5 0LW,Hounslow,,,11:00,12:00,,1,False,https://www.lamptonleisure.co.uk/centre/heston-pools-and-fitness
Lampton_3030,London Venue,Lampton,L B T Sun 10:00,Group Exercise,Group | Group Exercise Classes,False,10.55,Heston Pools And Fitness,TW5 0LW,Hounslow,,,10:00,11:00,,1,False,https://www.lamptonleisure.co.uk/centre/heston-pools-and-fitness
Lampton_3031,London Venue,Lampton,Patanjali Yoga Sun 14:00,Group Exercise,Group | Group Exercise Classes,False,8.0,Heston Pools And Fitness,TW5 0LW,Hounslow,,,14:00,14:45,,1,False,https://www.lamptonleisure.co.uk/centre/heston-pools-and-fitness
Lampton_3032,London Venue,Lampton,Hatha Yoga Mon 10:00,Group Exercise,Group | Group Exercise Classes,False,12.65,Heston Pools And Fitness,TW5 0LW,Hounslow,,,10:00,11:00,,1,False,https://www.lamptonleisure.co.uk/centre/heston-pools-and-fitness
Lampton_3033,London Venue,Lampton,Lane Swim 09:30,Swimming,Swimming | Swimming,False,6.55,Heston Pools And Fitness,TW5 0LW,Hounslow,,,09:30,10:30,Tuesday,1,False,https://www.lamptonleisure.co.uk/centre/heston-pools-and-fitness
Lampton_3034,London Venue,Lampton,Stretch/mobility 19:00,Group Exercise,Group | Group Exercise Classes,False,5.9,Isleworth Leisure Centre,TW7 7EU,Hounslow,,,19:00,19:30,,1,False,https://www.lamptonleisure.co.uk/centre/isleworth-leisure-centre-and-library
Lampton_3035,London Venue,Lampton,General Swim 10:00,Swimming,Swimming | Swimming,False,6.55,Brentford Fountain,TW8 0HJ,Hounslow,,,10:00,11:00,"Monday, Wednesday, Friday",1,False,https://www.lamptonleisure.co.uk/centre/brentford-fountain-leisure-centre
Lampton_3036,London Venue,Lampton,Lane Swim 15:00,Swimming,Swimming | Swimming,False,6.55,Isleworth Leisure Centre,TW7 7EU,Hounslow,,,15:00,15:30,"Monday, Tuesday, Thursday",1,False,https://www.lamptonleisure.co.uk/centre/isleworth-leisure-centre-and-library
Lampton_3037,London Venue,Lampton,General Swim 18:00,Swimming,Swimming | Swimming,False,6.55,Isleworth Leisure Centre,TW7 7EU,Hounslow,,,18:00,19:00,"Monday, Tuesday, Wednesday, Thursday",1,False,https://www.lamptonleisure.co.uk/centre/isleworth-leisure-centre-and-library
Lampton_3038,London Venue,Lampton,Lane Swim 12:00,Swimming,Swimming | Swimming,False,6.55,Isleworth Leisure Centre,TW7 7EU,Hounslow,,,12:00,12:45,"Monday, Thursday",1,False,https://www.lamptonleisure.co.uk/centre/isleworth-leisure-centre-and-library
Lampton_3039,London Venue,Lampton,Lane Swim 12:45,Swimming,Swimming | Swimming,False,6.55,Isleworth Leisure Centre,TW7 7EU,Hounslow,,,12:45,13:30,"Monday, Thursday",1,False,https://www.lamptonleisure.co.uk/centre/isleworth-leisure-centre-and-library
Lampton_3040,London Venue,Lampton,Pilates Mon 19:00,Group Exercise,Group | Group Exercise Classes,False,11.6,New Chiswick Pool,W4 2RG,Hounslow,,,19:00,20:00,,1,False,https://www.lamptonleisure.co.uk/centre/new-chiswick-pool
Lampton_3041,London Venue,Lampton,Lane Swim 08:00,Swimming,Swimming | Swimming,False,6.55,Heston Pools And Fitness,TW5 0LW,Hounslow,,,08:00,09:00,Saturday,1,False,https://www.lamptonleisure.co.uk/centre/heston-pools-and-fitness
Lampton_3042,London Venue,Lampton,Adult Lane Swim 06:30,Swimming,Swimming | Swimming,False,6.55,Isleworth Leisure Centre,TW7 7EU,Hounslow,,,06:30,07:30,"Monday, Tuesday, Wednesday, Thursday, Friday",1,False,https://www.lamptonleisure.co.uk/centre/isleworth-leisure-centre-and-library
Lampton_3043,London Venue,Lampton,Adult Lane Swim 07:30,Swimming,Swimming | Swimming,False,6.55,Isleworth Leisure Centre,TW7 7EU,Hounslow,,,07:30,08:15,"Monday, Tuesday, Wednesday, Thursday, Friday",1,False,https://www.lamptonleisure.co.uk/centre/isleworth-leisure-centre-and-library
Lampton_3044,London Venue,Lampton,Adult Lane Swim 08:15,Swimming,Swimming | Swimming,False,6.55,Isleworth Leisure Centre,TW7 7EU,Hounslow,,,08:15,09:00,"Monday, Tuesday, Wednesday, Thursday, Friday",1,False,https://www.lamptonleisure.co.uk/centre/isleworth-leisure-centre-and-library
Lampton_3045,London Venue,Lampton,General Swim 09:00,Swimming,Swimming | Swimming,False,6.55,Isleworth Leisure Centre,TW7 7EU,Hounslow,,,09:00,10:00,"Monday, Tuesday, Wednesday, Thursday, Friday",1,False,https://www.lamptonleisure.co.uk/centre/isleworth-leisure-centre-and-library
Lampton_3046,London Venue,Lampton,General Swim 11:00,Swimming,Swimming | Swimming,False,6.55,Isleworth Leisure Centre,TW7 7EU,Hounslow,,,11:00,12:00,"Monday, Tuesday, Wednesday, Thursday, Friday",1,False,https://www.lamptonleisure.co.uk/centre/isleworth-leisure-centre-and-library
Lampton_3047,London Venue,Lampton,General Swim 12:00,Swimming,Swimming | Swimming,False,6.55,Isleworth Leisure Centre,TW7 7EU,Hounslow,,,12:00,13:00,"Monday, Tuesday, Wednesday, Thursday, Friday",1,False,https://www.lamptonleisure.co.uk/centre/isleworth-leisure-centre-and-library
Lampton_3048,London Venue,Lampton,General Swim 13:00,Swimming,Swimming | Swimming,False,6.55,Isleworth Leisure Centre,TW7 7EU,Hounslow,,,13:00,14:00,"Monday, Tuesday, Wednesday, Thursday, Friday",1,False,https://www.lamptonleisure.co.uk/centre/isleworth-leisure-centre-and-library
Lampton_3049,London Venue,Lampton,Lane Swim 14:30,Swimming,Swimming | Swimming,False,6.55,Heston Pools And Fitness,TW5 0LW,Hounslow,,,14:30,15:30,Thursday,1,False,https://www.lamptonleisure.co.uk/centre/heston-pools-and-fitness
Lampton_3050,London Venue,Lampton,General Swim,Swimming,Swimming | Swimming,False,6.55,New Chiswick Pool,W4 2RG,Hounslow,,,14:45,15:45,,1,False,https://www.lamptonleisure.co.uk/centre/new-chiswick-pool
Lampton_3051,London Venue,Lampton,General Swim 14:00,Swimming,Swimming | Swimming,False,6.55,Isleworth Leisure Centre,TW7 7EU,Hounslow,,,14:00,15:00,"Monday, Tuesday, Wednesday, Thursday, Friday",1,False,https://www.lamptonleisure.co.uk/centre/isleworth-leisure-centre-and-library
Lampton_3052,London Venue,Lampton,General Swim 15:00,Swimming,Swimming | Swimming,False,6.55,Isleworth Leisure Centre,TW7 7EU,Hounslow,,,15:00,16:00,"Monday, Tuesday, Wednesday, Thursday, Friday",1,False,https://www.lamptonleisure.co.uk/centre/isleworth-leisure-centre-and-library
Lampton_3053,London Venue,Lampton,General Swim 16:00,Swimming,Swimming | Swimming,False,6.55,Isleworth Leisure Centre,TW7 7EU,Hounslow,,,16:00,17:00,"Monday, Tuesday, Wednesday, Thursday, Friday",1,False,https://www.lamptonleisure.co.uk/centre/isleworth-leisure-centre-and-library
Lampton_3054,London Venue,Lampton,General Swim 17:00,Swimming,Swimming | Swimming,False,6.55,Isleworth Leisure Centre,TW7 7EU,Hounslow,,,17:00,18:00,"Monday, Tuesday, Wednesday, Thursday, Friday",1,False,https://www.lamptonleisure.co.uk/centre/isleworth-leisure-centre-and-library
Lampton_3055,London Venue,Lampton,Aquafit Mon 12:15,Group Exercise,Group | Group Exercise Classes,False,8.0,Isleworth Leisure Centre,TW7 7EU,Hounslow,,,12:15,13:00,,1,False,https://www.lamptonleisure.co.uk/centre/isleworth-leisure-centre-and-library
Lampton_3056,London Venue,Lampton,Indoor Cycling Mon 06:45,Group Exercise,Group | Group Exercise Classes,False,8.0,Isleworth Leisure Centre,TW7 7EU,Hounslow,,,06:45,07:30,,1,False,https://www.lamptonleisure.co.uk/centre/isleworth-leisure-centre-and-library
Lampton_3057,London Venue,Lampton,Hatha Yoga Tue 16:00,Group Exercise,Group | Group Exercise Classes,False,12.65,Heston Pools And Fitness,TW5 0LW,Hounslow,,,16:00,17:00,,1,False,https://www.lamptonleisure.co.uk/centre/heston-pools-and-fitness
Lampton_3058,London Venue,Lampton,Lane Swim 19:00,Swimming,Swimming | Swimming,False,6.55,Heston Pools And Fitness,TW5 0LW,Hounslow,,,19:00,20:00,Tuesday,1,False,https://www.lamptonleisure.co.uk/centre/heston-pools-and-fitness
Lampton_3059,London Venue,Lampton,50+ Body Cond Tue 11:45,Group Exercise,Group | Group Exercise Classes,False,8.0,Hanworth Air Park,TW13 5EG,Hounslow,,,11:45,12:30,,1,False,https://www.lamptonleisure.co.uk/centre/hanworth-air-park-leisure-centre
Lampton_3060,London Venue,Lampton,Zumba Tue 20:00,Group Exercise,Group | Group Exercise Classes,False,10.55,Brentford Fountain,TW8 0HJ,Hounslow,,,20:00,21:00,Tuesday,1,False,https://www.lamptonleisure.co.uk/centre/brentford-fountain-leisure-centre
Lampton_3061,London Venue,Lampton,Spin Wed 09:15,Group Exercise,Group | Group Exercise Classes,False,5.9,Heston Pools And Fitness,TW5 0LW,Hounslow,,,09:15,09:45,,1,False,https://www.lamptonleisure.co.uk/centre/heston-pools-and-fitness
Lampton_3062,London Venue,Lampton,Woman`s General Swim,Swimming,Swimming | Swimming,False,6.55,New Chiswick Pool,W4 2RG,Hounslow,,,11:00,12:15,,1,False,https://www.lamptonleisure.co.uk/centre/new-chiswick-pool
Lampton_3063,London Venue,Lampton,General Swim 13:00,Swimming,Swimming | Swimming,False,6.55,Brentford Fountain,TW8 0HJ,Hounslow,,,13:00,14:00,"Tuesday, Wednesday, Thursday, Friday",1,False,https://www.lamptonleisure.co.uk/centre/brentford-fountain-leisure-centre
Lampton_3064,London Venue,Lampton,Lane Swim 19:00,Swimming,Swimming | Swimming,False,6.55,Isleworth Leisure Centre,TW7 7EU,Hounslow,,,19:00,20:00,"Tuesday, Thursday",1,False,https://www.lamptonleisure.co.uk/centre/isleworth-leisure-centre-and-library
Lampton_3065,London Venue,Lampton,Lane Swim 20:00,Swimming,Swimming | Swimming,False,6.55,Isleworth Leisure Centre,TW7 7EU,Hounslow,,,20:00,21:00,"Tuesday, Thursday",1,False,https://www.lamptonleisure.co.uk/centre/isleworth-leisure-centre-and-library
Lampton_3066,London Venue,Lampton,Lane Swim Fri 07:30,Swimming,Swimming | Swimming,False,6.55,New Chiswick Pool,W4 2RG,Hounslow,,,07:30,08:30,,1,False,https://www.lamptonleisure.co.uk/centre/new-chiswick-pool
Lampton_3067,London Venue,Lampton,General Swim 17:00,Swimming,Swimming | Swimming,False,6.55,Brentford Fountain,TW8 0HJ,Hounslow,,,17:00,18:00,"Monday, Tuesday, Wednesday, Thursday, Friday",1,False,https://www.lamptonleisure.co.uk/centre/brentford-fountain-leisure-centre
Lampton_3068,London Venue,Lampton,Lane Swim 09:15,Swimming,Swimming | Swimming,False,6.55,New Chiswick Pool,W4 2RG,Hounslow,,,09:15,10:00,,1,False,https://www.lamptonleisure.co.uk/centre/new-chiswick-pool
Lampton_3069,London Venue,Lampton,Body Condition  Mon  9:30,Group Exercise,Group | Group Exercise Classes,False,10.55,Heston Pools And Fitness,TW5 0LW,Hounslow,,,09:30,10:30,,1,False,https://www.lamptonleisure.co.uk/centre/heston-pools-and-fitness
Lampton_3070,London Venue,Lampton,Pilates Monday 11:00,Group Exercise,Group | Group Exercise Classes,False,11.6,Heston Pools And Fitness,TW5 0LW,Hounslow,,,11:00,12:00,,1,False,https://www.lamptonleisure.co.uk/centre/heston-pools-and-fitness
Lampton_3071,London Venue,Lampton,Boxercise Mon 11:15,Group Exercise,Group | Group Exercise Classes,False,8.0,Hanworth Air Park,TW13 5EG,Hounslow,,,11:15,12:00,,1,False,https://www.lamptonleisure.co.uk/centre/hanworth-air-park-leisure-centre
Lampton_3072,London Venue,Lampton,Hatha Yoga Wed 10:00,Group Exercise,Group | Group Exercise Classes,False,12.65,Brentford Fountain,TW8 0HJ,Hounslow,,,10:00,11:00,,1,False,https://www.lamptonleisure.co.uk/centre/brentford-fountain-leisure-centre
Lampton_3073,London Venue,Lampton,Patanjali Yoga Tue 8:00,Group Exercise,Group | Group Exercise Classes,False,12.65,Heston Pools And Fitness,TW5 0LW,Hounslow,,,08:00,09:00,,1,False,https://www.lamptonleisure.co.uk/centre/heston-pools-and-fitness
Lampton_3074,London Venue,Lampton,Lane Swim Wed 20:00,Swimming,Swimming | Swimming,False,6.55,New Chiswick Pool,W4 2RG,Hounslow,,,20:00,21:00,,1,False,https://www.lamptonleisure.co.uk/centre/new-chiswick-pool
Lampton_3075,London Venue,Lampton,Les Mills Body Balance,Group Exercise,Group | Group Exercise Classes,False,12.65,Hanworth Air Park,TW13 5EG,Hounslow,,,11:00,12:00,,1,False,https://www.lamptonleisure.co.uk/centre/hanworth-air-park-leisure-centre
Lampton_3076,London Venue,Lampton,Freestyle Pump Thu 19:30,Group Exercise,Group | Group Exercise Classes,False,8.0,Hanworth Air Park,TW13 5EG,Hounslow,,,19:30,20:15,,1,False,https://www.lamptonleisure.co.uk/centre/hanworth-air-park-leisure-centre
Lampton_3077,London Venue,Lampton,Lane Swim 08:30,Swimming,Swimming | Swimming,False,6.55,Heston Pools And Fitness,TW5 0LW,Hounslow,,,08:30,09:30,Monday,1,False,https://www.lamptonleisure.co.uk/centre/heston-pools-and-fitness
Lampton_3078,London Venue,Lampton,Latin Dance Thu 11:15,Group Exercise,Group | Group Exercise Classes,False,8.0,Isleworth Leisure Centre,TW7 7EU,Hounslow,,,11:15,11:55,,1,False,https://www.lamptonleisure.co.uk/centre/isleworth-leisure-centre-and-library
Lampton_3079,London Venue,Lampton,Aqua  Fri 12:15,Group Exercise,Group | Group Exercise Classes,False,10.55,Heston Pools And Fitness,TW5 0LW,Hounslow,,,12:15,13:15,,1,False,https://www.lamptonleisure.co.uk/centre/heston-pools-and-fitness
Lampton_3080,London Venue,Lampton,Hatha Yoga Fri 12:25,Group Exercise,Group | Group Exercise Classes,False,12.65,Heston Pools And Fitness,TW5 0LW,Hounslow,,,12:25,13:25,,1,False,https://www.lamptonleisure.co.uk/centre/heston-pools-and-fitness
Lampton_3081,London Venue,Lampton,Pilates Fri 11:15,Group Exercise,Group | Group Exercise Classes,False,11.6,Heston Pools And Fitness,TW5 0LW,Hounslow,,,11:15,12:15,,1,False,https://www.lamptonleisure.co.uk/centre/heston-pools-and-fitness
Lampton_3082,London Venue,Lampton,Aquafit Tue,Group Exercise,Group | Group Exercise Classes,False,8.0,Hanworth Air Park,TW13 5EG,Hounslow,,,12:15,13:00,,1,False,https://www.lamptonleisure.co.uk/centre/hanworth-air-park-leisure-centre
Lampton_3083,London Venue,Lampton,Lane Swim 15:30,Swimming,Swimming | Swimming,False,6.55,Hanworth Air Park,TW13 5EG,Hounslow,,,15:30,16:00,,1,False,https://www.lamptonleisure.co.uk/centre/hanworth-air-park-leisure-centre
Lampton_3084,London Venue,Lampton,Lane Swim 20:00,Swimming,Swimming | Swimming,False,6.55,Brentford Fountain,TW8 0HJ,Hounslow,,,20:00,20:45,,1,False,https://www.lamptonleisure.co.uk/centre/brentford-fountain-leisure-centre
Lampton_3085,London Venue,Lampton,Zumba Fri 19:00,Group Exercise,Group | Group Exercise Classes,False,8.0,Hanworth Air Park,TW13 5EG,Hounslow,,,19:00,19:45,,1,False,https://www.lamptonleisure.co.uk/centre/hanworth-air-park-leisure-centre
Lampton_3086,London Venue,Lampton,Women Weightlifting 11:30,Group Exercise,Group | Group Exercise Classes,False,10.55,Heston Pools And Fitness,TW5 0LW,Hounslow,,,11:30,12:30,Thursday,1,False,https://www.lamptonleisure.co.uk/centre/heston-pools-and-fitness
Lampton_3087,London Venue,Lampton,Zumba Sat 09:15,Group Exercise,Group | Group Exercise Classes,False,8.0,Hanworth Air Park,TW13 5EG,Hounslow,,,09:15,10:00,,1,False,https://www.lamptonleisure.co.uk/centre/hanworth-air-park-leisure-centre
Lampton_3088,London Venue,Lampton,Lane Swim Mon 08:30,Swimming,Swimming | Swimming,False,6.55,New Chiswick Pool,W4 2RG,Hounslow,,,08:30,09:30,,1,False,https://www.lamptonleisure.co.uk/centre/new-chiswick-pool
Lampton_3089,London Venue,Lampton,Lane Swim 14:30,Swimming,Swimming | Swimming,False,6.55,Heston Pools And Fitness,TW5 0LW,Hounslow,,,14:30,15:45,Wednesday,1,False,https://www.lamptonleisure.co.uk/centre/heston-pools-and-fitness
Lampton_3090,London Venue,Lampton,Full Body Burn,Group Exercise,Group | Group Exercise Classes,False,8.0,Hanworth Air Park,TW13 5EG,Hounslow,,,11:00,11:45,,1,False,https://www.lamptonleisure.co.uk/centre/hanworth-air-park-leisure-centre
Lampton_3091,London Venue,Lampton,Core Workout Sat 11:45,Group Exercise,Group | Group Exercise Classes,False,8.0,Hanworth Air Park,TW13 5EG,Hounslow,,,11:45,12:30,,1,False,https://www.lamptonleisure.co.uk/centre/hanworth-air-park-leisure-centre
Lampton_3092,London Venue,Lampton,Indoor Cycling Sat 10:15,Group Exercise,Group | Group Exercise Classes,False,8.0,Hanworth Air Park,TW13 5EG,Hounslow,,,10:15,11:00,,1,False,https://www.lamptonleisure.co.uk/centre/hanworth-air-park-leisure-centre
Lampton_3093,London Venue,Lampton,Swim Session 10:00-11:30,Swimming,Swimming | Swimming,False,6.55,Hanworth Air Park,TW13 5EG,Hounslow,,,10:00,11:30,,1,False,https://www.lamptonleisure.co.uk/centre/hanworth-air-park-leisure-centre
Lampton_3094,London Venue,Lampton,Swim Session 10:30-12:00,Swimming,Swimming | Swimming,False,6.55,Hanworth Air Park,TW13 5EG,Hounslow,,,10:30,12:00,,1,False,https://www.lamptonleisure.co.uk/centre/hanworth-air-park-leisure-centre
Lampton_3095,London Venue,Lampton,Lane Swim 13:30,Swimming,Swimming | Swimming,False,6.55,Isleworth Leisure Centre,TW7 7EU,Hounslow,,,13:30,14:30,,1,False,https://www.lamptonleisure.co.uk/centre/isleworth-leisure-centre-and-library
Lampton_3096,London Venue,Lampton,Inflatable Session 16:00,Swimming,Swimming | Swimming,False,6.55,Isleworth Leisure Centre,TW7 7EU,Hounslow,,,14:30,15:30,,1,False,https://www.lamptonleisure.co.uk/centre/isleworth-leisure-centre-and-library
Lampton_3097,London Venue,Lampton,Inflatable 15:00,Swimming,Swimming | Swimming,False,6.55,Isleworth Leisure Centre,TW7 7EU,Hounslow,,,15:30,16:15,,1,False,https://www.lamptonleisure.co.uk/centre/isleworth-leisure-centre-and-library
Lampton_3098,London Venue,Lampton,Lane Swim 16:15,Swimming,Swimming | Swimming,False,6.55,Isleworth Leisure Centre,TW7 7EU,Hounslow,,,16:15,17:00,,1,False,https://www.lamptonleisure.co.uk/centre/isleworth-leisure-centre-and-library
Lampton_3099,London Venue,Lampton,Lane Swim 11:00,Swimming,Swimming | Swimming,False,6.55,Heston Pools And Fitness,TW5 0LW,Hounslow,,,11:00,12:00,Saturday,1,False,https://www.lamptonleisure.co.uk/centre/heston-pools-and-fitness
Lampton_3100,London Venue,Lampton,Swim Session 11:00-12:30,Swimming,Swimming | Swimming,False,6.55,Hanworth Air Park,TW13 5EG,Hounslow,,,11:00,12:30,,1,False,https://www.lamptonleisure.co.uk/centre/hanworth-air-park-leisure-centre
Lampton_3101,London Venue,Lampton,Swim Session 11:30-13:00,Swimming,Swimming | Swimming,False,6.55,Hanworth Air Park,TW13 5EG,Hounslow,,,11:30,13:00,,1,False,https://www.lamptonleisure.co.uk/centre/hanworth-air-park-leisure-centre
Lampton_3102,London Venue,Lampton,Swim Session 12:00-13:30,Swimming,Swimming | Swimming,False,6.55,Hanworth Air Park,TW13 5EG,Hounslow,,,12:00,13:30,,1,False,https://www.lamptonleisure.co.uk/centre/hanworth-air-park-leisure-centre
Lampton_3103,London Venue,Lampton,Swim Session 12:30-14:00,Swimming,Swimming | Swimming,False,6.55,Hanworth Air Park,TW13 5EG,Hounslow,,,12:30,14:00,,1,False,https://www.lamptonleisure.co.uk/centre/hanworth-air-park-leisure-centre
Lampton_3104,London Venue,Lampton,Swim Session 13:00-14:30,Swimming,Swimming | Swimming,False,6.55,Hanworth Air Park,TW13 5EG,Hounslow,,,13:00,14:30,,1,False,https://www.lamptonleisure.co.uk/centre/hanworth-air-park-leisure-centre
Lampton_3105,London Venue,Lampton,Swim Session 13:30-15:00,Swimming,Swimming | Swimming,False,6.55,Hanworth Air Park,TW13 5EG,Hounslow,,,13:30,15:00,,1,False,https://www.lamptonleisure.co.uk/centre/hanworth-air-park-leisure-centre
Lampton_3106,London Venue,Lampton,Swim Session 14:00-15:30,Swimming,Swimming | Swimming,False,6.55,Hanworth Air Park,TW13 5EG,Hounslow,,,14:00,15:30,,1,False,https://www.lamptonleisure.co.uk/centre/hanworth-air-park-leisure-centre
Lampton_3107,London Venue,Lampton,Swim Session 14:30-15:30,Swimming,Swimming | Swimming,False,6.55,Hanworth Air Park,TW13 5EG,Hounslow,,,14:30,16:00,,1,False,https://www.lamptonleisure.co.uk/centre/hanworth-air-park-leisure-centre
Lampton_3108,London Venue,Lampton,Swim Session 15:00-16:30,Swimming,Swimming | Swimming,False,6.55,Hanworth Air Park,TW13 5EG,Hounslow,,,15:00,16:30,,1,False,https://www.lamptonleisure.co.uk/centre/hanworth-air-park-leisure-centre
Lampton_3109,London Venue,Lampton,Swim Session 15:30-16:30,Swimming,Swimming | Swimming,False,6.55,Hanworth Air Park,TW13 5EG,Hounslow,,,15:30,16:30,,1,False,https://www.lamptonleisure.co.uk/centre/hanworth-air-park-leisure-centre
Lampton_3110,London Venue,Lampton,General Swim 09:30,Swimming,Swimming | Swimming,False,6.55,Isleworth Leisure Centre,TW7 7EU,Hounslow,,,09:30,10:30,,1,False,https://www.lamptonleisure.co.uk/centre/isleworth-leisure-centre-and-library
Lampton_3111,London Venue,Lampton,General Swim 10:30,Swimming,Swimming | Swimming,False,6.55,Isleworth Leisure Centre,TW7 7EU,Hounslow,,,10:30,11:30,,1,False,https://www.lamptonleisure.co.uk/centre/isleworth-leisure-centre-and-library
Lampton_3112,London Venue,Lampton,General Swim 11:30,Swimming,Swimming | Swimming,False,6.55,Isleworth Leisure Centre,TW7 7EU,Hounslow,,,11:30,12:30,,1,False,https://www.lamptonleisure.co.uk/centre/isleworth-leisure-centre-and-library
Lampton_3113,London Venue,Lampton,General Swim 12:30,Swimming,Swimming | Swimming,False,6.55,Isleworth Leisure Centre,TW7 7EU,Hounslow,,,12:30,13:30,,1,False,https://www.lamptonleisure.co.uk/centre/isleworth-leisure-centre-and-library
Lampton_3114,London Venue,Lampton,General Swim 13:30,Swimming,Swimming | Swimming,False,6.55,Isleworth Leisure Centre,TW7 7EU,Hounslow,,,13:30,14:30,,1,False,https://www.lamptonleisure.co.uk/centre/isleworth-leisure-centre-and-library
Lampton_3115,London Venue,Lampton,Lane Swim 08:00,Swimming,Swimming | Swimming,False,6.55,Isleworth Leisure Centre,TW7 7EU,Hounslow,,,08:00,08:45,,1,False,https://www.lamptonleisure.co.uk/centre/isleworth-leisure-centre-and-library
Lampton_3116,London Venue,Lampton,General Swim 11:15,Swimming,Swimming | Swimming,False,6.55,Brentford Fountain,TW8 0HJ,Hounslow,,,11:15,12:00,"Tuesday, Thursday",1,False,https://www.lamptonleisure.co.uk/centre/brentford-fountain-leisure-centre
Lampton_3117,London Venue,Lampton,Lane Swim 13:15,Swimming,Swimming | Swimming,False,6.55,Hanworth Air Park,TW13 5EG,Hounslow,,,13:15,14:00,Saturday,1,False,https://www.lamptonleisure.co.uk/centre/hanworth-air-park-leisure-centre
Lampton_3118,London Venue,Lampton,Yoga Sun 16:00,Group Exercise,Group | Group Exercise Classes,False,12.65,Hanworth Air Park,TW13 5EG,Hounslow,,,16:00,17:30,,1,False,https://www.lamptonleisure.co.uk/centre/hanworth-air-park-leisure-centre
Lampton_3119,London Venue,Lampton,Zumba Sun 10:00,Group Exercise,Group | Group Exercise Classes,False,8.0,Hanworth Air Park,TW13 5EG,Hounslow,,,10:00,10:45,,1,False,https://www.lamptonleisure.co.uk/centre/hanworth-air-park-leisure-centre
Lampton_3120,London Venue,Lampton,Zumba Sun 09:15,Group Exercise,Group | Group Exercise Classes,False,8.0,Hanworth Air Park,TW13 5EG,Hounslow,,,09:15,10:00,,1,False,https://www.lamptonleisure.co.uk/centre/hanworth-air-park-leisure-centre
Lampton_3121,London Venue,Lampton,Swim Session 10:00-11:30,Swimming,Swimming | Swimming,False,6.55,Hanworth Air Park,TW13 5EG,Hounslow,,,10:00,11:30,,1,False,https://www.lamptonleisure.co.uk/centre/hanworth-air-park-leisure-centre
Lampton_3122,London Venue,Lampton,Swim Session 10:30-12:00,Swimming,Swimming | Swimming,False,6.55,Hanworth Air Park,TW13 5EG,Hounslow,,,10:30,12:00,,1,False,https://www.lamptonleisure.co.uk/centre/hanworth-air-park-leisure-centre
Lampton_3123,London Venue,Lampton,Lane Swim 08:45,Swimming,Swimming | Swimming,False,6.55,Isleworth Leisure Centre,TW7 7EU,Hounslow,,,08:45,09:30,,1,False,https://www.lamptonleisure.co.uk/centre/isleworth-leisure-centre-and-library
Lampton_3124,London Venue,Lampton,Lane Swim 12:15,Swimming,Swimming | Swimming,False,6.55,Isleworth Leisure Centre,TW7 7EU,Hounslow,,,12:15,13:15,,1,False,https://www.lamptonleisure.co.uk/centre/isleworth-leisure-centre-and-library
Lampton_3125,London Venue,Lampton,Lane Swim 13:15,Swimming,Swimming | Swimming,False,6.55,Isleworth Leisure Centre,TW7 7EU,Hounslow,,,13:15,14:30,,1,False,https://www.lamptonleisure.co.uk/centre/isleworth-leisure-centre-and-library
Lampton_3126,London Venue,Lampton,Swim Session 11:00-12:30,Swimming,Swimming | Swimming,False,6.55,Hanworth Air Park,TW13 5EG,Hounslow,,,11:00,12:30,,1,False,https://www.lamptonleisure.co.uk/centre/hanworth-air-park-leisure-centre
Lampton_3127,London Venue,Lampton,Swim Session 11:30-13:00,Swimming,Swimming | Swimming,False,6.55,Hanworth Air Park,TW13 5EG,Hounslow,,,11:30,13:00,,1,False,https://www.lamptonleisure.co.uk/centre/hanworth-air-park-leisure-centre
Lampton_3128,London Venue,Lampton,Swim Session 12:00-13:30,Swimming,Swimming | Swimming,False,6.55,Hanworth Air Park,TW13 5EG,Hounslow,,,12:00,13:30,,1,False,https://www.lamptonleisure.co.uk/centre/hanworth-air-park-leisure-centre
Lampton_3129,London Venue,Lampton,Swim Session 12:30-14:00,Swimming,Swimming | Swimming,False,6.55,Hanworth Air Park,TW13 5EG,Hounslow,,,12:30,14:00,,1,False,https://www.lamptonleisure.co.uk/centre/hanworth-air-park-leisure-centre
Lampton_3130,London Venue,Lampton,Swim Session 13:00-14:30,Swimming,Swimming | Swimming,False,6.55,Hanworth Air Park,TW13 5EG,Hounslow,,,13:00,14:30,,1,False,https://www.lamptonleisure.co.uk/centre/hanworth-air-park-leisure-centre
Lampton_3131,London Venue,Lampton,Aquafit Mon 09:15,Group Exercise,Group | Group Exercise Classes,False,8.0,Hanworth Air Park,TW13 5EG,Hounslow,,,09:15,10:00,,1,False,https://www.lamptonleisure.co.uk/centre/hanworth-air-park-leisure-centre
Lampton_3132,London Venue,Lampton,Lane Swim Mon 07:30,Swimming,Swimming | Swimming,False,6.55,New Chiswick Pool,W4 2RG,Hounslow,,,07:30,08:30,,1,False,https://www.lamptonleisure.co.uk/centre/new-chiswick-pool
Lampton_3133,London Venue,Lampton,Lane Swim 21:00,Swimming,Swimming | Swimming,False,6.55,Heston Pools And Fitness,TW5 0LW,Hounslow,,,21:00,21:45,"Monday, Tuesday, Wednesday, Thursday",1,False,https://www.lamptonleisure.co.uk/centre/heston-pools-and-fitness
Lampton_3134,London Venue,Lampton,Swim Session 13:30-15:00,Swimming,Swimming | Swimming,False,6.55,Hanworth Air Park,TW13 5EG,Hounslow,,,13:30,15:00,,1,False,https://www.lamptonleisure.co.uk/centre/hanworth-air-park-leisure-centre
Lampton_3135,London Venue,Lampton,Swim Session 14:00-15:30,Swimming,Swimming | Swimming,False,6.55,Hanworth Air Park,TW13 5EG,Hounslow,,,14:00,15:30,,1,False,https://www.lamptonleisure.co.uk/centre/hanworth-air-park-leisure-centre
Lampton_3136,London Venue,Lampton,Swim Session 14:30-16:00,Swimming,Swimming | Swimming,False,6.55,Hanworth Air Park,TW13 5EG,Hounslow,,,14:30,16:00,,1,False,https://www.lamptonleisure.co.uk/centre/hanworth-air-park-leisure-centre
Lampton_3137,London Venue,Lampton,Swim Session 15:00-16:30,Swimming,Swimming | Swimming,False,6.55,Hanworth Air Park,TW13 5EG,Hounslow,,,15:00,16:30,,1,False,https://www.lamptonleisure.co.uk/centre/hanworth-air-park-leisure-centre
Lampton_3138,London Venue,Lampton,Swim Session 15:30-16:30,Swimming,Swimming | Swimming,False,6.55,Hanworth Air Park,TW13 5EG,Hounslow,,,15:30,16:30,,1,False,https://www.lamptonleisure.co.uk/centre/hanworth-air-park-leisure-centre
Lampton_3139,London Venue,Lampton,Lane Swim 19:00,Swimming,Swimming | Swimming,False,6.55,New Chiswick Pool,W4 2RG,Hounslow,,,19:15,20:00,,1,False,https://www.lamptonleisure.co.uk/centre/new-chiswick-pool
Lampton_3140,London Venue,Lampton,Lane Swim 20:00,Swimming,Swimming | Swimming,False,6.55,New Chiswick Pool,W4 2RG,Hounslow,,,20:00,21:00,,1,False,https://www.lamptonleisure.co.uk/centre/new-chiswick-pool
Lampton_3141,London Venue,Lampton,Hydrohex Power Tue 15:00,Group Exercise,Group | Group Exercise Classes,False,8.0,Isleworth Leisure Centre,TW7 7EU,Hounslow,,,15:00,15:45,,1,False,https://www.lamptonleisure.co.uk/centre/isleworth-leisure-centre-and-library
Lampton_3142,London Venue,Lampton,Lane Swim 12:45,Swimming,Swimming | Swimming,False,6.55,Hanworth Air Park,TW13 5EG,Hounslow,,,12:45,14:00,,1,False,https://www.lamptonleisure.co.uk/centre/hanworth-air-park-leisure-centre
Lampton_3143,London Venue,Lampton,Full Body Circuit,Group Exercise,Group | Group Exercise Classes,False,8.0,Hanworth Air Park,TW13 5EG,Hounslow,,,19:15,20:00,,1,False,https://www.lamptonleisure.co.uk/centre/hanworth-air-park-leisure-centre
Lampton_3144,London Venue,Lampton,Hatha Yoga Fri 11:30,Group Exercise,Group | Group Exercise Classes,False,12.65,Hanworth Air Park,TW13 5EG,Hounslow,,,11:30,13:00,,1,False,https://www.lamptonleisure.co.uk/centre/hanworth-air-park-leisure-centre
Lampton_3145,London Venue,Lampton,Lane Swim Tue 06:30,Swimming,Swimming | Swimming,False,6.55,New Chiswick Pool,W4 2RG,Hounslow,,,06:30,07:30,,1,False,https://www.lamptonleisure.co.uk/centre/new-chiswick-pool
Lampton_3146,London Venue,Lampton,Running Class Wed 18:00,Walking / Running,Running | Running Track,False,6.05,Osterley Sports Centre,TW7 5FF,Hounslow,,,18:00,19:00,,1,False,https://www.lamptonleisure.co.uk/centre/osterley-sports-and-athletic-centre
Lampton_3147,London Venue,Lampton,60+ Chair Fitness Class,Group Exercise,Group | Group Exercise Classes,False,5.25,Brentford Fountain,TW8 0HJ,Hounslow,,,11:00,12:00,,1,False,https://www.lamptonleisure.co.uk/centre/brentford-fountain-leisure-centre
Lampton_3148,London Venue,Lampton,E O R Chair Fitness,Group Exercise,Group | Group Exercise Classes,False,4.800000000000001,Isleworth Leisure Centre,TW7 7EU,Hounslow,,,12:00,13:00,,1,False,https://www.lamptonleisure.co.uk/centre/isleworth-leisure-centre-and-library
Lampton_3149,London Venue,Lampton,Lane Swim Wed 13:00,Swimming,Swimming | Swimming,False,6.55,New Chiswick Pool,W4 2RG,Hounslow,,,13:00,14:00,,1,False,https://www.lamptonleisure.co.uk/centre/new-chiswick-pool
Lampton_3150,London Venue,Lampton,Lane Swim,Swimming,Swimming | Swimming,False,6.55,New Chiswick Pool,W4 2RG,Hounslow,,,09:30,10:00,,1,False,https://www.lamptonleisure.co.uk/centre/new-chiswick-pool
Lampton_3151,London Venue,Lampton,Lane Swim,Swimming,Swimming | Swimming,False,6.55,New Chiswick Pool,W4 2RG,Hounslow,,,08:30,09:30,,1,False,https://www.lamptonleisure.co.uk/centre/new-chiswick-pool
Lampton_3152,London Venue,Lampton,Lane Swim,Swimming,Swimming | Swimming,False,6.55,New Chiswick Pool,W4 2RG,Hounslow,,,16:00,17:00,,1,False,https://www.lamptonleisure.co.uk/centre/new-chiswick-pool
Lampton_3153,London Venue,Lampton,Lane Swim,Swimming,Swimming | Swimming,False,6.55,New Chiswick Pool,W4 2RG,Hounslow,,,17:00,18:00,,1,False,https://www.lamptonleisure.co.uk/centre/new-chiswick-pool
Lampton_3154,London Venue,Lampton,Yin Yoga Fri 17:15,Group Exercise,Group | Group Exercise Classes,False,12.65,Isleworth Leisure Centre,TW7 7EU,Hounslow,,,17:15,18:14,,1,False,https://www.lamptonleisure.co.uk/centre/isleworth-leisure-centre-and-library
Lampton_3155,London Venue,Lampton,General Swim,Swimming,Swimming | Swimming,False,6.55,New Chiswick Pool,W4 2RG,Hounslow,,,10:45,11:30,,1,False,https://www.lamptonleisure.co.uk/centre/new-chiswick-pool
Lampton_3156,London Venue,Lampton,Bee Netball Friday 16:00,Other / Unspecified,Sports | Sports Activities,,,Osterley Sports Centre,TW7 5FF,Hounslow,,,16:00,17:00,,1,False,https://www.lamptonleisure.co.uk/centre/osterley-sports-and-athletic-centre
Lampton_3157,London Venue,Lampton,General Swim,Swimming,Swimming | Swimming,False,6.55,New Chiswick Pool,W4 2RG,Hounslow,,,10:00,10:45,,1,False,https://www.lamptonleisure.co.uk/centre/new-chiswick-pool
Lampton_3158,London Venue,Lampton,Lane Swim,Swimming,Swimming | Swimming,False,6.55,New Chiswick Pool,W4 2RG,Hounslow,,,18:00,19:00,,1,False,https://www.lamptonleisure.co.uk/centre/new-chiswick-pool
Lampton_3159,London Venue,Lampton,Yoga/pilates Wed 19:45,Group Exercise,Group | Group Exercise Classes,False,12.65,Isleworth Leisure Centre,TW7 7EU,Hounslow,,,19:45,20:45,Wednesday,1,False,https://www.lamptonleisure.co.uk/centre/isleworth-leisure-centre-and-library
Lampton_3160,London Venue,Lampton,Pilates Tues 19:30,Group Exercise,Group | Group Exercise Classes,False,11.6,Hanworth Air Park,TW13 5EG,Hounslow,,,19:30,20:30,Tuesday,1,False,https://www.lamptonleisure.co.uk/centre/hanworth-air-park-leisure-centre
Lampton_3161,London Venue,Lampton,Yin Yoga 18:30,Group Exercise,Group | Group Exercise Classes,False,12.65,Hanworth Air Park,TW13 5EG,Hounslow,,,18:30,20:00,Thursday,1,False,https://www.lamptonleisure.co.uk/centre/hanworth-air-park-leisure-centre
Lampton_3162,London Venue,Lampton,Cardio Tennis,Group Exercise,Group | Group Exercise Classes,,,Hanworth Air Park,TW13 5EG,Hounslow,,,11:00,12:00,Wednesday,1,False,https://www.lamptonleisure.co.uk/centre/hanworth-air-park-leisure-centre
Lampton_3163,London Venue,Lampton,Lane Swim 11:00,Swimming,Swimming | Swimming,False,6.55,Brentford Fountain,TW8 0HJ,Hounslow,,,11:00,12:00,Sunday,1,False,https://www.lamptonleisure.co.uk/centre/brentford-fountain-leisure-centre
Lampton_3164,London Venue,Lampton,Lane Swim 09:00,Swimming,Swimming | Swimming,False,6.55,Brentford Fountain,TW8 0HJ,Hounslow,,,09:00,10:00,Sunday,1,False,https://www.lamptonleisure.co.uk/centre/brentford-fountain-leisure-centre
Lampton_3165,London Venue,Lampton,Lane Swim 14:00,Swimming,Swimming | Swimming,False,6.55,Brentford Fountain,TW8 0HJ,Hounslow,,,14:00,15:00,,1,False,https://www.lamptonleisure.co.uk/centre/brentford-fountain-leisure-centre
Lampton_3166,London Venue,Lampton,Lane Swim 08:00,Swimming,Swimming | Swimming,False,6.55,Brentford Fountain,TW8 0HJ,Hounslow,,,08:00,09:00,,1,False,https://www.lamptonleisure.co.uk/centre/brentford-fountain-leisure-centre
Lampton_3167,London Venue,Lampton,Lane Swim 16:45,Swimming,Swimming | Swimming,False,6.55,Brentford Fountain,TW8 0HJ,Hounslow,,,16:45,17:30,,1,False,https://www.lamptonleisure.co.uk/centre/brentford-fountain-leisure-centre
Lampton_3168,London Venue,Lampton,Lane Swim 10:00,Swimming,Swimming | Swimming,False,6.55,Brentford Fountain,TW8 0HJ,Hounslow,,,10:00,11:00,Sunday,1,False,https://www.lamptonleisure.co.uk/centre/brentford-fountain-leisure-centre
Lampton_3169,London Venue,Lampton,Lane Swim 13:00,Swimming,Swimming | Swimming,False,6.55,Brentford Fountain,TW8 0HJ,Hounslow,,,13:00,14:00,Sunday,1,False,https://www.lamptonleisure.co.uk/centre/brentford-fountain-leisure-centre
Lampton_3170,London Venue,Lampton,Lane Swim 15:00,Swimming,Swimming | Swimming,False,6.55,Brentford Fountain,TW8 0HJ,Hounslow,,,15:00,16:00,,1,False,https://www.lamptonleisure.co.uk/centre/brentford-fountain-leisure-centre
Lampton_3171,London Venue,Lampton,Lane Swim 12:00,Swimming,Swimming | Swimming,False,6.55,Brentford Fountain,TW8 0HJ,Hounslow,,,12:00,13:00,Sunday,1,False,https://www.lamptonleisure.co.uk/centre/brentford-fountain-leisure-centre
Lampton_3172,London Venue,Lampton,Upper Body Workout,Group Exercise,Group | Group Exercise Classes,False,10.55,Brentford Fountain,TW8 0HJ,Hounslow,,,07:45,08:45,,1,False,https://www.lamptonleisure.co.uk/centre/brentford-fountain-leisure-centre
Lampton_3173,London Venue,Lampton,Stretch & Flex,Group Exercise,Group | Group Exercise Classes,False,5.9,Brentford Fountain,TW8 0HJ,Hounslow,,,12:00,12:30,"Monday, Tuesday",1,False,https://www.lamptonleisure.co.uk/centre/brentford-fountain-leisure-centre
Lampton_3174,London Venue,Lampton,Mobility Exercises,Group Exercise,Group | Group Exercise Classes,False,5.9,Brentford Fountain,TW8 0HJ,Hounslow,,,19:45,20:15,"Tuesday, Thursday",1,False,https://www.lamptonleisure.co.uk/centre/brentford-fountain-leisure-centre
Lampton_3175,London Venue,Lampton,Abdominal Blast,Group Exercise,Group | Group Exercise Classes,False,5.9,Brentford Fountain,TW8 0HJ,Hounslow,,,07:45,08:15,"Monday, Tuesday, Wednesday, Thursday",1,False,https://www.lamptonleisure.co.uk/centre/brentford-fountain-leisure-centre
Lampton_3176,London Venue,Lampton,Kettlebell Workout,Group Exercise,Group | Group Exercise Classes,False,5.9,Brentford Fountain,TW8 0HJ,Hounslow,,,10:00,10:30,"Monday, Tuesday, Wednesday, Thursday",1,False,https://www.lamptonleisure.co.uk/centre/brentford-fountain-leisure-centre
Lampton_3177,London Venue,Lampton,Hatha Yoga 17:15,Group Exercise,Group | Group Exercise Classes,False,12.65,Hanworth Air Park,TW13 5EG,Hounslow,,,17:15,18:30,Tuesday,1,False,https://www.lamptonleisure.co.uk/centre/hanworth-air-park-leisure-centre
Lampton_3178,London Venue,Lampton,Junior Gym 11:00,Other / Unspecified,Junior | Junior Activities,,,New Chiswick Pool,W4 2RG,Hounslow,,,11:00,12:00,"Sunday, Saturday",1,False,https://www.lamptonleisure.co.uk/centre/new-chiswick-pool
Lampton_3179,London Venue,Lampton,Junior Gym 16:30,Other / Unspecified,Junior | Junior Activities,,,New Chiswick Pool,W4 2RG,Hounslow,,,16:30,17:30,"Tuesday, Wednesday, Thursday, Friday",1,False,https://www.lamptonleisure.co.uk/centre/new-chiswick-pool
Lampton_3180,London Venue,Lampton,Junior Gym 10:00,Other / Unspecified,Junior | Junior Activities,,,New Chiswick Pool,W4 2RG,Hounslow,,,10:00,11:00,"Sunday, Saturday",1,False,https://www.lamptonleisure.co.uk/centre/new-chiswick-pool
Lampton_3181,London Venue,Lampton,Junior Gym 15:30,Other / Unspecified,Junior | Junior Activities,,,New Chiswick Pool,W4 2RG,Hounslow,,,15:30,16:30,"Tuesday, Wednesday, Thursday, Friday",1,False,https://www.lamptonleisure.co.uk/centre/new-chiswick-pool
Lampton_3182,London Venue,Lampton,Core Club 11am,Group Exercise,Group | Group Exercise Classes,False,6.2,New Chiswick Pool,W4 2RG,Hounslow,,,11:00,11:30,Monday,1,False,https://www.lamptonleisure.co.uk/centre/new-chiswick-pool
Lampton_3183,London Venue,Lampton,50+ Strength On Chairs,Group Exercise,Group | Group Exercise Classes,False,8.0,Isleworth Leisure Centre,TW7 7EU,Hounslow,,,11:15,12:00,,1,False,https://www.lamptonleisure.co.uk/centre/isleworth-leisure-centre-and-library
Lampton_3184,London Venue,Lampton,Zumba Mon 09:15,Group Exercise,Group | Group Exercise Classes,False,10.55,Isleworth Leisure Centre,TW7 7EU,Hounslow,,,09:15,10:15,Monday,1,False,https://www.lamptonleisure.co.uk/centre/isleworth-leisure-centre-and-library
Lampton_3185,London Venue,Lampton,50+ Aerobics Tue 11:00,Group Exercise,Group | Group Exercise Classes,False,10.55,Isleworth Leisure Centre,TW7 7EU,Hounslow,,,11:00,12:00,,1,False,https://www.lamptonleisure.co.uk/centre/isleworth-leisure-centre-and-library
Lampton_3186,London Venue,Lampton,Pilates Tue 10:00,Group Exercise,Group | Group Exercise Classes,False,11.6,Isleworth Leisure Centre,TW7 7EU,Hounslow,,,10:00,10:55,,1,False,https://www.lamptonleisure.co.uk/centre/isleworth-leisure-centre-and-library
Lampton_3187,London Venue,Lampton,Inflatable Session 8yrs+,Swimming,Swimming | Swimming,False,8.15,Isleworth Leisure Centre,TW7 7EU,Hounslow,,,15:05,16:00,,1,False,https://www.lamptonleisure.co.uk/centre/isleworth-leisure-centre-and-library
Lampton_3188,London Venue,Lampton,Spinsanity Thu 09:30,Group Exercise,Group | Group Exercise Classes,False,10.55,Isleworth Leisure Centre,TW7 7EU,Hounslow,,,09:30,10:25,,1,False,https://www.lamptonleisure.co.uk/centre/isleworth-leisure-centre-and-library
Lampton_3189,London Venue,Lampton,Cardo Tennis Tue 14:00,Group Exercise,Group | Group Exercise Classes,False,10.55,Isleworth Leisure Centre,TW7 7EU,Hounslow,,,14:00,15:00,,1,False,https://www.lamptonleisure.co.uk/centre/isleworth-leisure-centre-and-library
Lampton_3190,London Venue,Lampton,Step 06:30,Group Exercise,Group | Group Exercise Classes,False,5.9,Hanworth Air Park,TW13 5EG,Hounslow,,,06:30,07:15,,1,False,https://www.lamptonleisure.co.uk/centre/hanworth-air-park-leisure-centre
Lampton_3191,London Venue,Lampton,Aqua Fit 50+,Group Exercise,Group | Group Exercise Classes,False,5.9,Hanworth Air Park,TW13 5EG,Hounslow,,,14:45,15:30,,1,False,https://www.lamptonleisure.co.uk/centre/hanworth-air-park-leisure-centre
Lampton_3192,London Venue,Lampton,Dance Fri 09:30,Group Exercise,Group | Group Exercise Classes,False,8.0,Hanworth Air Park,TW13 5EG,Hounslow,,,09:30,10:15,,1,False,https://www.lamptonleisure.co.uk/centre/hanworth-air-park-leisure-centre
Lampton_3193,London Venue,Lampton,Body Balance,Group Exercise,Group | Group Exercise Classes,False,10.55,Hanworth Air Park,TW13 5EG,Hounslow,,,10:20,11:20,,1,False,https://www.lamptonleisure.co.uk/centre/hanworth-air-park-leisure-centre
Lampton_3194,London Venue,Lampton,Pilates Sun 11:00,Group Exercise,Group | Group Exercise Classes,False,11.6,Isleworth Leisure Centre,TW7 7EU,Hounslow,,,11:00,11:59,,1,False,https://www.lamptonleisure.co.uk/centre/isleworth-leisure-centre-and-library
Lampton_3195,London Venue,Lampton,Yoga Fri 11:00,Group Exercise,Group | Group Exercise Classes,False,12.65,Isleworth Leisure Centre,TW7 7EU,Hounslow,,,11:00,12:00,,1,False,https://www.lamptonleisure.co.uk/centre/isleworth-leisure-centre-and-library
Lampton_3196,London Venue,Lampton,Cardio Tennis Mon 12:30,Group Exercise,Group | Group Exercise Classes,False,10.55,Hanworth Air Park,TW13 5EG,Hounslow,,,12:30,13:30,,1,False,https://www.lamptonleisure.co.uk/centre/hanworth-air-park-leisure-centre
Lampton_3197,London Venue,Lampton,Cardio Tennis Tues 12:30,Group Exercise,Group | Group Exercise Classes,False,10.55,Hanworth Air Park,TW13 5EG,Hounslow,,,12:30,13:30,,1,False,https://www.lamptonleisure.co.uk/centre/hanworth-air-park-leisure-centre
Lampton_3198,London Venue,Lampton,Aqua Fit,Group Exercise,Group | Group Exercise Classes,False,10.55,Hanworth Air Park,TW13 5EG,Hounslow,,,19:30,20:30,,1,False,https://www.lamptonleisure.co.uk/centre/hanworth-air-park-leisure-centre
Lampton_3199,London Venue,Lampton,Step Aerobic Thu 18:15,Group Exercise,Group | Group Exercise Classes,False,10.55,Isleworth Leisure Centre,TW7 7EU,Hounslow,,,18:15,19:10,,1,False,https://www.lamptonleisure.co.uk/centre/isleworth-leisure-centre-and-library
Lampton_3200,London Venue,Lampton,Stretch Mobility 12:15,Group Exercise,Group | Group Exercise Classes,False,8.0,Heston Pools And Fitness,TW5 0LW,Hounslow,,,12:00,12:45,,1,False,https://www.lamptonleisure.co.uk/centre/heston-pools-and-fitness
Lampton_3201,London Venue,Lampton,Power Yoga Lvl2 Sun 9:50,Group Exercise,Group | Group Exercise Classes,False,12.65,Isleworth Leisure Centre,TW7 7EU,Hounslow,,,09:50,10:49,,1,False,https://www.lamptonleisure.co.uk/centre/isleworth-leisure-centre-and-library
Lampton_3202,London Venue,Lampton,Step Monday 08:45,Group Exercise,Group | Group Exercise Classes,False,8.0,Brentford Fountain,TW8 0HJ,Hounslow,,,08:45,09:30,,1,False,https://www.lamptonleisure.co.uk/centre/brentford-fountain-leisure-centre
Lampton_3203,London Venue,Lampton,Bounce Thu 20:00,Group Exercise,Group | Group Exercise Classes,False,10.55,Brentford Fountain,TW8 0HJ,Hounslow,,,20:00,21:00,,1,False,https://www.lamptonleisure.co.uk/centre/brentford-fountain-leisure-centre
Lampton_3204,London Venue,Lampton,Box Fit Thu 19:00,Group Exercise,Group | Group Exercise Classes,False,8.0,Brentford Fountain,TW8 0HJ,Hounslow,,,19:00,19:45,,1,False,https://www.lamptonleisure.co.uk/centre/brentford-fountain-leisure-centre
Lampton_3205,London Venue,Lampton,Lets Lift And Core,Group Exercise,Group | Group Exercise Classes,False,8.0,New Chiswick Pool,W4 2RG,Hounslow,,,10:30,11:15,,1,False,https://www.lamptonleisure.co.uk/centre/new-chiswick-pool
Lampton_3206,London Venue,Lampton,Les Mills Body Combat,Group Exercise,Group | Group Exercise Classes,False,8.0,New Chiswick Pool,W4 2RG,Hounslow,,,09:30,10:15,Sunday,1,False,https://www.lamptonleisure.co.uk/centre/new-chiswick-pool
Lampton_3207,London Venue,Lampton,Mixed Aqua Fri 09:30,Group Exercise,Group | Group Exercise Classes,False,8.0,New Chiswick Pool,W4 2RG,Hounslow,,,09:30,10:15,,1,False,https://www.lamptonleisure.co.uk/centre/new-chiswick-pool
Lampton_3208,London Venue,Lampton,Total Body Tone Thu 09:30,Group Exercise,Group | Group Exercise Classes,False,8.0,New Chiswick Pool,W4 2RG,Hounslow,,,09:30,10:15,,1,False,https://www.lamptonleisure.co.uk/centre/new-chiswick-pool
Lampton_3209,London Venue,Lampton,Body Balance Fri 08:45,Group Exercise,Group | Group Exercise Classes,False,8.0,New Chiswick Pool,W4 2RG,Hounslow,,,08:45,09:30,,1,False,https://www.lamptonleisure.co.uk/centre/new-chiswick-pool
Lampton_3210,London Venue,Lampton,Body Balance Fri 18:00,Group Exercise,Group | Group Exercise Classes,False,8.0,New Chiswick Pool,W4 2RG,Hounslow,,,18:00,18:45,,1,False,https://www.lamptonleisure.co.uk/centre/new-chiswick-pool
Lampton_3211,London Venue,Lampton,Les Mills Body Balance,Group Exercise,Group | Group Exercise Classes,False,8.0,New Chiswick Pool,W4 2RG,Hounslow,,,11:15,12:00,,1,False,https://www.lamptonleisure.co.uk/centre/new-chiswick-pool
Lampton_3212,London Venue,Lampton,Boxing Fit Sat 10:30,Group Exercise,Group | Group Exercise Classes,False,8.0,New Chiswick Pool,W4 2RG,Hounslow,,,10:30,11:15,,1,False,https://www.lamptonleisure.co.uk/centre/new-chiswick-pool
Lampton_3213,London Venue,Lampton,Les Mills Body Balance,Group Exercise,Group | Group Exercise Classes,False,8.0,New Chiswick Pool,W4 2RG,Hounslow,,,10:15,11:00,,1,False,https://www.lamptonleisure.co.uk/centre/new-chiswick-pool
Lampton_3214,London Venue,Lampton,Les Mills Strength + Dev,Group Exercise,Group | Group Exercise Classes,False,8.0,New Chiswick Pool,W4 2RG,Hounslow,,,18:00,18:45,,1,False,https://www.lamptonleisure.co.uk/centre/new-chiswick-pool
Lampton_3215,London Venue,Lampton,Boxfit Tue 10:15,Group Exercise,Group | Group Exercise Classes,False,8.0,New Chiswick Pool,W4 2RG,Hounslow,,,10:15,11:00,,1,False,https://www.lamptonleisure.co.uk/centre/new-chiswick-pool
Lampton_3216,London Venue,Lampton,Les Mills Body Balance,Group Exercise,Group | Group Exercise Classes,False,8.0,New Chiswick Pool,W4 2RG,Hounslow,,,11:00,11:45,,1,False,https://www.lamptonleisure.co.uk/centre/new-chiswick-pool
Lampton_3217,London Venue,Lampton,Mixed Aqua Fri 10:15,Group Exercise,Group | Group Exercise Classes,False,8.0,New Chiswick Pool,W4 2RG,Hounslow,,,10:15,11:00,,1,False,https://www.lamptonleisure.co.uk/centre/new-chiswick-pool
Lampton_3218,London Venue,Lampton,Les Mills Body Combat,Group Exercise,Group | Group Exercise Classes,False,8.0,New Chiswick Pool,W4 2RG,Hounslow,,,18:45,19:30,,1,False,https://www.lamptonleisure.co.uk/centre/new-chiswick-pool
Lampton_3219,London Venue,Lampton,Indoor Cycling 19:00,Group Exercise,Group | Group Exercise Classes,False,8.0,New Chiswick Pool,W4 2RG,Hounslow,,,19:00,19:45,Thursday,1,False,https://www.lamptonleisure.co.uk/centre/new-chiswick-pool
Lampton_3220,London Venue,Lampton,Bootcamp Mon 17:00,Group Exercise,Group | Group Exercise Classes,False,8.0,New Chiswick Pool,W4 2RG,Hounslow,,,17:00,17:45,,1,False,https://www.lamptonleisure.co.uk/centre/new-chiswick-pool
Lampton_3221,London Venue,Lampton,Les Mills Body Combat Tue,Group Exercise,Group | Group Exercise Classes,False,8.0,New Chiswick Pool,W4 2RG,Hounslow,,,19:15,20:00,,1,False,https://www.lamptonleisure.co.uk/centre/new-chiswick-pool
Lampton_3222,London Venue,Lampton,Les Mills Body Balance,Group Exercise,Group | Group Exercise Classes,False,8.0,New Chiswick Pool,W4 2RG,Hounslow,,,10:45,11:30,,1,False,https://www.lamptonleisure.co.uk/centre/new-chiswick-pool
Lampton_3223,London Venue,Lampton,Spin Tue 18:30,Group Exercise,Group | Group Exercise Classes,False,8.0,New Chiswick Pool,W4 2RG,Hounslow,,,18:30,19:15,Tuesday,1,False,https://www.lamptonleisure.co.uk/centre/new-chiswick-pool
Lampton_3224,London Venue,Lampton,Circuits,Group Exercise,Group | Group Exercise Classes,False,8.0,New Chiswick Pool,W4 2RG,Hounslow,,,09:30,10:15,Tuesday,1,False,https://www.lamptonleisure.co.uk/centre/new-chiswick-pool
Lampton_3225,London Venue,Lampton,Les Mills Body Pump,Group Exercise,Group | Group Exercise Classes,False,8.0,New Chiswick Pool,W4 2RG,Hounslow,,,09:30,10:15,Friday,1,False,https://www.lamptonleisure.co.uk/centre/new-chiswick-pool
Lampton_3226,London Venue,Lampton,Les Mills Strength & Dev,Group Exercise,Group | Group Exercise Classes,False,8.0,New Chiswick Pool,W4 2RG,Hounslow,,,18:00,18:45,Wednesday,1,False,https://www.lamptonleisure.co.uk/centre/new-chiswick-pool
Lampton_3227,London Venue,Lampton,Les Mills Body Pump Mon,Group Exercise,Group | Group Exercise Classes,False,8.0,New Chiswick Pool,W4 2RG,Hounslow,,,10:00,10:45,,1,False,https://www.lamptonleisure.co.uk/centre/new-chiswick-pool
Lampton_3228,London Venue,Lampton,Les Mills Body Combat Mon,Group Exercise,Group | Group Exercise Classes,False,8.0,New Chiswick Pool,W4 2RG,Hounslow,,,09:00,09:45,,1,False,https://www.lamptonleisure.co.uk/centre/new-chiswick-pool
Lampton_3229,London Venue,Lampton,Aqua Mixed,Group Exercise,Group | Group Exercise Classes,False,8.0,New Chiswick Pool,W4 2RG,Hounslow,,,09:45,10:30,,1,False,https://www.lamptonleisure.co.uk/centre/new-chiswick-pool
Lampton_3230,London Venue,Lampton,Aqua Mixed,Group Exercise,Group | Group Exercise Classes,False,8.0,New Chiswick Pool,W4 2RG,Hounslow,,,10:30,11:15,,1,False,https://www.lamptonleisure.co.uk/centre/new-chiswick-pool
Lampton_3231,London Venue,Lampton,Pilates Wed 19:30,Group Exercise,Group | Group Exercise Classes,False,11.6,Hanworth Air Park,TW13 5EG,Hounslow,,,19:30,20:15,,1,False,https://www.lamptonleisure.co.uk/centre/hanworth-air-park-leisure-centre
Lampton_3232,London Venue,Lampton,Les Mills Body Pump,Group Exercise,Group | Group Exercise Classes,False,8.0,New Chiswick Pool,W4 2RG,Hounslow,,,09:00,09:45,Wednesday,1,False,https://www.lamptonleisure.co.uk/centre/new-chiswick-pool
Lampton_3233,London Venue,Lampton,Aqua Zumba Wed,Group Exercise,Group | Group Exercise Classes,False,10.55,Heston Pools And Fitness,TW5 0LW,Hounslow,,,12:00,13:00,,1,False,https://www.lamptonleisure.co.uk/centre/heston-pools-and-fitness
Lampton_3234,London Venue,Lampton,Aqua Zumba Thur,Group Exercise,Group | Group Exercise Classes,False,8.0,Heston Pools And Fitness,TW5 0LW,Hounslow,,,12:15,13:00,,1,False,https://www.lamptonleisure.co.uk/centre/heston-pools-and-fitness
Lampton_3235,London Venue,Lampton,Kettlebells Workshop,Group Exercise,Group | Group Exercise Classes,False,10.55,Heston Pools And Fitness,TW5 0LW,Hounslow,,,19:10,20:10,,1,False,https://www.lamptonleisure.co.uk/centre/heston-pools-and-fitness
Lampton_3236,London Venue,Lampton,Lift & Core,Group Exercise,Group | Group Exercise Classes,False,8.0,New Chiswick Pool,W4 2RG,Hounslow,,,08:00,08:45,,1,False,https://www.lamptonleisure.co.uk/centre/new-chiswick-pool
Lampton_3237,London Venue,Lampton,Hiit,Group Exercise,Group | Group Exercise Classes,False,6.2,New Chiswick Pool,W4 2RG,Hounslow,,,08:00,08:30,,1,False,https://www.lamptonleisure.co.uk/centre/new-chiswick-pool
Lampton_3238,London Venue,Lampton,Les Mills Body Pump,Group Exercise,Group | Group Exercise Classes,False,8.0,New Chiswick Pool,W4 2RG,Hounslow,,,08:00,08:45,,1,False,https://www.lamptonleisure.co.uk/centre/new-chiswick-pool
Lampton_3239,London Venue,Lampton,50+ Strength-Stretch-Flex,Group Exercise,Group | Group Exercise Classes,False,10.55,Isleworth Leisure Centre,TW7 7EU,Hounslow,,,11:00,12:30,,1,False,https://www.lamptonleisure.co.uk/centre/isleworth-leisure-centre-and-library
Lampton_3240,London Venue,Lampton,Circuits Thurs 6:30am,Group Exercise,Group | Group Exercise Classes,False,8.0,Hanworth Air Park,TW13 5EG,Hounslow,,,06:30,07:15,Thursday,1,False,https://www.lamptonleisure.co.uk/centre/hanworth-air-park-leisure-centre
Lampton_3241,London Venue,Lampton,Kettlebells Fri 18:50,Group Exercise,Group | Group Exercise Classes,False,10.55,Heston Pools And Fitness,TW5 0LW,Hounslow,,,18:50,19:50,Friday,1,False,https://www.lamptonleisure.co.uk/centre/heston-pools-and-fitness
Lampton_3242,London Venue,Lampton,Stretch & Mobility 19:50,Group Exercise,Group | Group Exercise Classes,False,8.0,Heston Pools And Fitness,TW5 0LW,Hounslow,,,19:50,20:35,Friday,1,False,https://www.lamptonleisure.co.uk/centre/heston-pools-and-fitness
Lampton_3243,London Venue,Lampton,Strength And Stamina17:00,Group Exercise,Group | Group Exercise Classes,False,8.0,Hanworth Air Park,TW13 5EG,Hounslow,,,17:00,17:45,,1,False,https://www.lamptonleisure.co.uk/centre/hanworth-air-park-leisure-centre
Lampton_3244,London Venue,Lampton,H I I T 18:00,Group Exercise,Group | Group Exercise Classes,False,8.0,Hanworth Air Park,TW13 5EG,Hounslow,,,18:00,18:45,,1,False,https://www.lamptonleisure.co.uk/centre/hanworth-air-park-leisure-centre
Lampton_3245,London Venue,Lampton,World Of Dance Tue 09:00,Group Exercise,Group | Group Exercise Classes,False,10.55,Isleworth Leisure Centre,TW7 7EU,Hounslow,,,09:00,09:55,,1,False,https://www.lamptonleisure.co.uk/centre/isleworth-leisure-centre-and-library
Lampton_3246,London Venue,Lampton,Lane Swim Wed 07:30,Swimming,Swimming | Swimming,False,6.55,New Chiswick Pool,W4 2RG,Hounslow,,,07:30,08:30,,1,False,https://www.lamptonleisure.co.uk/centre/new-chiswick-pool
Lampton_3247,London Venue,Lampton,Cycle & Stretch 18:15,Group Exercise,Group | Group Exercise Classes,False,8.0,Isleworth Leisure Centre,TW7 7EU,Hounslow,,,18:15,19:00,,1,False,https://www.lamptonleisure.co.uk/centre/isleworth-leisure-centre-and-library
Lampton_3248,London Venue,Lampton,Aqua Fit 12:30,Group Exercise,Group | Group Exercise Classes,False,8.0,Hanworth Air Park,TW13 5EG,Hounslow,,,12:30,13:30,,1,False,https://www.lamptonleisure.co.uk/centre/hanworth-air-park-leisure-centre
Lampton_3249,London Venue,Lampton,Eor Aqua Class Wed 14:30,Group Exercise,Group | Group Exercise Classes,False,4.800000000000001,Isleworth Leisure Centre,TW7 7EU,Hounslow,,,14:30,15:30,,1,False,https://www.lamptonleisure.co.uk/centre/isleworth-leisure-centre-and-library
Lampton_3250,London Venue,Lampton,Tai Chi,Group Exercise,Group | Group Exercise Classes,False,12.65,Brentford Fountain,TW8 0HJ,Hounslow,,,12:00,13:00,Monday,1,False,https://www.lamptonleisure.co.uk/centre/brentford-fountain-leisure-centre
Lampton_3251,London Venue,Lampton,Eor Group Gym Session,Group Exercise,Group | Group Exercise Classes,False,4.800000000000001,Hanworth Air Park,TW13 5EG,Hounslow,,,14:00,15:00,,1,False,https://www.lamptonleisure.co.uk/centre/hanworth-air-park-leisure-centre
Lampton_3252,London Venue,Lampton,Eor Joint Pain Class,Group Exercise,Group | Group Exercise Classes,False,4.800000000000001,Heston Pools And Fitness,TW5 0LW,Hounslow,,,15:00,16:00,,1,False,https://www.lamptonleisure.co.uk/centre/heston-pools-and-fitness
Lampton_3253,London Venue,Lampton,Indoor Cycling Sat 12:00,Group Exercise,Group | Group Exercise Classes,False,8.0,Isleworth Leisure Centre,TW7 7EU,Hounslow,,,12:00,12:45,,1,False,https://www.lamptonleisure.co.uk/centre/isleworth-leisure-centre-and-library
Lampton_3254,London Venue,Lampton,Akeru Workshop 17:00,Group Exercise,Group | Group Exercise Classes,False,8.0,Heston Pools And Fitness,TW5 0LW,Hounslow,,,17:00,17:45,Monday,1,False,https://www.lamptonleisure.co.uk/centre/heston-pools-and-fitness
Lampton_3255,London Venue,Lampton,Body Blast Mon 17.50,Group Exercise,Group | Group Exercise Classes,False,10.55,Heston Pools And Fitness,TW5 0LW,Hounslow,,,17:50,18:50,,1,False,https://www.lamptonleisure.co.uk/centre/heston-pools-and-fitness
Lampton_3256,London Venue,Lampton,Spin Mon 18:50,Group Exercise,Group | Group Exercise Classes,False,8.0,Heston Pools And Fitness,TW5 0LW,Hounslow,,,18:50,19:35,,1,False,https://www.lamptonleisure.co.uk/centre/heston-pools-and-fitness
Lampton_3257,London Venue,Lampton,Zumba Mon 19:00,Group Exercise,Group | Group Exercise Classes,False,10.55,Isleworth Leisure Centre,TW7 7EU,Hounslow,,,19:00,20:00,,1,False,https://www.lamptonleisure.co.uk/centre/isleworth-leisure-centre-and-library
Lampton_3258,London Venue,Lampton,Body Conditioning Tue9:30,Group Exercise,Group | Group Exercise Classes,False,10.55,Heston Pools And Fitness,TW5 0LW,Hounslow,,,09:30,10:30,,1,False,https://www.lamptonleisure.co.uk/centre/heston-pools-and-fitness
Lampton_3259,London Venue,Lampton,Pilates Tue 11:00,Group Exercise,Group | Group Exercise Classes,False,10.55,Heston Pools And Fitness,TW5 0LW,Hounslow,,,11:00,12:00,,1,False,https://www.lamptonleisure.co.uk/centre/heston-pools-and-fitness
Lampton_3260,London Venue,Lampton,Zumba Dance Fit Tue 18:45,Group Exercise,Group | Group Exercise Classes,False,8.0,Hanworth Air Park,TW13 5EG,Hounslow,,,18:45,19:30,,1,False,https://www.lamptonleisure.co.uk/centre/hanworth-air-park-leisure-centre
Lampton_3261,London Venue,Lampton,Hatha Yoga Wed 16:00,Group Exercise,Group | Group Exercise Classes,False,12.65,Heston Pools And Fitness,TW5 0LW,Hounslow,,,16:00,17:00,,1,False,https://www.lamptonleisure.co.uk/centre/heston-pools-and-fitness
Lampton_3262,London Venue,Lampton,Lane Swim,Swimming,Swimming | Swimming,False,6.55,New Chiswick Pool,W4 2RG,Hounslow,,,11:30,12:45,,1,False,https://www.lamptonleisure.co.uk/centre/new-chiswick-pool
Lampton_3263,London Venue,Lampton,Lane Swim,Swimming,Swimming | Swimming,False,6.55,New Chiswick Pool,W4 2RG,Hounslow,,,12:15,13:00,,1,False,https://www.lamptonleisure.co.uk/centre/new-chiswick-pool
Lampton_3264,London Venue,Lampton,Lane Swim,Swimming,Swimming | Swimming,False,6.55,New Chiswick Pool,W4 2RG,Hounslow,,,11:30,12:15,,1,False,https://www.lamptonleisure.co.uk/centre/new-chiswick-pool
Lampton_3265,London Venue,Lampton,Aquafit Thu 19:00,Group Exercise,Group | Group Exercise Classes,False,8.0,Isleworth Leisure Centre,TW7 7EU,Hounslow,,,19:00,19:45,,1,False,https://www.lamptonleisure.co.uk/centre/isleworth-leisure-centre-and-library
Lampton_3266,London Venue,Lampton,Weightlifting Tue 19:00,Group Exercise,Group | Group Exercise Classes,False,10.55,Isleworth Leisure Centre,TW7 7EU,Hounslow,,,19:00,19:55,,1,False,https://www.lamptonleisure.co.uk/centre/isleworth-leisure-centre-and-library
Lampton_3267,London Venue,Lampton,Step Tabata Tue 18:00,Group Exercise,Group | Group Exercise Classes,False,10.55,Isleworth Leisure Centre,TW7 7EU,Hounslow,,,18:00,18:55,,1,False,https://www.lamptonleisure.co.uk/centre/isleworth-leisure-centre-and-library
Lampton_3268,London Venue,Lampton,Hiit & Stretch 19:30,Group Exercise,Group | Group Exercise Classes,False,10.55,Isleworth Leisure Centre,TW7 7EU,Hounslow,,,19:30,20:30,,1,False,https://www.lamptonleisure.co.uk/centre/isleworth-leisure-centre-and-library
Lampton_3269,London Venue,Lampton,Womens Weightlifting Fri,Group Exercise,Group | Group Exercise Classes,False,10.55,Isleworth Leisure Centre,TW7 7EU,Hounslow,,,18:30,19:30,,1,False,https://www.lamptonleisure.co.uk/centre/isleworth-leisure-centre-and-library
Lampton_3270,London Venue,Lampton,Body Conditioning 09:00 S,Group Exercise,Group | Group Exercise Classes,False,10.55,Heston Pools And Fitness,TW5 0LW,Hounslow,,,09:00,10:00,,1,False,https://www.lamptonleisure.co.uk/centre/heston-pools-and-fitness
Lampton_3271,London Venue,Lampton,Circuit  09:10,Group Exercise,Group | Group Exercise Classes,False,10.55,Heston Pools And Fitness,TW5 0LW,Hounslow,,,09:00,10:00,,1,False,https://www.lamptonleisure.co.uk/centre/heston-pools-and-fitness
Lampton_3272,London Venue,Lampton,Aqua Zumba Tue10:30,Group Exercise,Group | Group Exercise Classes,False,10.55,Heston Pools And Fitness,TW5 0LW,Hounslow,,,10:30,11:30,,1,False,https://www.lamptonleisure.co.uk/centre/heston-pools-and-fitness
Lampton_3273,London Venue,Lampton,Aqua,Group Exercise,Group | Group Exercise Classes,False,10.55,Heston Pools And Fitness,TW5 0LW,Hounslow,,,12:10,13:10,,1,False,https://www.lamptonleisure.co.uk/centre/heston-pools-and-fitness
Lampton_3274,London Venue,Lampton,Reformer Pil Intermediate,Group Exercise,Group | Group Exercise Classes,False,32.5,New Chiswick Pool,W4 2RG,Hounslow,,,09:15,10:00,,1,False,https://www.lamptonleisure.co.uk/centre/new-chiswick-pool
Lampton_3275,London Venue,Lampton,Reformer Pil Beginners,Group Exercise,Group | Group Exercise Classes,False,32.5,New Chiswick Pool,W4 2RG,Hounslow,,,10:15,11:00,,1,False,https://www.lamptonleisure.co.uk/centre/new-chiswick-pool
Lampton_3276,London Venue,Lampton,Bokwa 20:15,Group Exercise,Group | Group Exercise Classes,False,8.0,Hanworth Air Park,TW13 5EG,Hounslow,,,20:15,21:15,,1,False,https://www.lamptonleisure.co.uk/centre/hanworth-air-park-leisure-centre
Lampton_3277,London Venue,Lampton,Les Mills Body Balance,Group Exercise,Group | Group Exercise Classes,False,12.65,Hanworth Air Park,TW13 5EG,Hounslow,,,19:30,20:30,,1,False,https://www.lamptonleisure.co.uk/centre/hanworth-air-park-leisure-centre
Lampton_3278,London Venue,Lampton,50+ Strength On Chairs,Group Exercise,Group | Group Exercise Classes,False,10.55,Isleworth Leisure Centre,TW7 7EU,Hounslow,,,12:30,13:25,,1,False,https://www.lamptonleisure.co.uk/centre/isleworth-leisure-centre-and-library
Lampton_3279,London Venue,Lampton,Lane Swim 14:30,Swimming,Swimming | Swimming,False,6.55,Heston Pools And Fitness,TW5 0LW,Hounslow,,,14:30,15:45,Friday,1,False,https://www.lamptonleisure.co.uk/centre/heston-pools-and-fitness
Lampton_3280,London Venue,Lampton,Reformer Pil Beginner,Group Exercise,Group | Group Exercise Classes,False,32.5,New Chiswick Pool,W4 2RG,Hounslow,,,09:30,10:15,,1,False,https://www.lamptonleisure.co.uk/centre/new-chiswick-pool
Lampton_3281,London Venue,Lampton,Reformer Pil Intermediate,Group Exercise,Group | Group Exercise Classes,False,32.5,New Chiswick Pool,W4 2RG,Hounslow,,,13:30,14:15,,1,False,https://www.lamptonleisure.co.uk/centre/new-chiswick-pool
Lampton_3282,London Venue,Lampton,Reformer Pil Beginner,Group Exercise,Group | Group Exercise Classes,False,32.5,New Chiswick Pool,W4 2RG,Hounslow,,,10:30,11:15,,1,False,https://www.lamptonleisure.co.uk/centre/new-chiswick-pool
Lampton_3283,London Venue,Lampton,Reformer Pil Beginner,Group Exercise,Group | Group Exercise Classes,False,32.5,New Chiswick Pool,W4 2RG,Hounslow,,,18:15,19:00,,1,False,https://www.lamptonleisure.co.uk/centre/new-chiswick-pool
Lampton_3284,London Venue,Lampton,Reformer Pil Beginner,Group Exercise,Group | Group Exercise Classes,False,32.5,New Chiswick Pool,W4 2RG,Hounslow,,,14:30,15:15,,1,False,https://www.lamptonleisure.co.uk/centre/new-chiswick-pool
Lampton_3285,London Venue,Lampton,Reformer Pil Beginner,Group Exercise,Group | Group Exercise Classes,False,32.5,New Chiswick Pool,W4 2RG,Hounslow,,,10:30,11:15,,1,False,https://www.lamptonleisure.co.uk/centre/new-chiswick-pool
Lampton_3286,London Venue,Lampton,Reformer Pil Intermediate,Group Exercise,Group | Group Exercise Classes,False,32.5,New Chiswick Pool,W4 2RG,Hounslow,,,10:30,11:15,,1,False,https://www.lamptonleisure.co.uk/centre/new-chiswick-pool
Lampton_3287,London Venue,Lampton,Reformer Pil Intermediate,Group Exercise,Group | Group Exercise Classes,False,32.5,New Chiswick Pool,W4 2RG,Hounslow,,,09:30,10:15,,1,False,https://www.lamptonleisure.co.uk/centre/new-chiswick-pool
Lampton_3288,London Venue,Lampton,Reformer Pil Beginner,Group Exercise,Group | Group Exercise Classes,False,32.5,New Chiswick Pool,W4 2RG,Hounslow,,,09:30,10:15,,1,False,https://www.lamptonleisure.co.uk/centre/new-chiswick-pool
Lampton_3289,London Venue,Lampton,Walking Football,Other / Unspecified,Sports | Sports Activities,False,10.55,Hanworth Air Park,TW13 5EG,Hounslow,,,11:00,12:00,Saturday,1,False,https://www.lamptonleisure.co.uk/centre/hanworth-air-park-leisure-centre
Lampton_3290,London Venue,Lampton,Beginners Tone 12:30,Group Exercise,Group | Group Exercise Classes,False,8.0,Hanworth Air Park,TW13 5EG,Hounslow,,,12:39,13:39,Monday,1,False,https://www.lamptonleisure.co.uk/centre/hanworth-air-park-leisure-centre
Lampton_3291,London Venue,Lampton,Reformer Pil Intermediate,Group Exercise,Group | Group Exercise Classes,False,32.5,New Chiswick Pool,W4 2RG,Hounslow,,,09:45,10:30,,1,False,https://www.lamptonleisure.co.uk/centre/new-chiswick-pool
Lampton_3292,London Venue,Lampton,Eor Gym Support,Group Exercise,Group | Group Exercise Classes,False,4.800000000000001,Isleworth Leisure Centre,TW7 7EU,Hounslow,,,14:00,15:00,,1,False,https://www.lamptonleisure.co.uk/centre/isleworth-leisure-centre-and-library
Lampton_3293,London Venue,Lampton,Eor Gym Support,Group Exercise,Group | Group Exercise Classes,False,4.800000000000001,Isleworth Leisure Centre,TW7 7EU,Hounslow,,,11:00,12:00,,1,False,https://www.lamptonleisure.co.uk/centre/isleworth-leisure-centre-and-library
Lampton_3294,London Venue,Lampton,Eor Gym Support,Group Exercise,Group | Group Exercise Classes,False,4.800000000000001,Isleworth Leisure Centre,TW7 7EU,Hounslow,,,11:00,12:00,,1,False,https://www.lamptonleisure.co.uk/centre/isleworth-leisure-centre-and-library
Lampton_3295,London Venue,Lampton,Eor Back Pain Class,Group Exercise,Group | Group Exercise Classes,False,4.800000000000001,Isleworth Leisure Centre,TW7 7EU,Hounslow,,,12:00,13:00,,1,False,https://www.lamptonleisure.co.uk/centre/isleworth-leisure-centre-and-library
Lampton_3296,London Venue,Lampton,Reformer Pil Intermediate,Group Exercise,Group | Group Exercise Classes,False,32.5,New Chiswick Pool,W4 2RG,Hounslow,,,19:00,19:45,,1,False,https://www.lamptonleisure.co.uk/centre/new-chiswick-pool
Lampton_3297,London Venue,Lampton,Reformer Pil Intermediate,Group Exercise,Group | Group Exercise Classes,False,32.5,New Chiswick Pool,W4 2RG,Hounslow,,,11:15,12:00,Sunday,1,False,https://www.lamptonleisure.co.uk/centre/new-chiswick-pool
Lampton_3298,London Venue,Lampton,Eor Back Pain Class,Group Exercise,Group | Group Exercise Classes,False,4.800000000000001,Isleworth Leisure Centre,TW7 7EU,Hounslow,,,13:00,14:00,,1,False,https://www.lamptonleisure.co.uk/centre/isleworth-leisure-centre-and-library
Lampton_3299,London Venue,Lampton,Reformer Pil Intermediate,Group Exercise,Group | Group Exercise Classes,False,32.5,New Chiswick Pool,W4 2RG,Hounslow,,,19:00,19:45,,1,False,https://www.lamptonleisure.co.uk/centre/new-chiswick-pool
Lampton_3300,London Venue,Lampton,Eor Gym Support,Group Exercise,Group | Group Exercise Classes,False,4.800000000000001,Isleworth Leisure Centre,TW7 7EU,Hounslow,,,13:00,14:00,,1,False,https://www.lamptonleisure.co.uk/centre/isleworth-leisure-centre-and-library
Lampton_3301,London Venue,Lampton,Yoga Nidra Thu 11:50,Group Exercise,Group | Group Exercise Classes,False,12.65,Brentford Fountain,TW8 0HJ,Hounslow,,,11:50,12:20,,1,False,https://www.lamptonleisure.co.uk/centre/brentford-fountain-leisure-centre
Lampton_3302,London Venue,Lampton,Indoor Cycling Wed 09:30,Group Exercise,Group | Group Exercise Classes,False,8.0,Isleworth Leisure Centre,TW7 7EU,Hounslow,,,09:30,10:15,,1,False,https://www.lamptonleisure.co.uk/centre/isleworth-leisure-centre-and-library
Lampton_3303,London Venue,Lampton,Bounce Sat 15:00,Group Exercise,Group | Group Exercise Classes,False,10.55,Brentford Fountain,TW8 0HJ,Hounslow,,,15:00,16:00,,1,False,https://www.lamptonleisure.co.uk/centre/brentford-fountain-leisure-centre
Lampton_3304,London Venue,Lampton,Bokwa 09:30,Group Exercise,Group | Group Exercise Classes,False,10.55,Brentford Fountain,TW8 0HJ,Hounslow,,,09:30,10:30,,1,False,https://www.lamptonleisure.co.uk/centre/brentford-fountain-leisure-centre
Lampton_3305,London Venue,Lampton,Pilates  Mon 18:30,Group Exercise,Group | Group Exercise Classes,False,12.65,Heston Pools And Fitness,TW5 0LW,Hounslow,,,18:30,19:30,,1,False,https://www.lamptonleisure.co.uk/centre/heston-pools-and-fitness
Lampton_3306,London Venue,Lampton,Zumba Sat 09:00,Group Exercise,Group | Group Exercise Classes,False,10.55,Isleworth Leisure Centre,TW7 7EU,Hounslow,,,09:00,09:55,,1,False,https://www.lamptonleisure.co.uk/centre/isleworth-leisure-centre-and-library
Lampton_3307,London Venue,Lampton,Line Dancing 19:50,Group Exercise,Group | Group Exercise Classes,False,10.55,Hanworth Air Park,TW13 5EG,Hounslow,,,19:50,20:50,,1,False,https://www.lamptonleisure.co.uk/centre/hanworth-air-park-leisure-centre
Lampton_3308,London Venue,Lampton,Circuit 18:00,Group Exercise,Group | Group Exercise Classes,False,8.0,Heston Pools And Fitness,TW5 0LW,Hounslow,,,18:00,18:45,,1,False,https://www.lamptonleisure.co.uk/centre/heston-pools-and-fitness
Lampton_3309,London Venue,Lampton,Cardio Tennis 13:30,Group Exercise,Group | Group Exercise Classes,False,10.55,Hanworth Air Park,TW13 5EG,Hounslow,,,13:30,14:30,Saturday,1,False,https://www.lamptonleisure.co.uk/centre/hanworth-air-park-leisure-centre
Lampton_3310,London Venue,Lampton,Hydrohex Cardio Thu 20:00,Group Exercise,Group | Group Exercise Classes,False,8.0,Isleworth Leisure Centre,TW7 7EU,Hounslow,,,20:00,20:45,,1,False,https://www.lamptonleisure.co.uk/centre/isleworth-leisure-centre-and-library
Lampton_3311,London Venue,Lampton,Casual Track Wed 10:00,Walking / Running,Running | Running Track,False,6.05,Osterley Sports Centre,TW7 5FF,Hounslow,,,10:00,11:00,,1,False,https://www.lamptonleisure.co.uk/centre/osterley-sports-and-athletic-centre
Lampton_3312,London Venue,Lampton,Hydrohex Hiit Fri 12:00,Group Exercise,Group | Group Exercise Classes,False,8.0,Isleworth Leisure Centre,TW7 7EU,Hounslow,,,12:00,12:45,,1,False,https://www.lamptonleisure.co.uk/centre/isleworth-leisure-centre-and-library
Lampton_3313,London Venue,Lampton,Hydrohex Hiit Fri 19:30,Group Exercise,Group | Group Exercise Classes,False,8.0,Isleworth Leisure Centre,TW7 7EU,Hounslow,,,19:30,20:15,,1,False,https://www.lamptonleisure.co.uk/centre/isleworth-leisure-centre-and-library
Lampton_3314,London Venue,Lampton,Nidra Yoga 20:45,Group Exercise,Group | Group Exercise Classes,False,12.65,Hanworth Air Park,TW13 5EG,Hounslow,,,20:45,21:45,,1,False,https://www.lamptonleisure.co.uk/centre/hanworth-air-park-leisure-centre
Lampton_3315,London Venue,Lampton,Afro Fitnness Roulette,Group Exercise,Group | Group Exercise Classes,,,Brentford Fountain,TW8 0HJ,Hounslow,,,12:00,12:30,,1,False,https://www.lamptonleisure.co.uk/centre/brentford-fountain-leisure-centre
Lampton_3316,London Venue,Lampton,Yoga Sat 11:00,Group Exercise,Group | Group Exercise Classes,False,12.65,Isleworth Leisure Centre,TW7 7EU,Hounslow,,,11:00,12:00,Saturday,1,False,https://www.lamptonleisure.co.uk/centre/isleworth-leisure-centre-and-library
Lampton_3317,London Venue,Lampton,Pilates 12:15,Group Exercise,Group | Group Exercise Classes,False,11.6,Isleworth Leisure Centre,TW7 7EU,Hounslow,,,12:15,13:15,,1,False,https://www.lamptonleisure.co.uk/centre/isleworth-leisure-centre-and-library
Lampton_3318,London Venue,Lampton,Meditation & Sound Bath,Group Exercise,Group | Group Exercise Classes,False,12.65,New Chiswick Pool,W4 2RG,Hounslow,,,15:00,16:00,,1,False,https://www.lamptonleisure.co.uk/centre/new-chiswick-pool
Lampton_3319,London Venue,Lampton,Yoga Thu 09:30,Group Exercise,Group | Group Exercise Classes,False,12.65,Isleworth Leisure Centre,TW7 7EU,Hounslow,,,09:30,11:00,,1,False,https://www.lamptonleisure.co.uk/centre/isleworth-leisure-centre-and-library
Lampton_3320,London Venue,Lampton,Combat Fit Fri 09:00,Group Exercise,Group | Group Exercise Classes,False,10.55,Isleworth Leisure Centre,TW7 7EU,Hounslow,,,09:00,09:55,,1,False,https://www.lamptonleisure.co.uk/centre/isleworth-leisure-centre-and-library
Lampton_3321,London Venue,Lampton,General Swim,Swimming,Swimming | Swimming,False,6.55,New Chiswick Pool,W4 2RG,Hounslow,,,13:00,14:00,,1,False,https://www.lamptonleisure.co.uk/centre/new-chiswick-pool
Lampton_3322,London Venue,Lampton,General Swim,Swimming,Swimming | Swimming,False,6.55,New Chiswick Pool,W4 2RG,Hounslow,,,14:00,14:45,,1,False,https://www.lamptonleisure.co.uk/centre/new-chiswick-pool
