survey_year,borough,demographic_group,category,pct_active,pct_fairly_active,pct_inactive,respondents,weighted_base,suppress
2016-17,E09000001 City of London,Age9,16-24,51.129021502993496,38.39398294946874,10.476995547537744,15.0,3.8535130374361426,True
2016-17,E09000001 City of London,Age9,25-34,75.1394919403249,9.568361910494213,15.292146149180926,44.0,8.975523167896858,False
2016-17,E09000001 City of London,Age9,35-44,84.27160770000263,4.684609931838075,11.043782368159283,40.0,6.378826672417553,False
2016-17,E09000001 City of London,Age9,45-54,64.4465688470072,17.0747414263188,18.478689726674,46.0,5.28247526565016,False
2016-17,E09000001 City of London,Age9,55-64,84.05850206616687,8.229276444401384,7.712221489431757,40.0,3.892418349557306,False
2016-17,E09000001 City of London,Age9,65-74,62.05755732563294,10.86485893327503,27.077583741092027,45.0,5.3037080297868275,False
2016-17,E09000001 City of London,Age9,75-84,40.72220330711803,36.42744407561417,22.85035261726782,12.0,1.606837898849317,True
2016-17,E09000001 City of London,Age9,85+,0.0,32.78217466475943,67.21782533524056,5.0,0.968673696459829,True
2016-17,E09000001 City of London,Age9,nan,100.0,0.0,0.0,2.0,0.3260491419374984,True
2016-17,E09000002 Barking and Dagenham,Age9,16-24,52.3699649601172,13.032440047439417,34.59759499244336,89.0,92.12841898645469,False
2016-17,E09000002 Barking and Dagenham,Age9,25-34,49.69682558401598,16.026466424610494,34.276707991373534,174.0,151.48053828911634,False
2016-17,E09000002 Barking and Dagenham,Age9,35-44,54.42473849301099,19.630295117259752,25.94496638972928,237.0,160.4157365740059,False
2016-17,E09000002 Barking and Dagenham,Age9,45-54,56.80993997972007,13.016636903503152,30.173423116776764,157.0,112.23997943057066,False
2016-17,E09000002 Barking and Dagenham,Age9,55-64,42.01647746764015,12.647743403897243,45.3357791284626,134.0,71.80894376892783,False
2016-17,E09000002 Barking and Dagenham,Age9,65-74,38.641381979925995,18.91772845621063,42.44088956386339,96.0,38.76586106403663,False
2016-17,E09000002 Barking and Dagenham,Age9,75-84,18.840849956719307,18.747560402884623,62.4115896403961,50.0,25.30407796864832,False
2016-17,E09000002 Barking and Dagenham,Age9,85+,20.076023098413454,36.13314737470186,43.790829526884686,9.0,4.183710409356448,True
2016-17,E09000002 Barking and Dagenham,Age9,nan,21.51509931926289,20.88171425289315,57.603186427843966,12.0,8.090961927846452,True
2016-17,E09000003 Barnet,Age9,16-24,56.10488529481905,10.533611792390683,33.36150291279025,74.0,190.80498150914403,False
2016-17,E09000003 Barnet,Age9,25-34,63.42422790278213,8.623869460216104,27.95190263700177,145.0,253.43017812840358,False
2016-17,E09000003 Barnet,Age9,35-44,62.49378584706942,14.167399379162301,23.33881477376828,217.0,279.47648971658805,False
2016-17,E09000003 Barnet,Age9,45-54,58.51434985670365,17.896164489691515,23.589485653604847,159.0,190.92335400602656,False
2016-17,E09000003 Barnet,Age9,55-64,59.48470705180859,12.210383370224882,28.3049095779665,148.0,152.29910790396855,False
2016-17,E09000003 Barnet,Age9,65-74,56.40283782237143,12.452886198025968,31.144275979602597,156.0,127.9691109778464,False
2016-17,E09000003 Barnet,Age9,75-84,27.815641883353948,9.167222023716585,63.01713609292945,77.0,102.29106002890333,False
2016-17,E09000003 Barnet,Age9,85+,19.096945900752196,12.229060503812146,68.67399359543566,17.0,24.859927066331235,True
2016-17,E09000003 Barnet,Age9,nan,76.48969599012251,0.0,23.51030400987748,4.0,2.555590451987861,True
2016-17,E09000004 Bexley,Age9,16-24,61.18327576417462,21.765091463032647,17.05163277279274,31.0,108.03684723687773,False
2016-17,E09000004 Bexley,Age9,25-34,62.02327429044113,18.569290219164404,19.407435490394455,75.0,148.12597810671568,False
2016-17,E09000004 Bexley,Age9,35-44,50.17310672609272,21.09720446142224,28.729688812485044,92.0,157.00577214873718,False
2016-17,E09000004 Bexley,Age9,45-54,66.81259625652687,17.29653534038264,15.89086840309048,91.0,161.0641816559688,False
2016-17,E09000004 Bexley,Age9,55-64,63.85287034183092,5.084284983033995,31.062844675135093,81.0,122.41516685063178,False
2016-17,E09000004 Bexley,Age9,65-74,46.983267491090885,19.956584366774756,33.06014814213435,73.0,80.39256053501371,False
2016-17,E09000004 Bexley,Age9,75-84,34.10528188136715,19.832068474735635,46.06264964389721,37.0,60.97153563395671,False
2016-17,E09000004 Bexley,Age9,85+,31.137724648723598,18.5923719068733,50.2699034444031,9.0,13.052642459637145,True
2016-17,E09000004 Bexley,Age9,nan,43.54249665954892,11.24033107809907,45.217172262352,9.0,18.768585824083893,True
2016-17,E09000005 Brent,Age9,16-24,68.98385579624497,16.745090041887302,14.271054161867724,49.0,183.54958644259858,False
2016-17,E09000005 Brent,Age9,25-34,47.64038235903805,9.503893772066103,42.855723868895865,90.0,274.78228310349056,False
2016-17,E09000005 Brent,Age9,35-44,59.65301557176531,4.774690460048168,35.57229396818652,110.0,251.3940855302764,False
2016-17,E09000005 Brent,Age9,45-54,69.2335220208747,9.040948476294563,21.725529502830728,71.0,154.2471869794414,False
2016-17,E09000005 Brent,Age9,55-64,46.38953057834991,17.40123874096912,36.20923068068096,68.0,112.4496879418522,False
2016-17,E09000005 Brent,Age9,65-74,44.21951442973312,15.785337460191299,39.99514811007558,59.0,88.59238969462152,False
2016-17,E09000005 Brent,Age9,75-84,57.09554757270459,7.776184254007629,35.1282681732878,25.0,47.53310126703226,True
2016-17,E09000005 Brent,Age9,85+,0.0,67.94534998208083,32.05465001791919,3.0,6.744907224224141,True
2016-17,E09000005 Brent,Age9,nan,23.81396340532147,13.444993096218319,62.7410434984602,14.0,23.485876449069117,True
2016-17,E09000006 Bromley,Age9,16-24,87.99261922228058,11.201058244603127,0.8063225331162981,25.0,119.82327995207368,True
2016-17,E09000006 Bromley,Age9,25-34,70.07267834072242,6.7810086963327105,23.14631296294487,74.0,199.89474370772675,False
2016-17,E09000006 Bromley,Age9,35-44,71.43947638327569,15.057336742147779,13.503186874576514,99.0,224.79144903358355,False
2016-17,E09000006 Bromley,Age9,45-54,73.49799568955207,7.489873305704845,19.012131004743075,84.0,201.7667987306476,False
2016-17,E09000006 Bromley,Age9,55-64,70.83756321211884,8.113012334149982,21.049424453731184,80.0,180.2996750595211,False
2016-17,E09000006 Bromley,Age9,65-74,66.4962769931074,19.978083048845807,13.525639958046803,87.0,124.97419174583413,False
2016-17,E09000006 Bromley,Age9,75-84,26.350846554303963,17.772078026347522,55.87707541934851,28.0,59.754211310191145,True
2016-17,E09000006 Bromley,Age9,85+,16.615327598606704,9.659720692263546,73.72495170912974,14.0,23.93848387274747,True
2016-17,E09000006 Bromley,Age9,nan,0.0,0.0,100.0,1.0,2.0788736961592416,True
2016-17,E09000007 Camden,Age9,16-24,67.2424853845293,12.094899359500006,20.662615255970692,58.0,197.59088875512037,False
2016-17,E09000007 Camden,Age9,25-34,75.53673030810842,16.22292690565952,8.240342786232095,102.0,224.23180399813126,False
2016-17,E09000007 Camden,Age9,35-44,85.43581041075437,2.0189023225342955,12.545287266711316,62.0,91.50667035780909,False
2016-17,E09000007 Camden,Age9,45-54,77.00681516691849,14.647402026565572,8.345782806515945,94.0,137.4060583625253,False
2016-17,E09000007 Camden,Age9,55-64,80.7508685864192,7.330998681142925,11.918132732437856,68.0,90.47570442743191,False
2016-17,E09000007 Camden,Age9,65-74,67.46509324349597,13.493718238683048,19.041188517820967,68.0,82.63633667459104,False
2016-17,E09000007 Camden,Age9,75-84,39.84109542545576,26.992375841422668,33.166528733121545,18.0,29.091232664090505,True
2016-17,E09000007 Camden,Age9,85+,27.427315703204762,9.73809082265439,62.83459347414085,17.0,25.663666570274785,True
2016-17,E09000007 Camden,Age9,nan,69.88368981891033,0.0,30.116310181089673,5.0,12.066361542456026,True
2016-17,E09000008 Croydon,Age9,16-24,65.07448504814919,14.53218162570232,20.39333332614849,35.0,159.17290684781543,False
2016-17,E09000008 Croydon,Age9,25-34,76.43948010681305,9.928342473609272,13.632177419577662,79.0,209.45990939115546,False
2016-17,E09000008 Croydon,Age9,35-44,66.55560886103851,14.427409153442463,19.01698198551904,102.0,238.4610790880979,False
2016-17,E09000008 Croydon,Age9,45-54,56.06997587749295,20.01719573170612,23.912828390800954,87.0,196.47589793656297,False
2016-17,E09000008 Croydon,Age9,55-64,70.7402162089658,8.478980627762127,20.780803163272065,69.0,163.20068935942044,False
2016-17,E09000008 Croydon,Age9,65-74,51.09937647078151,22.197771554017404,26.702851975201074,83.0,133.623916036468,False
2016-17,E09000008 Croydon,Age9,75-84,33.3404020759207,22.253142470316455,44.40645545376287,30.0,95.16661334402498,False
2016-17,E09000008 Croydon,Age9,85+,30.170438243054143,2.176384568777619,67.65317718816823,9.0,40.14341204633432,True
2016-17,E09000008 Croydon,Age9,nan,19.867390133111982,0.0,80.132609866888,7.0,25.883604493298034,True
2016-17,E09000009 Ealing,Age9,16-24,73.98508424618213,6.502444323759011,19.51247143005885,51.0,199.3091394764373,False
2016-17,E09000009 Ealing,Age9,25-34,51.463217540846564,18.587305488998236,29.949476970155185,76.0,258.5895706716217,False
2016-17,E09000009 Ealing,Age9,35-44,41.03073289597979,9.552029998473479,49.41723710554673,96.0,181.76057788530045,False
2016-17,E09000009 Ealing,Age9,45-54,57.839300975019924,19.289684861351635,22.871014163628438,91.0,165.26153026409926,False
2016-17,E09000009 Ealing,Age9,55-64,49.82664078905971,13.832343761788419,36.34101544915187,66.0,119.37642029723058,False
2016-17,E09000009 Ealing,Age9,65-74,48.82284749575118,20.139116604251583,31.038035899997258,71.0,113.7371401178861,False
2016-17,E09000009 Ealing,Age9,75-84,42.35915858601975,24.848606980733166,32.79223443324709,30.0,61.312026192058305,False
2016-17,E09000009 Ealing,Age9,85+,41.977838937722474,12.934004092866333,45.08815696941121,6.0,10.450788883145663,True
2016-17,E09000009 Ealing,Age9,nan,64.72524522822714,27.3068678844072,7.967886887365673,5.0,13.29280993007627,True
2016-17,E09000010 Enfield,Age9,16-24,63.325577860032055,9.629715605193434,27.044706534774548,85.0,171.54390052429434,False
2016-17,E09000010 Enfield,Age9,25-34,53.38774784883063,10.395825286879164,36.2164268642902,115.0,185.87666806150227,False
2016-17,E09000010 Enfield,Age9,35-44,60.738144062003855,16.422592001007487,22.839263936988658,187.0,184.8176329127799,False
2016-17,E09000010 Enfield,Age9,45-54,60.57472560887378,8.61016628401795,30.815108107108273,192.0,197.58726713129255,False
2016-17,E09000010 Enfield,Age9,55-64,61.536352654486436,9.87634031742426,28.587307028089302,174.0,170.2460505077933,False
2016-17,E09000010 Enfield,Age9,65-74,52.02273721167992,17.623984587138743,30.35327820118134,144.0,104.9417693513974,False
2016-17,E09000010 Enfield,Age9,75-84,45.53917215376686,16.946642559553393,37.51418528667975,66.0,71.62841614306856,False
2016-17,E09000010 Enfield,Age9,85+,42.92617915316438,8.137995747434475,48.93582509940118,21.0,17.956376686155515,True
2016-17,E09000010 Enfield,Age9,nan,27.036460741631192,2.222603981303276,70.74093527706552,16.0,13.85598316250261,True
2016-17,E09000011 Greenwich,Age9,16-24,72.93781636267921,17.58467873624748,9.477504901073292,85.0,140.1495438916538,False
2016-17,E09000011 Greenwich,Age9,25-34,67.48931869221421,14.91300182150763,17.59767948627816,195.0,221.56205352475652,False
2016-17,E09000011 Greenwich,Age9,35-44,67.29249574701316,10.96180160321068,21.745702649776145,240.0,203.69183902563887,False
2016-17,E09000011 Greenwich,Age9,45-54,54.367351961069396,12.651634526753874,32.9810135121767,148.0,142.7671128994378,False
2016-17,E09000011 Greenwich,Age9,55-64,55.73354647547815,11.849349384754563,32.417104139767275,137.0,115.77212148806713,False
2016-17,E09000011 Greenwich,Age9,65-74,59.38466852720353,13.39386139222343,27.221470080573035,121.0,64.60876176264114,False
2016-17,E09000011 Greenwich,Age9,75-84,39.72567952296969,7.067515245156426,53.206805231873886,41.0,32.22626754131578,False
2016-17,E09000011 Greenwich,Age9,85+,16.384276857252377,0.0,83.61572314274761,9.0,6.958939418238666,True
2016-17,E09000011 Greenwich,Age9,nan,23.99852436778011,1.864498836409027,74.13697679581087,11.0,14.429737421586916,True
2016-17,E09000012 Hackney,Age9,16-24,59.22433711525058,19.42737123114413,21.348291653605305,31.0,92.7239865869959,False
2016-17,E09000012 Hackney,Age9,25-34,84.78700195487548,4.884457590549676,10.328540454574812,136.0,310.87745158587217,False
2016-17,E09000012 Hackney,Age9,35-44,69.62924037209005,10.031596910211425,20.3391627176985,102.0,174.36157326822118,False
2016-17,E09000012 Hackney,Age9,45-54,68.54476504480222,15.153316556821677,16.30191839837611,99.0,194.73631757214747,False
2016-17,E09000012 Hackney,Age9,55-64,52.08590749045757,13.211680079020738,34.702412430521676,55.0,79.72228796138329,False
2016-17,E09000012 Hackney,Age9,65-74,76.14826531851932,2.7513439598036125,21.10039072167708,38.0,41.66130993370445,False
2016-17,E09000012 Hackney,Age9,75-84,32.04177170229593,12.443986734596544,55.51424156310753,11.0,18.020772222508924,True
2016-17,E09000012 Hackney,Age9,85+,0.0,0.0,100.0,1.0,1.5223236908045288,True
2016-17,E09000012 Hackney,Age9,nan,0.0,0.0,100.0,2.0,1.3675937654510748,True
2016-17,E09000013 Hammersmith and Fulham,Age9,16-24,84.05201341172938,5.455933974684606,10.49205261358604,34.0,89.06960403610654,False
2016-17,E09000013 Hammersmith and Fulham,Age9,25-34,73.93916777546865,8.56565050280229,17.495181721729054,110.0,179.64317845420797,False
2016-17,E09000013 Hammersmith and Fulham,Age9,35-44,79.26320741153368,6.390612288731266,14.346180299735046,89.0,87.98456384922956,False
2016-17,E09000013 Hammersmith and Fulham,Age9,45-54,75.90382440197892,4.013662334606312,20.082513263414764,97.0,111.70367016027774,False
2016-17,E09000013 Hammersmith and Fulham,Age9,55-64,66.91943747774059,15.728488611074582,17.352073911184814,64.0,60.314959489620534,False
2016-17,E09000013 Hammersmith and Fulham,Age9,65-74,56.79533884623284,15.73217265989324,27.47248849387392,55.0,59.37320243243438,False
2016-17,E09000013 Hammersmith and Fulham,Age9,75-84,27.40716136940515,24.057220030160796,48.535618600434056,31.0,42.29195095867948,False
2016-17,E09000013 Hammersmith and Fulham,Age9,85+,18.1026167075653,49.26833946443525,32.62904382799945,4.0,4.8288355295615535,True
2016-17,E09000013 Hammersmith and Fulham,Age9,nan,11.754249543993023,71.95945609016155,16.28629436584542,5.0,8.931032549535399,True
2016-17,E09000014 Haringey,Age9,16-24,63.96393837314528,10.044538824396984,25.991522802457755,72.0,113.37299103062061,False
2016-17,E09000014 Haringey,Age9,25-34,66.7614123147748,12.672372546506733,20.566215138718487,191.0,260.60722221152594,False
2016-17,E09000014 Haringey,Age9,35-44,69.30030566332786,10.374418899781231,20.325275436890898,209.0,198.99879599858903,False
2016-17,E09000014 Haringey,Age9,45-54,61.44872592920514,16.40154383673858,22.149730234056275,173.0,148.67261239557268,False
2016-17,E09000014 Haringey,Age9,55-64,64.36221202814927,12.98897003820536,22.648817933645358,158.0,98.9679446289826,False
2016-17,E09000014 Haringey,Age9,65-74,64.28221114979983,12.462004366686243,23.255784483513924,123.0,79.99099476644444,False
2016-17,E09000014 Haringey,Age9,75-84,49.0406182028247,17.277828079589447,33.68155371758584,53.0,46.12531360365721,False
2016-17,E09000014 Haringey,Age9,85+,36.8873807927976,0.0,63.1126192072024,3.0,5.731555376449424,True
2016-17,E09000014 Haringey,Age9,nan,29.891239211603033,7.932434616527065,62.1763261718699,10.0,11.102483916978056,True
2016-17,E09000015 Harrow,Age9,16-24,63.05099786072385,21.655352625454334,15.293649513821816,53.0,183.82823170167987,False
2016-17,E09000015 Harrow,Age9,25-34,53.552295663026364,11.132208666804804,35.31549567016884,53.0,130.9209069479945,False
2016-17,E09000015 Harrow,Age9,35-44,48.55656233513703,22.521768541481624,28.921669123381378,92.0,150.9136286235837,False
2016-17,E09000015 Harrow,Age9,45-54,58.377908415875524,13.30727263423961,28.314818949884852,85.0,153.71844421657258,False
2016-17,E09000015 Harrow,Age9,55-64,45.28208173686278,9.54255727620931,45.17536098692789,76.0,83.18760667693914,False
2016-17,E09000015 Harrow,Age9,65-74,48.59836918414241,19.6631313999837,31.73849941587387,77.0,92.07734795068556,False
2016-17,E09000015 Harrow,Age9,75-84,39.95563121939889,10.154305558734263,49.89006322186684,29.0,48.864786731550055,True
2016-17,E09000015 Harrow,Age9,85+,14.70170425390403,21.872779156487322,63.42551658960868,12.0,17.259565385271756,True
2016-17,E09000015 Harrow,Age9,nan,58.52648524572329,17.24945465678916,24.224060097487556,9.0,11.519144755964163,True
2016-17,E09000016 Havering,Age9,16-24,68.4803885048849,15.792115325117093,15.727496169997993,26.0,69.01561130861295,True
2016-17,E09000016 Havering,Age9,25-34,63.257781718740624,10.652945010373948,26.08927327088544,61.0,141.4227341192856,False
2016-17,E09000016 Havering,Age9,35-44,63.1563273281483,8.914217144294115,27.92945552755757,69.0,144.09690982045694,False
2016-17,E09000016 Havering,Age9,45-54,73.22118343919765,13.041859141524867,13.736957419277484,95.0,184.78130708220598,False
2016-17,E09000016 Havering,Age9,55-64,37.5156755721415,23.00329753786717,39.481026889991334,85.0,125.19132502409836,False
2016-17,E09000016 Havering,Age9,65-74,54.21237480656998,9.447451306088988,36.34017388734103,103.0,113.57359890984489,False
2016-17,E09000016 Havering,Age9,75-84,25.574900993069228,10.533729530625333,63.891369476305435,32.0,52.83809303954077,False
2016-17,E09000016 Havering,Age9,85+,39.58637730748489,0.0,60.413622692515126,16.0,31.40716922012027,True
2016-17,E09000016 Havering,Age9,nan,30.76477806000069,16.527293534637526,52.707928405361784,7.0,11.836348851923674,True
2016-17,E09000017 Hillingdon,Age9,16-24,73.64710810798321,8.762326637830485,17.590565254186288,49.0,201.72921074748683,False
2016-17,E09000017 Hillingdon,Age9,25-34,57.08843086673665,23.584579610129875,19.32698952313349,54.0,153.05639768186572,False
2016-17,E09000017 Hillingdon,Age9,35-44,56.00219089880508,12.474262572901761,31.52354652829315,109.0,217.97924121225313,False
2016-17,E09000017 Hillingdon,Age9,45-54,63.78337781897183,13.84819565771055,22.368426523317645,83.0,157.24440738531968,False
2016-17,E09000017 Hillingdon,Age9,55-64,61.632969357974034,10.221162668477273,28.145867973548654,94.0,155.2855244687037,False
2016-17,E09000017 Hillingdon,Age9,65-74,63.5595594615609,13.108979754507319,23.33146078393179,60.0,68.9591222128261,False
2016-17,E09000017 Hillingdon,Age9,75-84,23.754214960737656,25.303627504130215,50.942157535132125,31.0,47.17513684710176,False
2016-17,E09000017 Hillingdon,Age9,85+,20.73882245955267,0.0,79.26117754044733,8.0,17.52399329535821,True
2016-17,E09000017 Hillingdon,Age9,nan,30.748415450079314,15.129144376123326,54.12244017379737,6.0,10.305201146036955,True
2016-17,E09000018 Hounslow,Age9,16-24,68.22345606966529,10.495002896785586,21.28154103354912,38.0,123.06909002212373,False
2016-17,E09000018 Hounslow,Age9,25-34,63.961413399849846,6.588433704309191,29.450152895840997,70.0,182.63341931421292,False
2016-17,E09000018 Hounslow,Age9,35-44,52.70885618581611,14.82619750475013,32.464946309433756,109.0,215.9233913160563,False
2016-17,E09000018 Hounslow,Age9,45-54,50.366806579324255,15.006606969286457,34.626586451389265,88.0,147.80815828942758,False
2016-17,E09000018 Hounslow,Age9,55-64,48.10673975093452,21.53675380566099,30.35650644340449,60.0,76.89070149015967,False
2016-17,E09000018 Hounslow,Age9,65-74,47.59840178223813,9.116824603218078,43.28477361454383,67.0,66.44080364792313,False
2016-17,E09000018 Hounslow,Age9,75-84,18.82009468442648,26.890473034113942,54.28943228145957,31.0,56.06088694181639,False
2016-17,E09000018 Hounslow,Age9,85+,30.023504505646947,10.993275238830561,58.98322025552248,11.0,19.935412673946374,True
2016-17,E09000018 Hounslow,Age9,nan,37.52079900625223,3.7012029847037295,58.777998009044055,10.0,14.857972111287355,True
2016-17,E09000019 Islington,Age9,16-24,81.11241811807946,3.776075008249541,15.111506873671008,35.0,112.66162208940177,False
2016-17,E09000019 Islington,Age9,25-34,68.3932412432527,19.412335883227875,12.194422873519398,119.0,310.1256865302153,False
2016-17,E09000019 Islington,Age9,35-44,73.06678031055887,12.142145735715596,14.791073953725526,95.0,140.0067688896035,False
2016-17,E09000019 Islington,Age9,45-54,65.01654857095345,18.149565197008428,16.833886232038118,72.0,90.72213314237715,False
2016-17,E09000019 Islington,Age9,55-64,65.23215515936364,13.038594951117494,21.72924988951887,83.0,91.41053473213871,False
2016-17,E09000019 Islington,Age9,65-74,61.18167591403987,7.767438879799483,31.05088520616066,51.0,60.2295859896642,False
2016-17,E09000019 Islington,Age9,75-84,39.27513254340754,23.16394701282908,37.560920443763365,19.0,31.204392899855236,True
2016-17,E09000019 Islington,Age9,85+,6.078891497858418,8.732827597506995,85.1882809046346,7.0,12.68299562392124,True
2016-17,E09000019 Islington,Age9,nan,65.52751083732937,3.0789381524827544,31.39355101018789,7.0,10.125743807832169,True
2016-17,E09000020 Kensington and Chelsea,Age9,16-24,79.44267820994362,4.464712275033473,16.092609515022897,36.0,71.69339828666021,False
2016-17,E09000020 Kensington and Chelsea,Age9,25-34,82.6131773775803,4.809643000722116,12.57717962169759,61.0,115.43014593779279,False
2016-17,E09000020 Kensington and Chelsea,Age9,35-44,53.91863464710271,16.75285240968736,29.328512943209915,82.0,87.52392357185322,False
2016-17,E09000020 Kensington and Chelsea,Age9,45-54,80.8559873276279,9.385479854479069,9.75853281789302,90.0,78.19512828305531,False
2016-17,E09000020 Kensington and Chelsea,Age9,55-64,70.36973598292604,8.834322960083101,20.79594105699086,65.0,62.908396948987644,False
2016-17,E09000020 Kensington and Chelsea,Age9,65-74,58.98206170813345,5.258372772301746,35.75956551956481,101.0,76.90841902576634,False
2016-17,E09000020 Kensington and Chelsea,Age9,75-84,45.97558897886011,14.12546941889921,39.89894160224069,51.0,63.581904680824536,False
2016-17,E09000020 Kensington and Chelsea,Age9,85+,27.849166790337044,0.0,72.15083320966295,6.0,5.215450910116179,True
2016-17,E09000020 Kensington and Chelsea,Age9,nan,57.48502332515769,0.0,42.514976674842316,9.0,12.734260515766584,True
2016-17,E09000021 Kingston upon Thames,Age9,16-24,89.34484014385347,5.58707425265757,5.068085603488973,36.0,79.96149016473373,False
2016-17,E09000021 Kingston upon Thames,Age9,25-34,69.71623786786772,16.143705977567542,14.140056154564753,66.0,103.39898287417903,False
2016-17,E09000021 Kingston upon Thames,Age9,35-44,66.34381896076874,17.48213342345151,16.17404761577975,105.0,123.70629639495296,False
2016-17,E09000021 Kingston upon Thames,Age9,45-54,64.92081826445163,11.931995186783332,23.147186548765045,73.0,88.44883294514841,False
2016-17,E09000021 Kingston upon Thames,Age9,55-64,69.8833776501796,6.9685869368860205,23.148035412934366,79.0,88.44321090468976,False
2016-17,E09000021 Kingston upon Thames,Age9,65-74,62.24410659872199,13.065599322132163,24.69029407914583,82.0,81.71624929124776,False
2016-17,E09000021 Kingston upon Thames,Age9,75-84,30.178281345423454,20.51425807195709,49.30746058261945,26.0,37.5704443263549,True
2016-17,E09000021 Kingston upon Thames,Age9,85+,22.899363560159824,8.013923427264507,69.08671301257566,7.0,8.786907645955859,True
2016-17,E09000021 Kingston upon Thames,Age9,nan,7.686263874646489,71.41339095367294,20.900345171680566,5.0,12.014723403260966,True
2016-17,E09000022 Lambeth,Age9,16-24,69.62437589082046,18.04480945010269,12.330814659076832,78.0,147.52907182233483,False
2016-17,E09000022 Lambeth,Age9,25-34,71.47820860276701,9.446535823194377,19.075255574038618,251.0,385.74096419213436,False
2016-17,E09000022 Lambeth,Age9,35-44,73.27052475768812,8.890698720962417,17.83877652134947,252.0,258.1478187127897,False
2016-17,E09000022 Lambeth,Age9,45-54,66.77512096596897,11.671076239310791,21.553802794720248,159.0,153.7387617475791,False
2016-17,E09000022 Lambeth,Age9,55-64,69.8353259290696,8.03648163998437,22.128192430946044,130.0,98.68206788664924,False
2016-17,E09000022 Lambeth,Age9,65-74,59.48109745994695,14.779291147711318,25.739611392341743,86.0,63.707609404626126,False
2016-17,E09000022 Lambeth,Age9,75-84,30.208716176713207,12.665025015643122,57.12625880764366,29.0,32.459480159324436,True
2016-17,E09000022 Lambeth,Age9,85+,19.730279689027093,0.0,80.26972031097291,7.0,6.63253391773257,True
2016-17,E09000022 Lambeth,Age9,nan,29.64933101135899,16.002504963119684,54.34816402552133,11.0,13.986330770439945,True
2016-17,E09000023 Lewisham,Age9,16-24,56.13269522158938,14.350537963291337,29.51676681511926,35.0,135.72558332462648,False
2016-17,E09000023 Lewisham,Age9,25-34,67.77356263249521,16.154742966379924,16.071694401124844,114.0,293.85937482226376,False
2016-17,E09000023 Lewisham,Age9,35-44,73.60137169123809,12.943497767025352,13.455130541736576,107.0,190.84114215364406,False
2016-17,E09000023 Lewisham,Age9,45-54,60.738524793641915,13.8055426327452,25.455932573612877,85.0,190.33622428336128,False
2016-17,E09000023 Lewisham,Age9,55-64,55.07252905221435,15.123555402333865,29.803915545451776,65.0,104.70402424408798,False
2016-17,E09000023 Lewisham,Age9,65-74,52.42037257183174,17.546383078404695,30.033244349763567,39.0,47.54680703004993,False
2016-17,E09000023 Lewisham,Age9,75-84,10.856643885291591,13.951838034225556,75.19151808048285,22.0,43.92915962483261,True
2016-17,E09000023 Lewisham,Age9,85+,14.666099781643025,0.0,85.33390021835697,10.0,20.773480583114942,True
2016-17,E09000023 Lewisham,Age9,nan,49.738360517455384,0.0,50.26163948254461,8.0,16.89285124549605,True
2016-17,E09000024 Merton,Age9,16-24,80.18639681377459,12.27255922240979,7.541043963815591,39.0,99.07909498285866,False
2016-17,E09000024 Merton,Age9,25-34,66.12019421543897,20.401717938816518,13.478087845744499,79.0,139.57232993065497,False
2016-17,E09000024 Merton,Age9,35-44,68.52538087898573,15.75500696987675,15.719612151137504,113.0,170.68391089773394,False
2016-17,E09000024 Merton,Age9,45-54,66.64645359199626,15.636821580608418,17.716724827395293,90.0,131.42244121746725,False
2016-17,E09000024 Merton,Age9,55-64,56.21972944041238,9.186417603370652,34.59385295621695,72.0,69.7041306966911,False
2016-17,E09000024 Merton,Age9,65-74,60.71404140542257,15.994900883256365,23.291057711321056,61.0,52.803437116450695,False
2016-17,E09000024 Merton,Age9,75-84,56.69791231232272,11.672287160769743,31.62980052690756,22.0,34.35570707121489,True
2016-17,E09000024 Merton,Age9,85+,31.48619925671597,20.873964060853467,47.63983668243056,13.0,22.410874958352952,True
2016-17,E09000024 Merton,Age9,nan,66.77329978399258,4.0967675218817625,29.12993269412565,7.0,11.931221113741225,True
2016-17,E09000025 Newham,Age9,16-24,80.7588492897547,6.837045806861274,12.404104903384022,70.0,229.42939787101486,False
2016-17,E09000025 Newham,Age9,25-34,62.89280086831997,8.503942046175922,28.60325708550409,143.0,395.32822662123976,False
2016-17,E09000025 Newham,Age9,35-44,59.02484992758649,15.276815449816633,25.69833462259688,118.0,238.891277142586,False
2016-17,E09000025 Newham,Age9,45-54,53.02317011969758,20.67357986959624,26.30325001070617,49.0,78.70004559174109,False
2016-17,E09000025 Newham,Age9,55-64,56.31011920684807,19.342366996599512,24.347513796552423,52.0,93.40943169984058,False
2016-17,E09000025 Newham,Age9,65-74,48.78889280883098,2.6857364230010248,48.52537076816799,34.0,43.71680927912582,False
2016-17,E09000025 Newham,Age9,75-84,35.46240382092614,28.756357981546383,35.78123819752748,21.0,34.651162123706605,True
2016-17,E09000025 Newham,Age9,85+,0.0,50.76300132169652,49.236998678303486,6.0,7.687301085258437,True
2016-17,E09000025 Newham,Age9,nan,16.484146904714052,5.528555993432542,77.98729710185339,12.0,17.338776193440417,True
2016-17,E09000026 Redbridge,Age9,16-24,64.83739699876526,17.716382515224556,17.44622048601017,85.0,162.80463038914272,False
2016-17,E09000026 Redbridge,Age9,25-34,55.71646296787104,19.10088104774674,25.18265598438222,150.0,185.69178933958295,False
2016-17,E09000026 Redbridge,Age9,35-44,61.91883087445201,8.8674214109121,29.213747714635886,215.0,220.5887187307872,False
2016-17,E09000026 Redbridge,Age9,45-54,60.66842612493614,12.352644085796632,26.978929789267248,165.0,150.04729577107213,False
2016-17,E09000026 Redbridge,Age9,55-64,54.50607275568127,17.768573248387327,27.725353995931407,149.0,130.451222224633,False
2016-17,E09000026 Redbridge,Age9,65-74,47.84962034298181,11.600874746451066,40.54950491056712,151.0,90.03537701306351,False
2016-17,E09000026 Redbridge,Age9,75-84,21.812056988968166,26.84355303049048,51.34438998054133,55.0,47.50323791840728,False
2016-17,E09000026 Redbridge,Age9,85+,10.612725200529399,15.247098229423056,74.14017657004754,19.0,13.589802762763952,True
2016-17,E09000026 Redbridge,Age9,nan,51.18198913098281,10.305278299393358,38.51273256962383,8.0,8.741202243709246,True
2016-17,E09000027 Richmond upon Thames,Age9,16-24,76.42452082031474,13.513207720540905,10.062271459144359,32.0,66.91578105678038,False
2016-17,E09000027 Richmond upon Thames,Age9,25-34,65.9327324281563,10.3272537441752,23.740013827668513,63.0,113.55977957448673,False
2016-17,E09000027 Richmond upon Thames,Age9,35-44,74.24995691976795,7.741316627925624,18.00872645230642,98.0,126.25032528702026,False
2016-17,E09000027 Richmond upon Thames,Age9,45-54,78.63849176059978,10.17565399406162,11.1858542453386,106.0,142.84611908262494,False
2016-17,E09000027 Richmond upon Thames,Age9,55-64,74.2917038314006,14.906420771258725,10.801875397340684,101.0,101.10993520409191,False
2016-17,E09000027 Richmond upon Thames,Age9,65-74,56.86249563550375,14.90659002952455,28.230914334971715,66.0,74.22893717104041,False
2016-17,E09000027 Richmond upon Thames,Age9,75-84,62.052433053407356,11.888056939587065,26.05951000700558,22.0,35.74327380881534,True
2016-17,E09000027 Richmond upon Thames,Age9,85+,17.254501111143178,33.08283978046561,49.66265910839121,10.0,18.15278757446758,True
2016-17,E09000027 Richmond upon Thames,Age9,nan,18.62044248188332,46.787107160705084,34.592450357411586,5.0,7.893236277437403,True
2016-17,E09000028 Southwark,Age9,16-24,82.63506121716995,6.8543687186176845,10.510570064212367,38.0,119.49492528466126,False
2016-17,E09000028 Southwark,Age9,25-34,75.26233233168266,8.179348097632223,16.55831957068512,131.0,354.1043219198183,False
2016-17,E09000028 Southwark,Age9,35-44,70.59873492684534,8.612754325299509,20.788510747855156,118.0,252.65499815014817,False
2016-17,E09000028 Southwark,Age9,45-54,61.68818485445772,13.865476184062498,24.446338961479768,87.0,162.66511759982833,False
2016-17,E09000028 Southwark,Age9,55-64,53.351437567191425,20.722306717770255,25.926255715038316,65.0,96.50855050154836,False
2016-17,E09000028 Southwark,Age9,65-74,72.01810944432493,15.218296906714675,12.763593648960377,41.0,60.682024427152115,False
2016-17,E09000028 Southwark,Age9,75-84,28.63225624434876,4.69646655960126,66.67127719604997,13.0,35.75789650766413,True
2016-17,E09000028 Southwark,Age9,85+,0.0,0.0,100.0,1.0,3.5674818206245846,True
2016-17,E09000028 Southwark,Age9,nan,75.45848969333096,0.0,24.541510306669053,6.0,8.750686269906073,True
2016-17,E09000029 Sutton,Age9,16-24,84.15746185906133,10.380579247438657,5.461958893500001,27.0,63.36285463121584,True
2016-17,E09000029 Sutton,Age9,25-34,43.10670470614751,20.558837303963262,36.33445798988924,68.0,130.17518644013379,False
2016-17,E09000029 Sutton,Age9,35-44,56.21232622800488,8.413564880342546,35.374108891652575,94.0,118.12069968097754,False
2016-17,E09000029 Sutton,Age9,45-54,80.20650750344335,3.8365883955601725,15.95690410099649,80.0,119.73222807026244,False
2016-17,E09000029 Sutton,Age9,55-64,51.77293204108765,17.68054127692624,30.546526681986112,89.0,118.29409582475134,False
2016-17,E09000029 Sutton,Age9,65-74,55.19835937754362,14.956079102283912,29.84556152017246,78.0,72.46674738000871,False
2016-17,E09000029 Sutton,Age9,75-84,30.09504700526813,11.90280387755928,58.0021491171726,44.0,55.00684958182612,False
2016-17,E09000029 Sutton,Age9,85+,17.08977388775835,4.779081706442836,78.1311444057988,15.0,14.775585139519626,True
2016-17,E09000029 Sutton,Age9,nan,51.249955401716264,0.0,48.75004459828374,4.0,5.898738092177494,True
2016-17,E09000030 Tower Hamlets,Age9,16-24,66.69801266757052,16.080804868827936,17.22118246360154,52.0,208.2914650473064,False
2016-17,E09000030 Tower Hamlets,Age9,25-34,70.61392022378149,9.210979858248812,20.175099917969703,182.0,454.08115181177016,False
2016-17,E09000030 Tower Hamlets,Age9,35-44,56.90518288933948,10.22770715362329,32.86710995703721,98.0,206.61974907648764,False
2016-17,E09000030 Tower Hamlets,Age9,45-54,59.472530137573976,21.49202619925855,19.035443663167456,71.0,102.596656310624,False
2016-17,E09000030 Tower Hamlets,Age9,55-64,62.82445510944571,7.629105559882973,29.546439330671305,37.0,41.641025622963824,False
2016-17,E09000030 Tower Hamlets,Age9,65-74,66.12918122067221,16.02732327817991,17.843495501147892,19.0,19.213940435343083,True
2016-17,E09000030 Tower Hamlets,Age9,75-84,31.495024600969984,0.0,68.50497539903002,10.0,27.54712977452946,True
2016-17,E09000030 Tower Hamlets,Age9,85+,15.987782158709694,73.44825274867098,10.56396509261933,5.0,14.675927869874165,True
2016-17,E09000030 Tower Hamlets,Age9,nan,68.9012455750992,0.0,31.098754424900786,5.0,8.804434691418933,True
2016-17,E09000031 Waltham Forest,Age9,16-24,69.56570048967149,11.188480935043762,19.24581857528477,45.0,143.81075624349813,False
2016-17,E09000031 Waltham Forest,Age9,25-34,71.09970150857656,10.940441516570674,17.959856974852777,94.0,218.80390390424145,False
2016-17,E09000031 Waltham Forest,Age9,35-44,71.22714484573338,10.324595714696931,18.44825943956968,123.0,202.7528003899577,False
2016-17,E09000031 Waltham Forest,Age9,45-54,65.70646203557507,23.84484561408015,10.448692350344782,92.0,160.9144743541554,False
2016-17,E09000031 Waltham Forest,Age9,55-64,50.734702757074416,12.276061807375614,36.98923543554998,77.0,103.00097753053356,False
2016-17,E09000031 Waltham Forest,Age9,65-74,45.4749429115354,23.864673414604862,30.660383673859755,47.0,58.76992382604735,False
2016-17,E09000031 Waltham Forest,Age9,75-84,32.77243662521834,5.370166730302141,61.857396644479515,14.0,22.750743649950934,True
2016-17,E09000031 Waltham Forest,Age9,85+,6.86758970593656,7.798773131403623,85.33363716265981,8.0,12.085767737530201,True
2016-17,E09000031 Waltham Forest,Age9,nan,90.71965031894635,0.0,9.280349681053645,3.0,9.870764227871536,True
2016-17,E09000032 Wandsworth,Age9,16-24,56.81471615939249,7.89966881890794,35.28561502169956,29.0,99.5242217709994,True
2016-17,E09000032 Wandsworth,Age9,25-34,81.198380089308,9.456782027069204,9.344837883622795,132.0,424.79622009935275,False
2016-17,E09000032 Wandsworth,Age9,35-44,67.7948218073762,2.9193354336548705,29.285842758968926,95.0,214.4010538264581,False
2016-17,E09000032 Wandsworth,Age9,45-54,67.28564082505349,12.723813451337177,19.990545723609323,91.0,170.56425319071164,False
2016-17,E09000032 Wandsworth,Age9,55-64,67.97516538854762,12.805112947183432,19.219721664268945,61.0,70.8756972051795,False
2016-17,E09000032 Wandsworth,Age9,65-74,58.267705141404825,12.124427868038055,29.607866990557145,54.0,74.07413042083641,False
2016-17,E09000032 Wandsworth,Age9,75-84,63.333610829027066,9.782088689889104,26.88430048108384,19.0,64.25916640867679,True
2016-17,E09000032 Wandsworth,Age9,85+,34.78829311957682,0.0,65.21170688042316,3.0,4.140143116976731,True
2016-17,E09000032 Wandsworth,Age9,nan,79.52596235539036,0.0,20.474037644609634,4.0,9.094905848844391,True
2016-17,E09000033 Westminster,Age9,16-24,75.46496107835995,14.790227740685388,9.744811180954676,46.0,148.00598354515282,False
2016-17,E09000033 Westminster,Age9,25-34,78.11097996443812,12.792017786577112,9.097002248984767,92.0,198.16077891594588,False
2016-17,E09000033 Westminster,Age9,35-44,62.0155543900199,22.246431523732717,15.738014086247398,71.0,137.40828019737975,False
2016-17,E09000033 Westminster,Age9,45-54,59.05188316290392,12.546131155603549,28.401985681492558,87.0,152.08617713304486,False
2016-17,E09000033 Westminster,Age9,55-64,79.4512373056293,6.115504503017307,14.433258191353374,74.0,91.16169057336012,False
2016-17,E09000033 Westminster,Age9,65-74,66.57107412908745,17.341587173078914,16.087338697833648,80.0,98.86094067377755,False
2016-17,E09000033 Westminster,Age9,75-84,43.984132203959994,18.527988373303252,37.48787942273675,29.0,52.15737290785441,True
2016-17,E09000033 Westminster,Age9,85+,8.324536572251533,27.308619608838434,64.36684381891003,12.0,23.924473453016944,True
2016-17,E09000033 Westminster,Age9,nan,44.67550708378511,21.121119244507927,34.20337367170697,11.0,21.519209404420366,True
2016-17,E09000001 City of London,Gend3,Female,65.86645064106808,10.481627884700975,23.651921474230935,126.0,16.64023092392803,False
2016-17,E09000001 City of London,Gend3,Male,70.5725118650343,18.019001078153444,11.408487056812266,123.0,19.947794336063463,False
2016-17,E09000002 Barking and Dagenham,Gend3,Female,47.791598332362,15.542600011927169,36.66580165571083,570.0,372.6939910114828,False
2016-17,E09000002 Barking and Dagenham,Gend3,Male,51.11423428994198,16.880782544733357,32.00498316532466,385.0,289.193594102691,False
2016-17,E09000002 Barking and Dagenham,Gend3,nan,45.9132643457086,0.0,54.08673565429141,3.0,2.5306433047894608,True
2016-17,E09000003 Barnet,Gend3,Female,52.08555124163882,13.338889865267738,34.575558893093444,554.0,671.3664927348981,False
2016-17,E09000003 Barnet,Gend3,Male,61.664953866046176,11.232300001653286,27.10274613230053,441.0,650.9205724393152,False
2016-17,E09000003 Barnet,Gend3,nan,43.624966693792814,0.0,56.37503330620718,2.0,2.3227346149863184,True
2016-17,E09000004 Bexley,Gend3,Female,49.577441445228025,20.156447100677138,30.266111454094823,288.0,445.196828847769,False
2016-17,E09000004 Bexley,Gend3,Male,64.24557088529804,14.65913547345202,21.09529364124996,206.0,417.2323728228556,False
2016-17,E09000004 Bexley,Gend3,nan,61.535790699719094,0.0,38.46420930028089,4.0,7.404068780998109,True
2016-17,E09000005 Brent,Gend3,Female,53.43641135121946,13.783823962029985,32.77976468675057,270.0,591.0054502029989,False
2016-17,E09000005 Brent,Gend3,Male,58.67415291662845,8.503612923143281,32.822234160228284,214.0,544.7700953807454,False
2016-17,E09000005 Brent,Gend3,nan,41.44596460482419,0.0,58.554035395175816,5.0,7.003559048861852,True
2016-17,E09000006 Bromley,Gend3,Female,67.36405709816113,12.078803623685305,20.55713927815357,273.0,547.8471127286749,False
2016-17,E09000006 Bromley,Gend3,Male,70.80165091522686,10.604401379114698,18.593947705658465,218.0,587.3957206836504,False
2016-17,E09000006 Bromley,Gend3,nan,0.0,0.0,100.0,1.0,2.0788736961592416,True
2016-17,E09000007 Camden,Gend3,Female,70.72745512001048,15.798464314660684,13.474080565328844,292.0,492.04857777788834,False
2016-17,E09000007 Camden,Gend3,Male,73.94597795163452,7.980830664840724,18.073191383524755,199.0,397.7127648189593,False
2016-17,E09000007 Camden,Gend3,Other,0.0,100.0,0.0,1.0,0.90738075558271,True
2016-17,E09000008 Croydon,Gend3,Female,61.75982205188257,15.57045753697631,22.66972041114112,303.0,696.5772134380101,False
2016-17,E09000008 Croydon,Gend3,Male,59.30358330192721,13.229866753852534,27.466549944220276,198.0,565.0108151051674,False
2016-17,E09000009 Ealing,Gend3,Female,56.422025200198455,14.986410181319625,28.591564618481925,248.0,463.3072155552103,False
2016-17,E09000009 Ealing,Gend3,Male,51.80044287490203,15.299270898625302,32.900286226472666,243.0,656.6775996562335,False
2016-17,E09000009 Ealing,Gend3,nan,100.0,0.0,0.0,1.0,3.105188506411831,True
2016-17,E09000010 Enfield,Gend3,Female,56.12260076483654,11.605234259313216,32.272164975850245,567.0,592.1050009701937,False
2016-17,E09000010 Enfield,Gend3,Male,58.93543663460057,12.10341651371048,28.961146851688945,430.0,523.8254040587794,False
2016-17,E09000010 Enfield,Gend3,nan,87.79694173089726,12.20305826910274,0.0,3.0,2.52365945181329,True
2016-17,E09000011 Greenwich,Gend3,Female,62.86011270264116,12.887873554612728,24.252013742746122,546.0,477.8686616471801,False
2016-17,E09000011 Greenwich,Gend3,Male,61.79722670368957,13.252620797385328,24.9501524989251,440.0,463.36834529044324,False
2016-17,E09000011 Greenwich,Gend3,nan,0.0,0.0,100.0,1.0,0.9293700357132909,True
2016-17,E09000012 Hackney,Gend3,Female,69.00757647321839,10.837276632483348,20.155146894298255,273.0,440.37322012223433,False
2016-17,E09000012 Hackney,Gend3,Male,73.36404260640366,9.799984727392532,16.83597266620381,201.0,473.4263421038525,False
2016-17,E09000012 Hackney,Gend3,nan,100.0,0.0,0.0,1.0,1.1940543610021004,True
2016-17,E09000013 Hammersmith and Fulham,Gend3,Female,65.0834810327244,14.762303394010628,20.154215573264946,276.0,318.99559004943023,False
2016-17,E09000013 Hammersmith and Fulham,Gend3,Male,74.49078460251118,6.480070846146943,19.02914455134188,213.0,325.14540741022296,False
2016-17,E09000014 Haringey,Gend3,Female,60.613871266181555,16.46855347332541,22.917575260493045,564.0,463.20198366213845,False
2016-17,E09000014 Haringey,Gend3,Male,67.58494817099466,8.96007979293781,23.454972036067534,428.0,500.3679302666816,False
2016-17,E09000015 Harrow,Gend3,Female,54.00813139030978,16.961808253590778,29.030060356099447,262.0,407.0620054352964,False
2016-17,E09000015 Harrow,Gend3,Male,51.58740907120342,16.48408660659998,31.9285043221966,223.0,464.38511818667337,False
2016-17,E09000015 Harrow,Gend3,nan,100.0,0.0,0.0,1.0,0.8425393682715914,True
2016-17,E09000016 Havering,Gend3,Female,55.605907157065324,14.007384267161898,30.38670857577277,275.0,464.23471891274215,False
2016-17,E09000016 Havering,Gend3,Male,59.10499575529005,11.008338588939374,29.886665655770578,218.0,408.15961721622114,False
2016-17,E09000016 Havering,Gend3,nan,100.0,0.0,0.0,1.0,1.7687612471261203,True
2016-17,E09000017 Hillingdon,Gend3,Female,56.86248961327659,13.752906375921906,29.38460401080149,284.0,508.7297324904079,False
2016-17,E09000017 Hillingdon,Gend3,Male,62.838594524968464,13.696541391310637,23.464864083720897,209.0,519.7188375280272,False
2016-17,E09000017 Hillingdon,Gend3,nan,0.0,0.0,100.0,1.0,0.8096649785170278,True
2016-17,E09000018 Hounslow,Gend3,Female,49.11652805369812,15.582712350116848,35.30075959618504,284.0,453.27552640949034,False
2016-17,E09000018 Hounslow,Gend3,Male,57.42944274156046,10.95698435023901,31.613572908200503,198.0,446.69180814399533,False
2016-17,E09000018 Hounslow,Gend3,nan,16.24383618709853,0.0,83.75616381290148,2.0,3.652501253467852,True
2016-17,E09000019 Islington,Gend3,Female,60.6192231375548,16.172138469911832,23.20863839253337,269.0,400.5382403020481,False
2016-17,E09000019 Islington,Gend3,Male,73.64898570140363,12.766505693468849,13.584508605127496,217.0,457.37802242600367,False
2016-17,E09000019 Islington,Gend3,nan,100.0,0.0,0.0,2.0,1.2532009769574228,True
2016-17,E09000020 Kensington and Chelsea,Gend3,Female,64.96599882503091,9.283064563109653,25.750936611859437,318.0,337.19073197436694,False
2016-17,E09000020 Kensington and Chelsea,Gend3,Male,72.28220458474605,7.609988427381073,20.107806987872856,183.0,237.00029618645584,False
2016-17,E09000021 Kingston upon Thames,Gend3,Female,60.11025947959442,17.972691625211265,21.917048895194323,274.0,315.6664371181388,False
2016-17,E09000021 Kingston upon Thames,Gend3,Male,71.99703020292887,9.951282331743977,18.05168746532714,203.0,305.86958216968037,False
2016-17,E09000021 Kingston upon Thames,Gend3,nan,0.0,0.0,100.0,2.0,2.511118662704228,True
2016-17,E09000022 Lambeth,Gend3,Female,65.11804386920545,14.504895995266404,20.37706013552815,596.0,630.2136763275408,False
2016-17,E09000022 Lambeth,Gend3,Male,71.97455808816771,6.839828384857887,21.185613526974407,406.0,529.8091521423437,False
2016-17,E09000022 Lambeth,Gend3,nan,100.0,0.0,0.0,1.0,0.601810143725723,True
2016-17,E09000023 Lewisham,Gend3,Female,56.46977055761858,14.832524531220233,28.69770491116117,267.0,468.2543593141763,False
2016-17,E09000023 Lewisham,Gend3,Male,64.31798775466089,13.851965427666421,21.83004681767269,216.0,568.7333290325579,False
2016-17,E09000023 Lewisham,Gend3,nan,0.0,0.0,100.0,2.0,7.6209589647428455,True
2016-17,E09000024 Merton,Gend3,Female,59.85000239381818,19.061100314268913,21.08889729191293,286.0,378.21110560209,False
2016-17,E09000024 Merton,Gend3,Male,72.90918060640217,11.270419945750646,15.820399447847194,207.0,350.6733118586167,False
2016-17,E09000024 Merton,Gend3,nan,0.0,15.876491549632355,84.12350845036765,3.0,3.0787305244587797,True
2016-17,E09000025 Newham,Gend3,Female,62.89080929824983,9.460760506604016,27.64843019514617,293.0,595.8703896125606,False
2016-17,E09000025 Newham,Gend3,Male,61.023463771873175,14.70611986361376,24.27041636451307,211.0,542.3790718613532,False
2016-17,E09000025 Newham,Gend3,nan,0.0,0.0,100.0,1.0,0.9029661340397132,True
2016-17,E09000026 Redbridge,Gend3,Female,52.043308646855934,15.843556730928054,32.11313462221602,545.0,475.614508183259,False
2016-17,E09000026 Redbridge,Gend3,Male,59.86338754624698,14.311731110910475,25.824881342842552,452.0,533.8387682099029,False
2016-17,E09000027 Richmond upon Thames,Gend3,Female,71.90020935733995,11.926947235704988,16.17284340695508,277.0,351.3011565452117,False
2016-17,E09000027 Richmond upon Thames,Gend3,Male,66.59180304101758,12.929014352392834,20.47918260658959,225.0,334.6277263269913,False
2016-17,E09000027 Richmond upon Thames,Gend3,nan,100.0,0.0,0.0,1.0,0.7712921645618633,True
2016-17,E09000028 Southwark,Gend3,Female,66.30531586464754,11.794099269133767,21.900584866218704,289.0,590.9684817108805,False
2016-17,E09000028 Southwark,Gend3,Male,72.36570820423154,8.481901030369986,19.15239076539848,211.0,503.2175207704708,False
2016-17,E09000029 Sutton,Gend3,Female,57.06483075874614,13.987258635786088,28.947910605467758,296.0,381.9501615137289,False
2016-17,E09000029 Sutton,Gend3,Male,56.432967608907106,10.650632258530173,32.91640013256273,202.0,314.10425270078855,False
2016-17,E09000029 Sutton,Gend3,nan,0.0,0.0,100.0,1.0,1.7785706263554635,True
2016-17,E09000030 Tower Hamlets,Gend3,Female,64.16165333289777,12.687884610237468,23.15046205686476,257.0,508.27786274179283,False
2016-17,E09000030 Tower Hamlets,Gend3,Male,64.19834891325253,12.394550783637426,23.407100303110063,221.0,573.2249103449489,False
2016-17,E09000030 Tower Hamlets,Gend3,nan,0.0,0.0,100.0,1.0,1.9687075535758194,True
2016-17,E09000031 Waltham Forest,Gend3,Female,60.38929136557201,13.790409450916108,25.820299183511892,296.0,476.9340241650642,False
2016-17,E09000031 Waltham Forest,Gend3,Male,68.87814853301732,13.68820753649528,17.433643930487396,207.0,455.82608769872195,False
2016-17,E09000032 Wandsworth,Gend3,Female,68.58767181409449,8.257065437473644,23.155262748431834,291.0,568.7122750299944,False
2016-17,E09000032 Wandsworth,Gend3,Male,73.46155924913401,9.512377363231789,17.026063387634213,196.0,561.1554224108072,False
2016-17,E09000032 Wandsworth,Gend3,nan,0.0,0.0,100.0,1.0,1.8620944472342043,True
2016-17,E09000033 Westminster,Gend3,Female,65.76240267772259,13.17701984297982,21.06057747929757,276.0,434.07986527795697,False
2016-17,E09000033 Westminster,Gend3,Male,68.57749262328744,15.596382905577402,15.826124471135145,222.0,477.65906001573046,False
2016-17,E09000033 Westminster,Gend3,nan,10.935003622117339,74.94845871369199,14.11653766419067,4.0,11.545981510265358,True
2016-17,E09000001 City of London,Eth7,Black,100.0,0.0,0.0,1.0,0.3821118525019592,True
2016-17,E09000001 City of London,Eth7,Chinese,48.73842344379207,33.79241720573721,17.469159350470736,9.0,2.9321624787630194,True
2016-17,E09000001 City of London,Eth7,Mixed,78.14116880599332,21.858831194006694,0.0,12.0,2.361166107036306,True
2016-17,E09000001 City of London,Eth7,Other ethnic group,72.60587530730776,0.0,27.39412469269225,5.0,0.8025395894523366,True
2016-17,E09000001 City of London,Eth7,South Asian,87.13934630794259,0.0,12.860653692057411,17.0,3.430792232561286,True
2016-17,E09000001 City of London,Eth7,White British,73.64281277106325,12.612073994960863,13.745113233975884,144.0,17.04502161338088,False
2016-17,E09000001 City of London,Eth7,White Other,71.34806559052765,14.784900350946033,13.867034058526315,39.0,5.677136380013295,False
2016-17,E09000001 City of London,Eth7,nan,30.49013076465566,21.290840207698164,48.21902902764617,22.0,3.957095006282414,True
2016-17,E09000002 Barking and Dagenham,Eth7,Black,57.04068063132587,16.443984645767124,26.515334722906992,166.0,131.2413221026783,False
2016-17,E09000002 Barking and Dagenham,Eth7,Chinese,49.580097364594,13.249336634572368,37.17056600083363,7.0,4.937318445110025,True
2016-17,E09000002 Barking and Dagenham,Eth7,Mixed,56.32555452892962,6.687364176658038,36.98708129441233,17.0,14.299441618685623,True
2016-17,E09000002 Barking and Dagenham,Eth7,Other ethnic group,56.05647633555372,24.593630339165358,19.349893325280913,25.0,18.586892826304286,True
2016-17,E09000002 Barking and Dagenham,Eth7,South Asian,46.25102597098387,16.48111700447164,37.26785702454449,198.0,174.114343249528,False
2016-17,E09000002 Barking and Dagenham,Eth7,White British,47.6190860121405,15.535972900831368,36.844941087028126,387.0,215.7309616378052,False
2016-17,E09000002 Barking and Dagenham,Eth7,White Other,53.45309938767965,15.468408120503884,31.07849249181647,79.0,56.575537096746025,False
2016-17,E09000002 Barking and Dagenham,Eth7,nan,36.40731948228886,16.386558962885925,47.206121554825195,79.0,48.93241144210588,False
2016-17,E09000003 Barnet,Eth7,Black,47.20934193885078,22.507611453853745,30.283046607295482,23.0,39.17871795179319,True
2016-17,E09000003 Barnet,Eth7,Chinese,59.06913204380425,6.437888804452961,34.492979151742794,24.0,44.64563448664711,True
2016-17,E09000003 Barnet,Eth7,Mixed,52.87456450905407,4.514621109610418,42.6108143813355,20.0,44.64065852902654,True
2016-17,E09000003 Barnet,Eth7,Other ethnic group,48.405839292038124,22.978175858719176,28.615984849242714,28.0,57.38416235841073,True
2016-17,E09000003 Barnet,Eth7,South Asian,56.13444444355578,9.051892138854615,34.813663417589616,147.0,267.40042300889104,False
2016-17,E09000003 Barnet,Eth7,White British,60.033807049980304,13.52109631892169,26.445096631097993,526.0,581.241046715085,False
2016-17,E09000003 Barnet,Eth7,White Other,55.09490526230083,12.012999438809954,32.8920952988892,156.0,191.0633743710759,False
2016-17,E09000003 Barnet,Eth7,nan,52.019581161385396,10.120728246946141,37.85969059166846,73.0,99.05578236827013,False
2016-17,E09000004 Bexley,Eth7,Black,49.23019006307373,12.059969355377316,38.70984058154895,33.0,69.61416676019539,False
2016-17,E09000004 Bexley,Eth7,Chinese,39.47771022375169,19.994160788821056,40.528128987427245,12.0,22.68709786984223,True
2016-17,E09000004 Bexley,Eth7,Mixed,63.18859627645664,24.21925222064584,12.592151502897508,8.0,33.16895225567178,True
2016-17,E09000004 Bexley,Eth7,Other ethnic group,67.89214984031278,20.409676562539936,11.698173597147267,4.0,9.63900552869529,True
2016-17,E09000004 Bexley,Eth7,South Asian,62.988908669910224,22.139959101479548,14.871132228610213,35.0,86.94207875439943,False
2016-17,E09000004 Bexley,Eth7,White British,58.16342425588489,15.556654869732366,26.27992087438275,351.0,569.5448126472204,False
2016-17,E09000004 Bexley,Eth7,White Other,36.11405544571296,33.79037552920594,30.095569025081115,32.0,41.81964543175097,False
2016-17,E09000004 Bexley,Eth7,nan,58.93486275782086,16.432592631165583,24.632544611013547,23.0,36.417511203847134,True
2016-17,E09000005 Brent,Eth7,Black,52.61099682159428,12.43715814683521,34.95184503157051,52.0,139.6377132847064,False
2016-17,E09000005 Brent,Eth7,Chinese,18.79420443732536,0.0,81.20579556267464,5.0,9.507623615187272,True
2016-17,E09000005 Brent,Eth7,Mixed,75.98445992317576,7.4115192417830835,16.604020835041144,12.0,41.63585191268823,True
2016-17,E09000005 Brent,Eth7,Other ethnic group,60.343785006178805,7.204632497738587,32.4515824960826,18.0,44.71776440691951,True
2016-17,E09000005 Brent,Eth7,South Asian,51.233362531286154,11.176815985244042,37.589821483469805,151.0,441.5558878373348,False
2016-17,E09000005 Brent,Eth7,White British,63.5361503152981,14.801444395034908,21.66240528966698,111.0,174.6122485797045,False
2016-17,E09000005 Brent,Eth7,White Other,58.809938787624816,10.519773279091666,30.670287933283518,91.0,195.11748083990676,False
2016-17,E09000005 Brent,Eth7,nan,54.760295308132434,8.740901368121698,36.49880332374587,49.0,95.99453415615875,False
2016-17,E09000006 Bromley,Eth7,Black,64.92906767278852,0.0,35.07093232721147,12.0,44.46685704477864,True
2016-17,E09000006 Bromley,Eth7,Chinese,84.9576717511766,0.0,15.042328248823395,5.0,9.649992689383998,True
2016-17,E09000006 Bromley,Eth7,Mixed,86.7557888952223,9.410426732301566,3.8337843724761385,10.0,33.129727160743315,True
2016-17,E09000006 Bromley,Eth7,Other ethnic group,54.563975151915066,0.0,45.43602484808494,4.0,14.631117749316967,True
2016-17,E09000006 Bromley,Eth7,South Asian,83.86626742856741,7.3225289965233396,8.81120357490926,21.0,60.34150226155454,True
2016-17,E09000006 Bromley,Eth7,White British,66.79974754181303,12.042333013211307,21.15791944497566,375.0,805.5966231272225,False
2016-17,E09000006 Bromley,Eth7,White Other,78.38755706558024,13.692291314144732,7.9201516202750275,43.0,114.45499211070424,False
2016-17,E09000006 Bromley,Eth7,nan,59.36535765117205,14.973171771649655,25.661470577178285,22.0,55.05089496478037,True
2016-17,E09000007 Camden,Eth7,Black,69.1529365828281,10.159547765853645,20.687515651318265,21.0,51.60429164681872,True
2016-17,E09000007 Camden,Eth7,Chinese,68.60216499825698,23.61903574567448,7.778799256068529,20.0,63.43245670881347,True
2016-17,E09000007 Camden,Eth7,Mixed,79.64293790443935,2.8486689190433325,17.508393176517327,17.0,41.792928460228744,True
2016-17,E09000007 Camden,Eth7,Other ethnic group,75.03285491748282,13.528433779578819,11.438711302938358,15.0,31.47349868500348,True
2016-17,E09000007 Camden,Eth7,South Asian,61.99048285536316,10.459195132567551,27.550322012069284,32.0,100.57428243073794,False
2016-17,E09000007 Camden,Eth7,White British,78.41278190084242,9.342466847897697,12.24475125125989,244.0,384.6274878154668,False
2016-17,E09000007 Camden,Eth7,White Other,66.55369654816329,17.685092149267813,15.761211302568892,112.0,163.42441375526258,False
2016-17,E09000007 Camden,Eth7,nan,61.95634034711811,17.410434954268542,20.633224698613358,31.0,53.73936385009858,False
2016-17,E09000008 Croydon,Eth7,Black,62.215216730276715,17.924706270886702,19.860076998836593,47.0,162.6359169879241,False
2016-17,E09000008 Croydon,Eth7,Chinese,54.68115594330427,24.932772234147755,20.386071822547976,4.0,6.9256332584275455,True
2016-17,E09000008 Croydon,Eth7,Mixed,53.85391994661938,13.803161981626054,32.34291807175457,10.0,46.29454487613087,True
2016-17,E09000008 Croydon,Eth7,Other ethnic group,53.92684816144535,13.33440950002656,32.738742338528084,7.0,30.572612763491104,True
2016-17,E09000008 Croydon,Eth7,South Asian,57.78506150268788,20.480402763671012,21.734535733641096,48.0,178.76455437078025,False
2016-17,E09000008 Croydon,Eth7,White British,64.3367349437332,13.782884791207312,21.880380265059486,291.0,622.0088415426366,False
2016-17,E09000008 Croydon,Eth7,White Other,66.19667365422247,7.37388679077707,26.42943955500045,51.0,126.49645495849948,False
2016-17,E09000008 Croydon,Eth7,nan,36.03514268746749,11.599475938642325,52.365381373890166,43.0,87.88946978528764,False
2016-17,E09000009 Ealing,Eth7,Black,51.473872756742104,9.472799895304947,39.05332734795296,17.0,53.69232233624632,True
2016-17,E09000009 Ealing,Eth7,Chinese,13.134292462126915,20.226162806215843,66.63954473165725,5.0,12.395851844110842,True
2016-17,E09000009 Ealing,Eth7,Mixed,80.43316260019326,14.508142097889964,5.058695301916789,13.0,39.89957449200591,True
2016-17,E09000009 Ealing,Eth7,Other ethnic group,47.90878966305458,12.801837957040876,39.289372379904535,21.0,47.48564452449794,True
2016-17,E09000009 Ealing,Eth7,South Asian,52.43626319034349,13.794591226454326,33.76914558320218,113.0,439.03822306973535,False
2016-17,E09000009 Ealing,Eth7,White British,60.73770949804395,14.888450104467402,24.37384039748864,197.0,320.23146171004555,False
2016-17,E09000009 Ealing,Eth7,White Other,45.89029752140152,19.808755671489994,34.3009468071085,88.0,146.85922286433004,False
2016-17,E09000009 Ealing,Eth7,nan,44.82106977723331,20.644780231159224,34.534149991607485,38.0,63.487702876883674,False
2016-17,E09000010 Enfield,Eth7,Black,46.58770670657066,14.2254416315149,39.18685166191446,89.0,143.3670604234026,False
2016-17,E09000010 Enfield,Eth7,Chinese,69.4648490259479,4.660457770567926,25.874693203484174,8.0,6.183709395911482,True
2016-17,E09000010 Enfield,Eth7,Mixed,71.53093368434344,4.4803326767415355,23.988733638915047,28.0,40.291291684484136,True
2016-17,E09000010 Enfield,Eth7,Other ethnic group,57.59317213454702,13.05425264881674,29.352575216636268,43.0,74.37835865159168,False
2016-17,E09000010 Enfield,Eth7,South Asian,60.43817469199858,10.296501577881912,29.26532373011951,88.0,125.95318689413418,False
2016-17,E09000010 Enfield,Eth7,White British,60.67737525230443,10.481465777849461,28.84115896984609,537.0,520.6997615608678,False
2016-17,E09000010 Enfield,Eth7,White Other,62.30329410518216,11.910138556940865,25.786567337876964,130.0,130.5316718299399,False
2016-17,E09000010 Enfield,Eth7,nan,35.170335995313295,22.237990860219874,42.59167314446683,77.0,77.04902404045464,False
2016-17,E09000011 Greenwich,Eth7,Black,55.41561341208383,19.877154359188705,24.707232228727477,105.0,160.9937577008425,False
2016-17,E09000011 Greenwich,Eth7,Chinese,44.54051174035843,26.11105058726312,29.348437672378434,29.0,28.174948359249953,True
2016-17,E09000011 Greenwich,Eth7,Mixed,78.23312745913506,6.083061242370725,15.683811298494199,29.0,44.87216559578832,True
2016-17,E09000011 Greenwich,Eth7,Other ethnic group,33.87923680906674,9.037786086996263,57.082977103937004,22.0,28.225426991436898,True
2016-17,E09000011 Greenwich,Eth7,South Asian,51.8687473028986,24.779372274911264,23.351880422190135,66.0,93.39219985810718,False
2016-17,E09000011 Greenwich,Eth7,White British,69.18661191615105,7.4980634331026685,23.31532465074628,536.0,424.20271668037344,False
2016-17,E09000011 Greenwich,Eth7,White Other,63.88726809579849,11.608444796585934,24.504287107615564,145.0,126.70849095734835,False
2016-17,E09000011 Greenwich,Eth7,nan,48.94198972986554,24.438734591555423,26.61927567857904,55.0,35.59667083018989,False
2016-17,E09000012 Hackney,Eth7,Black,43.9760919497357,16.799814386482698,39.22409366378162,59.0,162.92813877894162,False
2016-17,E09000012 Hackney,Eth7,Chinese,76.80398351614049,0.0,23.19601648385952,6.0,17.880274394701726,True
2016-17,E09000012 Hackney,Eth7,Mixed,40.292262160785924,22.381135427630134,37.326602411583956,9.0,19.43499722445637,True
2016-17,E09000012 Hackney,Eth7,Other ethnic group,80.39588636681255,10.468062420816459,9.136051212371008,16.0,35.830041941269094,True
2016-17,E09000012 Hackney,Eth7,South Asian,65.03659992131325,14.399336207010977,20.564063871675785,19.0,73.43847257675156,True
2016-17,E09000012 Hackney,Eth7,White British,82.66155900418643,5.98248244926797,11.355958546545617,230.0,358.23145862161164,False
2016-17,E09000012 Hackney,Eth7,White Other,81.38763199330128,7.4778519706417,11.134516036057027,100.0,189.38674368866137,False
2016-17,E09000012 Hackney,Eth7,nan,55.945110812489276,21.568379784691018,22.486509402819696,36.0,57.86348936069552,False
2016-17,E09000013 Hammersmith and Fulham,Eth7,Black,61.23045197792503,15.963536913897034,22.80601110817795,21.0,43.74217649504307,True
2016-17,E09000013 Hammersmith and Fulham,Eth7,Chinese,37.61028234107791,31.08927896872033,31.300438690201766,6.0,8.115964128593513,True
2016-17,E09000013 Hammersmith and Fulham,Eth7,Mixed,73.5954331450638,3.068734493939901,23.335832360996307,16.0,46.21931038985805,True
2016-17,E09000013 Hammersmith and Fulham,Eth7,Other ethnic group,22.30763035686011,0.0,77.69236964313988,6.0,10.198161069900014,True
2016-17,E09000013 Hammersmith and Fulham,Eth7,South Asian,75.95413332923232,6.457144097517724,17.588722573249978,22.0,40.00969455991769,True
2016-17,E09000013 Hammersmith and Fulham,Eth7,White British,70.2508561484301,10.948329858914576,18.800813992655343,267.0,311.4076364409849,False
2016-17,E09000013 Hammersmith and Fulham,Eth7,White Other,78.02908552116374,7.773627482463846,14.197286996372432,106.0,128.04196697687522,False
2016-17,E09000013 Hammersmith and Fulham,Eth7,nan,61.38528391949974,18.80202033032544,19.81269575017481,45.0,56.40608739848061,False
2016-17,E09000014 Haringey,Eth7,Black,46.4863157047791,16.62247525269381,36.8912090425271,98.0,134.68079640832758,False
2016-17,E09000014 Haringey,Eth7,Chinese,28.421761492149265,13.540981064216442,58.037257443634296,15.0,18.765093640462634,True
2016-17,E09000014 Haringey,Eth7,Mixed,77.8895314861435,8.922693131123188,13.18777538273332,26.0,29.011592174109126,True
2016-17,E09000014 Haringey,Eth7,Other ethnic group,55.82230841481931,5.690963134052399,38.486728451128286,35.0,47.41435467013739,False
2016-17,E09000014 Haringey,Eth7,South Asian,73.29533201020445,7.713738880701366,18.990929109094175,47.0,57.52157415500222,False
2016-17,E09000014 Haringey,Eth7,White British,70.50680779670198,12.969505862687067,16.523686340610972,486.0,405.0561051869716,False
2016-17,E09000014 Haringey,Eth7,White Other,69.15683549447652,13.667347166089726,17.17581733943373,195.0,176.18680858902272,False
2016-17,E09000014 Haringey,Eth7,nan,55.126736841317445,10.37559153207783,34.497671626604735,90.0,94.93358910478675,False
2016-17,E09000015 Harrow,Eth7,Black,68.75331356437806,21.305662928704507,9.941023506917437,12.0,17.132911811367183,True
2016-17,E09000015 Harrow,Eth7,Chinese,34.55955447497062,22.13467431145184,43.30577121357756,12.0,12.591225732547663,True
2016-17,E09000015 Harrow,Eth7,Mixed,68.90105528097223,14.979559047134003,16.11938567189378,17.0,62.0404777636361,True
2016-17,E09000015 Harrow,Eth7,Other ethnic group,68.6967586087476,15.051200297092935,16.252041094159473,9.0,21.8582442505202,True
2016-17,E09000015 Harrow,Eth7,South Asian,41.39396462657881,20.108618671352946,38.497416702068264,168.0,403.59593658387985,False
2016-17,E09000015 Harrow,Eth7,White British,61.752192850938904,17.509889791833558,20.737917357227552,184.0,212.83359210171335,False
2016-17,E09000015 Harrow,Eth7,White Other,57.39365651962224,2.9664901976386417,39.63985328273913,36.0,59.566133181673294,False
2016-17,E09000015 Harrow,Eth7,nan,64.93082719820251,7.720442264717524,27.34873053707998,48.0,82.67114156490362,False
2016-17,E09000016 Havering,Eth7,Black,49.66399535423781,16.378700041765764,33.95730460399644,27.0,44.78390344257901,True
2016-17,E09000016 Havering,Eth7,Chinese,55.7899913932161,44.210008606783894,0.0,6.0,16.478567428584512,True
2016-17,E09000016 Havering,Eth7,Mixed,79.91589022803672,5.839485478308681,14.244624293654603,12.0,34.21587359667533,True
2016-17,E09000016 Havering,Eth7,Other ethnic group,82.00510084408775,17.99489915591225,0.0,3.0,11.044062999963483,True
2016-17,E09000016 Havering,Eth7,South Asian,63.23124163165398,14.639066165418857,22.129692202927167,19.0,40.136824420911694,True
2016-17,E09000016 Havering,Eth7,White British,57.220473998327506,12.492741999997904,30.286784001674583,386.0,635.0214046918297,False
2016-17,E09000016 Havering,Eth7,White Other,56.23810178640615,10.111419073371323,33.650479140222515,25.0,60.781729104131216,True
2016-17,E09000016 Havering,Eth7,nan,32.788421538578014,0.0,67.21157846142198,16.0,31.700731691414497,True
2016-17,E09000017 Hillingdon,Eth7,Black,70.51621557984691,3.552148102238326,25.93163631791474,19.0,64.75868511934199,True
2016-17,E09000017 Hillingdon,Eth7,Chinese,58.741441724775356,0.0,41.25855827522466,8.0,22.864019763764496,True
2016-17,E09000017 Hillingdon,Eth7,Mixed,50.76404871427397,24.734608963127588,24.50134232259846,9.0,26.331714025975714,True
2016-17,E09000017 Hillingdon,Eth7,Other ethnic group,67.71568180410901,0.0,32.28431819589102,11.0,34.19383157751986,True
2016-17,E09000017 Hillingdon,Eth7,South Asian,58.4432382609306,14.701978897317606,26.854782841751778,89.0,283.524168007124,False
2016-17,E09000017 Hillingdon,Eth7,White British,62.676885896529335,15.501528758111895,21.821585345358773,290.0,472.2993485340934,False
2016-17,E09000017 Hillingdon,Eth7,White Other,59.93437594457025,9.980470938598932,30.085153116830814,35.0,58.954689466195894,False
2016-17,E09000017 Hillingdon,Eth7,nan,34.953670174796265,17.418529307210395,47.62780051799334,33.0,66.33177850293679,False
2016-17,E09000018 Hounslow,Eth7,Black,63.4381756712372,0.0,36.561824328762796,17.0,34.8435448993318,True
2016-17,E09000018 Hounslow,Eth7,Chinese,5.032930279657596,52.7294904240655,42.2375792962769,5.0,13.764125327528447,True
2016-17,E09000018 Hounslow,Eth7,Mixed,57.40811005926619,8.288118707995743,34.303771232738065,14.0,33.76110491901252,True
2016-17,E09000018 Hounslow,Eth7,Other ethnic group,69.85357219923544,7.057157995660829,23.08926980510372,21.0,58.22005801894578,True
2016-17,E09000018 Hounslow,Eth7,South Asian,46.87139623861122,14.708819675076281,38.41978408631249,114.0,308.79169560492755,False
2016-17,E09000018 Hounslow,Eth7,White British,50.72828282512091,13.633811899734885,35.63790527514421,217.0,299.93611992147737,False
2016-17,E09000018 Hounslow,Eth7,White Other,70.30236983930199,9.646902129160143,20.05072803153786,64.0,117.61465875711704,False
2016-17,E09000018 Hounslow,Eth7,nan,47.25879994722337,21.13321821977009,31.607981833006544,32.0,36.68852835861294,False
2016-17,E09000019 Islington,Eth7,Black,49.86992459660946,31.365222323729153,18.764853079661385,28.0,74.75077293326534,True
2016-17,E09000019 Islington,Eth7,Chinese,68.72230345834028,20.20266104891394,11.075035492745783,15.0,43.00701158915581,True
2016-17,E09000019 Islington,Eth7,Mixed,88.6910530149273,8.895517127799767,2.4134298572729205,23.0,80.91752801077567,True
2016-17,E09000019 Islington,Eth7,Other ethnic group,72.0530825992859,13.489402392691103,14.457515008023005,8.0,8.098537814802834,True
2016-17,E09000019 Islington,Eth7,South Asian,62.124988718364285,14.640530193628218,23.23448108800751,23.0,77.16824515646961,True
2016-17,E09000019 Islington,Eth7,White British,71.09743587327466,12.168756164297376,16.733807962427967,266.0,386.78083381038965,False
2016-17,E09000019 Islington,Eth7,White Other,58.14132625966071,12.809574044913449,29.049099695425834,96.0,151.68574390041533,False
2016-17,E09000019 Islington,Eth7,nan,68.96235244980967,13.458502306459453,17.579145243730906,29.0,36.760790489734944,True
2016-17,E09000020 Kensington and Chelsea,Eth7,Black,60.986827206348856,21.01911835877742,17.994054434873707,25.0,32.06423263172872,True
2016-17,E09000020 Kensington and Chelsea,Eth7,Chinese,60.27308215369145,6.082221128583349,33.64469671772522,10.0,22.40499127328007,True
2016-17,E09000020 Kensington and Chelsea,Eth7,Mixed,84.4913810206622,7.529247674652234,7.979371304685576,11.0,19.14364901665756,True
2016-17,E09000020 Kensington and Chelsea,Eth7,Other ethnic group,66.95164981357516,1.6655990391277662,31.38275114729705,21.0,33.79020573378769,True
2016-17,E09000020 Kensington and Chelsea,Eth7,South Asian,64.36190509576572,11.551948349330788,24.0861465549035,23.0,36.395141999802874,True
2016-17,E09000020 Kensington and Chelsea,Eth7,White British,73.49860062353373,6.874829816435357,19.626569560030923,245.0,253.04016619964708,False
2016-17,E09000020 Kensington and Chelsea,Eth7,White Other,67.28660154316586,7.7615114429824885,24.951887013851675,123.0,132.90581897975827,False
2016-17,E09000020 Kensington and Chelsea,Eth7,nan,44.273128056329355,16.45759296425334,39.2692789794173,43.0,44.446822326160444,False
2016-17,E09000021 Kingston upon Thames,Eth7,Black,39.032575414414154,60.96742458558584,0.0,4.0,11.103215941349157,True
2016-17,E09000021 Kingston upon Thames,Eth7,Chinese,50.1678661783345,18.575453888154538,31.256679933510963,12.0,14.74872252916255,True
2016-17,E09000021 Kingston upon Thames,Eth7,Mixed,98.06209660037986,1.9379033996201296,0.0,12.0,32.7786585133862,True
2016-17,E09000021 Kingston upon Thames,Eth7,Other ethnic group,82.59817464450792,0.0,17.401825355492083,7.0,8.442884691709738,True
2016-17,E09000021 Kingston upon Thames,Eth7,South Asian,40.55885334800234,18.02745412137277,41.413692530624886,43.0,71.04975649601508,False
2016-17,E09000021 Kingston upon Thames,Eth7,White British,65.45880480428409,15.759605494877563,18.781589700838357,314.0,374.8571452471298,False
2016-17,E09000021 Kingston upon Thames,Eth7,White Other,74.02646283210683,3.0843394037548593,22.889197764138263,62.0,70.5525493137839,False
2016-17,E09000021 Kingston upon Thames,Eth7,nan,80.69589554593456,7.323223273404265,11.980881180661177,25.0,40.51420521798696,True
2016-17,E09000022 Lambeth,Eth7,Black,45.34522757378814,16.676125256873643,37.97864716933822,76.0,124.69376495903909,False
2016-17,E09000022 Lambeth,Eth7,Chinese,41.93664247271233,12.403845044770305,45.659512482517364,13.0,22.425748896593625,True
2016-17,E09000022 Lambeth,Eth7,Mixed,78.18414243818339,9.752435494600624,12.063422067215981,33.0,47.74994129228835,False
2016-17,E09000022 Lambeth,Eth7,Other ethnic group,57.6918586080958,33.60649290376796,8.701648488136243,24.0,37.27957017864357,True
2016-17,E09000022 Lambeth,Eth7,South Asian,57.203040933475705,13.348303841358957,29.448655225165353,42.0,62.95584032998791,False
2016-17,E09000022 Lambeth,Eth7,White British,75.04584382948303,9.69928695054395,15.254869219973013,570.0,562.1996623928684,False
2016-17,E09000022 Lambeth,Eth7,White Other,73.01511740420949,6.322703267368343,20.662179328422173,187.0,242.31652059564837,False
2016-17,E09000022 Lambeth,Eth7,nan,53.56596213699215,14.155139498534766,32.27889836447309,58.0,61.00358996854099,False
2016-17,E09000023 Lewisham,Eth7,Black,58.31878339953214,15.951822848705262,25.72939375176258,49.0,156.00864915991286,False
2016-17,E09000023 Lewisham,Eth7,Chinese,47.61157351915963,5.051016504267984,47.33740997657239,12.0,34.78954806345108,True
2016-17,E09000023 Lewisham,Eth7,Mixed,61.2051350146637,21.83766250364942,16.9572024816869,21.0,62.7582853842597,True
2016-17,E09000023 Lewisham,Eth7,Other ethnic group,87.42154554899521,0.0,12.578454451004795,6.0,11.4895630082769,True
2016-17,E09000023 Lewisham,Eth7,South Asian,31.702488446285574,4.913307221410871,63.38420433230356,21.0,64.93485414925387,True
2016-17,E09000023 Lewisham,Eth7,White British,65.64272752392432,11.608192507866871,22.749079968208804,287.0,546.991076780125,False
2016-17,E09000023 Lewisham,Eth7,White Other,54.69021011266037,22.387162842078684,22.922627045260942,57.0,106.90139819676664,False
2016-17,E09000023 Lewisham,Eth7,nan,59.450996747559124,28.431384626581252,12.117618625859636,32.0,60.73527256943097,False
2016-17,E09000024 Merton,Eth7,Black,55.94994011412467,32.42491797324911,11.625141912626223,22.0,48.258944666937666,True
2016-17,E09000024 Merton,Eth7,Chinese,69.55517737697723,0.0,30.44482262302276,8.0,13.001935784842626,True
2016-17,E09000024 Merton,Eth7,Mixed,84.0493442222643,0.0,15.950655777735681,14.0,30.05145378906482,True
2016-17,E09000024 Merton,Eth7,Other ethnic group,38.999741725916515,11.999932002225759,49.000326271857716,9.0,14.690517682198026,True
2016-17,E09000024 Merton,Eth7,South Asian,72.20119453599493,6.775533826573775,21.0232716374313,45.0,109.07421220516656,False
2016-17,E09000024 Merton,Eth7,White British,65.16307852171555,14.67666227647452,20.16025920180993,290.0,349.50472092432324,False
2016-17,E09000024 Merton,Eth7,White Other,69.62789687740023,18.331996233214078,12.04010688938568,78.0,126.84883634344584,False
2016-17,E09000024 Merton,Eth7,nan,49.78128670722208,31.460315102040532,18.758398190737367,30.0,40.53252658918682,False
2016-17,E09000025 Newham,Eth7,Black,53.990201954577266,11.928072793820546,34.08172525160221,66.0,182.1677427944894,False
2016-17,E09000025 Newham,Eth7,Chinese,55.908149524354954,7.743692170279496,36.34815830536556,10.0,23.995815620326773,True
2016-17,E09000025 Newham,Eth7,Mixed,72.01695079099713,18.206005179268786,9.777044029734087,16.0,42.36405206984215,True
2016-17,E09000025 Newham,Eth7,Other ethnic group,55.65525054622088,16.820858672063885,27.523890781715238,17.0,41.90749873765941,True
2016-17,E09000025 Newham,Eth7,South Asian,60.76949115818442,10.68387304207935,28.54663579973623,161.0,454.38706247071343,False
2016-17,E09000025 Newham,Eth7,White British,66.27989661258607,14.414970840435476,19.30513254697847,122.0,169.73572856464827,False
2016-17,E09000025 Newham,Eth7,White Other,73.84527523488322,4.784290814306332,21.370433950810444,71.0,164.26044046439876,False
2016-17,E09000025 Newham,Eth7,nan,50.049469870270926,28.036110692457438,21.914419437271647,42.0,60.33408688587534,False
2016-17,E09000026 Redbridge,Eth7,Black,51.030204185476755,13.97411924462818,34.99567656989507,49.0,59.365429946810586,False
2016-17,E09000026 Redbridge,Eth7,Chinese,56.06189732204279,13.78905115337826,30.149051524578958,11.0,10.63120052856753,True
2016-17,E09000026 Redbridge,Eth7,Mixed,96.33456268097747,3.6654373190225353,0.0,17.0,17.83061519428399,True
2016-17,E09000026 Redbridge,Eth7,Other ethnic group,44.886641696420256,28.257931101557627,26.855427202022103,24.0,25.93457514863912,True
2016-17,E09000026 Redbridge,Eth7,South Asian,53.300411080633104,17.208819477775705,29.490769441591187,308.0,417.7043941386866,False
2016-17,E09000026 Redbridge,Eth7,White British,63.16287275368894,13.106194695194063,23.730932551117007,421.0,310.2766676815105,False
2016-17,E09000026 Redbridge,Eth7,White Other,54.29113643971496,15.427858977506602,30.281004582778433,91.0,91.9449844863689,False
2016-17,E09000026 Redbridge,Eth7,nan,44.20374243365194,9.60773481559068,46.188522750757386,76.0,75.76540926829479,False
2016-17,E09000027 Richmond upon Thames,Eth7,Black,100.0,0.0,0.0,5.0,8.83430192853117,True
2016-17,E09000027 Richmond upon Thames,Eth7,Chinese,0.0,32.15775816233209,67.8422418376679,4.0,6.313267223194604,True
2016-17,E09000027 Richmond upon Thames,Eth7,Mixed,38.6193010722909,0.0,61.3806989277091,10.0,17.994338632873454,True
2016-17,E09000027 Richmond upon Thames,Eth7,Other ethnic group,51.43789337890334,8.247013206239153,40.3150934148575,7.0,14.333056849236158,True
2016-17,E09000027 Richmond upon Thames,Eth7,South Asian,46.95868464926322,27.50200300287693,25.53931234785985,19.0,39.70797857977385,True
2016-17,E09000027 Richmond upon Thames,Eth7,White British,73.44899035402835,11.669138924027065,14.88187072194458,360.0,470.68028367887473,False
2016-17,E09000027 Richmond upon Thames,Eth7,White Other,77.77718326018056,8.00395813910694,14.218858600712512,74.0,97.5085444141343,False
2016-17,E09000027 Richmond upon Thames,Eth7,nan,40.98620414324019,26.499745691313432,32.51405016544637,24.0,31.32840373014663,True
2016-17,E09000028 Southwark,Eth7,Black,50.570221072617336,12.60103447460289,36.82874445277976,48.0,154.6389436664237,False
2016-17,E09000028 Southwark,Eth7,Chinese,62.456290354100055,5.3986926073283,32.14501703857165,18.0,56.418693024429025,True
2016-17,E09000028 Southwark,Eth7,Mixed,71.10159899528486,4.604161792264864,24.294239212450268,13.0,40.04406973188597,True
2016-17,E09000028 Southwark,Eth7,Other ethnic group,69.25524309146404,24.072321020968673,6.6724358875672785,16.0,47.94272187681467,True
2016-17,E09000028 Southwark,Eth7,South Asian,51.5777379048121,3.0317573329156198,45.39050476227227,16.0,62.37810767105289,True
2016-17,E09000028 Southwark,Eth7,White British,73.89405399478437,10.976898132604266,15.129047872611382,249.0,454.8433363899435,False
2016-17,E09000028 Southwark,Eth7,White Other,74.91128532742755,10.76636270607471,14.322351966497743,99.0,194.426513293479,False
2016-17,E09000028 Southwark,Eth7,nan,80.20318828522755,4.447905535405986,15.348906179366473,41.0,83.49361682732257,False
2016-17,E09000029 Sutton,Eth7,Black,46.49672854893676,28.56835594055747,24.934915510505768,16.0,21.37627390210226,True
2016-17,E09000029 Sutton,Eth7,Chinese,77.04042807388451,0.0,22.95957192611549,5.0,6.680919722890147,True
2016-17,E09000029 Sutton,Eth7,Mixed,77.31228773507401,9.539596221044398,13.1481160438816,17.0,32.14550778105614,True
2016-17,E09000029 Sutton,Eth7,Other ethnic group,9.810445310141397,30.498100290626258,59.691454399232356,5.0,8.472516070264227,True
2016-17,E09000029 Sutton,Eth7,South Asian,53.8598860124178,8.877821171885168,37.26229281569701,43.0,60.74111373260788,False
2016-17,E09000029 Sutton,Eth7,White British,59.07024198076052,11.197379335746177,29.732378683493298,339.0,461.3965993688777,False
2016-17,E09000029 Sutton,Eth7,White Other,45.55898773713251,12.162745126884793,42.278267135982674,38.0,54.62272962508406,False
2016-17,E09000029 Sutton,Eth7,nan,46.37435847244015,21.796245266425206,31.829396261134647,36.0,52.397324637990565,False
2016-17,E09000030 Tower Hamlets,Eth7,Black,52.876509873484935,12.946385060410561,34.17710506610452,15.0,49.66869539939651,True
2016-17,E09000030 Tower Hamlets,Eth7,Chinese,55.77873761809514,13.219309097871218,31.00195328403364,21.0,66.59884249878516,True
2016-17,E09000030 Tower Hamlets,Eth7,Mixed,45.195343036364406,24.752611125229603,30.052045838405995,20.0,53.25295981330254,True
2016-17,E09000030 Tower Hamlets,Eth7,Other ethnic group,68.6848920185492,31.315107981450797,0.0,10.0,27.542315802614187,True
2016-17,E09000030 Tower Hamlets,Eth7,South Asian,45.68106302575091,18.89100115296971,35.42793582127939,89.0,324.9308650524988,False
2016-17,E09000030 Tower Hamlets,Eth7,White British,83.73467755046578,5.935464494246072,10.329857955288144,198.0,356.75615190286953,False
2016-17,E09000030 Tower Hamlets,Eth7,White Other,74.99136249846016,10.863646452025298,14.144991049514555,95.0,146.72717696688338,False
2016-17,E09000030 Tower Hamlets,Eth7,nan,52.64446204156597,0.0,47.355537958434006,31.0,57.994473203967424,False
2016-17,E09000031 Waltham Forest,Eth7,Black,65.99478288612161,16.498304141650443,17.506912972227934,39.0,99.56355564319276,False
2016-17,E09000031 Waltham Forest,Eth7,Chinese,69.50467469694519,0.0,30.495325303054805,3.0,6.506685865401449,True
2016-17,E09000031 Waltham Forest,Eth7,Mixed,92.60379230615881,0.0,7.396207693841189,13.0,20.822947872735373,True
2016-17,E09000031 Waltham Forest,Eth7,Other ethnic group,64.53183502190763,21.161648105800587,14.306516872291802,12.0,19.968416552619217,True
2016-17,E09000031 Waltham Forest,Eth7,South Asian,56.26951602100375,13.703573859690591,30.02691011930565,62.0,197.23974828795923,False
2016-17,E09000031 Waltham Forest,Eth7,White British,63.46743384417374,16.408867249944485,20.12369890588176,278.0,420.7579455586275,False
2016-17,E09000031 Waltham Forest,Eth7,White Other,74.85710066720229,6.51785301434788,18.625046318449826,65.0,122.41755156985644,False
2016-17,E09000031 Waltham Forest,Eth7,nan,65.77203636253975,7.616270103671376,26.611693533788888,31.0,45.48326051339429,False
2016-17,E09000032 Wandsworth,Eth7,Black,58.04210813736487,1.4193207085932955,40.53857115404181,18.0,47.59546422962145,True
2016-17,E09000032 Wandsworth,Eth7,Chinese,72.13315086463015,23.41030081639198,4.45654831897786,6.0,12.251729235985906,True
2016-17,E09000032 Wandsworth,Eth7,Mixed,96.78468826238539,0.0,3.2153117376146136,12.0,36.88713457818995,True
2016-17,E09000032 Wandsworth,Eth7,Other ethnic group,43.11702515044966,11.161157315743939,45.721817533806394,8.0,24.264472434216273,True
2016-17,E09000032 Wandsworth,Eth7,South Asian,45.93258586626095,11.16905909523821,42.89835503850085,34.0,113.50022013740569,False
2016-17,E09000032 Wandsworth,Eth7,White British,77.02506798834787,7.7652374912797,15.209694520372432,305.0,643.6362797316623,False
2016-17,E09000032 Wandsworth,Eth7,White Other,61.21130767711678,13.393102597214604,25.39558972566861,78.0,175.90814344032773,False
2016-17,E09000032 Wandsworth,Eth7,nan,82.51553118216621,10.130377971693322,7.354090846140475,27.0,77.68634810062647,True
2016-17,E09000033 Westminster,Eth7,Black,44.40858735729996,0.0,55.591412642700035,23.0,50.57996926020791,True
2016-17,E09000033 Westminster,Eth7,Chinese,71.88973505189189,20.89136849291919,7.218896455188929,12.0,30.651198845867132,True
2016-17,E09000033 Westminster,Eth7,Mixed,83.50968085322893,8.759352469286315,7.730966677484761,13.0,46.47135630249819,True
2016-17,E09000033 Westminster,Eth7,Other ethnic group,60.85122514093458,12.58076109163913,26.568013767426297,21.0,53.04530269813028,True
2016-17,E09000033 Westminster,Eth7,South Asian,48.08314913353017,27.717259099446608,24.19959176702321,40.0,110.94638364391494,False
2016-17,E09000033 Westminster,Eth7,White British,72.94080493591983,14.031795859691199,13.027399204388987,247.0,376.7575210769194,False
2016-17,E09000033 Westminster,Eth7,White Other,65.85820728655004,15.191990666976082,18.94980204647388,104.0,187.69867561345097,False
2016-17,E09000033 Westminster,Eth7,nan,69.9123843289674,16.489294651552868,13.59832101947973,42.0,67.13449936296392,False
2016-17,E09000001 City of London,IMD10,3.0,50.50553604714726,31.822265038559998,17.672198914292743,15.0,2.162632278221844,True
2016-17,E09000001 City of London,IMD10,4.0,63.23005777934092,12.60374517501999,24.16619704563907,53.0,8.09685625043454,False
2016-17,E09000001 City of London,IMD10,5.0,65.17832967829447,5.959421146694352,28.86224917501117,33.0,5.521417357166198,False
2016-17,E09000001 City of London,IMD10,6.0,86.8137533813489,8.48810901868981,4.698137599961285,34.0,5.64776014808341,False
2016-17,E09000001 City of London,IMD10,9.0,68.10507471934677,18.611750421402444,13.283174859250765,114.0,15.159359226085503,False
2016-17,E09000002 Barking and Dagenham,IMD10,2.0,47.49187834941165,17.951382676895566,34.55673897369279,504.0,357.8955323212666,False
2016-17,E09000002 Barking and Dagenham,IMD10,3.0,48.71262885458915,10.287485903762263,40.999885241648585,115.0,74.63024044616462,False
2016-17,E09000002 Barking and Dagenham,IMD10,4.0,56.52765751563952,19.966563097778376,23.505779386582105,69.0,50.321470749262105,False
2016-17,E09000002 Barking and Dagenham,IMD10,5.0,36.747153576726724,30.54261555379989,32.710230869473364,18.0,14.95821233138718,True
2016-17,E09000002 Barking and Dagenham,IMD10,Most deprived decile,52.11453916469648,12.126086243032223,35.75937459227131,252.0,166.61277257088278,False
2016-17,E09000003 Barnet,IMD10,2.0,39.90898321565504,12.24935957297822,47.84165721136675,108.0,169.70412414068434,False
2016-17,E09000003 Barnet,IMD10,3.0,57.37813160300854,13.738543754293325,28.883324642698117,82.0,118.07033155439755,False
2016-17,E09000003 Barnet,IMD10,4.0,65.02339256426455,5.930660708381545,29.04594672735391,138.0,198.3938984671691,False
2016-17,E09000003 Barnet,IMD10,5.0,62.94021586004119,6.350080147752946,30.70970399220585,122.0,156.32386807660694,False
2016-17,E09000003 Barnet,IMD10,6.0,56.196309733919335,15.427967069197257,28.375723196883413,169.0,233.36455808072859,False
2016-17,E09000003 Barnet,IMD10,7.0,55.640670586117324,19.02029982259119,25.339029591291485,147.0,168.32167463202782,False
2016-17,E09000003 Barnet,IMD10,8.0,54.31092153851914,13.087041567750163,32.6020368937307,135.0,153.13015798344784,False
2016-17,E09000003 Barnet,IMD10,9.0,73.92678617769914,8.295102749035582,17.778111073265297,46.0,56.062495591521326,False
2016-17,E09000003 Barnet,IMD10,Least deprived decile,60.80380631655079,15.823051463937515,23.373142219511685,36.0,49.7185638385882,False
2016-17,E09000003 Barnet,IMD10,Most deprived decile,44.522871074213036,15.744696524868429,39.73243240091853,14.0,21.520127424027855,True
2016-17,E09000004 Bexley,IMD10,2.0,59.63420085281679,18.7239870170663,21.641812130116904,49.0,89.9271620152572,False
2016-17,E09000004 Bexley,IMD10,3.0,43.922209078744665,15.601351047232692,40.47643987402266,45.0,86.66602566222372,False
2016-17,E09000004 Bexley,IMD10,4.0,60.380231932606364,14.993616912355554,24.6261511550381,83.0,138.19121170503644,False
2016-17,E09000004 Bexley,IMD10,5.0,46.84362907029797,29.0073870941229,24.148983835579138,17.0,29.172612749787124,True
2016-17,E09000004 Bexley,IMD10,6.0,66.97762750053961,14.725934500349453,18.296437999110932,57.0,82.94271571005284,False
2016-17,E09000004 Bexley,IMD10,7.0,60.57249516513545,10.751962593824,28.675542241040535,42.0,71.99546605047634,False
2016-17,E09000004 Bexley,IMD10,8.0,51.15608292358763,28.271833872551404,20.572083203860963,75.0,132.33567789806958,False
2016-17,E09000004 Bexley,IMD10,9.0,61.4452792851783,12.67679949109685,25.877921223724837,93.0,156.98708391888314,False
2016-17,E09000004 Bexley,IMD10,Least deprived decile,64.32273212786686,24.510028382203426,11.167239489929717,27.0,49.19785618038375,True
2016-17,E09000004 Bexley,IMD10,Most deprived decile,29.493944724470516,6.2600295592524695,64.246025716277,10.0,32.417458561452534,True
2016-17,E09000005 Brent,IMD10,2.0,66.72461692752708,4.55974123855021,28.71564183392271,85.0,196.27661758700637,False
2016-17,E09000005 Brent,IMD10,3.0,65.11464896619825,12.177274530593515,22.708076503208222,120.0,238.88933684974597,False
2016-17,E09000005 Brent,IMD10,4.0,36.97283813848521,14.602034847491888,48.42512701402295,102.0,279.72508842856826,False
2016-17,E09000005 Brent,IMD10,5.0,56.072288937039275,11.715892114736697,32.211818948224,55.0,134.99374897191282,False
2016-17,E09000005 Brent,IMD10,6.0,60.16842479946518,19.030540480869043,20.80103471966576,36.0,87.07709463547788,False
2016-17,E09000005 Brent,IMD10,7.0,62.52581194242778,8.36784988984019,29.106338167732027,26.0,64.916329094531,True
2016-17,E09000005 Brent,IMD10,8.0,81.89227640695384,18.10772359304617,0.0,4.0,6.142780594717929,True
2016-17,E09000005 Brent,IMD10,Most deprived decile,55.438616172024446,7.399508372886715,37.161875455088826,61.0,134.75810847064596,False
2016-17,E09000006 Bromley,IMD10,2.0,89.72097779366865,0.0,10.279022206331344,32.0,61.79019507637854,False
2016-17,E09000006 Bromley,IMD10,3.0,59.63787272468927,13.463690342445512,26.898436932865227,43.0,103.5099329658539,False
2016-17,E09000006 Bromley,IMD10,4.0,73.35540459201846,15.554816683814321,11.089778724167228,30.0,84.1691776988919,False
2016-17,E09000006 Bromley,IMD10,5.0,52.94300996452021,8.754457353310766,38.30253268216904,26.0,62.72446049831666,True
2016-17,E09000006 Bromley,IMD10,6.0,76.86577656285569,8.73352402099302,14.400699416151298,64.0,140.3447806443371,False
2016-17,E09000006 Bromley,IMD10,7.0,65.8290552413033,10.693143367031096,23.4778013916656,39.0,100.65226469378543,False
2016-17,E09000006 Bromley,IMD10,8.0,67.9903637165346,11.664463599721806,20.345172683743588,51.0,104.34575503775982,False
2016-17,E09000006 Bromley,IMD10,9.0,63.13546410287621,16.74431282075435,20.120223076369438,84.0,166.99369965614687,False
2016-17,E09000006 Bromley,IMD10,Least deprived decile,73.69030790117255,9.960700653740522,16.348991445086927,101.0,248.1075152391193,False
2016-17,E09000006 Bromley,IMD10,Most deprived decile,61.02462644732931,12.486671739987134,26.48870181268357,22.0,64.68392559789513,True
2016-17,E09000007 Camden,IMD10,2.0,75.64387170425746,10.547227359749565,13.808900935992973,104.0,172.2965741008481,False
2016-17,E09000007 Camden,IMD10,3.0,82.14295439442762,8.499154764725471,9.357890840846919,68.0,152.35705697995002,False
2016-17,E09000007 Camden,IMD10,4.0,59.36993261449698,24.66721309973802,15.962854285765008,58.0,103.46334412543908,False
2016-17,E09000007 Camden,IMD10,5.0,79.92530511676688,9.859755272323316,10.214939610909795,53.0,79.59294984198162,False
2016-17,E09000007 Camden,IMD10,6.0,53.53904995379647,5.784320539656887,40.67662950654663,32.0,43.552852813151034,False
2016-17,E09000007 Camden,IMD10,7.0,74.81379676669323,11.944452055880618,13.241751177426146,42.0,58.393920948277966,False
2016-17,E09000007 Camden,IMD10,8.0,75.78566402588821,7.800995763549916,16.41334021056186,35.0,72.73518314303443,False
2016-17,E09000007 Camden,IMD10,9.0,100.0,0.0,0.0,5.0,10.191700286583181,True
2016-17,E09000007 Camden,IMD10,Most deprived decile,65.25657699495665,15.511196687321204,19.232226317722144,95.0,198.08514111316487,False
2016-17,E09000008 Croydon,IMD10,2.0,69.43760142896535,6.700424243985613,23.861974327049047,99.0,292.9524215600037,False
2016-17,E09000008 Croydon,IMD10,3.0,65.40829417831803,23.013679495810962,11.578026325871008,72.0,165.7478413013231,False
2016-17,E09000008 Croydon,IMD10,4.0,48.654849321959496,10.401957077402358,40.943193600638175,67.0,198.20756349865877,False
2016-17,E09000008 Croydon,IMD10,5.0,69.54795296838404,10.00000524672388,20.452041784892064,70.0,157.7938469969373,False
2016-17,E09000008 Croydon,IMD10,6.0,63.20176760809344,31.21078393392343,5.587448457983132,37.0,83.46686863861204,False
2016-17,E09000008 Croydon,IMD10,7.0,50.870209800535115,19.760338448267753,29.36945175119715,39.0,97.81424458461133,False
2016-17,E09000008 Croydon,IMD10,8.0,58.49929627407546,3.2865109777961137,38.21419274812841,51.0,116.44626715139026,False
2016-17,E09000008 Croydon,IMD10,9.0,46.40937230108192,29.913659871479943,23.676967827438137,30.0,63.6537029958613,False
2016-17,E09000008 Croydon,IMD10,Least deprived decile,48.40283611293874,23.462517501410623,28.13464638565063,18.0,27.435836054973418,True
2016-17,E09000008 Croydon,IMD10,Most deprived decile,58.22762475012384,24.72117580479387,17.05119944508229,18.0,58.0694357608063,True
2016-17,E09000009 Ealing,IMD10,2.0,50.24266050277386,8.363604386104663,41.39373511112148,86.0,285.8260356868097,False
2016-17,E09000009 Ealing,IMD10,3.0,54.22231984205379,16.534461984774573,29.243218173171638,83.0,183.7274237209431,False
2016-17,E09000009 Ealing,IMD10,4.0,47.23863839526436,19.363132805762014,33.39822879897363,56.0,129.29977328972274,False
2016-17,E09000009 Ealing,IMD10,5.0,50.863557753561,20.74110965606129,28.39533259037771,69.0,145.88939984317253,False
2016-17,E09000009 Ealing,IMD10,6.0,44.57425118326264,26.08111817977766,29.344630636959725,54.0,100.77084385670767,False
2016-17,E09000009 Ealing,IMD10,7.0,64.55282230920649,4.55704309995911,30.89013459083439,33.0,50.71799504907315,False
2016-17,E09000009 Ealing,IMD10,8.0,54.355736621577236,18.259776194738524,27.384487183684257,35.0,63.98749211363871,False
2016-17,E09000009 Ealing,IMD10,9.0,71.15337158254455,14.109327947792618,14.737300469662804,38.0,75.59464308502984,False
2016-17,E09000009 Ealing,IMD10,Most deprived decile,68.67353086738345,10.744559934025071,20.58190919859148,38.0,87.27639707275813,False
2016-17,E09000010 Enfield,IMD10,2.0,52.42382005331675,8.727670168478445,38.848509778204814,207.0,298.185716230765,False
2016-17,E09000010 Enfield,IMD10,3.0,52.937933418906816,14.927736149685922,32.13433043140728,110.0,125.14314958429684,False
2016-17,E09000010 Enfield,IMD10,4.0,55.97980189945213,13.925230041242697,30.094968059305177,110.0,107.9547966414736,False
2016-17,E09000010 Enfield,IMD10,5.0,62.86847200635862,8.744717389039423,28.386810604601965,103.0,101.35026752629119,False
2016-17,E09000010 Enfield,IMD10,6.0,66.72581897378946,13.10205009923375,20.1721309269768,140.0,142.12990169505773,False
2016-17,E09000010 Enfield,IMD10,7.0,71.94654599255176,15.841883362457098,12.211570644991115,86.0,83.68988590267884,False
2016-17,E09000010 Enfield,IMD10,8.0,81.4696678402161,2.4325343733084015,16.097797786475518,49.0,40.371079357770554,False
2016-17,E09000010 Enfield,IMD10,9.0,67.1256486422115,10.988128929432476,21.886222428356042,62.0,55.83351948413114,False
2016-17,E09000010 Enfield,IMD10,Least deprived decile,56.05992775644039,37.23804132084306,6.702030922716565,14.0,16.598484506025738,True
2016-17,E09000010 Enfield,IMD10,Most deprived decile,41.98257826412501,12.666280471190184,45.35114126468481,119.0,147.19726355229574,False
2016-17,E09000011 Greenwich,IMD10,2.0,54.72296065813431,20.255494661382976,25.021544680482727,201.0,216.4034693519351,False
2016-17,E09000011 Greenwich,IMD10,3.0,64.6147092397155,11.907954252501291,23.477336507783217,208.0,195.73096844268017,False
2016-17,E09000011 Greenwich,IMD10,4.0,62.90960427411751,8.17909951570706,28.911296210175397,125.0,112.81524679085983,False
2016-17,E09000011 Greenwich,IMD10,5.0,65.52635894510499,14.357477778327954,20.116163276567065,158.0,159.56621396228894,False
2016-17,E09000011 Greenwich,IMD10,6.0,73.35017274109788,5.837744464406692,20.812082794495442,106.0,73.6330793169636,False
2016-17,E09000011 Greenwich,IMD10,7.0,83.79405923437629,3.269024270490833,12.936916495132847,54.0,38.51787458802614,False
2016-17,E09000011 Greenwich,IMD10,8.0,65.12976627312177,16.00874128461913,18.861492442259078,50.0,37.55007956440472,False
2016-17,E09000011 Greenwich,IMD10,9.0,68.1920191693276,8.647968019004386,23.16001281166803,8.0,9.9049273521635,True
2016-17,E09000011 Greenwich,IMD10,Most deprived decile,49.7919718211511,11.517131957681503,38.6908962211674,77.0,98.04451760401454,False
2016-17,E09000012 Hackney,IMD10,2.0,73.81692402131038,7.929931133553812,18.253144845135797,203.0,391.14169654205784,False
2016-17,E09000012 Hackney,IMD10,3.0,81.76357697310917,5.214884860296827,13.021538166593999,63.0,105.30024598879928,False
2016-17,E09000012 Hackney,IMD10,4.0,84.97334574968637,9.436653711474435,5.59000053883919,43.0,85.56248272329863,False
2016-17,E09000012 Hackney,IMD10,5.0,79.48253321201709,20.5174667879829,0.0,6.0,5.693431601396323,True
2016-17,E09000012 Hackney,IMD10,Most deprived decile,61.21467626887891,14.778448839530164,24.006874891590925,160.0,327.29575973153686,False
2016-17,E09000013 Hammersmith and Fulham,IMD10,2.0,55.73996936575886,19.636234198778723,24.623796435462395,87.0,135.21949055892452,False
2016-17,E09000013 Hammersmith and Fulham,IMD10,3.0,69.56180717555425,12.21239563551516,18.2257971889306,61.0,83.46566436550664,False
2016-17,E09000013 Hammersmith and Fulham,IMD10,4.0,76.37608372459167,10.178355694833197,13.445560580575137,85.0,103.73427461649212,False
2016-17,E09000013 Hammersmith and Fulham,IMD10,5.0,86.0304156667102,8.119230559246327,5.85035377404349,61.0,83.19145107284807,False
2016-17,E09000013 Hammersmith and Fulham,IMD10,6.0,80.98646806594611,8.316224636978948,10.697307297074934,45.0,48.54868531406384,False
2016-17,E09000013 Hammersmith and Fulham,IMD10,7.0,54.5734209898453,7.496826760505368,37.929752249649326,51.0,56.75376707175868,False
2016-17,E09000013 Hammersmith and Fulham,IMD10,8.0,84.75855250125328,3.5048289737901714,11.736618524956539,28.0,30.03783716134164,True
2016-17,E09000013 Hammersmith and Fulham,IMD10,9.0,49.55025770005463,0.0,50.44974229994538,12.0,12.618916504279149,True
2016-17,E09000013 Hammersmith and Fulham,IMD10,Most deprived decile,70.20406968600541,5.253014698532518,24.542915615462064,59.0,90.5709107944385,False
2016-17,E09000014 Haringey,IMD10,2.0,59.31174305274961,12.994836468654142,27.693420478596227,233.0,240.8048617953307,False
2016-17,E09000014 Haringey,IMD10,3.0,79.1936775216144,10.249674665474325,10.556647812911292,130.0,124.47924042062095,False
2016-17,E09000014 Haringey,IMD10,4.0,63.50592435871083,7.59353149681856,28.900544144470597,64.0,63.18256901694043,False
2016-17,E09000014 Haringey,IMD10,5.0,71.57894127098933,10.742190709251119,17.67886801975957,90.0,75.35450210698332,False
2016-17,E09000014 Haringey,IMD10,6.0,73.92749415381006,17.230873847928347,8.84163199826159,117.0,83.86234720302868,False
2016-17,E09000014 Haringey,IMD10,7.0,63.692881759142516,17.635466538956482,18.67165170190102,55.0,42.03937982337522,False
2016-17,E09000014 Haringey,IMD10,8.0,74.15321381272445,13.85504604192642,11.991740145349132,60.0,46.488025984982755,False
2016-17,E09000014 Haringey,IMD10,9.0,74.27959336942882,0.0,25.72040663057118,9.0,7.394043058208613,True
2016-17,E09000014 Haringey,IMD10,Most deprived decile,55.26839352165987,12.81146503926254,31.920141439077597,234.0,279.9649445193494,False
2016-17,E09000015 Harrow,IMD10,2.0,45.247913486398815,31.9659043828462,22.786182130754987,24.0,62.70661309756808,True
2016-17,E09000015 Harrow,IMD10,3.0,24.86464448558077,9.819732781598153,65.31562273282107,23.0,49.613272131065436,True
2016-17,E09000015 Harrow,IMD10,4.0,47.224940364707926,18.659850177917193,34.115209457374895,57.0,107.13356492481968,False
2016-17,E09000015 Harrow,IMD10,5.0,59.499748979829114,17.808844989249998,22.69140603092089,64.0,126.17857024704335,False
2016-17,E09000015 Harrow,IMD10,6.0,45.49237663562943,13.98801727158585,40.51960609278472,80.0,150.54067309883874,False
2016-17,E09000015 Harrow,IMD10,7.0,64.53190891106134,13.339255835019598,22.128835253919085,91.0,135.58146665043648,False
2016-17,E09000015 Harrow,IMD10,8.0,64.38421494532243,8.963669518769319,26.652115535908244,43.0,91.10080866887004,False
2016-17,E09000015 Harrow,IMD10,9.0,42.91436557465571,18.30869278837934,38.77694163696495,63.0,78.23755254522229,False
2016-17,E09000015 Harrow,IMD10,Least deprived decile,64.14099051834499,23.29127755749808,12.567731924156925,41.0,71.19714162637719,False
2016-17,E09000016 Havering,IMD10,2.0,62.022989876466674,10.757290225423413,27.21971989810989,38.0,84.55205969303691,False
2016-17,E09000016 Havering,IMD10,3.0,34.9384257045132,19.351969001871073,45.70960529361574,52.0,123.75469318704656,False
2016-17,E09000016 Havering,IMD10,4.0,55.366937127343164,13.33218693275564,31.30087593990119,57.0,107.24920967251693,False
2016-17,E09000016 Havering,IMD10,5.0,64.26873043804189,12.144736878645402,23.586532683312715,77.0,127.85247930313609,False
2016-17,E09000016 Havering,IMD10,6.0,68.51090581903307,16.694620226667155,14.794473954299795,46.0,81.72514535448035,False
2016-17,E09000016 Havering,IMD10,7.0,48.83845287979451,0.0,51.16154712020548,57.0,89.90666009951175,False
2016-17,E09000016 Havering,IMD10,8.0,68.89848899586357,11.015473636584316,20.086037367552123,49.0,82.23536804936941,False
2016-17,E09000016 Havering,IMD10,9.0,72.33709771449224,10.916579596093626,16.746322689414107,58.0,90.69687125798497,False
2016-17,E09000016 Havering,IMD10,Least deprived decile,52.86684467322159,17.69958283107651,29.433572495701917,34.0,48.247193148879106,False
2016-17,E09000016 Havering,IMD10,Most deprived decile,42.829957118218545,15.669055059308604,41.50098782247284,26.0,37.943417610127305,True
2016-17,E09000017 Hillingdon,IMD10,2.0,66.01969990380493,5.39500203858188,28.585298057613183,65.0,177.24438508808547,False
2016-17,E09000017 Hillingdon,IMD10,3.0,57.98395359480439,16.853960156715747,25.162086248479827,65.0,159.82641383035536,False
2016-17,E09000017 Hillingdon,IMD10,4.0,57.488874563143824,7.1473387940932955,35.36378664276287,62.0,148.86784056603554,False
2016-17,E09000017 Hillingdon,IMD10,5.0,48.67574023787197,29.13848895969002,22.185770802438007,45.0,94.5366457579566,False
2016-17,E09000017 Hillingdon,IMD10,6.0,64.57893758615005,19.211528012320425,16.209534401529524,44.0,98.36919320918247,False
2016-17,E09000017 Hillingdon,IMD10,7.0,56.76284515092441,13.588571681695965,29.648583167379616,47.0,83.65261944400966,False
2016-17,E09000017 Hillingdon,IMD10,8.0,55.8056382792037,19.739223689629938,24.455138031166353,50.0,83.70929626487195,False
2016-17,E09000017 Hillingdon,IMD10,9.0,62.85842314223571,16.080315496024426,21.061261361739863,68.0,112.06506205599412,False
2016-17,E09000017 Hillingdon,IMD10,Least deprived decile,69.51471681897677,2.721153166415362,27.76413001460788,44.0,60.752558494490124,False
2016-17,E09000017 Hillingdon,IMD10,Most deprived decile,40.77953623606123,0.0,59.22046376393878,4.0,10.23422028597081,True
2016-17,E09000018 Hounslow,IMD10,2.0,44.96684314183463,17.931889619171052,37.101267238994325,78.0,142.9763486640723,False
2016-17,E09000018 Hounslow,IMD10,3.0,41.968073146036055,11.186698734878574,46.845228119085384,125.0,221.03842011483437,False
2016-17,E09000018 Hounslow,IMD10,4.0,58.20735976190786,14.081924740768908,27.710715497323225,82.0,177.3660920986646,False
2016-17,E09000018 Hounslow,IMD10,5.0,54.99227433651706,10.018449764555895,34.98927589892703,72.0,146.3435471126919,False
2016-17,E09000018 Hounslow,IMD10,6.0,71.343176080025,15.91294107006363,12.743882849911387,60.0,111.50638125898203,False
2016-17,E09000018 Hounslow,IMD10,7.0,73.81214136630655,9.398952816096221,16.78890581759724,37.0,44.32729007117919,False
2016-17,E09000018 Hounslow,IMD10,8.0,100.0,0.0,0.0,4.0,4.494651270159121,True
2016-17,E09000018 Hounslow,IMD10,9.0,71.43104500988932,7.398427428401321,21.170527561709378,7.0,7.990651185698937,True
2016-17,E09000018 Hounslow,IMD10,Most deprived decile,34.70260781976962,14.86442656738231,50.43296561284806,19.0,47.57645403067094,True
2016-17,E09000019 Islington,IMD10,2.0,70.83954451959363,11.115890479787446,18.044565000618913,156.0,272.4670473627524,False
2016-17,E09000019 Islington,IMD10,3.0,72.21617910053094,11.404996398920913,16.378824500548163,109.0,159.5862697682666,False
2016-17,E09000019 Islington,IMD10,4.0,63.06869539464801,18.225036600126142,18.706268005225844,48.0,78.37834457304142,False
2016-17,E09000019 Islington,IMD10,5.0,76.34030780517412,13.158487831574575,10.501204363251288,31.0,34.969065986598864,False
2016-17,E09000019 Islington,IMD10,6.0,100.0,0.0,0.0,5.0,7.424676444723734,True
2016-17,E09000019 Islington,IMD10,7.0,44.82579038060216,0.0,55.17420961939784,5.0,8.34438019594024,True
2016-17,E09000019 Islington,IMD10,Most deprived decile,62.20017444517508,18.722490259479187,19.077335295345762,134.0,297.9996793736859,False
2016-17,E09000020 Kensington and Chelsea,IMD10,2.0,60.66746250849564,4.318923250400563,35.01361424110382,56.0,56.78741136103313,False
2016-17,E09000020 Kensington and Chelsea,IMD10,3.0,63.582058081659866,7.654537490349609,28.763404427990512,85.0,85.31389417778738,False
2016-17,E09000020 Kensington and Chelsea,IMD10,4.0,58.55726577778406,12.63379140993734,28.808942812278598,38.0,31.820928084544207,False
2016-17,E09000020 Kensington and Chelsea,IMD10,5.0,86.30626743459817,2.8757729686240907,10.817959596777756,40.0,54.13233719631765,False
2016-17,E09000020 Kensington and Chelsea,IMD10,6.0,79.14001716995992,5.253356740773651,15.606626089266445,86.0,93.0478472428228,False
2016-17,E09000020 Kensington and Chelsea,IMD10,7.0,79.20554721161224,10.875865009304562,9.918587779083191,91.0,101.0604171470743,False
2016-17,E09000020 Kensington and Chelsea,IMD10,8.0,52.1732839844136,28.524430230840032,19.302285784746363,15.0,15.194923511355,True
2016-17,E09000020 Kensington and Chelsea,IMD10,Most deprived decile,54.59802323959333,10.643487317402272,34.758489443004414,90.0,136.83326943988828,False
2016-17,E09000021 Kingston upon Thames,IMD10,2.0,81.19456220089484,18.805437799105164,0.0,11.0,12.063380621577677,True
2016-17,E09000021 Kingston upon Thames,IMD10,3.0,0.0,0.0,100.0,5.0,4.686711838546551,True
2016-17,E09000021 Kingston upon Thames,IMD10,4.0,77.00154070465388,16.43826784151408,6.56019145383207,13.0,29.19692461786527,True
2016-17,E09000021 Kingston upon Thames,IMD10,5.0,58.508030438853396,20.213889001757348,21.27808055938926,60.0,95.17638395024058,False
2016-17,E09000021 Kingston upon Thames,IMD10,6.0,77.76000041181685,8.13581131038429,14.104188277798869,56.0,74.63152304765566,False
2016-17,E09000021 Kingston upon Thames,IMD10,7.0,57.880612214333674,15.429991033084242,26.689396752582073,89.0,109.12516146579074,False
2016-17,E09000021 Kingston upon Thames,IMD10,8.0,72.18427352655044,9.448095625261638,18.367630848187908,74.0,93.63139290409178,False
2016-17,E09000021 Kingston upon Thames,IMD10,9.0,65.23298176801438,14.406915945174337,20.36010228681127,120.0,147.66070588612104,False
2016-17,E09000021 Kingston upon Thames,IMD10,Least deprived decile,65.86765907901358,8.96950440055796,25.16283652042845,47.0,52.23559043090507,False
2016-17,E09000021 Kingston upon Thames,IMD10,Most deprived decile,44.144069963380716,55.85593003661927,0.0,4.0,5.639363187729028,True
2016-17,E09000022 Lambeth,IMD10,2.0,62.01648375376644,14.092947225761051,23.89056902047252,293.0,369.7065213348436,False
2016-17,E09000022 Lambeth,IMD10,3.0,75.46071867362906,8.452424921440242,16.08685640493071,242.0,252.3829322600497,False
2016-17,E09000022 Lambeth,IMD10,4.0,68.21019783006555,13.826077214991889,17.96372495494256,166.0,181.89551946922865,False
2016-17,E09000022 Lambeth,IMD10,5.0,68.72789446470459,11.85674193132064,19.415363603974786,63.0,76.9388200357001,False
2016-17,E09000022 Lambeth,IMD10,6.0,83.33145964318214,7.046422260574172,9.622118096243662,45.0,43.24957223604865,False
2016-17,E09000022 Lambeth,IMD10,7.0,69.49356456020105,9.242269105925129,21.264166333873813,24.0,28.614592606155668,True
2016-17,E09000022 Lambeth,IMD10,8.0,97.81063572798683,2.189364272013172,0.0,11.0,9.086491290524,True
2016-17,E09000022 Lambeth,IMD10,Most deprived decile,65.82151477511631,7.070322031023088,27.108163193860594,159.0,198.75018938105984,False
2016-17,E09000023 Lewisham,IMD10,2.0,60.727951445093275,13.008815267834603,26.263233287072126,154.0,346.0610961011468,False
2016-17,E09000023 Lewisham,IMD10,3.0,62.00469241659562,8.3339102239805,29.66139735942387,88.0,136.03467296664707,False
2016-17,E09000023 Lewisham,IMD10,4.0,71.82354651981724,14.775230951557921,13.401222528624846,92.0,192.13973102963348,False
2016-17,E09000023 Lewisham,IMD10,5.0,48.55012111535704,29.689330439314165,21.760548445328784,33.0,67.6111948778244,False
2016-17,E09000023 Lewisham,IMD10,6.0,43.76701054626842,31.01081908987861,25.222170363852968,33.0,84.94669925405499,False
2016-17,E09000023 Lewisham,IMD10,7.0,44.12559361705649,16.35319246520723,39.52121391773628,9.0,14.265008386526318,True
2016-17,E09000023 Lewisham,IMD10,8.0,55.78297473803254,1.756752808500182,42.460272453467276,7.0,17.7836741456082,True
2016-17,E09000023 Lewisham,IMD10,9.0,100.0,0.0,0.0,1.0,7.554278005588877,True
2016-17,E09000023 Lewisham,IMD10,Most deprived decile,58.3246653719146,8.09650312338274,33.57883150470264,68.0,178.2122925444469,False
2016-17,E09000024 Merton,IMD10,2.0,54.83611558794834,9.309867338327457,35.854017073724194,26.0,46.68922072885416,True
2016-17,E09000024 Merton,IMD10,3.0,50.9142710749216,24.480298539354507,24.6054303857239,46.0,67.93731780138253,False
2016-17,E09000024 Merton,IMD10,4.0,38.813245338063616,45.94263060339288,15.244124058543512,26.0,37.97679068328837,True
2016-17,E09000024 Merton,IMD10,5.0,66.56123637640474,13.964058241233705,19.474705382361545,61.0,116.68079239082626,False
2016-17,E09000024 Merton,IMD10,6.0,73.0640890042201,16.377243666352342,10.55866732942757,48.0,84.05292968574196,False
2016-17,E09000024 Merton,IMD10,7.0,68.97301566335486,1.5198851130002446,29.50709922364486,62.0,95.33927602411933,False
2016-17,E09000024 Merton,IMD10,8.0,73.04895683700461,7.706253399015969,19.244789763979426,58.0,66.36018792757878,False
2016-17,E09000024 Merton,IMD10,9.0,69.59982994569012,16.369191591846686,14.030978462463183,113.0,145.40185497251196,False
2016-17,E09000024 Merton,IMD10,Least deprived decile,72.34955758164232,19.354731395506462,8.29571102285122,54.0,68.4787663935316,False
2016-17,E09000024 Merton,IMD10,Most deprived decile,100.0,0.0,0.0,2.0,3.0460113773307143,True
2016-17,E09000025 Newham,IMD10,2.0,63.57686963089743,13.691358261557665,22.731772107544913,257.0,628.5133253223579,False
2016-17,E09000025 Newham,IMD10,3.0,64.43488580313004,8.11528282114329,27.449831375726667,113.0,257.1305880379615,False
2016-17,E09000025 Newham,IMD10,4.0,40.4423184000266,33.87578965093,25.681891949043408,18.0,30.438353146178095,True
2016-17,E09000025 Newham,IMD10,5.0,81.33121397106848,0.0,18.66878602893153,4.0,4.1189449514487695,True
2016-17,E09000025 Newham,IMD10,7.0,100.0,0.0,0.0,2.0,3.1942227733698267,True
2016-17,E09000025 Newham,IMD10,Most deprived decile,56.360222811762505,8.76294603606433,34.876831152173146,111.0,215.75699337663744,False
2016-17,E09000026 Redbridge,IMD10,2.0,40.978136549346495,22.72222283803716,36.29964061261635,76.0,84.38810629490106,False
2016-17,E09000026 Redbridge,IMD10,3.0,55.512147078970855,14.789757185492705,29.698095735536434,221.0,246.57527360357642,False
2016-17,E09000026 Redbridge,IMD10,4.0,54.24213687844779,16.79229139314858,28.96557172840362,166.0,193.86562632903957,False
2016-17,E09000026 Redbridge,IMD10,5.0,64.11023263418363,7.7237058069672,28.166061558849183,143.0,122.32256688407497,False
2016-17,E09000026 Redbridge,IMD10,6.0,59.001758975241955,13.872663071324318,27.125577953433723,110.0,101.83952114760628,False
2016-17,E09000026 Redbridge,IMD10,7.0,49.85822814954904,15.55771375218528,34.58405809826568,102.0,104.93901088007067,False
2016-17,E09000026 Redbridge,IMD10,8.0,56.72506991764522,15.720771229268053,27.55415885308672,74.0,55.91581309533093,False
2016-17,E09000026 Redbridge,IMD10,9.0,87.81026714151139,5.369390918554923,6.820341939933691,38.0,26.6021854686251,False
2016-17,E09000026 Redbridge,IMD10,Least deprived decile,75.65585467669558,13.447192512954206,10.89695281035021,33.0,27.370992240740858,False
2016-17,E09000026 Redbridge,IMD10,Most deprived decile,52.30316786861432,21.381785606503286,26.31504652488239,34.0,45.6341804491961,False
2016-17,E09000027 Richmond upon Thames,IMD10,2.0,65.99552787021435,0.0,34.004472129785654,5.0,10.57111439302195,True
2016-17,E09000027 Richmond upon Thames,IMD10,3.0,74.72891150270803,0.0,25.271088497291977,11.0,19.11641572932266,True
2016-17,E09000027 Richmond upon Thames,IMD10,4.0,68.0774614339421,5.119961046401982,26.802577519655934,15.0,22.479792704981723,True
2016-17,E09000027 Richmond upon Thames,IMD10,5.0,59.54109927409312,13.425543044660493,27.0333576812464,16.0,14.534985215530167,True
2016-17,E09000027 Richmond upon Thames,IMD10,6.0,64.91536086360846,14.562087452151584,20.522551684239957,55.0,79.15294903631334,False
2016-17,E09000027 Richmond upon Thames,IMD10,7.0,84.75841101091464,4.611425571235967,10.630163417849388,56.0,82.8830956942557,False
2016-17,E09000027 Richmond upon Thames,IMD10,8.0,59.79384243112123,15.401960225018009,24.804197343860768,101.0,157.15175548367046,False
2016-17,E09000027 Richmond upon Thames,IMD10,9.0,71.22777374916934,14.71915784603303,14.053068404797623,170.0,209.3083960317103,False
2016-17,E09000027 Richmond upon Thames,IMD10,Least deprived decile,72.44313633000108,12.786558893688444,14.770304776310475,74.0,91.50167074795863,False
2016-17,E09000028 Southwark,IMD10,2.0,69.82064933158819,9.960509549792778,20.21884111861904,170.0,390.9891780449825,False
2016-17,E09000028 Southwark,IMD10,3.0,49.01955072748198,10.560034594597001,40.420414677921016,66.0,149.343112070184,False
2016-17,E09000028 Southwark,IMD10,4.0,68.5208048242409,7.338291839177444,24.14090333658167,60.0,123.94619445529021,False
2016-17,E09000028 Southwark,IMD10,5.0,81.84159647893962,8.825539554111291,9.332863966949082,40.0,68.73946240104485,False
2016-17,E09000028 Southwark,IMD10,6.0,100.0,0.0,0.0,11.0,29.967343353890087,True
2016-17,E09000028 Southwark,IMD10,7.0,91.74178463135337,6.151934305647207,2.106281062999405,26.0,31.309831559389167,True
2016-17,E09000028 Southwark,IMD10,8.0,79.51674291571987,14.798855741292863,5.684401342987282,36.0,77.65001020247713,False
2016-17,E09000028 Southwark,IMD10,9.0,100.0,0.0,0.0,1.0,0.4721498074844161,True
2016-17,E09000028 Southwark,IMD10,Most deprived decile,66.60410965957708,13.115910796438834,20.2799795439841,90.0,221.76872058660896,False
2016-17,E09000029 Sutton,IMD10,2.0,44.568456050007335,0.0,55.431543949992644,31.0,48.92641690397437,False
2016-17,E09000029 Sutton,IMD10,3.0,66.84225499222273,13.44669507385728,19.711049933920005,38.0,51.57084447132121,False
2016-17,E09000029 Sutton,IMD10,4.0,58.76991553594044,9.557671754478775,31.672412709580772,45.0,56.72431789411493,False
2016-17,E09000029 Sutton,IMD10,5.0,62.22948855895575,8.446747712776943,29.3237637282673,45.0,79.09581140515296,False
2016-17,E09000029 Sutton,IMD10,6.0,52.26918983438728,16.092949593606672,31.637860572006065,60.0,81.29189203853893,False
2016-17,E09000029 Sutton,IMD10,7.0,47.724367087791656,23.08861745317608,29.18701545903224,59.0,71.90843508511,False
2016-17,E09000029 Sutton,IMD10,8.0,66.93559382017064,12.446691519445926,20.61771466038344,63.0,93.53546061893476,False
2016-17,E09000029 Sutton,IMD10,9.0,55.64533763026678,9.409851831862374,34.94481053787084,95.0,130.15490382533943,False
2016-17,E09000029 Sutton,IMD10,Least deprived decile,63.339397954800226,14.051471965845513,22.609130079354266,47.0,62.39169233620705,False
2016-17,E09000029 Sutton,IMD10,Most deprived decile,22.589247817559393,24.737732830550012,52.67301935189058,16.0,22.23321026217927,True
2016-17,E09000030 Tower Hamlets,IMD10,2.0,65.22055827939637,13.287867672274437,21.491574048329202,126.0,301.6336109183234,False
2016-17,E09000030 Tower Hamlets,IMD10,3.0,76.13251740995109,4.226803253155024,19.640679336893886,61.0,139.5049827854291,False
2016-17,E09000030 Tower Hamlets,IMD10,4.0,57.38391464340275,13.53329764041868,29.082787716178572,18.0,33.74313954175552,True
2016-17,E09000030 Tower Hamlets,IMD10,5.0,71.36235040683405,28.637649593165943,0.0,24.0,41.735889873835696,True
2016-17,E09000030 Tower Hamlets,IMD10,6.0,75.2601103798328,13.461025469804659,11.278864150362535,32.0,52.181092008311396,False
2016-17,E09000030 Tower Hamlets,IMD10,7.0,67.9477421008682,18.711746116767586,13.340511782364208,26.0,34.087223399766145,True
2016-17,E09000030 Tower Hamlets,IMD10,8.0,74.34601137913293,25.653988620867068,0.0,3.0,2.461392654453247,True
2016-17,E09000030 Tower Hamlets,IMD10,9.0,85.06323712276475,0.0,14.93676287723527,5.0,10.902475629458522,True
2016-17,E09000030 Tower Hamlets,IMD10,Most deprived decile,57.46753726920586,12.629653297327614,29.90280943346652,184.0,467.22167382898454,False
2016-17,E09000031 Waltham Forest,IMD10,2.0,64.97647272913913,17.307141907870445,17.716385362990415,145.0,278.7160583103995,False
2016-17,E09000031 Waltham Forest,IMD10,3.0,65.66983168587834,14.264988622064049,20.065179692057615,144.0,242.23777429559527,False
2016-17,E09000031 Waltham Forest,IMD10,4.0,59.849252270237386,11.927733567025388,28.22301416273722,96.0,197.713108961373,False
2016-17,E09000031 Waltham Forest,IMD10,5.0,57.01287527814968,13.165218812904623,29.821905908945705,43.0,59.33664636898271,False
2016-17,E09000031 Waltham Forest,IMD10,6.0,100.0,0.0,0.0,2.0,2.7892261854674754,True
2016-17,E09000031 Waltham Forest,IMD10,7.0,69.08897681896428,30.911023181035702,0.0,9.0,15.890767514041759,True
2016-17,E09000031 Waltham Forest,IMD10,8.0,90.58383407026582,9.41616592973418,0.0,5.0,5.395752954301602,True
2016-17,E09000031 Waltham Forest,IMD10,Most deprived decile,69.62739778272258,6.548810821268766,23.823791396008627,59.0,130.680777273625,False
2016-17,E09000032 Wandsworth,IMD10,2.0,61.63210713001032,13.416063325849839,24.951829544139827,29.0,110.3420927512772,True
2016-17,E09000032 Wandsworth,IMD10,3.0,76.85089407407285,7.4781951391033,15.67091078682386,68.0,148.18523682574275,False
2016-17,E09000032 Wandsworth,IMD10,4.0,63.4130507958818,8.867465778997282,27.719483425120927,88.0,227.32501929269893,False
2016-17,E09000032 Wandsworth,IMD10,5.0,73.62084305833442,6.192279955895024,20.186876985770567,50.0,125.62405217612685,False
2016-17,E09000032 Wandsworth,IMD10,6.0,74.7144533677618,6.673674703224791,18.611871929013386,85.0,170.07141802336645,False
2016-17,E09000032 Wandsworth,IMD10,7.0,84.54111482520145,7.319985801138035,8.138899373660538,45.0,103.86683643865676,False
2016-17,E09000032 Wandsworth,IMD10,8.0,65.34642039084676,10.037975009356687,24.615604599796562,56.0,111.92084447071974,False
2016-17,E09000032 Wandsworth,IMD10,9.0,77.4463847770163,17.001978063139557,5.551637159844132,56.0,92.70088931413521,False
2016-17,E09000032 Wandsworth,IMD10,Least deprived decile,100.0,0.0,0.0,2.0,4.3051799769329975,True
2016-17,E09000032 Wandsworth,IMD10,Most deprived decile,52.58322899413691,1.5176875975178408,45.899083408345284,9.0,37.388222618378876,True
2016-17,E09000033 Westminster,IMD10,2.0,60.48571123703177,17.84050084018992,21.673787922778303,130.0,250.42201962740026,False
2016-17,E09000033 Westminster,IMD10,3.0,72.37121769490562,12.922138427077485,14.706643878016894,66.0,107.9431027784974,False
2016-17,E09000033 Westminster,IMD10,4.0,65.1016988584896,17.45690954912812,17.441391592382278,56.0,103.73287738161108,False
2016-17,E09000033 Westminster,IMD10,5.0,71.58494282737014,22.42892406078591,5.986133111843947,78.0,114.5598156342407,False
2016-17,E09000033 Westminster,IMD10,6.0,61.15549478590072,15.625338934463501,23.219166279635786,41.0,77.5178306359497,False
2016-17,E09000033 Westminster,IMD10,7.0,90.55242238498245,5.958364878837118,3.489212736180437,24.0,46.64391413541189,True
2016-17,E09000033 Westminster,IMD10,8.0,13.146885792889066,0.0,86.85311420711095,3.0,2.57369284997197,True
2016-17,E09000033 Westminster,IMD10,Most deprived decile,66.02334267378926,10.473355435770895,23.503301890439847,104.0,219.89165376086976,False
2016-17,E09000001 City of London,Disab3,Limiting disability,56.93095023135702,2.0580298899310034,41.01101987871195,30.0,4.200693258986291,False
2016-17,E09000001 City of London,Disab3,No disability,69.86108104112154,17.016676840918038,13.12224211796042,168.0,25.36541643468401,False
2016-17,E09000001 City of London,Disab3,Non-limiting disability,88.26365471952711,6.017076635909896,5.719268644562996,37.0,4.932484321207811,False
2016-17,E09000001 City of London,Disab3,nan,27.392591317599763,30.580883387270667,42.02652529512957,14.0,2.089431245113382,True
2016-17,E09000002 Barking and Dagenham,Disab3,Limiting disability,29.44224901166387,19.75200862839434,50.80574235994179,146.0,89.66935699970247,False
2016-17,E09000002 Barking and Dagenham,Disab3,No disability,51.60689493502848,16.226211681391657,32.16689338357986,652.0,484.6701576890752,False
2016-17,E09000002 Barking and Dagenham,Disab3,Non-limiting disability,57.814209979748085,16.554099182445103,25.631690837806843,86.0,49.755367323890034,False
2016-17,E09000002 Barking and Dagenham,Disab3,nan,54.08241714061668,5.3388929909916065,40.57868986839171,74.0,40.32334640629557,False
2016-17,E09000003 Barnet,Disab3,Limiting disability,40.60485097619223,10.222973280647727,49.17217574316004,131.0,173.81962075030603,False
2016-17,E09000003 Barnet,Disab3,No disability,60.91553824909499,13.076208888512728,26.00825286239228,670.0,884.6943842924186,False
2016-17,E09000003 Barnet,Disab3,Non-limiting disability,59.215154674774595,8.130470964633272,32.65437436059215,138.0,168.13912882392935,False
2016-17,E09000003 Barnet,Disab3,nan,43.92627276834401,15.86585887815768,40.2078683534983,58.0,97.95666592254567,False
2016-17,E09000004 Bexley,Disab3,Limiting disability,40.38201536049015,19.933581651365927,39.6844029881439,73.0,112.19387786883932,False
2016-17,E09000004 Bexley,Disab3,No disability,60.18661427867078,17.636265120149595,22.177120601179617,320.0,582.8750105831737,False
2016-17,E09000004 Bexley,Disab3,Non-limiting disability,59.41547605818519,11.714359109080366,28.870164832734442,73.0,114.26301644513227,False
2016-17,E09000004 Bexley,Disab3,nan,48.45819669636139,20.415574830379487,31.126228473259122,32.0,60.50136555447749,False
2016-17,E09000005 Brent,Disab3,Limiting disability,56.98655336657391,10.95300619682132,32.060440436604765,52.0,120.31965200206204,False
2016-17,E09000005 Brent,Disab3,No disability,56.969052443671146,11.744686718632565,31.2862608376963,352.0,839.046287839968,False
2016-17,E09000005 Brent,Disab3,Non-limiting disability,49.99539666417863,9.306403446297987,40.6981998895234,57.0,130.21361721301398,False
2016-17,E09000005 Brent,Disab3,nan,50.170498105530235,7.421321878130362,42.4081800163394,28.0,53.19954757756209,True
2016-17,E09000006 Bromley,Disab3,Limiting disability,54.9489890653348,14.17746307691869,30.87354785774652,64.0,141.23590681229075,False
2016-17,E09000006 Bromley,Disab3,No disability,70.80729636990068,11.267587532871307,17.925116097228013,331.0,782.4968864207707,False
2016-17,E09000006 Bromley,Disab3,Non-limiting disability,71.40489693893778,9.67579772229929,18.91930533876292,79.0,185.26489259792362,False
2016-17,E09000006 Bromley,Disab3,nan,74.0612048186161,8.279651993131338,17.659143188252564,18.0,28.324021277499558,True
2016-17,E09000007 Camden,Disab3,Limiting disability,54.541016128757406,13.054256559592424,32.40472731165017,64.0,99.17589237386312,False
2016-17,E09000007 Camden,Disab3,No disability,76.6561399788082,10.594999774292367,12.748860246899449,335.0,635.5212405572322,False
2016-17,E09000007 Camden,Disab3,Non-limiting disability,71.26268901071144,20.291932617185125,8.445378372103427,58.0,93.5875801829792,False
2016-17,E09000007 Camden,Disab3,nan,54.75026828083725,17.8145070021323,27.435224717030447,35.0,62.384010238355664,False
2016-17,E09000008 Croydon,Disab3,Limiting disability,44.74489631930782,9.858099619293126,45.39700406139905,62.0,171.9173037647603,False
2016-17,E09000008 Croydon,Disab3,No disability,67.9908278813494,14.34071086066313,17.668461257987463,340.0,846.6054584681576,False
2016-17,E09000008 Croydon,Disab3,Non-limiting disability,51.74050893834517,19.629115703344418,28.630375358310385,71.0,171.2660642459741,False
2016-17,E09000008 Croydon,Disab3,nan,33.59966890334331,15.648367923335746,50.75196317332094,28.0,71.79920206428564,True
2016-17,E09000009 Ealing,Disab3,Limiting disability,44.1428684342228,19.610280020785705,36.24685154499151,65.0,127.36778242705637,False
2016-17,E09000009 Ealing,Disab3,No disability,51.42788957366978,15.35531809925835,33.21679232707187,317.0,741.5308778390383,False
2016-17,E09000009 Ealing,Disab3,Non-limiting disability,76.51706095307794,11.212530214657026,12.270408832265021,75.0,180.9174815895708,False
2016-17,E09000009 Ealing,Disab3,nan,39.11926201006404,14.70234156835881,46.17839642157713,35.0,73.27386186219007,False
2016-17,E09000010 Enfield,Disab3,Limiting disability,38.3344861096927,10.51464136485725,51.15087252545004,143.0,150.93265651529214,False
2016-17,E09000010 Enfield,Disab3,No disability,61.3225764232317,13.218024687805382,25.459398888962927,663.0,756.683942756057,False
2016-17,E09000010 Enfield,Disab3,Non-limiting disability,62.88527165991093,9.204765211909633,27.909963128179445,122.0,127.45707236768605,False
2016-17,E09000010 Enfield,Disab3,nan,49.424254033924264,5.760448226103025,44.81529773997271,72.0,83.38039284175113,False
2016-17,E09000011 Greenwich,Disab3,Limiting disability,36.17661158846863,16.52481178548813,47.29857662604325,136.0,108.89832416010077,False
2016-17,E09000011 Greenwich,Disab3,No disability,65.23611558581327,13.369414778627425,21.394469635559297,669.0,662.3441148698073,False
2016-17,E09000011 Greenwich,Disab3,Non-limiting disability,72.7028698685081,6.559583531686084,20.73754659980581,121.0,108.7195750681677,False
2016-17,E09000011 Greenwich,Disab3,nan,58.21459641577159,14.978422268680958,26.806981315547436,61.0,62.20436287526084,False
2016-17,E09000012 Hackney,Disab3,Limiting disability,37.84505603947751,21.449491678116008,40.705452282406505,60.0,101.92866533012698,False
2016-17,E09000012 Hackney,Disab3,No disability,75.15939200876223,9.804112933534972,15.036495057702801,333.0,666.1898847744473,False
2016-17,E09000012 Hackney,Disab3,Non-limiting disability,74.9188130644739,3.4349725702430867,21.64621436528302,59.0,108.81112551226677,False
2016-17,E09000012 Hackney,Disab3,nan,83.04556038859033,8.42096656981649,8.533473041593165,23.0,38.06394097024798,True
2016-17,E09000013 Hammersmith and Fulham,Disab3,Limiting disability,29.2712295234755,20.394925620317668,50.33384485620683,65.0,97.25480333955751,False
2016-17,E09000013 Hammersmith and Fulham,Disab3,No disability,79.17168426416991,9.105292691385767,11.723023044444322,332.0,426.3855427483459,False
2016-17,E09000013 Hammersmith and Fulham,Disab3,Non-limiting disability,67.85214599187054,9.8347413396879,22.31311266844153,62.0,87.35512297680224,False
2016-17,E09000013 Hammersmith and Fulham,Disab3,nan,73.91700381876356,2.748191861413327,23.33480431982311,30.0,33.1455283949475,False
2016-17,E09000014 Haringey,Disab3,Limiting disability,40.228776067367775,16.39322998426989,43.37799394836232,112.0,97.66925862719151,False
2016-17,E09000014 Haringey,Disab3,No disability,67.29696609830698,10.895989765117458,21.80704413657557,667.0,651.6668169763248,False
2016-17,E09000014 Haringey,Disab3,Non-limiting disability,68.99464862046176,14.909391608855108,16.095959770683127,148.0,146.23096475553686,False
2016-17,E09000014 Haringey,Disab3,nan,59.120113257388354,18.08333747330458,22.79654926930708,65.0,68.00287356976686,False
2016-17,E09000015 Harrow,Disab3,Limiting disability,49.70893981187284,14.53464525259448,35.75641493553269,68.0,137.48864670191918,False
2016-17,E09000015 Harrow,Disab3,No disability,54.34676532700728,16.62840099544404,29.024833677548678,325.0,602.853409379329,False
2016-17,E09000015 Harrow,Disab3,Non-limiting disability,43.37659779123954,26.73235055135752,29.89105165740291,54.0,81.45088726762745,False
2016-17,E09000015 Harrow,Disab3,nan,57.32505562380624,7.114552850429898,35.56039152576385,39.0,50.496719641365594,False
2016-17,E09000016 Havering,Disab3,Limiting disability,40.524950578652295,4.650105622844935,54.8249437985028,70.0,127.94811126679396,False
2016-17,E09000016 Havering,Disab3,No disability,60.992473960433635,13.925624218484584,25.081901821081775,316.0,563.5460874217973,False
2016-17,E09000016 Havering,Disab3,Non-limiting disability,53.15694477211693,18.56534123282079,28.277713995062264,71.0,121.31252045043425,False
2016-17,E09000016 Havering,Disab3,nan,66.97881241916163,4.905142031211606,28.11604554962676,37.0,61.35637823706386,False
2016-17,E09000017 Hillingdon,Disab3,Limiting disability,58.31118920868715,4.940702502299547,36.74810828901332,51.0,101.20894638856974,False
2016-17,E09000017 Hillingdon,Disab3,No disability,62.38739638977836,14.266170341693233,23.3464332685284,330.0,684.4511056890711,False
2016-17,E09000017 Hillingdon,Disab3,Non-limiting disability,63.15163916421314,18.777622775240427,18.07073806054645,76.0,155.9774048664937,False
2016-17,E09000017 Hillingdon,Disab3,nan,35.75721701310089,10.516212513403666,53.726570473495435,37.0,87.6207780528175,False
2016-17,E09000018 Hounslow,Disab3,Limiting disability,43.45420032634605,9.305836584501868,47.2399630891521,67.0,113.3151694692143,False
2016-17,E09000018 Hounslow,Disab3,No disability,59.51912371601736,12.436096835672581,28.044779448310038,325.0,637.1668710788001,False
2016-17,E09000018 Hounslow,Disab3,Non-limiting disability,34.372895364854,26.336737876728776,39.290366758417214,56.0,71.7795399092695,False
2016-17,E09000018 Hounslow,Disab3,nan,32.70728744390347,13.383485223153734,53.90922733294281,36.0,81.35825534966956,False
2016-17,E09000019 Islington,Disab3,Limiting disability,50.96912756404267,15.418827590400038,33.612044845557286,76.0,115.25981768829129,False
2016-17,E09000019 Islington,Disab3,No disability,69.92054216900559,14.953647101868842,15.125810729125563,307.0,585.8490627104259,False
2016-17,E09000019 Islington,Disab3,Non-limiting disability,73.08235313632302,13.108771201934497,13.808875661742489,80.0,123.85341025689107,False
2016-17,E09000019 Islington,Disab3,nan,64.37215323483645,4.541784215793488,31.08606254937005,25.0,34.20717304940101,True
2016-17,E09000020 Kensington and Chelsea,Disab3,Limiting disability,51.5894290547962,9.070863582626384,39.3397073625774,64.0,68.48638647419861,False
2016-17,E09000020 Kensington and Chelsea,Disab3,No disability,74.65934137233371,8.542682918435512,16.797975709230794,337.0,395.07360263183483,False
2016-17,E09000020 Kensington and Chelsea,Disab3,Non-limiting disability,56.64875734619413,11.457580952128282,31.8936617016776,68.0,76.93828292945885,False
2016-17,E09000020 Kensington and Chelsea,Disab3,nan,48.95028249087876,1.6616941449533942,49.38802336416784,32.0,33.69275612533046,False
2016-17,E09000021 Kingston upon Thames,Disab3,Limiting disability,42.986811457338234,17.03312626024891,39.98006228241287,64.0,82.4707629332662,False
2016-17,E09000021 Kingston upon Thames,Disab3,No disability,72.22297489892719,10.581810603608558,17.19521449746425,312.0,391.3818639754974,False
2016-17,E09000021 Kingston upon Thames,Disab3,Non-limiting disability,66.40173689667908,19.800917378486872,13.79734572483405,75.0,106.83599270389155,False
2016-17,E09000021 Kingston upon Thames,Disab3,nan,48.21382087219905,24.34252367011662,27.443655457684322,28.0,43.35851833786818,True
2016-17,E09000022 Lambeth,Disab3,Limiting disability,54.366805575913325,10.208003924442323,35.425190499644344,125.0,136.6360670102912,False
2016-17,E09000022 Lambeth,Disab3,No disability,70.85405547755508,10.36885984566399,18.777084676780927,686.0,817.356732764678,False
2016-17,E09000022 Lambeth,Disab3,Non-limiting disability,71.1139927991133,13.541224263408349,15.34478293747835,139.0,157.94044628037094,False
2016-17,E09000022 Lambeth,Disab3,nan,54.58790056651416,15.53542731084147,29.876672122644347,53.0,48.691392558270195,False
2016-17,E09000023 Lewisham,Disab3,Limiting disability,25.909226347776936,16.532749107247,57.55802454497609,71.0,143.15026040161916,False
2016-17,E09000023 Lewisham,Disab3,No disability,69.37975904524362,12.926118636224428,17.694122318531946,325.0,687.6842759436014,False
2016-17,E09000023 Lewisham,Disab3,Non-limiting disability,56.44525524657339,15.776958891329077,27.77778586209756,66.0,160.7822860707932,False
2016-17,E09000023 Lewisham,Disab3,nan,47.6737778212266,19.456912306190084,32.86930987258332,23.0,52.991824895463246,True
2016-17,E09000024 Merton,Disab3,Limiting disability,60.16951735989967,15.165253963183268,24.66522867691706,54.0,66.9892762202056,False
2016-17,E09000024 Merton,Disab3,No disability,71.31292006724964,14.372527125329002,14.314552807421366,336.0,527.1584345855275,False
2016-17,E09000024 Merton,Disab3,Non-limiting disability,40.28950346773413,18.467320259932052,41.24317627233382,67.0,82.56749129923476,False
2016-17,E09000024 Merton,Disab3,nan,58.87488481466008,19.782204424270482,21.342910761069422,39.0,55.24794588019777,False
2016-17,E09000025 Newham,Disab3,Limiting disability,30.679087855246017,30.317280677780634,39.003631466973346,58.0,100.59211140506595,False
2016-17,E09000025 Newham,Disab3,No disability,67.83230517568472,10.94075004432231,21.226944779992962,352.0,847.1869038970761,False
2016-17,E09000025 Newham,Disab3,Non-limiting disability,49.47894401216654,8.299103901324187,42.221952086509305,58.0,131.16799955952447,False
2016-17,E09000025 Newham,Disab3,nan,58.630139471044195,3.4309606614253148,37.93889986753049,37.0,60.20541274628698,False
2016-17,E09000026 Redbridge,Disab3,Limiting disability,41.96195567054134,9.154949108980542,48.88309522047811,121.0,117.34547803289533,False
2016-17,E09000026 Redbridge,Disab3,No disability,58.6169148077575,14.951037972914877,26.432047219327625,682.0,715.0975473540047,False
2016-17,E09000026 Redbridge,Disab3,Non-limiting disability,53.11292050953627,22.03808404919675,24.84899544126695,127.0,108.90941259182249,False
2016-17,E09000026 Redbridge,Disab3,nan,59.97862987290017,14.826324026639567,25.19504610046027,67.0,68.10083841443937,False
2016-17,E09000027 Richmond upon Thames,Disab3,Limiting disability,50.32843823977428,19.459869601831663,30.21169215839406,50.0,67.18153816154262,False
2016-17,E09000027 Richmond upon Thames,Disab3,No disability,74.27023112803484,12.093301762013706,13.636467109951452,360.0,489.1199801984568,False
2016-17,E09000027 Richmond upon Thames,Disab3,Non-limiting disability,63.55864800057861,13.438126296860736,23.003225702560652,69.0,92.75415733751684,False
2016-17,E09000027 Richmond upon Thames,Disab3,nan,53.545534907952465,1.2616840089825172,45.192781083065036,24.0,37.64449933924867,True
2016-17,E09000028 Southwark,Disab3,Limiting disability,41.96313866198286,14.827778904952643,43.20908243306449,60.0,135.95487656494066,False
2016-17,E09000028 Southwark,Disab3,No disability,75.41823588452563,8.990837709582468,15.590926405891908,344.0,759.6010278654925,False
2016-17,E09000028 Southwark,Disab3,Non-limiting disability,64.08223043066651,16.656854968002143,19.26091460133134,62.0,128.30818773733372,False
2016-17,E09000028 Southwark,Disab3,nan,62.3547683814347,3.6348963550211852,34.010335263544114,34.0,70.32191031358443,False
2016-17,E09000029 Sutton,Disab3,Limiting disability,35.884319080798385,9.937816655778212,54.17786426342342,77.0,97.31567657985808,False
2016-17,E09000029 Sutton,Disab3,No disability,59.076734628319905,12.16893590573067,28.75432946594943,330.0,478.4435804263648,False
2016-17,E09000029 Sutton,Disab3,Non-limiting disability,66.26160374946156,18.60848024396646,15.129916006571978,59.0,84.5031392397986,False
2016-17,E09000029 Sutton,Disab3,nan,57.63688489343806,8.680060127583653,33.68305497897829,33.0,37.570588594851415,False
2016-17,E09000030 Tower Hamlets,Disab3,Limiting disability,46.17481592534134,12.80976692282878,41.015417151829894,51.0,89.51646287931878,False
2016-17,E09000030 Tower Hamlets,Disab3,No disability,67.22293762089024,13.914292246660615,18.862770132449157,349.0,811.5513049649575,False
2016-17,E09000030 Tower Hamlets,Disab3,Non-limiting disability,73.91333032455061,9.999140471977363,16.087529203472016,44.0,99.02998186965807,False
2016-17,E09000030 Tower Hamlets,Disab3,nan,40.82984029593095,1.4965670529871513,57.6735926510819,35.0,83.37373092638329,False
2016-17,E09000031 Waltham Forest,Disab3,Limiting disability,50.27481499240146,11.037513598526214,38.68767140907233,60.0,109.09437445375062,False
2016-17,E09000031 Waltham Forest,Disab3,No disability,65.23712876591394,13.969530586188073,20.793340647898006,345.0,652.341069917347,False
2016-17,E09000031 Waltham Forest,Disab3,Non-limiting disability,73.91910241858825,14.841747299322448,11.239150282089291,72.0,115.7894219034973,False
2016-17,E09000031 Waltham Forest,Disab3,nan,64.77970298840111,14.063340222462518,21.156956789136373,26.0,55.53524558919129,True
2016-17,E09000032 Wandsworth,Disab3,Limiting disability,60.798047479327465,8.49043602438276,30.711516496289786,47.0,131.58518046462243,False
2016-17,E09000032 Wandsworth,Disab3,No disability,73.79985732419489,8.349016295886367,17.851126379918757,355.0,806.5973150745821,False
2016-17,E09000032 Wandsworth,Disab3,Non-limiting disability,63.34573841391292,10.061972878627527,26.592288707459556,62.0,135.9179522121442,False
2016-17,E09000032 Wandsworth,Disab3,nan,71.02790049923247,14.13696765896498,14.83513184180254,24.0,57.629344136687045,True
2016-17,E09000033 Westminster,Disab3,Limiting disability,47.862539602462455,13.053855090456858,39.083605307080674,70.0,109.31269038858339,False
2016-17,E09000033 Westminster,Disab3,No disability,67.78283853350807,15.068786806244852,17.14837466024707,326.0,626.8132731266878,False
2016-17,E09000033 Westminster,Disab3,Non-limiting disability,78.25627978576428,12.89818564285322,8.845534571382528,78.0,125.1003718880094,False
2016-17,E09000033 Westminster,Disab3,nan,63.166058466767474,24.962719243177766,11.871222290054764,28.0,62.058571400672136,True
2016-17,E09000001 City of London,LondInOut,E13000001 Inner London,68.43219560165367,14.591004360439822,16.976800037906518,249.0,36.58802525999149,False
2016-17,E09000002 Barking and Dagenham,LondInOut,E13000002 Outer London,49.230649219654936,16.065856335577028,34.70349444476804,958.0,664.4182284189633,False
2016-17,E09000003 Barnet,LondInOut,E13000002 Outer London,56.77808677044345,12.280309911112578,30.941603318443967,997.0,1324.6097997891995,False
2016-17,E09000004 Bexley,LondInOut,E13000002 Outer London,56.7150839135566,17.347982331538788,25.936933754904608,498.0,869.8332704516226,False
2016-17,E09000005 Brent,LondInOut,E13000002 Outer London,55.85979235208863,11.182239032562995,32.95796861534839,489.0,1142.779104632606,False
2016-17,E09000006 Bromley,LondInOut,E13000002 Outer London,69.01634819528847,11.295236519855738,19.68841528485578,492.0,1137.3217071084846,False
2016-17,E09000007 Camden,LondInOut,E13000001 Inner London,72.0925764613712,12.393416219197025,15.514007319431784,492.0,890.6687233524303,False
2016-17,E09000008 Croydon,LondInOut,E13000002 Outer London,60.65977875184606,14.522207968749568,24.818013279404365,501.0,1261.5880285431776,False
2016-17,E09000009 Ealing,LondInOut,E13000002 Outer London,53.84024479799595,15.127906406638653,31.031848795365374,492.0,1123.0900037178558,False
2016-17,E09000010 Enfield,LondInOut,E13000002 Outer London,57.51145542174213,11.839905698447582,30.648638879810285,1000.0,1118.4540644807864,False
2016-17,E09000011 Greenwich,LondInOut,E13000002 Outer London,62.275366690451875,13.054547643887213,24.670085665660903,987.0,942.1663769733366,False
2016-17,E09000012 Hackney,LondInOut,E13000001 Inner London,71.30209790631254,10.286429500209927,18.411472593477544,475.0,914.9936165870889,False
2016-17,E09000013 Hammersmith and Fulham,LondInOut,E13000001 Inner London,69.83204006544078,10.581650576286474,19.586309358272747,489.0,644.1409974596531,False
2016-17,E09000014 Haringey,LondInOut,E13000001 Inner London,64.23385075305546,12.569511607646186,23.196637639298352,992.0,963.56991392882,False
2016-17,E09000015 Harrow,LondInOut,E13000002 Outer London,52.76382286943324,16.691097932549727,30.54507919801704,486.0,872.2896629902413,False
2016-17,E09000016 Havering,LondInOut,E13000002 Outer London,57.329509100914855,12.578743481190433,30.091747417894716,494.0,874.1630973760894,False
2016-17,E09000017 Hillingdon,LondInOut,E13000002 Outer London,59.83536330733836,13.713626446405499,26.451010246256146,494.0,1029.258234996952,False
2016-17,E09000018 Hounslow,LondInOut,E13000002 Outer London,53.093027021775264,13.233061981117466,33.673910997107264,484.0,903.6198358069535,False
2016-17,E09000019 Islington,LondInOut,E13000001 Inner London,67.61304602816215,14.335564207455933,18.051389764381934,488.0,859.1694637050091,False
2016-17,E09000020 Kensington and Chelsea,LondInOut,E13000001 Inner London,67.98580033180035,8.592493794387881,23.421705873811767,501.0,574.1910281608227,False
2016-17,E09000021 Kingston upon Thames,LondInOut,E13000002 Outer London,65.69454532623536,13.968768654632676,20.336686019131964,479.0,624.0471379505234,False
2016-17,E09000022 Lambeth,LondInOut,E13000001 Inner London,68.26603519945772,10.99837715193966,20.735587648602614,1003.0,1160.6246386136104,False
2016-17,E09000023 Lewisham,LondInOut,E13000001 Inner London,60.33072738547624,14.19045182217313,25.478820792350636,485.0,1044.608647311477,False
2016-17,E09000024 Merton,LondInOut,E13000002 Outer London,65.8547353599497,15.315299386695544,18.829965253354747,496.0,731.9631479851656,False
2016-17,E09000025 Newham,LondInOut,E13000001 Inner London,61.951867872627545,11.950708580761708,26.09742354661075,505.0,1139.1524276079535,False
2016-17,E09000026 Redbridge,LondInOut,E13000002 Outer London,56.178875279391406,15.033466832538286,28.787657888070306,997.0,1009.453276393162,False
2016-17,E09000027 Richmond upon Thames,LondInOut,E13000002 Outer London,69.34499406617107,12.40185650730492,18.25314942652401,503.0,686.7001750367649,False
2016-17,E09000028 Southwark,LondInOut,E13000001 Inner London,69.09249793525146,10.270815127103775,20.636686937644754,500.0,1094.1860024813514,False
2016-17,E09000029 Sutton,LondInOut,E13000002 Outer London,56.634979002249985,12.44974767624437,30.915273321505648,499.0,697.8329848408729,False
2016-17,E09000030 Tower Hamlets,LondInOut,E13000001 Inner London,64.06448352945702,12.50963811812778,23.4258783524152,479.0,1083.4714806403176,False
2016-17,E09000031 Waltham Forest,LondInOut,E13000002 Outer London,64.53767046374995,13.740464885091273,21.721864651158782,503.0,932.7601118637863,False
2016-17,E09000032 Wandsworth,LondInOut,E13000001 Inner London,70.89148289890203,8.865911880496975,20.242605220600986,488.0,1131.7297918880358,False
2016-17,E09000033 Westminster,LondInOut,E13000001 Inner London,66.53314752177037,15.201143235021467,18.265709243208153,502.0,923.2849068039527,False
2016-17,E09000001 City of London,NSSEC5,Aged <16 or 75+,25.40620656404771,35.05642458525898,39.5373688506933,17.0,2.5755115953091465,True
2016-17,E09000001 City of London,NSSEC5,NS SEC 1-2: Higher social groups,78.08800166756694,10.168102765066983,11.743895567366094,183.0,21.573366497209904,False
2016-17,E09000001 City of London,NSSEC5,NS SEC 3-5: Middle social groups,73.53217787389221,7.793618542845223,18.674203583262575,28.0,6.2434275252323035,True
2016-17,E09000001 City of London,NSSEC5,NS SEC 6-8: Lower social groups,40.6252655676812,21.718304527495,37.65642990482378,6.0,1.6651430550804323,True
2016-17,E09000001 City of London,NSSEC5,NS SEC 9: Students and other,50.104911846474934,30.765316820449407,19.129771333075677,15.0,4.530576587159704,True
2016-17,E09000002 Barking and Dagenham,NSSEC5,Aged <16 or 75+,19.016095609734027,21.214217456114774,59.76968693415121,59.0,29.48778837800477,False
2016-17,E09000002 Barking and Dagenham,NSSEC5,NS SEC 1-2: Higher social groups,57.621733265282806,16.624156509110172,25.75411022560702,364.0,165.43790357713954,False
2016-17,E09000002 Barking and Dagenham,NSSEC5,NS SEC 3-5: Middle social groups,55.24619808301845,15.978023339356465,28.77577857762509,241.0,193.32636061104893,False
2016-17,E09000002 Barking and Dagenham,NSSEC5,NS SEC 6-8: Lower social groups,41.42158549648131,14.535886958123811,44.04252754539488,173.0,169.91889406068458,False
2016-17,E09000002 Barking and Dagenham,NSSEC5,NS SEC 9: Students and other,46.09363072673774,16.374319234764815,37.53205003849743,121.0,106.2472817920855,False
2016-17,E09000003 Barnet,NSSEC5,Aged <16 or 75+,26.11100591321669,9.765857418084787,64.1231366686985,94.0,127.15098709523457,False
2016-17,E09000003 Barnet,NSSEC5,NS SEC 1-2: Higher social groups,67.70547417010353,12.913302246232616,19.381223583663864,546.0,534.1297077706997,False
2016-17,E09000003 Barnet,NSSEC5,NS SEC 3-5: Middle social groups,54.962170441273884,10.938888063596684,34.09894149512943,194.0,308.2176035286192,False
2016-17,E09000003 Barnet,NSSEC5,NS SEC 6-8: Lower social groups,50.381720398981386,17.297202132886273,32.32107746813235,69.0,152.85634604068971,False
2016-17,E09000003 Barnet,NSSEC5,NS SEC 9: Students and other,54.80102930168452,10.4420433899278,34.756927308387645,94.0,202.25515535395644,False
2016-17,E09000004 Bexley,NSSEC5,Aged <16 or 75+,33.5820141527173,19.61347346327483,46.80451238400787,46.0,74.02417809359385,False
2016-17,E09000004 Bexley,NSSEC5,NS SEC 1-2: Higher social groups,69.09250276163263,14.10220119176769,16.805296046599675,248.0,309.24204093494563,False
2016-17,E09000004 Bexley,NSSEC5,NS SEC 3-5: Middle social groups,50.0236116729016,25.435335999335585,24.541052327762802,117.0,237.87231915968144,False
2016-17,E09000004 Bexley,NSSEC5,NS SEC 6-8: Lower social groups,45.86354152761755,8.200472144782484,45.93598632759998,48.0,129.78483115549318,False
2016-17,E09000004 Bexley,NSSEC5,NS SEC 9: Students and other,64.15659902971345,18.18459355076389,17.658807419522656,39.0,118.90990110790858,False
2016-17,E09000005 Brent,NSSEC5,Aged <16 or 75+,50.000516233148254,15.253161613267155,34.74632215358459,28.0,54.2780084912564,True
2016-17,E09000005 Brent,NSSEC5,NS SEC 1-2: Higher social groups,62.78177018343422,13.370156990233761,23.84807282633202,268.0,437.05528077398833,False
2016-17,E09000005 Brent,NSSEC5,NS SEC 3-5: Middle social groups,45.302426723520476,10.388316185737722,44.3092570907418,89.0,258.7116308827555,False
2016-17,E09000005 Brent,NSSEC5,NS SEC 6-8: Lower social groups,50.32917208372537,4.328515836211982,45.34231208006263,56.0,221.66878373331156,False
2016-17,E09000005 Brent,NSSEC5,NS SEC 9: Students and other,63.167067912358334,14.382482269184058,22.45044981845761,48.0,171.06540075129445,False
2016-17,E09000006 Bromley,NSSEC5,Aged <16 or 75+,23.56621208884232,15.451713808330048,60.982074102827596,42.0,83.69269518293864,False
2016-17,E09000006 Bromley,NSSEC5,NS SEC 1-2: Higher social groups,75.63218827781519,10.765448526302798,13.602363195882011,287.0,491.59819222392133,False
2016-17,E09000006 Bromley,NSSEC5,NS SEC 3-5: Middle social groups,66.72764591978685,15.412333829712138,17.860020250501044,100.0,280.81786410642206,False
2016-17,E09000006 Bromley,NSSEC5,NS SEC 6-8: Lower social groups,70.65753990636722,4.499154891833252,24.843305201799513,39.0,175.53729388139826,False
2016-17,E09000006 Bromley,NSSEC5,NS SEC 9: Students and other,77.59095734133516,10.8162931102028,11.592749548462042,24.0,105.67566171380429,True
2016-17,E09000007 Camden,NSSEC5,Aged <16 or 75+,34.02274659962615,18.90527817853005,47.0719752218438,35.0,54.75489923436529,False
2016-17,E09000007 Camden,NSSEC5,NS SEC 1-2: Higher social groups,79.69389523734783,12.249751985665288,8.056352776986882,287.0,386.6282091198915,False
2016-17,E09000007 Camden,NSSEC5,NS SEC 3-5: Middle social groups,75.50189889168412,13.104185419110209,11.393915689205677,64.0,139.73116983243838,False
2016-17,E09000007 Camden,NSSEC5,NS SEC 6-8: Lower social groups,70.177466540356,6.643106746575299,23.17942671306871,49.0,119.89000252239626,False
2016-17,E09000007 Camden,NSSEC5,NS SEC 9: Students and other,66.28674047929887,13.917562238752353,19.795697281948783,57.0,189.6644426433389,False
2016-17,E09000008 Croydon,NSSEC5,Aged <16 or 75+,32.3999457871304,16.29682428420373,51.303229928665885,39.0,135.3100253903593,False
2016-17,E09000008 Croydon,NSSEC5,NS SEC 1-2: Higher social groups,70.17675009460127,15.61438292943493,14.208866975963783,281.0,493.8813220823893,False
2016-17,E09000008 Croydon,NSSEC5,NS SEC 3-5: Middle social groups,57.06506975650502,17.091980979254146,25.84294926424084,107.0,308.12555009677703,False
2016-17,E09000008 Croydon,NSSEC5,NS SEC 6-8: Lower social groups,63.28200575355897,7.151866183306875,29.566128063134162,35.0,159.95286958484257,False
2016-17,E09000008 Croydon,NSSEC5,NS SEC 9: Students and other,59.51427782939332,12.133954873829213,28.351767296777453,39.0,164.3182613888093,False
2016-17,E09000009 Ealing,NSSEC5,Aged <16 or 75+,42.303627164389,23.11348832245413,34.582884513156856,36.0,71.76281507520397,False
2016-17,E09000009 Ealing,NSSEC5,NS SEC 1-2: Higher social groups,62.25632723946818,16.341107800669885,21.402564959861916,264.0,395.7037747175917,False
2016-17,E09000009 Ealing,NSSEC5,NS SEC 3-5: Middle social groups,46.55343865135052,17.136338837062144,36.310222511587355,69.0,175.71456082407818,False
2016-17,E09000009 Ealing,NSSEC5,NS SEC 6-8: Lower social groups,42.11762500626097,19.057310155707295,38.825064838031736,64.0,251.26605254132863,False
2016-17,E09000009 Ealing,NSSEC5,NS SEC 9: Students and other,61.378286256420566,4.660168980088017,33.96154476349142,59.0,228.64280055965307,False
2016-17,E09000010 Enfield,NSSEC5,Aged <16 or 75+,45.01542381305741,15.181037312742887,39.80353887419972,87.0,89.58479282922409,False
2016-17,E09000010 Enfield,NSSEC5,NS SEC 1-2: Higher social groups,67.38088626379083,13.400736389797533,19.218377346411653,506.0,419.86473876883815,False
2016-17,E09000010 Enfield,NSSEC5,NS SEC 3-5: Middle social groups,60.475880088383796,7.8037055609899735,31.720414350626243,209.0,265.85579425418473,False
2016-17,E09000010 Enfield,NSSEC5,NS SEC 6-8: Lower social groups,32.020370473354696,12.249696755073787,55.729932771571534,90.0,146.19244122277942,False
2016-17,E09000010 Enfield,NSSEC5,NS SEC 9: Students and other,57.07543414794548,12.136857281898898,30.787708570155655,108.0,196.95629740575995,False
2016-17,E09000011 Greenwich,NSSEC5,Aged <16 or 75+,35.580456881805716,5.812388266261405,58.60715485193288,50.0,39.18520695955444,False
2016-17,E09000011 Greenwich,NSSEC5,NS SEC 1-2: Higher social groups,69.25879344331202,10.980635535583295,19.760571021104674,545.0,348.9577126547068,False
2016-17,E09000011 Greenwich,NSSEC5,NS SEC 3-5: Middle social groups,59.41885854780122,11.169210962312759,29.41193048988603,192.0,213.8636872001269,False
2016-17,E09000011 Greenwich,NSSEC5,NS SEC 6-8: Lower social groups,56.04651018962292,16.893725178333643,27.059764632043432,117.0,191.98716473445415,False
2016-17,E09000011 Greenwich,NSSEC5,NS SEC 9: Students and other,65.08215274441643,17.60076846697201,17.317078788611575,83.0,148.17260542449426,False
2016-17,E09000012 Hackney,NSSEC5,Aged <16 or 75+,29.545854557227536,11.474653324058023,58.97949211871446,12.0,19.54309591331345,True
2016-17,E09000012 Hackney,NSSEC5,NS SEC 1-2: Higher social groups,83.44911664087029,7.558977043241518,8.991906315888203,306.0,413.65050957664096,False
2016-17,E09000012 Hackney,NSSEC5,NS SEC 3-5: Middle social groups,70.09927439914037,9.24426861883659,20.656456982023006,79.0,207.8781577190374,False
2016-17,E09000012 Hackney,NSSEC5,NS SEC 6-8: Lower social groups,51.527574250744635,20.477838233989498,27.994587515265863,38.0,132.42296658072783,False
2016-17,E09000012 Hackney,NSSEC5,NS SEC 9: Students and other,61.832536476959085,10.088946903601139,28.078516619439775,40.0,141.49888679736935,False
2016-17,E09000013 Hammersmith and Fulham,NSSEC5,Aged <16 or 75+,26.453651905790892,26.640800618201794,46.90554747600731,35.0,47.12078648824103,False
2016-17,E09000013 Hammersmith and Fulham,NSSEC5,NS SEC 1-2: Higher social groups,76.78138927574116,9.718168739112224,13.5004419851466,307.0,307.23328363541805,False
2016-17,E09000013 Hammersmith and Fulham,NSSEC5,NS SEC 3-5: Middle social groups,62.56649392944886,10.65572933470533,26.777776735845805,75.0,120.89536197356264,False
2016-17,E09000013 Hammersmith and Fulham,NSSEC5,NS SEC 6-8: Lower social groups,65.42658115731967,13.169732429785933,21.40368641289438,33.0,67.95952540407262,False
2016-17,E09000013 Hammersmith and Fulham,NSSEC5,NS SEC 9: Students and other,80.5988502551771,3.8813994649797636,15.51975027984313,39.0,100.93203995835883,False
2016-17,E09000014 Haringey,NSSEC5,Aged <16 or 75+,47.697364076829764,15.36817116488198,36.93446475828824,56.0,51.85686898010664,False
2016-17,E09000014 Haringey,NSSEC5,NS SEC 1-2: Higher social groups,75.93328123493393,10.273172619996027,13.793546145070032,598.0,413.56616398495464,False
2016-17,E09000014 Haringey,NSSEC5,NS SEC 3-5: Middle social groups,69.15681683265548,11.566357789550665,19.276825377793866,163.0,210.1852884474162,False
2016-17,E09000014 Haringey,NSSEC5,NS SEC 6-8: Lower social groups,37.05819516089943,16.188820825434025,46.752984013666534,89.0,151.10372098156688,False
2016-17,E09000014 Haringey,NSSEC5,NS SEC 9: Students and other,57.5893624425894,15.992884070777958,26.417753486632634,86.0,136.85787153477568,False
2016-17,E09000015 Harrow,NSSEC5,Aged <16 or 75+,33.36393255253282,13.213023788875475,53.42304365859167,41.0,66.12435211682183,False
2016-17,E09000015 Harrow,NSSEC5,NS SEC 1-2: Higher social groups,56.188144270243654,14.778090608955063,29.033765120801274,257.0,334.4336753654927,False
2016-17,E09000015 Harrow,NSSEC5,NS SEC 3-5: Middle social groups,56.427263028509515,15.347456328818046,28.225280642672455,90.0,166.42850824693963,False
2016-17,E09000015 Harrow,NSSEC5,NS SEC 6-8: Lower social groups,42.84552915774194,21.80285999515638,35.35161084710167,48.0,150.80714032896873,False
2016-17,E09000015 Harrow,NSSEC5,NS SEC 9: Students and other,59.389531652167435,18.77846295104221,21.83200539679035,50.0,154.4959869320184,False
2016-17,E09000016 Havering,NSSEC5,Aged <16 or 75+,30.798468417836723,6.606688210869831,62.59484337129345,48.0,84.24526225966105,False
2016-17,E09000016 Havering,NSSEC5,NS SEC 1-2: Higher social groups,68.29210705835878,9.807149925066016,21.900743016575195,221.0,293.16999318678955,False
2016-17,E09000016 Havering,NSSEC5,NS SEC 3-5: Middle social groups,58.622681299240895,15.21652026112509,26.160798439634007,149.0,281.0080769887103,False
2016-17,E09000016 Havering,NSSEC5,NS SEC 6-8: Lower social groups,45.20754388065672,14.86832506829941,39.92413105104385,49.0,139.0621891173052,False
2016-17,E09000016 Havering,NSSEC5,NS SEC 9: Students and other,61.809631163335766,15.917850326598224,22.272518510066025,27.0,76.67757582362333,True
2016-17,E09000017 Hillingdon,NSSEC5,Aged <16 or 75+,22.937485000732202,18.450048518535528,58.61246648073226,39.0,64.69913014245996,False
2016-17,E09000017 Hillingdon,NSSEC5,NS SEC 1-2: Higher social groups,63.681657238588905,14.530380561337305,21.787962200073785,259.0,366.8662717684843,False
2016-17,E09000017 Hillingdon,NSSEC5,NS SEC 3-5: Middle social groups,62.768305926617465,12.750109954487291,24.481584118895235,109.0,265.39062413581405,False
2016-17,E09000017 Hillingdon,NSSEC5,NS SEC 6-8: Lower social groups,46.86675866968441,17.142554866165426,35.990686464150144,38.0,135.80767856288543,False
2016-17,E09000017 Hillingdon,NSSEC5,NS SEC 9: Students and other,69.80533921327992,9.560592318518927,20.634068468201175,49.0,196.49453038730837,False
2016-17,E09000018 Hounslow,NSSEC5,Aged <16 or 75+,21.758982489103868,22.720306854830778,55.52071065606539,42.0,75.99629961576274,False
2016-17,E09000018 Hounslow,NSSEC5,NS SEC 1-2: Higher social groups,57.769950237723286,13.317715607348035,28.912334154928686,242.0,287.7083054123026,False
2016-17,E09000018 Hounslow,NSSEC5,NS SEC 3-5: Middle social groups,60.039313051413565,12.82591960846917,27.13476734011724,87.0,195.2715681878677,False
2016-17,E09000018 Hounslow,NSSEC5,NS SEC 6-8: Lower social groups,41.88024879896153,13.070915984612006,45.04883521642646,71.0,214.26019234780176,False
2016-17,E09000018 Hounslow,NSSEC5,NS SEC 9: Students and other,69.05917389818366,8.392676216411953,22.548149885404403,42.0,130.38347024321862,False
2016-17,E09000019 Islington,NSSEC5,Aged <16 or 75+,29.68176656577053,18.993504647736966,51.32472878649249,26.0,43.88738852377648,True
2016-17,E09000019 Islington,NSSEC5,NS SEC 1-2: Higher social groups,76.84170571955472,9.478027161502618,13.680267118942663,317.0,396.1402075904962,False
2016-17,E09000019 Islington,NSSEC5,NS SEC 3-5: Middle social groups,55.27896763808129,30.084794624798185,14.636237737120537,58.0,168.872109496476,False
2016-17,E09000019 Islington,NSSEC5,NS SEC 6-8: Lower social groups,58.76791495922578,12.474853882559374,28.75723115821483,44.0,117.4252757908625,False
2016-17,E09000019 Islington,NSSEC5,NS SEC 9: Students and other,76.12213428718377,8.906129457819599,14.971736254996646,43.0,132.844482303398,False
2016-17,E09000020 Kensington and Chelsea,NSSEC5,Aged <16 or 75+,44.60144509951699,13.054633313298696,42.34392158718428,57.0,68.79735559094074,False
2016-17,E09000020 Kensington and Chelsea,NSSEC5,NS SEC 1-2: Higher social groups,77.32559260270548,8.648366316852862,14.026041080441656,278.0,241.83710857658784,False
2016-17,E09000020 Kensington and Chelsea,NSSEC5,NS SEC 3-5: Middle social groups,74.11507705101047,7.553984683545529,18.330938265443994,85.0,115.12627887224505,False
2016-17,E09000020 Kensington and Chelsea,NSSEC5,NS SEC 6-8: Lower social groups,49.46424060249826,14.885782002615352,35.64997739488639,40.0,63.91046906194022,False
2016-17,E09000020 Kensington and Chelsea,NSSEC5,NS SEC 9: Students and other,65.95259895800997,1.4563831352911822,32.59101790669886,41.0,84.51981605910895,False
2016-17,E09000021 Kingston upon Thames,NSSEC5,Aged <16 or 75+,28.7985826434825,18.144854268822193,53.056563087695295,33.0,46.35735197231076,False
2016-17,E09000021 Kingston upon Thames,NSSEC5,NS SEC 1-2: Higher social groups,75.66780551868145,11.51721481731866,12.814979663999889,300.0,292.44777131246457,False
2016-17,E09000021 Kingston upon Thames,NSSEC5,NS SEC 3-5: Middle social groups,57.954955053324,16.804526109861698,25.240518836814278,85.0,141.21238460503997,False
2016-17,E09000021 Kingston upon Thames,NSSEC5,NS SEC 6-8: Lower social groups,23.284906929502664,32.24393345429488,44.47115961620246,26.0,57.12969984142619,True
2016-17,E09000021 Kingston upon Thames,NSSEC5,NS SEC 9: Students and other,92.27129074946163,3.368765129246591,4.359944121291784,35.0,86.89993021928196,False
2016-17,E09000022 Lambeth,NSSEC5,Aged <16 or 75+,28.43089564097947,10.516217644920198,61.05288671410035,36.0,39.092014077057,False
2016-17,E09000022 Lambeth,NSSEC5,NS SEC 1-2: Higher social groups,78.37498361592614,10.158475532344278,11.46654085172958,644.0,564.4730196079751,False
2016-17,E09000022 Lambeth,NSSEC5,NS SEC 3-5: Middle social groups,64.7454234921445,9.179992422252067,26.074584085603426,166.0,230.30126469478824,False
2016-17,E09000022 Lambeth,NSSEC5,NS SEC 6-8: Lower social groups,50.309333977085245,8.82964097338466,40.8610250495301,82.0,157.94318701645062,False
2016-17,E09000022 Lambeth,NSSEC5,NS SEC 9: Students and other,65.29205541329452,18.42818290400527,16.279761682700197,75.0,168.81515321733934,False
2016-17,E09000023 Lewisham,NSSEC5,Aged <16 or 75+,12.079710793237782,9.472449935513179,78.44783927124904,32.0,64.70264020794755,False
2016-17,E09000023 Lewisham,NSSEC5,NS SEC 1-2: Higher social groups,78.79090517979249,10.776010376870794,10.433084443336714,290.0,434.8702933844464,False
2016-17,E09000023 Lewisham,NSSEC5,NS SEC 3-5: Middle social groups,54.8225934606845,13.76696440055152,31.41044213876395,67.0,193.13095820284587,False
2016-17,E09000023 Lewisham,NSSEC5,NS SEC 6-8: Lower social groups,46.02368303740539,26.76383301318429,27.21248394941031,57.0,228.4220863216695,False
2016-17,E09000023 Lewisham,NSSEC5,NS SEC 9: Students and other,55.682474566159335,6.090990520180502,38.226534913660174,39.0,123.48266919456772,False
2016-17,E09000024 Merton,NSSEC5,Aged <16 or 75+,46.744581874341094,15.305016542072444,37.950401583586455,35.0,56.76658202956785,False
2016-17,E09000024 Merton,NSSEC5,NS SEC 1-2: Higher social groups,74.69509041393755,13.195094239007938,12.109815347054514,303.0,308.0256355173729,False
2016-17,E09000024 Merton,NSSEC5,NS SEC 3-5: Middle social groups,59.96280933123587,12.968833490171363,27.068357178592795,79.0,154.4408734858857,False
2016-17,E09000024 Merton,NSSEC5,NS SEC 6-8: Lower social groups,58.607094061063734,20.702224578401342,20.690681360534917,37.0,109.51376443946349,False
2016-17,E09000024 Merton,NSSEC5,NS SEC 9: Students and other,66.48867399965783,19.44361126245757,14.067714737884613,42.0,103.21629251287565,False
2016-17,E09000025 Newham,NSSEC5,Aged <16 or 75+,29.02357362453975,32.75205552013371,38.22437085532655,27.0,42.33846320896504,True
2016-17,E09000025 Newham,NSSEC5,NS SEC 1-2: Higher social groups,67.94690914562426,11.63971767387181,20.41337318050391,242.0,365.45617253394454,False
2016-17,E09000025 Newham,NSSEC5,NS SEC 3-5: Middle social groups,56.458114691435426,17.63432891763909,25.90755639092549,88.0,247.10049386589358,False
2016-17,E09000025 Newham,NSSEC5,NS SEC 6-8: Lower social groups,58.104322979317566,9.409724896915925,32.48595212376649,86.0,268.95146267564473,False
2016-17,E09000025 Newham,NSSEC5,NS SEC 9: Students and other,69.36235205835669,5.039295208652411,25.598352732990882,62.0,215.3058353235057,False
2016-17,E09000026 Redbridge,NSSEC5,Aged <16 or 75+,19.320828718404414,24.263986982759235,56.415184298836365,74.0,61.093040681171225,False
2016-17,E09000026 Redbridge,NSSEC5,NS SEC 1-2: Higher social groups,65.06082736866445,13.742493917172366,21.196678714163202,503.0,351.8554883496339,False
2016-17,E09000026 Redbridge,NSSEC5,NS SEC 3-5: Middle social groups,55.492817740316944,15.34753502489461,29.159647234788448,200.0,247.85684569685802,False
2016-17,E09000026 Redbridge,NSSEC5,NS SEC 6-8: Lower social groups,55.90474068689056,14.38365737864927,29.711601934460184,103.0,151.04746079411711,False
2016-17,E09000026 Redbridge,NSSEC5,NS SEC 9: Students and other,52.828973542043755,14.581157513031389,32.58986894492486,117.0,197.60044087138164,False
2016-17,E09000027 Richmond upon Thames,NSSEC5,Aged <16 or 75+,46.96399576408045,19.02669343217455,34.00931080374499,32.0,53.89606138328293,False
2016-17,E09000027 Richmond upon Thames,NSSEC5,NS SEC 1-2: Higher social groups,75.96331272591543,13.685980315784171,10.350706958300385,338.0,377.3097911038974,False
2016-17,E09000027 Richmond upon Thames,NSSEC5,NS SEC 3-5: Middle social groups,64.88746700369352,9.707216843467139,25.405316152839347,81.0,148.841138750451,False
2016-17,E09000027 Richmond upon Thames,NSSEC5,NS SEC 6-8: Lower social groups,53.45615530678999,6.1621856860859445,40.381659007124064,21.0,40.67671521922946,True
2016-17,E09000027 Richmond upon Thames,NSSEC5,NS SEC 9: Students and other,69.63085963486732,9.572324124625759,20.796816240506942,31.0,65.97646857990416,False
2016-17,E09000028 Southwark,NSSEC5,Aged <16 or 75+,26.034822780836453,4.27041702658262,69.69476019258094,14.0,39.32537832828871,True
2016-17,E09000028 Southwark,NSSEC5,NS SEC 1-2: Higher social groups,76.70727984351736,12.05611556734408,11.236604589138567,336.0,562.5047381785878,False
2016-17,E09000028 Southwark,NSSEC5,NS SEC 3-5: Middle social groups,63.67833372234599,14.740312164734219,21.581354112919787,76.0,201.59186443921325,False
2016-17,E09000028 Southwark,NSSEC5,NS SEC 6-8: Lower social groups,55.36604848326565,2.7001960749104934,41.93375544182385,34.0,135.14574495666176,False
2016-17,E09000028 Southwark,NSSEC5,NS SEC 9: Students and other,71.3829175728576,6.11867223733533,22.4984101898071,40.0,155.6182765785998,False
2016-17,E09000029 Sutton,NSSEC5,Aged <16 or 75+,27.34133798124504,10.394442011569275,62.26422000718568,59.0,69.78243472134575,False
2016-17,E09000029 Sutton,NSSEC5,NS SEC 1-2: Higher social groups,68.69510432497171,12.688388833664835,18.616506841363453,252.0,255.3547138943936,False
2016-17,E09000029 Sutton,NSSEC5,NS SEC 3-5: Middle social groups,54.29874481145812,11.8751110211356,33.82614416740628,118.0,221.44591671401622,False
2016-17,E09000029 Sutton,NSSEC5,NS SEC 6-8: Lower social groups,41.489898903734,15.718297549185712,42.79180354708031,37.0,83.91307392785883,False
2016-17,E09000029 Sutton,NSSEC5,NS SEC 9: Students and other,67.81446747476141,11.491326817694981,20.69420570754358,33.0,67.3368455832585,False
2016-17,E09000030 Tower Hamlets,NSSEC5,Aged <16 or 75+,26.105003502547042,25.52920891200908,48.365787585443854,15.0,42.22305764440363,True
2016-17,E09000030 Tower Hamlets,NSSEC5,NS SEC 1-2: Higher social groups,73.52131830548726,13.975054838693312,12.503626855819439,325.0,537.2778646936707,False
2016-17,E09000030 Tower Hamlets,NSSEC5,NS SEC 3-5: Middle social groups,69.01658968956981,15.07048271424874,15.912927596181436,44.0,111.01817581615084,False
2016-17,E09000030 Tower Hamlets,NSSEC5,NS SEC 6-8: Lower social groups,43.269779002958366,1.649008480325649,55.08121251671598,41.0,132.65273185423155,False
2016-17,E09000030 Tower Hamlets,NSSEC5,NS SEC 9: Students and other,59.18748078427845,11.815552825630315,28.996966390091245,54.0,260.29965063186086,False
2016-17,E09000031 Waltham Forest,NSSEC5,Aged <16 or 75+,23.785315048652475,6.212718746005397,70.00196620534214,22.0,34.83651138748113,True
2016-17,E09000031 Waltham Forest,NSSEC5,NS SEC 1-2: Higher social groups,73.43064320976198,13.626237243677783,12.943119546560244,285.0,400.45170856196194,False
2016-17,E09000031 Waltham Forest,NSSEC5,NS SEC 3-5: Middle social groups,58.84743727513347,17.026027233781228,24.1265354910853,115.0,251.21551221833585,False
2016-17,E09000031 Waltham Forest,NSSEC5,NS SEC 6-8: Lower social groups,59.49080781095518,13.26313979777208,27.24605239127272,49.0,139.7854918025963,False
2016-17,E09000031 Waltham Forest,NSSEC5,NS SEC 9: Students and other,64.47583934841057,9.507589148611938,26.0165715029775,32.0,106.47088789341106,False
2016-17,E09000032 Wandsworth,NSSEC5,Aged <16 or 75+,61.60579074639349,9.189988456130004,29.204220797476516,22.0,68.39930952565352,True
2016-17,E09000032 Wandsworth,NSSEC5,NS SEC 1-2: Higher social groups,76.7252102158329,7.38898311072841,15.885806673438688,332.0,598.2460452875944,False
2016-17,E09000032 Wandsworth,NSSEC5,NS SEC 3-5: Middle social groups,62.36773620006365,9.173097355551425,28.459166444384916,84.0,226.1099306478425,False
2016-17,E09000032 Wandsworth,NSSEC5,NS SEC 6-8: Lower social groups,59.12680334003849,16.774528515775327,24.09866814418617,22.0,112.58392629775649,True
2016-17,E09000032 Wandsworth,NSSEC5,NS SEC 9: Students and other,74.03213013669033,8.08705148548514,17.880818377824514,28.0,126.39058012918893,True
2016-17,E09000033 Westminster,NSSEC5,Aged <16 or 75+,32.770720728776695,21.28911982506744,45.94015944615586,41.0,76.08184636087135,False
2016-17,E09000033 Westminster,NSSEC5,NS SEC 1-2: Higher social groups,74.17832344705192,12.891103213603172,12.930573339344903,295.0,386.14158616825193,False
2016-17,E09000033 Westminster,NSSEC5,NS SEC 3-5: Middle social groups,57.691985759523725,18.718113210731595,23.589901029744688,73.0,180.73412732963072,False
2016-17,E09000033 Westminster,NSSEC5,NS SEC 6-8: Lower social groups,68.6017203450788,16.493715778306917,14.90456387661427,35.0,84.14100591567077,False
2016-17,E09000033 Westminster,NSSEC5,NS SEC 9: Students and other,71.8364487697983,13.59258662833162,14.57096460187009,58.0,196.18634102952788,False
2016-17,E09000001 City of London,Educ6,Another type of qualification,100.0,0.0,0.0,4.0,1.2335764745662297,True
2016-17,E09000001 City of London,Educ6,Level 1 and below,0.0,0.0,100.0,1.0,0.13763298914173294,True
2016-17,E09000001 City of London,Educ6,Level 2 and equivalents,47.42201508082153,27.922935499933597,24.65504941924487,14.0,2.578013360183747,True
2016-17,E09000001 City of London,Educ6,Level 3 and equivalents,83.26853852877657,16.73146147122344,0.0,13.0,3.056239424515771,True
2016-17,E09000001 City of London,Educ6,Level 4 or above,68.6027991746979,14.12696869255255,17.270232132749534,213.0,29.074530573034515,False
2016-17,E09000001 City of London,Educ6,No qualifications,23.747997808926662,0.0,76.25200219107333,3.0,0.3833541323128417,True
2016-17,E09000001 City of London,Educ6,nan,0.0,0.0,100.0,1.0,0.12467830623665696,True
2016-17,E09000002 Barking and Dagenham,Educ6,Another type of qualification,55.0205145441508,9.514559260656887,35.464926195192355,44.0,40.08244503012291,False
2016-17,E09000002 Barking and Dagenham,Educ6,Level 1 and below,26.101799446426472,38.92963198148521,34.968568572088316,20.0,21.542330331625525,True
2016-17,E09000002 Barking and Dagenham,Educ6,Level 2 and equivalents,44.07345012256767,18.707550467373174,37.21899941005915,162.0,120.03251812998263,False
2016-17,E09000002 Barking and Dagenham,Educ6,Level 3 and equivalents,65.43398238209754,11.973307709526717,22.592709908375756,132.0,118.94663413904826,False
2016-17,E09000002 Barking and Dagenham,Educ6,Level 4 or above,52.0600736355212,15.463690082661193,32.4762362818176,411.0,251.0101800911594,False
2016-17,E09000002 Barking and Dagenham,Educ6,No qualifications,33.73422823459445,18.259100113433004,48.00667165197253,132.0,78.46921079352013,False
2016-17,E09000002 Barking and Dagenham,Educ6,nan,33.60965610078461,13.701103775410726,52.68924012380466,57.0,34.334909903504425,False
2016-17,E09000003 Barnet,Educ6,Another type of qualification,44.656388328978416,10.85375974829751,44.48985192272407,53.0,84.48840231307943,False
2016-17,E09000003 Barnet,Educ6,Level 1 and below,11.693342479158616,52.0578787840927,36.248778736748676,14.0,28.25861717287789,True
2016-17,E09000003 Barnet,Educ6,Level 2 and equivalents,61.80513941846251,8.955747703817227,29.239112877720252,120.0,169.77249499299552,False
2016-17,E09000003 Barnet,Educ6,Level 3 and equivalents,45.77498209963599,16.5449814254134,37.680036474950604,104.0,180.76526573670606,False
2016-17,E09000003 Barnet,Educ6,Level 4 or above,64.85465705878785,11.147059772823225,23.99828316838893,632.0,744.0022906748776,False
2016-17,E09000003 Barnet,Educ6,No qualifications,37.553950447169655,12.9643811021423,49.48166845068805,45.0,75.96349230403116,False
2016-17,E09000003 Barnet,Educ6,nan,29.820264954937787,2.153402888881043,68.0263321561812,29.0,41.359236594631916,True
2016-17,E09000004 Bexley,Educ6,Another type of qualification,55.54427647441571,16.483346768594014,27.97237675699027,27.0,59.31030308628705,True
2016-17,E09000004 Bexley,Educ6,Level 1 and below,41.439867649527976,39.330830139092285,19.22930221137974,15.0,25.6932321477595,True
2016-17,E09000004 Bexley,Educ6,Level 2 and equivalents,55.642825815485054,12.65624481503461,31.700929369480335,97.0,216.39643458472443,False
2016-17,E09000004 Bexley,Educ6,Level 3 and equivalents,62.193089709566976,19.60086282550112,18.206047464931917,75.0,149.4013523549316,False
2016-17,E09000004 Bexley,Educ6,Level 4 or above,62.29578087472891,19.01936591387747,18.684853211393627,218.0,326.6213139185854,False
2016-17,E09000004 Bexley,Educ6,No qualifications,34.310661514255116,15.341966437962887,50.34737204778198,50.0,72.62308239155345,False
2016-17,E09000004 Bexley,Educ6,nan,40.53448795979684,5.468636104463977,53.99687593573918,16.0,19.787551967781223,True
2016-17,E09000005 Brent,Educ6,Another type of qualification,41.62891300371526,3.211424270090215,55.15966272619453,20.0,76.82006272860312,True
2016-17,E09000005 Brent,Educ6,Level 1 and below,56.704193945509886,19.265049535890913,24.03075651859919,8.0,23.143405752881996,True
2016-17,E09000005 Brent,Educ6,Level 2 and equivalents,58.215055954470195,14.724963551019702,27.059980494510118,53.0,157.91448869876461,False
2016-17,E09000005 Brent,Educ6,Level 3 and equivalents,49.99050202949489,13.817586864043388,36.191911106461724,58.0,178.3541870682293,False
2016-17,E09000005 Brent,Educ6,Level 4 or above,64.2722934988533,10.596222086517129,25.13148441462959,300.0,607.6419169265389,False
2016-17,E09000005 Brent,Educ6,No qualifications,30.265764658823247,5.861771687595961,63.87246365358076,30.0,44.153162476858114,False
2016-17,E09000005 Brent,Educ6,nan,15.072625817814256,10.940891990402516,73.98648219178324,20.0,54.7518809807301,True
2016-17,E09000006 Bromley,Educ6,Another type of qualification,71.97206861892518,6.940378901291409,21.087552479783415,25.0,104.74182267001589,True
2016-17,E09000006 Bromley,Educ6,Level 1 and below,73.77185026621176,0.0,26.228149733788246,7.0,36.93962806576689,True
2016-17,E09000006 Bromley,Educ6,Level 2 and equivalents,61.73093855992503,16.678664457255064,21.59039698281991,81.0,225.4926946180726,False
2016-17,E09000006 Bromley,Educ6,Level 3 and equivalents,70.02094162605471,14.47225116227893,15.506807211666363,66.0,212.15210922955964,False
2016-17,E09000006 Bromley,Educ6,Level 4 or above,76.16459866103415,9.998325091709612,13.837076247256231,271.0,463.3163685134696,False
2016-17,E09000006 Bromley,Educ6,No qualifications,37.799376559608525,9.306312926532517,52.894310513858954,27.0,60.69214021799713,True
2016-17,E09000006 Bromley,Educ6,nan,55.10363460701028,2.6753338909969018,42.2210315019928,15.0,33.986943793602855,True
2016-17,E09000007 Camden,Educ6,Another type of qualification,82.30512606249971,2.0204270932409236,15.674446844259382,15.0,39.39570538493174,True
2016-17,E09000007 Camden,Educ6,Level 1 and below,0.0,15.460481453312646,84.53951854668735,2.0,5.401017182337306,True
2016-17,E09000007 Camden,Educ6,Level 2 and equivalents,60.299454223050255,20.29009769306286,19.410448083886884,39.0,96.42137795838762,False
2016-17,E09000007 Camden,Educ6,Level 3 and equivalents,68.81463739532732,18.09604025018345,13.08932235448922,45.0,109.59208853158562,False
2016-17,E09000007 Camden,Educ6,Level 4 or above,76.34043637752204,10.930276529250484,12.729287093227489,353.0,582.244734384584,False
2016-17,E09000007 Camden,Educ6,No qualifications,50.21701229124299,13.408984992430927,36.37400271632607,26.0,34.73334246454322,True
2016-17,E09000007 Camden,Educ6,nan,62.03619217145733,4.6289668670921476,33.3348409614505,12.0,22.880457446060753,True
2016-17,E09000008 Croydon,Educ6,Another type of qualification,53.48119861543464,15.732391125690235,30.78641025887512,20.0,89.4896637343388,True
2016-17,E09000008 Croydon,Educ6,Level 1 and below,46.158052511751265,1.448941165221254,52.3930063230275,10.0,44.00468307019501,True
2016-17,E09000008 Croydon,Educ6,Level 2 and equivalents,51.191199979468536,15.390838180810418,33.417961839721045,72.0,215.08340493747642,False
2016-17,E09000008 Croydon,Educ6,Level 3 and equivalents,62.84266796830763,20.766735831779897,16.390596199912462,73.0,221.4045420284177,False
2016-17,E09000008 Croydon,Educ6,Level 4 or above,68.85835588954802,14.056698453777278,17.084945656674712,281.0,574.1557756266636,False
2016-17,E09000008 Croydon,Educ6,No qualifications,51.86477997245692,8.885621130662777,39.249598896880315,22.0,74.0088285383723,True
2016-17,E09000008 Croydon,Educ6,nan,32.51668769747975,4.900530875856268,62.58278142666399,23.0,43.44113060771362,True
2016-17,E09000009 Ealing,Educ6,Another type of qualification,47.44679971364749,7.763921702456611,44.78927858389589,27.0,90.97721838924244,True
2016-17,E09000009 Ealing,Educ6,Level 1 and below,31.264761522452776,19.6725685319362,49.06266994561102,4.0,17.232638023453287,True
2016-17,E09000009 Ealing,Educ6,Level 2 and equivalents,51.34162060685289,23.72544669406457,24.93293269908255,41.0,116.2897266214766,False
2016-17,E09000009 Ealing,Educ6,Level 3 and equivalents,72.3821861750863,10.090514048268902,17.527299776644796,48.0,170.7305561079542,False
2016-17,E09000009 Ealing,Educ6,Level 4 or above,56.89319426923753,17.754607494295406,25.352198236467054,322.0,607.9579115979255,False
2016-17,E09000009 Ealing,Educ6,No qualifications,11.799112571892252,2.928567871473033,85.27231955663473,21.0,51.94253998517209,True
2016-17,E09000009 Ealing,Educ6,nan,30.638745830248816,7.602980290753031,61.758273878998146,29.0,67.95941299263146,True
2016-17,E09000010 Enfield,Educ6,Another type of qualification,60.14088860058455,8.511600095699508,31.347511303715926,53.0,81.21858050720846,False
2016-17,E09000010 Enfield,Educ6,Level 1 and below,42.80874855819075,13.105850209876488,44.08540123193278,26.0,39.457838662445276,True
2016-17,E09000010 Enfield,Educ6,Level 2 and equivalents,51.815405380059964,13.85064122395028,34.33395339598976,150.0,207.20251488144123,False
2016-17,E09000010 Enfield,Educ6,Level 3 and equivalents,66.09949911127349,6.501506260732148,27.398994627994384,125.0,169.20779066348845,False
2016-17,E09000010 Enfield,Educ6,Level 4 or above,65.67868569771072,12.502624664489728,21.818689637799555,522.0,496.1404663415379,False
2016-17,E09000010 Enfield,Educ6,No qualifications,26.75956540894113,16.688622022748493,56.55181256831037,82.0,79.15377332170944,False
2016-17,E09000010 Enfield,Educ6,nan,24.426746482142605,11.719276729768223,63.85397678808916,42.0,46.07310010295568,False
2016-17,E09000011 Greenwich,Educ6,Another type of qualification,49.03710824224753,10.739134089386491,40.22375766836599,37.0,45.86735300754134,False
2016-17,E09000011 Greenwich,Educ6,Level 1 and below,40.27914171041944,4.673316907001046,55.04754138257951,19.0,29.512504609957865,True
2016-17,E09000011 Greenwich,Educ6,Level 2 and equivalents,63.65494973333394,14.440867227622848,21.90418303904321,125.0,145.61877369323688,False
2016-17,E09000011 Greenwich,Educ6,Level 3 and equivalents,62.53728580289118,16.767888918268596,20.694825278840216,113.0,146.81844028506742,False
2016-17,E09000011 Greenwich,Educ6,Level 4 or above,68.95017956635047,13.23561361327615,17.814206820373364,604.0,489.9054010052924,False
2016-17,E09000011 Greenwich,Educ6,No qualifications,31.60408742592592,8.319088567536506,60.076824006537585,67.0,66.06643365313634,False
2016-17,E09000011 Greenwich,Educ6,nan,49.941513605431666,3.839001266217655,46.21948512835067,22.0,18.377470719104334,True
2016-17,E09000012 Hackney,Educ6,Another type of qualification,67.5831870810145,7.230071324812084,25.186741594173423,16.0,45.31358361115189,True
2016-17,E09000012 Hackney,Educ6,Level 1 and below,72.66946764700715,9.542174070718309,17.78835828227455,8.0,25.135252206153865,True
2016-17,E09000012 Hackney,Educ6,Level 2 and equivalents,40.09326591922316,18.82529929556792,41.08143478520893,24.0,67.10114216562667,True
2016-17,E09000012 Hackney,Educ6,Level 3 and equivalents,72.16943599291612,6.539253905756566,21.29131010132731,45.0,114.48781380288763,False
2016-17,E09000012 Hackney,Educ6,Level 4 or above,81.26924115593816,8.1221745976392,10.60858424642264,344.0,575.1616611599231,False
2016-17,E09000012 Hackney,Educ6,No qualifications,20.40140117634994,29.278824553639716,50.31977427001034,22.0,63.226213759012346,True
2016-17,E09000012 Hackney,Educ6,nan,55.61239996937781,12.615432575003283,31.772167455618906,16.0,24.567949882333377,True
2016-17,E09000013 Hammersmith and Fulham,Educ6,Another type of qualification,17.00668780763644,40.69607054515292,42.29724164721064,10.0,14.014164729330165,True
2016-17,E09000013 Hammersmith and Fulham,Educ6,Level 1 and below,19.143269775374634,45.55646060000317,35.300269624622196,5.0,9.662741284069607,True
2016-17,E09000013 Hammersmith and Fulham,Educ6,Level 2 and equivalents,73.9362893237774,8.779644647159808,17.28406602906278,36.0,63.670710753055474,False
2016-17,E09000013 Hammersmith and Fulham,Educ6,Level 3 and equivalents,70.0378857758881,11.326592937757168,18.635521286354752,44.0,66.53286790770088,False
2016-17,E09000013 Hammersmith and Fulham,Educ6,Level 4 or above,76.18313181204599,7.797451941837299,16.019416246116723,356.0,431.0740076176663,False
2016-17,E09000013 Hammersmith and Fulham,Educ6,No qualifications,19.7062647990598,33.80632566385671,46.487409537083465,21.0,33.47531627037057,True
2016-17,E09000013 Hammersmith and Fulham,Educ6,nan,65.7585332689675,0.0,34.2414667310325,17.0,25.71118889746007,True
2016-17,E09000014 Haringey,Educ6,Another type of qualification,67.70457084489917,18.891375675638937,13.404053479461902,25.0,41.24488620984771,True
2016-17,E09000014 Haringey,Educ6,Level 1 and below,36.56737073511901,19.30697451610956,44.12565474877144,11.0,13.278584933541199,True
2016-17,E09000014 Haringey,Educ6,Level 2 and equivalents,52.60831132025886,13.301858677310024,34.089830002431114,95.0,125.94065021318434,False
2016-17,E09000014 Haringey,Educ6,Level 3 and equivalents,56.53140049365821,10.059611327090352,33.40898817925144,96.0,142.31427535246928,False
2016-17,E09000014 Haringey,Educ6,Level 4 or above,72.47915821308042,12.672190802823646,14.848650984095931,679.0,550.9915033812752,False
2016-17,E09000014 Haringey,Educ6,No qualifications,55.76611592499253,9.354528081424384,34.879355993583076,48.0,50.70210581235074,False
2016-17,E09000014 Haringey,Educ6,nan,30.236034468829292,13.11135406925468,56.65261146191602,38.0,39.09790802615165,False
2016-17,E09000015 Harrow,Educ6,Another type of qualification,44.95705851581144,17.912502157168742,37.13043932701983,20.0,48.048863136085345,True
2016-17,E09000015 Harrow,Educ6,Level 1 and below,48.01217656638118,38.48137212691658,13.506451306702246,3.0,11.059853366428655,True
2016-17,E09000015 Harrow,Educ6,Level 2 and equivalents,47.71983405500498,22.730295260665162,29.549870684329893,69.0,171.0766041941545,False
2016-17,E09000015 Harrow,Educ6,Level 3 and equivalents,58.46621285806353,17.98383733654648,23.549949805389996,64.0,143.65900611357756,False
2016-17,E09000015 Harrow,Educ6,Level 4 or above,58.789773209689045,13.916873909318802,27.293352880992146,273.0,379.59500372033835,False
2016-17,E09000015 Harrow,Educ6,No qualifications,27.979838339107644,14.457304150422459,57.56285751046987,37.0,81.54023298241651,False
2016-17,E09000015 Harrow,Educ6,nan,58.25399032886614,9.096968974381914,32.64904069675192,20.0,37.31009947724037,True
2016-17,E09000016 Havering,Educ6,Another type of qualification,63.473363554008074,1.0529447469846456,35.47369169900729,39.0,73.11440430040722,False
2016-17,E09000016 Havering,Educ6,Level 1 and below,43.68240521053413,32.215632528995016,24.101962260470867,14.0,30.837401548444653,True
2016-17,E09000016 Havering,Educ6,Level 2 and equivalents,56.78042169499101,13.482025679363199,29.73755262564579,114.0,219.8800611492729,False
2016-17,E09000016 Havering,Educ6,Level 3 and equivalents,69.0383215704739,14.72392278406314,16.23775564546296,62.0,124.31788007308707,False
2016-17,E09000016 Havering,Educ6,Level 4 or above,60.49396767749644,13.313080179418774,26.192952143084792,181.0,278.3967781527082,False
2016-17,E09000016 Havering,Educ6,No qualifications,43.45904066615729,12.071139101581528,44.469820232261185,64.0,103.74377530463165,False
2016-17,E09000016 Havering,Educ6,nan,38.97543146473786,3.9190997854584215,57.10546874980369,20.0,43.87279684753767,True
2016-17,E09000017 Hillingdon,Educ6,Another type of qualification,62.64373318699788,15.964095503275166,21.392171309726972,21.0,60.92272979343671,True
2016-17,E09000017 Hillingdon,Educ6,Level 1 and below,44.65478611860726,0.0,55.34521388139274,7.0,8.282701930200917,True
2016-17,E09000017 Hillingdon,Educ6,Level 2 and equivalents,73.63398226508843,13.74144361755129,12.624574117360243,87.0,183.78413280183196,False
2016-17,E09000017 Hillingdon,Educ6,Level 3 and equivalents,56.825255208694045,9.630171416383801,33.54457337492219,70.0,203.21950613419347,False
2016-17,E09000017 Hillingdon,Educ6,Level 4 or above,60.76117315755846,17.471197223056066,21.767629619385485,254.0,465.3240018197376,False
2016-17,E09000017 Hillingdon,Educ6,No qualifications,35.60644051067281,6.455878463955406,57.93768102537181,34.0,60.000418291719626,False
2016-17,E09000017 Hillingdon,Educ6,nan,39.999365055717156,2.9893482425566704,57.011286701726185,21.0,47.72474422583171,True
2016-17,E09000018 Hounslow,Educ6,Another type of qualification,37.36157588719679,15.604659339844314,47.0337647729589,24.0,44.97058636604379,True
2016-17,E09000018 Hounslow,Educ6,Level 1 and below,59.7488649611387,7.545087846476156,32.70604719238515,15.0,36.32167522813177,True
2016-17,E09000018 Hounslow,Educ6,Level 2 and equivalents,45.84834202539329,19.004811077208046,35.14684689739867,56.0,142.72048970236685,False
2016-17,E09000018 Hounslow,Educ6,Level 3 and equivalents,54.9877412004983,13.121662130310865,31.890596669190842,49.0,113.65090330511897,False
2016-17,E09000018 Hounslow,Educ6,Level 4 or above,61.432532226271775,12.649815369589346,25.91765240413889,274.0,439.94161365379614,False
2016-17,E09000018 Hounslow,Educ6,No qualifications,26.315481013966384,8.478664649156755,65.20585433687687,41.0,76.01015177594887,False
2016-17,E09000018 Hounslow,Educ6,nan,46.109651160439476,11.36993412133883,42.52041471822171,25.0,50.00441577554709,True
2016-17,E09000019 Islington,Educ6,Another type of qualification,43.76735631501556,43.09077083578812,13.14187284919634,9.0,29.61610253690884,True
2016-17,E09000019 Islington,Educ6,Level 1 and below,38.48572790702803,4.9476407967450555,56.56663129622692,8.0,22.080106431366282,True
2016-17,E09000019 Islington,Educ6,Level 2 and equivalents,28.501179865633976,15.283455715605498,56.21536441876054,26.0,55.11235259075511,True
2016-17,E09000019 Islington,Educ6,Level 3 and equivalents,62.67611862059456,22.31702949430618,15.006851885099277,36.0,79.83047019423599,False
2016-17,E09000019 Islington,Educ6,Level 4 or above,76.43565749340154,12.484124649960915,11.080217856637566,370.0,622.047286992464,False
2016-17,E09000019 Islington,Educ6,No qualifications,40.186256088460595,6.522125320349247,53.29161859119017,23.0,29.206986847249162,True
2016-17,E09000019 Islington,Educ6,nan,30.575684372689405,16.504870467306258,52.919445160004344,16.0,21.27615811202974,True
2016-17,E09000020 Kensington and Chelsea,Educ6,Another type of qualification,45.07895726290694,13.758577026886956,41.16246571020611,18.0,29.289362918513227,True
2016-17,E09000020 Kensington and Chelsea,Educ6,Level 1 and below,26.919249411416978,51.00790141315781,22.072849175425215,4.0,5.268863355924543,True
2016-17,E09000020 Kensington and Chelsea,Educ6,Level 2 and equivalents,70.95540457278267,8.747504553595581,20.29709087362176,43.0,61.67128066120362,False
2016-17,E09000020 Kensington and Chelsea,Educ6,Level 3 and equivalents,62.52855157150088,7.4830428415504455,29.98840558694866,44.0,64.91456496166016,False
2016-17,E09000020 Kensington and Chelsea,Educ6,Level 4 or above,73.6860127258567,8.114396199259616,18.199591074883667,360.0,380.00360326740156,False
2016-17,E09000020 Kensington and Chelsea,Educ6,No qualifications,50.92365676121181,9.781962753232422,39.29438048555578,16.0,15.668752643387904,True
2016-17,E09000020 Kensington and Chelsea,Educ6,nan,19.619667754809882,0.0,80.38033224519012,16.0,17.3746003527318,True
2016-17,E09000021 Kingston upon Thames,Educ6,Another type of qualification,32.392812028472726,5.535989805289784,62.071198166237494,13.0,22.12682085305777,True
2016-17,E09000021 Kingston upon Thames,Educ6,Level 1 and below,66.15499206824116,30.009414968310466,3.8355929634483816,5.0,11.582364701178582,True
2016-17,E09000021 Kingston upon Thames,Educ6,Level 2 and equivalents,61.919123786849816,23.11444266589123,14.966433547258944,61.0,97.02136619524475,False
2016-17,E09000021 Kingston upon Thames,Educ6,Level 3 and equivalents,66.45377641686613,16.936790430392822,16.609433152741047,56.0,93.05126402047478,False
2016-17,E09000021 Kingston upon Thames,Educ6,Level 4 or above,68.71639052321879,10.294744987079852,20.98886448970133,315.0,350.91733839782216,False
2016-17,E09000021 Kingston upon Thames,Educ6,No qualifications,71.12831446021038,8.46826836671712,20.403417173072487,21.0,34.75901580160035,True
2016-17,E09000021 Kingston upon Thames,Educ6,nan,50.46983763471135,35.75019894395125,13.779963421337401,8.0,14.588967981145071,True
2016-17,E09000022 Lambeth,Educ6,Another type of qualification,55.655344880891136,12.9912213639552,31.353433755153652,23.0,41.52859432568737,True
2016-17,E09000022 Lambeth,Educ6,Level 1 and below,68.87603290344256,2.2815315380072554,28.842435558550182,15.0,29.569707182697687,True
2016-17,E09000022 Lambeth,Educ6,Level 2 and equivalents,57.578427496277996,16.86097895675786,25.56059354696414,81.0,111.42261910221242,False
2016-17,E09000022 Lambeth,Educ6,Level 3 and equivalents,64.00208345591103,11.197423620028268,24.80049292406071,83.0,123.29102559266705,False
2016-17,E09000022 Lambeth,Educ6,Level 4 or above,75.14950563386111,9.827478137538357,15.023016228600545,728.0,766.2028604425652,False
2016-17,E09000022 Lambeth,Educ6,No qualifications,49.08057321338294,18.28201724336413,32.637409543252936,39.0,41.66919554911435,False
2016-17,E09000022 Lambeth,Educ6,nan,20.28038509788213,12.934231036034438,66.78538386608344,34.0,46.94063641866612,False
2016-17,E09000023 Lewisham,Educ6,Another type of qualification,38.56088327720163,21.670291792643575,39.7688249301548,12.0,31.834123794096406,True
2016-17,E09000023 Lewisham,Educ6,Level 1 and below,40.49775358565037,18.349843530850844,41.15240288349878,6.0,17.489917040804297,True
2016-17,E09000023 Lewisham,Educ6,Level 2 and equivalents,38.15937947806823,23.99058882648704,37.85003169544473,39.0,112.66987335246031,False
2016-17,E09000023 Lewisham,Educ6,Level 3 and equivalents,65.73767144421544,12.683202605701203,21.57912595008335,50.0,181.1371179656652,False
2016-17,E09000023 Lewisham,Educ6,Level 4 or above,69.77230907707542,13.194375680423539,17.033315242501022,331.0,602.5872322353275,False
2016-17,E09000023 Lewisham,Educ6,No qualifications,35.7582084480474,10.005951603169395,54.2358399487832,31.0,67.78285756023061,False
2016-17,E09000023 Lewisham,Educ6,nan,13.228447933548374,5.891404153791628,80.88014791266,16.0,31.10752536289271,True
2016-17,E09000024 Merton,Educ6,Another type of qualification,35.884073666544666,31.97772237786983,32.13820395558548,23.0,40.95741807908744,True
2016-17,E09000024 Merton,Educ6,Level 1 and below,75.78616471929597,0.0,24.21383528070404,5.0,8.412403379052229,True
2016-17,E09000024 Merton,Educ6,Level 2 and equivalents,59.46415219903493,18.900780205259107,21.635067595705973,59.0,132.76532356489128,False
2016-17,E09000024 Merton,Educ6,Level 3 and equivalents,67.79457019006266,12.677089366943829,19.528340442993517,51.0,106.43330992833597,False
2016-17,E09000024 Merton,Educ6,Level 4 or above,72.98556564483516,14.438926357346512,12.575507997818319,314.0,377.6230926284535,False
2016-17,E09000024 Merton,Educ6,No qualifications,45.80220523229523,15.283904742006374,38.91389002569837,28.0,38.56377085998667,True
2016-17,E09000024 Merton,Educ6,nan,60.947821439000414,0.0,39.052178560999586,16.0,27.20782954535855,True
2016-17,E09000025 Newham,Educ6,Another type of qualification,58.12236858424349,19.113022498703565,22.76460891705294,25.0,83.52927551227518,True
2016-17,E09000025 Newham,Educ6,Level 1 and below,53.61852810481971,12.221934385919338,34.15953750926096,17.0,45.070447443278674,True
2016-17,E09000025 Newham,Educ6,Level 2 and equivalents,62.69598655437234,0.0,37.30401344562767,48.0,127.69176587853575,False
2016-17,E09000025 Newham,Educ6,Level 3 and equivalents,64.77556589997404,16.49281823154325,18.7316158684827,52.0,174.00815592326225,False
2016-17,E09000025 Newham,Educ6,Level 4 or above,65.48109891819396,11.919684127404134,22.599216954401914,300.0,580.9332253007287,False
2016-17,E09000025 Newham,Educ6,No qualifications,44.89913959100573,10.87037676223695,44.23048364675732,36.0,70.63324934946753,False
2016-17,E09000025 Newham,Educ6,nan,49.09260620222562,15.782100168994226,35.12529362878017,27.0,57.286308200405415,True
2016-17,E09000026 Redbridge,Educ6,Another type of qualification,50.48830124948913,16.803811178186518,32.70788757232433,49.0,75.94832529499031,False
2016-17,E09000026 Redbridge,Educ6,Level 1 and below,37.57308597520781,12.723891559402048,49.70302246539015,17.0,23.13188945948815,True
2016-17,E09000026 Redbridge,Educ6,Level 2 and equivalents,57.60776367082093,18.269846582139717,24.12238974703935,144.0,175.3533846897443,False
2016-17,E09000026 Redbridge,Educ6,Level 3 and equivalents,57.30154976549744,11.423325596268867,31.275124638233688,128.0,192.1375644182874,False
2016-17,E09000026 Redbridge,Educ6,Level 4 or above,62.81404292217131,15.650669872746114,21.53528720508258,545.0,449.56649927917437,False
2016-17,E09000026 Redbridge,Educ6,No qualifications,28.827393560924065,15.494950775382577,55.67765566369335,79.0,62.59522649147265,False
2016-17,E09000026 Redbridge,Educ6,nan,27.710202953440604,6.529122427038861,65.76067461952054,35.0,30.72038676000476,False
2016-17,E09000027 Richmond upon Thames,Educ6,Another type of qualification,74.68408899650993,0.0,25.315911003490093,10.0,18.44358596643292,True
2016-17,E09000027 Richmond upon Thames,Educ6,Level 1 and below,54.30767842099198,12.273698709925958,33.41862286908207,6.0,10.49994623052493,True
2016-17,E09000027 Richmond upon Thames,Educ6,Level 2 and equivalents,64.10032410488309,13.478804807117886,22.420871087999032,36.0,65.03569289795205,False
2016-17,E09000027 Richmond upon Thames,Educ6,Level 3 and equivalents,70.49482307784447,8.213219837855425,21.291957084300105,41.0,86.6856480293658,False
2016-17,E09000027 Richmond upon Thames,Educ6,Level 4 or above,72.82291814951407,13.295552281177436,13.881529569308492,390.0,475.55767920417753,False
2016-17,E09000027 Richmond upon Thames,Educ6,No qualifications,24.72337745395531,5.488090079189506,69.78853246685517,8.0,14.71824496678662,True
2016-17,E09000027 Richmond upon Thames,Educ6,nan,25.157614876275975,25.08570639324216,49.75667873048186,12.0,15.75937774152508,True
2016-17,E09000028 Southwark,Educ6,Another type of qualification,57.08760339639834,15.960668942909109,26.951727660692526,18.0,42.9189524368131,True
2016-17,E09000028 Southwark,Educ6,Level 1 and below,65.38916545601215,0.0,34.61083454398784,4.0,11.174228353540151,True
2016-17,E09000028 Southwark,Educ6,Level 2 and equivalents,62.415380772678034,0.0,37.58461922732197,23.0,79.08331233263686,True
2016-17,E09000028 Southwark,Educ6,Level 3 and equivalents,70.34604047710651,5.952576471452125,23.701383051441354,43.0,139.41164975266148,False
2016-17,E09000028 Southwark,Educ6,Level 4 or above,73.7912650241105,12.384151390363753,13.824583585525751,370.0,723.8754871028689,False
2016-17,E09000028 Southwark,Educ6,No qualifications,34.20998392185524,6.6233308921064475,59.166685186038315,26.0,58.31626010539665,True
2016-17,E09000028 Southwark,Educ6,nan,57.490362167176436,9.45226308766889,33.05737474515466,16.0,39.40611239743419,True
2016-17,E09000029 Sutton,Educ6,Another type of qualification,58.451653320382704,5.390410525298398,36.15793615431888,31.0,46.70186139802021,False
2016-17,E09000029 Sutton,Educ6,Level 1 and below,40.503128204922014,10.89397765645312,48.602894138624876,21.0,47.08749892014687,True
2016-17,E09000029 Sutton,Educ6,Level 2 and equivalents,56.842087134409866,14.085461919498462,29.072450946091667,77.0,132.63184004719528,False
2016-17,E09000029 Sutton,Educ6,Level 3 and equivalents,67.63705545269609,14.98231517368898,17.38062937361491,74.0,138.01848212453703,False
2016-17,E09000029 Sutton,Educ6,Level 4 or above,62.613324412309254,10.553727153019224,26.83294843467151,232.0,255.56863093476395,False
2016-17,E09000029 Sutton,Educ6,No qualifications,18.42864287776736,21.908468286431614,59.66288883580102,40.0,47.80605936581941,False
2016-17,E09000029 Sutton,Educ6,nan,37.560953607511976,8.080185323147807,54.358861069340215,24.0,30.018612050390182,True
2016-17,E09000030 Tower Hamlets,Educ6,Another type of qualification,36.105963957663455,28.964565323136505,34.92947071920004,13.0,38.20384621454193,True
2016-17,E09000030 Tower Hamlets,Educ6,Level 1 and below,100.0,0.0,0.0,2.0,6.7728153385591225,True
2016-17,E09000030 Tower Hamlets,Educ6,Level 2 and equivalents,38.408741710793485,20.513880361282588,41.077377927923905,25.0,101.58293766699161,True
2016-17,E09000030 Tower Hamlets,Educ6,Level 3 and equivalents,64.46914520453268,21.952919850879507,13.577934944587836,53.0,158.48758883256022,False
2016-17,E09000030 Tower Hamlets,Educ6,Level 4 or above,72.95296593015499,9.493339999474282,17.55369407037074,348.0,694.845836618229,False
2016-17,E09000030 Tower Hamlets,Educ6,No qualifications,23.10270792646901,4.652155354428032,72.24513671910294,27.0,61.85197475999659,True
2016-17,E09000030 Tower Hamlets,Educ6,nan,51.371763394336824,0.0,48.628236605663176,11.0,21.726481209439072,True
2016-17,E09000031 Waltham Forest,Educ6,Another type of qualification,44.800201702426,23.62109430687378,31.578703990700213,25.0,61.45454074964569,True
2016-17,E09000031 Waltham Forest,Educ6,Level 1 and below,61.916246123213504,0.0,38.083753876786496,7.0,18.5620122741704,True
2016-17,E09000031 Waltham Forest,Educ6,Level 2 and equivalents,63.74763323973499,10.130681043811716,26.121685716453296,63.0,155.76619936170655,False
2016-17,E09000031 Waltham Forest,Educ6,Level 3 and equivalents,56.71801906475715,24.187468123051882,19.09451281219095,58.0,132.52900113980306,False
2016-17,E09000031 Waltham Forest,Educ6,Level 4 or above,72.5289434826284,12.908431070435022,14.562625446936567,299.0,455.6051170163224,False
2016-17,E09000031 Waltham Forest,Educ6,No qualifications,48.19973955809334,7.174376157507894,44.62588428439875,36.0,71.85657989195663,False
2016-17,E09000031 Waltham Forest,Educ6,nan,63.29751074863324,4.993746340828575,31.708742910538174,15.0,36.98666143018154,True
2016-17,E09000032 Wandsworth,Educ6,Another type of qualification,45.23753415425689,5.629552517392502,49.13291332835061,11.0,33.31944175032632,True
2016-17,E09000032 Wandsworth,Educ6,Level 1 and below,89.4210817091404,0.0,10.578918290859608,5.0,17.59992636536657,True
2016-17,E09000032 Wandsworth,Educ6,Level 2 and equivalents,64.03311876763283,1.360324906245388,34.60655632612177,30.0,91.04701777379638,False
2016-17,E09000032 Wandsworth,Educ6,Level 3 and equivalents,45.61999481389935,20.031023614664704,34.348981571435914,39.0,135.42106198450927,False
2016-17,E09000032 Wandsworth,Educ6,Level 4 or above,79.33402090992337,7.5655618375770795,13.100417252499549,382.0,805.5856602609676,False
2016-17,E09000032 Wandsworth,Educ6,No qualifications,18.636108128511566,0.0,81.36389187148843,11.0,22.33247885421881,True
2016-17,E09000032 Wandsworth,Educ6,nan,30.821612176997586,34.62957236027141,34.54881546273101,10.0,26.42420489885086,True
2016-17,E09000033 Westminster,Educ6,Another type of qualification,42.5603911201139,30.43515590095457,27.004452978931536,22.0,53.442676837992934,True
2016-17,E09000033 Westminster,Educ6,Level 1 and below,36.00955282557078,30.060049395975735,33.93039777845348,9.0,21.852637587976712,True
2016-17,E09000033 Westminster,Educ6,Level 2 and equivalents,58.22284934226241,11.357100577805708,30.420050079931894,38.0,93.72551748775611,False
2016-17,E09000033 Westminster,Educ6,Level 3 and equivalents,70.47981909077372,12.929058289246528,16.59112261997974,44.0,113.3754369920756,False
2016-17,E09000033 Westminster,Educ6,Level 4 or above,73.49348536577286,13.376086736608986,13.130427897618155,348.0,579.4684572553005,False
2016-17,E09000033 Westminster,Educ6,No qualifications,35.632113815417796,30.315992197088665,34.05189398749353,24.0,38.6669013202651,True
2016-17,E09000033 Westminster,Educ6,nan,41.97280639997949,13.09811029162676,44.92908330839376,17.0,22.75327932258586,True
2016-17,E09000001 City of London,Orient4,Gay or Lesbian,100.0,0.0,0.0,3.0,0.4765571140682133,True
2016-17,E09000001 City of London,Orient4,Heterosexual or Straight,80.57639639752036,8.144613614138835,11.27898998834081,58.0,7.48288758286748,False
2016-17,E09000001 City of London,Orient4,nan,64.73248192330705,16.518835329132607,18.74868274756036,188.0,28.6285805630558,False
2016-17,E09000002 Barking and Dagenham,Orient4,Bisexual,0.0,0.0,100.0,1.0,0.2911096457722339,True
2016-17,E09000002 Barking and Dagenham,Orient4,Gay or Lesbian,27.12725978630025,48.19922655332591,24.673513660373843,5.0,2.7729533000757627,True
2016-17,E09000002 Barking and Dagenham,Orient4,Heterosexual or Straight,45.89960381329642,14.992706813951504,39.10768937275208,235.0,174.03034847684611,False
2016-17,E09000002 Barking and Dagenham,Orient4,Other sexual orientation,0.0,0.0,100.0,1.0,2.334954957273373,True
2016-17,E09000002 Barking and Dagenham,Orient4,nan,50.818886775451844,16.354205693294066,32.82690753125408,716.0,484.9888620389958,False
2016-17,E09000003 Barnet,Orient4,Bisexual,100.0,0.0,0.0,7.0,9.926833614749507,True
2016-17,E09000003 Barnet,Orient4,Gay or Lesbian,90.73732965233879,0.0,9.262670347661208,5.0,6.91454128026346,True
2016-17,E09000003 Barnet,Orient4,Heterosexual or Straight,64.43571132318542,13.08355822938116,22.48073044743343,277.0,397.3607995693239,False
2016-17,E09000003 Barnet,Orient4,Other sexual orientation,0.0,100.0,0.0,1.0,1.9863662365584052,True
2016-17,E09000003 Barnet,Orient4,nan,52.82185277384674,11.964811436405482,35.21333578974779,707.0,908.4212590883042,False
2016-17,E09000004 Bexley,Orient4,Bisexual,100.0,0.0,0.0,3.0,3.5453244680017457,True
2016-17,E09000004 Bexley,Orient4,Gay or Lesbian,100.0,0.0,0.0,3.0,7.019187475238001,True
2016-17,E09000004 Bexley,Orient4,Heterosexual or Straight,65.40497915275608,12.9195594987262,21.67546134851773,138.0,253.86843302433277,False
2016-17,E09000004 Bexley,Orient4,nan,52.31572370781337,19.507726350213606,28.176549941973043,354.0,605.4003254840501,False
2016-17,E09000005 Brent,Orient4,Bisexual,45.9732360462038,0.0,54.0267639537962,3.0,6.795756479056468,True
2016-17,E09000005 Brent,Orient4,Gay or Lesbian,59.68485556383292,20.070353119591804,20.244791316575288,3.0,7.994625017362003,True
2016-17,E09000005 Brent,Orient4,Heterosexual or Straight,59.47319643444694,7.719126744196972,32.80767682135607,111.0,298.47184379903814,False
2016-17,E09000005 Brent,Orient4,Other sexual orientation,100.0,0.0,0.0,2.0,9.647600325646899,True
2016-17,E09000005 Brent,Orient4,nan,54.069580406015305,12.580581361506646,33.34983823247804,370.0,819.8692790115028,False
2016-17,E09000006 Bromley,Orient4,Bisexual,94.01526182017197,0.0,5.984738179828034,4.0,18.351354205806174,True
2016-17,E09000006 Bromley,Orient4,Gay or Lesbian,100.0,0.0,0.0,4.0,7.453249661804606,True
2016-17,E09000006 Bromley,Orient4,Heterosexual or Straight,70.43664505819218,12.530915789790352,17.032439152017457,131.0,294.2960540660872,False
2016-17,E09000006 Bromley,Orient4,Other sexual orientation,100.0,0.0,0.0,2.0,9.840565794237909,True
2016-17,E09000006 Bromley,Orient4,nan,67.26676758665646,11.343497642944566,21.389734770398967,351.0,807.3804833805488,False
2016-17,E09000007 Camden,Orient4,Bisexual,77.38625853858598,0.0,22.61374146141401,4.0,4.0484216361071725,True
2016-17,E09000007 Camden,Orient4,Gay or Lesbian,89.76602980496111,10.233970195038918,0.0,5.0,12.749945615206991,True
2016-17,E09000007 Camden,Orient4,Heterosexual or Straight,74.96670000937246,11.174514992664227,13.85878499796331,124.0,226.31642609857352,False
2016-17,E09000007 Camden,Orient4,Other sexual orientation,35.70558783194075,64.29441216805924,0.0,2.0,1.4112902272298662,True
2016-17,E09000007 Camden,Orient4,nan,70.78346088526213,12.827247044572504,16.38929207016538,357.0,646.1426397753128,False
2016-17,E09000008 Croydon,Orient4,Bisexual,100.0,0.0,0.0,1.0,2.598596858101867,True
2016-17,E09000008 Croydon,Orient4,Gay or Lesbian,100.0,0.0,0.0,3.0,7.89627997314966,True
2016-17,E09000008 Croydon,Orient4,Heterosexual or Straight,64.50546689884712,12.98598094845931,22.50855215269357,140.0,355.2536877649038,False
2016-17,E09000008 Croydon,Orient4,nan,58.67385856823305,15.301543024023873,26.02459840774309,357.0,895.8394639470222,False
2016-17,E09000009 Ealing,Orient4,Gay or Lesbian,21.220761036390765,0.0,78.77923896360923,4.0,6.919566584592175,True
2016-17,E09000009 Ealing,Orient4,Heterosexual or Straight,56.11535436180923,18.08935877734415,25.795286860846605,108.0,283.88350097339554,False
2016-17,E09000009 Ealing,Orient4,Other sexual orientation,100.0,0.0,0.0,1.0,2.5828731976255566,True
2016-17,E09000009 Ealing,Orient4,nan,53.190159789584136,14.287901544165848,32.521938666250016,379.0,829.7040629622423,False
2016-17,E09000010 Enfield,Orient4,Bisexual,100.0,0.0,0.0,1.0,0.8987178692162539,True
2016-17,E09000010 Enfield,Orient4,Gay or Lesbian,91.30549563951048,8.69450436048951,0.0,5.0,3.2682633084856687,True
2016-17,E09000010 Enfield,Orient4,Heterosexual or Straight,61.91417738381849,11.662103315517822,26.423719300663663,246.0,280.25233998234086,False
2016-17,E09000010 Enfield,Orient4,Other sexual orientation,0.0,0.0,100.0,1.0,2.6182690982290953,True
2016-17,E09000010 Enfield,Orient4,nan,56.02973628365393,11.96228759830852,32.007976118037554,747.0,831.4164742225146,False
2016-17,E09000011 Greenwich,Orient4,Bisexual,61.458626873371344,0.0,38.54137312662865,5.0,4.038294970287151,True
2016-17,E09000011 Greenwich,Orient4,Gay or Lesbian,47.18103474786607,13.81349928656708,39.00546596556684,13.0,8.744969178937,True
2016-17,E09000011 Greenwich,Orient4,Heterosexual or Straight,71.72957850845675,9.835968703981575,18.434452787561657,260.0,275.02510241309494,False
2016-17,E09000011 Greenwich,Orient4,Other sexual orientation,0.0,82.70234835689908,17.29765164310092,2.0,5.385054363898921,True
2016-17,E09000011 Greenwich,Orient4,nan,58.9940409979564,13.91161558422273,27.09434341782087,707.0,648.9729560471186,False
2016-17,E09000012 Hackney,Orient4,Bisexual,57.85483243884563,25.60091784552956,16.54424971562482,7.0,16.546279434356816,True
2016-17,E09000012 Hackney,Orient4,Gay or Lesbian,91.48855168262335,6.197233113128147,2.3142152042484985,20.0,25.226931747083952,True
2016-17,E09000012 Hackney,Orient4,Heterosexual or Straight,75.26129949816338,3.3134689666198174,21.425231535216803,116.0,234.19773166219838,False
2016-17,E09000012 Hackney,Orient4,nan,69.4023591936449,12.606866122359614,17.990774683995486,332.0,639.0226737434498,False
2016-17,E09000013 Hammersmith and Fulham,Orient4,Bisexual,55.81873543874186,44.18126456125813,0.0,2.0,2.1321325637476534,True
2016-17,E09000013 Hammersmith and Fulham,Orient4,Gay or Lesbian,52.92928462363352,0.0,47.07071537636649,7.0,6.770331513296888,True
2016-17,E09000013 Hammersmith and Fulham,Orient4,Heterosexual or Straight,78.56292662520539,6.294303864484683,15.14276951030992,140.0,181.416876263989,False
2016-17,E09000013 Hammersmith and Fulham,Orient4,nan,66.65983648468054,12.295538591474525,21.04462492384491,340.0,453.82165711861967,False
2016-17,E09000014 Haringey,Orient4,Bisexual,100.0,0.0,0.0,7.0,7.3175373920627464,True
2016-17,E09000014 Haringey,Orient4,Gay or Lesbian,58.73815344649803,0.0,41.261846553501954,12.0,6.83514264936302,True
2016-17,E09000014 Haringey,Orient4,Heterosexual or Straight,64.87712523034331,15.152436685921913,19.970438083734788,252.0,250.0365456853332,False
2016-17,E09000014 Haringey,Orient4,nan,63.68336602541036,11.90044339319631,24.41619058139333,721.0,699.380688202061,False
2016-17,E09000015 Harrow,Orient4,Bisexual,67.56830398689382,0.0,32.431696013106176,3.0,4.232900100130709,True
2016-17,E09000015 Harrow,Orient4,Gay or Lesbian,100.0,0.0,0.0,1.0,0.6094464405705889,True
2016-17,E09000015 Harrow,Orient4,Heterosexual or Straight,55.916150096476926,12.11714295809099,31.966706945432104,131.0,278.90236261193684,False
2016-17,E09000015 Harrow,Orient4,nan,51.114594013349766,18.99595318675968,29.889452799890552,351.0,588.5449538376031,False
2016-17,E09000016 Havering,Orient4,Bisexual,100.0,0.0,0.0,1.0,1.2904602684243922,True
2016-17,E09000016 Havering,Orient4,Gay or Lesbian,40.345938694936365,59.654061305063635,0.0,3.0,3.331488177134641,True
2016-17,E09000016 Havering,Orient4,Heterosexual or Straight,58.254629917580935,10.823171144508715,30.922198937910363,139.0,275.1816866431727,False
2016-17,E09000016 Havering,Orient4,Other sexual orientation,100.0,0.0,0.0,1.0,2.174812754173016,True
2016-17,E09000016 Havering,Orient4,nan,56.74546720804907,13.20331095790936,30.051221834041563,350.0,592.1846495331846,False
2016-17,E09000017 Hillingdon,Orient4,Bisexual,100.0,0.0,0.0,1.0,1.3018215501364543,True
2016-17,E09000017 Hillingdon,Orient4,Heterosexual or Straight,57.69232549320941,15.341000562956406,26.96667394383418,134.0,267.2166737631844,False
2016-17,E09000017 Hillingdon,Orient4,Other sexual orientation,0.0,0.0,100.0,1.0,4.1698248772022115,True
2016-17,E09000017 Hillingdon,Orient4,nan,60.852944390367156,13.238025479198434,25.909030130434413,358.0,756.569914806429,False
2016-17,E09000018 Hounslow,Orient4,Bisexual,100.0,0.0,0.0,2.0,4.12409589549797,True
2016-17,E09000018 Hounslow,Orient4,Gay or Lesbian,100.0,0.0,0.0,5.0,5.709768219858517,True
2016-17,E09000018 Hounslow,Orient4,Heterosexual or Straight,60.52964562750854,9.349094382398345,30.12125999009311,112.0,227.82924875229082,False
2016-17,E09000018 Hounslow,Orient4,Other sexual orientation,100.0,0.0,0.0,2.0,12.674714572540424,True
2016-17,E09000018 Hounslow,Orient4,nan,48.88337715039997,15.043518754655615,36.073104094944405,363.0,653.2820083667657,False
2016-17,E09000019 Islington,Orient4,Bisexual,100.0,0.0,0.0,1.0,0.5321902455758855,True
2016-17,E09000019 Islington,Orient4,Gay or Lesbian,65.1569870522472,23.773838742642518,11.069174205110272,12.0,14.491717543167221,True
2016-17,E09000019 Islington,Orient4,Heterosexual or Straight,71.39208128315413,10.424124271543187,18.18379444530269,115.0,190.69008459590046,False
2016-17,E09000019 Islington,Orient4,Other sexual orientation,0.0,0.0,100.0,1.0,4.336992074706905,True
2016-17,E09000019 Islington,Orient4,nan,66.98291327303072,15.381441810865661,17.635644916103626,359.0,649.1184792456587,False
2016-17,E09000020 Kensington and Chelsea,Orient4,Bisexual,100.0,0.0,0.0,1.0,0.7075865116275099,True
2016-17,E09000020 Kensington and Chelsea,Orient4,Gay or Lesbian,61.96382670485273,0.0,38.03617329514728,6.0,5.6807930572562055,True
2016-17,E09000020 Kensington and Chelsea,Orient4,Heterosexual or Straight,78.08133088562803,5.444624154614723,16.474044959757258,131.0,158.40166866147246,False
2016-17,E09000020 Kensington and Chelsea,Orient4,Other sexual orientation,100.0,0.0,0.0,1.0,0.7043393948201235,True
2016-17,E09000020 Kensington and Chelsea,Orient4,nan,64.04610321181994,9.961655886389499,25.99224090179056,362.0,408.69664053564645,False
2016-17,E09000021 Kingston upon Thames,Orient4,Gay or Lesbian,100.0,0.0,0.0,3.0,2.0980518556495857,True
2016-17,E09000021 Kingston upon Thames,Orient4,Heterosexual or Straight,70.22988744770488,7.351706881304089,22.418405670991007,125.0,150.97220855420952,False
2016-17,E09000021 Kingston upon Thames,Orient4,nan,64.08791605089678,16.152102232335245,19.759981716767975,351.0,470.9768775406643,False
2016-17,E09000022 Lambeth,Orient4,Bisexual,86.08265251492148,7.608885340612281,6.308462144466241,9.0,9.58606868991323,True
2016-17,E09000022 Lambeth,Orient4,Gay or Lesbian,86.95924167979669,0.0,13.040758320203306,20.0,19.128487794110992,True
2016-17,E09000022 Lambeth,Orient4,Heterosexual or Straight,71.96052818492316,9.400780778455246,18.63869103662161,256.0,290.900833818101,False
2016-17,E09000022 Lambeth,Orient4,Other sexual orientation,0.0,0.0,100.0,1.0,2.1977742571399053,True
2016-17,E09000022 Lambeth,Orient4,nan,66.53374863739481,11.870788074291944,21.59546328831326,717.0,838.8114740543451,False
2016-17,E09000023 Lewisham,Orient4,Bisexual,100.0,0.0,0.0,2.0,1.5087094704754416,True
2016-17,E09000023 Lewisham,Orient4,Gay or Lesbian,95.51080374763656,4.489196252363437,0.0,7.0,11.298982357731726,True
2016-17,E09000023 Lewisham,Orient4,Heterosexual or Straight,66.97499161554296,18.552586088563814,14.472422295893233,133.0,294.67013452429234,False
2016-17,E09000023 Lewisham,Orient4,Other sexual orientation,100.0,0.0,0.0,1.0,1.0826778708408733,True
2016-17,E09000023 Lewisham,Orient4,nan,56.9910494437216,12.642994051868946,30.365956504409464,342.0,736.0481430881366,False
2016-17,E09000024 Merton,Orient4,Bisexual,100.0,0.0,0.0,1.0,0.4688109545407858,True
2016-17,E09000024 Merton,Orient4,Gay or Lesbian,41.41748357298719,0.0,58.58251642701281,4.0,4.5088914944627945,True
2016-17,E09000024 Merton,Orient4,Heterosexual or Straight,67.73281816815746,22.153400830077103,10.113781001765432,140.0,223.91652573784387,False
2016-17,E09000024 Merton,Orient4,Other sexual orientation,0.0,100.0,0.0,1.0,0.4274158654764691,True
2016-17,E09000024 Merton,Orient4,nan,65.26145133187474,12.348722835577634,22.389825832547608,350.0,502.6415039328417,False
2016-17,E09000025 Newham,Orient4,Gay or Lesbian,89.8640561038101,10.135943896189897,0.0,8.0,15.070203816903646,True
2016-17,E09000025 Newham,Orient4,Heterosexual or Straight,64.13028288057062,12.28956825669044,23.58014886273892,117.0,303.72129467128684,False
2016-17,E09000025 Newham,Orient4,Other sexual orientation,100.0,0.0,0.0,1.0,0.7156986760972904,True
2016-17,E09000025 Newham,Orient4,nan,60.59822809196963,11.868945255593818,27.532826652436555,379.0,819.6452304436659,False
2016-17,E09000026 Redbridge,Orient4,Bisexual,87.12660354545345,0.0,12.87339645454657,3.0,3.000130475471778,True
2016-17,E09000026 Redbridge,Orient4,Gay or Lesbian,100.0,0.0,0.0,5.0,2.632673920105099,True
2016-17,E09000026 Redbridge,Orient4,Heterosexual or Straight,60.752520357190576,11.63472425195328,27.612755390856154,255.0,245.1542636598185,False
2016-17,E09000026 Redbridge,Orient4,Other sexual orientation,8.005835398013092,91.99416460198691,0.0,2.0,3.404789842692561,True
2016-17,E09000026 Redbridge,Orient4,nan,54.635775842840076,15.901857292655505,29.462366864504443,732.0,755.2614184950739,False
2016-17,E09000027 Richmond upon Thames,Orient4,Bisexual,46.502922740050664,0.0,53.49707725994934,2.0,2.667859376067132,True
2016-17,E09000027 Richmond upon Thames,Orient4,Gay or Lesbian,100.0,0.0,0.0,5.0,6.196931932239121,True
2016-17,E09000027 Richmond upon Thames,Orient4,Heterosexual or Straight,72.7408630338838,12.504918658140642,14.754218307975563,131.0,201.95755030366692,False
2016-17,E09000027 Richmond upon Thames,Orient4,nan,67.63268710073554,12.589143420039619,19.778169479224843,365.0,475.8778334247918,False
2016-17,E09000028 Southwark,Orient4,Bisexual,77.41248715410931,0.0,22.58751284589067,3.0,5.9262703916660024,True
2016-17,E09000028 Southwark,Orient4,Gay or Lesbian,88.78569449308891,11.21430550691108,0.0,9.0,17.210411708867635,True
2016-17,E09000028 Southwark,Orient4,Heterosexual or Straight,69.61673004434256,6.391611117724757,23.991658837932672,127.0,335.4749089074347,False
2016-17,E09000028 Southwark,Orient4,Other sexual orientation,100.0,0.0,0.0,2.0,5.564964208908807,True
2016-17,E09000028 Southwark,Orient4,nan,68.08415428850843,12.192930115098271,19.722915596393285,359.0,730.0094472644741,False
2016-17,E09000029 Sutton,Orient4,Gay or Lesbian,41.47752609322804,0.0,58.52247390677196,2.0,2.700221726524584,True
2016-17,E09000029 Sutton,Orient4,Heterosexual or Straight,58.77881246016903,11.25275815011859,29.968429389712405,118.0,174.34679020334906,False
2016-17,E09000029 Sutton,Orient4,nan,55.99586424922667,12.915022037605878,31.089113713167432,379.0,520.7859729109994,False
2016-17,E09000030 Tower Hamlets,Orient4,Bisexual,100.0,0.0,0.0,4.0,15.823477363671778,True
2016-17,E09000030 Tower Hamlets,Orient4,Gay or Lesbian,87.95952341516983,0.0,12.040476584830163,13.0,18.62497249356568,True
2016-17,E09000030 Tower Hamlets,Orient4,Heterosexual or Straight,53.78410697225734,16.238853273759553,29.977039753983135,125.0,319.80269416674713,False
2016-17,E09000030 Tower Hamlets,Orient4,Other sexual orientation,100.0,0.0,0.0,3.0,3.3184586331570864,True
2016-17,E09000030 Tower Hamlets,Orient4,nan,67.03289064962001,11.51754439625438,21.449564954125602,334.0,725.9018779831758,False
2016-17,E09000031 Waltham Forest,Orient4,Bisexual,89.06331817494598,0.0,10.936681825054023,5.0,6.674829898277425,True
2016-17,E09000031 Waltham Forest,Orient4,Gay or Lesbian,100.0,0.0,0.0,5.0,12.78676448023546,True
2016-17,E09000031 Waltham Forest,Orient4,Heterosexual or Straight,58.16207819090232,15.368738976354985,26.46918283274269,129.0,229.14288402341447,False
2016-17,E09000031 Waltham Forest,Orient4,nan,65.77096969739121,13.585973623282754,20.643056679326037,364.0,684.1556334618589,False
2016-17,E09000032 Wandsworth,Orient4,Bisexual,100.0,0.0,0.0,1.0,3.4598269528513677,True
2016-17,E09000032 Wandsworth,Orient4,Gay or Lesbian,89.4499391311385,0.0,10.550060868861484,6.0,9.416637524200809,True
2016-17,E09000032 Wandsworth,Orient4,Heterosexual or Straight,67.39909953451769,8.310530429262052,24.290370036220267,121.0,311.3794486145057,False
2016-17,E09000032 Wandsworth,Orient4,nan,71.8970729746963,9.221460186121497,18.8814668391822,360.0,807.473878796478,False
2016-17,E09000033 Westminster,Orient4,Bisexual,83.69278587331586,16.307214126684137,0.0,3.0,2.577027283808597,True
2016-17,E09000033 Westminster,Orient4,Gay or Lesbian,85.5566584408013,14.443341559198686,0.0,6.0,5.868774156498134,True
2016-17,E09000033 Westminster,Orient4,Heterosexual or Straight,67.03995875950713,21.232380037765804,11.727661202727068,123.0,234.92059886607166,False
2016-17,E09000033 Westminster,Orient4,nan,66.12879620273206,13.119622058507257,20.751581738760688,370.0,679.9185064975743,False
2016-17,E09000001 City of London,Relig7,Christian,78.95665595973628,9.882454853240977,11.160889187022757,27.0,3.5696115014841063,True
2016-17,E09000001 City of London,Relig7,Hindu,100.0,0.0,0.0,4.0,0.4641112663470591,True
2016-17,E09000001 City of London,Relig7,Jewish,100.0,0.0,0.0,2.0,0.21917729026785782,True
2016-17,E09000001 City of London,Relig7,No religion,84.9342150018795,4.777883673127898,10.287901324992617,25.0,3.5764414798719093,True
2016-17,E09000001 City of London,Relig7,nan,64.32363965831891,16.742480111429288,18.9338802302518,191.0,28.75868372202056,False
2016-17,E09000002 Barking and Dagenham,Relig7,Any other religion,75.4876766687137,0.0,24.512323331286304,3.0,1.6403234118180294,True
2016-17,E09000002 Barking and Dagenham,Relig7,Christian,40.428192780297955,15.62046223350464,43.95134498619742,117.0,78.45882020316576,False
2016-17,E09000002 Barking and Dagenham,Relig7,Hindu,34.382993642841136,30.99666921874298,34.62033713841589,21.0,15.097848678200183,True
2016-17,E09000002 Barking and Dagenham,Relig7,Muslim,46.62920873143821,13.746301552942015,39.624489715619795,52.0,53.11057517557305,False
2016-17,E09000002 Barking and Dagenham,Relig7,No religion,45.775889180257515,14.873136828407429,39.35097399133506,42.0,29.275950629532176,False
2016-17,E09000002 Barking and Dagenham,Relig7,Sikh,60.96014275444218,0.0,39.039857245557826,4.0,2.2305672018331,True
2016-17,E09000002 Barking and Dagenham,Relig7,nan,51.46932167880204,16.127395224995063,32.40328309620291,719.0,484.60414311884097,False
2016-17,E09000003 Barnet,Relig7,Any other religion,100.0,0.0,0.0,3.0,4.84437096790088,True
2016-17,E09000003 Barnet,Relig7,Buddhist,100.0,0.0,0.0,4.0,6.705327236725363,True
2016-17,E09000003 Barnet,Relig7,Christian,65.85289629309914,15.958480426228844,18.18862328067201,124.0,168.882377899986,False
2016-17,E09000003 Barnet,Relig7,Hindu,68.000029629252,23.695931349697446,8.304039021050533,18.0,36.06726757227297,True
2016-17,E09000003 Barnet,Relig7,Jewish,59.803511956173,15.11849418612189,25.077993857705145,63.0,80.6986913467703,False
2016-17,E09000003 Barnet,Relig7,Muslim,25.477976508529558,0.0,74.52202349147045,13.0,35.32098136439017,True
2016-17,E09000003 Barnet,Relig7,No religion,76.36072719284797,5.904644772368911,17.73462803478311,61.0,68.06489161805831,False
2016-17,E09000003 Barnet,Relig7,Sikh,20.798651633275135,79.20134836672486,0.0,3.0,2.2246127054010794,True
2016-17,E09000003 Barnet,Relig7,nan,53.71021566182343,11.84499463585847,34.4447897023181,708.0,921.8012790776945,False
2016-17,E09000004 Bexley,Relig7,Buddhist,100.0,0.0,0.0,1.0,3.2715030188997116,True
2016-17,E09000004 Bexley,Relig7,Christian,66.24716372963422,11.129253765431505,22.62358250493428,87.0,159.89533977190163,False
2016-17,E09000004 Bexley,Relig7,Hindu,62.932559826717075,0.0,37.06744017328292,5.0,12.749817466832075,True
2016-17,E09000004 Bexley,Relig7,Muslim,94.11706676558657,5.882933234413432,0.0,3.0,6.2177322398205055,True
2016-17,E09000004 Bexley,Relig7,No religion,61.4610848236296,17.80677213578703,20.732143040583395,42.0,74.66893169736872,False
2016-17,E09000004 Bexley,Relig7,Sikh,44.95442030386293,55.04557969613706,0.0,3.0,4.142272310811041,True
2016-17,E09000004 Bexley,Relig7,nan,52.96524282390275,19.241860132293255,27.792897043803993,357.0,608.8876739459889,False
2016-17,E09000005 Brent,Relig7,Buddhist,30.407734486651773,69.59226551334822,0.0,2.0,3.7621609327131305,True
2016-17,E09000005 Brent,Relig7,Christian,55.01790311072835,10.407731495497153,34.57436539377451,41.0,100.96473632553203,False
2016-17,E09000005 Brent,Relig7,Hindu,47.756474673999946,1.0316422097646054,51.211883116235434,25.0,84.43292837700672,True
2016-17,E09000005 Brent,Relig7,Jewish,28.91151523388794,31.1876757543445,39.900809011767564,3.0,2.4425188926764245,True
2016-17,E09000005 Brent,Relig7,Muslim,58.61176218662282,3.2541097626069835,38.13412805077017,22.0,73.12914351254683,True
2016-17,E09000005 Brent,Relig7,No religion,81.87521021876695,5.306551236461924,12.818238544771132,28.0,57.24741206884707,True
2016-17,E09000005 Brent,Relig7,Sikh,0.0,91.30425618133773,8.69574381866226,2.0,7.766379547400846,True
2016-17,E09000005 Brent,Relig7,nan,55.458859691323916,12.363639099526914,32.177501209149185,366.0,813.0338249758831,False
2016-17,E09000006 Bromley,Relig7,Any other religion,100.0,0.0,0.0,1.0,11.304439130386307,True
2016-17,E09000006 Bromley,Relig7,Buddhist,100.0,0.0,0.0,1.0,1.769469908815177,True
2016-17,E09000006 Bromley,Relig7,Christian,64.1055140848298,9.196783853407469,26.69770206176271,70.0,140.4318301666151,False
2016-17,E09000006 Bromley,Relig7,Hindu,100.0,0.0,0.0,2.0,5.157760079812173,True
2016-17,E09000006 Bromley,Relig7,Muslim,100.0,0.0,0.0,5.0,22.483354622314046,True
2016-17,E09000006 Bromley,Relig7,No religion,75.26713868445162,14.966142060281612,9.766719255266725,60.0,143.99341529790763,False
2016-17,E09000006 Bromley,Relig7,Sikh,100.0,0.0,0.0,1.0,3.3263845689611213,True
2016-17,E09000006 Bromley,Relig7,nan,67.06915270871305,11.621081607812352,21.309765683474588,352.0,808.8550533336731,False
2016-17,E09000007 Camden,Relig7,Any other religion,81.58911604859595,0.0,18.410883951404045,2.0,7.44383092224504,True
2016-17,E09000007 Camden,Relig7,Buddhist,100.0,0.0,0.0,2.0,4.040322590209955,True
2016-17,E09000007 Camden,Relig7,Christian,66.76141587566174,18.09649420464618,15.142089919692092,45.0,78.32374654512206,False
2016-17,E09000007 Camden,Relig7,Hindu,100.0,0.0,0.0,1.0,2.923654158225759,True
2016-17,E09000007 Camden,Relig7,Jewish,100.0,0.0,0.0,5.0,5.254812058999967,True
2016-17,E09000007 Camden,Relig7,Muslim,59.96295023649487,0.0,40.037049763505124,11.0,33.19636576923996,True
2016-17,E09000007 Camden,Relig7,No religion,84.71949746310506,8.733537953582768,6.546964583312182,65.0,108.89792981721406,False
2016-17,E09000007 Camden,Relig7,nan,70.60697415114852,13.326372379920986,16.0666534689305,361.0,650.5880614911734,False
2016-17,E09000008 Croydon,Relig7,Christian,62.858244258479736,17.993285499730558,19.148470241789703,88.0,225.4092951871478,False
2016-17,E09000008 Croydon,Relig7,Hindu,65.46315559135029,34.53684440864971,0.0,4.0,6.071488379095202,True
2016-17,E09000008 Croydon,Relig7,Muslim,53.80413764966888,22.44804568313915,23.74781666719196,6.0,27.06588902375927,True
2016-17,E09000008 Croydon,Relig7,No religion,65.04442627519552,6.872120441988574,28.083453282815874,39.0,87.47192747638843,False
2016-17,E09000008 Croydon,Relig7,Sikh,100.0,0.0,0.0,1.0,1.9110352950882246,True
2016-17,E09000008 Croydon,Relig7,nan,59.78650016852127,14.06084159136059,26.152658240118143,363.0,913.6583931816986,False
2016-17,E09000009 Ealing,Relig7,Buddhist,80.37850196170957,0.0,19.621498038290426,2.0,14.527843915139268,True
2016-17,E09000009 Ealing,Relig7,Christian,56.26547550238791,21.09181547681378,22.642709020798314,55.0,92.88629800024148,False
2016-17,E09000009 Ealing,Relig7,Hindu,50.089968696097564,0.0,49.91003130390242,17.0,77.1587027311853,True
2016-17,E09000009 Ealing,Relig7,Jewish,0.0,0.0,100.0,1.0,0.6432933655355327,True
2016-17,E09000009 Ealing,Relig7,Muslim,34.825383006996745,15.940532893633913,49.23408409936934,7.0,16.548790724337717,True
2016-17,E09000009 Ealing,Relig7,No religion,82.03263571461444,10.098477646410933,7.8688866389746215,24.0,47.30818228939376,True
2016-17,E09000009 Ealing,Relig7,Sikh,52.60187442401574,40.534154207944106,6.863971368040156,8.0,35.37669480587359,True
2016-17,E09000009 Ealing,Relig7,nan,52.3353548568411,15.328812368249189,32.33583277490971,378.0,838.6401978861489,False
2016-17,E09000010 Enfield,Relig7,Any other religion,49.74304579220141,0.0,50.256954207798586,7.0,7.432349186367726,True
2016-17,E09000010 Enfield,Relig7,Buddhist,0.0,0.0,100.0,1.0,1.8665048577241077,True
2016-17,E09000010 Enfield,Relig7,Christian,70.075994426295,7.411761004467795,22.5122445692372,144.0,163.69335236823804,False
2016-17,E09000010 Enfield,Relig7,Hindu,52.728244170285734,40.04825679639982,7.223499033314463,10.0,11.651014204623161,True
2016-17,E09000010 Enfield,Relig7,Jewish,66.78770734317735,0.0,33.21229265682265,4.0,3.1350287100252947,True
2016-17,E09000010 Enfield,Relig7,Muslim,34.17718012524604,22.719739699420177,43.10308017533381,30.0,48.33218819296513,False
2016-17,E09000010 Enfield,Relig7,No religion,69.09014579666675,7.7123596467254325,23.197494556607825,56.0,51.56959858010454,False
2016-17,E09000010 Enfield,Relig7,nan,55.90534785852104,12.117270722347454,31.977381419131508,748.0,830.7740283807384,False
2016-17,E09000011 Greenwich,Relig7,Any other religion,0.0,0.0,100.0,2.0,2.258165836608046,True
2016-17,E09000011 Greenwich,Relig7,Buddhist,35.08657680905819,64.9134231909418,0.0,4.0,2.9649950572242103,True
2016-17,E09000011 Greenwich,Relig7,Christian,69.34542422214967,10.149858115021667,20.504717662828696,134.0,144.2016275619975,False
2016-17,E09000011 Greenwich,Relig7,Hindu,55.23735483155655,3.939669718818796,40.82297544962466,10.0,13.9990894799001,True
2016-17,E09000011 Greenwich,Relig7,Jewish,0.0,0.0,100.0,1.0,1.415419599594685,True
2016-17,E09000011 Greenwich,Relig7,Muslim,70.74757087778342,9.086586421826414,20.16584270039016,13.0,22.566790757382556,True
2016-17,E09000011 Greenwich,Relig7,No religion,74.70254566136084,11.806938294598716,13.490516044040465,111.0,102.87860790064205,False
2016-17,E09000011 Greenwich,Relig7,Sikh,0.0,100.0,0.0,1.0,2.9139970234875436,True
2016-17,E09000011 Greenwich,Relig7,nan,59.347931806213694,13.678915112695572,26.973153081090746,711.0,648.9676837564998,False
2016-17,E09000012 Hackney,Relig7,Any other religion,100.0,0.0,0.0,3.0,2.675838482696235,True
2016-17,E09000012 Hackney,Relig7,Buddhist,56.379972666277276,43.620027333722724,0.0,4.0,3.4048031645510104,True
2016-17,E09000012 Hackney,Relig7,Christian,74.14619464382423,1.7825597653204819,24.07124559085529,47.0,93.47782825894771,False
2016-17,E09000012 Hackney,Relig7,Jewish,52.700098936738584,0.0,47.29990106326142,5.0,12.863112468327934,True
2016-17,E09000012 Hackney,Relig7,Muslim,44.156305257666205,6.6116711614134696,49.23202358092032,11.0,43.79031964413252,True
2016-17,E09000012 Hackney,Relig7,No religion,86.66326108984832,6.7399102375199735,6.596828672631714,67.0,111.46578966278588,False
2016-17,E09000012 Hackney,Relig7,nan,70.41213728862252,12.445350078804571,17.142512632572902,338.0,647.3159249056476,False
2016-17,E09000013 Hammersmith and Fulham,Relig7,Any other religion,100.0,0.0,0.0,1.0,1.1901294349615668,True
2016-17,E09000013 Hammersmith and Fulham,Relig7,Buddhist,0.0,100.0,0.0,1.0,1.582818990655271,True
2016-17,E09000013 Hammersmith and Fulham,Relig7,Christian,80.69804580668556,5.789923373938331,13.512030819376111,73.0,102.41879756116052,False
2016-17,E09000013 Hammersmith and Fulham,Relig7,Hindu,100.0,0.0,0.0,2.0,8.182280598097655,True
2016-17,E09000013 Hammersmith and Fulham,Relig7,Jewish,0.0,0.0,100.0,1.0,0.6431980183277233,True
2016-17,E09000013 Hammersmith and Fulham,Relig7,Muslim,49.18829226045566,0.0,50.81170773954432,8.0,12.032232438098475,True
2016-17,E09000013 Hammersmith and Fulham,Relig7,No religion,75.55316715075509,8.575299777519714,15.871533071725203,60.0,66.27964458533089,False
2016-17,E09000013 Hammersmith and Fulham,Relig7,nan,66.79762168419778,12.16530219148504,21.037076124317196,343.0,451.811895833021,False
2016-17,E09000014 Haringey,Relig7,Any other religion,76.56531197049371,0.0,23.43468802950629,7.0,6.597400723651874,True
2016-17,E09000014 Haringey,Relig7,Buddhist,100.0,0.0,0.0,2.0,2.4063296938921597,True
2016-17,E09000014 Haringey,Relig7,Christian,63.320645741093806,16.89207802712272,19.787276231783473,119.0,111.2128109825901,False
2016-17,E09000014 Haringey,Relig7,Hindu,87.32276243461939,0.0,12.677237565380613,4.0,4.250136361107046,True
2016-17,E09000014 Haringey,Relig7,Jewish,48.704865692615876,24.53181493204646,26.76331937533767,12.0,5.5073442081838015,True
2016-17,E09000014 Haringey,Relig7,Muslim,9.32633619859799,26.078656762865073,64.59500703853695,10.0,19.364974204270744,True
2016-17,E09000014 Haringey,Relig7,No religion,74.02726631539998,9.901611790135274,16.07112189446474,117.0,108.96700049633044,False
2016-17,E09000014 Haringey,Relig7,nan,64.11709344795355,12.071964732064872,23.81094181998158,721.0,705.263917258794,False
2016-17,E09000015 Harrow,Relig7,Any other religion,29.911312860697148,13.97869284296539,56.10999429633745,9.0,16.38564991663342,True
2016-17,E09000015 Harrow,Relig7,Buddhist,100.0,0.0,0.0,2.0,1.6062176171229123,True
2016-17,E09000015 Harrow,Relig7,Christian,59.25116862426836,12.53407284135105,28.214758534380596,50.0,65.8150325144772,False
2016-17,E09000015 Harrow,Relig7,Hindu,51.4315637279723,2.757611017337853,45.81082525468985,30.0,82.4174659429759,False
2016-17,E09000015 Harrow,Relig7,Jewish,100.0,0.0,0.0,1.0,0.5002009301784769,True
2016-17,E09000015 Harrow,Relig7,Muslim,15.709862741980075,45.20819046795613,39.081946790063796,10.0,29.47997634857317,True
2016-17,E09000015 Harrow,Relig7,No religion,68.16125375973967,11.765245631683714,20.07350060857662,24.0,65.06517130290788,True
2016-17,E09000015 Harrow,Relig7,Sikh,100.0,0.0,0.0,1.0,8.650746499763049,True
2016-17,E09000015 Harrow,Relig7,nan,52.16564457045641,18.560000006328206,29.274355423215383,359.0,602.3692019176093,False
2016-17,E09000016 Havering,Relig7,Any other religion,32.87245243472105,67.12754756527895,0.0,2.0,1.4350340791388254,True
2016-17,E09000016 Havering,Relig7,Christian,59.57518874697646,9.999451552588654,30.425359700434868,91.0,161.31560764655646,False
2016-17,E09000016 Havering,Relig7,Hindu,37.485917908140706,0.0,62.5140820918593,3.0,6.0843321352622475,True
2016-17,E09000016 Havering,Relig7,Jewish,13.04187644432711,86.95812355567288,0.0,2.0,5.41681814015122,True
2016-17,E09000016 Havering,Relig7,No religion,60.9292777350603,6.299261724706887,32.77146054023283,43.0,98.28005767326692,False
2016-17,E09000016 Havering,Relig7,nan,56.797091801184095,13.623539876745285,29.57936832207061,353.0,601.6312477017137,False
2016-17,E09000017 Hillingdon,Relig7,Buddhist,0.0,0.0,100.0,1.0,0.8451213981333021,True
2016-17,E09000017 Hillingdon,Relig7,Christian,58.61724433655498,15.404855507687746,25.977900155757254,78.0,128.8906207849438,False
2016-17,E09000017 Hillingdon,Relig7,Hindu,43.74884510679568,29.048225667297807,27.202929225906512,16.0,38.42441151145586,True
2016-17,E09000017 Hillingdon,Relig7,Jewish,100.0,0.0,0.0,1.0,1.6244431103306969,True
2016-17,E09000017 Hillingdon,Relig7,Muslim,11.859837578872776,0.0,88.14016242112721,5.0,22.842161316550722,True
2016-17,E09000017 Hillingdon,Relig7,No religion,58.92860888285883,11.179069975004744,29.892321142136407,33.0,72.93733269157876,False
2016-17,E09000017 Hillingdon,Relig7,Sikh,88.2810787848714,0.0,11.7189212151286,2.0,15.447005977733607,True
2016-17,E09000017 Hillingdon,Relig7,nan,61.81738477900992,13.628904834740235,24.55371038624984,358.0,748.2471382062254,False
2016-17,E09000018 Hounslow,Relig7,Buddhist,56.0788563409371,0.0,43.9211436590629,3.0,3.771208961180334,True
2016-17,E09000018 Hounslow,Relig7,Christian,70.92627259809159,5.624919300846996,23.44880810106141,56.0,106.79936260887193,False
2016-17,E09000018 Hounslow,Relig7,Hindu,52.79602322503008,10.31417184035424,36.88980493461565,14.0,54.44331896333457,True
2016-17,E09000018 Hounslow,Relig7,Muslim,59.17608446876954,0.0,40.82391553123047,10.0,30.918776970633292,True
2016-17,E09000018 Hounslow,Relig7,No religion,80.19432568016461,15.57684012042389,4.228834199411515,30.0,43.20553055810273,False
2016-17,E09000018 Hounslow,Relig7,Sikh,24.434830724163827,18.031417634886296,57.53375164094986,7.0,16.34458090862308,True
2016-17,E09000018 Hounslow,Relig7,nan,48.787965274442364,15.16293512504424,36.0490996005134,364.0,648.1370568362075,False
2016-17,E09000019 Islington,Relig7,Any other religion,100.0,0.0,0.0,1.0,1.0676880657336476,True
2016-17,E09000019 Islington,Relig7,Buddhist,100.0,0.0,0.0,1.0,6.875216945368006,True
2016-17,E09000019 Islington,Relig7,Christian,73.19759077445762,3.0471079119598268,23.755301313582535,55.0,85.23892019573995,False
2016-17,E09000019 Islington,Relig7,Hindu,73.67459491830417,0.0,26.32540508169582,4.0,4.928450483597416,True
2016-17,E09000019 Islington,Relig7,Jewish,80.03669103905338,19.963308960946637,0.0,3.0,6.815034525545242,True
2016-17,E09000019 Islington,Relig7,Muslim,13.32444063200316,39.98187309444281,46.69368627355403,4.0,21.089602607938158,True
2016-17,E09000019 Islington,Relig7,No religion,75.89794401954819,13.218426461736113,10.883629518715725,59.0,82.23598258670295,False
2016-17,E09000019 Islington,Relig7,nan,67.02280278128048,15.348562120213142,17.62863509850637,361.0,650.9185682943839,False
2016-17,E09000020 Kensington and Chelsea,Relig7,Buddhist,78.19096421048239,21.80903578951762,0.0,4.0,2.5519937494431524,True
2016-17,E09000020 Kensington and Chelsea,Relig7,Christian,75.36664585670032,2.7301635439761163,21.903190599323587,77.0,87.05014831095922,False
2016-17,E09000020 Kensington and Chelsea,Relig7,Hindu,72.1397376623433,0.0,27.8602623376567,3.0,3.363026785650072,True
2016-17,E09000020 Kensington and Chelsea,Relig7,Jewish,85.2714011080845,10.407707217301354,4.320891674614136,6.0,6.390779233185395,True
2016-17,E09000020 Kensington and Chelsea,Relig7,Muslim,94.04289214197156,5.957107858028434,0.0,7.0,18.26603942616165,True
2016-17,E09000020 Kensington and Chelsea,Relig7,No religion,76.60374824007235,0.9039596225484269,22.492292137379202,34.0,37.60273936232004,False
2016-17,E09000020 Kensington and Chelsea,Relig7,nan,64.18357618282265,10.576262777998,25.24016103917934,370.0,418.96630129310324,False
2016-17,E09000021 Kingston upon Thames,Relig7,Buddhist,100.0,0.0,0.0,2.0,2.240782936866453,True
2016-17,E09000021 Kingston upon Thames,Relig7,Christian,73.72356103660096,6.537497237628344,19.738941725770704,67.0,72.43400662086107,False
2016-17,E09000021 Kingston upon Thames,Relig7,Hindu,44.129757401773716,0.0,55.87024259822626,6.0,10.287543144712737,True
2016-17,E09000021 Kingston upon Thames,Relig7,Jewish,33.68672405955824,0.0,66.31327594044177,2.0,1.6286327450409863,True
2016-17,E09000021 Kingston upon Thames,Relig7,Muslim,62.87949650616215,0.0,37.12050349383785,4.0,7.916296027240547,True
2016-17,E09000021 Kingston upon Thames,Relig7,No religion,69.88419741684463,13.089249567724195,17.02655301543117,46.0,59.49245728824813,False
2016-17,E09000021 Kingston upon Thames,Relig7,Sikh,0.0,0.0,100.0,1.0,1.5201994005094395,True
2016-17,E09000021 Kingston upon Thames,Relig7,nan,64.60268493725,15.93273783318756,19.464577229562423,351.0,468.52721978704403,False
2016-17,E09000022 Lambeth,Relig7,Buddhist,100.0,0.0,0.0,3.0,2.9401463165896446,True
2016-17,E09000022 Lambeth,Relig7,Christian,68.42510131217318,13.213401432240012,18.361497255586812,135.0,156.23450786491162,False
2016-17,E09000022 Lambeth,Relig7,Hindu,100.0,0.0,0.0,2.0,4.107905336227171,True
2016-17,E09000022 Lambeth,Relig7,Jewish,100.0,0.0,0.0,6.0,5.875427459535857,True
2016-17,E09000022 Lambeth,Relig7,Muslim,0.0,0.0,100.0,2.0,7.167188622452533,True
2016-17,E09000022 Lambeth,Relig7,No religion,78.95934417097664,7.030300003384733,14.010355825638628,129.0,138.79623679136347,False
2016-17,E09000022 Lambeth,Relig7,Sikh,0.0,64.97848667152157,35.02151332847845,2.0,2.0624823571872954,True
2016-17,E09000022 Lambeth,Relig7,nan,66.73767312235314,11.371044309556096,21.891282568090762,724.0,843.4407438653427,False
2016-17,E09000023 Lewisham,Relig7,Any other religion,100.0,0.0,0.0,1.0,1.7685726349096869,True
2016-17,E09000023 Lewisham,Relig7,Buddhist,100.0,0.0,0.0,2.0,9.055247381674633,True
2016-17,E09000023 Lewisham,Relig7,Christian,66.8844824611482,19.949158303410723,13.166359235441083,64.0,146.94712026358306,False
2016-17,E09000023 Lewisham,Relig7,Jewish,69.15481301415245,30.845186985847555,0.0,3.0,1.8698101380537873,True
2016-17,E09000023 Lewisham,Relig7,Muslim,100.0,0.0,0.0,3.0,12.650166402569809,True
2016-17,E09000023 Lewisham,Relig7,No religion,67.02070643729581,19.37842136197058,13.60087220073363,65.0,129.931774558803,False
2016-17,E09000023 Lewisham,Relig7,nan,56.58605577037815,12.54933491783332,30.864609311788527,347.0,742.385955931883,False
2016-17,E09000024 Merton,Relig7,Any other religion,100.0,0.0,0.0,1.0,4.450946999455917,True
2016-17,E09000024 Merton,Relig7,Buddhist,100.0,0.0,0.0,1.0,3.4342749491462987,True
2016-17,E09000024 Merton,Relig7,Christian,67.33082870366643,21.109618809781477,11.559552486552107,84.0,106.8355854818212,False
2016-17,E09000024 Merton,Relig7,Hindu,42.49069131773763,20.258633502779812,37.25067517948255,5.0,8.644433745630721,True
2016-17,E09000024 Merton,Relig7,Jewish,100.0,0.0,0.0,1.0,0.867849714865136,True
2016-17,E09000024 Merton,Relig7,Muslim,100.0,0.0,0.0,7.0,17.844460228278766,True
2016-17,E09000024 Merton,Relig7,No religion,67.80281783479126,21.367035113323,10.830147051885733,43.0,75.8006847162323,False
2016-17,E09000024 Merton,Relig7,Sikh,100.0,0.0,0.0,2.0,3.9275411781219765,True
2016-17,E09000024 Merton,Relig7,nan,63.60899097862066,14.035308253814952,22.355700767564382,352.0,510.1573709716133,False
2016-17,E09000025 Newham,Relig7,Any other religion,82.02232227441397,0.0,17.977677725586037,4.0,6.938879880542561,True
2016-17,E09000025 Newham,Relig7,Buddhist,100.0,0.0,0.0,1.0,2.9313099957410027,True
2016-17,E09000025 Newham,Relig7,Christian,59.34414238591806,23.09240364942031,17.563453964661623,40.0,110.04915079981876,False
2016-17,E09000025 Newham,Relig7,Hindu,86.25603575863987,0.0,13.743964241360127,17.0,37.159440426547704,True
2016-17,E09000025 Newham,Relig7,Muslim,63.668766957037704,4.184400001017651,32.14683304194465,32.0,96.32875669876078,False
2016-17,E09000025 Newham,Relig7,No religion,75.26686930119006,7.924292388723251,16.80883831008668,28.0,51.8895886047406,True
2016-17,E09000025 Newham,Relig7,Sikh,7.785218983637034,33.19724429815229,59.017536718210685,4.0,14.909447935602504,True
2016-17,E09000025 Newham,Relig7,nan,60.83378355596414,11.921618912647942,27.244597531387903,379.0,818.9458532661997,False
2016-17,E09000026 Redbridge,Relig7,Any other religion,30.249802550615946,0.0,69.75019744938406,4.0,3.5902411403777794,True
2016-17,E09000026 Redbridge,Relig7,Christian,60.64902783612261,10.137958096236401,29.213014067640962,103.0,75.67978617216565,False
2016-17,E09000026 Redbridge,Relig7,Hindu,67.7414804023552,11.524962420502336,20.733557177142462,31.0,37.96288906566439,False
2016-17,E09000026 Redbridge,Relig7,Jewish,88.38145098708368,0.0,11.618549012916324,10.0,8.571706037964187,True
2016-17,E09000026 Redbridge,Relig7,Muslim,48.43090878464572,24.583345620354223,26.985745595000054,55.0,78.56121467531177,False
2016-17,E09000026 Redbridge,Relig7,No religion,85.90540554426833,3.7303743025770593,10.364220153154601,42.0,30.162129824744547,False
2016-17,E09000026 Redbridge,Relig7,Sikh,63.020646891430964,4.236862534338597,32.742490574230445,15.0,16.117360462231233,True
2016-17,E09000026 Redbridge,Relig7,nan,54.388716674351244,15.628094601313663,29.983188724335086,737.0,758.8079490147024,False
2016-17,E09000027 Richmond upon Thames,Relig7,Christian,72.22837235682894,8.887375706155646,18.88425193701542,66.0,114.62933722379286,False
2016-17,E09000027 Richmond upon Thames,Relig7,Hindu,23.62958424509275,76.37041575490726,0.0,3.0,7.8559101120006005,True
2016-17,E09000027 Richmond upon Thames,Relig7,Muslim,40.69524552836245,0.0,59.304754471637565,4.0,6.03164562719134,True
2016-17,E09000027 Richmond upon Thames,Relig7,No religion,80.80663105339654,7.919741441417987,11.273627505185452,62.0,76.20333049501765,False
2016-17,E09000027 Richmond upon Thames,Relig7,Sikh,100.0,0.0,0.0,1.0,2.53663569438087,True
2016-17,E09000027 Richmond upon Thames,Relig7,nan,67.78119302771171,13.12800292147024,19.090804050818036,367.0,479.44331588438166,False
2016-17,E09000028 Southwark,Relig7,Any other religion,0.0,0.0,100.0,1.0,0.6854231991183665,True
2016-17,E09000028 Southwark,Relig7,Buddhist,34.55212475194905,0.0,65.44787524805095,5.0,26.149418919950595,True
2016-17,E09000028 Southwark,Relig7,Christian,65.93450304516514,4.683811873027086,29.381685081807763,66.0,161.59670484756214,False
2016-17,E09000028 Southwark,Relig7,Hindu,100.0,0.0,0.0,1.0,0.537495256307028,True
2016-17,E09000028 Southwark,Relig7,Jewish,0.0,0.0,100.0,1.0,1.4096425625292626,True
2016-17,E09000028 Southwark,Relig7,Muslim,59.06298800131044,0.0,40.93701199868957,6.0,23.800019067080495,True
2016-17,E09000028 Southwark,Relig7,No religion,86.89404706613462,9.337842659800055,3.7681102740653616,59.0,143.10717864373288,False
2016-17,E09000028 Southwark,Relig7,Sikh,100.0,0.0,0.0,2.0,5.537447271264294,True
2016-17,E09000028 Southwark,Relig7,nan,67.80954667909313,12.504030633320424,19.686422687586454,359.0,731.3626727138062,False
2016-17,E09000029 Sutton,Relig7,Any other religion,69.88893783278648,30.11106216721352,0.0,2.0,2.6359679684236186,True
2016-17,E09000029 Sutton,Relig7,Buddhist,100.0,0.0,0.0,1.0,1.5408055547830488,True
2016-17,E09000029 Sutton,Relig7,Christian,60.89086511719293,9.368076516913124,29.741058365893945,78.0,101.10193402243337,False
2016-17,E09000029 Sutton,Relig7,Hindu,91.95690984422332,8.04309015577668,0.0,3.0,6.48433893129711,True
2016-17,E09000029 Sutton,Relig7,Muslim,0.0,90.00806915965373,9.99193084034626,2.0,3.6605039009294362,True
2016-17,E09000029 Sutton,Relig7,No religion,54.39527258043568,7.553317717980628,38.05140970158369,33.0,60.11047286577407,False
2016-17,E09000029 Sutton,Relig7,nan,55.832508727923646,13.068529948107665,31.09896132396871,380.0,522.2989615972322,False
2016-17,E09000030 Tower Hamlets,Relig7,Any other religion,100.0,0.0,0.0,1.0,0.49681367897254275,True
2016-17,E09000030 Tower Hamlets,Relig7,Buddhist,100.0,0.0,0.0,2.0,3.237997290507206,True
2016-17,E09000030 Tower Hamlets,Relig7,Christian,62.27266566645257,18.602990188633182,19.124344144914236,44.0,90.32546075247336,False
2016-17,E09000030 Tower Hamlets,Relig7,Hindu,60.9675595044992,31.34551450201882,7.68692599348198,7.0,14.568462441774475,True
2016-17,E09000030 Tower Hamlets,Relig7,Muslim,23.623919929597783,23.157371377089188,53.21870869331305,30.0,128.8634442170278,False
2016-17,E09000030 Tower Hamlets,Relig7,No religion,83.94558821645126,3.467502325098515,12.586909458450227,62.0,123.87440439716524,False
2016-17,E09000030 Tower Hamlets,Relig7,nan,67.97153657998079,11.083130895496089,20.94533252452312,333.0,722.1048978623969,False
2016-17,E09000031 Waltham Forest,Relig7,Any other religion,18.727382623281823,0.0,81.27261737671819,3.0,3.834040925837921,True
2016-17,E09000031 Waltham Forest,Relig7,Buddhist,0.0,100.0,0.0,1.0,1.4005289095964746,True
2016-17,E09000031 Waltham Forest,Relig7,Christian,67.61907242400639,9.471509008481885,22.909418567511715,70.0,115.25309415006264,False
2016-17,E09000031 Waltham Forest,Relig7,Hindu,86.64583924816239,0.0,13.35416075183761,2.0,3.3841843148131203,True
2016-17,E09000031 Waltham Forest,Relig7,Muslim,31.985490414742586,19.070762743237786,48.94374684201963,16.0,54.8427244547232,True
2016-17,E09000031 Waltham Forest,Relig7,No religion,72.91697799137833,18.961929593898848,8.12109241472281,43.0,82.12660463782805,False
2016-17,E09000031 Waltham Forest,Relig7,Sikh,100.0,0.0,0.0,2.0,2.555433983373611,True
2016-17,E09000031 Waltham Forest,Relig7,nan,65.79637471802423,13.418288366607122,20.785336915368656,366.0,669.3635004875513,False
2016-17,E09000032 Wandsworth,Relig7,Any other religion,0.0,0.0,100.0,1.0,4.3438393960670005,True
2016-17,E09000032 Wandsworth,Relig7,Buddhist,0.0,100.0,0.0,1.0,1.1510220614406368,True
2016-17,E09000032 Wandsworth,Relig7,Christian,66.77017921965079,2.666831217940343,30.562989562408895,70.0,156.38203905534223,False
2016-17,E09000032 Wandsworth,Relig7,Hindu,0.0,39.18597360857397,60.814026391426026,3.0,8.034456414181578,True
2016-17,E09000032 Wandsworth,Relig7,Muslim,26.360279499483703,43.66010065606235,29.979619844453953,5.0,33.906392372285545,True
2016-17,E09000032 Wandsworth,Relig7,No religion,87.3815176266068,4.026567763570578,8.591914609822616,48.0,109.85597569459884,False
2016-17,E09000032 Wandsworth,Relig7,Sikh,100.0,0.0,0.0,1.0,1.78489813766875,True
2016-17,E09000032 Wandsworth,Relig7,nan,72.42286020385261,8.89916628738252,18.677973508764858,359.0,816.2711687564513,False
2016-17,E09000033 Westminster,Relig7,Any other religion,0.0,100.0,0.0,1.0,3.4502351144132253,True
2016-17,E09000033 Westminster,Relig7,Buddhist,73.39428970165058,26.60571029834941,0.0,7.0,24.067971975116787,True
2016-17,E09000033 Westminster,Relig7,Christian,71.88162433944395,9.393867941189155,18.724507719366905,66.0,106.86881563599515,False
2016-17,E09000033 Westminster,Relig7,Hindu,15.489058903885807,84.5109410961142,0.0,3.0,14.32490546558964,True
2016-17,E09000033 Westminster,Relig7,Jewish,0.0,100.0,0.0,2.0,3.0378919110401617,True
2016-17,E09000033 Westminster,Relig7,Muslim,9.310590034109238,75.52812662018316,15.161283345707599,7.0,15.138986643607353,True
2016-17,E09000033 Westminster,Relig7,No religion,81.83472196624209,8.880468195198727,9.284809838559188,46.0,79.45064174028062,False
2016-17,E09000033 Westminster,Relig7,nan,66.64649449709142,12.825740738319283,20.52776476458929,370.0,676.9454583179098,False
2016-17,E09000001 City of London,ChildAgeU13,No,67.82326702009595,15.23065902630923,16.946073953594816,225.0,32.67133372040878,False
2016-17,E09000001 City of London,ChildAgeU13,Yes,73.51161242549847,9.255283933330944,17.233103641170583,24.0,3.916691539582711,True
2016-17,E09000002 Barking and Dagenham,ChildAgeU13,No,48.21715402381589,13.981199924693092,37.80164605149102,604.0,378.2023770911877,False
2016-17,E09000002 Barking and Dagenham,ChildAgeU13,Yes,50.569870267191774,18.820497653858816,30.609632078949417,354.0,286.21585132777557,False
2016-17,E09000003 Barnet,ChildAgeU13,No,57.781337667927644,10.926323449974143,31.292338882098203,690.0,876.1798144638476,False
2016-17,E09000003 Barnet,ChildAgeU13,Yes,54.81785169700022,14.925841309834956,30.256306993164824,307.0,448.42998532535205,False
2016-17,E09000004 Bexley,ChildAgeU13,No,58.90319604762697,17.004010722272938,24.09279323010009,379.0,643.1855998915808,False
2016-17,E09000004 Bexley,ChildAgeU13,Yes,50.50561256931321,18.324112310305647,31.170275120381145,119.0,226.6476705600419,False
2016-17,E09000005 Brent,ChildAgeU13,No,54.30721734627375,13.3906740360159,32.30210861771033,347.0,768.0402415755714,False
2016-17,E09000005 Brent,ChildAgeU13,Yes,59.041848445237285,6.655975223896409,34.30217633086631,142.0,374.73886305703496,False
2016-17,E09000006 Bromley,ChildAgeU13,No,67.8659110349852,11.359949729566347,20.77413923544844,370.0,837.7811810659272,False
2016-17,E09000006 Bromley,ChildAgeU13,Yes,72.23399161614591,11.11424094647473,16.65176743737937,122.0,299.5405260425574,False
2016-17,E09000007 Camden,ChildAgeU13,No,72.70409933297152,12.451991387294793,14.843909279733664,393.0,737.3545659572063,False
2016-17,E09000007 Camden,ChildAgeU13,Yes,69.151496594889,12.111702720702162,18.736800684408852,99.0,153.31415739522402,False
2016-17,E09000008 Croydon,ChildAgeU13,No,60.58769422504605,14.519747985148607,24.892557789805352,360.0,902.7011487507255,False
2016-17,E09000008 Croydon,ChildAgeU13,Yes,60.84109155209989,14.52839551738268,24.630512930517433,141.0,358.88687979245196,False
2016-17,E09000009 Ealing,ChildAgeU13,No,52.5927258302797,17.950221132549892,29.457053037170404,358.0,788.3068873783868,False
2016-17,E09000009 Ealing,ChildAgeU13,Yes,56.77775193736054,8.482260230953734,34.73998783168574,134.0,334.7831163394688,False
2016-17,E09000010 Enfield,ChildAgeU13,No,59.90063590697733,11.77121218987592,28.328151903146757,719.0,764.9781213589106,False
2016-17,E09000010 Enfield,ChildAgeU13,Yes,52.34088912226296,11.988569368944065,35.67054150879298,281.0,353.47594312187584,False
2016-17,E09000011 Greenwich,ChildAgeU13,No,62.49639265675112,14.064943267566468,23.438664075682407,719.0,669.3155447776669,False
2016-17,E09000011 Greenwich,ChildAgeU13,Yes,61.733179907098055,10.576001062732294,27.69081903016966,268.0,272.8508321956697,False
2016-17,E09000012 Hackney,ChildAgeU13,No,72.31109414601458,9.859756242632642,17.829149611352758,360.0,657.3707556617733,False
2016-17,E09000012 Hackney,ChildAgeU13,Yes,68.72746373692833,11.375162544889369,19.897373718182315,115.0,257.62286092531576,False
2016-17,E09000013 Hammersmith and Fulham,ChildAgeU13,No,70.08282034054456,11.347471736089886,18.569707923365563,395.0,523.8432609004306,False
2016-17,E09000013 Hammersmith and Fulham,ChildAgeU13,Yes,68.74000325047383,7.246839256536718,24.013157492989457,94.0,120.29773655922254,False
2016-17,E09000014 Haringey,ChildAgeU13,No,64.25432517305143,13.079953329513568,22.665721497435,768.0,738.150508078811,False
2016-17,E09000014 Haringey,ChildAgeU13,Yes,64.16680593290943,10.898036984952263,24.9351570821383,224.0,225.41940585000913,False
2016-17,E09000015 Harrow,ChildAgeU13,No,53.29282180364844,14.218280803823749,32.48889739252782,361.0,642.9304182834419,False
2016-17,E09000015 Harrow,ChildAgeU13,Yes,51.28095477540349,23.62279738483312,25.096247839763407,125.0,229.3592447067994,False
2016-17,E09000016 Havering,ChildAgeU13,No,53.32713260939932,14.172940736463534,32.499926654137134,385.0,670.6486606622391,False
2016-17,E09000016 Havering,ChildAgeU13,Yes,70.51868858539041,7.325326223211881,22.155985191397715,109.0,203.5144367138503,False
2016-17,E09000017 Hillingdon,ChildAgeU13,No,59.20692347043071,13.927377230433521,26.86569929913578,360.0,718.6407520397424,False
2016-17,E09000017 Hillingdon,ChildAgeU13,Yes,61.28931391149435,13.219095286341517,25.491590802164115,134.0,310.61748295720963,False
2016-17,E09000018 Hounslow,ChildAgeU13,No,54.87247702428862,12.287345709520991,32.84017726619039,361.0,634.5493275610714,False
2016-17,E09000018 Hounslow,ChildAgeU13,Yes,48.896547779644585,15.463345887433649,35.640106332921775,123.0,269.070508245882,False
2016-17,E09000019 Islington,ChildAgeU13,No,72.22529534143321,9.345398362743218,18.429306295823544,413.0,706.1592710553119,False
2016-17,E09000019 Islington,ChildAgeU13,Yes,46.32699601683095,37.36574157227354,16.307262410895493,75.0,153.01019264969742,False
2016-17,E09000020 Kensington and Chelsea,ChildAgeU13,No,70.17334810511647,5.757383108567706,24.069268786315824,396.0,450.018827958262,False
2016-17,E09000020 Kensington and Chelsea,ChildAgeU13,Yes,60.05779645134625,18.86736357911791,21.074839969535848,105.0,124.17220020256075,False
2016-17,E09000021 Kingston upon Thames,ChildAgeU13,No,67.4491802133425,12.74239402741037,19.808425759247136,356.0,460.0168354211685,False
2016-17,E09000021 Kingston upon Thames,ChildAgeU13,Yes,60.77373755084182,17.408090330910504,21.81817211824767,123.0,164.03030252935494,False
2016-17,E09000022 Lambeth,ChildAgeU13,No,69.90297481833744,10.939341529905947,19.157683651756617,789.0,918.5735290314002,False
2016-17,E09000022 Lambeth,ChildAgeU13,Yes,62.05391989405376,11.222414793261255,26.723665312684965,214.0,242.05110958221007,False
2016-17,E09000023 Lewisham,ChildAgeU13,No,58.125885086147875,12.881959059463746,28.99215585438836,365.0,774.3791273705913,False
2016-17,E09000023 Lewisham,ChildAgeU13,Yes,66.64900029702619,17.940114272002024,15.410885430971769,120.0,270.2295199408858,False
2016-17,E09000024 Merton,ChildAgeU13,No,63.880793594625615,14.91767471780962,21.20153168756477,379.0,544.442066456244,False
2016-17,E09000024 Merton,ChildAgeU13,Yes,71.58580796797317,16.4697487671981,11.944443264828736,117.0,187.52108152892154,False
2016-17,E09000025 Newham,ChildAgeU13,No,61.318270106496406,11.999701225767154,26.68202866773644,344.0,704.2290919338193,False
2016-17,E09000025 Newham,ChildAgeU13,Yes,62.97779116276835,11.871379551772861,25.150829285458787,161.0,434.92333567413425,False
2016-17,E09000026 Redbridge,ChildAgeU13,No,57.857028586435554,15.106435258280415,27.03653615528403,713.0,669.2391099294314,False
2016-17,E09000026 Redbridge,ChildAgeU13,Yes,52.87776105124215,14.889929822295006,32.23230912646285,284.0,340.2141664637306,False
2016-17,E09000027 Richmond upon Thames,ChildAgeU13,No,67.97704744424652,13.165346266963171,18.8576062887903,385.0,517.8581910168849,False
2016-17,E09000027 Richmond upon Thames,ChildAgeU13,Yes,73.54064698478456,10.060143762742614,16.399209252472836,118.0,168.84198401988,False
2016-17,E09000028 Southwark,ChildAgeU13,No,69.92448196617886,10.549821671873206,19.52569636194794,399.0,866.9138141181411,False
2016-17,E09000028 Southwark,ChildAgeU13,Yes,65.91895323217504,9.206564240834126,24.874482526990807,101.0,227.27218836321023,False
2016-17,E09000029 Sutton,ChildAgeU13,No,57.79372813571253,12.500680962803202,29.705590901484275,381.0,522.0682314253488,False
2016-17,E09000029 Sutton,ChildAgeU13,Yes,53.19318479142608,12.298462220442035,34.50835298813188,118.0,175.76475341552413,False
2016-17,E09000030 Tower Hamlets,ChildAgeU13,No,70.83767033832605,11.051182250304304,18.111147411369647,372.0,769.5725059365521,False
2016-17,E09000030 Tower Hamlets,ChildAgeU13,Yes,47.458955108738635,16.085271132087154,36.45577375917421,107.0,313.8989747037655,False
2016-17,E09000031 Waltham Forest,ChildAgeU13,No,60.330832319500736,14.225961551552164,25.443206128947093,352.0,613.3221666090377,False
2016-17,E09000031 Waltham Forest,ChildAgeU13,Yes,72.61481697540442,12.808309291873327,14.576873732722243,151.0,319.43794525474857,False
2016-17,E09000032 Wandsworth,ChildAgeU13,No,74.40645435625567,7.327070973895545,18.26647466984878,390.0,884.5435875045991,False
2016-17,E09000032 Wandsworth,ChildAgeU13,Yes,58.31333166016649,14.372577835092903,27.314090504740594,98.0,247.18620438343663,False
2016-17,E09000033 Westminster,ChildAgeU13,No,67.51885176077629,13.596870728292398,18.88427751093132,418.0,713.5530806428413,False
2016-17,E09000033 Westminster,ChildAgeU13,Yes,63.17956829052358,20.659225636343713,16.161206073132718,84.0,209.73182616111137,False
2016-17,E09000001 City of London,Maternity_pop,No,68.05452857094491,14.612405633762881,17.333065795292203,244.0,35.83599092951327,False
2016-17,E09000001 City of London,Maternity_pop,Yes,86.42881056768663,13.571189432313362,0.0,5.0,0.7520343304782189,True
2016-17,E09000002 Barking and Dagenham,Maternity_pop,No,48.75585022527108,15.848103949984308,35.39604582474461,914.0,632.3257552287706,False
2016-17,E09000002 Barking and Dagenham,Maternity_pop,Yes,58.58572855325333,20.356284214312755,21.057987232433916,44.0,32.09247319019267,False
2016-17,E09000003 Barnet,Maternity_pop,No,56.510280408287386,12.528284708139118,30.961434883573506,966.0,1280.8441091176383,False
2016-17,E09000003 Barnet,Maternity_pop,Yes,64.61569189190749,5.023094199274913,30.36121390881758,31.0,43.765690671561316,False
2016-17,E09000004 Bexley,Maternity_pop,No,56.333891695502146,17.2207467477451,26.445361556752754,477.0,833.3601608637888,False
2016-17,E09000004 Bexley,Maternity_pop,Yes,65.42479942034343,20.255139625669617,14.320060953986935,21.0,36.47310958783387,True
2016-17,E09000005 Brent,Maternity_pop,No,55.93349708072603,11.340173431354952,32.72632948791902,481.0,1126.8636398529288,False
2016-17,E09000005 Brent,Maternity_pop,Yes,50.641271879298024,0.0,49.35872812070197,8.0,15.915464779677489,True
2016-17,E09000006 Bromley,Maternity_pop,No,69.5425359214849,11.741374799767526,18.716089278747567,466.0,1072.0580816144923,False
2016-17,E09000006 Bromley,Maternity_pop,Yes,60.37288409035371,3.96671094566667,35.66040496397963,26.0,65.26362549399245,True
2016-17,E09000007 Camden,Maternity_pop,No,72.21033774611949,12.320885650818424,15.468776603062103,474.0,869.8454897122425,False
2016-17,E09000007 Camden,Maternity_pop,Yes,67.17335381944102,15.423223638186625,17.40342254237236,18.0,20.82323364018774,True
2016-17,E09000008 Croydon,Maternity_pop,No,60.58662010186274,14.70595366190543,24.707426236231836,478.0,1214.3996783827874,False
2016-17,E09000008 Croydon,Maternity_pop,Yes,62.542528216675834,9.793483401896644,27.66398838142751,23.0,47.18835016039005,True
2016-17,E09000009 Ealing,Maternity_pop,No,54.733406874099146,15.29492962350616,29.9716635023947,469.0,1072.8771709160044,False
2016-17,E09000009 Ealing,Maternity_pop,Yes,34.75641407367739,11.559189280137684,53.684396646184936,23.0,50.212832801851306,True
2016-17,E09000010 Enfield,Maternity_pop,No,57.132974268987184,12.194358900870371,30.672666830142468,976.0,1083.4861746667332,False
2016-17,E09000010 Enfield,Maternity_pop,Yes,69.23876005929931,0.857111299538873,29.904128641161837,24.0,34.96788981405312,True
2016-17,E09000011 Greenwich,Maternity_pop,No,62.09776117875296,13.264303418066598,24.637935403180453,949.0,908.2984847036469,False
2016-17,E09000011 Greenwich,Maternity_pop,Yes,67.03854521560407,7.429135518211958,25.53231926618397,38.0,33.867892269689605,False
2016-17,E09000012 Hackney,Maternity_pop,No,71.44679675584682,10.574098616289247,17.979104627863947,460.0,890.101149204919,False
2016-17,E09000012 Hackney,Maternity_pop,Yes,66.12797794939142,0.0,33.87202205060857,15.0,24.892467382169947,True
2016-17,E09000013 Hammersmith and Fulham,Maternity_pop,No,70.66770650829388,10.514846456833103,18.81744703487304,474.0,624.7691212054388,False
2016-17,E09000013 Hammersmith and Fulham,Maternity_pop,Yes,42.880670860374174,12.736173476189167,44.38315566343666,15.0,19.371876254214307,True
2016-17,E09000014 Haringey,Maternity_pop,No,64.1231583132925,12.61922387037836,23.257617816329116,953.0,924.4760518771861,False
2016-17,E09000014 Haringey,Maternity_pop,Yes,66.85146140379005,11.393935853073152,21.75460274313679,39.0,39.09386205163401,False
2016-17,E09000015 Harrow,Maternity_pop,No,52.983188864815325,16.708063941687076,30.308747193497616,478.0,864.2726432060259,False
2016-17,E09000015 Harrow,Maternity_pop,Yes,29.115131240696034,14.862081919559309,56.02278683974467,8.0,8.017019784215318,True
2016-17,E09000016 Havering,Maternity_pop,No,57.73658552130038,12.303701831282355,29.959712647417263,480.0,848.0269758881416,False
2016-17,E09000016 Havering,Maternity_pop,Yes,44.12128362285002,21.502896160936267,34.37582021621372,14.0,26.136121487947815,True
2016-17,E09000017 Hillingdon,Maternity_pop,No,60.14698233007915,13.95337046900966,25.899647200911208,474.0,991.4066746354034,False
2016-17,E09000017 Hillingdon,Maternity_pop,Yes,51.67344934295638,7.434259837911429,40.8922908191322,20.0,37.85156036154857,True
2016-17,E09000018 Hounslow,Maternity_pop,No,53.592722323543754,12.663110766606117,33.74416690985013,466.0,867.5145795483764,False
2016-17,E09000018 Hounslow,Maternity_pop,Yes,41.086659956785724,26.92749430085602,31.985845742358272,18.0,36.10525625857702,True
2016-17,E09000019 Islington,Maternity_pop,No,68.50626119002298,13.849530614724227,17.644208195252777,473.0,834.126607543872,False
2016-17,E09000019 Islington,Maternity_pop,Yes,37.8618655727171,30.524354705194746,31.613779722088143,15.0,25.04285616113727,True
2016-17,E09000020 Kensington and Chelsea,Maternity_pop,No,67.76495124739967,8.403355367453086,23.831693385147247,489.0,556.3985983578142,False
2016-17,E09000020 Kensington and Chelsea,Maternity_pop,Yes,74.89211511677544,14.507164067490555,10.600720815734002,12.0,17.79242980300862,True
2016-17,E09000021 Kingston upon Thames,Maternity_pop,No,65.51689220739905,14.111319694690577,20.37178809791035,461.0,599.4570675468432,False
2016-17,E09000021 Kingston upon Thames,Maternity_pop,Yes,70.02537545034161,10.493657479836138,19.48096706982225,18.0,24.590070403680276,True
2016-17,E09000022 Lambeth,Maternity_pop,No,68.3444336664614,10.982385638462878,20.67318069507571,977.0,1134.303022170232,False
2016-17,E09000022 Lambeth,Maternity_pop,Yes,64.88753379749845,11.68751499819645,23.42495120430509,26.0,26.32161644337843,True
2016-17,E09000023 Lewisham,Maternity_pop,No,60.237399540311884,13.921870792744095,25.84072966694403,471.0,1024.0216861335598,False
2016-17,E09000023 Lewisham,Maternity_pop,Yes,64.97297334603743,27.5500145202572,7.477012133705357,14.0,20.586961177917143,True
2016-17,E09000024 Merton,Maternity_pop,No,66.22737720599024,14.894409258555324,18.87821353545444,474.0,702.8825876079934,False
2016-17,E09000024 Merton,Maternity_pop,Yes,56.84791219014601,25.48829256594954,17.663795243904453,22.0,29.080560377172244,True
2016-17,E09000025 Newham,Maternity_pop,No,61.51432703864228,12.601818150818358,25.883854810539365,482.0,1080.2948057559327,False
2016-17,E09000025 Newham,Maternity_pop,Yes,69.98265599126387,0.0,30.017344008736153,23.0,58.85762185202082,True
2016-17,E09000026 Redbridge,Maternity_pop,No,56.12182953328255,14.723619853762873,29.154550612954555,969.0,982.7187931886738,False
2016-17,E09000026 Redbridge,Maternity_pop,Yes,58.27578982768592,26.422968799952656,15.301241372361437,28.0,26.734483204488214,True
2016-17,E09000027 Richmond upon Thames,Maternity_pop,No,68.8722320071544,12.389640081856387,18.738127910989213,489.0,668.9270649505644,False
2016-17,E09000027 Richmond upon Thames,Maternity_pop,Yes,87.13835353022708,12.861646469772916,0.0,14.0,17.773110086200507,True
2016-17,E09000028 Southwark,Maternity_pop,No,69.32013282268457,10.200679558081175,20.47918761923427,489.0,1077.3352879459067,False
2016-17,E09000028 Southwark,Maternity_pop,Yes,54.538866011607155,14.75486969281857,30.70626429557427,11.0,16.85071453544449,True
2016-17,E09000029 Sutton,Maternity_pop,No,57.9803693932315,12.09965761066425,29.919972996104256,487.0,673.5317290821561,False
2016-17,E09000029 Sutton,Maternity_pop,Yes,19.346242760574256,22.15281691455236,58.50094032487338,12.0,24.301255758716852,True
2016-17,E09000030 Tower Hamlets,Maternity_pop,No,63.649599837294865,12.921445145161803,23.428955017543334,461.0,1042.2981365005041,False
2016-17,E09000030 Tower Hamlets,Maternity_pop,Yes,74.56721310460732,2.0847939418121415,23.347992953580523,18.0,41.173344139813366,True
2016-17,E09000031 Waltham Forest,Maternity_pop,No,64.93192073618933,13.164539419622429,21.903539844188245,487.0,909.1510876440958,False
2016-17,E09000031 Waltham Forest,Maternity_pop,Yes,49.35563410947725,35.91856333001698,14.725802560505791,16.0,23.609024219690475,True
2016-17,E09000032 Wandsworth,Maternity_pop,No,73.98399293854581,7.39584909957588,18.62015796187833,463.0,1053.8942499448046,False
2016-17,E09000032 Wandsworth,Maternity_pop,Yes,29.01885675268473,28.770581048222166,42.21056219909309,25.0,77.83554194323112,True
2016-17,E09000033 Westminster,Maternity_pop,No,66.41259509996348,15.139300583771465,18.448104316265045,496.0,909.7187144694324,False
2016-17,E09000033 Westminster,Maternity_pop,Yes,74.61712506595433,19.348174016191745,6.034700917853911,6.0,13.56619233452038,True
2017-18,E09000001 City of London,Age9,16-24,61.38125704243629,0.0,38.61874295756372,8.0,2.0606557506834697,True
2017-18,E09000001 City of London,Age9,25-34,81.866355656493,6.097080073046979,12.036564270460042,35.0,6.906959588010347,False
2017-18,E09000001 City of London,Age9,35-44,86.9839680756477,1.7870161656153836,11.229015758736914,37.0,3.4210655570158917,False
2017-18,E09000001 City of London,Age9,45-54,76.7624152590065,16.818536701290647,6.419048039702864,39.0,3.926600711141548,False
2017-18,E09000001 City of London,Age9,55-64,72.3198848660302,12.818177846351222,14.861937287618588,48.0,3.5086071383665614,False
2017-18,E09000001 City of London,Age9,65-74,67.39197012793905,14.700096959014038,17.9079329130469,36.0,3.4235225787347976,False
2017-18,E09000001 City of London,Age9,75-84,54.65880944463617,15.470639495551348,29.870551059812477,23.0,2.778159408098336,True
2017-18,E09000001 City of London,Age9,85+,32.91938700213344,0.0,67.08061299786655,6.0,0.5062915058504381,True
2017-18,E09000001 City of London,Age9,nan,0.0,0.0,100.0,1.0,0.10857984144363977,True
2017-18,E09000002 Barking and Dagenham,Age9,16-24,69.07287498029781,7.668557806466524,23.258567213235683,41.0,97.38608484464797,False
2017-18,E09000002 Barking and Dagenham,Age9,25-34,57.03014989175386,8.377863277412962,34.591986830833186,89.0,151.72265434834486,False
2017-18,E09000002 Barking and Dagenham,Age9,35-44,52.237440002640014,16.342693575403892,31.419866421956105,107.0,135.25054839779327,False
2017-18,E09000002 Barking and Dagenham,Age9,45-54,47.81400236082048,7.300680915859457,44.88531672332006,96.0,112.76103904171268,False
2017-18,E09000002 Barking and Dagenham,Age9,55-64,42.81722177854627,14.886690032251575,42.29608818920215,59.0,60.88852317183799,False
2017-18,E09000002 Barking and Dagenham,Age9,65-74,58.991759979610734,8.072075841774803,32.93616417861445,52.0,37.27537331326215,False
2017-18,E09000002 Barking and Dagenham,Age9,75-84,21.78909256727268,0.0,78.21090743272731,17.0,16.863410582329557,True
2017-18,E09000002 Barking and Dagenham,Age9,85+,33.03660119542758,0.0,66.96339880457242,5.0,4.560135528528715,True
2017-18,E09000002 Barking and Dagenham,Age9,nan,37.081107955664514,11.176591780396599,51.74230026393889,6.0,4.9546070045787145,True
2017-18,E09000003 Barnet,Age9,16-24,72.20146169645591,11.844107934413413,15.954430369130682,35.0,127.14511929803888,False
2017-18,E09000003 Barnet,Age9,25-34,82.45062260379198,6.700479092558501,10.848898303649507,79.0,235.8361668606859,False
2017-18,E09000003 Barnet,Age9,35-44,57.14403989864636,16.244623018924166,26.611337082429447,93.0,259.34673625132774,False
2017-18,E09000003 Barnet,Age9,45-54,69.52818332981352,11.412173225583366,19.059643444603147,78.0,172.9385142469064,False
2017-18,E09000003 Barnet,Age9,55-64,61.52552392708889,10.327522404793644,28.14695366811749,84.0,170.5533789426398,False
2017-18,E09000003 Barnet,Age9,65-74,51.392297951822066,17.431727422580003,31.175974625597895,82.0,142.61790978380262,False
2017-18,E09000003 Barnet,Age9,75-84,52.172418918143705,15.452940127086684,32.37464095476961,36.0,85.33515908050238,False
2017-18,E09000003 Barnet,Age9,85+,17.26116047138735,38.916014994716804,43.82282453389585,4.0,8.921563761358357,True
2017-18,E09000003 Barnet,Age9,nan,24.058049951387552,0.0,75.94195004861244,3.0,8.302168967457822,True
2017-18,E09000004 Bexley,Age9,16-24,77.71884153635675,10.89331213710151,11.387846326541752,25.0,64.96114111130774,True
2017-18,E09000004 Bexley,Age9,25-34,79.07004317125893,4.664935758131298,16.265021070609762,68.0,148.28907089128202,False
2017-18,E09000004 Bexley,Age9,35-44,76.02673876446978,5.969743882873772,18.003517352656463,98.0,162.99944154652107,False
2017-18,E09000004 Bexley,Age9,45-54,72.48646268630802,8.857966943022838,18.655570370669107,95.0,151.18437758484131,False
2017-18,E09000004 Bexley,Age9,55-64,64.2529390022105,18.208030373457568,17.53903062433195,90.0,133.25821431471954,False
2017-18,E09000004 Bexley,Age9,65-74,55.16890179780059,13.366086112307071,31.46501208989237,67.0,65.97063982227296,False
2017-18,E09000004 Bexley,Age9,75-84,26.911816967788383,10.329140716271032,62.75904231594058,31.0,43.14393679516079,False
2017-18,E09000004 Bexley,Age9,85+,22.324562716648856,0.0,77.67543728335114,10.0,11.984504954296105,True
2017-18,E09000004 Bexley,Age9,nan,84.71223310715446,0.0,15.28776689284554,5.0,8.09106633082291,True
2017-18,E09000005 Brent,Age9,16-24,70.86328895191852,16.911221802338638,12.225489245742835,44.0,149.45564487515637,False
2017-18,E09000005 Brent,Age9,25-34,67.44597821960804,7.722935428587031,24.831086351804938,92.0,275.0291801563889,False
2017-18,E09000005 Brent,Age9,35-44,54.53817487194911,9.770747361810022,35.691077766240866,112.0,201.64503041482118,False
2017-18,E09000005 Brent,Age9,45-54,55.29660398036648,9.579186329839978,35.12420968979357,90.0,148.51058489768673,False
2017-18,E09000005 Brent,Age9,55-64,60.2063769898072,15.25335540071048,24.54026760948232,72.0,121.49334902761763,False
2017-18,E09000005 Brent,Age9,65-74,49.34693229907702,9.976893036582814,40.67617466434016,64.0,82.32003525975078,False
2017-18,E09000005 Brent,Age9,75-84,30.44175888840479,4.329191861909707,65.22904924968547,22.0,33.24405143319699,True
2017-18,E09000005 Brent,Age9,85+,6.541008016299347,0.0,93.45899198370063,7.0,12.967645600773789,True
2017-18,E09000005 Brent,Age9,nan,95.345296660256,4.654703339744,0.0,3.0,8.17832189410814,True
2017-18,E09000006 Bromley,Age9,16-24,87.12139314104725,4.191659583189124,8.686947275763655,18.0,76.41901963079626,True
2017-18,E09000006 Bromley,Age9,25-34,54.77625357475421,15.243438693768102,29.980307731477673,53.0,161.76775952677727,False
2017-18,E09000006 Bromley,Age9,35-44,68.50504795899826,13.0604538415961,18.434498199405656,96.0,196.94572997521476,False
2017-18,E09000006 Bromley,Age9,45-54,77.11447808661003,9.756323171282649,13.129198742107317,71.0,164.86330683128534,False
2017-18,E09000006 Bromley,Age9,55-64,70.41398510206317,14.941759838138816,14.64425505979801,90.0,150.4498127493034,False
2017-18,E09000006 Bromley,Age9,65-74,60.37485118122285,6.64422681625995,32.98092200251717,96.0,155.80021492779383,False
2017-18,E09000006 Bromley,Age9,75-84,40.95117009001513,22.809144471293795,36.2396854386911,49.0,128.51205075350842,False
2017-18,E09000006 Bromley,Age9,85+,10.049582508027457,18.657726907098848,71.2926905848737,9.0,20.400108172060246,True
2017-18,E09000006 Bromley,Age9,nan,100.0,0.0,0.0,2.0,2.820094814998632,True
2017-18,E09000007 Camden,Age9,16-24,85.01298712372353,8.223795443074113,6.763217433202351,50.0,176.38399812803786,False
2017-18,E09000007 Camden,Age9,25-34,65.08865781486647,17.496258226163143,17.415083958970385,103.0,209.55113302806993,False
2017-18,E09000007 Camden,Age9,35-44,80.63514494069736,10.574070728527504,8.790784330775152,77.0,112.10219943893419,False
2017-18,E09000007 Camden,Age9,45-54,70.68306188573177,8.698920767304863,20.618017346963384,84.0,114.28933214540034,False
2017-18,E09000007 Camden,Age9,55-64,73.68758804643191,8.489632625901804,17.822779327666257,70.0,76.88343828222534,False
2017-18,E09000007 Camden,Age9,65-74,65.04465893890264,19.095165052770678,15.860176008326668,79.0,88.41020684518662,False
2017-18,E09000007 Camden,Age9,75-84,44.40381135363772,8.097381779529119,47.49880686683316,34.0,47.61648353588685,False
2017-18,E09000007 Camden,Age9,85+,38.93358375075294,12.467228067200418,48.599188182046625,13.0,18.409072582220055,True
2017-18,E09000007 Camden,Age9,nan,0.0,61.432738988940315,38.56726101105968,3.0,5.522531799749034,True
2017-18,E09000008 Croydon,Age9,16-24,72.73334417251232,10.289661244446089,16.976994583041602,35.0,163.32061357836346,False
2017-18,E09000008 Croydon,Age9,25-34,73.06507298473859,11.104211244928532,15.830715770332873,79.0,243.96789146682744,False
2017-18,E09000008 Croydon,Age9,35-44,75.6100453931129,6.584381936781439,17.80557267010566,97.0,223.3533731187718,False
2017-18,E09000008 Croydon,Age9,45-54,56.01425166281891,15.172035013981375,28.813713323199718,95.0,227.04248245120664,False
2017-18,E09000008 Croydon,Age9,55-64,55.186037045381894,11.409926560315613,33.40403639430249,92.0,175.0542272207087,False
2017-18,E09000008 Croydon,Age9,65-74,57.97104539386666,14.326102162391372,27.702852443741975,66.0,97.64602461481368,False
2017-18,E09000008 Croydon,Age9,75-84,25.42517869428068,12.35355716759892,62.221264138120404,20.0,32.47325539238929,True
2017-18,E09000008 Croydon,Age9,85+,12.45175497814408,15.850783035288272,71.69746198656766,9.0,18.619196457894162,True
2017-18,E09000008 Croydon,Age9,nan,13.797553324681605,30.80797971634775,55.394466958970646,5.0,26.222919113638866,True
2017-18,E09000009 Ealing,Age9,16-24,81.25525476112418,5.398411624580193,13.346333614295643,44.0,172.47983428587997,False
2017-18,E09000009 Ealing,Age9,25-34,78.79804484849214,11.221851840599161,9.980103310908735,57.0,138.23241967196844,False
2017-18,E09000009 Ealing,Age9,35-44,68.12372697927466,10.97746318711395,20.898809833611388,113.0,256.7189030164675,False
2017-18,E09000009 Ealing,Age9,45-54,61.2475673472424,14.281983528877722,24.470449123879888,91.0,191.3033974231914,False
2017-18,E09000009 Ealing,Age9,55-64,52.194859732311116,8.090781953286768,39.714358314402126,79.0,108.9697037221012,False
2017-18,E09000009 Ealing,Age9,65-74,54.298689809747124,13.109128234410916,32.59218195584195,70.0,107.15625832120634,False
2017-18,E09000009 Ealing,Age9,75-84,42.937745253787384,21.419304813677826,35.64294993253479,27.0,49.96993068671033,True
2017-18,E09000009 Ealing,Age9,85+,27.69670414962335,10.910528986288314,61.39276686408832,9.0,18.576059498195786,True
2017-18,E09000009 Ealing,Age9,nan,27.649427405408883,0.0,72.3505725945911,5.0,16.199530340916596,True
2017-18,E09000010 Enfield,Age9,16-24,63.54838841399166,16.372925210404492,20.07868637560386,39.0,155.05287838636804,False
2017-18,E09000010 Enfield,Age9,25-34,60.529100197319586,10.73808217055436,28.73281763212605,49.0,151.96888678616955,False
2017-18,E09000010 Enfield,Age9,35-44,70.74163093008536,8.15409790653197,21.104271163382673,90.0,184.34851587588295,False
2017-18,E09000010 Enfield,Age9,45-54,67.98691482813746,6.48685016774538,25.526235004117158,78.0,154.7075201202488,False
2017-18,E09000010 Enfield,Age9,55-64,60.77971940331596,9.4007828176473,29.819497779036762,100.0,141.11986521394948,False
2017-18,E09000010 Enfield,Age9,65-74,52.37398146164206,16.36976698002736,31.256251558330554,76.0,112.90247787392936,False
2017-18,E09000010 Enfield,Age9,75-84,33.68763095832255,9.593150100228439,56.719218941449,47.0,93.50374772145305,False
2017-18,E09000010 Enfield,Age9,85+,40.87550255936947,0.0,59.12449744063052,12.0,17.611310906813117,True
2017-18,E09000010 Enfield,Age9,nan,27.770158730130063,55.43946969922302,16.79037157064692,8.0,18.93327004565687,True
2017-18,E09000011 Greenwich,Age9,16-24,79.47955796595599,15.631133603196437,4.8893084308475565,32.0,82.08480355817042,False
2017-18,E09000011 Greenwich,Age9,25-34,71.63191933171396,17.20651740952271,11.161563258763346,109.0,284.50920320734684,False
2017-18,E09000011 Greenwich,Age9,35-44,65.50891548445831,16.164036618352796,18.32704789718887,98.0,136.15688605912285,False
2017-18,E09000011 Greenwich,Age9,45-54,54.46197667710949,6.016817369249584,39.52120595364091,89.0,154.4922165131026,False
2017-18,E09000011 Greenwich,Age9,55-64,57.98921334691074,11.771790515876061,30.23899613721322,85.0,104.55887790269772,False
2017-18,E09000011 Greenwich,Age9,65-74,67.08842725714176,14.21437788145899,18.697194861399254,50.0,64.12549269699609,False
2017-18,E09000011 Greenwich,Age9,75-84,43.215206207838165,10.4199505513983,46.36484324076353,16.0,32.54263520972776,True
2017-18,E09000011 Greenwich,Age9,85+,0.0,0.0,100.0,4.0,5.128108942675631,True
2017-18,E09000011 Greenwich,Age9,nan,38.249355771885504,0.0,61.750644228114496,5.0,4.515984040670124,True
2017-18,E09000012 Hackney,Age9,16-24,57.71546424015012,9.272173158781845,33.01236260106806,45.0,144.46814962900643,False
2017-18,E09000012 Hackney,Age9,25-34,86.76420843173429,8.080004357541702,5.1557872107239895,158.0,302.509166742454,False
2017-18,E09000012 Hackney,Age9,35-44,66.080287575185,13.878295079416263,20.041417345398756,139.0,204.57516604158877,False
2017-18,E09000012 Hackney,Age9,45-54,71.69568570462022,13.08240817530946,15.221906120070308,73.0,77.59673992210291,False
2017-18,E09000012 Hackney,Age9,55-64,57.5799327520497,10.753456862928537,31.66661038502176,58.0,71.06626573628438,False
2017-18,E09000012 Hackney,Age9,65-74,60.56186300716399,25.474620921818303,13.963516071017686,42.0,40.17042478368047,False
2017-18,E09000012 Hackney,Age9,75-84,27.760067404801568,18.268045701429894,53.97188689376854,16.0,31.80561896263442,True
2017-18,E09000012 Hackney,Age9,85+,9.996010490209851,12.50858017691735,77.49540933287281,4.0,9.974889132315447,True
2017-18,E09000012 Hackney,Age9,nan,17.794484903064813,0.0,82.20551509693517,3.0,4.449568228912217,True
2017-18,E09000013 Hammersmith and Fulham,Age9,16-24,64.30998949590762,9.977141066026345,25.712869438066004,31.0,70.16009228632048,False
2017-18,E09000013 Hammersmith and Fulham,Age9,25-34,76.98527914732544,9.783554474084431,13.231166378590132,104.0,177.12430836377257,False
2017-18,E09000013 Hammersmith and Fulham,Age9,35-44,70.55355697335716,9.78798918283153,19.658453843811305,102.0,104.22051998020247,False
2017-18,E09000013 Hammersmith and Fulham,Age9,45-54,70.31086699379554,8.186111455737342,21.503021550467103,77.0,79.19436576076437,False
2017-18,E09000013 Hammersmith and Fulham,Age9,55-64,64.37704378761075,4.570391360403433,31.052564851985824,63.0,62.49760165397095,False
2017-18,E09000013 Hammersmith and Fulham,Age9,65-74,54.95991036110627,14.360660307610551,30.67942933128319,60.0,48.500556918632604,False
2017-18,E09000013 Hammersmith and Fulham,Age9,75-84,53.54254130159942,10.306435310699491,36.151023387701095,41.0,48.8028951106147,False
2017-18,E09000013 Hammersmith and Fulham,Age9,85+,0.0,27.325121720267713,72.67487827973228,7.0,13.41785314437681,True
2017-18,E09000013 Hammersmith and Fulham,Age9,nan,48.926174349175945,18.644704255645745,32.42912139517832,4.0,8.276192334562811,True
2017-18,E09000014 Haringey,Age9,16-24,72.16870281598521,5.8838617388805705,21.9474354451342,34.0,135.5250312411117,False
2017-18,E09000014 Haringey,Age9,25-34,75.58330515851227,15.919082004028793,8.497612837458934,106.0,207.19232344729986,False
2017-18,E09000014 Haringey,Age9,35-44,63.68585314452522,17.593011794895904,18.721135060578867,95.0,146.8741518567824,False
2017-18,E09000014 Haringey,Age9,45-54,56.91940869878446,12.086047845836367,30.994543455379176,95.0,136.7124993121156,False
2017-18,E09000014 Haringey,Age9,55-64,66.9280801515659,2.8316075170286044,30.240312331405466,78.0,91.56656197755645,False
2017-18,E09000014 Haringey,Age9,65-74,64.4588632399319,15.81945011352489,19.721686646543215,59.0,57.1627298565438,False
2017-18,E09000014 Haringey,Age9,75-84,35.78501998197486,9.670663706846872,54.544316311178264,26.0,40.09708535399615,True
2017-18,E09000014 Haringey,Age9,85+,33.94880240900389,0.0,66.05119759099611,4.0,10.727892773555531,True
2017-18,E09000014 Haringey,Age9,nan,26.992874166375557,52.696687960646,20.31043787297845,5.0,8.345078325954166,True
2017-18,E09000015 Harrow,Age9,16-24,57.43983862937315,12.142870720013708,30.417290650613126,46.0,142.64861735434084,False
2017-18,E09000015 Harrow,Age9,25-34,66.50304823966745,14.65745368099212,18.83949807934043,73.0,153.18845767859514,False
2017-18,E09000015 Harrow,Age9,35-44,64.38246295347774,8.073370280973576,27.544166765548674,88.0,133.23011878964962,False
2017-18,E09000015 Harrow,Age9,45-54,55.43306607125638,16.17318262551327,28.39375130323037,95.0,138.22562555872136,False
2017-18,E09000015 Harrow,Age9,55-64,51.82533637029595,12.696477037951587,35.478186591752475,76.0,81.9069826566738,False
2017-18,E09000015 Harrow,Age9,65-74,50.08848190543511,10.312338460689519,39.59917963387537,73.0,73.97425375563465,False
2017-18,E09000015 Harrow,Age9,75-84,47.938732726486215,4.623928013346976,47.43733926016683,43.0,60.18444577925136,False
2017-18,E09000015 Harrow,Age9,85+,21.562603466345497,11.125897204355246,67.31149932929925,12.0,17.555711361604693,True
2017-18,E09000015 Harrow,Age9,nan,48.38964335963223,30.5647307726727,21.045625867695076,4.0,5.426517197517503,True
2017-18,E09000016 Havering,Age9,16-24,65.80460491334372,14.880605866829175,19.314789219827112,27.0,66.32273979610127,True
2017-18,E09000016 Havering,Age9,25-34,68.6212690358037,14.267291411706834,17.11143955248945,72.0,190.56360133769152,False
2017-18,E09000016 Havering,Age9,35-44,69.08471189531113,11.322459319907985,19.592828784780867,93.0,130.55658749150564,False
2017-18,E09000016 Havering,Age9,45-54,66.10584464498103,12.787936712369733,21.106218642649242,89.0,153.04825607681778,False
2017-18,E09000016 Havering,Age9,55-64,58.00900439722525,14.474658816174554,27.5163367866002,83.0,113.38666699970804,False
2017-18,E09000016 Havering,Age9,65-74,50.48761471465545,16.67836435749814,32.83402092784641,98.0,94.69044456893434,False
2017-18,E09000016 Havering,Age9,75-84,34.66103206370931,14.482878692356135,50.85608924393454,35.0,54.99438515586043,False
2017-18,E09000016 Havering,Age9,85+,12.225241900093273,0.0,87.77475809990673,6.0,9.882915930880205,True
2017-18,E09000016 Havering,Age9,nan,29.350343455408517,0.0,70.6496565445915,6.0,11.839246080881313,True
2017-18,E09000017 Hillingdon,Age9,16-24,78.04669771894982,0.5164226308666726,21.436879650183513,38.0,119.68158031511753,False
2017-18,E09000017 Hillingdon,Age9,25-34,50.77748468565302,21.186774472346563,28.03574084200042,67.0,166.82306280831432,False
2017-18,E09000017 Hillingdon,Age9,35-44,62.10072608477646,12.984513748119625,24.91476016710394,92.0,164.53464014126445,False
2017-18,E09000017 Hillingdon,Age9,45-54,53.296694091456175,13.34546883397599,33.35783707456781,95.0,192.09756219981216,False
2017-18,E09000017 Hillingdon,Age9,55-64,54.586104144665335,23.16389157187862,22.250004283456043,81.0,112.91972210456298,False
2017-18,E09000017 Hillingdon,Age9,65-74,50.112361731140645,9.809501161607297,40.07813710725207,84.0,98.5359139995354,False
2017-18,E09000017 Hillingdon,Age9,75-84,42.74148777194261,4.933035400346413,52.32547682771097,31.0,59.36431653775163,False
2017-18,E09000017 Hillingdon,Age9,85+,16.601984592421548,18.701192552817265,64.6968228547612,8.0,11.046872477130233,True
2017-18,E09000017 Hillingdon,Age9,nan,18.287510981502063,0.0,81.71248901849793,4.0,13.25406677647507,True
2017-18,E09000018 Hounslow,Age9,16-24,56.219673205144616,13.735558654593444,30.04476814026194,42.0,117.75179795992855,False
2017-18,E09000018 Hounslow,Age9,25-34,63.2271761680829,10.874681123108756,25.898142708808326,89.0,234.8478867057449,False
2017-18,E09000018 Hounslow,Age9,35-44,61.570072940803755,10.87179743384877,27.558129625347483,126.0,209.33481530801203,False
2017-18,E09000018 Hounslow,Age9,45-54,66.47165005822757,9.306781058022038,24.221568883750404,76.0,100.59165543706698,False
2017-18,E09000018 Hounslow,Age9,55-64,61.447353379143856,15.136029109673391,23.416617511182757,64.0,77.80649083792818,False
2017-18,E09000018 Hounslow,Age9,65-74,64.74458843189214,14.44146293044231,20.813948637665558,55.0,61.00141418826168,False
2017-18,E09000018 Hounslow,Age9,75-84,35.435040902614915,14.254567086101725,50.31039201128335,26.0,35.114788899971295,True
2017-18,E09000018 Hounslow,Age9,85+,14.747733680258273,0.0,85.25226631974174,7.0,11.532399457719563,True
2017-18,E09000018 Hounslow,Age9,nan,15.985246908307504,0.0,84.01475309169251,4.0,7.406672687808484,True
2017-18,E09000019 Islington,Age9,16-24,91.20737448871805,6.211064210027315,2.5815613012546192,32.0,95.99610600202598,False
2017-18,E09000019 Islington,Age9,25-34,86.42991910899354,6.707569314975046,6.862511576031384,119.0,260.0051044813279,False
2017-18,E09000019 Islington,Age9,35-44,79.76933873585863,8.13377485840111,12.096886405740262,99.0,130.7610566889314,False
2017-18,E09000019 Islington,Age9,45-54,70.6109296222295,10.227694149813194,19.161376227957316,95.0,121.45705716067417,False
2017-18,E09000019 Islington,Age9,55-64,50.91280611410788,10.609230096961658,38.477963788930474,75.0,78.42412277861699,False
2017-18,E09000019 Islington,Age9,65-74,57.86723697224506,14.643483917917788,27.489279109837145,40.0,43.424163774349424,False
2017-18,E09000019 Islington,Age9,75-84,45.81334797420905,15.295614189294815,38.89103783649615,15.0,24.004171822644714,True
2017-18,E09000019 Islington,Age9,85+,18.315932231083128,0.0,81.68406776891686,5.0,12.43506460151412,True
2017-18,E09000019 Islington,Age9,nan,0.0,0.0,100.0,4.0,5.864092706366725,True
2017-18,E09000020 Kensington and Chelsea,Age9,16-24,74.3371219927328,3.744210244249113,21.918667763018078,27.0,63.7037097878103,True
2017-18,E09000020 Kensington and Chelsea,Age9,25-34,77.78657621489965,9.307567728460862,12.905856056639495,63.0,81.5957289095568,False
2017-18,E09000020 Kensington and Chelsea,Age9,35-44,85.90788893798883,3.8161685923965676,10.275942469614606,87.0,81.87832358911703,False
2017-18,E09000020 Kensington and Chelsea,Age9,45-54,76.17041988849458,3.8315783802159373,19.998001731289474,104.0,99.51385375472466,False
2017-18,E09000020 Kensington and Chelsea,Age9,55-64,67.0610112076847,5.881412584698263,27.057576207617018,83.0,73.62567506514141,False
2017-18,E09000020 Kensington and Chelsea,Age9,65-74,59.71659126994228,15.195710173388951,25.087698556668776,81.0,54.42976769624028,False
2017-18,E09000020 Kensington and Chelsea,Age9,75-84,60.357505080325424,12.500835102026011,27.14165981764855,54.0,52.003563429675744,False
2017-18,E09000020 Kensington and Chelsea,Age9,85+,40.589076496955435,17.669263723349772,41.74165977969477,17.0,16.374040920530977,True
2017-18,E09000020 Kensington and Chelsea,Age9,nan,51.518617510557654,16.93908226337847,31.54230022606387,3.0,1.9397396394552116,True
2017-18,E09000021 Kingston upon Thames,Age9,16-24,88.25040756243733,3.082601334113684,8.666991103448995,34.0,92.06283324921772,False
2017-18,E09000021 Kingston upon Thames,Age9,25-34,66.87745243217626,12.941012666657759,20.181534901165996,65.0,103.57520907925517,False
2017-18,E09000021 Kingston upon Thames,Age9,35-44,59.69170073816814,18.58770634106176,21.720592920770102,107.0,99.84927971716375,False
2017-18,E09000021 Kingston upon Thames,Age9,45-54,70.09968309170797,9.026100718512184,20.87421618977984,81.0,83.69676687387589,False
2017-18,E09000021 Kingston upon Thames,Age9,55-64,74.73626070224176,10.538802349190927,14.724936948567313,90.0,73.1468091915396,False
2017-18,E09000021 Kingston upon Thames,Age9,65-74,58.796406475693274,18.397404025256712,22.806189499050024,61.0,47.962687971670015,False
2017-18,E09000021 Kingston upon Thames,Age9,75-84,48.609343553270804,14.067329049281796,37.323327397447386,25.0,31.62402470367643,True
2017-18,E09000021 Kingston upon Thames,Age9,85+,23.96599288516887,15.86796188713503,60.16604522769612,13.0,17.116350864908718,True
2017-18,E09000021 Kingston upon Thames,Age9,nan,74.30284885253235,25.697151147467657,0.0,4.0,4.72157197920773,True
2017-18,E09000022 Lambeth,Age9,16-24,87.01441621737871,5.878928055946057,7.10665572667525,44.0,139.42653543331699,False
2017-18,E09000022 Lambeth,Age9,25-34,74.4272999713099,11.878776589415784,13.69392343927433,118.0,313.18036876079583,False
2017-18,E09000022 Lambeth,Age9,35-44,62.290968077155014,16.03300927070508,21.676022652139913,125.0,217.27617135069465,False
2017-18,E09000022 Lambeth,Age9,45-54,76.9169226431722,12.274588788129611,10.808488568698165,85.0,154.2765850084811,False
2017-18,E09000022 Lambeth,Age9,55-64,71.27110569416445,11.795083179635947,16.933811126199615,59.0,96.2301204285564,False
2017-18,E09000022 Lambeth,Age9,65-74,61.13430551846353,3.52786471943721,35.33782976209924,46.0,56.41948714135526,False
2017-18,E09000022 Lambeth,Age9,75-84,37.95103018885692,8.406147582556828,53.64282222858626,21.0,50.22233315454412,True
2017-18,E09000022 Lambeth,Age9,85+,78.81399423444142,21.186005765558573,0.0,3.0,6.296525537505277,True
2017-18,E09000022 Lambeth,Age9,nan,0.0,0.0,100.0,3.0,4.936501504165662,True
2017-18,E09000023 Lewisham,Age9,16-24,75.31855204985864,4.8254962695469885,19.855951680594387,42.0,135.48737764939582,False
2017-18,E09000023 Lewisham,Age9,25-34,78.39821515690463,9.409515359879325,12.192269483216055,97.0,226.98797313991588,False
2017-18,E09000023 Lewisham,Age9,35-44,79.2003425063451,9.32737599948174,11.472281494173178,117.0,194.9937103676746,False
2017-18,E09000023 Lewisham,Age9,45-54,66.43285627388188,16.52293034974263,17.0442133763755,85.0,162.7090522755224,False
2017-18,E09000023 Lewisham,Age9,55-64,51.72198245251931,18.927216169420245,29.350801378060442,68.0,115.38389190875208,False
2017-18,E09000023 Lewisham,Age9,65-74,50.07421217656497,26.486851541882135,23.4389362815529,42.0,55.386164415302886,False
2017-18,E09000023 Lewisham,Age9,75-84,33.52668802574159,34.56863913104634,31.904672843212055,24.0,49.32865971918288,True
2017-18,E09000023 Lewisham,Age9,85+,0.0,0.0,100.0,1.0,1.416505555712793,True
2017-18,E09000023 Lewisham,Age9,nan,41.423856938943196,0.0,58.5761430610568,4.0,8.169171612774955,True
2017-18,E09000024 Merton,Age9,16-24,78.35291465584226,6.020036298848448,15.627049045309274,30.0,85.07666452283533,False
2017-18,E09000024 Merton,Age9,25-34,78.59658642344101,11.416312066528915,9.987101510030099,93.0,162.52280935599208,False
2017-18,E09000024 Merton,Age9,35-44,58.407111047233684,19.184458149296034,22.40843080347027,128.0,158.42650942216798,False
2017-18,E09000024 Merton,Age9,45-54,74.73011874108461,8.342563507452043,16.92731775146336,72.0,78.30037559214142,False
2017-18,E09000024 Merton,Age9,55-64,63.84547496113305,8.136178010451822,28.018347028415125,88.0,80.37032788951286,False
2017-18,E09000024 Merton,Age9,65-74,73.39821274734044,0.7613876025342754,25.840399650125278,48.0,49.49103945024449,False
2017-18,E09000024 Merton,Age9,75-84,38.921708593577364,12.290970290940049,48.78732111548259,25.0,32.11089826003846,True
2017-18,E09000024 Merton,Age9,85+,21.628758993028104,0.0,78.37124100697191,5.0,4.627487421765003,True
2017-18,E09000024 Merton,Age9,nan,67.69950781373952,0.0,32.3004921862605,6.0,6.061675219477956,True
2017-18,E09000025 Newham,Age9,16-24,61.37156701243946,7.372576691715421,31.25585629584512,61.0,200.56866618221693,False
2017-18,E09000025 Newham,Age9,25-34,55.140633565261346,12.809366658963828,32.04999977577483,137.0,355.9242648543409,False
2017-18,E09000025 Newham,Age9,35-44,43.83347443943179,24.21117035019949,31.955355210368726,100.0,190.4476469583174,False
2017-18,E09000025 Newham,Age9,45-54,59.4382327799462,15.434076469624792,25.127690750429004,88.0,172.90981768557825,False
2017-18,E09000025 Newham,Age9,55-64,38.338164090571176,21.71255612133212,39.94927978809672,57.0,81.6241983611054,False
2017-18,E09000025 Newham,Age9,65-74,32.763665792390064,24.36037667478916,42.875957532820784,31.0,41.60690584900604,False
2017-18,E09000025 Newham,Age9,75-84,25.287800266125803,2.6521557834769474,72.06004395039723,16.0,25.478919526338743,True
2017-18,E09000025 Newham,Age9,85+,0.0,0.0,100.0,3.0,9.225232320013482,True
2017-18,E09000025 Newham,Age9,nan,0.0,59.345637992406594,40.6543620075934,5.0,11.852313694822804,True
2017-18,E09000026 Redbridge,Age9,16-24,72.97665788887474,12.234398696332093,14.788943414793149,43.0,152.16400991162172,False
2017-18,E09000026 Redbridge,Age9,25-34,58.10864337046874,11.048420005013883,30.84293662451737,68.0,183.19711434851746,False
2017-18,E09000026 Redbridge,Age9,35-44,55.56894119108923,15.397651596939363,29.0334072119714,115.0,192.51220745370236,False
2017-18,E09000026 Redbridge,Age9,45-54,61.99564542931767,17.007647728910168,20.996706841772177,74.0,155.31766101767857,False
2017-18,E09000026 Redbridge,Age9,55-64,48.15727743544919,14.194194201859526,37.64852836269129,69.0,105.99665234615966,False
2017-18,E09000026 Redbridge,Age9,65-74,50.236756397599954,10.401914248170563,39.361329354229454,76.0,88.34758549246189,False
2017-18,E09000026 Redbridge,Age9,75-84,44.58104581861704,6.1735221461367225,49.245432035246225,22.0,32.2741632419608,True
2017-18,E09000026 Redbridge,Age9,85+,5.536953771711798,0.0,94.4630462282882,10.0,19.439383193422415,True
2017-18,E09000026 Redbridge,Age9,nan,76.9309691055135,0.0,23.069030894486502,6.0,16.131547534514862,True
2017-18,E09000027 Richmond upon Thames,Age9,16-24,88.1108616323342,8.993976602031502,2.895161765634282,25.0,74.40373778441909,True
2017-18,E09000027 Richmond upon Thames,Age9,25-34,84.93286760584787,7.0644219346009285,8.0027104595512,44.0,100.75195549087702,False
2017-18,E09000027 Richmond upon Thames,Age9,35-44,81.4368744873449,6.9786805993084,11.584444913346719,106.0,111.5173193654804,False
2017-18,E09000027 Richmond upon Thames,Age9,45-54,81.51292537479581,8.538167568519677,9.948907056684504,100.0,109.56094363278285,False
2017-18,E09000027 Richmond upon Thames,Age9,55-64,59.88260724584499,20.511670843058077,19.605721911096943,99.0,95.06526369800848,False
2017-18,E09000027 Richmond upon Thames,Age9,65-74,59.21005655787307,14.524112192538945,26.265831249587983,84.0,85.69745955218069,False
2017-18,E09000027 Richmond upon Thames,Age9,75-84,39.3418772538848,19.610330874052217,41.04779187206301,29.0,36.13638126403353,True
2017-18,E09000027 Richmond upon Thames,Age9,85+,34.66908563323454,13.401323972736945,51.929590394028516,8.0,11.038460289421122,True
2017-18,E09000027 Richmond upon Thames,Age9,nan,51.89876327221376,0.0,48.10123672778624,4.0,4.087579413038135,True
2017-18,E09000028 Southwark,Age9,16-24,75.14709169624706,17.730591044815284,7.1223172589376675,44.0,175.2901539759362,False
2017-18,E09000028 Southwark,Age9,25-34,77.80509597357457,10.408719911832899,11.786184114592537,136.0,329.7633076205905,False
2017-18,E09000028 Southwark,Age9,35-44,78.83848350291358,9.256116600630532,11.905399896455902,131.0,211.29676661174454,False
2017-18,E09000028 Southwark,Age9,45-54,66.43869465216224,9.550927685246764,24.010377662590983,80.0,118.82430301710033,False
2017-18,E09000028 Southwark,Age9,55-64,64.22078228581886,3.0317276235682247,32.747490090612914,62.0,108.52994658556968,False
2017-18,E09000028 Southwark,Age9,65-74,55.85514264691176,20.944430316465485,23.200427036622777,46.0,47.528651256050225,False
2017-18,E09000028 Southwark,Age9,75-84,34.30697233031932,18.988342287422956,46.70468538225772,12.0,15.846031997775983,True
2017-18,E09000028 Southwark,Age9,85+,0.0,15.498330484103922,84.50166951589608,6.0,9.04984349311956,True
2017-18,E09000028 Southwark,Age9,nan,62.23182403965446,0.0,37.76817596034554,3.0,6.319557095992973,True
2017-18,E09000029 Sutton,Age9,16-24,71.14602340231994,11.229026997050829,17.624949600629254,19.0,46.82561460590735,True
2017-18,E09000029 Sutton,Age9,25-34,55.61855275892089,9.276762584475646,35.104684656603446,67.0,118.68666107339547,False
2017-18,E09000029 Sutton,Age9,35-44,53.476056651398366,19.78751791524117,26.736425433360456,105.0,141.29467583665664,False
2017-18,E09000029 Sutton,Age9,45-54,50.43558644269221,17.303447467875714,32.26096608943206,84.0,115.14332458366897,False
2017-18,E09000029 Sutton,Age9,55-64,59.855635003333376,21.237020251773856,18.90734474489277,88.0,85.0065678203012,False
2017-18,E09000029 Sutton,Age9,65-74,54.02245742841571,17.305564328016636,28.67197824356763,89.0,72.14054420666228,False
2017-18,E09000029 Sutton,Age9,75-84,44.070023995297326,21.315594296210115,34.61438170849257,36.0,53.91049699212459,False
2017-18,E09000029 Sutton,Age9,85+,25.004775060285162,0.0,74.99522493971484,8.0,9.261322065290841,True
2017-18,E09000029 Sutton,Age9,nan,35.537482921936714,0.0,64.46251707806329,4.0,4.446007594037823,True
2017-18,E09000030 Tower Hamlets,Age9,16-24,63.73973830448476,10.889572559477978,25.37068913603725,66.0,220.27121286002065,False
2017-18,E09000030 Tower Hamlets,Age9,25-34,72.43451755217275,9.131640644669124,18.433841803158124,182.0,360.7306619654379,False
2017-18,E09000030 Tower Hamlets,Age9,35-44,68.42615667952732,9.255990971144689,22.31785234932798,129.0,201.25169399364762,False
2017-18,E09000030 Tower Hamlets,Age9,45-54,59.15579046756485,22.17392467713865,18.670284855296483,63.0,86.09853452108416,False
2017-18,E09000030 Tower Hamlets,Age9,55-64,62.442988054252666,15.57760281586903,21.979409129878274,39.0,43.364913013906275,False
2017-18,E09000030 Tower Hamlets,Age9,65-74,36.569014054219586,10.778008342135742,52.65297760364469,30.0,30.01562284389162,False
2017-18,E09000030 Tower Hamlets,Age9,75-84,32.26790415392488,34.0097619148619,33.722333931213214,8.0,11.290032505733688,True
2017-18,E09000030 Tower Hamlets,Age9,85+,61.519695133389504,0.0,38.480304866610496,2.0,1.712653456056791,True
2017-18,E09000030 Tower Hamlets,Age9,nan,79.72088074793848,0.0,20.279119252061513,3.0,7.67020627773614,True
2017-18,E09000031 Waltham Forest,Age9,16-24,75.3829302847903,9.41017112537147,15.20689858983823,31.0,110.34146790845865,False
2017-18,E09000031 Waltham Forest,Age9,25-34,73.67820225073551,5.846076686140565,20.475721063123917,85.0,168.0212197577296,False
2017-18,E09000031 Waltham Forest,Age9,35-44,61.959004920452884,9.249937292189617,28.791057787357506,125.0,193.26997639991865,False
2017-18,E09000031 Waltham Forest,Age9,45-54,66.93056465083043,5.587859850440877,27.481575498728667,95.0,157.8467634484435,False
2017-18,E09000031 Waltham Forest,Age9,55-64,48.55408032107202,23.13988560175098,28.306034077176996,73.0,105.17044192025482,False
2017-18,E09000031 Waltham Forest,Age9,65-74,44.82681980014293,19.009380557946837,36.16379964191024,45.0,55.097399954889,False
2017-18,E09000031 Waltham Forest,Age9,75-84,41.690034599784454,29.655979078719184,28.65398632149635,16.0,30.670256487541835,True
2017-18,E09000031 Waltham Forest,Age9,85+,0.0,0.0,100.0,10.0,26.02424142355679,True
2017-18,E09000031 Waltham Forest,Age9,nan,0.0,54.07434520579631,45.92565479420369,5.0,7.9205519856631215,True
2017-18,E09000032 Wandsworth,Age9,16-24,84.67724017195255,9.872085650347017,5.45067417770042,36.0,158.78910698209188,False
2017-18,E09000032 Wandsworth,Age9,25-34,81.51354871144532,11.992480851529798,6.493970437024893,111.0,293.30415439661476,False
2017-18,E09000032 Wandsworth,Age9,35-44,61.01553495035192,11.400675305372308,27.583789744275748,138.0,262.7161404340484,False
2017-18,E09000032 Wandsworth,Age9,45-54,76.75083780436019,2.221590190900469,21.02757200473934,98.0,153.78266849726165,False
2017-18,E09000032 Wandsworth,Age9,55-64,77.385946804418,11.05811883839984,11.55593435718219,59.0,72.78809050237615,False
2017-18,E09000032 Wandsworth,Age9,65-74,50.20150792823579,21.040721865123693,28.757770206640515,42.0,46.87446273970986,False
2017-18,E09000032 Wandsworth,Age9,75-84,53.33286689877084,0.0,46.66713310122918,21.0,33.69595705073206,True
2017-18,E09000032 Wandsworth,Age9,85+,100.0,0.0,0.0,6.0,12.341238882490806,True
2017-18,E09000032 Wandsworth,Age9,nan,100.0,0.0,0.0,3.0,5.714399290167277,True
2017-18,E09000033 Westminster,Age9,16-24,96.87334315610718,3.126656843892818,0.0,35.0,95.84054565290486,False
2017-18,E09000033 Westminster,Age9,25-34,75.73861005489697,7.579119532297204,16.68227041280582,97.0,217.32491698497145,False
2017-18,E09000033 Westminster,Age9,35-44,80.4091925513394,8.042131542487176,11.548675906173427,84.0,127.73750304647459,False
2017-18,E09000033 Westminster,Age9,45-54,59.43854270928512,16.47236136957223,24.08909592114264,87.0,132.7359141703536,False
2017-18,E09000033 Westminster,Age9,55-64,68.1878498230871,13.455261444466188,18.356888732446688,84.0,92.42429223281088,False
2017-18,E09000033 Westminster,Age9,65-74,44.762171755130495,14.956609641872317,40.28121860299719,67.0,71.88651442745139,False
2017-18,E09000033 Westminster,Age9,75-84,43.63142745647819,10.594878740588873,45.77369380293295,39.0,59.9398454062172,False
2017-18,E09000033 Westminster,Age9,85+,29.007479975172128,19.278829529339657,51.71369049548823,13.0,21.616244456746895,True
2017-18,E09000033 Westminster,Age9,nan,43.378507085153124,0.0,56.62149291484687,3.0,2.650225206931242,True
2017-18,E09000001 City of London,Gend3,Female,70.48490890233484,8.648604181452555,20.866486916212583,117.0,12.623517626229152,False
2017-18,E09000001 City of London,Gend3,Male,75.20456166809466,10.228322429286363,14.567115902618976,116.0,14.016924453115879,False
2017-18,E09000002 Barking and Dagenham,Gend3,Female,53.89186196455068,10.998921850515925,35.10921618493341,263.0,307.4502473367652,False
2017-18,E09000002 Barking and Dagenham,Gend3,Male,53.382698367858275,9.435660957234049,37.18164067490768,205.0,310.79812116809353,False
2017-18,E09000002 Barking and Dagenham,Gend3,nan,53.81426518116565,0.0,46.18573481883435,4.0,3.414007728177165,True
2017-18,E09000003 Barnet,Gend3,Female,58.25447770650346,15.431334222749054,26.314188070747495,287.0,601.6659776954128,False
2017-18,E09000003 Barnet,Gend3,Male,70.64817751805656,9.685318784437385,19.66650369750606,207.0,609.3307394973069,False
2017-18,E09000004 Bexley,Gend3,Female,66.88354896602199,11.571050397698762,21.54540063627924,290.0,447.2407971734017,False
2017-18,E09000004 Bexley,Gend3,Male,71.58446498312114,6.684491890489744,21.731043126389125,199.0,342.64159617782275,False
2017-18,E09000005 Brent,Gend3,Female,58.04522893323223,12.115448630266961,29.839322436500826,286.0,455.09087061254536,False
2017-18,E09000005 Brent,Gend3,Male,60.45380373945524,9.431821846677929,30.114374413866855,219.0,571.1706977581235,False
2017-18,E09000005 Brent,Gend3,Other,100.0,0.0,0.0,1.0,6.582275188831488,True
2017-18,E09000006 Bromley,Gend3,Female,60.909069860204525,13.0249775083945,26.065952631400947,265.0,544.8590291303196,False
2017-18,E09000006 Bromley,Gend3,Male,66.82066565977044,12.599667547667837,20.579666792561724,219.0,513.1190682514186,False
2017-18,E09000007 Camden,Gend3,Female,65.9671472710829,15.083648122327494,18.949204606589614,302.0,453.70440077043054,False
2017-18,E09000007 Camden,Gend3,Male,75.55736361275599,9.667338793857647,14.775297593386366,208.0,387.720186297927,False
2017-18,E09000007 Camden,Gend3,Other,100.0,0.0,0.0,3.0,7.743808717352758,True
2017-18,E09000008 Croydon,Gend3,Female,58.331385314799114,12.675794085118453,28.992820600082425,266.0,549.1824413797807,False
2017-18,E09000008 Croydon,Gend3,Male,66.53638003353596,11.101384067632345,22.362235898831695,231.0,652.5320298718073,False
2017-18,E09000008 Croydon,Gend3,Other,100.0,0.0,0.0,1.0,5.98551216302605,True
2017-18,E09000009 Ealing,Gend3,Female,68.07274921285969,9.496173875673348,22.431076911466956,286.0,560.9708412550804,False
2017-18,E09000009 Ealing,Gend3,Male,61.90040291078876,12.698142485367212,25.40145460384402,207.0,493.3752767084251,False
2017-18,E09000009 Ealing,Gend3,Other,0.0,0.0,100.0,1.0,1.8190947100386785,True
2017-18,E09000009 Ealing,Gend3,nan,0.0,0.0,100.0,1.0,3.440824293093519,True
2017-18,E09000010 Enfield,Gend3,Female,55.03365638818484,12.757822567326581,32.2085210444886,302.0,579.498181266543,False
2017-18,E09000010 Enfield,Gend3,Male,65.90245572560019,9.807116670404673,24.290427603995127,196.0,449.22677020942774,False
2017-18,E09000010 Enfield,Gend3,nan,0.0,0.0,100.0,1.0,1.4235214545004546,True
2017-18,E09000011 Greenwich,Gend3,Female,62.49311272974598,13.676666426370959,23.83022084388306,274.0,405.8372616544875,False
2017-18,E09000011 Greenwich,Gend3,Male,67.55060360877796,13.67638743996058,18.773008951261446,213.0,456.2482930176293,False
2017-18,E09000011 Greenwich,Gend3,Other,0.0,0.0,100.0,1.0,6.028653458393284,True
2017-18,E09000012 Hackney,Gend3,Female,65.99021549080754,14.463792664369848,19.545991844822623,296.0,425.0921952485727,False
2017-18,E09000012 Hackney,Gend3,Male,72.08784687733838,8.683641376996382,19.228511745665244,239.0,458.67889395510235,False
2017-18,E09000012 Hackney,Gend3,Other,100.0,0.0,0.0,2.0,1.3625212027507507,True
2017-18,E09000012 Hackney,Gend3,nan,0.0,0.0,100.0,1.0,1.4823787725531712,True
2017-18,E09000013 Hammersmith and Fulham,Gend3,Female,64.11886361456479,10.819210693614503,25.061925691820697,291.0,321.48121674733943,False
2017-18,E09000013 Hammersmith and Fulham,Gend3,Male,69.23267316513548,9.129023432902327,21.63830340196219,196.0,288.00525240557806,False
2017-18,E09000013 Hammersmith and Fulham,Gend3,nan,82.67566431991523,0.0,17.324335680084776,2.0,2.7079164003003067,True
2017-18,E09000014 Haringey,Gend3,Female,67.47618920305081,8.620063268833965,23.903747528115204,292.0,440.0320509598524,False
2017-18,E09000014 Haringey,Gend3,Male,63.3287237785645,16.72740676431859,19.943869457116943,209.0,390.3759581449925,False
2017-18,E09000014 Haringey,Gend3,nan,0.0,0.0,100.0,1.0,3.795345040070633,True
2017-18,E09000015 Harrow,Gend3,Female,52.37731502339146,14.806093074685686,32.816591901922855,273.0,384.388662092891,False
2017-18,E09000015 Harrow,Gend3,Male,62.09401032711169,9.660835989023136,28.245153683865187,235.0,418.14557192001894,False
2017-18,E09000015 Harrow,Gend3,nan,0.0,0.0,100.0,2.0,3.8064961190789752,True
2017-18,E09000016 Havering,Gend3,Female,54.68022426528002,16.133832720158043,29.185943014561953,284.0,403.3817001060754,False
2017-18,E09000016 Havering,Gend3,Male,66.70441284453503,11.109140652336212,22.186446503128753,223.0,418.57794266558466,False
2017-18,E09000016 Havering,Gend3,nan,100.0,0.0,0.0,2.0,3.3252006667204475,True
2017-18,E09000017 Hillingdon,Gend3,Female,58.962790724583336,12.673916148245462,28.363293127171207,267.0,484.54488047353107,False
2017-18,E09000017 Hillingdon,Gend3,Male,52.354483239735195,13.792596742462946,33.852920017801836,231.0,452.19087232247267,False
2017-18,E09000017 Hillingdon,Gend3,nan,57.80191323135466,0.0,42.19808676864534,2.0,1.5219845639600726,True
2017-18,E09000018 Hounslow,Gend3,Female,59.13212762805584,12.808286892087406,28.059585479856743,280.0,477.46743434797366,False
2017-18,E09000018 Hounslow,Gend3,Male,61.348961221845244,10.1752366248219,28.475802153332857,208.0,376.10427900667463,False
2017-18,E09000018 Hounslow,Gend3,nan,0.0,0.0,100.0,1.0,1.8162081277934206,True
2017-18,E09000019 Islington,Gend3,Female,71.60756309613042,10.470923894892442,17.921513008977143,265.0,385.4799070286943,False
2017-18,E09000019 Islington,Gend3,Male,78.86012101871384,6.375912552509279,14.76396642877687,216.0,383.43927026249355,False
2017-18,E09000019 Islington,Gend3,Other,100.0,0.0,0.0,1.0,2.2644746675298904,True
2017-18,E09000019 Islington,Gend3,nan,0.0,0.0,100.0,2.0,1.1872880577336296,True
2017-18,E09000020 Kensington and Chelsea,Gend3,Female,67.19978631633211,10.198868301184364,22.601345382483533,298.0,259.3927909795925,False
2017-18,E09000020 Kensington and Chelsea,Gend3,Male,77.50649532512736,4.868217038614045,17.62528763625858,218.0,262.6436175953928,False
2017-18,E09000020 Kensington and Chelsea,Gend3,Other,0.0,0.0,100.0,1.0,0.6018975320991662,True
2017-18,E09000020 Kensington and Chelsea,Gend3,nan,0.0,0.0,100.0,2.0,2.4260966851679315,True
2017-18,E09000021 Kingston upon Thames,Gend3,Female,67.57527599609315,12.129857769860857,20.294866234045976,279.0,289.12824238140354,False
2017-18,E09000021 Kingston upon Thames,Gend3,Male,68.0518562713358,11.761855017701278,20.186288710962927,200.0,263.41398176107805,False
2017-18,E09000021 Kingston upon Thames,Gend3,nan,0.0,100.0,0.0,1.0,1.2133094880334905,True
2017-18,E09000022 Lambeth,Gend3,Female,71.3282581428369,9.198020314903168,19.47372154225994,288.0,526.5616042576096,False
2017-18,E09000022 Lambeth,Gend3,Male,70.60142911839057,13.819934795576227,15.578636086033203,213.0,503.8723877916639,False
2017-18,E09000022 Lambeth,Gend3,Other,100.0,0.0,0.0,1.0,4.191151943625305,True
2017-18,E09000022 Lambeth,Gend3,nan,0.0,0.0,100.0,2.0,3.6394843265165036,True
2017-18,E09000023 Lewisham,Gend3,Female,63.40670905059675,15.666362011339018,20.926928938064222,291.0,540.4619234542059,False
2017-18,E09000023 Lewisham,Gend3,Male,74.9846454614183,10.243292633029906,14.7720619055518,188.0,408.64829959884116,False
2017-18,E09000023 Lewisham,Gend3,nan,100.0,0.0,0.0,1.0,0.7522835911872134,True
2017-18,E09000024 Merton,Gend3,Female,67.45333164143462,10.089205262094406,22.457463096470985,281.0,329.7326467276074,False
2017-18,E09000024 Merton,Gend3,Male,69.75265238705578,11.671783702495569,18.575563910448636,214.0,327.2551404065682,False
2017-18,E09000025 Newham,Gend3,Female,53.979501504234406,16.8326695912598,29.187828904505785,278.0,497.87239713166514,False
2017-18,E09000025 Newham,Gend3,Male,48.8538250692685,13.563064274678604,37.58311065605288,217.0,581.6521659764019,False
2017-18,E09000025 Newham,Gend3,Other,100.0,0.0,0.0,1.0,4.065243797891911,True
2017-18,E09000025 Newham,Gend3,nan,0.0,100.0,0.0,2.0,6.048158525781108,True
2017-18,E09000026 Redbridge,Gend3,Female,57.134100238408415,14.612357752256278,28.253542009335302,260.0,466.0292349963532,False
2017-18,E09000026 Redbridge,Gend3,Male,58.443217129633,11.188971877940169,30.36781099242683,219.0,474.0809327078971,False
2017-18,E09000026 Redbridge,Gend3,nan,13.99802120668008,0.0,86.00197879331989,4.0,5.27015683578943,True
2017-18,E09000027 Richmond upon Thames,Gend3,Female,66.74288106375354,13.781974157661125,19.475144778585314,266.0,304.16627620716474,False
2017-18,E09000027 Richmond upon Thames,Gend3,Male,79.87813210180121,9.213881990784925,10.907985907413865,231.0,320.5841777603529,False
2017-18,E09000027 Richmond upon Thames,Gend3,nan,0.0,0.0,100.0,2.0,3.5086465227237134,True
2017-18,E09000028 Southwark,Gend3,Female,60.7068775811893,17.028288222641297,22.264834196169396,269.0,460.9087903107061,False
2017-18,E09000028 Southwark,Gend3,Male,81.85320569612765,6.31876019545153,11.828034108420844,251.0,561.5397713431739,False
2017-18,E09000029 Sutton,Gend3,Female,54.475947728571384,17.729934029136228,27.79411824229239,288.0,355.7355880510829,False
2017-18,E09000029 Sutton,Gend3,Male,53.844155084518476,14.814666986894842,31.34117792858669,212.0,290.97962672696224,False
2017-18,E09000030 Tower Hamlets,Gend3,Female,62.087954085677985,10.174017275859844,27.73802863846217,277.0,450.40497345346057,False
2017-18,E09000030 Tower Hamlets,Gend3,Male,70.4392765686316,12.274036283195136,17.28668714817328,244.0,510.44510770611305,False
2017-18,E09000030 Tower Hamlets,Gend3,Other,0.0,0.0,100.0,1.0,1.5554502779412203,True
2017-18,E09000031 Waltham Forest,Gend3,Female,61.48989414227647,12.056107474964836,26.453998382758716,288.0,449.82951512242516,False
2017-18,E09000031 Waltham Forest,Gend3,Male,60.43669410446155,10.107493499269674,29.455812396268783,196.0,404.2564450637035,False
2017-18,E09000031 Waltham Forest,Gend3,nan,0.0,0.0,100.0,1.0,0.2763591003271673,True
2017-18,E09000032 Wandsworth,Gend3,Female,68.38861606069469,13.161917836297635,18.449466103007676,285.0,495.8409434034643,False
2017-18,E09000032 Wandsworth,Gend3,Male,78.73813771074934,6.860435554901835,14.401426734348826,226.0,537.3947038208032,False
2017-18,E09000032 Wandsworth,Gend3,Other,67.23893070625641,0.0,32.761069293743574,2.0,3.814927742217625,True
2017-18,E09000032 Wandsworth,Gend3,nan,100.0,0.0,0.0,1.0,2.955643809007636,True
2017-18,E09000033 Westminster,Gend3,Female,68.70203385132425,7.702037649385023,23.595928499290732,276.0,426.6676673136455,False
2017-18,E09000033 Westminster,Gend3,Male,69.45719496823155,13.261832810113242,17.2809722216552,233.0,395.4883342712167,False
2017-18,E09000001 City of London,Eth7,Black,39.5698760017383,0.0,60.430123998261706,2.0,0.1416946368725287,True
2017-18,E09000001 City of London,Eth7,Chinese,68.74373208241252,2.9351886332238166,28.32107928436366,13.0,2.086536895303223,True
2017-18,E09000001 City of London,Eth7,Mixed,52.01897889489337,0.0,47.98102110510663,4.0,0.4336274531206243,True
2017-18,E09000001 City of London,Eth7,Other ethnic group,62.06156016311187,20.948481335968687,16.989958500919425,6.0,0.6723609130846031,True
2017-18,E09000001 City of London,Eth7,South Asian,50.15734438195012,18.905276556033694,30.937379062016195,11.0,2.0571872727961362,True
2017-18,E09000001 City of London,Eth7,White British,71.35961257041154,9.949302238654154,18.691085190934313,140.0,14.51021017677286,False
2017-18,E09000001 City of London,Eth7,White Other,93.65713481956223,0.0,6.3428651804377605,40.0,4.654478106292718,False
2017-18,E09000001 City of London,Eth7,nan,74.8557076860383,23.54596360204606,1.598328711915658,17.0,2.0843466251023353,True
2017-18,E09000002 Barking and Dagenham,Eth7,Black,60.928773057424046,6.952737825315449,32.1184891172605,69.0,107.88829523143066,False
2017-18,E09000002 Barking and Dagenham,Eth7,Chinese,74.63253887693249,0.0,25.36746112306752,5.0,5.190455578368528,True
2017-18,E09000002 Barking and Dagenham,Eth7,Mixed,27.014465682493142,2.2476274811343653,70.73790683637247,10.0,17.4636104439189,True
2017-18,E09000002 Barking and Dagenham,Eth7,Other ethnic group,34.0754857693028,20.27694640178222,45.64756782891499,7.0,10.864877171072976,True
2017-18,E09000002 Barking and Dagenham,Eth7,South Asian,51.837932087739766,11.839054888588889,36.32301302367132,89.0,161.88519042527722,False
2017-18,E09000002 Barking and Dagenham,Eth7,White British,51.412738476416834,12.150879481882084,36.43638204170109,207.0,206.98105051026994,False
2017-18,E09000002 Barking and Dagenham,Eth7,White Other,67.8308262853193,8.181624040260168,23.98754967442057,51.0,72.01477440755224,False
2017-18,E09000002 Barking and Dagenham,Eth7,nan,41.22196702281244,7.206825313120266,51.57120766406733,34.0,39.374122465145454,False
2017-18,E09000003 Barnet,Eth7,Black,59.73787471326458,5.495419549830798,34.76670573690461,19.0,70.54657729871185,True
2017-18,E09000003 Barnet,Eth7,Chinese,58.81577605896734,3.609392451447535,37.57483148958514,14.0,55.32097227989904,True
2017-18,E09000003 Barnet,Eth7,Mixed,69.68359284095823,9.125401706180822,21.191005452860967,18.0,44.187607244087445,True
2017-18,E09000003 Barnet,Eth7,Other ethnic group,73.37993213923073,24.120481540485876,2.499586320283397,11.0,45.32428487891203,True
2017-18,E09000003 Barnet,Eth7,South Asian,75.00804423478252,11.317484964799588,13.674470800417907,63.0,225.2768371719689,False
2017-18,E09000003 Barnet,Eth7,White British,63.78258839579043,11.988810009127453,24.228601595082107,259.0,543.5360913603715,False
2017-18,E09000003 Barnet,Eth7,White Other,55.75162622219327,18.148802437644097,26.099571340162665,69.0,142.37466115485554,False
2017-18,E09000003 Barnet,Eth7,nan,55.921304736746514,17.202386874521633,26.876308388731847,41.0,84.4296858039135,False
2017-18,E09000004 Bexley,Eth7,Black,64.81117115763726,18.939108352954804,16.24972048940795,33.0,69.70662886945169,False
2017-18,E09000004 Bexley,Eth7,Chinese,91.74988376772164,0.0,8.25011623227836,5.0,7.443302372216041,True
2017-18,E09000004 Bexley,Eth7,Mixed,90.73209916641262,0.0,9.267900833587364,7.0,21.58441245079076,True
2017-18,E09000004 Bexley,Eth7,Other ethnic group,39.45731017690362,5.971604498926259,54.571085324170134,5.0,13.239546587367615,True
2017-18,E09000004 Bexley,Eth7,South Asian,66.45260068951094,4.143351065452449,29.404048245036606,21.0,42.49151100820447,True
2017-18,E09000004 Bexley,Eth7,White British,70.43610915687088,9.603678301194307,19.960212541934816,373.0,569.8656902079756,False
2017-18,E09000004 Bexley,Eth7,White Other,53.83489898561004,9.696224423494142,36.46887659089584,24.0,37.92874422731642,True
2017-18,E09000004 Bexley,Eth7,nan,63.52406996599987,1.7941283872818823,34.68180164671825,21.0,27.622557627901845,True
2017-18,E09000005 Brent,Eth7,Black,46.61292738593396,15.440261134324679,37.94681147974138,54.0,106.53859014609195,False
2017-18,E09000005 Brent,Eth7,Chinese,24.197977759077766,20.96327875967489,54.838743481247356,3.0,5.555245225964248,True
2017-18,E09000005 Brent,Eth7,Mixed,79.82742456743132,5.029753294881251,15.142822137687444,12.0,23.069725985502984,True
2017-18,E09000005 Brent,Eth7,Other ethnic group,41.68706573807371,10.780731052758478,47.53220320916781,23.0,56.186343034716415,True
2017-18,E09000005 Brent,Eth7,South Asian,58.54940020714449,12.832298154099595,28.618301638755923,149.0,437.71475986500377,False
2017-18,E09000005 Brent,Eth7,White British,74.05942433204861,5.556674304602646,20.383901363348745,138.0,163.90504298117148,False
2017-18,E09000005 Brent,Eth7,White Other,64.79161008163885,7.6397764922781635,27.568613426082976,95.0,193.24056603531565,False
2017-18,E09000005 Brent,Eth7,nan,43.577266345989734,8.869954796165832,47.55277885784441,32.0,46.633570285734095,False
2017-18,E09000006 Bromley,Eth7,Black,81.58817786075147,18.41182213924853,0.0,7.0,21.918624883649724,True
2017-18,E09000006 Bromley,Eth7,Chinese,49.21533841764338,0.0,50.78466158235663,4.0,12.980392059526793,True
2017-18,E09000006 Bromley,Eth7,Mixed,72.49475642277183,8.540457149128908,18.964786428099256,11.0,37.13156638357316,True
2017-18,E09000006 Bromley,Eth7,Other ethnic group,17.373836041601216,0.0,82.62616395839878,2.0,7.901515913306845,True
2017-18,E09000006 Bromley,Eth7,South Asian,38.70072224154937,22.36039164831911,38.93888611013151,18.0,61.5883262103125,True
2017-18,E09000006 Bromley,Eth7,White British,66.9802167428736,11.871123123807019,21.148660133319385,380.0,801.6104477890373,False
2017-18,E09000006 Bromley,Eth7,White Other,54.949595603059066,16.692856194287057,28.35754820265389,32.0,49.50792602627689,False
2017-18,E09000006 Bromley,Eth7,nan,52.3660516512111,17.166388715170704,30.46755963361821,30.0,65.33929811605496,False
2017-18,E09000007 Camden,Eth7,Black,66.01289056150684,19.372233016523758,14.614876421969408,22.0,56.253074890711616,True
2017-18,E09000007 Camden,Eth7,Chinese,83.00778253727718,16.149927142566412,0.8422903201564311,17.0,61.36565791203109,True
2017-18,E09000007 Camden,Eth7,Mixed,96.96348952851696,3.0365104714830418,0.0,24.0,54.844020540837924,True
2017-18,E09000007 Camden,Eth7,Other ethnic group,55.972802395966795,8.475835881070495,35.55136172296271,15.0,25.328034116988515,True
2017-18,E09000007 Camden,Eth7,South Asian,58.82926138363808,14.208205158430824,26.962533457931087,37.0,93.02478956695543,False
2017-18,E09000007 Camden,Eth7,White British,71.81610561754019,11.243631365974618,16.940263016485186,241.0,321.1250444991688,False
2017-18,E09000007 Camden,Eth7,White Other,70.87971614484843,13.884369036588396,15.235914818563176,126.0,197.1590033290416,False
2017-18,E09000007 Camden,Eth7,nan,48.59577815407597,11.479647600415552,39.924574245508474,31.0,40.06877092997522,False
2017-18,E09000008 Croydon,Eth7,Black,71.95198592245255,18.373944463860465,9.674069613686997,38.0,140.13641425249745,False
2017-18,E09000008 Croydon,Eth7,Chinese,81.21684115674648,3.4708452839434543,15.312313559310056,11.0,38.314951933673406,True
2017-18,E09000008 Croydon,Eth7,Mixed,78.17660438538645,2.7429581203659623,19.080437494247608,25.0,102.83448654087604,True
2017-18,E09000008 Croydon,Eth7,Other ethnic group,62.9068507732527,0.0,37.093149226747315,10.0,49.266921780627584,True
2017-18,E09000008 Croydon,Eth7,South Asian,42.70356347724018,16.830475501086717,40.46596102167309,50.0,173.80657136488884,False
2017-18,E09000008 Croydon,Eth7,White British,65.78935054415058,11.979586283433887,22.23106317241553,268.0,512.3408353628076,False
2017-18,E09000008 Croydon,Eth7,White Other,57.64511238771276,10.239512901044286,32.11537471124296,58.0,119.57110042554726,False
2017-18,E09000008 Croydon,Eth7,nan,51.73595509405641,12.994625912678531,35.269418993265056,38.0,71.42870175369586,False
2017-18,E09000009 Ealing,Eth7,Black,71.86524964821312,9.020707134429871,19.11404321735699,32.0,89.36477723234549,False
2017-18,E09000009 Ealing,Eth7,Chinese,68.12618156020716,31.87381843979284,0.0,5.0,14.366874946071865,True
2017-18,E09000009 Ealing,Eth7,Mixed,73.2892202395525,2.3133951988737347,24.397384561573762,19.0,50.33967387214285,True
2017-18,E09000009 Ealing,Eth7,Other ethnic group,33.39881871346919,14.10151271456506,52.49966857196573,11.0,19.416189175842412,True
2017-18,E09000009 Ealing,Eth7,South Asian,65.52165031244684,8.533965468775405,25.94438421877775,87.0,303.82455399181754,False
2017-18,E09000009 Ealing,Eth7,White British,65.25931394958953,13.320664275112279,21.42002177529819,214.0,341.8180462290925,False
2017-18,E09000009 Ealing,Eth7,White Other,74.54407382180915,8.89510523435557,16.560820943835306,86.0,166.7073043802977,False
2017-18,E09000009 Ealing,Eth7,nan,31.818425422100265,17.741442232096063,50.440132345803676,41.0,73.76861713902736,False
2017-18,E09000010 Enfield,Eth7,Black,56.710348870447824,28.348380702131905,14.941270427420278,49.0,146.05667727154048,False
2017-18,E09000010 Enfield,Eth7,Chinese,81.74007599318925,18.259924006810753,0.0,3.0,7.199516873105694,True
2017-18,E09000010 Enfield,Eth7,Mixed,72.18773777626612,0.0,27.812262223733892,10.0,29.263871619498516,True
2017-18,E09000010 Enfield,Eth7,Other ethnic group,73.94901887851513,6.390309895794938,19.66067122568993,18.0,53.60032413950793,True
2017-18,E09000010 Enfield,Eth7,South Asian,71.2483983113886,3.6399611586871607,25.111640529924244,40.0,132.0160982054798,False
2017-18,E09000010 Enfield,Eth7,White British,56.32321749487964,9.961769126438174,33.71501337868219,260.0,422.74847902769426,False
2017-18,E09000010 Enfield,Eth7,White Other,62.735539914821416,8.20762572027832,29.056834364900276,80.0,167.94254031821305,False
2017-18,E09000010 Enfield,Eth7,nan,39.21703568675122,15.619993085843435,45.16297122740535,39.0,71.32096547543146,False
2017-18,E09000011 Greenwich,Eth7,Black,58.15908038655704,13.780550957083918,28.06036865635903,40.0,121.008146294456,False
2017-18,E09000011 Greenwich,Eth7,Chinese,28.708538217933732,40.76244657839485,30.529015203671424,11.0,27.089725603815346,True
2017-18,E09000011 Greenwich,Eth7,Mixed,64.84439546207983,12.227007373963273,22.928597163956894,14.0,37.69327758245007,True
2017-18,E09000011 Greenwich,Eth7,Other ethnic group,47.71375818486009,0.0,52.286241815139924,10.0,19.30753809645171,True
2017-18,E09000011 Greenwich,Eth7,South Asian,50.962631964855845,27.902716534144258,21.134651500999908,31.0,96.21567054937626,False
2017-18,E09000011 Greenwich,Eth7,White British,71.95457270507475,10.354800898695858,17.690626396229405,273.0,396.28513565784885,False
2017-18,E09000011 Greenwich,Eth7,White Other,72.23962424533231,9.255093598699728,18.505282155967944,83.0,130.0892284381072,False
2017-18,E09000011 Greenwich,Eth7,nan,54.062207444877494,13.989457759808563,31.948334795313936,26.0,40.42548590800463,True
2017-18,E09000012 Hackney,Eth7,Black,41.807690474733676,25.20403443454126,32.98827509072508,63.0,154.7322389131389,False
2017-18,E09000012 Hackney,Eth7,Chinese,70.93584832392817,6.543750043997362,22.520401632074446,13.0,27.34799085208865,True
2017-18,E09000012 Hackney,Eth7,Mixed,81.5684134632847,5.732667929873224,12.69891860684208,19.0,40.615071386533295,True
2017-18,E09000012 Hackney,Eth7,Other ethnic group,78.52461078217986,12.954074294694424,8.521314923125724,18.0,49.94611390619273,True
2017-18,E09000012 Hackney,Eth7,South Asian,58.91079329795329,23.645626892890828,17.443579809155864,26.0,55.95104872774978,True
2017-18,E09000012 Hackney,Eth7,White British,80.12127660243323,5.715998034966558,14.162725362600206,258.0,320.5550744287242,False
2017-18,E09000012 Hackney,Eth7,White Other,81.38724886806169,7.7573829816786555,10.85536815025965,107.0,162.5898219799811,False
2017-18,E09000012 Hackney,Eth7,nan,45.371480212549486,10.099191322241452,44.529328465209076,34.0,74.87862898457033,False
2017-18,E09000013 Hammersmith and Fulham,Eth7,Black,52.61267022266362,4.568828413547268,42.81850136378912,20.0,40.906603000295156,True
2017-18,E09000013 Hammersmith and Fulham,Eth7,Chinese,87.02809724880606,0.0,12.971902751193937,13.0,26.003976222281178,True
2017-18,E09000013 Hammersmith and Fulham,Eth7,Mixed,50.313319144050276,11.268404583440947,38.41827627250879,13.0,19.452411281998803,True
2017-18,E09000013 Hammersmith and Fulham,Eth7,Other ethnic group,33.72964333759389,37.04076803459694,29.22958862780916,9.0,18.244325877452766,True
2017-18,E09000013 Hammersmith and Fulham,Eth7,South Asian,46.46022799441934,8.073046610776187,45.46672539480449,23.0,48.02218506112611,True
2017-18,E09000013 Hammersmith and Fulham,Eth7,White British,71.46410153061596,9.80386503383055,18.73203343555348,258.0,268.1576976117842,False
2017-18,E09000013 Hammersmith and Fulham,Eth7,White Other,73.00286527452396,10.929352796275522,16.067781929200546,104.0,126.86542982470853,False
2017-18,E09000013 Hammersmith and Fulham,Eth7,nan,63.68869018554017,9.641490425323965,26.669819389135863,49.0,64.541756673571,False
2017-18,E09000014 Haringey,Eth7,Black,31.001053333064593,15.707356509013678,53.29159015792172,45.0,115.10157238414735,False
2017-18,E09000014 Haringey,Eth7,Chinese,58.67098466513435,34.688263880480505,6.640751454385148,8.0,12.943381599036627,True
2017-18,E09000014 Haringey,Eth7,Mixed,76.11493401707735,7.572340531354785,16.312725451567864,25.0,63.8865908782815,True
2017-18,E09000014 Haringey,Eth7,Other ethnic group,49.29913179554394,32.08628392157395,18.614584282882102,12.0,31.12040339583705,True
2017-18,E09000014 Haringey,Eth7,South Asian,48.965593482532945,7.380318242496919,43.65408827497013,29.0,63.27279123907106,True
2017-18,E09000014 Haringey,Eth7,White British,74.62564131342374,10.249291196767874,15.1250674898084,246.0,322.2135813212143,False
2017-18,E09000014 Haringey,Eth7,White Other,81.71216703114398,10.562944386817872,7.724888582038158,107.0,173.2062212859577,False
2017-18,E09000014 Haringey,Eth7,nan,45.60631485617621,18.773694906397893,35.61999023742589,30.0,52.45881204136996,False
2017-18,E09000015 Harrow,Eth7,Black,33.70642636095955,26.05481944965807,40.23875418938239,18.0,37.934875959421866,True
2017-18,E09000015 Harrow,Eth7,Chinese,52.470648291361165,25.657774950928648,21.87157675771018,6.0,12.182256640934842,True
2017-18,E09000015 Harrow,Eth7,Mixed,55.06294164021013,0.0,44.93705835978986,10.0,28.27756755493871,True
2017-18,E09000015 Harrow,Eth7,Other ethnic group,7.41674338552851,4.371676743716915,88.21157987075458,12.0,32.70427710601732,True
2017-18,E09000015 Harrow,Eth7,South Asian,64.52743758035515,14.191383718204445,21.281178701440407,173.0,325.9397226418159,False
2017-18,E09000015 Harrow,Eth7,White British,62.079945250572266,9.23700096371963,28.683053785708108,208.0,241.75064903338776,False
2017-18,E09000015 Harrow,Eth7,White Other,61.24441711642012,9.702645105450252,29.05293777812963,40.0,55.845173652035285,False
2017-18,E09000015 Harrow,Eth7,nan,40.7215643427206,12.363909697853233,46.914525959426165,43.0,71.7062075434373,False
2017-18,E09000016 Havering,Eth7,Black,48.7511136819115,21.71096893753531,29.537917380553196,25.0,53.45120472381521,True
2017-18,E09000016 Havering,Eth7,Chinese,85.13319813142624,14.866801868573774,0.0,2.0,10.011235422595517,True
2017-18,E09000016 Havering,Eth7,Mixed,77.54391785881491,0.0,22.456082141185085,8.0,33.25601113607138,True
2017-18,E09000016 Havering,Eth7,Other ethnic group,59.983490922242154,0.0,40.01650907775784,9.0,13.76125621987599,True
2017-18,E09000016 Havering,Eth7,South Asian,48.87415382194866,20.65632906326417,30.469517114787152,23.0,62.01195980457346,True
2017-18,E09000016 Havering,Eth7,White British,65.34869760299232,12.808722356493243,21.84258004051442,391.0,581.785139365303,False
2017-18,E09000016 Havering,Eth7,White Other,26.000682628136477,23.55395169852702,50.44536567333652,27.0,38.00203363704141,True
2017-18,E09000016 Havering,Eth7,nan,42.73198218366431,6.691503286849419,50.576514529486275,24.0,33.00600312910463,True
2017-18,E09000017 Hillingdon,Eth7,Black,38.41479650576315,14.13780850944876,47.4473949847881,11.0,22.83088989056352,True
2017-18,E09000017 Hillingdon,Eth7,Chinese,57.605893500658865,0.0,42.394106499341135,5.0,7.128078141536928,True
2017-18,E09000017 Hillingdon,Eth7,Mixed,90.57339547006595,9.426604529934068,0.0,9.0,26.410267826051008,True
2017-18,E09000017 Hillingdon,Eth7,Other ethnic group,52.96675604094545,17.0565088164592,29.97673514259534,14.0,51.340819664315354,True
2017-18,E09000017 Hillingdon,Eth7,South Asian,53.942155773304265,14.079007840083465,31.97883638661228,100.0,255.26658502909044,False
2017-18,E09000017 Hillingdon,Eth7,White British,60.47261516768941,11.202167334291211,28.325217498019374,273.0,433.10665727298954,False
2017-18,E09000017 Hillingdon,Eth7,White Other,49.82725061276023,20.309253485607954,29.863495901631808,51.0,77.1281964819314,False
2017-18,E09000017 Hillingdon,Eth7,nan,32.736952473725175,14.120491178929518,53.14255634734531,37.0,65.0462430534856,False
2017-18,E09000018 Hounslow,Eth7,Black,26.523210080606514,12.323156849373742,61.15363307001975,18.0,40.66532205324135,True
2017-18,E09000018 Hounslow,Eth7,Chinese,75.32315368001828,7.281417073463315,17.395429246518407,9.0,14.434417054679432,True
2017-18,E09000018 Hounslow,Eth7,Mixed,76.10389635500003,6.7456384225274695,17.150465222472498,15.0,34.53233575398703,True
2017-18,E09000018 Hounslow,Eth7,Other ethnic group,48.52838618862722,20.519637609761173,30.951976201611618,9.0,21.62656211776746,True
2017-18,E09000018 Hounslow,Eth7,South Asian,56.71726259268502,17.390919647777118,25.8918177595379,125.0,278.79672802905884,False
2017-18,E09000018 Hounslow,Eth7,White British,66.98441815348335,9.26007782699831,23.75550401951832,191.0,253.74491042190118,False
2017-18,E09000018 Hounslow,Eth7,White Other,63.46236374757136,9.65380046363216,26.883835788796475,86.0,151.37259007710313,False
2017-18,E09000018 Hounslow,Eth7,nan,50.61689474507357,0.0,49.383105254926434,36.0,60.21505597470326,False
2017-18,E09000019 Islington,Eth7,Black,58.08999113198448,34.10133790936326,7.808670958652243,18.0,39.24723232833153,True
2017-18,E09000019 Islington,Eth7,Chinese,71.19656068768818,16.030939424292562,12.772499888019231,12.0,19.361093486195863,True
2017-18,E09000019 Islington,Eth7,Mixed,90.62867275415276,3.441434957924034,5.929892287923198,17.0,64.70177824537924,True
2017-18,E09000019 Islington,Eth7,Other ethnic group,68.55458909970794,1.5316490572920418,29.91376184300001,18.0,35.96879805020677,True
2017-18,E09000019 Islington,Eth7,South Asian,83.69906761214577,4.589660801537266,11.711271586316965,11.0,28.604164451012537,True
2017-18,E09000019 Islington,Eth7,White British,75.98169940969225,5.122649691255299,18.89565089905244,261.0,382.21129065924134,False
2017-18,E09000019 Islington,Eth7,White Other,73.3536080948005,13.254039948013382,13.392351957186122,113.0,160.52863390611665,False
2017-18,E09000019 Islington,Eth7,nan,68.72803740323099,8.089426193040369,23.182536403728633,34.0,41.747948889967475,False
2017-18,E09000020 Kensington and Chelsea,Eth7,Black,61.863960535123596,11.46788463742612,26.66815482745028,16.0,22.379997026713703,True
2017-18,E09000020 Kensington and Chelsea,Eth7,Chinese,38.309771582832006,0.0,61.69022841716798,7.0,16.49131811297854,True
2017-18,E09000020 Kensington and Chelsea,Eth7,Mixed,78.92211289723735,0.0,21.077887102762645,17.0,21.73414743890461,True
2017-18,E09000020 Kensington and Chelsea,Eth7,Other ethnic group,61.47279872827123,6.700214133381563,31.826987138347228,22.0,36.89522546888339,True
2017-18,E09000020 Kensington and Chelsea,Eth7,South Asian,75.95035572770547,10.703821689825183,13.34582258246934,35.0,54.69841526138177,False
2017-18,E09000020 Kensington and Chelsea,Eth7,White British,73.22818528937293,8.132165754048444,18.639648956578622,257.0,222.21505156251783,False
2017-18,E09000020 Kensington and Chelsea,Eth7,White Other,76.97155923090719,7.594666385386491,15.433774383706321,129.0,123.03938907565113,False
2017-18,E09000020 Kensington and Chelsea,Eth7,nan,68.47929921369166,3.377188834151998,28.14351195215636,36.0,27.61085884522146,False
2017-18,E09000021 Kingston upon Thames,Eth7,Black,39.488946930473205,0.0,60.51105306952679,6.0,6.497331999081149,True
2017-18,E09000021 Kingston upon Thames,Eth7,Chinese,42.85264704137395,57.14735295862605,0.0,4.0,6.010665632604355,True
2017-18,E09000021 Kingston upon Thames,Eth7,Mixed,81.56160674469301,0.0,18.43839325530699,7.0,8.073256750726983,True
2017-18,E09000021 Kingston upon Thames,Eth7,Other ethnic group,86.51854831789613,9.059581462035572,4.421870220068309,14.0,25.654048650059973,True
2017-18,E09000021 Kingston upon Thames,Eth7,South Asian,60.182781595968635,10.602262365638737,29.214956038392625,25.0,70.45764007374201,True
2017-18,E09000021 Kingston upon Thames,Eth7,White British,69.08899000753671,10.763781748216303,20.147228244246975,343.0,359.4248498473222,False
2017-18,E09000021 Kingston upon Thames,Eth7,White Other,61.89307776694908,20.89940584466242,17.2075163883885,63.0,61.51707068226866,False
2017-18,E09000021 Kingston upon Thames,Eth7,nan,73.90816692818238,15.464161502010723,10.62767156980691,18.0,16.120669994709722,True
2017-18,E09000022 Lambeth,Eth7,Black,66.70032279160417,19.681297484554104,13.618379723841725,44.0,128.0778826330941,False
2017-18,E09000022 Lambeth,Eth7,Chinese,45.867753936663995,54.13224606333601,0.0,3.0,10.687822858506653,True
2017-18,E09000022 Lambeth,Eth7,Mixed,74.26626706638243,7.209187298318274,18.52454563529928,12.0,39.89777142814635,True
2017-18,E09000022 Lambeth,Eth7,Other ethnic group,77.8935372016912,11.332575379441021,10.773887418867757,10.0,36.29082980775312,True
2017-18,E09000022 Lambeth,Eth7,South Asian,43.686040417129796,35.26504126814058,21.04891831472963,22.0,48.565820058570665,True
2017-18,E09000022 Lambeth,Eth7,White British,78.0759486721193,7.478961840374916,14.445089487505777,278.0,485.4152543569038,False
2017-18,E09000022 Lambeth,Eth7,White Other,76.97503077069807,8.792210710575302,14.23275851872663,91.0,191.92119887515105,False
2017-18,E09000022 Lambeth,Eth7,nan,40.396668726724585,10.041517349986249,49.5618139232892,44.0,97.40804830128955,False
2017-18,E09000023 Lewisham,Eth7,Black,56.93027281715393,18.421319712841008,24.648407470005086,68.0,176.5643872401903,False
2017-18,E09000023 Lewisham,Eth7,Chinese,13.022859007872734,8.291696942971832,78.68544404915542,8.0,18.232746138074233,True
2017-18,E09000023 Lewisham,Eth7,Mixed,83.90483647054906,2.7127037042993867,13.38245982515155,16.0,51.01838369531438,True
2017-18,E09000023 Lewisham,Eth7,Other ethnic group,50.23790121833015,20.117778538924583,29.644320242745252,12.0,32.34510991055382,True
2017-18,E09000023 Lewisham,Eth7,South Asian,54.43988363666802,0.0,45.56011636333198,8.0,17.229904784555956,True
2017-18,E09000023 Lewisham,Eth7,White British,75.60047281877237,13.44891906325838,10.95060811796924,260.0,468.7234160563579,False
2017-18,E09000023 Lewisham,Eth7,White Other,77.96647064505707,10.798818401180473,11.23471095376245,71.0,116.2054820583984,False
2017-18,E09000023 Lewisham,Eth7,nan,48.282450607733466,12.962212376508292,38.75533701575824,37.0,69.54307676078935,False
2017-18,E09000024 Merton,Eth7,Black,72.34540403210778,0.0,27.654595967892202,31.0,71.74754047764236,False
2017-18,E09000024 Merton,Eth7,Chinese,66.11397575116521,2.3525048124134655,31.53351943642132,10.0,15.762188775440308,True
2017-18,E09000024 Merton,Eth7,Mixed,73.49951808868963,26.50048191131038,0.0,11.0,20.467811678563688,True
2017-18,E09000024 Merton,Eth7,Other ethnic group,59.10832954913094,23.285524467128653,17.60614598374041,13.0,32.80297487716071,True
2017-18,E09000024 Merton,Eth7,South Asian,59.53080330808873,16.86032885027737,23.608867841633906,38.0,83.10860088327894,False
2017-18,E09000024 Merton,Eth7,White British,71.18052724103853,8.20902499874212,20.61044776021936,280.0,310.3088473984799,False
2017-18,E09000024 Merton,Eth7,White Other,69.7773246130218,17.078899785001095,13.143775601977092,72.0,80.18843788044128,False
2017-18,E09000024 Merton,Eth7,nan,64.82574921563085,11.383852273111035,23.790398511258108,40.0,42.60138516316837,False
2017-18,E09000025 Newham,Eth7,Black,37.51156110104879,20.43643130448353,42.052007594467696,71.0,163.11908379526938,False
2017-18,E09000025 Newham,Eth7,Chinese,33.98058997230203,31.888613964104206,34.13079606359377,12.0,25.635345994483796,True
2017-18,E09000025 Newham,Eth7,Mixed,55.97216938200608,24.55187193467614,19.47595868331778,20.0,44.07719860789371,True
2017-18,E09000025 Newham,Eth7,Other ethnic group,64.45757322196651,4.4941962817785095,31.04823049625499,15.0,46.61815790113998,True
2017-18,E09000025 Newham,Eth7,South Asian,52.93170850024451,15.58507158702229,31.4832199127332,128.0,395.51131714940277,False
2017-18,E09000025 Newham,Eth7,White British,60.53941251531628,12.442091831332675,27.018495653351042,137.0,187.56760643825405,False
2017-18,E09000025 Newham,Eth7,White Other,46.13483646669423,12.6192021373068,41.245961395998975,66.0,158.88692110581917,False
2017-18,E09000025 Newham,Eth7,nan,52.98662680391257,13.613648562181838,33.399724633905585,49.0,68.22233443947711,False
2017-18,E09000026 Redbridge,Eth7,Black,53.725124141688454,33.26772054733356,13.007155310977996,22.0,57.72747243887473,True
2017-18,E09000026 Redbridge,Eth7,Chinese,88.57461602706873,0.0,11.425383972931268,7.0,7.85891012503635,True
2017-18,E09000026 Redbridge,Eth7,Mixed,77.61231590784922,10.912383615580033,11.475300476570748,9.0,27.56010346866642,True
2017-18,E09000026 Redbridge,Eth7,Other ethnic group,37.89640334634184,0.0,62.103596653658144,6.0,15.399942913304878,True
2017-18,E09000026 Redbridge,Eth7,South Asian,56.08391371604462,11.276008779013903,32.640077504941466,166.0,422.0812594280298,False
2017-18,E09000026 Redbridge,Eth7,White British,59.092110435007804,13.908412267941367,26.999477297050824,197.0,272.2267221721331,False
2017-18,E09000026 Redbridge,Eth7,White Other,53.51746934712812,11.805463732009324,34.67706692086255,42.0,81.98450633197531,False
2017-18,E09000026 Redbridge,Eth7,nan,61.785851714487784,6.269390086200481,31.94475819931174,34.0,60.54140766201908,False
2017-18,E09000027 Richmond upon Thames,Eth7,Black,0.0,0.0,100.0,1.0,1.5385188827226024,True
2017-18,E09000027 Richmond upon Thames,Eth7,Chinese,100.0,0.0,0.0,3.0,5.1808990064900655,True
2017-18,E09000027 Richmond upon Thames,Eth7,Mixed,76.64114698711417,23.358853012885838,0.0,6.0,26.636132238297012,True
2017-18,E09000027 Richmond upon Thames,Eth7,Other ethnic group,49.432989360951424,10.857530705372605,39.709479933675986,8.0,17.950999556946854,True
2017-18,E09000027 Richmond upon Thames,Eth7,South Asian,70.4723925962976,5.834842719386738,23.692764684315648,22.0,36.15400677892145,True
2017-18,E09000027 Richmond upon Thames,Eth7,White British,76.13023727169364,10.059695165047614,13.810067563258738,369.0,432.3624909084598,False
2017-18,E09000027 Richmond upon Thames,Eth7,White Other,73.25085161653774,13.996927727446693,12.752220656015567,64.0,78.00406673030858,False
2017-18,E09000027 Richmond upon Thames,Eth7,nan,42.19675267855622,22.231162237611883,35.5720850838319,26.0,30.431986388094955,True
2017-18,E09000028 Southwark,Eth7,Black,62.71672655548457,14.094316764523338,23.18895667999209,54.0,164.34059131675164,False
2017-18,E09000028 Southwark,Eth7,Chinese,81.52557333499225,11.706515246994147,6.767911418013611,15.0,47.23456619795983,True
2017-18,E09000028 Southwark,Eth7,Mixed,81.12328261145434,4.378260610371957,14.49845677817371,19.0,43.947591136713754,True
2017-18,E09000028 Southwark,Eth7,Other ethnic group,43.71822989368583,32.218418706967675,24.0633513993465,17.0,40.93004670927748,True
2017-18,E09000028 Southwark,Eth7,South Asian,73.55495910097176,11.70831312661767,14.736727772410548,21.0,68.30104270969123,True
2017-18,E09000028 Southwark,Eth7,White British,82.20459049982986,5.764761041380105,12.030648458790033,245.0,374.1053099631697,False
2017-18,E09000028 Southwark,Eth7,White Other,66.962431148545,19.83342429401867,13.204144557436342,105.0,192.1858629856932,False
2017-18,E09000028 Southwark,Eth7,nan,63.297169352323316,2.7172412214468067,33.98558942622989,44.0,91.40355063462322,False
2017-18,E09000029 Sutton,Eth7,Black,18.574439656127943,29.688974178338658,51.736586165533396,13.0,21.094923266497418,True
2017-18,E09000029 Sutton,Eth7,Chinese,60.61884495600539,12.74355113285961,26.63760391113501,6.0,7.399782038412275,True
2017-18,E09000029 Sutton,Eth7,Mixed,79.7648555041677,11.975806533400098,8.259337962432202,11.0,16.50595943686985,True
2017-18,E09000029 Sutton,Eth7,Other ethnic group,0.0,41.68735659814484,58.312643401855155,6.0,9.11959029279317,True
2017-18,E09000029 Sutton,Eth7,South Asian,46.41023907640231,15.45556976715484,38.134191156442846,46.0,91.42445889164888,False
2017-18,E09000029 Sutton,Eth7,White British,55.09676998144454,18.000992160694622,26.902237857860843,348.0,409.39697741797863,False
2017-18,E09000029 Sutton,Eth7,White Other,70.4412603520348,5.951669273859206,23.607070374106,43.0,53.46706363442907,False
2017-18,E09000029 Sutton,Eth7,nan,60.664126388452445,5.70968168146162,33.62619193008596,27.0,38.30645979941582,True
2017-18,E09000030 Tower Hamlets,Eth7,Black,68.75404308911324,7.610533105347174,23.63542380553958,21.0,45.09129227100455,True
2017-18,E09000030 Tower Hamlets,Eth7,Chinese,77.63919172078188,9.290922518968351,13.069885760249795,24.0,46.78826239612664,True
2017-18,E09000030 Tower Hamlets,Eth7,Mixed,71.32058724798449,10.483849659960416,18.195563092055096,16.0,44.82914086627767,True
2017-18,E09000030 Tower Hamlets,Eth7,Other ethnic group,46.3672076949455,1.5199709789291023,52.11282132612541,12.0,32.465412040940635,True
2017-18,E09000030 Tower Hamlets,Eth7,South Asian,52.344032804733764,19.359115896138395,28.29685129912784,90.0,272.65145913167436,False
2017-18,E09000030 Tower Hamlets,Eth7,White British,79.01756695162881,4.6824777851165695,16.2999552632546,195.0,269.8515283682923,False
2017-18,E09000030 Tower Hamlets,Eth7,White Other,70.57464792812797,10.344198899117526,19.08115317275451,125.0,186.20692189011802,False
2017-18,E09000030 Tower Hamlets,Eth7,nan,58.097654565231416,16.77610936326933,25.126236071499257,39.0,64.52151447308067,False
2017-18,E09000031 Waltham Forest,Eth7,Black,56.52443991628997,9.424079581204781,34.05148050250525,36.0,81.1392093001785,False
2017-18,E09000031 Waltham Forest,Eth7,Chinese,90.34287482658436,0.0,9.657125173415638,4.0,7.714160876238011,True
2017-18,E09000031 Waltham Forest,Eth7,Mixed,76.69702664120285,9.877667413106735,13.425305945690438,20.0,32.16769600614945,True
2017-18,E09000031 Waltham Forest,Eth7,Other ethnic group,85.71182218275733,0.0,14.288177817242673,11.0,22.41784435525754,True
2017-18,E09000031 Waltham Forest,Eth7,South Asian,50.519813308812886,16.189399973168115,33.29078671801901,48.0,158.3460971370801,False
2017-18,E09000031 Waltham Forest,Eth7,White British,63.22474400274061,10.74300191762866,26.03225407963073,253.0,369.442169892823,False
2017-18,E09000031 Waltham Forest,Eth7,White Other,62.513869562236366,5.4512866722600215,32.03484376550361,74.0,115.82747793401283,False
2017-18,E09000031 Waltham Forest,Eth7,nan,56.778941296709526,18.763883693742777,24.457175009547676,39.0,67.30766378471647,False
2017-18,E09000032 Wandsworth,Eth7,Black,66.98238627830777,0.8055302603194685,32.21208346137274,31.0,89.12779267326155,False
2017-18,E09000032 Wandsworth,Eth7,Chinese,93.5077035536015,6.4922964463984965,0.0,5.0,7.3419660624884795,True
2017-18,E09000032 Wandsworth,Eth7,Mixed,77.80209130982311,0.0,22.19790869017688,15.0,81.22418114948337,True
2017-18,E09000032 Wandsworth,Eth7,Other ethnic group,61.94624651192148,15.874164985400489,22.179588502678033,8.0,23.74035490908664,True
2017-18,E09000032 Wandsworth,Eth7,South Asian,55.53623782473869,20.703578701653377,23.760183473607942,25.0,99.5390041796958,True
2017-18,E09000032 Wandsworth,Eth7,White British,77.05738691171973,9.947391643386142,12.995221444894153,313.0,531.6087042836251,False
2017-18,E09000032 Wandsworth,Eth7,White Other,79.58940423992988,14.289605014255732,6.1209907458143835,83.0,155.78911121937222,False
2017-18,E09000032 Wandsworth,Eth7,nan,66.56883066836548,2.74157228542274,30.689597046211777,34.0,51.635104298479604,False
2017-18,E09000033 Westminster,Eth7,Black,66.49917096099787,6.536018357814334,26.9648106811878,18.0,40.296920086269125,True
2017-18,E09000033 Westminster,Eth7,Chinese,57.56159442477858,20.260138980553982,22.178266594667438,18.0,31.322803009198363,True
2017-18,E09000033 Westminster,Eth7,Mixed,62.819677656978826,18.189690696914205,18.990631646106973,14.0,35.437596059077684,True
2017-18,E09000033 Westminster,Eth7,Other ethnic group,59.12217830047142,14.95236801471879,25.925453684809778,23.0,68.93516783108086,True
2017-18,E09000033 Westminster,Eth7,South Asian,68.99889326504245,11.694436637430556,19.306670097526982,36.0,92.63114956277661,False
2017-18,E09000033 Westminster,Eth7,White British,67.81945981011974,10.741316813885971,21.43922337599429,239.0,301.7171276792491,False
2017-18,E09000033 Westminster,Eth7,White Other,77.42018197902296,5.9420070206883935,16.637811000288657,124.0,189.79941663212784,False
2017-18,E09000033 Westminster,Eth7,nan,71.75466057667698,8.157339617927223,20.087999805395793,37.0,62.01582072508257,False
2017-18,E09000001 City of London,IMD10,3.0,70.84358243399184,1.9771064136184475,27.17931115238971,17.0,1.7483339008844079,True
2017-18,E09000001 City of London,IMD10,4.0,77.4443738797029,12.018379233778228,10.537246886518869,52.0,5.88659850031742,False
2017-18,E09000001 City of London,IMD10,5.0,86.29956817259357,4.417062447390943,9.283369380015504,28.0,3.114473121950024,True
2017-18,E09000001 City of London,IMD10,6.0,49.81869286553939,13.592757416424764,36.58854971803584,22.0,3.8058971858186963,True
2017-18,E09000001 City of London,IMD10,9.0,74.94985710370034,9.338076444981452,15.712066451318178,114.0,12.085139370374485,False
2017-18,E09000002 Barking and Dagenham,IMD10,2.0,50.19550277637084,11.804447017272807,38.00005020635635,212.0,268.0142600637066,False
2017-18,E09000002 Barking and Dagenham,IMD10,3.0,56.8311587274687,7.943112265548255,35.22572900698306,63.0,73.95481953565468,False
2017-18,E09000002 Barking and Dagenham,IMD10,4.0,59.04388163650582,14.893412955459691,26.062705408034486,31.0,38.834033728717884,False
2017-18,E09000002 Barking and Dagenham,IMD10,5.0,75.49830878032489,20.20016894251042,4.301522277164695,9.0,10.9061727496827,True
2017-18,E09000002 Barking and Dagenham,IMD10,Most deprived decile,54.67059669925985,7.672597657293877,37.656805643446255,157.0,229.95309015527408,False
2017-18,E09000003 Barnet,IMD10,2.0,48.31769891332979,16.66831396794357,35.01398711872665,50.0,150.08861249717657,False
2017-18,E09000003 Barnet,IMD10,3.0,57.521213769420875,14.9623458045825,27.516440425996606,54.0,134.13414413524777,False
2017-18,E09000003 Barnet,IMD10,4.0,67.10363740569383,11.957462534556088,20.938900059750072,86.0,216.12455819393276,False
2017-18,E09000003 Barnet,IMD10,5.0,61.46614928700157,8.967389920957027,29.566460792041404,71.0,160.75265953785924,False
2017-18,E09000003 Barnet,IMD10,6.0,70.8574644162347,13.4017280822315,15.740807501533807,80.0,199.80581915851798,False
2017-18,E09000003 Barnet,IMD10,7.0,75.03906258074437,8.963512286671767,15.997425132583873,66.0,146.7069639581052,False
2017-18,E09000003 Barnet,IMD10,8.0,64.31343381757682,13.499184634276212,22.187381548146988,49.0,129.63319362458913,False
2017-18,E09000003 Barnet,IMD10,9.0,65.83939175392179,27.17532455599294,6.985283690085289,18.0,22.488087130519745,True
2017-18,E09000003 Barnet,IMD10,Least deprived decile,77.8080606455372,0.0,22.191939354462793,11.0,25.8329275165031,True
2017-18,E09000003 Barnet,IMD10,Most deprived decile,68.9154534845842,11.708183051333217,19.376363464082583,9.0,25.429751440268312,True
2017-18,E09000004 Bexley,IMD10,2.0,48.509372409891256,15.451464962690387,36.03916262741838,38.0,51.80403985718847,False
2017-18,E09000004 Bexley,IMD10,3.0,68.25239316282796,13.977271115194828,17.770335721977226,68.0,113.38156042675821,False
2017-18,E09000004 Bexley,IMD10,4.0,81.10237320417056,2.0703719471542037,16.827254848675246,54.0,86.40319684168654,False
2017-18,E09000004 Bexley,IMD10,5.0,73.18280264290195,8.923653074847884,17.89354428225016,31.0,46.540765363941524,False
2017-18,E09000004 Bexley,IMD10,6.0,71.1981149572068,15.392890329183881,13.408994713609315,60.0,107.95646322240161,False
2017-18,E09000004 Bexley,IMD10,7.0,68.75347550081446,10.829721835305037,20.41680266388052,56.0,94.80739795754539,False
2017-18,E09000004 Bexley,IMD10,8.0,79.59281114648951,4.053015901319709,16.354172952190787,59.0,91.57625819703412,False
2017-18,E09000004 Bexley,IMD10,9.0,65.94698924079343,5.966573732314009,28.086437026892558,80.0,126.99892863978425,False
2017-18,E09000004 Bexley,IMD10,Least deprived decile,50.49936365434622,6.530312153691137,42.97032419196264,30.0,41.400381154759614,False
2017-18,E09000004 Bexley,IMD10,Most deprived decile,62.60894038249124,13.726470375286201,23.664589242222547,13.0,29.013401690124727,True
2017-18,E09000005 Brent,IMD10,2.0,55.123776288214074,10.611974753813806,34.264248957972114,87.0,170.05350251134215,False
2017-18,E09000005 Brent,IMD10,3.0,60.08117451297657,12.38016977436315,27.538655712660297,126.0,292.2017559336837,False
2017-18,E09000005 Brent,IMD10,4.0,60.189078240915826,9.629995761691568,30.18092599739259,122.0,234.17171183385062,False
2017-18,E09000005 Brent,IMD10,5.0,49.559563646671236,10.045512479236715,40.39492387409205,55.0,116.95202957082262,False
2017-18,E09000005 Brent,IMD10,6.0,73.5902122782265,15.161337860330907,11.248449861442605,21.0,72.18914376391346,True
2017-18,E09000005 Brent,IMD10,7.0,75.65146863181658,1.3387983484730839,23.009733019710325,18.0,23.752387906236475,True
2017-18,E09000005 Brent,IMD10,8.0,86.31495068129915,0.0,13.685049318700852,3.0,5.976648914699831,True
2017-18,E09000005 Brent,IMD10,Most deprived decile,60.89363836290449,7.847948741044508,31.25841289605102,74.0,117.54666312495164,False
2017-18,E09000006 Bromley,IMD10,2.0,50.70650310450537,19.93984167130172,29.353655224192917,31.0,79.04566875195589,False
2017-18,E09000006 Bromley,IMD10,3.0,72.4945031946807,2.3450575998692376,25.160439205450057,36.0,62.733747195133134,False
2017-18,E09000006 Bromley,IMD10,4.0,81.80345327987268,6.474157358703213,11.72238936142411,19.0,36.126254172726334,True
2017-18,E09000006 Bromley,IMD10,5.0,62.03611007927745,16.525520094990693,21.43836982573185,17.0,27.817499175873074,True
2017-18,E09000006 Bromley,IMD10,6.0,67.12232614253051,12.965369269602716,19.9123045878668,77.0,165.10414232316984,False
2017-18,E09000006 Bromley,IMD10,7.0,49.63112580911842,25.670943822678392,24.69793036820316,41.0,92.46640042347855,False
2017-18,E09000006 Bromley,IMD10,8.0,60.91473020919162,13.618118488464567,25.467151302343833,78.0,169.45976977411777,False
2017-18,E09000006 Bromley,IMD10,9.0,72.46949129177402,12.664847096089762,14.865661612136204,93.0,202.40680149338968,False
2017-18,E09000006 Bromley,IMD10,Least deprived decile,69.50467980817008,7.122937192096769,23.372382999733162,78.0,178.4999439272647,False
2017-18,E09000006 Bromley,IMD10,Most deprived decile,26.355285421294194,11.013479549253677,62.631235029452135,14.0,44.31787014462916,True
2017-18,E09000007 Camden,IMD10,2.0,64.63888890395462,13.728989183034368,21.63212191301102,126.0,242.42526335253373,False
2017-18,E09000007 Camden,IMD10,3.0,78.39197825373081,7.609948918720742,13.99807282754844,67.0,95.35765404908041,False
2017-18,E09000007 Camden,IMD10,4.0,85.35057706014808,3.101846587574579,11.547576352277341,47.0,78.1993700610215,False
2017-18,E09000007 Camden,IMD10,5.0,76.23014684887642,9.337803458615582,14.43204969250799,62.0,87.65940370892022,False
2017-18,E09000007 Camden,IMD10,6.0,59.14777810414924,22.096531701181263,18.755690194669498,44.0,69.32618531327326,False
2017-18,E09000007 Camden,IMD10,7.0,61.34066591984417,19.55345577519085,19.10587830496498,33.0,41.141412653302105,False
2017-18,E09000007 Camden,IMD10,8.0,77.9311974627262,11.609211804652231,10.459590732621587,53.0,76.40371664884611,False
2017-18,E09000007 Camden,IMD10,9.0,87.34762337360586,0.0,12.652376626394144,8.0,9.09117110347123,True
2017-18,E09000007 Camden,IMD10,Most deprived decile,67.6939904922731,15.066427967226362,17.239581540500534,73.0,149.56421889526163,False
2017-18,E09000008 Croydon,IMD10,2.0,61.16277078315918,4.948958455145931,33.888270761694905,109.0,268.5474498681083,False
2017-18,E09000008 Croydon,IMD10,3.0,66.69409828504016,14.043384829286328,19.262516885673506,86.0,251.35076482615978,False
2017-18,E09000008 Croydon,IMD10,4.0,62.56835520766531,11.832061749659248,25.599583042675455,47.0,109.26259412244322,False
2017-18,E09000008 Croydon,IMD10,5.0,67.1313054760578,14.614841010027318,18.253853513914898,45.0,81.19103479333906,False
2017-18,E09000008 Croydon,IMD10,6.0,57.19457329540529,11.124695924918337,31.68073077967632,30.0,74.17223608910575,False
2017-18,E09000008 Croydon,IMD10,7.0,76.90773594956899,4.649301413707861,18.44296263672315,36.0,103.96894987104749,False
2017-18,E09000008 Croydon,IMD10,8.0,50.953831496105536,17.663985603285273,31.38218290060919,42.0,84.5139356602559,False
2017-18,E09000008 Croydon,IMD10,9.0,54.88252062661564,22.37223302925232,22.74524634413204,33.0,78.70582244088645,False
2017-18,E09000008 Croydon,IMD10,Least deprived decile,62.63682961679239,4.46238147859437,32.90078890461323,17.0,28.614632728421086,True
2017-18,E09000008 Croydon,IMD10,Most deprived decile,62.165701026906675,17.093138006940993,20.74116096615234,53.0,127.37256301484706,False
2017-18,E09000009 Ealing,IMD10,2.0,59.236839968857616,14.694582583082571,26.068577448059816,115.0,288.727866192534,False
2017-18,E09000009 Ealing,IMD10,3.0,47.363332639848515,13.674521014034436,38.96214634611705,80.0,172.43900168317342,False
2017-18,E09000009 Ealing,IMD10,4.0,75.3355861349446,12.41412002485525,12.250293840200143,45.0,96.3740780484026,False
2017-18,E09000009 Ealing,IMD10,5.0,63.46585334230333,6.150243960364029,30.383902697332655,81.0,143.24071580193768,False
2017-18,E09000009 Ealing,IMD10,6.0,75.31171727030143,4.267265459648724,20.42101727004986,41.0,107.31161862519778,False
2017-18,E09000009 Ealing,IMD10,7.0,68.88188789568784,6.803578326879689,24.314533777432455,25.0,39.17133943514682,True
2017-18,E09000009 Ealing,IMD10,8.0,77.36086342816647,14.30231633911199,8.336820232721532,24.0,42.937923751374925,True
2017-18,E09000009 Ealing,IMD10,9.0,73.95978232818821,11.43652876476593,14.603688907045855,45.0,56.901134830076714,False
2017-18,E09000009 Ealing,IMD10,Most deprived decile,78.17545606047538,8.218579619300671,13.60596432022393,39.0,112.5023585987937,False
2017-18,E09000010 Enfield,IMD10,2.0,53.047873652998234,19.489695930558216,27.46243041644356,96.0,242.8833168387414,False
2017-18,E09000010 Enfield,IMD10,3.0,79.80451846925267,8.710587680599124,11.484893850148216,60.0,109.26710711265564,False
2017-18,E09000010 Enfield,IMD10,4.0,57.01119888123557,9.034647096234275,33.95415402253013,61.0,109.68112566233648,False
2017-18,E09000010 Enfield,IMD10,5.0,59.20956375316317,8.229083326533784,32.561352920303044,50.0,110.4815994189822,False
2017-18,E09000010 Enfield,IMD10,6.0,65.46475612758218,5.913219025661456,28.62202484675639,74.0,128.5748542429587,False
2017-18,E09000010 Enfield,IMD10,7.0,44.050107005728336,13.164173808539264,42.785719185732404,44.0,64.04976116297107,False
2017-18,E09000010 Enfield,IMD10,8.0,78.58636955832267,4.057086685320394,17.35654375635695,15.0,28.177206692812963,True
2017-18,E09000010 Enfield,IMD10,9.0,65.55365214602104,12.508597183824733,21.93775067015424,43.0,92.6665272390743,False
2017-18,E09000010 Enfield,IMD10,Least deprived decile,22.617755969218724,22.284163643651723,55.09808038712954,4.0,9.769662634697166,True
2017-18,E09000010 Enfield,IMD10,Most deprived decile,54.60374389411369,8.310353232335387,37.085902873550936,52.0,134.5973119252413,False
2017-18,E09000011 Greenwich,IMD10,2.0,71.71343783225286,6.472766417057817,21.813795750689295,109.0,200.87768464692815,False
2017-18,E09000011 Greenwich,IMD10,3.0,59.86938961408818,12.106641182505028,28.023969203406786,100.0,180.28728796657646,False
2017-18,E09000011 Greenwich,IMD10,4.0,66.77189102821855,17.164694072077335,16.06341489970412,74.0,117.92273050860986,False
2017-18,E09000011 Greenwich,IMD10,5.0,52.412332915851664,25.48896475771663,22.098702326431702,74.0,147.44918231868365,False
2017-18,E09000011 Greenwich,IMD10,6.0,69.33509359259217,22.98039050888842,7.684515898519409,35.0,54.50865334796219,False
2017-18,E09000011 Greenwich,IMD10,7.0,70.99637482329209,21.6780459488454,7.325579227862518,35.0,42.73150248607367,False
2017-18,E09000011 Greenwich,IMD10,8.0,88.02230034414156,3.8454922720620934,8.132207383796345,21.0,28.402863440708856,True
2017-18,E09000011 Greenwich,IMD10,9.0,86.9021587897026,13.0978412102974,0.0,6.0,7.315162906615394,True
2017-18,E09000011 Greenwich,IMD10,Most deprived decile,61.29093046758428,1.5909134822854873,37.11815605013026,34.0,88.6191405083519,False
2017-18,E09000012 Hackney,IMD10,2.0,69.44769130964495,11.355219105401137,19.197089584953922,230.0,417.4188733901269,False
2017-18,E09000012 Hackney,IMD10,3.0,66.34577853401598,9.37281016664026,24.281411299343763,66.0,94.06834007620976,False
2017-18,E09000012 Hackney,IMD10,4.0,75.26569540775567,13.104110625754602,11.630193966489713,46.0,63.03571441885209,False
2017-18,E09000012 Hackney,IMD10,5.0,58.222624305849436,0.0,41.777375694150564,12.0,12.741890258910765,True
2017-18,E09000012 Hackney,IMD10,Most deprived decile,68.60585845034726,12.306128449296896,19.088013100355848,184.0,299.3511710348795,False
2017-18,E09000013 Hammersmith and Fulham,IMD10,2.0,65.51057412884973,10.645708264012622,23.843717607137684,108.0,132.54953803479214,False
2017-18,E09000013 Hammersmith and Fulham,IMD10,3.0,65.26193323194882,10.904426242998282,23.833640525052886,70.0,99.85818161380374,False
2017-18,E09000013 Hammersmith and Fulham,IMD10,4.0,77.2111580013463,7.960726790340698,14.828115208313003,85.0,101.19484055097736,False
2017-18,E09000013 Hammersmith and Fulham,IMD10,5.0,72.37654636335715,11.100138395177753,16.52331524146508,68.0,69.20312720539557,False
2017-18,E09000013 Hammersmith and Fulham,IMD10,6.0,70.24958035936936,5.523064752080371,24.227354888550277,48.0,65.90933469492812,False
2017-18,E09000013 Hammersmith and Fulham,IMD10,7.0,73.94717237131916,16.2770904214236,9.775737207257247,33.0,36.698919475122366,False
2017-18,E09000013 Hammersmith and Fulham,IMD10,8.0,54.09448137863991,14.433394267412721,31.472124353947383,20.0,24.304914420424314,True
2017-18,E09000013 Hammersmith and Fulham,IMD10,9.0,80.49979972636258,19.50020027363743,0.0,8.0,10.578632322742552,True
2017-18,E09000013 Hammersmith and Fulham,IMD10,Most deprived decile,45.11530086885534,7.165678413480558,47.71902071766409,49.0,71.89689723503155,False
2017-18,E09000014 Haringey,IMD10,2.0,56.14060086450422,6.852412163749394,37.006986971746414,109.0,192.06429343424264,False
2017-18,E09000014 Haringey,IMD10,3.0,80.50785251572034,16.076243285505072,3.4159041987745784,60.0,107.83098698739038,False
2017-18,E09000014 Haringey,IMD10,4.0,63.34394443334661,10.459952836253509,26.19610273039989,27.0,29.374409472376023,True
2017-18,E09000014 Haringey,IMD10,5.0,78.62218755135396,14.78470481048277,6.5931076381632705,65.0,85.13170129583682,False
2017-18,E09000014 Haringey,IMD10,6.0,70.30587119756811,17.53707400963415,12.157054792797705,47.0,70.5693761825687,False
2017-18,E09000014 Haringey,IMD10,7.0,83.61394082542472,4.938290885191863,11.447768289383438,27.0,32.11149663339471,True
2017-18,E09000014 Haringey,IMD10,8.0,96.992124964349,3.0078750356509985,0.0,33.0,41.38974087868636,False
2017-18,E09000014 Haringey,IMD10,9.0,63.52196684192928,15.829045227311383,20.648987930759343,6.0,5.77418956131493,True
2017-18,E09000014 Haringey,IMD10,Most deprived decile,53.224157987851996,15.170952733878746,31.604889278269265,128.0,269.957159699105,False
2017-18,E09000015 Harrow,IMD10,2.0,49.67997941066085,3.4556795916301564,46.86434099770898,20.0,43.56604261579375,True
2017-18,E09000015 Harrow,IMD10,3.0,49.298596314205824,8.470648124700668,42.23075556109351,25.0,52.04023932683076,True
2017-18,E09000015 Harrow,IMD10,4.0,33.745939517851575,20.184712379344028,46.069348102804376,58.0,76.17115293870147,False
2017-18,E09000015 Harrow,IMD10,5.0,52.589208598298775,10.981869187202012,36.42892221449922,71.0,117.90320936435964,False
2017-18,E09000015 Harrow,IMD10,6.0,65.32624583531769,15.836024354227204,18.837729810455077,68.0,122.01857774321266,False
2017-18,E09000015 Harrow,IMD10,7.0,67.5664611715904,9.628432040385256,22.805106788024336,90.0,143.85375354707799,False
2017-18,E09000015 Harrow,IMD10,8.0,52.03093945210132,15.268137432115935,32.70092311578275,39.0,64.72033382387656,False
2017-18,E09000015 Harrow,IMD10,9.0,63.34145782484389,14.9650137230085,21.69352845214761,79.0,112.94350122203869,False
2017-18,E09000015 Harrow,IMD10,Least deprived decile,59.96172855602663,4.26043308556309,35.77783835841028,60.0,73.12391955009747,False
2017-18,E09000016 Havering,IMD10,2.0,68.45301245666043,15.610492775232027,15.93649476810754,45.0,78.27092411050518,False
2017-18,E09000016 Havering,IMD10,3.0,60.72552696940284,2.4773585831221396,36.797114447475,43.0,73.20721731283679,False
2017-18,E09000016 Havering,IMD10,4.0,59.9688946826484,21.914286073824524,18.116819243527075,59.0,94.38230912795673,False
2017-18,E09000016 Havering,IMD10,5.0,55.262112765176,11.730174821056982,33.007712413767024,76.0,122.53466091136893,False
2017-18,E09000016 Havering,IMD10,6.0,63.517701914595705,16.675115225361385,19.8071828600429,66.0,93.96436711154388,False
2017-18,E09000016 Havering,IMD10,7.0,55.089474415877035,6.8523240125783325,38.05820157154463,70.0,110.86257360499287,False
2017-18,E09000016 Havering,IMD10,8.0,66.77576803195487,11.34821658239334,21.876015385651794,50.0,90.83208265457382,False
2017-18,E09000016 Havering,IMD10,9.0,58.04738151130871,24.473868283316133,17.478750205375167,56.0,83.5121973434689,False
2017-18,E09000016 Havering,IMD10,Least deprived decile,84.71735369931109,1.6056409957220248,13.67700530496688,33.0,53.16705102241976,False
2017-18,E09000016 Havering,IMD10,Most deprived decile,23.729076976289193,31.065491758941743,45.20543126476906,11.0,24.551460238713666,True
2017-18,E09000017 Hillingdon,IMD10,2.0,55.048173912930665,9.819218470881454,35.13260761618788,74.0,167.38176232513536,False
2017-18,E09000017 Hillingdon,IMD10,3.0,51.44824814446145,16.23447002687355,32.317281828665024,67.0,144.0565562664797,False
2017-18,E09000017 Hillingdon,IMD10,4.0,45.32098601670661,12.55833825472209,42.1206757285713,63.0,139.62348828439,False
2017-18,E09000017 Hillingdon,IMD10,5.0,51.89073361207366,21.72291533679162,26.3863510511347,48.0,73.19301377711136,False
2017-18,E09000017 Hillingdon,IMD10,6.0,43.98965214755142,16.94988468389989,39.06046316854869,32.0,58.74171890329151,False
2017-18,E09000017 Hillingdon,IMD10,7.0,73.49037390398068,11.012540837346869,15.497085258672428,54.0,94.42241061046565,False
2017-18,E09000017 Hillingdon,IMD10,8.0,68.32783645805797,8.724769080930034,22.947394461012,40.0,57.20054082480432,False
2017-18,E09000017 Hillingdon,IMD10,9.0,69.53875756186584,4.550573228293234,25.910669209840933,69.0,118.09937461320013,False
2017-18,E09000017 Hillingdon,IMD10,Least deprived decile,44.94668451043956,23.613495026250533,31.439820463309903,52.0,83.8649927044742,False
2017-18,E09000017 Hillingdon,IMD10,Most deprived decile,100.0,0.0,0.0,1.0,1.67387905061155,True
2017-18,E09000018 Hounslow,IMD10,2.0,51.24654750150255,14.271051369970875,34.48240112852656,97.0,201.1565453751995,False
2017-18,E09000018 Hounslow,IMD10,3.0,65.45648443498865,5.531875313376751,29.011640251634603,118.0,202.53935714863303,False
2017-18,E09000018 Hounslow,IMD10,4.0,58.04003465001891,17.061515086585864,24.89845026339525,86.0,173.52353622021081,False
2017-18,E09000018 Hounslow,IMD10,5.0,55.81617577939153,13.182213469312156,31.001610751296322,94.0,152.0787349572247,False
2017-18,E09000018 Hounslow,IMD10,6.0,79.64273776561336,4.461779094311877,15.895483140074774,43.0,60.33444184091681,False
2017-18,E09000018 Hounslow,IMD10,7.0,71.2131200756192,17.100512390465415,11.686367533915378,34.0,41.91946451175377,False
2017-18,E09000018 Hounslow,IMD10,8.0,57.96950337947685,0.0,42.03049662052313,6.0,6.235145884022804,True
2017-18,E09000018 Hounslow,IMD10,Most deprived decile,58.49482469206201,0.0,41.505175307937975,11.0,17.600695544480242,True
2017-18,E09000019 Islington,IMD10,2.0,79.24165620537889,6.817433227664734,13.940910566956388,174.0,288.4832232561252,False
2017-18,E09000019 Islington,IMD10,3.0,70.7881345116676,7.230793134632629,21.98107235369978,119.0,183.24686858245144,False
2017-18,E09000019 Islington,IMD10,4.0,74.52225519393569,9.562990911860787,15.914753894203528,38.0,59.44726227185769,False
2017-18,E09000019 Islington,IMD10,5.0,85.49366901445491,3.1475383549049782,11.358792630640108,22.0,33.11444221652128,True
2017-18,E09000019 Islington,IMD10,6.0,48.270635201433606,0.0,51.7293647985664,4.0,3.291593588454739,True
2017-18,E09000019 Islington,IMD10,7.0,80.22211300430003,19.77788699569996,0.0,7.0,9.443052588140537,True
2017-18,E09000019 Islington,IMD10,Most deprived decile,71.96799054618454,11.927054570887663,16.10495488292781,120.0,195.3444975129005,False
2017-18,E09000020 Kensington and Chelsea,IMD10,2.0,68.16659437753142,13.577544073608616,18.25586154885993,51.0,43.01607566595605,False
2017-18,E09000020 Kensington and Chelsea,IMD10,3.0,62.1878827907576,6.9060934391770035,30.90602377006539,90.0,85.39614142122657,False
2017-18,E09000020 Kensington and Chelsea,IMD10,4.0,79.23008644411064,6.10824412442779,14.66166943146158,34.0,36.984642187881605,False
2017-18,E09000020 Kensington and Chelsea,IMD10,5.0,82.00938588757005,2.8007166995661006,15.189897412863843,50.0,48.22020666643288,False
2017-18,E09000020 Kensington and Chelsea,IMD10,6.0,71.07825434410842,6.521906266639754,22.39983938925184,90.0,90.92694053821475,False
2017-18,E09000020 Kensington and Chelsea,IMD10,7.0,78.78259993339019,9.528646413313673,11.688753653296166,79.0,87.04520294220792,False
2017-18,E09000020 Kensington and Chelsea,IMD10,8.0,83.66057082495398,0.0,16.33942917504604,15.0,11.994177423387518,True
2017-18,E09000020 Kensington and Chelsea,IMD10,Most deprived decile,68.62010904075164,7.959353479667591,23.420537479580776,110.0,121.48101594694509,False
2017-18,E09000021 Kingston upon Thames,IMD10,2.0,49.69483037930675,28.080906429756602,22.224263190936643,5.0,6.142631156939964,True
2017-18,E09000021 Kingston upon Thames,IMD10,3.0,52.10234440901076,0.0,47.897655590989245,5.0,5.700233051197643,True
2017-18,E09000021 Kingston upon Thames,IMD10,4.0,73.31936231072947,8.572209098722354,18.108428590548183,18.0,24.174701821439168,True
2017-18,E09000021 Kingston upon Thames,IMD10,5.0,50.635312465731005,19.626484987948178,29.738202546320824,49.0,64.74855117814681,False
2017-18,E09000021 Kingston upon Thames,IMD10,6.0,76.02505870959703,12.056497856756621,11.918443433646358,82.0,90.71784700636243,False
2017-18,E09000021 Kingston upon Thames,IMD10,7.0,67.18515803038436,15.283370393221436,17.531471576394214,92.0,118.16538669641456,False
2017-18,E09000021 Kingston upon Thames,IMD10,8.0,63.831754259565024,11.825865185672782,24.342380554762155,79.0,74.38921292991884,False
2017-18,E09000021 Kingston upon Thames,IMD10,9.0,73.36075810523023,4.169199590454867,22.47004230431491,99.0,113.43353671702366,False
2017-18,E09000021 Kingston upon Thames,IMD10,Least deprived decile,62.683225966754186,17.835007634578425,19.481766398667414,47.0,46.189831259498774,False
2017-18,E09000021 Kingston upon Thames,IMD10,Most deprived decile,100.0,0.0,0.0,4.0,10.093601813573184,True
2017-18,E09000022 Lambeth,IMD10,2.0,71.1765337497097,10.354471668520299,18.468994581770005,164.0,332.14550681862227,False
2017-18,E09000022 Lambeth,IMD10,3.0,78.01840498202296,3.8472310841117423,18.134363933865288,105.0,196.92055445622947,False
2017-18,E09000022 Lambeth,IMD10,4.0,69.60138089389469,14.940475674379849,15.45814343172546,87.0,177.60552903726241,False
2017-18,E09000022 Lambeth,IMD10,5.0,63.13849155013222,17.202440685578548,19.65906776428923,40.0,66.98489980846145,False
2017-18,E09000022 Lambeth,IMD10,6.0,69.13211640325673,4.193993967439347,26.673889629303925,13.0,25.632498682500305,True
2017-18,E09000022 Lambeth,IMD10,7.0,78.82072029693181,3.887791535945759,17.291488167122413,20.0,34.312083121535636,True
2017-18,E09000022 Lambeth,IMD10,8.0,100.0,0.0,0.0,6.0,11.299013130640086,True
2017-18,E09000022 Lambeth,IMD10,Most deprived decile,63.87006295454266,18.427898289206535,17.702038756250797,69.0,193.36454326416373,False
2017-18,E09000023 Lewisham,IMD10,2.0,70.41095955884991,11.099126031123934,18.489914410026152,138.0,301.465021896929,False
2017-18,E09000023 Lewisham,IMD10,3.0,69.52190044659193,14.837229896670873,15.640869656737191,81.0,141.24339575235294,False
2017-18,E09000023 Lewisham,IMD10,4.0,64.17796110846643,14.41674014464047,21.40529874689312,84.0,155.18120602214722,False
2017-18,E09000023 Lewisham,IMD10,5.0,65.37000603176209,18.691555817459438,15.938438150778486,58.0,90.9468238503715,False
2017-18,E09000023 Lewisham,IMD10,6.0,95.9547901798118,1.0351676344523117,3.0100421857358777,32.0,55.54539048419892,False
2017-18,E09000023 Lewisham,IMD10,7.0,100.0,0.0,0.0,6.0,7.959260383203778,True
2017-18,E09000023 Lewisham,IMD10,8.0,38.48030442067895,0.0,61.51969557932105,2.0,4.476010780204709,True
2017-18,E09000023 Lewisham,IMD10,9.0,70.00960767125936,0.0,29.99039232874065,5.0,16.78834840611283,True
2017-18,E09000023 Lewisham,IMD10,Most deprived decile,59.928231805407314,18.249901075367273,21.82186711922541,74.0,176.25704906871348,False
2017-18,E09000024 Merton,IMD10,2.0,48.85369496799107,25.27864905535328,25.867655976655644,32.0,49.02673035687944,False
2017-18,E09000024 Merton,IMD10,3.0,67.66159245541846,8.636734411029575,23.701673133551967,54.0,90.40076541240958,False
2017-18,E09000024 Merton,IMD10,4.0,56.30042016014598,13.161364337677007,30.538215502177017,34.0,53.131543391181644,False
2017-18,E09000024 Merton,IMD10,5.0,66.37503183185758,12.96413028993676,20.660837878205633,60.0,86.99685208858004,False
2017-18,E09000024 Merton,IMD10,6.0,69.97904235962959,6.535328018394476,23.485629621975924,60.0,80.85129462774499,False
2017-18,E09000024 Merton,IMD10,7.0,84.33335455566383,2.4553443887355053,13.21130105560067,56.0,70.20125926854084,False
2017-18,E09000024 Merton,IMD10,8.0,80.84669690076086,3.4641414849686165,15.68916161427052,41.0,52.553565681271294,False
2017-18,E09000024 Merton,IMD10,9.0,69.4025796623216,13.168732556371607,17.428687781306802,106.0,119.03818182868628,False
2017-18,E09000024 Merton,IMD10,Least deprived decile,67.57721315373846,15.492185266729951,16.93060157953159,52.0,54.78759447888148,False
2017-18,E09000025 Newham,IMD10,2.0,52.7408224323474,13.375734331703281,33.883443235949336,229.0,506.4734387390774,False
2017-18,E09000025 Newham,IMD10,3.0,52.143183761276305,14.608484422926143,33.248331815797556,108.0,203.11230667903087,False
2017-18,E09000025 Newham,IMD10,4.0,54.15950627683941,8.236233830699105,37.604259892461464,20.0,41.573770905266024,True
2017-18,E09000025 Newham,IMD10,5.0,49.40600307528613,38.166404281242535,12.427592643471339,6.0,9.222998219904033,True
2017-18,E09000025 Newham,IMD10,7.0,0.0,57.37038073217751,42.629619267822484,2.0,5.808073637444222,True
2017-18,E09000025 Newham,IMD10,Most deprived decile,48.50039927818453,18.875016618546216,32.624584103269264,133.0,323.44737725101743,False
2017-18,E09000026 Redbridge,IMD10,2.0,54.84080585013462,24.023713321073757,21.135480828791607,45.0,75.3386433068984,False
2017-18,E09000026 Redbridge,IMD10,3.0,49.80607902907565,10.839267984710805,39.35465298621354,102.0,226.92107188652383,False
2017-18,E09000026 Redbridge,IMD10,4.0,63.477505105966394,11.014724525125615,25.507770368908005,81.0,172.25732247210686,False
2017-18,E09000026 Redbridge,IMD10,5.0,66.08180029897966,6.005889735475277,27.912309965545056,62.0,132.14193983805478,False
2017-18,E09000026 Redbridge,IMD10,6.0,48.538407479925375,21.482192329375124,29.979400190699483,53.0,103.92879121910437,False
2017-18,E09000026 Redbridge,IMD10,7.0,64.85347343475978,7.348765705813105,27.79776085942711,57.0,111.03769315510256,False
2017-18,E09000026 Redbridge,IMD10,8.0,75.64866295278806,0.0,24.351337047211945,32.0,46.25399443914387,False
2017-18,E09000026 Redbridge,IMD10,9.0,66.94739874623994,5.094049535556098,27.958551718203978,16.0,18.64428285137755,True
2017-18,E09000026 Redbridge,IMD10,Least deprived decile,52.400763689735456,22.138435026304432,25.460801283960127,18.0,26.224506215277213,True
2017-18,E09000026 Redbridge,IMD10,Most deprived decile,28.784045669611547,43.807882070653555,27.40807225973491,17.0,32.632079156450246,True
2017-18,E09000027 Richmond upon Thames,IMD10,2.0,57.75638755460937,25.687377342522034,16.556235102868605,19.0,26.54903273507207,True
2017-18,E09000027 Richmond upon Thames,IMD10,3.0,70.31298351726457,21.702354672591483,7.984661810143952,21.0,26.97808147366549,True
2017-18,E09000027 Richmond upon Thames,IMD10,4.0,82.66369959885793,15.3398630447695,1.996437356372557,15.0,20.74304314899541,True
2017-18,E09000027 Richmond upon Thames,IMD10,5.0,70.26099199220074,0.0,29.73900800779925,18.0,29.253262863323773,True
2017-18,E09000027 Richmond upon Thames,IMD10,6.0,60.77602043138046,14.005071299365381,25.218908269254154,49.0,48.62914988406085,False
2017-18,E09000027 Richmond upon Thames,IMD10,7.0,65.3035609975884,22.07417712691539,12.62226187549621,47.0,64.37055010874053,False
2017-18,E09000027 Richmond upon Thames,IMD10,8.0,83.45723249337878,6.306618427306773,10.23614907931446,110.0,147.58873382591196,False
2017-18,E09000027 Richmond upon Thames,IMD10,9.0,71.88407874602852,7.401686348223828,20.714234905747652,154.0,189.8660427210129,False
2017-18,E09000027 Richmond upon Thames,IMD10,Least deprived decile,75.16636576887011,15.105864841300676,9.727769389829202,66.0,74.28120372945833,False
2017-18,E09000028 Southwark,IMD10,2.0,68.24923282677379,12.63042494187219,19.12034223135402,195.0,423.07729230945324,False
2017-18,E09000028 Southwark,IMD10,3.0,79.93533589985009,9.98080062049051,10.083863479659396,64.0,109.84983640796625,False
2017-18,E09000028 Southwark,IMD10,4.0,88.50691125433919,1.9719188929606755,9.521169852700156,67.0,115.47312695868723,False
2017-18,E09000028 Southwark,IMD10,5.0,67.2344566348429,22.31391149885384,10.451631866303263,26.0,59.04557488158291,True
2017-18,E09000028 Southwark,IMD10,6.0,65.81891838063638,13.153762491883258,21.027319127480347,12.0,16.57597403538662,True
2017-18,E09000028 Southwark,IMD10,7.0,77.80237860241148,14.700665945874583,7.496955451713943,27.0,29.91002236025875,True
2017-18,E09000028 Southwark,IMD10,8.0,73.25205219183795,11.72362508338731,15.024322724774747,24.0,34.37042913445021,True
2017-18,E09000028 Southwark,IMD10,9.0,72.87616632095829,27.12383367904169,0.0,10.0,9.842780433066528,True
2017-18,E09000028 Southwark,IMD10,Most deprived decile,68.8594645577486,9.290057163121727,21.850478279129682,95.0,224.30352513302827,False
2017-18,E09000029 Sutton,IMD10,2.0,65.18374946868995,4.247404901444909,30.568845629865137,21.0,27.516034083489302,True
2017-18,E09000029 Sutton,IMD10,3.0,45.876720461132805,27.362130399251978,26.761149139615213,38.0,64.01887295199771,False
2017-18,E09000029 Sutton,IMD10,4.0,47.1490980244576,24.29644835742235,28.554453618120046,32.0,32.69825758658433,False
2017-18,E09000029 Sutton,IMD10,5.0,37.39580414764748,28.845700771841997,33.75849508051049,51.0,71.82393417180718,False
2017-18,E09000029 Sutton,IMD10,6.0,61.83926714210527,6.7802150903062754,31.38051776758847,66.0,80.3816184490187,False
2017-18,E09000029 Sutton,IMD10,7.0,41.693045370223984,15.625447933389184,42.68150669638687,69.0,74.86934062863416,False
2017-18,E09000029 Sutton,IMD10,8.0,58.94084653448935,22.824691420648968,18.23446204486165,70.0,95.41477503931704,False
2017-18,E09000029 Sutton,IMD10,9.0,61.56735238424221,10.948386018029243,27.484261597728533,93.0,130.8022926519236,False
2017-18,E09000029 Sutton,IMD10,Least deprived decile,61.864786203813246,10.370251829981683,27.76496196620507,53.0,53.841374698424005,False
2017-18,E09000029 Sutton,IMD10,Most deprived decile,64.38775862441275,0.0,35.61224137558723,7.0,15.3487145168491,True
2017-18,E09000030 Tower Hamlets,IMD10,2.0,63.84618776378098,15.127803946740453,21.026008289478572,123.0,240.92820005868535,False
2017-18,E09000030 Tower Hamlets,IMD10,3.0,81.8026732750214,6.60930136146949,11.588025363509109,87.0,136.26531333803447,False
2017-18,E09000030 Tower Hamlets,IMD10,4.0,79.05980825273427,0.0,20.940191747265736,25.0,32.0978681927706,True
2017-18,E09000030 Tower Hamlets,IMD10,5.0,76.90604875931332,14.860863269615642,8.233087971071045,22.0,28.062369496496363,True
2017-18,E09000030 Tower Hamlets,IMD10,6.0,82.12872420600654,0.0,17.871275793993487,21.0,20.570927838057717,True
2017-18,E09000030 Tower Hamlets,IMD10,7.0,49.0705811142082,3.8981156404286383,47.03130324536315,22.0,37.17093445809021,True
2017-18,E09000030 Tower Hamlets,IMD10,8.0,100.0,0.0,0.0,6.0,2.827170924103319,True
2017-18,E09000030 Tower Hamlets,IMD10,9.0,64.7801233975373,0.0,35.21987660246271,3.0,3.3958914854331548,True
2017-18,E09000030 Tower Hamlets,IMD10,Most deprived decile,62.198496952001946,12.4496913098686,25.35181173812944,213.0,461.0868556458437,False
2017-18,E09000031 Waltham Forest,IMD10,2.0,52.36396418759597,13.057622882845147,34.57841292955889,185.0,318.81104915250944,False
2017-18,E09000031 Waltham Forest,IMD10,3.0,65.45291684422965,6.093035363146413,28.45404779262395,116.0,203.7463495956084,False
2017-18,E09000031 Waltham Forest,IMD10,4.0,71.49154828852123,7.9851481564076705,20.52330355507108,83.0,159.4758040786343,False
2017-18,E09000031 Waltham Forest,IMD10,5.0,63.90477145380724,25.306822778218486,10.78840576797426,26.0,47.48814443499088,True
2017-18,E09000031 Waltham Forest,IMD10,6.0,83.39632722036066,16.603672779639325,0.0,5.0,5.155088507360614,True
2017-18,E09000031 Waltham Forest,IMD10,7.0,69.74532648169404,16.008974432541127,14.245699085764846,5.0,8.296389428136937,True
2017-18,E09000031 Waltham Forest,IMD10,8.0,0.0,23.74479679886306,76.25520320113695,3.0,3.9823220302712246,True
2017-18,E09000031 Waltham Forest,IMD10,Most deprived decile,61.61085903318465,12.25879693615964,26.130344030655696,62.0,107.40717205894414,False
2017-18,E09000032 Wandsworth,IMD10,2.0,69.3188098833085,13.564794506185502,17.116395610505993,31.0,89.82741768077263,False
2017-18,E09000032 Wandsworth,IMD10,3.0,73.15457001490043,4.787477508112731,22.057952476986838,65.0,141.9524718194294,False
2017-18,E09000032 Wandsworth,IMD10,4.0,71.45984571562994,12.540956691346716,15.99919759302334,99.0,241.929156437275,False
2017-18,E09000032 Wandsworth,IMD10,5.0,73.02117997736538,7.93293246601542,19.045887556619192,50.0,84.0721736213294,False
2017-18,E09000032 Wandsworth,IMD10,6.0,69.33545785371619,19.30871636975997,11.355825776523828,77.0,128.6336938531214,False
2017-18,E09000032 Wandsworth,IMD10,7.0,83.17302035215688,1.3674189947948863,15.459560653048237,41.0,62.73176684724102,False
2017-18,E09000032 Wandsworth,IMD10,8.0,83.31565378879935,8.22147353614401,8.46287267505664,76.0,119.05034441546262,False
2017-18,E09000032 Wandsworth,IMD10,9.0,76.90858421707568,11.498035610459358,11.593380172464961,50.0,77.91684541915654,False
2017-18,E09000032 Wandsworth,IMD10,Least deprived decile,76.71462787269411,23.2853721273059,0.0,2.0,7.289588210797756,True
2017-18,E09000032 Wandsworth,IMD10,Most deprived decile,70.78322556381138,0.0,29.216774436188597,23.0,86.60276047090714,True
2017-18,E09000033 Westminster,IMD10,2.0,72.91442902055275,10.036946001911886,17.048624977535372,126.0,208.47584232471988,False
2017-18,E09000033 Westminster,IMD10,3.0,61.16655229358957,17.92381886531391,20.909628841096513,54.0,81.26173653194016,False
2017-18,E09000033 Westminster,IMD10,4.0,67.29117158801438,11.279058406074807,21.42977000591086,61.0,81.09975224095773,False
2017-18,E09000033 Westminster,IMD10,5.0,70.80443707960501,7.637134268490682,21.558428651904315,88.0,134.65579106199695,False
2017-18,E09000033 Westminster,IMD10,6.0,60.40706945520549,16.030918097030273,23.562012447764243,61.0,91.34000893176763,False
2017-18,E09000033 Westminster,IMD10,7.0,62.858033523593406,7.0535558762659365,30.08841060014066,15.0,19.666684284652717,True
2017-18,E09000033 Westminster,IMD10,8.0,100.0,0.0,0.0,5.0,4.55127373067589,True
2017-18,E09000033 Westminster,IMD10,Most deprived decile,71.65715573884745,7.140709351673687,21.202134909478854,99.0,201.10491247815114,False
2017-18,E09000001 City of London,Disab3,Limiting disability,58.50449514444331,10.6441129222806,30.851391933276084,30.0,3.323902332076206,False
2017-18,E09000001 City of London,Disab3,No disability,75.81269918607642,8.370789388314234,15.816511425609352,145.0,16.21500726014213,False
2017-18,E09000001 City of London,Disab3,Non-limiting disability,70.09946723869197,11.70631626826734,18.194216493040674,46.0,5.193725428570124,False
2017-18,E09000001 City of London,Disab3,nan,81.80076048867409,10.815367864611623,7.383871646714316,12.0,1.9078070585565712,True
2017-18,E09000002 Barking and Dagenham,Disab3,Limiting disability,42.339377582203944,7.884883122589511,49.77573929520654,73.0,83.45610368552587,False
2017-18,E09000002 Barking and Dagenham,Disab3,No disability,56.332760651370386,10.812688205510689,32.854551143118925,320.0,448.3552622459985,False
2017-18,E09000002 Barking and Dagenham,Disab3,Non-limiting disability,54.7817086143731,10.944281837149003,34.27400954847788,44.0,54.48118774925372,False
2017-18,E09000002 Barking and Dagenham,Disab3,nan,44.35671816951178,5.993306514604253,49.649975315883985,35.0,35.36982255225779,False
2017-18,E09000003 Barnet,Disab3,Limiting disability,37.50755507812936,24.827012814001183,37.66543210786944,57.0,122.29306766354199,False
2017-18,E09000003 Barnet,Disab3,No disability,66.84746817952016,11.120672922164744,22.031858898315086,346.0,876.8306411090318,False
2017-18,E09000003 Barnet,Disab3,Non-limiting disability,74.70394941417253,10.770764109698346,14.525286476129118,57.0,148.16445472446486,False
2017-18,E09000003 Barnet,Disab3,nan,60.094775840910856,12.60597652504393,27.29924763404522,34.0,63.70855369568114,False
2017-18,E09000004 Bexley,Disab3,Limiting disability,44.87657387441815,11.93227937491503,43.19114675066683,71.0,111.56763433657909,False
2017-18,E09000004 Bexley,Disab3,No disability,73.30494899952839,10.514544175449357,16.18050682502223,318.0,505.0418450141599,False
2017-18,E09000004 Bexley,Disab3,Non-limiting disability,70.52857078752007,5.114630110221149,24.356799102258776,64.0,124.59091071799199,False
2017-18,E09000004 Bexley,Disab3,nan,74.45889886498888,3.8341351431252084,21.706965991885912,36.0,48.68200328249352,False
2017-18,E09000005 Brent,Disab3,Limiting disability,36.32625719842725,2.759030300115494,60.91471250145727,54.0,115.72738607581341,False
2017-18,E09000005 Brent,Disab3,No disability,65.90113751995801,10.065920043874518,24.032942436167477,370.0,743.1689505542718,False
2017-18,E09000005 Brent,Disab3,Non-limiting disability,47.322970662561765,22.612500708449232,30.064528628989002,52.0,128.19837691088938,False
2017-18,E09000005 Brent,Disab3,nan,51.52387640992102,4.414288127447049,44.0618354626319,30.0,45.74913001852595,False
2017-18,E09000006 Bromley,Disab3,Limiting disability,34.17650449115024,20.07469515237044,45.74880035647933,56.0,133.96565993738065,False
2017-18,E09000006 Bromley,Disab3,No disability,67.23217292831882,12.823645952380916,19.944181119300257,303.0,668.5616674008751,False
2017-18,E09000006 Bromley,Disab3,Non-limiting disability,69.67279166041178,10.314214229763842,20.012994109824376,104.0,213.1637656097305,False
2017-18,E09000006 Bromley,Disab3,nan,73.18485120091633,2.378310419915318,24.436838379168368,21.0,42.287004433751925,True
2017-18,E09000007 Camden,Disab3,Limiting disability,52.32116637874405,19.30834785756043,28.37048576369552,68.0,110.54139267765846,False
2017-18,E09000007 Camden,Disab3,No disability,76.57884468269354,11.304152730945773,12.11700258636067,336.0,545.4954841878789,False
2017-18,E09000007 Camden,Disab3,Non-limiting disability,60.04090378060917,14.454043944451556,25.50505227493928,75.0,133.85047991926095,False
2017-18,E09000007 Camden,Disab3,nan,74.3156449799407,6.010746242276002,19.673608777783294,34.0,59.281039000911925,False
2017-18,E09000008 Croydon,Disab3,Limiting disability,35.66249369987802,8.02429573394793,56.313210566174035,57.0,132.93410689262845,False
2017-18,E09000008 Croydon,Disab3,No disability,67.37215498742844,12.1047492302624,20.523095782309174,336.0,848.2875077120467,False
2017-18,E09000008 Croydon,Disab3,Non-limiting disability,60.88306312463897,13.132191875053193,25.984745000307854,73.0,170.3385897544645,False
2017-18,E09000008 Croydon,Disab3,nan,67.47067220901019,11.282606478921366,21.246721312068455,32.0,56.13977905547443,False
2017-18,E09000009 Ealing,Disab3,Limiting disability,53.826320965605866,10.569341858113043,35.60433717628109,57.0,122.08783227214366,False
2017-18,E09000009 Ealing,Disab3,No disability,66.6749529518095,11.001160508220282,22.323886539970207,343.0,741.5273253998532,False
2017-18,E09000009 Ealing,Disab3,Non-limiting disability,70.34459924312876,13.718287443319888,15.937113313551368,60.0,128.87471723670635,False
2017-18,E09000009 Ealing,Disab3,nan,54.36063355095616,5.602773153691682,40.036593295352155,35.0,67.11616205793437,False
2017-18,E09000010 Enfield,Disab3,Limiting disability,44.85704670041819,8.281462274754718,46.8614910248271,71.0,160.8677769441837,False
2017-18,E09000010 Enfield,Disab3,No disability,63.92535220763752,13.818868159212968,22.255779633149515,339.0,701.5706425752865,False
2017-18,E09000010 Enfield,Disab3,Non-limiting disability,65.98068250504492,2.7501024456091128,31.26921504934596,59.0,101.4456842837324,False
2017-18,E09000010 Enfield,Disab3,nan,41.340344163654514,7.434397452716546,51.22525838362893,30.0,66.26436912726867,False
2017-18,E09000011 Greenwich,Disab3,Limiting disability,30.48621168808069,15.604722827959442,53.909065483959886,57.0,107.9067357139402,False
2017-18,E09000011 Greenwich,Disab3,No disability,71.96264064685118,12.579071690673402,15.458287662475412,335.0,604.4531118905716,False
2017-18,E09000011 Greenwich,Disab3,Non-limiting disability,63.776046371847094,21.007366760014904,15.216586868138013,61.0,113.68785472806668,False
2017-18,E09000011 Greenwich,Disab3,nan,50.95763789290226,2.727421314271054,46.31494079282668,35.0,42.066505797931605,False
2017-18,E09000012 Hackney,Disab3,Limiting disability,39.86808115739553,16.09061278282017,44.04130605978427,54.0,92.38208126157848,False
2017-18,E09000012 Hackney,Disab3,No disability,77.09526800812995,8.347190906585823,14.557541085284251,372.0,579.5329745275205,False
2017-18,E09000012 Hackney,Disab3,Non-limiting disability,67.36239130109236,17.15049717353722,15.487111525370429,73.0,120.13920625605674,False
2017-18,E09000012 Hackney,Disab3,nan,50.740835436561646,18.475176591570627,30.78398797186773,39.0,94.56172713382318,False
2017-18,E09000013 Hammersmith and Fulham,Disab3,Limiting disability,43.37408803195056,10.098366118633786,46.527545849415645,64.0,86.96410174607749,False
2017-18,E09000013 Hammersmith and Fulham,Disab3,No disability,71.08719367925845,9.479011713717373,19.43379460702416,337.0,398.9616607382685,False
2017-18,E09000013 Hammersmith and Fulham,Disab3,Non-limiting disability,77.09672543067607,7.771095861722623,15.132178707601318,55.0,77.07021607717002,False
2017-18,E09000013 Hammersmith and Fulham,Disab3,nan,54.90722186675197,17.24653574433917,27.846242388908866,33.0,49.19840699170177,False
2017-18,E09000014 Haringey,Disab3,Limiting disability,40.725188631099826,11.950677194548138,47.32413417435203,47.0,88.14045849281003,False
2017-18,E09000014 Haringey,Disab3,No disability,70.4306880983783,13.55428383844893,16.01502806317275,357.0,580.7407806824397,False
2017-18,E09000014 Haringey,Disab3,Non-limiting disability,57.65987078427849,10.06136763631804,32.27876157940347,66.0,113.65395847977504,False
2017-18,E09000014 Haringey,Disab3,nan,65.20292631920792,4.929608003206759,29.86746567758533,32.0,51.66815648989094,False
2017-18,E09000015 Harrow,Disab3,Limiting disability,45.01552277715786,5.6265431063888105,49.357934116453336,63.0,98.1939617256318,False
2017-18,E09000015 Harrow,Disab3,No disability,59.89029572046005,12.297344245796895,27.81236003374306,349.0,560.4076757925218,False
2017-18,E09000015 Harrow,Disab3,Non-limiting disability,64.32609584548301,15.626518087171485,20.047386067345524,62.0,86.84827437564411,False
2017-18,E09000015 Harrow,Disab3,nan,41.512615705658554,15.269548489317128,43.2178358050243,36.0,60.890818238191144,False
2017-18,E09000016 Havering,Disab3,Limiting disability,47.37312722342628,8.364224407809207,44.2626483687645,79.0,129.78903042491936,False
2017-18,E09000016 Havering,Disab3,No disability,66.16158357074006,14.281166177974248,19.557250251285687,334.0,534.9790630942234,False
2017-18,E09000016 Havering,Disab3,Non-limiting disability,56.25362692970087,14.687758938690193,29.05861413160894,65.0,122.87022470625868,False
2017-18,E09000016 Havering,Disab3,nan,49.27540468196991,16.674484250824296,34.0501110672058,31.0,37.64652521297908,False
2017-18,E09000017 Hillingdon,Disab3,Limiting disability,43.32826092731344,7.681418677672934,48.99032039501362,53.0,96.33387637829811,False
2017-18,E09000017 Hillingdon,Disab3,No disability,60.091611035572804,14.20820228785105,25.700186676576166,342.0,622.387436915483,False
2017-18,E09000017 Hillingdon,Disab3,Non-limiting disability,61.800788972157996,10.246295107219888,27.952915920622136,64.0,134.84435179231764,False
2017-18,E09000017 Hillingdon,Disab3,nan,28.62819330299533,16.687808378997833,54.68399831800683,41.0,84.69207227386494,False
2017-18,E09000018 Hounslow,Disab3,Limiting disability,52.02577890722607,6.523233039375325,41.45098805339859,56.0,111.36031282362922,False
2017-18,E09000018 Hounslow,Disab3,No disability,62.32753857383307,12.468725210713547,25.203736215453382,341.0,567.7920878523123,False
2017-18,E09000018 Hounslow,Disab3,Non-limiting disability,54.512889018618004,9.173103897519443,36.31400708386254,62.0,109.45061077574363,False
2017-18,E09000018 Hounslow,Disab3,nan,62.26126265002699,16.95615519000112,20.782582159971874,30.0,66.78491003075659,False
2017-18,E09000019 Islington,Disab3,Limiting disability,57.99747288641562,9.525844221813987,32.4766828917704,64.0,119.88823194849857,False
2017-18,E09000019 Islington,Disab3,No disability,80.47074182157414,8.275313084649792,11.253945093776045,312.0,465.54621975232044,False
2017-18,E09000019 Islington,Disab3,Non-limiting disability,80.37697602730505,7.872213551464083,11.750810421230872,72.0,141.01424811728188,False
2017-18,E09000019 Islington,Disab3,nan,50.46418684836165,8.197213461261297,41.338599690377066,36.0,45.92224019835054,False
2017-18,E09000020 Kensington and Chelsea,Disab3,Limiting disability,51.223308120721626,6.166508260221626,42.61018361905678,68.0,73.62427473554614,False
2017-18,E09000020 Kensington and Chelsea,Disab3,No disability,75.19864036049772,7.103375944465496,17.6979836950368,338.0,340.16980044196634,False
2017-18,E09000020 Kensington and Chelsea,Disab3,Non-limiting disability,77.16156124954047,8.979693817846982,13.858744932612549,74.0,78.28875248874007,False
2017-18,E09000020 Kensington and Chelsea,Disab3,nan,72.62414456603618,10.634766346540356,16.741089087423443,39.0,32.98157512599979,False
2017-18,E09000021 Kingston upon Thames,Disab3,Limiting disability,47.58331777380897,15.40970603332087,37.00697619287014,62.0,75.48958228483822,False
2017-18,E09000021 Kingston upon Thames,Disab3,No disability,75.41548624148076,10.036572704411634,14.5479410541076,325.0,360.59435873921433,False
2017-18,E09000021 Kingston upon Thames,Disab3,Non-limiting disability,59.55743716779435,13.587684274349765,26.854878557855898,71.0,92.31257371101506,False
2017-18,E09000021 Kingston upon Thames,Disab3,nan,46.50760415459229,27.206675308737033,26.28572053667067,22.0,25.35901889544748,True
2017-18,E09000022 Lambeth,Disab3,Limiting disability,49.08355489608592,8.376563333738517,42.539881770175555,59.0,112.94897170125779,False
2017-18,E09000022 Lambeth,Disab3,No disability,73.77548604318906,14.78932511193618,11.43518884487475,331.0,669.9407872992344,False
2017-18,E09000022 Lambeth,Disab3,Non-limiting disability,82.79362189448608,1.371404200626718,15.834973904887192,74.0,161.32553727897167,False
2017-18,E09000022 Lambeth,Disab3,nan,55.56741337205978,7.77750376501382,36.655082862926406,40.0,94.04933203995148,False
2017-18,E09000023 Lewisham,Disab3,Limiting disability,43.35208674688176,19.097084046543497,37.55082920657474,68.0,148.82965519852482,False
2017-18,E09000023 Lewisham,Disab3,No disability,78.07393785034516,8.863406948621279,13.062655201033548,317.0,593.5178364542774,False
2017-18,E09000023 Lewisham,Disab3,Non-limiting disability,56.72029918811897,26.317283744089735,16.9624170677913,73.0,169.23292451326066,False
2017-18,E09000023 Lewisham,Disab3,nan,67.84361078366136,2.5187448959389602,29.637644320399648,22.0,38.28209047817151,True
2017-18,E09000024 Merton,Disab3,Limiting disability,49.32056411216412,10.791967044617866,39.887468843218,47.0,60.83895721090837,False
2017-18,E09000024 Merton,Disab3,No disability,69.30659592460945,12.522921788911647,18.170482286478894,347.0,468.30919369154276,False
2017-18,E09000024 Merton,Disab3,Non-limiting disability,75.47742653027207,3.925885972081074,20.596687497646876,69.0,94.94381705481494,False
2017-18,E09000024 Merton,Disab3,nan,74.32059646784123,7.675186352956452,18.004217179202335,32.0,32.89581917690948,False
2017-18,E09000025 Newham,Disab3,Limiting disability,38.072615401693625,14.798613552376816,47.12877104592956,70.0,108.4880279208784,False
2017-18,E09000025 Newham,Disab3,No disability,53.400091680438365,14.93449038720157,31.665417932360047,344.0,787.2224237796713,False
2017-18,E09000025 Newham,Disab3,Non-limiting disability,50.77409530752156,15.032224159493182,34.19368053298525,47.0,91.43418634078526,False
2017-18,E09000025 Newham,Disab3,nan,47.678232571660715,20.856243752360335,31.46552367597895,37.0,102.49332739040511,False
2017-18,E09000026 Redbridge,Disab3,Limiting disability,45.51808578161516,16.63031092937969,37.85160328900516,60.0,108.40862053948692,False
2017-18,E09000026 Redbridge,Disab3,No disability,60.62038936259222,11.540196588378269,27.839414049029493,326.0,640.5751950603885,False
2017-18,E09000026 Redbridge,Disab3,Non-limiting disability,59.577131820297204,11.864792845211873,28.558075334490933,63.0,130.69597518910487,False
2017-18,E09000026 Redbridge,Disab3,nan,43.43626369238055,20.827086655702246,35.73664965191721,34.0,65.70053375105942,False
2017-18,E09000027 Richmond upon Thames,Disab3,Limiting disability,66.31872504641865,12.58695523371283,21.094319719868533,50.0,81.21185374222738,False
2017-18,E09000027 Richmond upon Thames,Disab3,No disability,75.53726535751865,11.068951081222712,13.393783561258632,352.0,396.289554382153,False
2017-18,E09000027 Richmond upon Thames,Disab3,Non-limiting disability,80.37564582652303,6.366588443937567,13.25776572953941,68.0,114.95874820110295,False
2017-18,E09000027 Richmond upon Thames,Disab3,nan,37.66087163054107,28.07965058709556,34.25947778236338,29.0,35.79894416475802,True
2017-18,E09000028 Southwark,Disab3,Limiting disability,57.95927530042266,12.06150863044371,29.979216069133635,50.0,86.45185609239957,False
2017-18,E09000028 Southwark,Disab3,No disability,80.62960505273846,8.983943045183604,10.386451902077935,352.0,695.6817432017187,False
2017-18,E09000028 Southwark,Disab3,Non-limiting disability,61.49704646710713,15.143207527451324,23.359746005441533,73.0,142.4868257076117,False
2017-18,E09000028 Southwark,Disab3,nan,41.689579231774594,19.895199982328133,38.415220785897276,45.0,97.82813665215009,False
2017-18,E09000029 Sutton,Disab3,Limiting disability,36.35151663586106,22.25465843526362,41.393824928875304,75.0,106.7225420776165,False
2017-18,E09000029 Sutton,Disab3,No disability,61.646511960871095,13.987849803266878,24.36563823586203,320.0,386.6369956740555,False
2017-18,E09000029 Sutton,Disab3,Non-limiting disability,48.871423057169174,18.563253347970353,32.56532359486048,68.0,94.07810371429073,False
2017-18,E09000029 Sutton,Disab3,nan,46.13053547687568,18.35846338146793,35.511001141656386,37.0,59.277573312082374,False
2017-18,E09000030 Tower Hamlets,Disab3,Limiting disability,64.43878540645261,5.022900532128106,30.538314061419282,46.0,88.1580638257369,False
2017-18,E09000030 Tower Hamlets,Disab3,No disability,68.81856217568314,13.058770412844453,18.122667411472385,376.0,686.7289597849966,False
2017-18,E09000030 Tower Hamlets,Disab3,Non-limiting disability,65.88803967145402,6.381445566115852,27.73051476243012,53.0,112.13434891660559,False
2017-18,E09000030 Tower Hamlets,Disab3,nan,47.63994020764405,9.56998808441969,42.79007170793624,47.0,75.3841589101758,False
2017-18,E09000031 Waltham Forest,Disab3,Limiting disability,43.84396863514065,13.129591169846888,43.026440195012455,64.0,137.56017788757285,False
2017-18,E09000031 Waltham Forest,Disab3,No disability,64.41060102119455,10.574442670138021,25.014956308667426,332.0,569.9436392054774,False
2017-18,E09000031 Waltham Forest,Disab3,Non-limiting disability,61.21433749421461,9.345390421874864,29.440272083910525,60.0,96.97306311152002,False
2017-18,E09000031 Waltham Forest,Disab3,nan,68.43989253221174,15.435686531633216,16.124420936155047,29.0,49.88543908188558,True
2017-18,E09000032 Wandsworth,Disab3,Limiting disability,50.489200369226936,11.518959042439441,37.99184058833361,38.0,93.71973736979366,False
2017-18,E09000032 Wandsworth,Disab3,No disability,76.72589388597017,9.469558622692999,13.804547491336844,388.0,782.5636908504954,False
2017-18,E09000032 Wandsworth,Disab3,Non-limiting disability,76.66403466229865,5.299677024570413,18.036288313130928,59.0,119.02704556067671,False
2017-18,E09000032 Wandsworth,Disab3,nan,64.33684671740741,24.433825385382647,11.229327897209934,29.0,44.6957449945271,True
2017-18,E09000033 Westminster,Disab3,Limiting disability,53.23668559903191,8.799979058349674,37.96333534261842,64.0,102.7356405883774,False
2017-18,E09000033 Westminster,Disab3,No disability,72.58051684133441,10.845492458600875,16.573990700064734,340.0,548.7344474929491,False
2017-18,E09000033 Westminster,Disab3,Non-limiting disability,65.1281365579721,11.6267052412258,23.24515820080208,75.0,120.45973280675423,False
2017-18,E09000033 Westminster,Disab3,nan,72.48001102623968,5.479094697191746,22.040894276568583,30.0,50.22618069678137,False
2017-18,E09000001 City of London,LondInOut,E13000001 Inner London,72.96816410003619,9.479776249511552,17.55205965045227,233.0,26.64044207934503,False
2017-18,E09000002 Barking and Dagenham,LondInOut,E13000002 Outer London,53.63688110790328,10.156971343717622,36.20614754837909,472.0,621.662376233036,False
2017-18,E09000003 Barnet,LondInOut,E13000002 Outer London,64.49054933582026,12.54014237517264,22.96930828900712,494.0,1210.9967171927196,False
2017-18,E09000004 Bexley,LondInOut,E13000002 Outer London,68.92275047393626,9.451319383537626,21.625930142526116,489.0,789.8823933512244,False
2017-18,E09000005 Brent,LondInOut,E13000002 Outer London,59.64456576582259,10.554170795789933,29.801263438387473,506.0,1032.8438435595006,False
2017-18,E09000006 Bromley,LondInOut,E13000002 Outer London,63.776192096533556,12.818702301652324,23.405105601814107,484.0,1057.9780973817383,False
2017-18,E09000007 Camden,LondInOut,E13000001 Inner London,70.65628123795078,12.47307363709888,16.870645124950347,513.0,849.1683957857102,False
2017-18,E09000008 Croydon,LondInOut,E13000002 Outer London,62.971138511678824,11.762302241627665,25.26655924669351,498.0,1207.699983414614,False
2017-18,E09000009 Ealing,LondInOut,E13000002 Outer London,64.86085715753745,10.939939756597514,24.199203085865047,495.0,1059.6060369666375,False
2017-18,E09000010 Enfield,LondInOut,E13000002 Outer London,59.69726960322627,11.453450285700987,28.849280111072762,499.0,1030.1484729304711,False
2017-18,E09000011 Greenwich,LondInOut,E13000002 Outer London,64.71715450010755,13.58154165056297,21.701303849329452,488.0,868.1142081305102,False
2017-18,E09000012 Hackney,LondInOut,E13000001 Inner London,69.08667597819071,11.427098677751719,19.48622534405757,538.0,886.615989178979,False
2017-18,E09000013 Hammersmith and Fulham,LondInOut,E13000001 Inner London,66.6067241883872,9.97620994272836,23.41706586888444,489.0,612.1943855532177,False
2017-18,E09000014 Haringey,LondInOut,E13000001 Inner London,65.22833656657484,12.374778297399772,22.396885136025382,502.0,834.2033541449156,False
2017-18,E09000015 Harrow,LondInOut,E13000002 Outer London,57.16886148037115,12.068012608099291,30.76312591152957,510.0,806.340730131989,False
2017-18,E09000016 Havering,LondInOut,E13000002 Outer London,60.96139798055054,13.52034294539301,25.518259074056466,509.0,825.2848434383804,False
2017-18,E09000017 Hillingdon,LondInOut,E13000002 Outer London,55.776051042385724,13.192502491456398,31.031446466157874,500.0,938.2577373599638,False
2017-18,E09000018 Hounslow,LondInOut,E13000002 Outer London,59.98129130153783,11.623369544460877,28.3953391540013,489.0,855.3879214824417,False
2017-18,E09000019 Islington,LondInOut,E13000001 Inner London,75.18122249212462,8.391183160983834,16.427594346891542,484.0,772.3709400164514,False
2017-18,E09000020 Kensington and Chelsea,LondInOut,E13000001 Inner London,71.96779336821393,7.473595671065233,20.55861096072084,519.0,525.0644027922524,False
2017-18,E09000021 Kingston upon Thames,LondInOut,E13000002 Outer London,67.6539175296999,12.147332280632513,20.198750189667606,480.0,553.7555336305151,False
2017-18,E09000022 Lambeth,LondInOut,E13000001 Inner London,70.84123439839965,11.371674961799144,17.787090639801203,504.0,1038.2646283194154,False
2017-18,E09000023 Lewisham,LondInOut,E13000001 Inner London,68.4167315814228,13.320850306704754,18.26241811187245,480.0,949.8625066442344,False
2017-18,E09000024 Merton,LondInOut,E13000002 Outer London,68.59865663557233,10.877510524170944,20.523832840256738,495.0,656.9877871341755,False
2017-18,E09000025 Newham,LondInOut,E13000001 Inner London,51.11547424412508,15.486173995471864,33.398351760403045,498.0,1089.6379654317402,False
2017-18,E09000026 Redbridge,LondInOut,E13000002 Outer London,57.55011635893488,12.814169931669925,29.635713709395194,483.0,945.3803245400396,False
2017-18,E09000027 Richmond upon Thames,LondInOut,E13000002 Outer London,73.0727161159546,11.374027904633376,15.553255979412024,499.0,628.2591004902413,False
2017-18,E09000028 Southwark,LondInOut,E13000001 Inner London,72.32066892459183,11.146499988860926,16.53283108654724,520.0,1022.4485616538801,False
2017-18,E09000029 Sutton,LondInOut,E13000002 Outer London,54.191682284471,16.41825417937122,29.39006353615779,500.0,646.715214778045,False
2017-18,E09000030 Tower Hamlets,LondInOut,E13000001 Inner London,66.41701999684048,11.271391735883093,22.31158826727643,522.0,962.4055314375148,False
2017-18,E09000031 Waltham Forest,LondInOut,E13000002 Outer London,60.97166413018725,11.130186989272195,27.898148880540557,485.0,854.3623192864559,False
2017-18,E09000032 Wandsworth,LondInOut,E13000001 Inner London,73.82206832711704,9.82011386632061,16.357817806562377,514.0,1040.0062187754927,False
2017-18,E09000033 Westminster,LondInOut,E13000001 Inner London,69.06529509573085,10.376510769774468,20.558194134494702,509.0,822.1560015848621,False
2017-18,E09000001 City of London,NSSEC5,NS SEC 1-2: Higher social groups,81.01937625105666,9.001843150499743,9.97878059844361,157.0,14.635819059965318,False
2017-18,E09000001 City of London,NSSEC5,NS SEC 3-5: Middle social groups,85.59282279969737,2.195623249600705,12.211553950701912,24.0,3.442819213059639,True
2017-18,E09000001 City of London,NSSEC5,NS SEC 6-8: Lower social groups,31.553031432318406,0.0,68.4469685676816,4.0,0.8406874919309144,True
2017-18,E09000001 City of London,NSSEC5,NS SEC 9: Students and other / unclassified,60.49468430756262,15.83555207119239,23.669763621245004,19.0,4.436665400440384,True
2017-18,E09000001 City of London,NSSEC5,nan,51.307721176582014,13.0858715170112,35.60640730640679,29.0,3.284450913948774,True
2017-18,E09000002 Barking and Dagenham,NSSEC5,NS SEC 1-2: Higher social groups,60.72515749048898,14.00243002034479,25.27241248916623,196.0,180.96444617179208,False
2017-18,E09000002 Barking and Dagenham,NSSEC5,NS SEC 3-5: Middle social groups,51.436809493299585,11.385141560726062,37.17804894597435,109.0,138.83971030840857,False
2017-18,E09000002 Barking and Dagenham,NSSEC5,NS SEC 6-8: Lower social groups,46.67951803427029,9.486167182370753,43.83431478335896,81.0,164.8567804650414,False
2017-18,E09000002 Barking and Dagenham,NSSEC5,NS SEC 9: Students and other / unclassified,60.56469535684641,5.500153990971281,33.93515065218233,64.0,115.57789317693565,False
2017-18,E09000002 Barking and Dagenham,NSSEC5,nan,24.183194992579697,0.0,75.81680500742033,22.0,21.42354611085827,True
2017-18,E09000003 Barnet,NSSEC5,NS SEC 1-2: Higher social groups,72.75361037877414,12.904931282342483,14.3414583388834,290.0,562.339710957413,False
2017-18,E09000003 Barnet,NSSEC5,NS SEC 3-5: Middle social groups,64.31442099663141,9.255004635092142,26.430574368276456,97.0,281.7417940777281,False
2017-18,E09000003 Barnet,NSSEC5,NS SEC 6-8: Lower social groups,44.24807629355146,14.455899195032613,41.29602451141592,31.0,127.94529470672016,False
2017-18,E09000003 Barnet,NSSEC5,NS SEC 9: Students and other / unclassified,60.79658180387019,12.480957393956475,26.722460802173337,36.0,144.71319460899772,False
2017-18,E09000003 Barnet,NSSEC5,nan,48.868007213266644,17.673761222471956,33.458231564261396,40.0,94.25672284186074,False
2017-18,E09000004 Bexley,NSSEC5,NS SEC 1-2: Higher social groups,70.59101361191502,11.28114227591673,18.12784411216827,258.0,285.1761835187006,False
2017-18,E09000004 Bexley,NSSEC5,NS SEC 3-5: Middle social groups,77.88249044471462,7.6053580574657085,14.512151497819687,113.0,255.4610687930421,False
2017-18,E09000004 Bexley,NSSEC5,NS SEC 6-8: Lower social groups,59.283571139963996,10.27472999442156,30.441698865614452,44.0,110.80157194403272,False
2017-18,E09000004 Bexley,NSSEC5,NS SEC 9: Students and other / unclassified,77.017268864946,8.65807652450672,14.324654610547274,33.0,83.31512734599211,False
2017-18,E09000004 Bexley,NSSEC5,nan,25.914582698964907,8.083663895969082,66.00175340506603,41.0,55.12844174945689,False
2017-18,E09000005 Brent,NSSEC5,NS SEC 1-2: Higher social groups,71.08353411487177,9.869536716954164,19.046929168174067,237.0,313.9743197795801,False
2017-18,E09000005 Brent,NSSEC5,NS SEC 3-5: Middle social groups,54.05090409982716,8.256611947449505,37.69248395272336,116.0,267.4722768600897,False
2017-18,E09000005 Brent,NSSEC5,NS SEC 6-8: Lower social groups,58.52646000048844,12.696042104463235,28.77749789504832,72.0,257.45718760082656,False
2017-18,E09000005 Brent,NSSEC5,NS SEC 9: Students and other / unclassified,58.642180132842356,14.763632736419838,26.59418713073781,52.0,147.72836228503326,False
2017-18,E09000005 Brent,NSSEC5,nan,23.73487541961527,3.114360349409088,73.15076423097562,29.0,46.21169703397077,True
2017-18,E09000006 Bromley,NSSEC5,NS SEC 1-2: Higher social groups,71.83213987683772,12.288187598587932,15.879672524574353,283.0,494.62941794839287,False
2017-18,E09000006 Bromley,NSSEC5,NS SEC 3-5: Middle social groups,65.30463626875657,12.823018379591607,21.872345351651838,97.0,247.1661362693938,False
2017-18,E09000006 Bromley,NSSEC5,NS SEC 6-8: Lower social groups,49.65458182675489,2.1604488630007777,48.18496931024433,24.0,92.23815319224836,True
2017-18,E09000006 Bromley,NSSEC5,NS SEC 9: Students and other / unclassified,76.69573173434517,10.70534463393188,12.598923631722933,22.0,75.03223104613437,True
2017-18,E09000006 Bromley,NSSEC5,nan,36.71783055676697,22.240424173448275,41.041745269784755,58.0,148.9121589255687,False
2017-18,E09000007 Camden,NSSEC5,NS SEC 1-2: Higher social groups,76.15412711176278,12.505418012490155,11.340454875747085,302.0,363.3684387722258,False
2017-18,E09000007 Camden,NSSEC5,NS SEC 3-5: Middle social groups,62.04239945325789,13.58789815254165,24.369702394200452,66.0,124.40369998443974,False
2017-18,E09000007 Camden,NSSEC5,NS SEC 6-8: Lower social groups,50.006779108045926,14.086291224485024,35.90692966746904,27.0,65.75042051602779,True
2017-18,E09000007 Camden,NSSEC5,NS SEC 9: Students and other / unclassified,80.52302418690438,12.263822591848623,7.213153221247007,71.0,229.62028039490997,False
2017-18,E09000007 Camden,NSSEC5,nan,42.87861682437646,9.315770873276179,47.805612302347384,47.0,66.02555611810689,False
2017-18,E09000008 Croydon,NSSEC5,NS SEC 1-2: Higher social groups,70.4904867126528,10.92970750158786,18.579805785759344,258.0,446.46397400599193,False
2017-18,E09000008 Croydon,NSSEC5,NS SEC 3-5: Middle social groups,61.83215163966073,13.930066403962558,24.23778195637674,109.0,276.2966900091813,False
2017-18,E09000008 Croydon,NSSEC5,NS SEC 6-8: Lower social groups,60.87543848097712,10.323556200499937,28.801005318522943,57.0,223.48078418696795,False
2017-18,E09000008 Croydon,NSSEC5,NS SEC 9: Students and other / unclassified,61.0021841294328,11.757479162782314,27.240336707784895,45.0,210.36608336218933,False
2017-18,E09000008 Croydon,NSSEC5,nan,20.697382001139392,13.628022047048155,65.67459595181246,29.0,51.09245185028345,True
2017-18,E09000009 Ealing,NSSEC5,NS SEC 1-2: Higher social groups,70.08828752324001,10.289586292799724,19.622126183960273,286.0,420.0206371938142,False
2017-18,E09000009 Ealing,NSSEC5,NS SEC 3-5: Middle social groups,61.06641649783027,13.829580855798115,25.104002646371615,81.0,199.54777033462182,False
2017-18,E09000009 Ealing,NSSEC5,NS SEC 6-8: Lower social groups,56.0207348079371,12.054212867658386,31.92505232440449,47.0,191.3366442875075,False
2017-18,E09000009 Ealing,NSSEC5,NS SEC 9: Students and other / unclassified,76.17801650588672,5.1684225718603125,18.653560922252964,45.0,180.15499496578803,False
2017-18,E09000009 Ealing,NSSEC5,nan,38.807401734032666,18.571411822473,42.62118644349435,36.0,68.5459901849061,False
2017-18,E09000010 Enfield,NSSEC5,NS SEC 1-2: Higher social groups,72.04265111801107,8.837852234493837,19.11949664749509,239.0,337.27786080210717,False
2017-18,E09000010 Enfield,NSSEC5,NS SEC 3-5: Middle social groups,65.62779859930085,9.11938578778832,25.25281561291085,105.0,261.3708591191077,False
2017-18,E09000010 Enfield,NSSEC5,NS SEC 6-8: Lower social groups,53.8598749819128,10.503597172508165,35.636527845579025,48.0,162.42922633807643,False
2017-18,E09000010 Enfield,NSSEC5,NS SEC 9: Students and other / unclassified,47.021208571207254,24.25565968699431,28.72313174179843,48.0,157.95546804291376,False
2017-18,E09000010 Enfield,NSSEC5,nan,34.82688105715737,8.072672578310717,57.10044636453189,59.0,111.11505862826617,False
2017-18,E09000011 Greenwich,NSSEC5,NS SEC 1-2: Higher social groups,73.61660442776532,13.512072535352631,12.871323036882043,274.0,356.9126509105611,False
2017-18,E09000011 Greenwich,NSSEC5,NS SEC 3-5: Middle social groups,67.97252280979109,8.396732499714954,23.63074469049396,102.0,205.57094026358507,False
2017-18,E09000011 Greenwich,NSSEC5,NS SEC 6-8: Lower social groups,53.71553794059479,9.41875066123373,36.86571139817145,54.0,161.30510741663105,False
2017-18,E09000011 Greenwich,NSSEC5,NS SEC 9: Students and other / unclassified,54.97251939938237,31.720947517427195,13.306533083190452,38.0,106.65476538732946,False
2017-18,E09000011 Greenwich,NSSEC5,nan,37.332331037721644,9.001485299193975,53.6661836630844,20.0,37.67074415240339,True
2017-18,E09000012 Hackney,NSSEC5,NS SEC 1-2: Higher social groups,82.94799452081514,12.261207970852592,4.79079750833226,350.0,416.8416536715226,False
2017-18,E09000012 Hackney,NSSEC5,NS SEC 3-5: Middle social groups,64.70990142761052,11.424899342525146,23.865199229864313,82.0,162.42121330819305,False
2017-18,E09000012 Hackney,NSSEC5,NS SEC 6-8: Lower social groups,44.95347649560551,12.393875740830019,42.65264776356449,45.0,143.72025807226854,False
2017-18,E09000012 Hackney,NSSEC5,NS SEC 9: Students and other / unclassified,71.59115729879215,5.562231037190806,22.846611664017047,41.0,121.85235603204504,False
2017-18,E09000012 Hackney,NSSEC5,nan,23.518986902369573,16.89300186668654,59.58801123094389,20.0,41.780508094949866,True
2017-18,E09000013 Hammersmith and Fulham,NSSEC5,NS SEC 1-2: Higher social groups,79.02324660622718,7.89096633520905,13.085787058563763,284.0,286.8066156051377,False
2017-18,E09000013 Hammersmith and Fulham,NSSEC5,NS SEC 3-5: Middle social groups,56.67249790287604,11.681949289383533,31.645552807740422,87.0,128.60075783691448,False
2017-18,E09000013 Hammersmith and Fulham,NSSEC5,NS SEC 6-8: Lower social groups,51.297303268380944,8.170276303667517,40.53242042795153,28.0,45.45359100587332,True
2017-18,E09000013 Hammersmith and Fulham,NSSEC5,NS SEC 9: Students and other / unclassified,65.97343159544289,12.353956529463517,21.672611875093587,42.0,89.11267285030074,False
2017-18,E09000013 Hammersmith and Fulham,NSSEC5,nan,41.99613634328301,13.976501026044993,44.027362630671995,48.0,62.220748254991506,False
2017-18,E09000014 Haringey,NSSEC5,NS SEC 1-2: Higher social groups,75.5555240709532,12.367673641102174,12.07680228794463,311.0,359.8637425976093,False
2017-18,E09000014 Haringey,NSSEC5,NS SEC 3-5: Middle social groups,60.41585184267907,17.791443265264856,21.792704892056072,78.0,171.45610299805082,False
2017-18,E09000014 Haringey,NSSEC5,NS SEC 6-8: Lower social groups,53.84828402067557,4.313376127524509,41.83833985179992,36.0,104.27451880660374,False
2017-18,E09000014 Haringey,NSSEC5,NS SEC 9: Students and other / unclassified,63.95318983444591,13.427785860625788,22.6190243049283,47.0,147.7840116151,False
2017-18,E09000014 Haringey,NSSEC5,nan,35.39743997786125,7.629426364140987,56.973133657997764,30.0,50.82497812755168,False
2017-18,E09000015 Harrow,NSSEC5,NS SEC 1-2: Higher social groups,62.90310454573109,14.277545958377196,22.81934949589172,282.0,321.57899924828394,False
2017-18,E09000015 Harrow,NSSEC5,NS SEC 3-5: Middle social groups,56.290118501294415,15.122960148748618,28.586921349956956,83.0,157.923879349137,False
2017-18,E09000015 Harrow,NSSEC5,NS SEC 6-8: Lower social groups,60.100798372256826,4.809411911027368,35.08978971671582,42.0,103.19306187353484,False
2017-18,E09000015 Harrow,NSSEC5,NS SEC 9: Students and other / unclassified,51.4994745313806,12.209242888750834,36.29128257986858,48.0,145.90463252017707,False
2017-18,E09000015 Harrow,NSSEC5,nan,41.98232963755997,6.092238582781087,51.92543177965895,55.0,77.74015714085606,False
2017-18,E09000016 Havering,NSSEC5,NS SEC 1-2: Higher social groups,64.11042143010891,14.4346708911306,21.45490767876049,239.0,276.4227653069363,False
2017-18,E09000016 Havering,NSSEC5,NS SEC 3-5: Middle social groups,65.48020614882354,15.504368307671884,19.0154255435046,152.0,304.3880067143605,False
2017-18,E09000016 Havering,NSSEC5,NS SEC 6-8: Lower social groups,62.22662177159868,6.112648225319713,31.660730003081603,46.0,96.8562830277718,False
2017-18,E09000016 Havering,NSSEC5,NS SEC 9: Students and other / unclassified,55.63812901442977,12.813476707620477,31.548394277949782,31.0,82.74048730257127,False
2017-18,E09000016 Havering,NSSEC5,nan,31.243333973379794,12.276666809985695,56.47999921663451,41.0,64.87730108674063,False
2017-18,E09000017 Hillingdon,NSSEC5,NS SEC 1-2: Higher social groups,56.79985427445743,17.598901335769245,25.60124438977333,263.0,368.98212584256174,False
2017-18,E09000017 Hillingdon,NSSEC5,NS SEC 3-5: Middle social groups,58.43757199133142,13.87575836839175,27.68666964027683,99.0,195.52397337270935,False
2017-18,E09000017 Hillingdon,NSSEC5,NS SEC 6-8: Lower social groups,50.160565186395345,14.128328575626576,35.711106237978086,53.0,167.93930799077472,False
2017-18,E09000017 Hillingdon,NSSEC5,NS SEC 9: Students and other / unclassified,65.01853903321008,2.2090390802014963,32.77242188658843,46.0,135.40114113903604,False
2017-18,E09000017 Hillingdon,NSSEC5,nan,38.640438460324276,7.093133510268798,54.266428029406924,39.0,70.41118901488186,False
2017-18,E09000018 Hounslow,NSSEC5,NS SEC 1-2: Higher social groups,68.65480300006777,8.817044761087413,22.528152238844807,266.0,341.01927859334955,False
2017-18,E09000018 Hounslow,NSSEC5,NS SEC 3-5: Middle social groups,61.608539791111724,13.02144579931548,25.370014409572782,88.0,182.7882649764532,False
2017-18,E09000018 Hounslow,NSSEC5,NS SEC 6-8: Lower social groups,51.085870481580756,12.994283515748828,35.91984600267043,51.0,143.39006236091743,False
2017-18,E09000018 Hounslow,NSSEC5,NS SEC 9: Students and other / unclassified,55.769332447085304,15.48462996450193,28.746037588412747,51.0,141.5431271940307,False
2017-18,E09000018 Hounslow,NSSEC5,nan,30.320599947173076,10.730466973716638,58.948933079110276,33.0,46.64718835769086,False
2017-18,E09000019 Islington,NSSEC5,NS SEC 1-2: Higher social groups,79.91887452071123,9.617613894325736,10.46351158496303,325.0,414.42458370537304,False
2017-18,E09000019 Islington,NSSEC5,NS SEC 3-5: Middle social groups,73.22782641402998,6.258258265698012,20.513915320271998,62.0,107.43896832127588,False
2017-18,E09000019 Islington,NSSEC5,NS SEC 6-8: Lower social groups,66.85537063543579,7.258762974503859,25.885866390060347,34.0,102.73226227188117,False
2017-18,E09000019 Islington,NSSEC5,NS SEC 9: Students and other / unclassified,79.79680560263007,6.3778346017178915,13.825359795652039,43.0,111.33588929376252,False
2017-18,E09000019 Islington,NSSEC5,nan,36.42972266548099,10.075912317671207,53.49436501684781,20.0,36.439236424158835,True
2017-18,E09000020 Kensington and Chelsea,NSSEC5,NS SEC 1-2: Higher social groups,77.9815537258953,6.975820363627861,15.042625910476854,309.0,231.27470460940702,False
2017-18,E09000020 Kensington and Chelsea,NSSEC5,NS SEC 3-5: Middle social groups,67.16750386626484,11.882732524444348,20.9497636092908,60.0,79.13089318062939,False
2017-18,E09000020 Kensington and Chelsea,NSSEC5,NS SEC 6-8: Lower social groups,76.5774958062458,2.371782617600802,21.050721576153393,35.0,61.614162680133674,False
2017-18,E09000020 Kensington and Chelsea,NSSEC5,NS SEC 9: Students and other / unclassified,69.87217673659443,3.3656119788257053,26.762211284579873,44.0,84.6670379718756,False
2017-18,E09000020 Kensington and Chelsea,NSSEC5,nan,55.623658938233774,13.738492702707115,30.637848359059078,71.0,68.37760435020674,False
2017-18,E09000021 Kingston upon Thames,NSSEC5,NS SEC 1-2: Higher social groups,68.85721908083782,12.027346873457194,19.115434045704973,289.0,230.1257034754095,False
2017-18,E09000021 Kingston upon Thames,NSSEC5,NS SEC 3-5: Middle social groups,62.37583609973775,14.318649493482683,23.305514406779583,83.0,95.32997826947553,False
2017-18,E09000021 Kingston upon Thames,NSSEC5,NS SEC 6-8: Lower social groups,62.540908499034785,15.896974028255029,21.562117472710195,32.0,82.61925632159551,False
2017-18,E09000021 Kingston upon Thames,NSSEC5,NS SEC 9: Students and other / unclassified,88.27204384016412,5.817924979927684,5.910031179908196,38.0,96.94021999544938,False
2017-18,E09000021 Kingston upon Thames,NSSEC5,nan,39.955240428261604,14.699664419537683,45.34509515220073,38.0,48.740375568585144,False
2017-18,E09000022 Lambeth,NSSEC5,NS SEC 1-2: Higher social groups,77.41225774297055,10.833003146245863,11.754739110783593,315.0,488.4940477674472,False
2017-18,E09000022 Lambeth,NSSEC5,NS SEC 3-5: Middle social groups,68.42122346477612,10.802980609482375,20.775795925741498,83.0,198.37791905109552,False
2017-18,E09000022 Lambeth,NSSEC5,NS SEC 6-8: Lower social groups,66.49313331769868,15.1953364736792,18.311530208622116,41.0,161.31554966375384,False
2017-18,E09000022 Lambeth,NSSEC5,NS SEC 9: Students and other / unclassified,67.64569518481271,10.220700329900561,22.13360448528673,41.0,133.55825314506933,False
2017-18,E09000022 Lambeth,NSSEC5,nan,42.503399125623446,9.82989719953708,47.666703674839475,24.0,56.5188586920494,True
2017-18,E09000023 Lewisham,NSSEC5,NS SEC 1-2: Higher social groups,74.15123175423642,14.024686929961508,11.824081315802069,285.0,421.8600872919068,False
2017-18,E09000023 Lewisham,NSSEC5,NS SEC 3-5: Middle social groups,71.81272424031171,12.400447800934286,15.786827958754031,84.0,192.07069264054556,False
2017-18,E09000023 Lewisham,NSSEC5,NS SEC 6-8: Lower social groups,45.47138918207264,17.076408231508854,37.4522025864185,42.0,129.38111597534433,False
2017-18,E09000023 Lewisham,NSSEC5,NS SEC 9: Students and other / unclassified,79.42570730652699,2.8251170584435865,17.749175635029424,44.0,155.80544546154195,False
2017-18,E09000023 Lewisham,NSSEC5,nan,32.59082074467459,33.60368672390969,33.805492531415716,25.0,50.74516527489567,True
2017-18,E09000024 Merton,NSSEC5,NS SEC 1-2: Higher social groups,74.6636628309424,11.854997194020521,13.48133997503706,295.0,292.04689143481244,False
2017-18,E09000024 Merton,NSSEC5,NS SEC 3-5: Middle social groups,68.6527749826508,8.039362270203272,23.30786274714594,100.0,167.89939441569274,False
2017-18,E09000024 Merton,NSSEC5,NS SEC 6-8: Lower social groups,53.56299835789532,25.24601185327394,21.190989788830763,37.0,76.831871442106,False
2017-18,E09000024 Merton,NSSEC5,NS SEC 9: Students and other / unclassified,75.12990216235421,0.0,24.870097837645787,33.0,83.4712441597609,False
2017-18,E09000024 Merton,NSSEC5,nan,36.74352614825035,10.7428263165361,52.51364753521357,30.0,36.73838568180346,False
2017-18,E09000025 Newham,NSSEC5,NS SEC 1-2: Higher social groups,61.9869747953004,15.644823289576589,22.368201915122995,233.0,314.42150777160043,False
2017-18,E09000025 Newham,NSSEC5,NS SEC 3-5: Middle social groups,48.06840059188249,18.86679528670189,33.06480412141559,102.0,290.15684164129624,False
2017-18,E09000025 Newham,NSSEC5,NS SEC 6-8: Lower social groups,40.42877708209506,14.922263299100571,44.648959618804376,70.0,215.92947424654312,False
2017-18,E09000025 Newham,NSSEC5,NS SEC 9: Students and other / unclassified,54.967785687685186,13.61279921830725,31.41941509400755,74.0,234.42598992594804,False
2017-18,E09000025 Newham,NSSEC5,nan,18.565669918438598,1.9471463840320238,79.48718369752937,19.0,34.704151846352225,True
2017-18,E09000026 Redbridge,NSSEC5,NS SEC 1-2: Higher social groups,70.14406743163963,13.13493445182085,16.72099811653953,249.0,317.06173367876534,False
2017-18,E09000026 Redbridge,NSSEC5,NS SEC 3-5: Middle social groups,49.89783388971343,9.861958031452426,40.24020807883413,91.0,235.89685496716237,False
2017-18,E09000026 Redbridge,NSSEC5,NS SEC 6-8: Lower social groups,44.644437566207465,26.078058731307568,29.277503702484957,55.0,162.88910913199229,False
2017-18,E09000026 Redbridge,NSSEC5,NS SEC 9: Students and other / unclassified,65.10809958550121,6.614572170243653,28.27732824425513,56.0,177.81908032673653,False
2017-18,E09000026 Redbridge,NSSEC5,nan,29.904174494631953,3.8528640028824266,66.24296150248563,32.0,51.71354643538321,False
2017-18,E09000027 Richmond upon Thames,NSSEC5,NS SEC 1-2: Higher social groups,77.18881714492112,8.355408789700078,14.455774065378806,334.0,330.7600948528011,False
2017-18,E09000027 Richmond upon Thames,NSSEC5,NS SEC 3-5: Middle social groups,72.89399972371633,11.692683678165851,15.413316598117804,74.0,114.5079127494802,False
2017-18,E09000027 Richmond upon Thames,NSSEC5,NS SEC 6-8: Lower social groups,65.82146795124414,25.99137903250444,8.187153016251429,23.0,52.33681403800549,True
2017-18,E09000027 Richmond upon Thames,NSSEC5,NS SEC 9: Students and other / unclassified,81.23469140734332,9.89960658750012,8.865702005156542,31.0,83.4794372964999,False
2017-18,E09000027 Richmond upon Thames,NSSEC5,nan,38.24848884924456,18.15748283344462,43.59402831731083,37.0,47.174841553454655,False
2017-18,E09000028 Southwark,NSSEC5,NS SEC 1-2: Higher social groups,77.76886530266741,8.924565328116207,13.306569369216396,337.0,484.8895286345238,False
2017-18,E09000028 Southwark,NSSEC5,NS SEC 3-5: Middle social groups,70.09416482760282,8.18977625597796,21.7160589164192,70.0,173.17404836199069,False
2017-18,E09000028 Southwark,NSSEC5,NS SEC 6-8: Lower social groups,67.3235443017647,14.69114819249486,17.98530750574045,43.0,144.7982426729091,False
2017-18,E09000028 Southwark,NSSEC5,NS SEC 9: Students and other / unclassified,70.90422449144937,15.8335014173115,13.262274091239117,52.0,194.69086649356086,False
2017-18,E09000028 Southwark,NSSEC5,nan,21.836122272215786,17.71969597608004,60.444181751704186,18.0,24.89587549089554,True
2017-18,E09000029 Sutton,NSSEC5,NS SEC 1-2: Higher social groups,60.75648637501353,17.25369565092024,21.9898179740662,275.0,261.8850140426608,False
2017-18,E09000029 Sutton,NSSEC5,NS SEC 3-5: Middle social groups,50.55850804865876,20.45873529998515,28.982756651356112,102.0,156.83137942119293,False
2017-18,E09000029 Sutton,NSSEC5,NS SEC 6-8: Lower social groups,33.42798307654134,16.038872482002734,50.533144441455924,41.0,98.65127073564481,False
2017-18,E09000029 Sutton,NSSEC5,NS SEC 9: Students and other / unclassified,80.106170343814,2.4100880244169223,17.483741631769078,38.0,66.17573152113115,False
2017-18,E09000029 Sutton,NSSEC5,nan,41.27495788390972,18.19061567859493,40.53442643749533,44.0,63.17181905741545,False
2017-18,E09000030 Tower Hamlets,NSSEC5,NS SEC 1-2: Higher social groups,79.63460760220804,6.1609874606508575,14.204404937141108,327.0,427.0875907093709,False
2017-18,E09000030 Tower Hamlets,NSSEC5,NS SEC 3-5: Middle social groups,54.50336920852713,9.977959383479499,35.51867140799337,73.0,136.33021437723713,False
2017-18,E09000030 Tower Hamlets,NSSEC5,NS SEC 6-8: Lower social groups,51.82543187074179,17.102674223581808,31.0718939056764,52.0,182.90543490828543,False
2017-18,E09000030 Tower Hamlets,NSSEC5,NS SEC 9: Students and other / unclassified,61.699341642858506,16.466093325562774,21.834565031578737,60.0,203.07960548083093,False
2017-18,E09000030 Tower Hamlets,NSSEC5,nan,36.12081431910527,29.53015389738608,34.349031783508636,10.0,13.00268596179048,True
2017-18,E09000031 Waltham Forest,NSSEC5,NS SEC 1-2: Higher social groups,66.516297600219,10.657595722107024,22.82610667767398,293.0,367.3838513344733,False
2017-18,E09000031 Waltham Forest,NSSEC5,NS SEC 3-5: Middle social groups,73.45612875689075,3.0378787174572404,23.50599252565201,101.0,202.02027884390822,False
2017-18,E09000031 Waltham Forest,NSSEC5,NS SEC 6-8: Lower social groups,25.742698894339277,16.419416531760707,57.83788457390001,31.0,94.23371988740945,False
2017-18,E09000031 Waltham Forest,NSSEC5,NS SEC 9: Students and other / unclassified,67.9756680834774,18.826024468574445,13.198307447948142,34.0,134.02997130956632,False
2017-18,E09000031 Waltham Forest,NSSEC5,nan,22.553230053380062,16.04311737903998,61.40365256757996,26.0,56.69449791109862,True
2017-18,E09000032 Wandsworth,NSSEC5,NS SEC 1-2: Higher social groups,76.60080275235181,10.815548221643107,12.58364902600507,358.0,543.062346142904,False
2017-18,E09000032 Wandsworth,NSSEC5,NS SEC 3-5: Middle social groups,79.5490942138715,4.567044751687926,15.88386103444057,57.0,138.83422664033594,False
2017-18,E09000032 Wandsworth,NSSEC5,NS SEC 6-8: Lower social groups,45.06091554527045,15.325143467765153,39.613940986964394,32.0,120.34470774455866,False
2017-18,E09000032 Wandsworth,NSSEC5,NS SEC 9: Students and other / unclassified,81.77320990121166,9.706996168729004,8.519793930059352,40.0,191.7277423144714,False
2017-18,E09000032 Wandsworth,NSSEC5,nan,65.84297369151841,0.0,34.157026308481576,27.0,46.037195933222876,True
2017-18,E09000033 Westminster,NSSEC5,NS SEC 1-2: Higher social groups,72.87794219877371,11.683193936934892,15.438863864291397,306.0,389.12618391460535,False
2017-18,E09000033 Westminster,NSSEC5,NS SEC 3-5: Middle social groups,75.7571329359426,6.420029067159411,17.822837996897963,70.0,150.9168826048297,False
2017-18,E09000033 Westminster,NSSEC5,NS SEC 6-8: Lower social groups,53.635910238271464,7.959451696775625,38.40463806495292,35.0,83.64339878985757,False
2017-18,E09000033 Westminster,NSSEC5,NS SEC 9: Students and other / unclassified,79.22200266031811,11.105961896454172,9.672035443227731,46.0,116.91344641260544,False
2017-18,E09000033 Westminster,NSSEC5,nan,39.75538552987654,12.896538903740481,47.348075566382974,52.0,81.5560898629641,False
2017-18,E09000001 City of London,Educ6,Another type of qualification,92.9590746545477,7.040925345452302,0.0,7.0,0.9481254229999727,True
2017-18,E09000001 City of London,Educ6,Level 1 and below,0.0,0.0,100.0,2.0,0.26494721628858936,True
2017-18,E09000001 City of London,Educ6,Level 2 and equivalents,59.98857757734297,10.99206096627743,29.019361456379606,8.0,1.161112083001677,True
2017-18,E09000001 City of London,Educ6,Level 3 and equivalents,74.3773910797841,6.288679659982692,19.333929260233205,11.0,1.6799010958109528,True
2017-18,E09000001 City of London,Educ6,Level 4 or above,74.90462365191105,10.164890384070743,14.930485964018217,199.0,21.893239052581734,False
2017-18,E09000001 City of London,Educ6,No qualifications,25.31697259386102,0.0,74.68302740613896,3.0,0.22518323617987396,True
2017-18,E09000001 City of London,Educ6,nan,33.25549256989378,0.0,66.74450743010621,3.0,0.4679339724822294,True
2017-18,E09000002 Barking and Dagenham,Educ6,Another type of qualification,50.12311773289038,15.136214882792274,34.74066738431734,23.0,42.908033821174044,True
2017-18,E09000002 Barking and Dagenham,Educ6,Level 1 and below,27.321525037749765,0.0,72.67847496225023,6.0,10.614759021182488,True
2017-18,E09000002 Barking and Dagenham,Educ6,Level 2 and equivalents,60.783987153538156,8.404319165013495,30.811693681448343,82.0,123.63067963919373,False
2017-18,E09000002 Barking and Dagenham,Educ6,Level 3 and equivalents,50.576751388107034,11.238336781083607,38.18491183080938,65.0,107.53855912129785,False
2017-18,E09000002 Barking and Dagenham,Educ6,Level 4 or above,61.008268922173535,12.819867102987793,26.171863974838665,201.0,226.89635646653892,False
2017-18,E09000002 Barking and Dagenham,Educ6,No qualifications,37.40547961300686,2.3577860443227943,60.23673434267034,58.0,63.298769819174936,False
2017-18,E09000002 Barking and Dagenham,Educ6,nan,37.18515488542704,7.677770551867612,55.137074562705365,37.0,46.775218344473956,False
2017-18,E09000003 Barnet,Educ6,Another type of qualification,34.849605975593626,21.44717020092932,43.703223823477046,18.0,67.17169211464666,True
2017-18,E09000003 Barnet,Educ6,Level 1 and below,72.07893086881981,27.921069131180175,0.0,4.0,12.434756974460765,True
2017-18,E09000003 Barnet,Educ6,Level 2 and equivalents,55.34798663811643,14.111564532866344,30.540448829017237,55.0,155.9861118701548,False
2017-18,E09000003 Barnet,Educ6,Level 3 and equivalents,62.51568626655223,15.518533732148306,21.965780001299485,52.0,144.11357769038017,False
2017-18,E09000003 Barnet,Educ6,Level 4 or above,75.18154079724994,11.0508041617429,13.767655041007156,325.0,721.3612517367583,False
2017-18,E09000003 Barnet,Educ6,No qualifications,23.889637375980342,11.687407202157006,64.42295542186262,21.0,67.53425204825044,True
2017-18,E09000003 Barnet,Educ6,nan,32.34708130981644,4.709865494830924,62.943053195352626,19.0,42.39507475806884,True
2017-18,E09000004 Bexley,Educ6,Another type of qualification,48.043203166005135,33.38205246425409,18.574744369740795,27.0,47.29490955145644,True
2017-18,E09000004 Bexley,Educ6,Level 1 and below,74.92418029584623,6.003475481128539,19.07234422302521,12.0,20.618092558628263,True
2017-18,E09000004 Bexley,Educ6,Level 2 and equivalents,72.84391624134132,7.955821870497271,19.200261888161425,105.0,185.88363117526103,False
2017-18,E09000004 Bexley,Educ6,Level 3 and equivalents,69.97993212596533,6.968337928259885,23.051729945774778,79.0,177.18486523672502,False
2017-18,E09000004 Bexley,Educ6,Level 4 or above,73.90558979184114,9.259526792258793,16.834883415900077,215.0,291.75171351844244,False
2017-18,E09000004 Bexley,Educ6,No qualifications,49.903152278212104,4.934450315894076,45.162397405893834,43.0,60.44586388017692,False
2017-18,E09000004 Bexley,Educ6,nan,15.734948573560192,7.393117703751387,76.87193372268841,8.0,6.7033174305343,True
2017-18,E09000005 Brent,Educ6,Another type of qualification,69.26157966371959,0.48151906395904565,30.25690127232138,31.0,87.60617605183252,False
2017-18,E09000005 Brent,Educ6,Level 1 and below,7.359138078287448,4.168770412201376,88.47209150951119,6.0,18.422418023171957,True
2017-18,E09000005 Brent,Educ6,Level 2 and equivalents,60.30987113340986,10.78910390850609,28.901024958084054,55.0,158.18020151256255,False
2017-18,E09000005 Brent,Educ6,Level 3 and equivalents,61.530963158918794,8.012236007052545,30.456800834028623,63.0,158.27761740187086,False
2017-18,E09000005 Brent,Educ6,Level 4 or above,65.82967276781771,14.597710868577662,19.572616363604624,288.0,487.08913755711467,False
2017-18,E09000005 Brent,Educ6,No qualifications,38.471105757588134,1.3627754724563812,60.16611876995549,34.0,63.069148312994734,False
2017-18,E09000005 Brent,Educ6,nan,27.07923971792794,10.144856990357965,62.77590329171409,29.0,60.199144699953266,True
2017-18,E09000006 Bromley,Educ6,Another type of qualification,48.7057716408122,25.220380671027936,26.07384768815986,30.0,67.22369696198206,False
2017-18,E09000006 Bromley,Educ6,Level 1 and below,58.71630258604835,2.202263641342346,39.08143377260931,10.0,38.23925560968304,True
2017-18,E09000006 Bromley,Educ6,Level 2 and equivalents,74.27263457908704,8.173059844265639,17.554305576647273,53.0,151.78690206136028,False
2017-18,E09000006 Bromley,Educ6,Level 3 and equivalents,71.21989225798158,7.323674340069028,21.456433401949386,54.0,150.12385367160357,False
2017-18,E09000006 Bromley,Educ6,Level 4 or above,65.77817977267722,13.822045756400387,20.399774470922374,297.0,553.8392678772701,False
2017-18,E09000006 Bromley,Educ6,No qualifications,25.11834445996414,26.718096591844443,48.16355894819143,23.0,54.06478010310936,True
2017-18,E09000006 Bromley,Educ6,nan,51.53097347659524,8.022529680500545,40.4464968429042,17.0,42.70034109672979,True
2017-18,E09000007 Camden,Educ6,Another type of qualification,30.884782534161797,35.04353703421447,34.07168043162373,16.0,28.777042569853933,True
2017-18,E09000007 Camden,Educ6,Level 1 and below,100.0,0.0,0.0,1.0,1.9564707490801436,True
2017-18,E09000007 Camden,Educ6,Level 2 and equivalents,63.827885325735586,14.027244062220905,22.14487061204351,26.0,62.95303853481844,True
2017-18,E09000007 Camden,Educ6,Level 3 and equivalents,67.44197473388117,4.396109023916743,28.16191624220208,38.0,82.49631239033819,False
2017-18,E09000007 Camden,Educ6,Level 4 or above,74.49638358808023,13.050499349406092,12.453117062513677,400.0,612.7364630606796,False
2017-18,E09000007 Camden,Educ6,No qualifications,67.21402252217747,1.3715313035919492,31.414446174230566,16.0,39.636822305662065,True
2017-18,E09000007 Camden,Educ6,nan,49.58153553780602,13.90873158797554,36.50973287421845,16.0,20.61224617527776,True
2017-18,E09000008 Croydon,Educ6,Another type of qualification,56.67926884761867,7.649980547316729,35.67075060506461,22.0,70.55405859616076,True
2017-18,E09000008 Croydon,Educ6,Level 1 and below,27.840487492865083,13.78687847952895,58.372634027605976,8.0,24.895790425001547,True
2017-18,E09000008 Croydon,Educ6,Level 2 and equivalents,53.330496966593785,15.676689924126222,30.992813109279982,64.0,235.42624483023997,False
2017-18,E09000008 Croydon,Educ6,Level 3 and equivalents,74.77860419482806,9.845993495911069,15.375402309260867,78.0,237.14167586048285,False
2017-18,E09000008 Croydon,Educ6,Level 4 or above,71.39964313279509,12.025489998189249,16.574866869015654,279.0,548.9394574377498,False
2017-18,E09000008 Croydon,Educ6,No qualifications,21.271160880057103,8.466312604183084,70.26252651575982,31.0,69.27584717713341,False
2017-18,E09000008 Croydon,Educ6,nan,18.726418930488332,5.07680156291083,76.19677950660083,16.0,21.466909087845746,True
2017-18,E09000009 Ealing,Educ6,Another type of qualification,67.00070045878228,8.190431619206453,24.808867922011295,20.0,73.09939805645325,True
2017-18,E09000009 Ealing,Educ6,Level 1 and below,26.166738190398597,6.435068783325136,67.39819302627627,9.0,24.377083808831774,True
2017-18,E09000009 Ealing,Educ6,Level 2 and equivalents,61.1715063498499,13.369083671726026,25.45940997842408,59.0,168.88488232281043,False
2017-18,E09000009 Ealing,Educ6,Level 3 and equivalents,59.72245192335629,15.61460419884286,24.66294387780088,47.0,141.13870169270922,False
2017-18,E09000009 Ealing,Educ6,Level 4 or above,69.80439014102093,9.419485739858995,20.77612411912007,312.0,532.9691879008809,False
2017-18,E09000009 Ealing,Educ6,No qualifications,69.14869377187905,0.0,30.851306228120944,24.0,55.383831771152096,True
2017-18,E09000009 Ealing,Educ6,nan,53.299107925676836,21.2458497359163,25.45504233840687,24.0,63.752951413799906,True
2017-18,E09000010 Enfield,Educ6,Another type of qualification,53.295293480605544,7.737766277655782,38.9669402417387,33.0,74.35951846405432,False
2017-18,E09000010 Enfield,Educ6,Level 1 and below,42.2000146526765,17.308551273319306,40.4914340740042,14.0,43.36758242474113,True
2017-18,E09000010 Enfield,Educ6,Level 2 and equivalents,60.802182986992634,11.4748273327834,27.722989680223957,69.0,155.51345762609108,False
2017-18,E09000010 Enfield,Educ6,Level 3 and equivalents,63.16771861978546,12.089648975691919,24.742632404522627,64.0,171.4967460050856,False
2017-18,E09000010 Enfield,Educ6,Level 4 or above,68.21214017956358,10.693016562352122,21.094843258084303,257.0,451.51130302529185,False
2017-18,E09000010 Enfield,Educ6,No qualifications,42.08039421166893,8.639928471805048,49.279677316526055,43.0,94.65043757544647,False
2017-18,E09000010 Enfield,Educ6,nan,16.148776131994644,24.691604224930206,59.15961964307517,19.0,39.24942780976078,True
2017-18,E09000011 Greenwich,Educ6,Another type of qualification,54.51141218855036,14.755866977014678,30.732720834434957,12.0,24.533760895481034,True
2017-18,E09000011 Greenwich,Educ6,Level 1 and below,67.5749209220555,11.817360692997052,20.60771838494746,9.0,18.58255101938947,True
2017-18,E09000011 Greenwich,Educ6,Level 2 and equivalents,71.07743460881491,4.227803022237461,24.694762368947607,62.0,127.2907090489216,False
2017-18,E09000011 Greenwich,Educ6,Level 3 and equivalents,62.380181736059136,11.107840691197387,26.511977572743472,41.0,98.84476587533673,False
2017-18,E09000011 Greenwich,Educ6,Level 4 or above,69.71038384353139,17.862794159595747,12.426821996872848,309.0,485.43455750951307,False
2017-18,E09000011 Greenwich,Educ6,No qualifications,38.34015996147061,11.474996634920661,50.184843403608724,38.0,78.55219029403223,False
2017-18,E09000011 Greenwich,Educ6,nan,43.69270688584266,0.0,56.30729311415733,17.0,34.87567348783598,True
2017-18,E09000012 Hackney,Educ6,Another type of qualification,31.86541646410388,54.16214310263737,13.972440433258734,16.0,29.004404168147385,True
2017-18,E09000012 Hackney,Educ6,Level 1 and below,34.746416153613616,28.152228084389204,37.10135576199718,11.0,26.499484151643884,True
2017-18,E09000012 Hackney,Educ6,Level 2 and equivalents,45.881988690396504,16.676238676945633,37.44177263265784,28.0,75.19234910743042,True
2017-18,E09000012 Hackney,Educ6,Level 3 and equivalents,73.49590453372993,13.085586616222766,13.418508850047317,31.0,74.16860129425905,False
2017-18,E09000012 Hackney,Educ6,Level 4 or above,79.19002985502439,8.992679095502073,11.817291049473532,402.0,586.4970555737514,False
2017-18,E09000012 Hackney,Educ6,No qualifications,26.278324545116355,1.9284811472466905,71.79319430763694,32.0,64.69946602566841,False
2017-18,E09000012 Hackney,Educ6,nan,77.31647443016232,6.253437371326114,16.43008819851157,18.0,30.55462885807853,True
2017-18,E09000013 Hammersmith and Fulham,Educ6,Another type of qualification,36.45792983972782,29.876157857541834,33.665912302730355,18.0,29.914735972611414,True
2017-18,E09000013 Hammersmith and Fulham,Educ6,Level 1 and below,0.0,0.0,100.0,4.0,6.188033961826088,True
2017-18,E09000013 Hammersmith and Fulham,Educ6,Level 2 and equivalents,58.942708242731946,10.223845541619777,30.833446215648273,41.0,60.93931529257438,False
2017-18,E09000013 Hammersmith and Fulham,Educ6,Level 3 and equivalents,60.35947724820306,11.482984943316179,28.157537808480775,43.0,72.52740842303265,False
2017-18,E09000013 Hammersmith and Fulham,Educ6,Level 4 or above,75.80590544934844,8.268256603574999,15.925837947076557,339.0,398.38315493662765,False
2017-18,E09000013 Hammersmith and Fulham,Educ6,No qualifications,17.66970366989501,16.253946301580672,66.07635002852432,21.0,22.264692056694482,True
2017-18,E09000013 Hammersmith and Fulham,Educ6,nan,51.088862060340254,4.639103925980254,44.27203401367951,23.0,21.977044909851063,True
2017-18,E09000014 Haringey,Educ6,Another type of qualification,38.92858211249665,10.47587460382267,50.5955432836807,9.0,15.076948437845008,True
2017-18,E09000014 Haringey,Educ6,Level 1 and below,40.66079710277507,0.0,59.33920289722492,8.0,40.58873459532589,True
2017-18,E09000014 Haringey,Educ6,Level 2 and equivalents,54.36536057291298,9.53803397327074,36.09660545381627,45.0,108.42124293318278,False
2017-18,E09000014 Haringey,Educ6,Level 3 and equivalents,70.22479417608915,16.785144815565367,12.990061008345483,47.0,121.14232861433939,False
2017-18,E09000014 Haringey,Educ6,Level 4 or above,73.60196788765958,13.69335825347117,12.704673858869262,359.0,492.793995972405,False
2017-18,E09000014 Haringey,Educ6,No qualifications,22.90553322937931,0.0,77.09446677062068,23.0,42.61304062785374,True
2017-18,E09000014 Haringey,Educ6,nan,38.92996439590558,25.76943753846099,35.300598065633416,11.0,13.567062963963746,True
2017-18,E09000015 Harrow,Educ6,Another type of qualification,71.4363424529766,3.840347884499963,24.723309662523434,10.0,40.34865648094523,True
2017-18,E09000015 Harrow,Educ6,Level 1 and below,14.699789322537281,0.0,85.30021067746273,8.0,21.77626520971258,True
2017-18,E09000015 Harrow,Educ6,Level 2 and equivalents,52.51196564113075,10.200636403915377,37.287397954953875,58.0,92.32433275912697,False
2017-18,E09000015 Harrow,Educ6,Level 3 and equivalents,69.43535829770919,5.930439234675684,24.63420246761514,43.0,109.64400588906697,False
2017-18,E09000015 Harrow,Educ6,Level 4 or above,60.000502087028615,13.598534012446128,26.40096390052524,332.0,435.95345729675864,False
2017-18,E09000015 Harrow,Educ6,No qualifications,34.64046994940326,23.322810873076502,42.03671917752023,37.0,62.055326075973845,False
2017-18,E09000015 Harrow,Educ6,nan,48.07465410870479,13.751326149350987,38.17401974194421,22.0,44.23868642040477,True
2017-18,E09000016 Havering,Educ6,Another type of qualification,45.330020815783065,7.287276494868528,47.382702689348434,43.0,79.95110959027673,False
2017-18,E09000016 Havering,Educ6,Level 1 and below,62.77364728141164,15.729246349949424,21.497106368638942,19.0,36.45913713118832,True
2017-18,E09000016 Havering,Educ6,Level 2 and equivalents,50.468552740890345,15.660231293763157,33.871215965346494,98.0,165.65061040730086,False
2017-18,E09000016 Havering,Educ6,Level 3 and equivalents,68.88706778047798,18.58647895487312,12.526453264648874,87.0,175.02908791682069,False
2017-18,E09000016 Havering,Educ6,Level 4 or above,67.03499746908822,13.878624008271464,19.086378522640292,191.0,255.59258248106497,False
2017-18,E09000016 Havering,Educ6,No qualifications,65.41937795263605,6.243987935697513,28.336634111666427,56.0,97.28699708150091,False
2017-18,E09000016 Havering,Educ6,nan,31.48280193235783,0.0,68.51719806764217,15.0,15.315318830228064,True
2017-18,E09000017 Hillingdon,Educ6,Another type of qualification,38.62764010233396,8.32504406954652,53.04731582811954,21.0,51.40400981920791,True
2017-18,E09000017 Hillingdon,Educ6,Level 1 and below,52.45693426194378,0.0,47.543065738056214,10.0,29.86725817631909,True
2017-18,E09000017 Hillingdon,Educ6,Level 2 and equivalents,56.58016596739772,15.610288735015015,27.809545297587263,74.0,172.63578542926447,False
2017-18,E09000017 Hillingdon,Educ6,Level 3 and equivalents,60.000144879221,14.380955738037454,25.61889938274155,72.0,194.3167888860715,False
2017-18,E09000017 Hillingdon,Educ6,Level 4 or above,60.33719714973847,13.976511015255221,25.686291835006315,278.0,408.6393071788126,False
2017-18,E09000017 Hillingdon,Educ6,No qualifications,29.80330910555357,6.596723199351014,63.59996769509543,28.0,54.72548637130464,True
2017-18,E09000017 Hillingdon,Educ6,nan,39.971468716521535,14.560319191881646,45.4682120915968,17.0,26.669101498983512,True
2017-18,E09000018 Hounslow,Educ6,Another type of qualification,54.91088597904819,12.31858031177412,32.77053370917771,21.0,57.062666351092204,True
2017-18,E09000018 Hounslow,Educ6,Level 1 and below,48.937576294547306,0.0,51.06242370545271,6.0,15.235862334760583,True
2017-18,E09000018 Hounslow,Educ6,Level 2 and equivalents,48.830104149848154,15.242172844799118,35.92772300535275,60.0,104.77104680935938,False
2017-18,E09000018 Hounslow,Educ6,Level 3 and equivalents,55.77408580665476,16.84201923721443,27.38389495613081,57.0,154.63406462462646,False
2017-18,E09000018 Hounslow,Educ6,Level 4 or above,68.0804628542836,9.63822894669777,22.281308199018643,309.0,467.2227936337022,False
2017-18,E09000018 Hounslow,Educ6,No qualifications,40.44164249834249,13.49199820987378,46.06635929178371,18.0,34.623650426153716,True
2017-18,E09000018 Hounslow,Educ6,nan,21.92379633389356,3.1105688995375016,74.96563476656895,18.0,21.837837302747097,True
2017-18,E09000019 Islington,Educ6,Another type of qualification,61.64921463630905,3.1834360866471165,35.16734927704383,17.0,39.80061376783849,True
2017-18,E09000019 Islington,Educ6,Level 1 and below,35.54809955280102,29.654879181860906,34.79702126533808,4.0,13.752109558884344,True
2017-18,E09000019 Islington,Educ6,Level 2 and equivalents,70.85109676721355,7.5542838785472295,21.594619354239224,37.0,73.54082592092297,False
2017-18,E09000019 Islington,Educ6,Level 3 and equivalents,76.64960259966307,8.263571727869424,15.086825672467508,45.0,104.94868455317659,False
2017-18,E09000019 Islington,Educ6,Level 4 or above,82.99243521685878,8.582187244862997,8.425377538278216,342.0,482.91429160870706,False
2017-18,E09000019 Islington,Educ6,No qualifications,34.23539413430966,4.974767594438785,60.789838271251575,26.0,40.89327602188396,True
2017-18,E09000019 Islington,Educ6,nan,23.74533229733332,10.646450968235735,65.60821673443093,13.0,16.521138585037942,True
2017-18,E09000020 Kensington and Chelsea,Educ6,Another type of qualification,86.44362216609731,7.37785868241201,6.178519151490694,15.0,19.97720694926569,True
2017-18,E09000020 Kensington and Chelsea,Educ6,Level 1 and below,53.32167082263719,20.617915863492588,26.060413313870217,8.0,14.138588931935287,True
2017-18,E09000020 Kensington and Chelsea,Educ6,Level 2 and equivalents,74.61087729328864,5.343082431396663,20.04604027531469,45.0,64.00728742335743,False
2017-18,E09000020 Kensington and Chelsea,Educ6,Level 3 and equivalents,67.41316822175958,2.6026191210204845,29.984212657219917,43.0,54.788653503708204,False
2017-18,E09000020 Kensington and Chelsea,Educ6,Level 4 or above,74.17779945952981,8.344813499970783,17.477387040499394,373.0,328.0339833841898,False
2017-18,E09000020 Kensington and Chelsea,Educ6,No qualifications,53.601403773166325,9.599690932953147,36.798905293880516,17.0,22.706765484158105,True
2017-18,E09000020 Kensington and Chelsea,Educ6,nan,60.14692660302355,2.11430143600156,37.738771960974894,18.0,21.41191711563793,True
2017-18,E09000021 Kingston upon Thames,Educ6,Another type of qualification,34.860789213632266,33.482482609653005,31.656728176714722,25.0,30.092120068163386,True
2017-18,E09000021 Kingston upon Thames,Educ6,Level 1 and below,27.293743207153256,34.95683019071603,37.749426602130704,11.0,18.470434760161986,True
2017-18,E09000021 Kingston upon Thames,Educ6,Level 2 and equivalents,77.76380996019329,2.950045527326635,19.286144512480078,38.0,66.32264443177391,False
2017-18,E09000021 Kingston upon Thames,Educ6,Level 3 and equivalents,72.6204473613914,6.5650601202456,20.81449251836301,57.0,102.39877140204418,False
2017-18,E09000021 Kingston upon Thames,Educ6,Level 4 or above,70.81313764313009,12.364574274505243,16.822288082364672,317.0,295.81847865850114,False
2017-18,E09000021 Kingston upon Thames,Educ6,No qualifications,69.25702528864956,6.162069433606753,24.580905277743696,23.0,31.410221745523845,True
2017-18,E09000021 Kingston upon Thames,Educ6,nan,20.94692743175607,38.331772102803505,40.72130046544043,9.0,9.242862564346598,True
2017-18,E09000022 Lambeth,Educ6,Another type of qualification,43.713570055919874,13.798649530836746,42.487780413243385,16.0,64.78462971448391,True
2017-18,E09000022 Lambeth,Educ6,Level 1 and below,86.8319312308654,0.0,13.168068769134623,7.0,36.50281294421095,True
2017-18,E09000022 Lambeth,Educ6,Level 2 and equivalents,62.55586579926356,1.7332700276465096,35.71086417308996,38.0,90.78206204576708,False
2017-18,E09000022 Lambeth,Educ6,Level 3 and equivalents,83.69215639515019,3.1587231175233197,13.14912048732649,32.0,90.37438125122054,False
2017-18,E09000022 Lambeth,Educ6,Level 4 or above,74.8995867678196,14.253233630015066,10.84717960216535,370.0,658.3745728964404,False
2017-18,E09000022 Lambeth,Educ6,No qualifications,53.673488334458405,8.122627263298122,38.20388440224346,21.0,45.30817940533834,True
2017-18,E09000022 Lambeth,Educ6,nan,49.17646190737203,13.772336543633903,37.05120154899405,20.0,52.13799006195402,True
2017-18,E09000023 Lewisham,Educ6,Another type of qualification,66.60933903074968,26.383147553123848,7.007513416126477,10.0,33.023115966095375,True
2017-18,E09000023 Lewisham,Educ6,Level 1 and below,31.450432337067358,16.737813699579164,51.81175396335348,11.0,38.348258763431076,True
2017-18,E09000023 Lewisham,Educ6,Level 2 and equivalents,73.10941487707512,13.648537659631755,13.242047463293098,49.0,106.72836166779719,False
2017-18,E09000023 Lewisham,Educ6,Level 3 and equivalents,84.62385283918054,6.4973992104364635,8.87874795038298,44.0,126.12506656564388,False
2017-18,E09000023 Lewisham,Educ6,Level 4 or above,74.22927759063353,13.702697083547466,12.068025325818994,322.0,534.0244574073205,False
2017-18,E09000023 Lewisham,Educ6,No qualifications,37.29654026925204,18.08089696014652,44.62256277060144,32.0,76.9161684832053,False
2017-18,E09000023 Lewisham,Educ6,nan,17.17081496712225,4.478672479204669,78.35051255367308,12.0,34.697077790741055,True
2017-18,E09000024 Merton,Educ6,Another type of qualification,50.22546423793885,0.0,49.77453576206114,19.0,28.106927994488068,True
2017-18,E09000024 Merton,Educ6,Level 1 and below,55.401458756903686,0.0,44.5985412430963,8.0,9.623863190427446,True
2017-18,E09000024 Merton,Educ6,Level 2 and equivalents,74.38330143124365,2.3828019884254004,23.233896580330946,53.0,97.77752234237313,False
2017-18,E09000024 Merton,Educ6,Level 3 and equivalents,63.608749891536,20.83634633521142,15.554903773252574,39.0,69.62597685945326,False
2017-18,E09000024 Merton,Educ6,Level 4 or above,72.67531234963695,13.083539260206093,14.24114839015695,329.0,383.56928905445443,False
2017-18,E09000024 Merton,Educ6,No qualifications,51.03883014025199,3.256026393213035,45.70514346653496,28.0,44.629171360077166,True
2017-18,E09000024 Merton,Educ6,nan,53.6014904977582,12.63572416278225,33.76278533945953,19.0,23.655036332902036,True
2017-18,E09000025 Newham,Educ6,Another type of qualification,32.47871002986795,22.648709197960905,44.87258077217115,23.0,94.87719917946535,True
2017-18,E09000025 Newham,Educ6,Level 1 and below,28.518817527046192,71.48118247295379,0.0,4.0,18.695126962405517,True
2017-18,E09000025 Newham,Educ6,Level 2 and equivalents,42.12307634195939,11.343656387535146,46.53326727050545,66.0,169.8541225132816,False
2017-18,E09000025 Newham,Educ6,Level 3 and equivalents,56.42944493027389,8.242023379918926,35.32853168980717,50.0,138.54906214931222,False
2017-18,E09000025 Newham,Educ6,Level 4 or above,64.31725227601297,14.081815050697166,21.600932673289847,285.0,512.5356690927744,False
2017-18,E09000025 Newham,Educ6,No qualifications,24.58943781042147,18.83605671022065,56.5745054793579,39.0,79.55320172300937,False
2017-18,E09000025 Newham,Educ6,nan,28.96025322316876,21.231422923931625,49.80832385289961,31.0,75.57358381149166,False
2017-18,E09000026 Redbridge,Educ6,Another type of qualification,61.4313824325884,6.16051808126786,32.40809948614374,32.0,68.22745448209733,False
2017-18,E09000026 Redbridge,Educ6,Level 1 and below,39.61422968100006,37.905314378126825,22.480455940873114,5.0,10.945337408729083,True
2017-18,E09000026 Redbridge,Educ6,Level 2 and equivalents,50.974067439072016,19.756851628058293,29.269080932869684,52.0,141.6049962497672,False
2017-18,E09000026 Redbridge,Educ6,Level 3 and equivalents,53.103693414876695,16.896587141077035,29.999719444046253,62.0,175.87775533492433,False
2017-18,E09000026 Redbridge,Educ6,Level 4 or above,67.69238041991782,9.585144068733156,22.722475511349025,271.0,433.1752619224086,False
2017-18,E09000026 Redbridge,Educ6,No qualifications,18.355009307750557,18.146033343834002,63.49895734841545,38.0,72.60138168572519,False
2017-18,E09000026 Redbridge,Educ6,nan,59.80806602158544,0.9356424599012118,39.25629151851332,23.0,42.94813745638798,True
2017-18,E09000027 Richmond upon Thames,Educ6,Another type of qualification,47.71323042928582,0.0,52.2867695707142,13.0,22.964488751225176,True
2017-18,E09000027 Richmond upon Thames,Educ6,Level 1 and below,74.0092799008503,19.456071787009336,6.534648312140358,5.0,10.341591654834161,True
2017-18,E09000027 Richmond upon Thames,Educ6,Level 2 and equivalents,59.79438668600417,21.043843017772694,19.161770296223153,37.0,49.19872082160955,False
2017-18,E09000027 Richmond upon Thames,Educ6,Level 3 and equivalents,78.60828728285692,11.846693680175994,9.545019036967087,53.0,102.45890280446382,False
2017-18,E09000027 Richmond upon Thames,Educ6,Level 4 or above,75.38849972913845,10.627625948573497,13.983874322288075,361.0,407.60546937601646,False
2017-18,E09000027 Richmond upon Thames,Educ6,No qualifications,68.38928058295252,14.736626391134166,16.874093025913332,16.0,20.589053376309465,True
2017-18,E09000027 Richmond upon Thames,Educ6,nan,60.5762057737475,3.9871034887878243,35.43669073746467,14.0,15.100873705782643,True
2017-18,E09000028 Southwark,Educ6,Another type of qualification,57.591497866228,1.8015822390402472,40.606919894731725,13.0,37.23984471863634,True
2017-18,E09000028 Southwark,Educ6,Level 1 and below,100.0,0.0,0.0,3.0,18.775396008499996,True
2017-18,E09000028 Southwark,Educ6,Level 2 and equivalents,74.47656746928475,11.32302876702624,14.200403763689007,37.0,95.22550110414862,False
2017-18,E09000028 Southwark,Educ6,Level 3 and equivalents,78.8009289829476,8.914550710772813,12.284520306279582,50.0,160.20168351480592,False
2017-18,E09000028 Southwark,Educ6,Level 4 or above,73.3161935224341,13.096884546283011,13.58692193128287,371.0,609.5956592097366,False
2017-18,E09000028 Southwark,Educ6,No qualifications,49.91397708768498,16.278680544507726,33.807342367807294,20.0,51.56813215758304,True
2017-18,E09000028 Southwark,Educ6,nan,58.95814198548604,0.0,41.04185801451396,26.0,49.842344940469644,True
2017-18,E09000029 Sutton,Educ6,Another type of qualification,50.95484546542708,18.631243646545343,30.413910888027562,36.0,63.990729579052385,False
2017-18,E09000029 Sutton,Educ6,Level 1 and below,42.73815266186218,18.69062439641291,38.5712229417249,8.0,17.647409896781973,True
2017-18,E09000029 Sutton,Educ6,Level 2 and equivalents,54.31945142678414,17.39803427882759,28.282514294388267,66.0,94.7937937152947,False
2017-18,E09000029 Sutton,Educ6,Level 3 and equivalents,54.329736775409806,20.870070810049434,24.80019241454075,66.0,111.15796275127941,False
2017-18,E09000029 Sutton,Educ6,Level 4 or above,59.139327004010966,14.641981854617947,26.218691141371092,270.0,300.450808548865,False
2017-18,E09000029 Sutton,Educ6,No qualifications,42.7047418318344,11.143877017656939,46.15138115050866,34.0,37.56573974794332,False
2017-18,E09000029 Sutton,Educ6,nan,22.299093575760352,14.635778832381096,63.06512759185856,20.0,21.108770538828356,True
2017-18,E09000030 Tower Hamlets,Educ6,Another type of qualification,68.39577244429232,13.363451648118469,18.240775907589203,17.0,67.27754706931069,True
2017-18,E09000030 Tower Hamlets,Educ6,Level 1 and below,16.017034514442443,15.5787514925535,68.40421399300405,8.0,11.473449903734695,True
2017-18,E09000030 Tower Hamlets,Educ6,Level 2 and equivalents,47.55405182174195,20.641575096502834,31.804373081755216,35.0,116.70265896605979,False
2017-18,E09000030 Tower Hamlets,Educ6,Level 3 and equivalents,60.09137417499569,12.920124760598975,26.988501064405323,57.0,147.60651494926822,False
2017-18,E09000030 Tower Hamlets,Educ6,Level 4 or above,77.7177849622194,9.36742446340857,12.914790574372049,362.0,533.4420604469428,False
2017-18,E09000030 Tower Hamlets,Educ6,No qualifications,39.19642616274567,7.266012392197384,53.53756144505694,30.0,62.87465013867388,False
2017-18,E09000030 Tower Hamlets,Educ6,nan,34.43004460800652,0.0,65.56995539199349,13.0,23.02864996352468,True
2017-18,E09000031 Waltham Forest,Educ6,Another type of qualification,38.017130650970806,20.05578679888441,41.927082550144775,16.0,36.24491577409441,True
2017-18,E09000031 Waltham Forest,Educ6,Level 1 and below,18.1630238658814,0.0,81.83697613411859,4.0,17.196380404298775,True
2017-18,E09000031 Waltham Forest,Educ6,Level 2 and equivalents,56.84151404866811,12.391773628280092,30.766712323051802,42.0,88.42364266846886,False
2017-18,E09000031 Waltham Forest,Educ6,Level 3 and equivalents,55.51711638790246,19.20295721381252,25.279926398285046,47.0,117.48518661841145,False
2017-18,E09000031 Waltham Forest,Educ6,Level 4 or above,71.8414980217532,9.601687208994331,18.556814769252476,327.0,492.008275126371,False
2017-18,E09000031 Waltham Forest,Educ6,No qualifications,32.20185860942317,8.69871297658264,59.09942841399419,30.0,62.729616202135105,False
2017-18,E09000031 Waltham Forest,Educ6,nan,36.90770682173243,3.990802901365393,59.10149027690219,19.0,40.27430249267627,True
2017-18,E09000032 Wandsworth,Educ6,Another type of qualification,44.92877111107714,24.6982483141908,30.37298057473206,14.0,41.67954005727891,True
2017-18,E09000032 Wandsworth,Educ6,Level 1 and below,40.982406577402955,17.621732181446244,41.395861241150804,9.0,26.440381929501907,True
2017-18,E09000032 Wandsworth,Educ6,Level 2 and equivalents,65.60672906909852,1.6370873633085048,32.756183567592984,33.0,97.37592304676826,False
2017-18,E09000032 Wandsworth,Educ6,Level 3 and equivalents,77.20665605442379,10.552030653577203,12.24131329199901,46.0,164.76117163268543,False
2017-18,E09000032 Wandsworth,Educ6,Level 4 or above,78.58307913435571,10.011890857702802,11.405030007941484,387.0,669.3965596149935,False
2017-18,E09000032 Wandsworth,Educ6,No qualifications,45.83512087047878,2.496403334829516,51.66847579469166,15.0,25.76142283966854,True
2017-18,E09000032 Wandsworth,Educ6,nan,63.463748113795525,3.661688896278087,32.874562989926396,10.0,14.591219654596197,True
2017-18,E09000033 Westminster,Educ6,Another type of qualification,48.726191868643795,8.339709965075182,42.93409816628102,16.0,41.61233749951018,True
2017-18,E09000033 Westminster,Educ6,Level 1 and below,100.0,0.0,0.0,5.0,9.321029377577755,True
2017-18,E09000033 Westminster,Educ6,Level 2 and equivalents,68.86515227552017,3.6197390717821887,27.515108652697627,25.0,58.068868553190036,True
2017-18,E09000033 Westminster,Educ6,Level 3 and equivalents,86.82471175698939,8.695902812091072,4.479385430919564,34.0,85.40864449404822,False
2017-18,E09000033 Westminster,Educ6,Level 4 or above,71.18350911207352,12.468726720328977,16.347764167597504,391.0,572.9298427108937,False
2017-18,E09000033 Westminster,Educ6,No qualifications,22.54659231655814,4.916492821429352,72.53691486201251,16.0,17.791283231818735,True
2017-18,E09000033 Westminster,Educ6,nan,33.058054849392455,0.0,66.94194515060752,22.0,37.02399571782347,True
2017-18,E09000001 City of London,Orient4,Bisexual,100.0,0.0,0.0,1.0,0.2393695831709948,True
2017-18,E09000001 City of London,Orient4,Gay or Lesbian,84.54824256894537,0.0,15.45175743105463,7.0,1.1141827763806718,True
2017-18,E09000001 City of London,Orient4,Heterosexual or Straight,68.2386002093725,15.33073617920444,16.430663611423046,62.0,6.995907832036177,False
2017-18,E09000001 City of London,Orient4,Other sexual orientation,100.0,0.0,0.0,1.0,0.06974946909744316,True
2017-18,E09000001 City of London,Orient4,nan,73.61736352405691,7.973830169933886,18.40880630600923,162.0,18.22123241865974,False
2017-18,E09000002 Barking and Dagenham,Orient4,Bisexual,18.16689995216396,39.17967445151127,42.65342559632478,3.0,1.340761706785476,True
2017-18,E09000002 Barking and Dagenham,Orient4,Gay or Lesbian,46.32683567581099,27.010337804289474,26.662826519899554,6.0,4.959473338306534,True
2017-18,E09000002 Barking and Dagenham,Orient4,Heterosexual or Straight,62.607253274664444,14.909637566054675,22.483109159280886,148.0,196.99502461940327,False
2017-18,E09000002 Barking and Dagenham,Orient4,nan,49.61336240560523,7.626304118393545,42.760333476001215,315.0,418.36711656854067,False
2017-18,E09000003 Barnet,Orient4,Bisexual,0.0,0.0,100.0,1.0,0.8332274382438825,True
2017-18,E09000003 Barnet,Orient4,Gay or Lesbian,40.51756422698506,0.0,59.482435773014956,2.0,1.7977019894069022,True
2017-18,E09000003 Barnet,Orient4,Heterosexual or Straight,67.78418427073113,10.732577176663654,21.483238552605226,156.0,412.6421928255178,False
2017-18,E09000003 Barnet,Orient4,nan,62.90424327213231,13.518962032831253,23.576794695036426,335.0,795.7235949395513,False
2017-18,E09000004 Bexley,Orient4,Bisexual,100.0,0.0,0.0,1.0,0.6982902911881217,True
2017-18,E09000004 Bexley,Orient4,Gay or Lesbian,100.0,0.0,0.0,2.0,1.430560788378622,True
2017-18,E09000004 Bexley,Orient4,Heterosexual or Straight,73.082888045093,10.075840726509126,16.841271228397886,149.0,272.5878832205188,False
2017-18,E09000004 Bexley,Orient4,nan,66.59308833604878,9.15992476746373,24.246986896487495,337.0,515.1656590511388,False
2017-18,E09000005 Brent,Orient4,Bisexual,26.58285820169351,0.0,73.41714179830649,2.0,5.311713108247467,True
2017-18,E09000005 Brent,Orient4,Gay or Lesbian,75.45135612952495,0.0,24.54864387047504,6.0,6.698585397980831,True
2017-18,E09000005 Brent,Orient4,Heterosexual or Straight,61.20298157537588,15.353268367662116,23.44375005696202,153.0,335.1480661814478,False
2017-18,E09000005 Brent,Orient4,Other sexual orientation,0.0,0.0,100.0,2.0,12.169550657725061,True
2017-18,E09000005 Brent,Orient4,nan,60.05031517507804,8.544997803661262,31.404687021260692,343.0,673.5159282140994,False
2017-18,E09000006 Bromley,Orient4,Bisexual,47.70532916373858,0.0,52.29467083626142,3.0,4.267475818399253,True
2017-18,E09000006 Bromley,Orient4,Gay or Lesbian,78.22530564376201,0.0,21.774694356237987,7.0,11.487930432783626,True
2017-18,E09000006 Bromley,Orient4,Heterosexual or Straight,63.309506696956674,10.49563746827727,26.194855834766066,134.0,312.6773601028577,False
2017-18,E09000006 Bromley,Orient4,nan,63.842690454312745,14.091184767567466,22.066124778119782,340.0,729.5453310276976,False
2017-18,E09000007 Camden,Orient4,Bisexual,9.657259340194175,21.580223332228833,68.762517327577,3.0,5.08113179838225,True
2017-18,E09000007 Camden,Orient4,Gay or Lesbian,67.29613004364484,19.24389904697836,13.459970909376803,7.0,25.792733788225718,True
2017-18,E09000007 Camden,Orient4,Heterosexual or Straight,78.9826697274269,11.171619733267315,9.845710539305799,137.0,246.49726643902207,False
2017-18,E09000007 Camden,Orient4,Other sexual orientation,0.0,0.0,100.0,1.0,2.1846126168640367,True
2017-18,E09000007 Camden,Orient4,nan,68.02034286751464,12.696279596872163,19.28337753561318,365.0,569.6126511432162,False
2017-18,E09000008 Croydon,Orient4,Bisexual,0.0,79.84733888413916,20.152661115860838,4.0,19.341132036729217,True
2017-18,E09000008 Croydon,Orient4,Gay or Lesbian,81.27986564836277,0.0,18.72013435163723,8.0,13.638756148094455,True
2017-18,E09000008 Croydon,Orient4,Heterosexual or Straight,67.07614110652978,8.361544506577136,24.56231438689309,146.0,346.9972654885415,False
2017-18,E09000008 Croydon,Orient4,nan,62.41998803088208,11.790856634943495,25.78915533417443,340.0,827.7228297412489,False
2017-18,E09000009 Ealing,Orient4,Gay or Lesbian,67.49809521504054,32.50190478495947,0.0,5.0,4.826431314859615,True
2017-18,E09000009 Ealing,Orient4,Heterosexual or Straight,69.23865389849152,7.167121458513892,23.5942246429946,131.0,263.6087030856809,False
2017-18,E09000009 Ealing,Orient4,Other sexual orientation,0.0,100.0,0.0,1.0,4.279498339898181,True
2017-18,E09000009 Ealing,Orient4,nan,63.730864080607816,11.587231126937183,24.68190479245501,358.0,786.8914042261988,False
2017-18,E09000010 Enfield,Orient4,Bisexual,83.29212169541215,0.0,16.70787830458786,4.0,9.400866243560376,True
2017-18,E09000010 Enfield,Orient4,Gay or Lesbian,100.0,0.0,0.0,5.0,12.665177534144412,True
2017-18,E09000010 Enfield,Orient4,Heterosexual or Straight,58.561335315303694,8.695554440331861,32.74311024436442,144.0,320.2997382745607,False
2017-18,E09000010 Enfield,Orient4,Other sexual orientation,100.0,0.0,0.0,2.0,6.914169374256495,True
2017-18,E09000010 Enfield,Orient4,nan,58.7469044258181,13.238342243080433,28.014753331101467,344.0,680.8685215039493,False
2017-18,E09000011 Greenwich,Orient4,Bisexual,44.270084575055726,0.0,55.729915424944274,4.0,7.545635980571985,True
2017-18,E09000011 Greenwich,Orient4,Gay or Lesbian,75.39167460614131,0.0,24.608325393858692,6.0,12.823881419110727,True
2017-18,E09000011 Greenwich,Orient4,Heterosexual or Straight,63.15860653426319,16.713539752151295,20.127853713585516,135.0,263.00554070119125,False
2017-18,E09000011 Greenwich,Orient4,nan,65.4479147321222,12.645939159794302,21.906146108083497,343.0,584.7391500296361,False
2017-18,E09000012 Hackney,Orient4,Bisexual,73.60744639910276,0.0,26.39255360089724,3.0,7.779490662316118,True
2017-18,E09000012 Hackney,Orient4,Gay or Lesbian,87.83173024241752,12.168269757582449,0.0,23.0,23.360609786973292,True
2017-18,E09000012 Hackney,Orient4,Heterosexual or Straight,76.91300724384647,6.294479874905582,16.792512881247955,145.0,238.40501659476604,False
2017-18,E09000012 Hackney,Orient4,Other sexual orientation,8.303670003692886,0.0,91.69632999630713,2.0,7.004210377508432,True
2017-18,E09000012 Hackney,Orient4,nan,65.95068284277002,13.681381298487905,20.36793585874206,365.0,610.0666617574152,False
2017-18,E09000013 Hammersmith and Fulham,Orient4,Bisexual,100.0,0.0,0.0,1.0,0.39112808420925077,True
2017-18,E09000013 Hammersmith and Fulham,Orient4,Gay or Lesbian,54.18685891602358,8.664535061126122,37.148606022850295,7.0,7.2703401051761745,True
2017-18,E09000013 Hammersmith and Fulham,Orient4,Heterosexual or Straight,74.55390379427185,5.379274079953159,20.066822125775,130.0,187.4235753289505,False
2017-18,E09000013 Hammersmith and Fulham,Orient4,Other sexual orientation,100.0,0.0,0.0,1.0,1.0314272445732702,True
2017-18,E09000013 Hammersmith and Fulham,Orient4,nan,63.12974090724843,12.10394168863733,24.766317404114226,350.0,416.07791479030857,False
2017-18,E09000014 Haringey,Orient4,Bisexual,7.7211635823030065,0.0,92.278836417697,2.0,4.958288756286453,True
2017-18,E09000014 Haringey,Orient4,Gay or Lesbian,83.49846493946225,16.501535060537755,0.0,6.0,7.32181147730897,True
2017-18,E09000014 Haringey,Orient4,Heterosexual or Straight,72.52221642885524,11.827836744318388,15.649946826826373,160.0,245.18513687208804,False
2017-18,E09000014 Haringey,Orient4,nan,62.38998732209583,12.661293656333783,24.948719021570405,334.0,576.7381170392321,False
2017-18,E09000015 Harrow,Orient4,Gay or Lesbian,54.02123933219336,0.0,45.97876066780664,4.0,15.994885510857937,True
2017-18,E09000015 Harrow,Orient4,Heterosexual or Straight,57.429293237159285,16.208892239415608,26.361814523425103,145.0,221.93966352941612,False
2017-18,E09000015 Harrow,Orient4,nan,57.15574712512597,10.790758812784079,32.05349406208996,361.0,568.4061810917149,False
2017-18,E09000016 Havering,Orient4,Bisexual,100.0,0.0,0.0,2.0,3.111747939901857,True
2017-18,E09000016 Havering,Orient4,Gay or Lesbian,100.0,0.0,0.0,3.0,2.183939613152521,True
2017-18,E09000016 Havering,Orient4,Heterosexual or Straight,66.39060757599974,9.318010603436756,24.291381820563508,137.0,243.1618500333523,False
2017-18,E09000016 Havering,Orient4,nan,58.31430954912465,15.415964750187763,26.26972570068755,367.0,576.827305851974,False
2017-18,E09000017 Hillingdon,Orient4,Bisexual,81.440601312508,0.0,18.55939868749202,3.0,4.179526103794681,True
2017-18,E09000017 Hillingdon,Orient4,Gay or Lesbian,92.66797928516881,7.332020714831194,0.0,3.0,5.886696545910768,True
2017-18,E09000017 Hillingdon,Orient4,Heterosexual or Straight,58.19722971129554,15.556851422508919,26.24591886619556,153.0,311.7095978525631,False
2017-18,E09000017 Hillingdon,Orient4,nan,54.02556681233639,12.142426324726438,33.83200686293718,341.0,616.4819168576952,False
2017-18,E09000018 Hounslow,Orient4,Bisexual,27.23577572069267,0.0,72.76422427930733,2.0,12.061458039558339,True
2017-18,E09000018 Hounslow,Orient4,Gay or Lesbian,0.0,0.0,100.0,2.0,1.6693719084257284,True
2017-18,E09000018 Hounslow,Orient4,Heterosexual or Straight,61.980882097951685,15.455174780442041,22.563943121606282,138.0,258.24399944782715,False
2017-18,E09000018 Hounslow,Orient4,Other sexual orientation,0.0,100.0,0.0,1.0,1.6500941244415923,True
2017-18,E09000018 Hounslow,Orient4,nan,60.114820242003574,9.946102408740808,29.939077349255633,346.0,581.7629979621888,False
2017-18,E09000019 Islington,Orient4,Bisexual,100.0,0.0,0.0,2.0,11.230329852331352,True
2017-18,E09000019 Islington,Orient4,Gay or Lesbian,93.32571032930771,3.209625897147353,3.4646637735449315,8.0,16.365219396291103,True
2017-18,E09000019 Islington,Orient4,Heterosexual or Straight,80.80666673384437,6.022698167004748,13.170635099150891,147.0,245.43321267215168,False
2017-18,E09000019 Islington,Orient4,Other sexual orientation,0.0,0.0,100.0,2.0,2.5966794460662257,True
2017-18,E09000019 Islington,Orient4,nan,71.63592433683316,9.965685944386745,18.398389718780088,325.0,496.745498649611,False
2017-18,E09000020 Kensington and Chelsea,Orient4,Bisexual,100.0,0.0,0.0,1.0,0.9437101223889334,True
2017-18,E09000020 Kensington and Chelsea,Orient4,Gay or Lesbian,50.16755141683523,14.873362790018271,34.959085793146464,9.0,6.55681259037763,True
2017-18,E09000020 Kensington and Chelsea,Orient4,Heterosexual or Straight,77.89702440067705,6.853265266776008,15.249710332546934,122.0,136.61936637517078,False
2017-18,E09000020 Kensington and Chelsea,Orient4,Other sexual orientation,100.0,0.0,0.0,1.0,0.5130586047527697,True
2017-18,E09000020 Kensington and Chelsea,Orient4,nan,70.10689538427692,7.59744862903479,22.295655986688285,386.0,380.4314550995623,False
2017-18,E09000021 Kingston upon Thames,Orient4,Bisexual,75.07256985680984,14.503023248518193,10.424406894671975,4.0,4.781942395202991,True
2017-18,E09000021 Kingston upon Thames,Orient4,Gay or Lesbian,33.73344580313628,0.0,66.26655419686372,2.0,3.7747231956008935,True
2017-18,E09000021 Kingston upon Thames,Orient4,Heterosexual or Straight,66.65164173864461,12.716406148195073,20.631952113160317,140.0,165.41464063023278,False
2017-18,E09000021 Kingston upon Thames,Orient4,Other sexual orientation,100.0,0.0,0.0,1.0,0.7320677599357868,True
2017-18,E09000021 Kingston upon Thames,Orient4,nan,68.27303124012892,12.01370307088253,19.713265688988564,333.0,379.0521596495426,False
2017-18,E09000022 Lambeth,Orient4,Bisexual,100.0,0.0,0.0,3.0,4.480728824725475,True
2017-18,E09000022 Lambeth,Orient4,Gay or Lesbian,70.24560888564662,12.921643506327596,16.832747608025787,16.0,30.90487123925021,True
2017-18,E09000022 Lambeth,Orient4,Heterosexual or Straight,68.19623360204457,18.31196971833242,13.491796679622988,132.0,260.8328746697921,False
2017-18,E09000022 Lambeth,Orient4,Other sexual orientation,100.0,0.0,0.0,1.0,0.34949447037789844,True
2017-18,E09000022 Lambeth,Orient4,nan,71.60632823447979,8.940450741992152,19.453221023528062,352.0,741.6966591152698,False
2017-18,E09000023 Lewisham,Orient4,Bisexual,87.57948149994004,12.420518500059954,0.0,4.0,11.1426715750215,True
2017-18,E09000023 Lewisham,Orient4,Gay or Lesbian,66.21376844074712,33.7862315592529,0.0,6.0,10.331876267683104,True
2017-18,E09000023 Lewisham,Orient4,Heterosexual or Straight,78.68955528567733,11.53568552472453,9.77475918959814,140.0,275.41216908904744,False
2017-18,E09000023 Lewisham,Orient4,Other sexual orientation,45.506142194449716,0.0,54.49385780555029,2.0,2.142268387445025,True
2017-18,E09000023 Lewisham,Orient4,nan,63.85190291701613,13.810651839055435,22.337445243928443,328.0,650.8335213250373,False
2017-18,E09000024 Merton,Orient4,Bisexual,100.0,0.0,0.0,1.0,1.8524962551243704,True
2017-18,E09000024 Merton,Orient4,Gay or Lesbian,94.18674354943056,0.0,5.8132564505694315,2.0,4.142135452197655,True
2017-18,E09000024 Merton,Orient4,Heterosexual or Straight,70.37872831710081,11.711410538184996,17.909861144714196,147.0,204.87124628577175,False
2017-18,E09000024 Merton,Orient4,Other sexual orientation,100.0,0.0,0.0,3.0,4.641524367887576,True
2017-18,E09000024 Merton,Orient4,nan,67.07062544664872,10.752596173712782,22.176778379638503,342.0,441.48038477319415,False
2017-18,E09000025 Newham,Orient4,Bisexual,100.0,0.0,0.0,3.0,6.7427616278841125,True
2017-18,E09000025 Newham,Orient4,Gay or Lesbian,74.7356333823889,25.2643666176111,0.0,6.0,7.814308997605879,True
2017-18,E09000025 Newham,Orient4,Heterosexual or Straight,53.498595433226235,13.915364577638305,32.58603998913546,147.0,318.07300120667435,False
2017-18,E09000025 Newham,Orient4,Other sexual orientation,72.67643109618895,0.0,27.32356890381105,2.0,2.9942403871583276,True
2017-18,E09000025 Newham,Orient4,nan,49.34261891518411,16.247448214075465,34.40993287074042,340.0,754.0136532124172,False
2017-18,E09000026 Redbridge,Orient4,Bisexual,100.0,0.0,0.0,2.0,3.975358502210212,True
2017-18,E09000026 Redbridge,Orient4,Gay or Lesbian,100.0,0.0,0.0,4.0,3.6618469699238765,True
2017-18,E09000026 Redbridge,Orient4,Heterosexual or Straight,53.1487825894008,17.75109399385732,29.10012341674187,145.0,294.1073768909933,False
2017-18,E09000026 Redbridge,Orient4,nan,59.0575936206276,10.710307065793282,30.232099313579113,332.0,643.6357421769123,False
2017-18,E09000027 Richmond upon Thames,Orient4,Gay or Lesbian,60.41073465608701,0.0,39.58926534391299,4.0,4.792851667019156,True
2017-18,E09000027 Richmond upon Thames,Orient4,Heterosexual or Straight,79.72071362072201,6.291640579532248,13.987645799745744,144.0,190.5041741723506,False
2017-18,E09000027 Richmond upon Thames,Orient4,Other sexual orientation,100.0,0.0,0.0,1.0,0.8944860190880117,True
2017-18,E09000027 Richmond upon Thames,Orient4,nan,70.22623934490413,13.764635219123535,16.009125435972333,350.0,432.06758863178356,False
2017-18,E09000028 Southwark,Orient4,Bisexual,100.0,0.0,0.0,2.0,2.013345560676271,True
2017-18,E09000028 Southwark,Orient4,Gay or Lesbian,100.0,0.0,0.0,19.0,35.29853583558581,True
2017-18,E09000028 Southwark,Orient4,Heterosexual or Straight,68.85799351028062,13.592239129276079,17.54976736044327,143.0,286.35925390423563,False
2017-18,E09000028 Southwark,Orient4,Other sexual orientation,100.0,0.0,0.0,4.0,8.95441251713927,True
2017-18,E09000028 Southwark,Orient4,nan,71.90164706984243,10.87881858769048,17.21953434246709,352.0,689.8230138362431,False
2017-18,E09000029 Sutton,Orient4,Bisexual,66.66740484310128,0.0,33.33259515689872,3.0,3.2801251147686017,True
2017-18,E09000029 Sutton,Orient4,Heterosexual or Straight,58.59275117654127,14.872024387924471,26.535224435534243,149.0,199.3272663388268,False
2017-18,E09000029 Sutton,Orient4,Other sexual orientation,0.0,0.0,100.0,1.0,1.0353148155236804,True
2017-18,E09000029 Sutton,Orient4,nan,52.246019906390885,17.273774979810238,30.480205113798892,347.0,443.07250850892603,False
2017-18,E09000030 Tower Hamlets,Orient4,Bisexual,92.61398729773721,0.0,7.3860127022627955,6.0,5.120768275617905,True
2017-18,E09000030 Tower Hamlets,Orient4,Gay or Lesbian,75.22539716439924,19.595811826641725,5.178791008959038,22.0,33.538135567128656,True
2017-18,E09000030 Tower Hamlets,Orient4,Heterosexual or Straight,69.11614216581663,16.093319948681227,14.790537885502161,158.0,315.623426108341,False
2017-18,E09000030 Tower Hamlets,Orient4,Other sexual orientation,0.0,100.0,0.0,1.0,0.493464841212052,True
2017-18,E09000030 Tower Hamlets,Orient4,nan,64.36199076840163,8.330183977149343,27.307825254449046,335.0,607.6297366452152,False
2017-18,E09000031 Waltham Forest,Orient4,Bisexual,100.0,0.0,0.0,2.0,7.5669747390382405,True
2017-18,E09000031 Waltham Forest,Orient4,Gay or Lesbian,44.02891232845463,0.0,55.971087671545384,5.0,11.73995002419683,True
2017-18,E09000031 Waltham Forest,Orient4,Heterosexual or Straight,65.47283676491912,13.011800289330283,21.515362945750585,158.0,278.07445646241376,False
2017-18,E09000031 Waltham Forest,Orient4,Other sexual orientation,42.26964568875082,57.73035431124919,0.0,2.0,3.2552756872944384,True
2017-18,E09000031 Waltham Forest,Orient4,nan,58.647046783391055,10.299386945404523,31.05356627120442,318.0,553.7256623735127,False
2017-18,E09000032 Wandsworth,Orient4,Bisexual,100.0,0.0,0.0,4.0,9.074996080813689,True
2017-18,E09000032 Wandsworth,Orient4,Gay or Lesbian,70.23528976660542,5.1593776133129845,24.605332620081597,10.0,18.810104229087276,True
2017-18,E09000032 Wandsworth,Orient4,Heterosexual or Straight,71.02114501525506,10.614373586574521,18.364481398170422,145.0,336.50858484741366,False
2017-18,E09000032 Wandsworth,Orient4,Other sexual orientation,26.658333839483912,0.0,73.34166616051608,2.0,2.5205596325842436,True
2017-18,E09000032 Wandsworth,Orient4,nan,75.14628081351637,9.722450241062223,15.131268945421414,353.0,673.091973985594,False
2017-18,E09000033 Westminster,Orient4,Bisexual,100.0,0.0,0.0,2.0,9.658766698664195,True
2017-18,E09000033 Westminster,Orient4,Gay or Lesbian,100.0,0.0,0.0,4.0,5.154135837525886,True
2017-18,E09000033 Westminster,Orient4,Heterosexual or Straight,75.20076252166415,9.293755183258549,15.50548229507732,131.0,229.0065583245131,False
2017-18,E09000033 Westminster,Orient4,Other sexual orientation,100.0,0.0,0.0,1.0,3.638568145445945,True
2017-18,E09000033 Westminster,Orient4,nan,65.62722297126251,11.141121113968152,23.23165591476933,371.0,574.697972578713,False
2017-18,E09000001 City of London,Relig7,Any other religion,0.0,0.0,100.0,1.0,0.17216081994493124,True
2017-18,E09000001 City of London,Relig7,Buddhist,0.0,100.0,0.0,1.0,0.31248371503407196,True
2017-18,E09000001 City of London,Relig7,Christian,82.14865477917705,6.92171149235371,10.929633728469243,31.0,3.390700969291128,False
2017-18,E09000001 City of London,Relig7,Hindu,8.27213324409404,0.0,91.72786675590596,2.0,0.47374379700771957,True
2017-18,E09000001 City of London,Relig7,Jewish,100.0,0.0,0.0,1.0,0.21698035258543233,True
2017-18,E09000001 City of London,Relig7,No religion,88.67899690859296,0.9714657042332658,10.34953738717377,37.0,3.558172103783421,False
2017-18,E09000001 City of London,Relig7,nan,71.51632423975501,10.497346063717982,17.986329696527008,160.0,18.516200321698324,False
2017-18,E09000002 Barking and Dagenham,Relig7,Any other religion,100.0,0.0,0.0,2.0,1.4049493297163078,True
2017-18,E09000002 Barking and Dagenham,Relig7,Buddhist,100.0,0.0,0.0,1.0,0.6769655729315328,True
2017-18,E09000002 Barking and Dagenham,Relig7,Christian,55.719002891714254,14.51998547623369,29.761011632052064,87.0,105.0286061750088,False
2017-18,E09000002 Barking and Dagenham,Relig7,Hindu,50.50993390691902,31.209784168678993,18.280281924402,7.0,7.728638267060004,True
2017-18,E09000002 Barking and Dagenham,Relig7,Jewish,20.08616694534035,0.0,79.91383305465965,2.0,1.2126496734368155,True
2017-18,E09000002 Barking and Dagenham,Relig7,Muslim,66.06434850090156,16.142050634277457,17.793600864820995,34.0,61.118277427099805,False
2017-18,E09000002 Barking and Dagenham,Relig7,No religion,77.49509509125932,8.492310860012635,14.012594048728037,25.0,25.322160748386036,True
2017-18,E09000002 Barking and Dagenham,Relig7,Sikh,0.0,0.0,100.0,2.0,4.701113681695639,True
2017-18,E09000002 Barking and Dagenham,Relig7,nan,50.3510191639705,8.073862843196666,41.57511799283283,312.0,414.469015357701,False
2017-18,E09000003 Barnet,Relig7,Any other religion,86.91702445753153,0.0,13.082975542468478,4.0,16.27523477785445,True
2017-18,E09000003 Barnet,Relig7,Buddhist,100.0,0.0,0.0,2.0,1.7335754357079578,True
2017-18,E09000003 Barnet,Relig7,Christian,61.68954306661894,11.03023294779957,27.280223985581507,53.0,131.87608637539975,False
2017-18,E09000003 Barnet,Relig7,Hindu,67.79506337986554,16.878478959523786,15.326457660610668,10.0,36.15936562642315,True
2017-18,E09000003 Barnet,Relig7,Jewish,70.77120030099158,10.85784277571523,18.370956923293203,31.0,82.84057638715124,False
2017-18,E09000003 Barnet,Relig7,Muslim,50.42990328286958,13.965422169613195,35.60467454751722,17.0,60.07822023180254,True
2017-18,E09000003 Barnet,Relig7,No religion,76.64653653786968,6.84937816440884,16.50408529772147,34.0,77.15901087526429,False
2017-18,E09000003 Barnet,Relig7,nan,63.5088362788149,13.485520175906778,23.005643545278325,343.0,804.8746474831164,False
2017-18,E09000004 Bexley,Relig7,Christian,72.23131075850264,12.690550918588666,15.078138322908718,90.0,154.17505795832622,False
2017-18,E09000004 Bexley,Relig7,Hindu,100.0,0.0,0.0,2.0,4.325829572369406,True
2017-18,E09000004 Bexley,Relig7,Muslim,0.0,0.0,100.0,2.0,6.318507455513299,True
2017-18,E09000004 Bexley,Relig7,No religion,77.56619876715122,8.049088944713391,14.384712288135383,50.0,98.14597370408963,False
2017-18,E09000004 Bexley,Relig7,Sikh,0.0,0.0,100.0,1.0,1.1583029831437628,True
2017-18,E09000004 Bexley,Relig7,nan,67.06347619649968,8.97536928085679,23.961154522643525,344.0,525.7587216777822,False
2017-18,E09000005 Brent,Relig7,Any other religion,0.0,4.492518164989918,95.50748183501008,2.0,11.960262714562395,True
2017-18,E09000005 Brent,Relig7,Buddhist,69.6903346964887,27.532994125501194,2.776671178010092,7.0,13.012641115704719,True
2017-18,E09000005 Brent,Relig7,Christian,65.2300758593665,14.114243823795503,20.655680316838,68.0,136.97980441059119,False
2017-18,E09000005 Brent,Relig7,Hindu,42.08537721472023,19.49017080790505,38.424451977374716,34.0,112.90774402434316,False
2017-18,E09000005 Brent,Relig7,Jewish,52.43977665359534,0.0,47.560223346404676,5.0,3.5944908771195774,True
2017-18,E09000005 Brent,Relig7,Muslim,41.99824860349889,10.866872721247297,47.13487867525381,17.0,37.46989146302791,True
2017-18,E09000005 Brent,Relig7,No religion,85.81543642613384,5.483618779565182,8.700944794300973,32.0,44.68093639332087,False
2017-18,E09000005 Brent,Relig7,Sikh,100.0,0.0,0.0,1.0,1.864029503544509,True
2017-18,E09000005 Brent,Relig7,nan,61.49823149067055,8.50666934707285,29.995099162256572,340.0,670.3740430572864,False
2017-18,E09000006 Bromley,Relig7,Buddhist,0.0,0.0,100.0,2.0,13.579043169608521,True
2017-18,E09000006 Bromley,Relig7,Christian,66.71259321807564,12.823645105345497,20.46376167657887,82.0,184.76673800650815,False
2017-18,E09000006 Bromley,Relig7,Hindu,0.0,0.0,100.0,1.0,8.790730559716112,True
2017-18,E09000006 Bromley,Relig7,No religion,64.1518142574837,9.963076799111658,25.885108943404656,53.0,103.86963098103556,False
2017-18,E09000006 Bromley,Relig7,nan,64.90755183405462,13.598451752495889,21.4939964134495,346.0,746.9719546648698,False
2017-18,E09000007 Camden,Relig7,Buddhist,96.24023932581808,0.0,3.759760674181936,5.0,8.638687611294529,True
2017-18,E09000007 Camden,Relig7,Christian,83.6446192549941,8.525046981143852,7.830333763862055,51.0,105.58069307055102,False
2017-18,E09000007 Camden,Relig7,Hindu,81.15582566478618,18.844174335213822,0.0,4.0,13.283771000497834,True
2017-18,E09000007 Camden,Relig7,Jewish,97.3557655470175,0.0,2.644234452982498,6.0,10.615650931741062,True
2017-18,E09000007 Camden,Relig7,Muslim,75.34637704467634,3.229915129582403,21.423707825741257,8.0,20.04894362609166,True
2017-18,E09000007 Camden,Relig7,No religion,68.57237629905578,17.97705398155934,13.450569719384855,66.0,113.8396232816356,False
2017-18,E09000007 Camden,Relig7,nan,67.412756591002,12.700234584040848,19.88700882495716,373.0,577.1610262638985,False
2017-18,E09000008 Croydon,Relig7,Any other religion,38.4839855618517,61.51601443814828,0.0,2.0,4.550123135231091,True
2017-18,E09000008 Croydon,Relig7,Buddhist,66.96181868690348,8.954700426170186,24.083480886926324,3.0,5.026962379117146,True
2017-18,E09000008 Croydon,Relig7,Christian,71.59318492041527,11.253549051114815,17.153266028469925,86.0,188.59089676819104,False
2017-18,E09000008 Croydon,Relig7,Hindu,26.754322049417567,0.0,73.24567795058243,9.0,22.81298586500022,True
2017-18,E09000008 Croydon,Relig7,Jewish,100.0,0.0,0.0,1.0,0.4683136000517115,True
2017-18,E09000008 Croydon,Relig7,Muslim,43.18693528556217,0.0,56.81306471443782,7.0,22.345584558071142,True
2017-18,E09000008 Croydon,Relig7,No religion,65.33210179079101,8.82385280887141,25.844045400337585,47.0,124.98720114680216,False
2017-18,E09000008 Croydon,Relig7,nan,62.28119150410345,12.701154741681009,25.017653754215534,343.0,838.9179159621496,False
2017-18,E09000009 Ealing,Relig7,Any other religion,49.05633843521575,0.0,50.94366156478425,2.0,2.319954449430708,True
2017-18,E09000009 Ealing,Relig7,Buddhist,100.0,0.0,0.0,1.0,0.6408802566523298,True
2017-18,E09000009 Ealing,Relig7,Christian,61.33239976922178,13.775249841858505,24.892350388919716,75.0,145.81623908803635,False
2017-18,E09000009 Ealing,Relig7,Hindu,80.16033733134634,0.0,19.839662668653666,10.0,42.352941148893876,True
2017-18,E09000009 Ealing,Relig7,Jewish,100.0,0.0,0.0,2.0,5.787134568455242,True
2017-18,E09000009 Ealing,Relig7,Muslim,43.355623151331976,8.836303216106618,47.808073632561396,9.0,16.71474177485984,True
2017-18,E09000009 Ealing,Relig7,No religion,85.55820700463144,10.704475930708485,3.7373170646600715,30.0,50.93239178025763,False
2017-18,E09000009 Ealing,Relig7,Sikh,33.14218230460318,26.760409129902555,40.097408565494256,4.0,15.991901764746165,True
2017-18,E09000009 Ealing,Relig7,nan,64.20602110421602,10.862616994422869,24.931361901361104,362.0,779.0498521353054,False
2017-18,E09000010 Enfield,Relig7,Any other religion,100.0,0.0,0.0,6.0,11.885505018460504,True
2017-18,E09000010 Enfield,Relig7,Christian,50.9619381562489,9.647268539350618,39.39079330440048,91.0,164.05431011954983,False
2017-18,E09000010 Enfield,Relig7,Hindu,36.63595888346532,13.652102264700225,49.71193885183444,8.0,28.661505160027584,True
2017-18,E09000010 Enfield,Relig7,Jewish,86.39993628413814,13.60006371586186,0.0,5.0,5.632757935966326,True
2017-18,E09000010 Enfield,Relig7,Muslim,82.96722147049428,0.0,17.03277852950572,10.0,43.66006502366822,True
2017-18,E09000010 Enfield,Relig7,No religion,70.80320881201182,12.873190061211906,16.32360112677628,32.0,84.88138869927676,False
2017-18,E09000010 Enfield,Relig7,nan,58.98268788205803,12.519275644394554,28.498036473547423,347.0,691.372940973522,False
2017-18,E09000011 Greenwich,Relig7,Any other religion,100.0,0.0,0.0,1.0,0.917465793368614,True
2017-18,E09000011 Greenwich,Relig7,Buddhist,97.44146524388098,0.0,2.5585347561190184,5.0,18.569105952528492,True
2017-18,E09000011 Greenwich,Relig7,Christian,60.83720941734653,12.589879222008124,26.572911360645346,76.0,132.39084833432435,False
2017-18,E09000011 Greenwich,Relig7,Hindu,30.638052108567358,54.928699122234384,14.43324876919826,3.0,18.152408565347883,True
2017-18,E09000011 Greenwich,Relig7,Jewish,100.0,0.0,0.0,1.0,1.162075398451881,True
2017-18,E09000011 Greenwich,Relig7,Muslim,45.521784777784134,9.048948933907239,45.42926628830863,7.0,15.785157187122778,True
2017-18,E09000011 Greenwich,Relig7,No religion,71.04773120465167,14.822729007988197,14.129539787360153,52.0,99.46268422383731,False
2017-18,E09000011 Greenwich,Relig7,nan,64.93136274157389,12.909813447223076,22.15882381120304,343.0,581.6744626755287,False
2017-18,E09000012 Hackney,Relig7,Buddhist,100.0,0.0,0.0,1.0,0.6577588167469938,True
2017-18,E09000012 Hackney,Relig7,Christian,63.709850180441954,8.385805898101264,27.904343921456793,57.0,82.88920178148628,False
2017-18,E09000012 Hackney,Relig7,Hindu,100.0,0.0,0.0,3.0,4.262133464576933,True
2017-18,E09000012 Hackney,Relig7,Jewish,65.85076612255986,0.0,34.14923387744014,6.0,18.807461052994977,True
2017-18,E09000012 Hackney,Relig7,Muslim,85.82040857806545,2.6612562552384524,11.518335166696106,11.0,34.089950246251306,True
2017-18,E09000012 Hackney,Relig7,No religion,92.05360172826887,4.901218209123906,3.045180062607224,87.0,115.41768163392254,False
2017-18,E09000012 Hackney,Relig7,nan,64.53976259511256,13.925551884767447,21.53468552012,373.0,630.4918021829999,False
2017-18,E09000013 Hammersmith and Fulham,Relig7,Buddhist,0.0,0.0,100.0,1.0,2.28612457081452,True
2017-18,E09000013 Hammersmith and Fulham,Relig7,Christian,73.11832262207027,4.772287948400383,22.109389429529365,74.0,88.06463405127595,False
2017-18,E09000013 Hammersmith and Fulham,Relig7,Hindu,100.0,0.0,0.0,1.0,1.403845458540615,True
2017-18,E09000013 Hammersmith and Fulham,Relig7,Jewish,63.507246097518596,0.0,36.492753902481404,2.0,1.2360355775551564,True
2017-18,E09000013 Hammersmith and Fulham,Relig7,Muslim,54.41740590034957,0.0,45.58259409965043,6.0,19.816289922313455,True
2017-18,E09000013 Hammersmith and Fulham,Relig7,No religion,81.04530856710304,4.673559267128595,14.281132165768348,51.0,73.63940988866781,False
2017-18,E09000013 Hammersmith and Fulham,Relig7,Sikh,0.0,100.0,0.0,1.0,2.374994446639026,True
2017-18,E09000013 Hammersmith and Fulham,Relig7,nan,63.94304646607619,12.058992213497762,23.997961320426054,353.0,423.3730516374112,False
2017-18,E09000014 Haringey,Relig7,Any other religion,33.45358062472004,0.0,66.54641937527995,2.0,1.4861210176546917,True
2017-18,E09000014 Haringey,Relig7,Buddhist,100.0,0.0,0.0,2.0,0.8802211140801874,True
2017-18,E09000014 Haringey,Relig7,Christian,75.11912219388819,7.974552622930774,16.906325183181043,69.0,121.57313504979057,False
2017-18,E09000014 Haringey,Relig7,Hindu,85.51309068342815,0.0,14.486909316571872,5.0,6.68625180555633,True
2017-18,E09000014 Haringey,Relig7,Jewish,87.9130433273738,12.086956672626197,0.0,6.0,6.472056102997385,True
2017-18,E09000014 Haringey,Relig7,Muslim,47.742066492726764,0.0,52.25793350727324,11.0,32.29158787162992,True
2017-18,E09000014 Haringey,Relig7,No religion,70.72136682752928,18.394206751745816,10.884426420724898,80.0,112.35024541768855,False
2017-18,E09000014 Haringey,Relig7,nan,62.4756328540973,13.048402326336413,24.47596481956629,327.0,552.463735765518,False
2017-18,E09000015 Harrow,Relig7,Any other religion,90.19342535610168,0.0,9.806574643898317,6.0,6.763035878238323,True
2017-18,E09000015 Harrow,Relig7,Christian,64.535515730951,7.179961681787543,28.284522587261453,39.0,48.84519414431471,False
2017-18,E09000015 Harrow,Relig7,Hindu,61.62180476623919,12.018356969432475,26.359838264328328,51.0,101.14655140321064,False
2017-18,E09000015 Harrow,Relig7,Jewish,70.39130977669834,0.0,29.608690223301657,15.0,15.32073824623504,True
2017-18,E09000015 Harrow,Relig7,Muslim,5.201655535538144,59.34315943786566,35.45518502659621,12.0,24.91643525547078,True
2017-18,E09000015 Harrow,Relig7,No religion,41.60103989718732,8.581057557025522,49.81790254578718,27.0,43.21793456061846,True
2017-18,E09000015 Harrow,Relig7,nan,58.46096053336248,11.154899339591887,30.38414012704563,360.0,566.130840643901,False
2017-18,E09000016 Havering,Relig7,Any other religion,100.0,0.0,0.0,1.0,2.3392732385885795,True
2017-18,E09000016 Havering,Relig7,Buddhist,0.0,100.0,0.0,2.0,3.404280262617453,True
2017-18,E09000016 Havering,Relig7,Christian,57.48049498295502,10.125571143400947,32.39393387364402,91.0,160.7002880812036,False
2017-18,E09000016 Havering,Relig7,Muslim,47.78372093225215,0.0,52.21627906774785,4.0,8.616701043082164,True
2017-18,E09000016 Havering,Relig7,No religion,86.84708683655873,2.211267375316868,10.941645788124426,37.0,67.30757896975139,False
2017-18,E09000016 Havering,Relig7,nan,59.326232842666315,15.51111589808642,25.16265125924726,374.0,582.9167218431373,False
2017-18,E09000017 Hillingdon,Relig7,Any other religion,59.98856633788849,29.080472872582046,10.930960789529456,8.0,13.41178828535872,True
2017-18,E09000017 Hillingdon,Relig7,Buddhist,33.16548601073811,0.0,66.8345139892619,4.0,5.5323917382181635,True
2017-18,E09000017 Hillingdon,Relig7,Christian,59.77606753062379,14.077035672354942,26.146896797021263,77.0,132.86231544370918,False
2017-18,E09000017 Hillingdon,Relig7,Hindu,78.63483081660841,16.23429909337907,5.130870090012498,16.0,40.98749314400965,True
2017-18,E09000017 Hillingdon,Relig7,Jewish,57.678262078759715,42.321737921240285,0.0,3.0,2.6303998486170217,True
2017-18,E09000017 Hillingdon,Relig7,Muslim,51.29562306390796,21.289516429500686,27.414860506591367,9.0,30.395158496657,True
2017-18,E09000017 Hillingdon,Relig7,No religion,52.75733848255035,18.191110214105983,29.051551303343647,30.0,62.87180108045043,False
2017-18,E09000017 Hillingdon,Relig7,Sikh,49.31260224383936,8.146189791926735,42.54120796423389,8.0,25.815839243069988,True
2017-18,E09000017 Hillingdon,Relig7,nan,54.31400600198002,11.767213201599914,33.918780796420066,345.0,623.7505500798736,False
2017-18,E09000018 Hounslow,Relig7,Any other religion,75.81764887817178,0.0,24.18235112182822,4.0,8.981631301269388,True
2017-18,E09000018 Hounslow,Relig7,Christian,67.87089517124875,16.99661879865431,15.13248603009692,73.0,123.3437755369155,False
2017-18,E09000018 Hounslow,Relig7,Hindu,64.30667393669759,8.978725306877449,26.714600756424968,12.0,18.37782166225385,True
2017-18,E09000018 Hounslow,Relig7,Muslim,33.83413787500749,33.60746088962368,32.55840123536882,17.0,45.98535337551004,True
2017-18,E09000018 Hounslow,Relig7,No religion,70.99330500451664,4.63002304289041,24.376671952592936,33.0,58.93882065607985,False
2017-18,E09000018 Hounslow,Relig7,Sikh,56.70642937208052,7.213115652696837,36.08045497522263,5.0,10.597355475482807,True
2017-18,E09000018 Hounslow,Relig7,nan,58.95134724424121,9.821174700095135,31.227478055663642,345.0,589.1631634749303,False
2017-18,E09000019 Islington,Relig7,Any other religion,100.0,0.0,0.0,1.0,0.42423153932396473,True
2017-18,E09000019 Islington,Relig7,Buddhist,100.0,0.0,0.0,1.0,2.027752774487805,True
2017-18,E09000019 Islington,Relig7,Christian,78.31418361274548,3.1839290620583633,18.50188732519617,70.0,124.89083686369612,False
2017-18,E09000019 Islington,Relig7,Hindu,100.0,0.0,0.0,1.0,1.3128341234153798,True
2017-18,E09000019 Islington,Relig7,Jewish,68.24446380592241,31.755536194077607,0.0,5.0,4.119905568313291,True
2017-18,E09000019 Islington,Relig7,Muslim,84.32351194908759,0.0,15.676488050912408,4.0,13.67618142614253,True
2017-18,E09000019 Islington,Relig7,No religion,86.6303198951364,7.096661292993428,6.273018811870168,67.0,115.67043755649577,False
2017-18,E09000019 Islington,Relig7,nan,71.44678666221301,10.057366394829522,18.49584694295746,335.0,510.24876016457654,False
2017-18,E09000020 Kensington and Chelsea,Relig7,Any other religion,100.0,0.0,0.0,2.0,1.7277729813396852,True
2017-18,E09000020 Kensington and Chelsea,Relig7,Buddhist,63.55164107879151,20.650210919117058,15.79814800209143,5.0,4.484701956775805,True
2017-18,E09000020 Kensington and Chelsea,Relig7,Christian,86.60654310569615,6.903527032294352,6.48992986200949,67.0,66.4927384914871,False
2017-18,E09000020 Kensington and Chelsea,Relig7,Hindu,100.0,0.0,0.0,2.0,4.042052716326319,True
2017-18,E09000020 Kensington and Chelsea,Relig7,Jewish,72.76067488029796,0.0,27.239325119702045,5.0,3.6575948623826173,True
2017-18,E09000020 Kensington and Chelsea,Relig7,Muslim,53.538822101051586,21.244794376736138,25.216383522212272,7.0,19.99862970080305,True
2017-18,E09000020 Kensington and Chelsea,Relig7,No religion,64.80877028482443,4.206088135980803,30.985141579194792,37.0,37.64313222445663,False
2017-18,E09000020 Kensington and Chelsea,Relig7,nan,70.77346740073158,7.207104237310697,22.019428361957726,394.0,387.01777985868114,False
2017-18,E09000021 Kingston upon Thames,Relig7,Buddhist,25.910541725990594,74.08945827400942,0.0,2.0,4.636201133396895,True
2017-18,E09000021 Kingston upon Thames,Relig7,Christian,60.04532776624213,15.954644206964542,24.000028026793334,89.0,102.8523259952849,False
2017-18,E09000021 Kingston upon Thames,Relig7,Hindu,62.6403946047431,0.0,37.35960539525689,2.0,8.321536864691652,True
2017-18,E09000021 Kingston upon Thames,Relig7,Jewish,0.0,0.0,100.0,1.0,0.4984891327447828,True
2017-18,E09000021 Kingston upon Thames,Relig7,Muslim,100.0,0.0,0.0,2.0,1.8322582044903617,True
2017-18,E09000021 Kingston upon Thames,Relig7,No religion,79.63811198685798,12.202410703197431,8.159477309944595,50.0,56.134545855268,False
2017-18,E09000021 Kingston upon Thames,Relig7,nan,68.49597234836624,10.691493364847906,20.812534286785855,334.0,379.48017644463846,False
2017-18,E09000022 Lambeth,Relig7,Any other religion,37.42110290947593,0.0,62.57889709052408,3.0,4.419021691919924,True
2017-18,E09000022 Lambeth,Relig7,Buddhist,51.26978399948423,34.65972905276115,14.07048694775462,5.0,11.521778723504896,True
2017-18,E09000022 Lambeth,Relig7,Christian,65.28403619879035,15.853422997925612,18.862540803284045,64.0,121.86050535454044,False
2017-18,E09000022 Lambeth,Relig7,Jewish,100.0,0.0,0.0,2.0,2.3334673303868367,True
2017-18,E09000022 Lambeth,Relig7,Muslim,34.05577081650732,58.39099352155783,7.553235661934857,5.0,12.799295383303786,True
2017-18,E09000022 Lambeth,Relig7,No religion,81.67625290824375,12.289210019054165,6.034537072702072,68.0,129.27431446881323,False
2017-18,E09000022 Lambeth,Relig7,nan,70.91065064252926,9.443103314150822,19.646246043319895,357.0,756.0562453669463,False
2017-18,E09000023 Lewisham,Relig7,Any other religion,100.0,0.0,0.0,3.0,7.730062850265016,True
2017-18,E09000023 Lewisham,Relig7,Buddhist,21.28845357644731,56.096726191620775,22.61482023193193,4.0,5.162122346739603,True
2017-18,E09000023 Lewisham,Relig7,Christian,69.09783462970279,12.371298804432488,18.530866565864727,65.0,112.81685783034098,False
2017-18,E09000023 Lewisham,Relig7,Hindu,100.0,0.0,0.0,1.0,0.8974831287275459,True
2017-18,E09000023 Lewisham,Relig7,Muslim,100.0,0.0,0.0,3.0,2.902233012529604,True
2017-18,E09000023 Lewisham,Relig7,No religion,87.35784532863656,9.3218286703509,3.3203260010125524,80.0,158.67293979158885,False
2017-18,E09000023 Lewisham,Relig7,nan,63.57580490286677,14.340124378948197,22.084070718185025,324.0,661.6808076840427,False
2017-18,E09000024 Merton,Relig7,Any other religion,0.0,0.0,100.0,1.0,0.6365560858034425,True
2017-18,E09000024 Merton,Relig7,Buddhist,13.009537979308378,61.209302961466925,25.781159059224695,4.0,6.371004789988215,True
2017-18,E09000024 Merton,Relig7,Christian,65.17104473689848,9.66416949772092,25.16478576538061,81.0,109.20961844475157,False
2017-18,E09000024 Merton,Relig7,Hindu,69.55108182113138,26.398696401525136,4.050221777343476,7.0,13.399376934722447,True
2017-18,E09000024 Merton,Relig7,Jewish,0.0,0.0,100.0,1.0,0.27101615026478126,True
2017-18,E09000024 Merton,Relig7,Muslim,77.21771686361573,22.78228313638427,0.0,10.0,24.979389835250597,True
2017-18,E09000024 Merton,Relig7,No religion,88.74317358625578,0.0,11.256826413744228,48.0,62.48088382473762,False
2017-18,E09000024 Merton,Relig7,nan,67.01562706353783,10.868423182680289,22.115949753781866,343.0,439.6399410686569,False
2017-18,E09000025 Newham,Relig7,Any other religion,100.0,0.0,0.0,4.0,15.647487077878283,True
2017-18,E09000025 Newham,Relig7,Buddhist,100.0,0.0,0.0,1.0,3.9789792513967392,True
2017-18,E09000025 Newham,Relig7,Christian,61.84628112836978,5.672278347276253,32.481440524353964,56.0,91.18180426217215,False
2017-18,E09000025 Newham,Relig7,Hindu,79.63437850022336,17.37849331916643,2.987128180610167,6.0,18.409819752067357,True
2017-18,E09000025 Newham,Relig7,Muslim,41.92023814062419,25.652836237404426,32.42692562197138,34.0,106.34613432426181,False
2017-18,E09000025 Newham,Relig7,No religion,64.75700243841108,12.11469137490371,23.128306186685208,42.0,59.5077180807642,False
2017-18,E09000025 Newham,Relig7,Sikh,100.0,0.0,0.0,3.0,5.579344029001741,True
2017-18,E09000025 Newham,Relig7,nan,47.85869592945745,15.954872692394737,36.186431378147816,352.0,788.9866786541977,False
2017-18,E09000026 Redbridge,Relig7,Any other religion,100.0,0.0,0.0,2.0,2.4448915020834,True
2017-18,E09000026 Redbridge,Relig7,Christian,51.73813497398482,27.741934102783976,20.519930923231197,53.0,73.75488688875531,False
2017-18,E09000026 Redbridge,Relig7,Hindu,61.842702121679906,9.556902826512234,28.600395051807848,14.0,34.20025115979352,True
2017-18,E09000026 Redbridge,Relig7,Jewish,25.15866898617485,28.35942677597559,46.48190423784958,9.0,13.081751899173168,True
2017-18,E09000026 Redbridge,Relig7,Muslim,47.32771949020349,12.243873637127937,40.42840687266859,35.0,110.0952177424402,False
2017-18,E09000026 Redbridge,Relig7,No religion,80.53111411473157,16.12063322247277,3.348252662795633,24.0,33.068462493250976,True
2017-18,E09000026 Redbridge,Relig7,Sikh,60.452349696203726,17.19522253887614,22.352427764920122,7.0,18.25839051762059,True
2017-18,E09000026 Redbridge,Relig7,nan,58.934430126736835,10.863805416276632,30.201764456986524,339.0,660.4764723369225,False
2017-18,E09000027 Richmond upon Thames,Relig7,Buddhist,82.33881156907445,0.0,17.66118843092554,4.0,7.537921364090079,True
2017-18,E09000027 Richmond upon Thames,Relig7,Christian,78.96983206403934,8.576363588505126,12.453804347455549,80.0,87.32334942832573,False
2017-18,E09000027 Richmond upon Thames,Relig7,Hindu,0.0,0.0,100.0,1.0,1.776429936404735,True
2017-18,E09000027 Richmond upon Thames,Relig7,Jewish,93.64837069092329,0.0,6.351629309076695,4.0,8.767105914212438,True
2017-18,E09000027 Richmond upon Thames,Relig7,Muslim,100.0,0.0,0.0,1.0,10.883753294131612,True
2017-18,E09000027 Richmond upon Thames,Relig7,No religion,72.64113340978834,8.944472781032516,18.414393809179153,50.0,79.45723339302357,False
2017-18,E09000027 Richmond upon Thames,Relig7,Sikh,50.58090845372225,0.0,49.41909154627774,4.0,9.089793211099462,True
2017-18,E09000027 Richmond upon Thames,Relig7,nan,71.44381492967253,13.429147171070726,15.127037899256738,355.0,423.4235139489537,False
2017-18,E09000028 Southwark,Relig7,Any other religion,100.0,0.0,0.0,1.0,0.8899144025562675,True
2017-18,E09000028 Southwark,Relig7,Buddhist,100.0,0.0,0.0,1.0,0.6910277254062659,True
2017-18,E09000028 Southwark,Relig7,Christian,72.13032222407824,10.615146372772449,17.254531403149297,71.0,134.74233222413196,False
2017-18,E09000028 Southwark,Relig7,Hindu,100.0,0.0,0.0,2.0,2.923809508916855,True
2017-18,E09000028 Southwark,Relig7,Jewish,100.0,0.0,0.0,1.0,1.276025032843566,True
2017-18,E09000028 Southwark,Relig7,Muslim,35.389784040335606,48.397179848670255,16.213036110994135,10.0,32.748236077193226,True
2017-18,E09000028 Southwark,Relig7,No religion,85.03590378873365,5.7850448719965,9.17905133926983,83.0,151.603250282526,False
2017-18,E09000028 Southwark,Relig7,nan,71.0984187965718,10.757940787073355,18.14364041635484,351.0,697.573966400306,False
2017-18,E09000029 Sutton,Relig7,Any other religion,0.0,46.63997900998464,53.36002099001536,3.0,3.6895294939460657,True
2017-18,E09000029 Sutton,Relig7,Buddhist,70.27029426920947,29.729705730790535,0.0,3.0,3.9113679089017577,True
2017-18,E09000029 Sutton,Relig7,Christian,66.36592242001646,8.449428903268172,25.184648676715387,84.0,110.05242643082656,False
2017-18,E09000029 Sutton,Relig7,Hindu,50.93229771844955,9.373695704029,39.69400657752145,7.0,8.647004472308694,True
2017-18,E09000029 Sutton,Relig7,Muslim,0.0,100.0,0.0,3.0,5.561839966749695,True
2017-18,E09000029 Sutton,Relig7,No religion,51.43294975575051,18.115355421826894,30.45169482242259,46.0,64.25357997912523,False
2017-18,E09000029 Sutton,Relig7,Sikh,0.0,0.0,100.0,1.0,0.7238616747050638,True
2017-18,E09000029 Sutton,Relig7,nan,52.7319962818846,16.890172137149765,30.37783158096564,353.0,449.875604851482,False
2017-18,E09000030 Tower Hamlets,Relig7,Buddhist,94.31070603486063,0.0,5.689293965139367,6.0,12.736770788000493,True
2017-18,E09000030 Tower Hamlets,Relig7,Christian,81.73038679193463,12.097342706395528,6.172270501669837,65.0,106.46823474581419,False
2017-18,E09000030 Tower Hamlets,Relig7,Hindu,70.86564883361122,0.0,29.13435116638879,3.0,4.318155331430699,True
2017-18,E09000030 Tower Hamlets,Relig7,Muslim,49.45628146120128,28.420371162534558,22.123347376264167,38.0,114.45063753061719,False
2017-18,E09000030 Tower Hamlets,Relig7,No religion,86.10236884325543,8.690249964696463,5.207381192048097,69.0,108.5815361731574,False
2017-18,E09000030 Tower Hamlets,Relig7,nan,62.84282195783124,8.708833363235637,28.448344678933125,341.0,615.8501968684949,False
2017-18,E09000031 Waltham Forest,Relig7,Any other religion,100.0,0.0,0.0,3.0,3.228365005875106,True
2017-18,E09000031 Waltham Forest,Relig7,Buddhist,100.0,0.0,0.0,4.0,8.697274925992502,True
2017-18,E09000031 Waltham Forest,Relig7,Christian,67.19127070053622,12.787760324051355,20.02096897541242,61.0,92.08506519291355,False
2017-18,E09000031 Waltham Forest,Relig7,Hindu,19.42616661315467,7.801707125706367,72.77212626113896,6.0,15.149799192259477,True
2017-18,E09000031 Waltham Forest,Relig7,Jewish,100.0,0.0,0.0,2.0,6.501832585384074,True
2017-18,E09000031 Waltham Forest,Relig7,Muslim,49.66631306470297,24.65713599121207,25.676550944084948,17.0,63.05797983283772,True
2017-18,E09000031 Waltham Forest,Relig7,No religion,77.72193258620744,7.7688206543550296,14.509246759437522,74.0,113.60608688621487,False
2017-18,E09000031 Waltham Forest,Relig7,nan,57.61579484716359,10.46316311780981,31.921042035026602,318.0,552.0359156649786,False
2017-18,E09000032 Wandsworth,Relig7,Any other religion,76.74313047553409,0.0,23.256869524465916,2.0,3.0696991194858,True
2017-18,E09000032 Wandsworth,Relig7,Buddhist,28.28143305381611,0.0,71.7185669461839,3.0,11.317883572790949,True
2017-18,E09000032 Wandsworth,Relig7,Christian,68.21515270992101,15.515865571794555,16.268981718284426,81.0,152.3889329075072,False
2017-18,E09000032 Wandsworth,Relig7,Hindu,17.103833944929345,82.89616605507065,0.0,2.0,6.846761244264018,True
2017-18,E09000032 Wandsworth,Relig7,Jewish,20.145999985445204,0.0,79.8540000145548,3.0,5.075300756891794,True
2017-18,E09000032 Wandsworth,Relig7,Muslim,54.588775489797634,11.87674190097416,33.5344826092282,10.0,39.23006267389015,True
2017-18,E09000032 Wandsworth,Relig7,No religion,87.35955361804172,5.078824914908295,7.561621467049995,49.0,130.98751190219357,False
2017-18,E09000032 Wandsworth,Relig7,Sikh,0.0,0.0,100.0,1.0,2.8140835101518618,True
2017-18,E09000032 Wandsworth,Relig7,nan,75.58105799946257,8.935042364356605,15.483899636180814,363.0,688.2759830883175,False
2017-18,E09000033 Westminster,Relig7,Any other religion,100.0,0.0,0.0,3.0,9.244808846092438,True
2017-18,E09000033 Westminster,Relig7,Buddhist,49.57860635692645,0.0,50.42139364307355,6.0,10.975619098216434,True
2017-18,E09000033 Westminster,Relig7,Christian,78.1696215368634,8.383927718880026,13.446450744256566,66.0,85.57692182293866,False
2017-18,E09000033 Westminster,Relig7,Hindu,50.19590239844744,49.80409760155256,0.0,3.0,6.81928921563796,True
2017-18,E09000033 Westminster,Relig7,Jewish,90.83117839949986,0.0,9.16882160050014,5.0,3.931832684316501,True
2017-18,E09000033 Westminster,Relig7,Muslim,66.0176952935811,14.2017034117019,19.78060129471698,10.0,40.57888198927258,True
2017-18,E09000033 Westminster,Relig7,No religion,78.15374016898274,6.665848965681658,15.180410865335611,41.0,74.25046255174463,False
2017-18,E09000033 Westminster,Relig7,nan,66.76445825153012,10.837874307036882,22.397667441432983,375.0,590.778185376643,False
2017-18,E09000001 City of London,ChildAgeU13,No,74.24025111164713,10.026308957577495,15.733439930775376,211.0,24.147332097237566,False
2017-18,E09000001 City of London,ChildAgeU13,Yes,60.64720443664173,4.186264571974143,35.16653099138413,22.0,2.4931099821074634,True
2017-18,E09000002 Barking and Dagenham,ChildAgeU13,No,57.36069753961023,11.134423103758834,31.504879356630934,303.0,343.10512830282573,False
2017-18,E09000002 Barking and Dagenham,ChildAgeU13,Yes,49.05017398012074,8.953022374409935,41.996803645469306,169.0,278.5572479302102,False
2017-18,E09000003 Barnet,ChildAgeU13,No,67.627552530621,11.026985036087499,21.3454624332915,371.0,850.162141801362,False
2017-18,E09000003 Barnet,ChildAgeU13,Yes,57.0994578584113,16.10529153773231,26.795250603856363,123.0,360.8345753913579,False
2017-18,E09000004 Bexley,ChildAgeU13,No,68.75504691375097,10.62794406220707,20.61700902404196,368.0,586.2202959445182,False
2017-18,E09000004 Bexley,ChildAgeU13,Yes,69.40546783732688,6.064526867265948,24.530005295407165,121.0,203.66209740670627,False
2017-18,E09000005 Brent,ChildAgeU13,No,61.60446539486717,9.561114494090459,28.83442011104237,375.0,712.9823900893275,False
2017-18,E09000005 Brent,ChildAgeU13,Yes,55.27588080334495,12.767728096294675,31.956391100360378,131.0,319.86145347017305,False
2017-18,E09000006 Bromley,ChildAgeU13,No,66.63836872811092,10.95326815990611,22.408363111982972,362.0,753.8507383527209,False
2017-18,E09000006 Bromley,ChildAgeU13,Yes,56.681618382747345,17.442616801135365,25.875764816117293,122.0,304.1273590290172,False
2017-18,E09000007 Camden,ChildAgeU13,No,70.74953536005857,11.923711907071615,17.326752732869817,412.0,711.7709198220354,False
2017-18,E09000007 Camden,ChildAgeU13,Yes,70.1731895959514,15.318975289614736,14.507835114433867,101.0,137.39747596367488,False
2017-18,E09000008 Croydon,ChildAgeU13,No,60.61146217164397,12.35581714764617,27.032720680709847,361.0,810.0254729940353,False
2017-18,E09000008 Croydon,ChildAgeU13,Yes,67.77757667495983,10.553368352532795,21.669054972507368,137.0,397.6745104205788,False
2017-18,E09000009 Ealing,ChildAgeU13,No,62.94544745831465,11.13208391312296,25.922468628562417,357.0,718.6237200840023,False
2017-18,E09000009 Ealing,ChildAgeU13,Yes,68.89760268770009,10.534993981646242,20.567403330653676,138.0,340.98231688263513,False
2017-18,E09000010 Enfield,ChildAgeU13,No,59.53439629011951,10.79800832507289,29.667595384807605,381.0,772.7101198380421,False
2017-18,E09000010 Enfield,ChildAgeU13,Yes,60.18613948518961,13.420781997778777,26.39307851703161,118.0,257.4383530924291,False
2017-18,E09000011 Greenwich,ChildAgeU13,No,68.14399181556507,14.33169305342809,17.52431513100681,380.0,648.0123547629961,False
2017-18,E09000011 Greenwich,ChildAgeU13,Yes,54.62803946448158,11.372985159274762,33.99897537624366,108.0,220.10185336751402,False
2017-18,E09000012 Hackney,ChildAgeU13,No,71.20816577565456,10.698992715990496,18.092841508354933,426.0,648.9345107605366,False
2017-18,E09000012 Hackney,ChildAgeU13,Yes,63.294436915385155,13.415024237712753,23.2905388469021,112.0,237.68147841844245,False
2017-18,E09000013 Hammersmith and Fulham,ChildAgeU13,No,65.91817266205672,9.77302701749655,24.308800320446743,394.0,506.23749171897066,False
2017-18,E09000013 Hammersmith and Fulham,ChildAgeU13,Yes,69.89646386454366,10.946970888121681,19.156565247334655,95.0,105.95689383424705,False
2017-18,E09000014 Haringey,ChildAgeU13,No,66.55751182091305,10.597626729289132,22.844861449797815,388.0,633.5893573442627,False
2017-18,E09000014 Haringey,ChildAgeU13,Yes,61.030467481543496,17.987469026359435,20.982063492097055,114.0,200.61399680065293,False
2017-18,E09000015 Harrow,ChildAgeU13,No,59.46182179240094,12.041224068789598,28.49695413880947,384.0,596.0039485757363,False
2017-18,E09000015 Harrow,ChildAgeU13,Yes,50.67159842544642,12.14391980363125,37.184481770922304,126.0,210.33678155625256,False
2017-18,E09000016 Havering,ChildAgeU13,No,62.04339888260447,11.151744556824921,26.804856560570595,392.0,642.9795967847858,False
2017-18,E09000016 Havering,ChildAgeU13,Yes,57.145246133613504,21.87424643847478,20.98050742791171,117.0,182.30524665359476,False
2017-18,E09000017 Hillingdon,ChildAgeU13,No,56.42602430014595,11.710179100547812,31.863796599306248,365.0,695.5342688765695,False
2017-18,E09000017 Hillingdon,ChildAgeU13,Yes,53.913525438865406,17.44016227638065,28.64631228475394,135.0,242.72346848339427,False
2017-18,E09000018 Hounslow,ChildAgeU13,No,61.17296619148161,11.309435680125917,27.517598128392468,342.0,562.9419315758706,False
2017-18,E09000018 Hounslow,ChildAgeU13,Yes,57.687384776884386,12.227674414677288,30.084940808438333,147.0,292.44598990657107,False
2017-18,E09000019 Islington,ChildAgeU13,No,74.05268936620708,8.532015664523296,17.415294969269628,396.0,626.8708028029362,False
2017-18,E09000019 Islington,ChildAgeU13,Yes,80.04337918958184,7.784422327315507,12.172198483102637,88.0,145.50013721351525,False
2017-18,E09000020 Kensington and Chelsea,ChildAgeU13,No,69.50124437530948,6.294571728523021,24.204183896167503,415.0,414.6987788851024,False
2017-18,E09000020 Kensington and Chelsea,ChildAgeU13,Yes,81.23585002576787,11.903777569551103,6.860372404681043,104.0,110.36562390714997,False
2017-18,E09000021 Kingston upon Thames,ChildAgeU13,No,69.55684033761221,10.442908430342856,20.000251232044917,334.0,365.55601227793943,False
2017-18,E09000021 Kingston upon Thames,ChildAgeU13,Yes,63.95770795204649,15.457980370836976,20.584311677116546,146.0,188.19952135257563,False
2017-18,E09000022 Lambeth,ChildAgeU13,No,71.35651664585644,11.847964432372144,16.79551892177142,409.0,820.4864480306288,False
2017-18,E09000022 Lambeth,ChildAgeU13,Yes,68.89989160460634,9.577238735788713,21.522869659604932,95.0,217.77818028878653,False
2017-18,E09000023 Lewisham,ChildAgeU13,No,69.12306024373808,12.613999340157728,18.262940416104197,369.0,734.4357078410839,False
2017-18,E09000023 Lewisham,ChildAgeU13,Yes,66.00870716682809,15.730655367348522,18.260637465823393,111.0,215.4267988031505,False
2017-18,E09000024 Merton,ChildAgeU13,No,71.82362983987723,8.889058048265914,19.28731211185686,375.0,482.62340360563206,False
2017-18,E09000024 Merton,ChildAgeU13,Yes,59.67224911528991,16.38135071451711,23.946400170192977,120.0,174.3643835285435,False
2017-18,E09000025 Newham,ChildAgeU13,No,52.644782309906255,13.474097238411007,33.88112045168275,326.0,650.501187448562,False
2017-18,E09000025 Newham,ChildAgeU13,Yes,48.850082770119656,18.466699392859276,32.68321783702105,172.0,439.13677798317804,False
2017-18,E09000026 Redbridge,ChildAgeU13,No,55.62413280797386,13.007084840133555,31.368782351892605,314.0,625.4372559441249,False
2017-18,E09000026 Redbridge,ChildAgeU13,Yes,61.315104525088806,12.437052304119149,26.247843170792034,169.0,319.9430685959147,False
2017-18,E09000027 Richmond upon Thames,ChildAgeU13,No,69.4703353657753,12.527972484894878,18.001692149329802,360.0,455.3252189162274,False
2017-18,E09000027 Richmond upon Thames,ChildAgeU13,Yes,82.55758275264647,8.33575649221562,9.106660755137911,139.0,172.93388157401395,False
2017-18,E09000028 Southwark,ChildAgeU13,No,72.42483689687134,9.958013082317681,17.61715002081098,403.0,783.7366756609606,False
2017-18,E09000028 Southwark,ChildAgeU13,Yes,71.978665592981,15.048529304771963,12.972805102247047,117.0,238.71188599291938,False
2017-18,E09000029 Sutton,ChildAgeU13,No,54.72001513282723,15.830306870488918,29.44967799668385,361.0,453.3512011808398,False
2017-18,E09000029 Sutton,ChildAgeU13,Yes,52.95298058931207,17.79672483559204,29.250294575095896,139.0,193.36401359720537,False
2017-18,E09000030 Tower Hamlets,ChildAgeU13,No,72.79493308625727,9.606277474443264,17.598789439299473,398.0,673.8949234164419,False
2017-18,E09000030 Tower Hamlets,ChildAgeU13,Yes,51.51967087532977,15.160718563029295,33.31961056164094,124.0,288.5106080210729,False
2017-18,E09000031 Waltham Forest,ChildAgeU13,No,59.530758194501,11.37424963814984,29.094992167349154,332.0,611.4278168863166,False
2017-18,E09000031 Waltham Forest,ChildAgeU13,Yes,64.59819705116385,10.515919805679818,24.88588314315633,153.0,242.93450240013934,False
2017-18,E09000032 Wandsworth,ChildAgeU13,No,78.23727179603229,9.681915399913613,12.080812804054087,396.0,790.4471594341261,False
2017-18,E09000032 Wandsworth,ChildAgeU13,Yes,59.83746264083776,10.257840252603124,29.904697106559126,118.0,249.55905934136675,False
2017-18,E09000033 Westminster,ChildAgeU13,No,69.28704299401198,10.582359148732047,20.130597857255967,443.0,704.0901004571781,False
2017-18,E09000033 Westminster,ChildAgeU13,Yes,67.74289380555562,9.14892681509439,23.108179379349984,66.0,118.065901127684,False
2017-18,E09000001 City of London,Maternity_pop,No,73.03905494317002,9.530525311638662,17.430419745191326,231.0,26.49858447905857,False
2017-18,E09000001 City of London,Maternity_pop,Yes,59.72596211875207,0.0,40.27403788124792,2.0,0.14185760028645805,True
2017-18,E09000002 Barking and Dagenham,Maternity_pop,No,53.78463311524838,9.828904546292726,36.386462338458884,455.0,599.8781983203924,False
2017-18,E09000002 Barking and Dagenham,Maternity_pop,Yes,49.568184629210116,19.191056547996197,31.240758822793698,17.0,21.78417791264364,True
2017-18,E09000003 Barnet,Maternity_pop,No,64.84818073994033,12.196365921361453,22.955453338698202,483.0,1171.1413226356558,False
2017-18,E09000003 Barnet,Maternity_pop,Yes,53.981635290631694,22.641931989398476,23.376432719969806,11.0,39.855394557064265,True
2017-18,E09000004 Bexley,Maternity_pop,No,68.88876222862841,9.459814369219595,21.65142340215199,479.0,780.2632767523463,False
2017-18,E09000004 Bexley,Maternity_pop,Yes,71.67973749892506,8.762240995096954,19.558021505977973,10.0,9.619116598878144,True
2017-18,E09000005 Brent,Maternity_pop,No,59.789596196269926,9.667326121669104,30.543077682060964,491.0,997.4401866868059,False
2017-18,E09000005 Brent,Maternity_pop,Yes,55.5585703518228,35.53957048198758,8.901859166189599,15.0,35.40365687269477,True
2017-18,E09000006 Bromley,Maternity_pop,No,65.06607223037368,12.622194524884502,22.311733244741813,470.0,1020.542469870375,False
2017-18,E09000006 Bromley,Maternity_pop,Yes,28.612431125080594,18.175752394922355,53.211816479997054,14.0,37.435627511363116,True
2017-18,E09000007 Camden,Maternity_pop,No,70.89353499632261,12.332429906043853,16.77403509763353,501.0,838.6072411069985,False
2017-18,E09000007 Camden,Maternity_pop,Yes,51.817174549027676,23.640872506363625,24.54195294460871,12.0,10.56115467871186,True
2017-18,E09000008 Croydon,Maternity_pop,No,63.14362066810612,11.76206711870589,25.094312213187997,492.0,1200.2132289920892,False
2017-18,E09000008 Croydon,Maternity_pop,Yes,35.320256136496354,11.799995162382086,52.879748701121564,6.0,7.486754422524898,True
2017-18,E09000009 Ealing,Maternity_pop,No,64.9605556273971,10.769775160411674,24.26966921219121,479.0,1039.7471599967498,False
2017-18,E09000009 Ealing,Maternity_pop,Yes,59.64096476131624,19.849212717223445,20.50982252146031,16.0,19.858876969887913,True
2017-18,E09000010 Enfield,Maternity_pop,No,59.827626638621275,10.748912199352931,29.4234611620258,490.0,1003.6774093068461,False
2017-18,E09000010 Enfield,Maternity_pop,Yes,54.75464948676735,38.166731297678034,7.078619215554611,9.0,26.471063623625106,True
2017-18,E09000011 Greenwich,Maternity_pop,No,64.40770810370567,13.81040637276039,21.78188552353394,478.0,848.6299172442873,False
2017-18,E09000011 Greenwich,Maternity_pop,Yes,78.19495932777892,3.613437017313935,18.19160365490715,10.0,19.484290886222713,True
2017-18,E09000012 Hackney,Maternity_pop,No,68.62049373070114,11.526831475671715,19.852674793627134,519.0,857.0629410913962,False
2017-18,E09000012 Hackney,Maternity_pop,Yes,82.60634836304615,8.53476470071939,8.858886936234473,19.0,29.55304808758288,True
2017-18,E09000013 Hammersmith and Fulham,Maternity_pop,No,66.30217316105973,9.75224719228408,23.945579646656178,468.0,585.3891611285251,False
2017-18,E09000013 Hammersmith and Fulham,Maternity_pop,Yes,73.25769892314177,14.867247769139508,11.875053307718728,21.0,26.805224424692717,True
2017-18,E09000014 Haringey,Maternity_pop,No,64.76591578261271,12.481541225545314,22.752542991841946,491.0,821.1634501501601,False
2017-18,E09000014 Haringey,Maternity_pop,Yes,94.34841647914077,5.6515835208592335,0.0,11.0,13.039903994755573,True
2017-18,E09000015 Harrow,Maternity_pop,No,56.84554678583379,12.336579715962003,30.81787349820421,493.0,779.0240953693802,False
2017-18,E09000015 Harrow,Maternity_pop,Yes,66.38924823812621,4.408934172306601,29.201817589567185,17.0,27.316634762608725,True
2017-18,E09000016 Havering,Maternity_pop,No,60.77357644067788,13.294777811140673,25.93164574818146,496.0,803.7045425035494,False
2017-18,E09000016 Havering,Maternity_pop,Yes,67.95634328884435,21.920954390825738,10.12270232032991,13.0,21.58030093483104,True
2017-18,E09000017 Hillingdon,Maternity_pop,No,55.553735313519795,12.898336738535528,31.54792794794467,488.0,918.437181358986,False
2017-18,E09000017 Hillingdon,Maternity_pop,Yes,66.07763044214195,26.823440238695156,7.098929319162885,12.0,19.820556000977845,True
2017-18,E09000018 Hounslow,Maternity_pop,No,60.828690874324224,10.396612875265442,28.77469625041033,464.0,797.0828371246331,False
2017-18,E09000018 Hounslow,Maternity_pop,Yes,48.39657852572435,28.394234334624013,23.209187139651625,25.0,58.30508435780862,True
2017-18,E09000019 Islington,Maternity_pop,No,75.18722113799092,8.271769830178131,16.541009031830956,471.0,753.4542163829498,False
2017-18,E09000019 Islington,Maternity_pop,Yes,74.9422960739927,13.147423159571533,11.910280766435775,13.0,18.9167236335017,True
2017-18,E09000020 Kensington and Chelsea,Maternity_pop,No,71.4762022362534,7.560167760411407,20.963630003335183,503.0,511.4727337124016,False
2017-18,E09000020 Kensington and Chelsea,Maternity_pop,Yes,90.46702688070157,4.215771857011103,5.317201262287331,16.0,13.591669079850838,True
2017-18,E09000021 Kingston upon Thames,Maternity_pop,No,67.54679516668874,11.929523877597989,20.52368095571328,460.0,536.8849510778565,False
2017-18,E09000021 Kingston upon Thames,Maternity_pop,Yes,71.0629512394175,19.07880921348503,9.858239547097476,20.0,16.870582552658544,True
2017-18,E09000022 Lambeth,Maternity_pop,No,71.42397797052928,11.465412021071907,17.11061000839881,486.0,1015.0598778346977,False
2017-18,E09000022 Lambeth,Maternity_pop,Yes,45.34991875057926,7.271276295730394,47.378804953690334,18.0,23.204750484717714,True
2017-18,E09000023 Lewisham,Maternity_pop,No,69.01947792043237,13.202881112899101,17.77764096666854,461.0,919.1857700021382,False
2017-18,E09000023 Lewisham,Maternity_pop,Yes,50.356275405709326,16.855633211089046,32.78809138320161,19.0,30.676736642096156,True
2017-18,E09000024 Merton,Maternity_pop,No,68.49202934331709,10.922195916417463,20.585774740265443,476.0,641.4559289079865,False
2017-18,E09000024 Merton,Maternity_pop,Yes,73.00229641932913,9.032032064692249,17.965671515978617,19.0,15.531858226189106,True
2017-18,E09000025 Newham,Maternity_pop,No,51.06120887196725,16.24402330535952,32.69476782267323,481.0,1038.8019524190415,False
2017-18,E09000025 Newham,Maternity_pop,Yes,52.224352993767,0.0,47.775647006232994,17.0,50.8360130126984,True
2017-18,E09000026 Redbridge,Maternity_pop,No,57.31809641278275,12.516102600448608,30.165800986768648,458.0,901.5779556666402,False
2017-18,E09000026 Redbridge,Maternity_pop,Yes,62.325750054233986,18.949247600876088,18.725002344889923,25.0,43.8023688733995,True
2017-18,E09000027 Richmond upon Thames,Maternity_pop,No,72.61864477783583,11.52268186746095,15.858673354703217,479.0,597.696562988196,False
2017-18,E09000027 Richmond upon Thames,Maternity_pop,Yes,81.95276667219123,8.466875229543138,9.580358098265634,20.0,30.562537502045398,True
2017-18,E09000028 Southwark,Maternity_pop,No,72.46955224818858,11.203729316708259,16.326718435103167,502.0,990.1938048159636,False
2017-18,E09000028 Southwark,Maternity_pop,Yes,67.75007658043857,9.389607938086161,22.86031548147528,18.0,32.254756837916354,True
2017-18,E09000029 Sutton,Maternity_pop,No,54.36143371411282,16.406633458634975,29.231932827252216,481.0,618.7250664476421,False
2017-18,E09000029 Sutton,Maternity_pop,Yes,50.43930972306397,16.675131389339114,32.88555888759692,19.0,27.990148330402977,True
2017-18,E09000030 Tower Hamlets,Maternity_pop,No,66.85587495533443,10.302271024676383,22.841854019989185,507.0,931.9406865224591,False
2017-18,E09000030 Tower Hamlets,Maternity_pop,Yes,52.99214314475039,40.91746488817993,6.0903919670696816,15.0,30.46484491505562,True
2017-18,E09000031 Waltham Forest,Maternity_pop,No,61.78492873670779,11.340164875627066,26.87490638766516,461.0,821.9707785265157,False
2017-18,E09000031 Waltham Forest,Maternity_pop,Yes,40.3341851438071,5.801768437045794,53.8640464191471,24.0,32.391540759940156,True
2017-18,E09000032 Wandsworth,Maternity_pop,No,74.06477306936645,9.703110072571887,16.232116858061662,502.0,1026.4872656175219,False
2017-18,E09000032 Wandsworth,Maternity_pop,Yes,55.393620183768675,18.70415266049204,25.902227155739293,12.0,13.518953157970989,True
2017-18,E09000033 Westminster,Maternity_pop,No,69.02335930106102,10.213142027914541,20.763498671024454,501.0,810.0995981181051,False
2017-18,E09000033 Westminster,Maternity_pop,Yes,71.88306496403844,21.35366100290166,6.763274033059894,8.0,12.056403466756962,True
